date,AEP,XLU
2010-01-04,34.94,31.08
2010-01-05,34.54,30.71
2010-01-06,34.89,30.89
2010-01-07,35.19,30.75
2010-01-08,35.61,30.72
2010-01-11,35.98,31.04
2010-01-12,35.62,30.91
2010-01-13,36.06,31.25
2010-01-14,36.2,31.11
2010-01-15,36.01,30.91
2010-01-19,36.44,31.27
2010-01-20,36.52,30.94
2010-01-21,36.11,30.49
2010-01-22,35.42,29.82
2010-01-25,35.62,30.02
2010-01-26,35.61,30.14
2010-01-27,35.53,29.94
2010-01-28,35.06,29.71
2010-01-29,34.65,29.53
2010-02-01,34.6,29.72
2010-02-02,35.06,29.96
2010-02-03,34.7,29.75
2010-02-04,33.75,28.97
2010-02-05,33.64,28.92
2010-02-08,32.82,28.59
2010-02-09,33.2,28.88
2010-02-10,33.02,28.75
2010-02-11,33.08,28.92
2010-02-12,32.95,28.81
2010-02-16,33.7,29.31
2010-02-17,33.55,29.19
2010-02-18,33.52,29.35
2010-02-19,33.97,29.76
2010-02-22,33.65,29.6
2010-02-23,33.72,29.4
2010-02-24,33.91,29.43
2010-02-25,33.68,29.37
2010-02-26,33.62,29.14
2010-03-01,33.94,29.56
2010-03-02,34.12,29.65
2010-03-03,33.97,29.6
2010-03-04,33.91,29.66
2010-03-05,34.25,29.96
2010-03-08,34.18,29.96
2010-03-09,34.12,29.92
2010-03-10,34.15,29.93
2010-03-11,34.22,30.03
2010-03-12,34.1,29.84
2010-03-15,34.39,29.95
2010-03-16,34.77,30.3
2010-03-17,34.82,30.4
2010-03-18,34.76,30.26
2010-03-19,34.52,29.96
2010-03-22,34.08,29.76
2010-03-23,34.3,29.88
2010-03-24,33.99,29.57
2010-03-25,33.9,29.38
2010-03-26,34.09,29.45
2010-03-29,34.37,29.81
2010-03-30,34.42,29.73
2010-03-31,34.18,29.66
2010-04-01,34.49,30.07
2010-04-05,34.31,30.25
2010-04-06,34.3,30.5
2010-04-07,34.08,30.2
2010-04-08,33.96,30.02
2010-04-09,34.27,30.24
2010-04-12,34.08,30.32
2010-04-13,34.07,30.16
2010-04-14,33.9,30.19
2010-04-15,33.77,30.18
2010-04-16,33.73,29.83
2010-04-19,33.8,29.86
2010-04-20,33.95,30.24
2010-04-21,33.95,30.27
2010-04-22,33.98,30.37
2010-04-23,34.02,30.61
2010-04-26,33.76,30.5
2010-04-27,33.34,29.98
2010-04-28,33.52,30.29
2010-04-29,33.84,30.32
2010-04-30,34.3,30.44
2010-05-03,34.56,30.83
2010-05-04,33.61,30.3
2010-05-05,33.37,30.09
2010-05-06,32.18,29.26
2010-05-07,31.92,29.1
2010-05-10,33.14,30.0
2010-05-11,33.15,30.06
2010-05-12,33.58,30.31
2010-05-13,33.3,30.18
2010-05-14,33.0,29.93
2010-05-17,32.99,29.96
2010-05-18,32.6,29.67
2010-05-19,32.31,29.37
2010-05-20,31.34,28.49
2010-05-21,31.46,28.62
2010-05-24,31.19,28.35
2010-05-25,30.97,28.2
2010-05-26,31.02,28.19
2010-05-27,31.99,28.73
2010-05-28,31.96,28.76
2010-06-01,31.2,28.09
2010-06-02,31.85,28.68
2010-06-03,32.16,28.98
2010-06-04,31.12,28.1175
2010-06-07,31.43,28.29
2010-06-08,31.72,28.66
2010-06-09,31.74,28.5
2010-06-10,32.68,29.2
2010-06-11,32.45,29.22
2010-06-14,32.41,29.39
2010-06-15,33.41,29.96
2010-06-16,33.68,30.15
2010-06-17,34.0,30.37
2010-06-18,34.06,30.08
2010-06-21,33.87,29.87
2010-06-22,33.3,29.13
2010-06-23,32.72,28.87
2010-06-24,32.72,28.71
2010-06-25,32.99,28.84
2010-06-28,33.31,29.03
2010-06-29,32.69,28.44
2010-06-30,32.3,28.26
2010-07-01,32.22,28.13
2010-07-02,32.39,28.16
2010-07-06,33.26,28.49
2010-07-07,34.37,29.37
2010-07-08,34.77,29.6
2010-07-09,34.84,29.8
2010-07-12,34.87,29.9
2010-07-13,34.77,30.0
2010-07-14,34.86,30.01
2010-07-15,35.28,30.21
2010-07-16,34.76,29.69
2010-07-19,35.38,30.15
2010-07-20,35.92,30.42
2010-07-21,35.26,29.95
2010-07-22,35.79,30.43
2010-07-23,35.8,30.48
2010-07-26,36.17,30.7
2010-07-27,36.63,31.15
2010-07-28,36.61,31.0
2010-07-29,36.1,30.52
2010-07-30,35.98,30.37
2010-08-02,36.27,31.0
2010-08-03,36.25,30.85
2010-08-04,35.99,30.98
2010-08-05,36.41,30.93
2010-08-06,35.98,30.99
2010-08-09,35.85,31.1
2010-08-10,36.27,31.28
2010-08-11,35.5,30.65
2010-08-12,35.35,30.59
2010-08-13,35.52,30.7
2010-08-16,35.73,30.7
2010-08-17,35.76,31.0
2010-08-18,35.22,30.83
2010-08-19,34.84,30.39
2010-08-20,34.82,30.47
2010-08-23,35.11,30.67
2010-08-24,35.41,30.7225
2010-08-25,35.33,30.7
2010-08-26,35.2,30.56
2010-08-27,35.71,31.14
2010-08-30,35.17,30.67
2010-08-31,35.41,30.81
2010-09-01,36.11,31.48
2010-09-02,35.86,31.48
2010-09-03,36.12,31.62
2010-09-07,36.17,31.46
2010-09-08,36.08,31.31
2010-09-09,36.35,31.62
2010-09-10,36.63,31.44
2010-09-13,36.7,31.55
2010-09-14,36.42,31.51
2010-09-15,36.18,31.33
2010-09-16,36.0,31.22
2010-09-17,35.88,30.85
2010-09-20,36.34,31.26
2010-09-21,36.01,31.1
2010-09-22,36.43,31.32
2010-09-23,36.1,30.96
2010-09-24,36.5,31.46
2010-09-27,36.54,31.52
2010-09-28,36.72,31.54
2010-09-29,36.46,31.48
2010-09-30,36.23,31.38
2010-10-01,36.22,31.55
2010-10-04,36.2,31.49
2010-10-05,36.34,31.84
2010-10-06,36.26,31.69
2010-10-07,36.05,31.75
2010-10-08,36.19,31.85
2010-10-11,36.29,31.86
2010-10-12,35.86,31.73
2010-10-13,35.83,31.85
2010-10-14,35.79,31.8
2010-10-15,35.94,31.895
2010-10-18,36.33,31.9
2010-10-19,36.52,31.96
2010-10-20,36.82,32.22
2010-10-21,36.9,32.08
2010-10-22,36.7,31.87
2010-10-25,36.46,31.8
2010-10-26,36.66,31.72
2010-10-27,36.85,31.59
2010-10-28,37.21,31.67
2010-10-29,37.44,31.72
2010-11-01,37.28,31.41
2010-11-02,37.63,31.78
2010-11-03,37.55,31.72
2010-11-04,37.59,32.06
2010-11-05,37.7,32.05
2010-11-08,36.93,31.87
2010-11-09,36.9,31.76
2010-11-10,36.6,31.62
2010-11-11,36.54,31.6
2010-11-12,36.52,31.34
2010-11-15,36.43,31.445
2010-11-16,35.94,31.08
2010-11-17,35.72,31.065
2010-11-18,36.06,31.25
2010-11-19,35.75,31.13
2010-11-22,35.99,31.22
2010-11-23,35.68,30.88
2010-11-24,36.02,31.065
2010-11-26,35.85,30.86
2010-11-29,35.68,30.8
2010-11-30,35.6,30.76
2010-12-01,36.4,31.12
2010-12-02,36.08,31.21
2010-12-03,35.99,31.275
2010-12-06,35.8,31.19
2010-12-07,35.42,30.98
2010-12-08,35.08,30.87
2010-12-09,35.37,31.0
2010-12-10,35.64,31.12
2010-12-13,35.87,31.265
2010-12-14,36.08,31.35
2010-12-15,35.72,31.08
2010-12-16,36.05,31.3575
2010-12-17,35.99,31.15
2010-12-20,35.96,31.19
2010-12-21,35.8,31.2
2010-12-22,35.96,31.34
2010-12-23,35.92,31.36
2010-12-27,35.88,31.38
2010-12-28,36.05,31.49
2010-12-29,36.12,31.38
2010-12-30,36.05,31.33
2010-12-31,35.98,31.34
2011-01-03,36.25,31.4925
2011-01-04,36.51,31.635
2011-01-05,35.96,31.44
2011-01-06,36.14,31.47
2011-01-07,36.0,31.5825
2011-01-10,35.76,31.41
2011-01-11,35.92,31.455
2011-01-12,35.95,31.62
2011-01-13,35.67,31.5925
2011-01-14,35.45,31.74
2011-01-18,36.21,31.815
2011-01-19,35.95,31.74
2011-01-20,36.47,31.98
2011-01-21,36.44,31.95
2011-01-24,36.75,32.13
2011-01-25,36.66,32.0825
2011-01-26,36.41,31.96
2011-01-27,36.69,32.08
2011-01-28,35.86,31.65
2011-01-31,35.68,31.72
2011-02-01,35.95,32.04
2011-02-02,35.69,31.865
2011-02-03,35.82,31.995
2011-02-04,35.62,31.8
2011-02-07,36.04,32.005
2011-02-08,35.83,32.0025
2011-02-09,35.74,32.0
2011-02-10,35.61,32.06
2011-02-11,35.86,32.0
2011-02-14,35.52,31.77
2011-02-15,35.83,31.87
2011-02-16,35.77,31.8
2011-02-17,35.85,31.86
2011-02-18,35.76,31.91
2011-02-22,35.61,31.77
2011-02-23,35.38,31.7
2011-02-24,35.11,31.5775
2011-02-25,35.28,31.755
2011-02-28,35.78,32.11
2011-03-01,35.3,31.785
2011-03-02,35.59,31.84
2011-03-03,35.96,32.2
2011-03-04,35.33,32.005
2011-03-07,35.61,32.13
2011-03-08,35.98,32.49
2011-03-09,36.3,32.82
2011-03-10,35.75,32.4475
2011-03-11,35.81,32.52
2011-03-14,35.34,32.09
2011-03-15,34.92,31.48
2011-03-16,34.26,30.985
2011-03-17,33.6,31.03
2011-03-18,33.81,30.88
2011-03-21,34.06,31.24
2011-03-22,34.16,31.285
2011-03-23,34.5,31.27
2011-03-24,34.81,31.4
2011-03-25,34.71,31.39
2011-03-28,34.69,31.28
2011-03-29,35.1,31.585
2011-03-30,35.5,31.95
2011-03-31,35.14,31.87
2011-04-01,35.52,32.12
2011-04-04,35.45,32.1
2011-04-05,35.3,31.97
2011-04-06,35.57,32.2
2011-04-07,35.47,32.07
2011-04-08,35.31,31.98
2011-04-11,34.78,31.56
2011-04-12,34.59,31.48
2011-04-13,34.92,31.56
2011-04-14,35.17,31.75
2011-04-15,35.46,32.1
2011-04-18,35.31,31.82
2011-04-19,35.13,31.83
2011-04-20,35.53,32.24
2011-04-21,35.49,32.24
2011-04-25,35.59,32.28
2011-04-26,35.88,32.54
2011-04-27,36.23,32.8
2011-04-28,36.38,33.09
2011-04-29,36.48,33.16
2011-05-02,36.54,33.17
2011-05-03,36.95,33.38
2011-05-04,36.64,33.34
2011-05-05,36.66,33.1
2011-05-06,36.33,33.29
2011-05-09,36.48,33.36
2011-05-10,36.85,33.84
2011-05-11,36.86,33.73
2011-05-12,37.63,34.07
2011-05-13,37.58,33.91
2011-05-16,37.72,33.95
2011-05-17,38.85,34.2
2011-05-18,38.74,34.09
2011-05-19,38.48,34.17
2011-05-20,38.55,34.13
2011-05-23,38.39,33.73
2011-05-24,38.85,33.7
2011-05-25,38.53,33.63
2011-05-26,38.37,33.62
2011-05-27,38.32,33.62
2011-05-31,38.2,33.87
2011-06-01,38.02,33.52
2011-06-02,37.97,33.42
2011-06-03,37.51,33.19
2011-06-06,37.58,33.039
2011-06-07,37.57,33.08
2011-06-08,37.66,33.16
2011-06-09,37.46,33.19
2011-06-10,37.12,32.97
2011-06-13,37.13,33.12
2011-06-14,37.32,33.25
2011-06-15,36.93,32.84
2011-06-16,37.35,33.1
2011-06-17,37.64,32.99
2011-06-20,37.91,33.18
2011-06-21,37.88,33.2
2011-06-22,37.58,32.98
2011-06-23,37.3,32.7
2011-06-24,37.1,32.8
2011-06-27,37.3,33.04
2011-06-28,37.43,33.19
2011-06-29,37.57,33.41
2011-06-30,37.68,33.48
2011-07-01,38.18,33.88
2011-07-05,38.51,33.68
2011-07-06,38.5,33.75
2011-07-07,38.52,33.89
2011-07-08,38.35,33.76
2011-07-11,37.92,33.4
2011-07-12,38.16,33.55
2011-07-13,37.97,33.46
2011-07-14,37.57,33.31
2011-07-15,37.48,33.36
2011-07-18,37.11,33.04
2011-07-19,37.39,33.33
2011-07-20,37.6,33.53
2011-07-21,38.02,34.03
2011-07-22,37.71,33.82
2011-07-25,37.74,33.94
2011-07-26,37.7,33.82
2011-07-27,37.69,33.72
2011-07-28,37.16,33.51
2011-07-29,36.86,33.17
2011-08-01,37.85,33.27
2011-08-02,37.12,32.7
2011-08-03,37.12,32.7
2011-08-04,36.03,31.63
2011-08-05,36.24,31.89
2011-08-08,33.91,30.2
2011-08-09,35.06,31.19
2011-08-10,34.27,30.6
2011-08-11,35.77,31.89
2011-08-12,35.76,31.7
2011-08-15,37.49,32.78
2011-08-16,37.19,32.74
2011-08-17,37.83,32.98
2011-08-18,37.26,32.59
2011-08-19,37.06,32.39
2011-08-22,37.04,32.31
2011-08-23,37.54,32.89
2011-08-24,38.21,33.6
2011-08-25,37.59,33.05
2011-08-26,37.56,33.0
2011-08-29,38.25,33.655
2011-08-30,38.45,33.67
2011-08-31,38.63,33.89
2011-09-01,38.37,33.67
2011-09-02,37.98,33.29
2011-09-06,38.13,33.13
2011-09-07,38.24,33.5
2011-09-08,37.69,33.48
2011-09-09,36.8,32.8
2011-09-12,37.12,33.07
2011-09-13,37.13,33.29
2011-09-14,37.46,33.52
2011-09-15,37.64,33.94
2011-09-16,37.52,33.98
2011-09-19,37.53,33.79
2011-09-20,38.31,34.28
2011-09-21,37.45,33.65
2011-09-22,37.08,33.08
2011-09-23,37.45,33.41
2011-09-26,37.77,33.68
2011-09-27,37.9,33.8
2011-09-28,37.7,33.46
2011-09-29,38.47,34.0
2011-09-30,38.02,33.62
2011-10-03,37.15,32.82
2011-10-04,36.66,32.66
2011-10-05,37.04,32.68
2011-10-06,37.62,33.26
2011-10-07,37.74,33.4
2011-10-10,38.58,34.05
2011-10-11,38.3,33.74
2011-10-12,38.21,33.66
2011-10-13,38.31,33.66
2011-10-14,38.66,33.98
2011-10-17,38.31,33.84
2011-10-18,38.56,34.08
2011-10-19,38.47,34.11
2011-10-20,38.96,34.3
2011-10-21,39.13,34.88
2011-10-24,39.05,34.73
2011-10-25,38.65,34.34
2011-10-26,38.8,34.48
2011-10-27,39.72,35.3
2011-10-28,39.42,35.01
2011-10-31,39.28,34.85
2011-11-01,38.71,34.12
2011-11-02,39.35,34.72
2011-11-03,39.87,35.14
2011-11-04,39.7,34.98
2011-11-07,39.76,35.17
2011-11-08,39.2,35.4
2011-11-09,38.43,34.63
2011-11-10,38.84,34.86
2011-11-11,39.52,35.36
2011-11-14,39.07,34.94
2011-11-15,39.22,35.0
2011-11-16,38.63,34.58
2011-11-17,38.33,34.4
2011-11-18,38.56,34.64
2011-11-21,38.05,34.21
2011-11-22,37.55,33.79
2011-11-23,37.1,33.26
2011-11-25,37.2,33.43
2011-11-28,37.79,33.85
2011-11-29,38.26,34.22
2011-11-30,39.68,35.21
2011-12-01,39.62,35.11
2011-12-02,39.25,34.75
2011-12-05,39.47,35.02
2011-12-06,39.74,35.12
2011-12-07,39.74,35.07
2011-12-08,39.29,34.56
2011-12-09,39.73,35.0
2011-12-12,39.32,34.7
2011-12-13,39.46,34.83
2011-12-14,38.72,34.61
2011-12-15,39.74,35.03
2011-12-16,39.66,34.54
2011-12-19,39.29,34.28
2011-12-20,39.94,35.01
2011-12-21,40.85,35.53
2011-12-22,41.37,35.57
2011-12-23,41.57,35.8
2011-12-27,41.65,36.09
2011-12-28,41.28,35.96
2011-12-29,41.54,36.24
2011-12-30,41.31,35.98
2012-01-03,40.77,35.34
2012-01-04,40.9,35.14
2012-01-05,40.95,35.21
2012-01-06,40.79,35.02
2012-01-09,40.98,35.07
2012-01-10,41.26,35.12
2012-01-11,41.23,34.96
2012-01-12,41.35,34.91
2012-01-13,41.37,34.89
2012-01-17,41.43,34.86
2012-01-18,41.54,34.85
2012-01-19,41.1,34.56
2012-01-20,41.01,34.61
2012-01-23,40.8,34.75
2012-01-24,40.67,34.47
2012-01-25,41.38,35.04
2012-01-26,41.28,35.16
2012-01-27,39.95,34.73
2012-01-30,39.46,34.51
2012-01-31,39.56,34.68
2012-02-01,39.4,34.8
2012-02-02,39.57,34.74
2012-02-03,39.58,34.83
2012-02-06,39.61,34.68
2012-02-07,39.88,34.93
2012-02-08,39.31,34.97
2012-02-09,39.37,34.87
2012-02-10,39.3,34.8
2012-02-13,39.71,34.76
2012-02-14,39.84,34.77
2012-02-15,39.6,34.7
2012-02-16,39.91,35.07
2012-02-17,39.73,35.05
2012-02-21,39.87,34.92
2012-02-22,39.84,34.96
2012-02-23,37.91,34.93
2012-02-24,37.73,35.08
2012-02-27,38.23,35.07
2012-02-28,37.96,34.9
2012-02-29,37.61,34.89
2012-03-01,37.73,34.98
2012-03-02,37.96,34.96
2012-03-05,38.26,35.04
2012-03-06,38.19,34.9
2012-03-07,38.23,34.92
2012-03-08,38.19,35.03
2012-03-09,38.21,35.17
2012-03-12,38.68,35.57
2012-03-13,39.05,35.69
2012-03-14,38.3,35.16
2012-03-15,38.41,35.13
2012-03-16,38.73,34.78
2012-03-19,38.41,34.54
2012-03-20,38.44,34.58
2012-03-21,38.23,34.51
2012-03-22,38.3,34.59
2012-03-23,38.48,34.6
2012-03-26,38.49,34.84
2012-03-27,38.65,35.005
2012-03-28,38.17,34.72
2012-03-29,38.28,34.855
2012-03-30,38.58,35.045
2012-04-02,38.88,35.22
2012-04-03,38.78,35.2
2012-04-04,38.58,35.15
2012-04-05,37.99,34.89
2012-04-09,37.81,34.7129
2012-04-10,37.22,34.26
2012-04-11,37.27,34.34
2012-04-12,37.37,34.445
2012-04-13,37.31,34.33
2012-04-16,37.76,34.655
2012-04-17,37.99,34.83
2012-04-18,38.0,34.78
2012-04-19,37.89,34.68
2012-04-20,38.33,35.02
2012-04-23,38.05,34.87
2012-04-24,38.27,35.11
2012-04-25,38.49,35.29
2012-04-26,38.61,35.49
2012-04-27,38.7,35.61
2012-04-30,38.84,35.66
2012-05-01,38.88,35.84
2012-05-02,38.8,35.63
2012-05-03,38.55,35.52
2012-05-04,38.58,35.57
2012-05-07,38.52,35.5
2012-05-08,38.12,35.56
2012-05-09,38.22,35.58
2012-05-10,38.36,35.91
2012-05-11,38.45,35.93
2012-05-14,38.26,35.89
2012-05-15,37.62,35.64
2012-05-16,37.6,35.69
2012-05-17,37.43,35.49
2012-05-18,37.75,35.42
2012-05-21,37.83,35.46
2012-05-22,38.06,35.71
2012-05-23,37.79,35.52
2012-05-24,37.98,35.66
2012-05-25,38.23,35.78
2012-05-29,38.47,35.89
2012-05-30,38.2,35.67
2012-05-31,38.51,35.86
2012-06-01,38.39,35.71
2012-06-04,38.42,35.83
2012-06-05,38.92,35.96
2012-06-06,39.48,36.46
2012-06-07,39.48,36.74
2012-06-08,39.72,36.82
2012-06-11,39.57,36.79
2012-06-12,39.73,36.8301
2012-06-13,39.71,36.84
2012-06-14,39.84,37.09
2012-06-15,39.94,36.93
2012-06-18,40.07,37.07
2012-06-19,40.02,36.99
2012-06-20,39.64,36.63
2012-06-21,39.1,36.25
2012-06-22,39.25,36.26
2012-06-25,39.17,36.19
2012-06-26,39.39,36.24
2012-06-27,39.73,36.65
2012-06-28,39.93,36.78
2012-06-29,39.9,36.99
2012-07-02,40.42,37.22
2012-07-03,41.01,37.13
2012-07-05,41.04,36.91
2012-07-06,40.96,36.83
2012-07-09,40.88,36.71
2012-07-10,41.03,36.77
2012-07-11,41.11,36.96
2012-07-12,41.34,37.01
2012-07-13,41.69,37.34
2012-07-16,41.86,37.32
2012-07-17,41.91,37.4
2012-07-18,41.91,37.52
2012-07-19,42.0,37.59
2012-07-20,41.93,37.67
2012-07-23,41.69,37.42
2012-07-24,41.44,37.09
2012-07-25,41.22,37.07
2012-07-26,41.95,37.65
2012-07-27,42.42,38.09
2012-07-30,42.57,38.23
2012-07-31,42.24,37.92
2012-08-01,42.18,37.63
2012-08-02,41.82,37.42
2012-08-03,42.34,37.86
2012-08-06,42.39,37.77
2012-08-07,42.1,37.38
2012-08-08,42.35,37.43
2012-08-09,43.37,37.43
2012-08-10,43.55,37.54
2012-08-13,43.46,37.5
2012-08-14,43.37,37.46
2012-08-15,43.16,37.28
2012-08-16,43.25,37.19
2012-08-17,43.07,37.09
2012-08-20,43.11,37.16
2012-08-21,42.65,36.89
2012-08-22,42.61,36.83
2012-08-23,42.6,36.45
2012-08-24,42.8,36.62
2012-08-27,42.81,36.7
2012-08-28,42.89,36.63
2012-08-29,42.98,36.57
2012-08-30,42.8,36.39
2012-08-31,42.99,36.35
2012-09-04,43.14,36.485
2012-09-05,42.95,36.33
2012-09-06,43.52,36.74
2012-09-07,43.46,36.62
2012-09-10,43.39,36.58
2012-09-11,43.43,36.49
2012-09-12,43.5,36.28
2012-09-13,43.96,36.79
2012-09-14,43.66,36.54
2012-09-17,43.57,36.31
2012-09-18,43.52,36.2
2012-09-19,43.83,36.24
2012-09-20,43.97,36.39
2012-09-21,44.01,36.025
2012-09-24,44.45,36.37
2012-09-25,44.36,36.29
2012-09-26,44.36,36.37
2012-09-27,43.82,36.225
2012-09-28,43.94,36.39
2012-10-01,43.91,36.22
2012-10-02,44.17,36.41
2012-10-03,44.44,36.59
2012-10-04,44.46,36.8
2012-10-05,44.22,36.74
2012-10-08,44.36,36.8
2012-10-09,44.43,36.73
2012-10-10,44.08,36.67
2012-10-11,44.24,36.71
2012-10-12,44.12,36.5
2012-10-15,44.51,36.65
2012-10-16,44.56,36.79
2012-10-17,45.02,37.2414
2012-10-18,45.27,37.41
2012-10-19,44.98,37.11
2012-10-22,44.95,37.01
2012-10-23,44.62,36.67
2012-10-24,43.82,36.4
2012-10-25,43.91,36.58
2012-10-26,43.95,36.58
2012-10-31,44.44,36.8952
2012-11-01,44.39,36.51
2012-11-02,44.23,36.26
2012-11-05,43.49,35.67
2012-11-06,43.32,35.69
2012-11-07,42.07,34.94
2012-11-08,42.04,34.882
2012-11-09,41.8,34.67
2012-11-12,41.27,34.38
2012-11-13,41.34,34.51
2012-11-14,41.18,34.265
2012-11-15,40.96,34.07
2012-11-16,41.52,34.36
2012-11-19,41.45,34.39
2012-11-20,41.18,34.33
2012-11-21,40.99,34.18
2012-11-23,41.03,34.09
2012-11-26,41.48,34.52
2012-11-27,41.45,34.61
2012-11-28,41.88,34.75
2012-11-29,42.18,34.95
2012-11-30,42.65,35.32
2012-12-03,42.28,35.1
2012-12-04,42.35,34.92
2012-12-05,43.2,35.45
2012-12-06,43.27,35.43
2012-12-07,43.27,35.455
2012-12-10,43.37,35.47
2012-12-11,43.44,35.55
2012-12-12,43.48,35.49
2012-12-13,42.94,35.35
2012-12-14,42.84,35.21
2012-12-17,43.53,35.75
2012-12-18,43.91,36.0
2012-12-19,43.51,35.73
2012-12-20,43.6,35.8406
2012-12-21,43.45,35.31
2012-12-24,43.2,35.16
2012-12-26,42.79,34.86
2012-12-27,42.64,34.8
2012-12-28,42.21,34.45
2012-12-31,42.68,34.9205
2013-01-02,43.65,35.56
2013-01-03,43.62,35.56
2013-01-04,43.55,35.74
2013-01-07,43.37,35.39
2013-01-08,43.15,35.28
2013-01-09,43.16,35.21
2013-01-10,43.55,35.36
2013-01-11,43.24,35.4
2013-01-14,43.24,35.33
2013-01-15,43.16,35.43
2013-01-16,43.12,35.26
2013-01-17,43.2,35.4
2013-01-18,43.51,35.68
2013-01-22,44.02,35.98
2013-01-23,44.1,35.89
2013-01-24,44.19,36.05
2013-01-25,44.46,36.23
2013-01-28,44.49,36.21
2013-01-29,45.02,36.46
2013-01-30,45.11,36.49
2013-01-31,45.29,36.58
2013-02-01,45.24,36.68
2013-02-04,45.0,36.43
2013-02-05,44.85,36.53
2013-02-06,44.58,36.64
2013-02-07,44.5,36.69
2013-02-08,44.57,36.69
2013-02-11,44.73,36.78
2013-02-12,44.9,36.94
2013-02-13,44.93,36.94
2013-02-14,44.77,36.64
2013-02-15,45.13,36.72
2013-02-19,45.56,37.04
2013-02-20,45.57,36.97
2013-02-21,45.36,36.81
2013-02-22,46.18,37.18
2013-02-25,45.68,36.85
2013-02-26,46.33,36.96
2013-02-27,46.66,37.3
2013-02-28,46.79,37.43
2013-03-01,46.71,37.5
2013-03-04,47.46,37.88
2013-03-05,47.66,38.08
2013-03-06,47.66,38.06
2013-03-07,47.39,37.89
2013-03-08,47.49,37.97
2013-03-11,47.38,38.06
2013-03-12,47.29,37.96
2013-03-13,47.44,38.13
2013-03-14,47.68,38.208
2013-03-15,47.9,38.13
2013-03-18,47.69,37.92
2013-03-19,47.7,38.02
2013-03-20,48.06,38.3
2013-03-21,47.63,38.11
2013-03-22,47.86,38.17
2013-03-25,47.66,38.09
2013-03-26,48.03,38.45
2013-03-27,48.15,38.63
2013-03-28,48.63,39.1
2013-04-01,48.5,39.01
2013-04-02,48.34,39.14
2013-04-03,48.1,39.03
2013-04-04,48.66,39.4
2013-04-05,48.71,39.57
2013-04-08,49.23,39.87
2013-04-09,49.0,39.75
2013-04-10,49.64,40.07
2013-04-11,49.93,40.16
2013-04-12,49.98,40.33
2013-04-15,49.07,39.75
2013-04-16,49.54,40.23
2013-04-17,49.37,40.0
2013-04-18,49.48,40.13
2013-04-19,49.94,40.73
2013-04-22,50.37,40.68
2013-04-23,50.64,40.78
2013-04-24,50.9,40.91
2013-04-25,50.76,40.92
2013-04-26,50.54,40.98
2013-04-29,51.31,41.32
2013-04-30,51.43,41.43
2013-05-01,51.23,41.02
2013-05-02,51.17,40.97
2013-05-03,51.08,40.89
2013-05-06,50.46,40.32
2013-05-07,51.07,40.71
2013-05-08,50.12,40.35
2013-05-09,48.83,39.74
2013-05-10,48.82,39.83
2013-05-13,48.67,39.62
2013-05-14,48.87,39.89
2013-05-15,49.41,40.27
2013-05-16,49.05,39.94
2013-05-17,49.64,40.32
2013-05-20,49.47,40.12
2013-05-21,49.36,40.2
2013-05-22,48.59,39.52
2013-05-23,48.28,39.25
2013-05-24,47.71,38.83
2013-05-28,46.56,38.38
2013-05-29,46.19,37.81
2013-05-30,46.09,37.91
2013-05-31,45.82,37.68
2013-06-03,46.14,37.76
2013-06-04,46.05,37.63
2013-06-05,45.61,37.3
2013-06-06,45.67,37.74
2013-06-07,46.15,37.97
2013-06-10,45.91,37.96
2013-06-11,45.36,37.71
2013-06-12,45.2,37.34
2013-06-13,45.92,37.945
2013-06-14,45.51,38.0
2013-06-17,45.57,38.12
2013-06-18,45.9,38.38
2013-06-19,44.79,37.5
2013-06-20,43.19,36.44
2013-06-21,43.78,36.54
2013-06-24,43.57,36.51
2013-06-25,43.91,36.99
2013-06-26,44.6,37.46
2013-06-27,44.48,37.54
2013-06-28,44.78,37.63
2013-07-01,44.47,37.16
2013-07-02,44.48,37.15
2013-07-03,44.46,37.0082
2013-07-05,44.28,36.9
2013-07-08,44.57,37.43
2013-07-09,44.57,37.7
2013-07-10,45.42,37.91
2013-07-11,46.24,38.52
2013-07-12,46.55,38.64
2013-07-15,47.5,39.27
2013-07-16,47.23,39.055
2013-07-17,47.09,39.04
2013-07-18,47.22,39.38
2013-07-19,47.14,39.39
2013-07-22,47.09,39.35
2013-07-23,47.1,39.45
2013-07-24,46.38,38.85
2013-07-25,45.81,39.21
2013-07-26,46.47,39.35
2013-07-29,46.7,39.42
2013-07-30,46.55,39.55
2013-07-31,46.35,39.26
2013-08-01,46.55,39.59
2013-08-02,46.58,39.54
2013-08-05,46.39,39.28
2013-08-06,45.79,39.08
2013-08-07,45.47,39.26
2013-08-08,45.52,39.41
2013-08-09,45.0,39.14
2013-08-12,44.69,38.93
2013-08-13,44.31,38.72
2013-08-14,44.37,38.47
2013-08-15,43.78,37.98
2013-08-16,43.31,37.54
2013-08-19,42.68,37.22
2013-08-20,42.82,37.57
2013-08-21,42.37,37.14
2013-08-22,42.69,37.35
2013-08-23,43.16,37.66
2013-08-26,42.65,37.38
2013-08-27,42.77,37.36
2013-08-28,43.01,37.49
2013-08-29,42.69,37.27
2013-08-30,42.8,37.3
2013-09-03,42.16,36.87
2013-09-04,42.21,36.87
2013-09-05,42.14,36.72
2013-09-06,42.56,36.98
2013-09-09,42.67,37.11
2013-09-10,42.89,37.4
2013-09-11,42.21,37.035
2013-09-12,41.92,36.93
2013-09-13,42.62,37.21
2013-09-16,42.82,37.31
2013-09-17,43.2,37.53
2013-09-18,44.81,38.65
2013-09-19,44.67,38.469
2013-09-20,43.73,37.53
2013-09-23,44.33,37.985
2013-09-24,44.21,37.959
2013-09-25,43.79,37.7
2013-09-26,43.64,37.65
2013-09-27,43.44,37.41
2013-09-30,43.35,37.369
2013-10-01,43.72,37.48
2013-10-02,43.88,37.52
2013-10-03,43.33,37.08
2013-10-04,43.34,37.15
2013-10-07,43.14,36.97
2013-10-08,43.49,37.23
2013-10-09,43.68,37.38
2013-10-10,44.14,37.94
2013-10-11,44.27,38.115
2013-10-14,44.07,37.91
2013-10-15,43.48,37.38
2013-10-16,43.77,37.72
2013-10-17,44.63,38.33
2013-10-18,44.82,38.43
2013-10-21,44.64,38.35
2013-10-22,45.24,38.84
2013-10-23,46.52,38.87
2013-10-24,46.72,38.79
2013-10-25,47.28,39.2
2013-10-28,47.3,39.12
2013-10-29,47.27,39.175
2013-10-30,47.1,38.92
2013-10-31,46.84,38.78
2013-11-01,47.04,39.06
2013-11-04,47.19,39.141
2013-11-05,46.57,38.86
2013-11-06,46.74,39.39
2013-11-07,46.25,39.02
2013-11-08,46.25,38.95
2013-11-11,47.1,38.94
2013-11-12,47.37,38.61
2013-11-13,47.32,38.8
2013-11-14,47.59,39.14
2013-11-15,47.84,39.365
2013-11-18,48.32,39.32
2013-11-19,48.01,39.03
2013-11-20,47.51,38.6
2013-11-21,47.63,38.69
2013-11-22,47.7,38.66
2013-11-25,47.55,38.51
2013-11-26,47.44,38.13
2013-11-27,47.07,38.05
2013-11-29,47.06,38.03
2013-12-02,46.63,37.87
2013-12-03,46.87,38.06
2013-12-04,46.86,38.23
2013-12-05,46.48,37.92
2013-12-06,47.1,38.44
2013-12-09,46.72,38.21
2013-12-10,46.16,37.83
2013-12-11,45.78,37.52
2013-12-12,45.89,37.57
2013-12-13,45.8,37.51
2013-12-16,45.97,37.71
2013-12-17,45.82,37.64
2013-12-18,46.51,38.14
2013-12-19,46.38,37.86
2013-12-20,46.72,37.83
2013-12-23,46.41,37.68
2013-12-24,46.59,37.83
2013-12-26,46.42,37.66
2013-12-27,46.5,37.81
2013-12-30,46.64,37.9
2013-12-31,46.74,37.97
2014-01-02,46.13,37.39
2014-01-03,46.11,37.27
2014-01-06,46.08,37.33
2014-01-07,46.38,37.66
2014-01-08,46.1,37.46
2014-01-09,46.28,37.68
2014-01-10,47.2,38.22
2014-01-13,46.67,37.83
2014-01-14,46.51,37.88
2014-01-15,46.45,37.81
2014-01-16,46.58,38.07
2014-01-17,46.77,38.06
2014-01-21,47.34,38.48
2014-01-22,47.52,38.52
2014-01-23,47.63,38.41
2014-01-24,46.77,37.98
2014-01-27,47.18,38.07
2014-01-28,47.51,38.21
2014-01-29,47.59,38.19
2014-01-30,48.24,38.78
2014-01-31,48.81,39.1
2014-02-03,48.31,38.79
2014-02-04,48.5,38.56
2014-02-05,47.95,38.39
2014-02-06,47.6,38.67
2014-02-07,48.03,38.88
2014-02-10,48.25,39.17
2014-02-11,48.64,39.54
2014-02-12,48.98,39.59
2014-02-13,49.7,40.02
2014-02-14,50.11,40.28
2014-02-18,50.39,40.42
2014-02-19,50.15,40.19
2014-02-20,50.34,40.5
2014-02-21,50.56,40.55
2014-02-24,50.07,40.45
2014-02-25,50.06,40.4
2014-02-26,50.27,40.27
2014-02-27,49.8,40.17
2014-02-28,50.2,40.45
2014-03-03,49.72,40.05
2014-03-04,50.05,40.34
2014-03-05,49.68,40.07
2014-03-06,49.25,39.87
2014-03-07,49.33,39.99
2014-03-10,49.21,39.89
2014-03-11,48.7,39.78
2014-03-12,49.5,40.28
2014-03-13,49.91,40.7
2014-03-14,50.11,40.89
2014-03-17,50.29,41.16
2014-03-18,50.16,41.1
2014-03-19,48.94,40.45
2014-03-20,48.75,40.54
2014-03-21,48.89,40.51
2014-03-24,48.76,40.62
2014-03-25,49.37,40.79
2014-03-26,49.32,40.62
2014-03-27,49.8,40.95
2014-03-28,50.0,41.01
2014-03-31,50.66,41.46
2014-04-01,50.4,41.17
2014-04-02,50.41,41.11
2014-04-03,50.57,41.24
2014-04-04,50.78,41.46
2014-04-07,50.69,41.39
2014-04-08,51.41,41.98
2014-04-09,51.54,41.89
2014-04-10,50.99,41.73
2014-04-11,50.9,41.69
2014-04-14,51.28,41.94
2014-04-15,52.32,42.52
2014-04-16,52.5,42.83
2014-04-17,51.73,42.3
2014-04-21,51.65,42.25
2014-04-22,51.67,42.31
2014-04-23,51.9,42.33
2014-04-24,52.33,42.62
2014-04-25,53.38,43.11
2014-04-28,54.44,43.32
2014-04-29,53.88,43.14
2014-04-30,53.81,43.21
2014-05-01,53.87,43.39
2014-05-02,52.83,42.5
2014-05-05,53.36,42.88
2014-05-06,52.85,42.67
2014-05-07,53.5,43.36
2014-05-08,53.06,42.89
2014-05-09,52.32,42.26
2014-05-12,51.76,41.87
2014-05-13,52.23,41.97
2014-05-14,52.36,42.18
2014-05-15,52.02,42.01
2014-05-16,52.7,42.14
2014-05-19,51.02,41.49
2014-05-20,50.96,41.49
2014-05-21,51.11,41.52
2014-05-22,51.49,41.86
2014-05-23,51.41,41.76
2014-05-27,52.7,42.09
2014-05-28,52.94,42.34
2014-05-29,52.79,42.46
2014-05-30,53.35,42.74
2014-06-02,53.48,42.73
2014-06-03,53.94,42.89
2014-06-04,53.99,42.87
2014-06-05,54.17,43.23
2014-06-06,54.07,43.08
2014-06-09,53.49,42.79
2014-06-10,53.46,42.69
2014-06-11,52.53,42.15
2014-06-12,52.59,42.28
2014-06-13,52.78,42.55
2014-06-16,53.09,42.84
2014-06-17,52.81,42.78
2014-06-18,54.12,43.75
2014-06-19,54.9,44.11
2014-06-20,54.48,43.47
2014-06-23,54.45,43.32
2014-06-24,54.65,43.45
2014-06-25,55.12,43.61
2014-06-26,55.0,43.74
2014-06-27,55.33,43.91
2014-06-30,55.77,44.26
2014-07-01,55.21,43.82
2014-07-02,54.17,42.97
2014-07-03,53.76,42.5
2014-07-07,53.77,42.7
2014-07-08,54.55,42.99
2014-07-09,54.71,42.87
2014-07-10,54.8,43.16
2014-07-11,54.31,42.83
2014-07-14,53.6,42.34
2014-07-15,53.93,42.56
2014-07-16,54.21,42.7
2014-07-17,53.48,42.31
2014-07-18,54.39,42.74
2014-07-21,54.04,42.7
2014-07-22,54.05,42.61
2014-07-23,53.97,42.65
2014-07-24,54.01,42.78
2014-07-25,53.22,42.44
2014-07-28,54.65,43.03
2014-07-29,54.09,42.63
2014-07-30,53.0,41.91
2014-07-31,51.99,41.25
2014-08-01,52.31,41.41
2014-08-04,51.4,41.185
2014-08-05,50.84,40.69
2014-08-06,49.28,40.17
2014-08-07,49.84,40.63
2014-08-08,50.52,41.44
2014-08-11,50.34,41.29
2014-08-12,50.41,41.26
2014-08-13,50.77,41.45
2014-08-14,51.14,41.81
2014-08-15,51.42,41.97
2014-08-18,51.47,41.86
2014-08-19,52.2,42.39
2014-08-20,52.38,42.48
2014-08-21,52.8,42.58
2014-08-22,52.54,42.45
2014-08-25,52.95,42.74
2014-08-26,52.26,42.23
2014-08-27,53.15,42.69
2014-08-28,53.32,43.0
2014-08-29,53.7,43.28
2014-09-02,52.88,42.89
2014-09-03,53.36,43.1
2014-09-04,53.0,43.08
2014-09-05,53.86,43.62
2014-09-08,53.53,43.36
2014-09-09,52.99,42.86
2014-09-10,52.99,42.67
2014-09-11,53.54,43.03
2014-09-12,52.48,42.26
2014-09-15,52.69,42.39
2014-09-16,53.63,42.93
2014-09-17,53.32,42.85
2014-09-18,52.74,42.54
2014-09-19,53.28,42.54
2014-09-22,52.97,42.22
2014-09-23,52.56,42.1
2014-09-24,52.47,41.95
2014-09-25,52.09,41.7
2014-09-26,52.25,41.76
2014-09-29,52.18,42.03
2014-09-30,52.21,42.09
2014-10-01,52.38,42.33
2014-10-02,52.28,42.27
2014-10-03,52.87,42.54
2014-10-06,52.8,42.54
2014-10-07,52.96,42.48
2014-10-08,54.12,43.44
2014-10-09,53.56,42.73
2014-10-10,53.89,42.93
2014-10-13,54.23,42.89
2014-10-14,54.72,43.28
2014-10-15,54.37,42.71
2014-10-16,53.94,42.75
2014-10-17,54.61,43.0
2014-10-20,55.36,43.6
2014-10-21,55.56,43.75
2014-10-22,55.92,44.02
2014-10-23,55.28,44.1
2014-10-24,56.47,44.53
2014-10-27,56.76,44.43
2014-10-28,56.59,44.74
2014-10-29,56.76,44.48
2014-10-30,58.27,45.46
2014-10-31,58.34,45.47
2014-11-03,58.65,45.77
2014-11-04,58.13,45.53
2014-11-05,59.74,46.56
2014-11-06,57.87,45.77
2014-11-07,58.32,46.25
2014-11-10,58.38,46.48
2014-11-11,57.94,46.31
2014-11-12,56.87,45.5
2014-11-13,56.31,45.13
2014-11-14,56.06,44.94
2014-11-17,57.19,45.53
2014-11-18,57.25,45.66
2014-11-19,57.24,45.62
2014-11-20,57.23,45.52
2014-11-21,57.42,45.7
2014-11-24,56.8,45.32
2014-11-25,56.58,45.32
2014-11-26,56.66,45.52
2014-11-28,57.55,46.0
2014-12-01,58.01,46.09
2014-12-02,58.36,46.4
2014-12-03,58.51,46.27
2014-12-04,58.44,46.23
2014-12-05,57.76,45.87
2014-12-08,58.76,46.24
2014-12-09,58.87,46.47
2014-12-10,58.23,45.89
2014-12-11,58.86,46.35
2014-12-12,58.69,45.91
2014-12-15,58.08,45.52
2014-12-16,57.83,45.48
2014-12-17,58.82,46.29
2014-12-18,59.98,47.2
2014-12-19,59.89,46.86
2014-12-22,60.15,46.98
2014-12-23,60.11,47.1
2014-12-24,61.31,47.97
2014-12-26,61.99,48.55
2014-12-29,62.91,49.11
2014-12-30,61.72,48.09
2014-12-31,60.72,47.22
2015-01-02,61.15,47.44
2015-01-05,60.25,46.86
2015-01-06,60.58,46.89
2015-01-07,61.44,47.35
2015-01-08,61.97,47.68
2015-01-09,61.64,47.38
2015-01-12,61.56,47.27
2015-01-13,61.87,47.4
2015-01-14,62.76,47.81
2015-01-15,63.16,48.19
2015-01-16,63.57,48.62
2015-01-20,63.53,48.74
2015-01-21,64.14,49.21
2015-01-22,64.08,49.0
2015-01-23,64.52,49.14
2015-01-26,64.57,49.11
2015-01-27,64.25,49.18
2015-01-28,63.38,48.76
2015-01-29,63.72,49.41
2015-01-30,62.81,48.32
2015-02-02,63.06,48.53
2015-02-03,62.76,48.71
2015-02-04,62.22,48.12
2015-02-05,62.45,48.56
2015-02-06,59.15,46.56
2015-02-09,58.24,46.15
2015-02-10,59.31,47.1
2015-02-11,58.28,46.08
2015-02-12,57.98,45.87
2015-02-13,57.83,45.17
2015-02-17,57.87,45.13
2015-02-18,59.12,46.2
2015-02-19,58.41,45.68
2015-02-20,58.72,45.69
2015-02-23,59.09,46.0
2015-02-24,59.28,46.34
2015-02-25,58.08,45.58
2015-02-26,57.41,45.28
2015-02-27,57.58,45.23
2015-03-02,56.15,44.36
2015-03-03,56.73,44.63
2015-03-04,56.58,44.38
2015-03-05,57.08,44.73
2015-03-06,55.01,43.39
2015-03-09,55.18,43.47
2015-03-10,55.26,43.39
2015-03-11,54.77,43.11
2015-03-12,55.97,43.93
2015-03-13,55.31,43.48
2015-03-16,56.16,44.23
2015-03-17,55.9,44.16
2015-03-18,57.55,45.35
2015-03-19,57.05,44.93
2015-03-20,57.7,44.98
2015-03-23,57.95,45.01
2015-03-24,57.25,44.51
2015-03-25,55.91,43.99
2015-03-26,55.33,43.62
2015-03-27,55.9,43.88
2015-03-30,56.58,44.42
2015-03-31,56.25,44.43
2015-04-01,56.37,44.47
2015-04-02,56.46,44.55
2015-04-06,57.1,45.17
2015-04-07,56.37,44.65
2015-04-08,55.98,44.52
2015-04-09,55.79,44.33
2015-04-10,56.39,44.66
2015-04-13,55.67,44.22
2015-04-14,56.1,44.44
2015-04-15,56.36,44.55
2015-04-16,55.85,44.26
2015-04-17,55.73,44.1
2015-04-20,56.63,44.76
2015-04-21,55.97,44.36
2015-04-22,56.14,44.45
2015-04-23,56.9,44.7
2015-04-24,57.88,45.15
2015-04-27,57.71,44.61
2015-04-28,58.08,44.93
2015-04-29,57.79,44.74
2015-04-30,56.87,44.22
2015-05-01,57.03,44.47
2015-05-04,57.36,44.8
2015-05-05,55.9,43.8
2015-05-06,54.96,43.56
2015-05-07,55.26,43.72
2015-05-08,55.8,44.03
2015-05-11,55.43,43.73
2015-05-12,54.95,43.68
2015-05-13,54.28,43.25
2015-05-14,55.1,43.75
2015-05-15,55.6,44.32
2015-05-18,55.88,44.49
2015-05-19,55.8,44.59
2015-05-20,55.92,44.66
2015-05-21,55.81,44.64
2015-05-22,55.65,44.57
2015-05-26,55.33,44.29
2015-05-27,56.06,44.47
2015-05-28,56.1,44.57
2015-05-29,56.29,44.5
2015-06-01,56.01,44.56
2015-06-02,55.17,43.97
2015-06-03,54.38,43.32
2015-06-04,54.29,43.26
2015-06-05,53.44,42.72
2015-06-08,53.46,42.47
2015-06-09,53.46,42.37
2015-06-10,53.89,42.58
2015-06-11,54.31,42.92
2015-06-12,53.93,42.54
2015-06-15,53.65,42.47
2015-06-16,53.73,42.67
2015-06-17,54.06,43.03
2015-06-18,54.83,43.6
2015-06-19,54.47,42.79
2015-06-22,54.24,42.73
2015-06-23,53.34,42.15
2015-06-24,52.96,41.82
2015-06-25,52.62,41.54
2015-06-26,52.91,41.79
2015-06-29,52.8,41.57
2015-06-30,52.97,41.46
2015-07-01,53.29,41.71
2015-07-02,54.23,42.23
2015-07-06,54.53,42.4
2015-07-07,56.08,43.45
2015-07-08,56.03,43.22
2015-07-09,55.52,42.74
2015-07-10,55.56,42.97
2015-07-13,55.34,42.99
2015-07-14,55.19,42.93
2015-07-15,55.68,43.14
2015-07-16,56.36,43.78
2015-07-17,55.72,43.35
2015-07-20,55.54,43.13
2015-07-21,54.89,42.74
2015-07-22,55.21,42.93
2015-07-23,54.59,42.29
2015-07-24,54.6,42.33
2015-07-27,55.74,42.87
2015-07-28,55.89,43.07
2015-07-29,55.94,43.23
2015-07-30,56.32,43.55
2015-07-31,56.57,43.99
2015-08-03,57.06,44.22
2015-08-04,56.39,43.51
2015-08-05,56.65,43.62
2015-08-06,56.26,43.85
2015-08-07,56.77,44.39
2015-08-10,56.71,44.21
2015-08-11,56.85,44.43
2015-08-12,57.57,45.22
2015-08-13,57.55,45.23
2015-08-14,58.2,45.57
2015-08-17,58.35,45.79
2015-08-18,58.27,45.68
2015-08-19,58.8,45.87
2015-08-20,58.37,45.6
2015-08-21,57.29,45.05
2015-08-24,54.83,43.37
2015-08-25,53.02,42.03
2015-08-26,54.01,42.78
2015-08-27,54.91,43.28
2015-08-28,54.9,43.15
2015-08-31,54.29,42.46
2015-09-01,52.99,41.31
2015-09-02,53.01,41.34
2015-09-03,53.35,41.53
2015-09-04,52.54,40.96
2015-09-08,54.08,41.83
2015-09-09,53.37,41.31
2015-09-10,53.39,41.24
2015-09-11,53.78,41.55
2015-09-14,53.68,41.65
2015-09-15,53.85,41.87
2015-09-16,54.63,42.29
2015-09-17,55.87,42.87
2015-09-18,55.48,42.23
2015-09-21,55.6,42.4
2015-09-22,54.72,41.87
2015-09-23,55.02,41.98
2015-09-24,55.46,42.32
2015-09-25,55.99,42.73
2015-09-28,55.86,42.52
2015-09-29,56.13,42.53
2015-09-30,56.86,43.29
2015-10-01,56.14,42.78
2015-10-02,56.32,43.35
2015-10-05,57.46,43.91
2015-10-06,56.62,43.61
2015-10-07,56.04,43.46
2015-10-08,56.87,44.0
2015-10-09,56.74,43.79
2015-10-12,57.56,44.18
2015-10-13,57.65,44.08
2015-10-14,58.15,44.07
2015-10-15,58.72,44.72
2015-10-16,58.54,44.78
2015-10-19,58.59,44.81
2015-10-20,58.66,44.96
2015-10-21,58.94,44.87
2015-10-22,59.17,45.39
2015-10-23,57.48,44.59
2015-10-26,57.82,44.43
2015-10-27,57.67,44.27
2015-10-28,57.07,43.8
2015-10-29,56.21,43.55
2015-10-30,56.65,43.75
2015-11-02,56.89,43.8
2015-11-03,56.75,43.93
2015-11-04,56.71,44.16
2015-11-05,56.49,43.78
2015-11-06,53.96,42.25
2015-11-09,54.43,42.36
2015-11-10,55.1,42.74
2015-11-11,55.56,43.11
2015-11-12,55.32,42.7
2015-11-13,55.06,42.54
2015-11-16,56.21,43.26
2015-11-17,55.05,42.48
2015-11-18,55.41,42.75
2015-11-19,56.32,43.21
2015-11-20,56.54,43.39
2015-11-23,55.99,42.99
2015-11-24,55.79,42.93
2015-11-25,55.61,42.67
2015-11-27,55.94,42.75
2015-11-30,56.01,42.82
2015-12-01,56.73,43.16
2015-12-02,55.33,42.2
2015-12-03,54.7,41.88
2015-12-04,55.84,42.47
2015-12-07,56.25,42.66
2015-12-08,55.88,42.6
2015-12-09,56.25,42.61
2015-12-10,54.88,41.905
2015-12-11,54.56,41.79
2015-12-14,54.54,42.0
2015-12-15,56.04,42.33
2015-12-16,57.01,43.4
2015-12-17,57.42,43.49
2015-12-18,56.28,42.51
2015-12-21,56.55,42.48
2015-12-22,57.21,42.84
2015-12-23,58.25,43.5
2015-12-24,58.4,43.47
2015-12-28,58.6,43.55
2015-12-29,58.89,43.79
2015-12-30,58.9,43.75
2015-12-31,58.27,43.28
2016-01-04,58.33,43.19
2016-01-05,58.81,43.5
2016-01-06,59.03,43.42
2016-01-07,58.35,43.13
2016-01-08,58.26,43.11
2016-01-11,58.77,43.34
2016-01-12,58.17,43.17
2016-01-13,57.95,43.15
2016-01-14,59.14,43.8
2016-01-15,58.69,43.41
2016-01-19,59.57,44.06
2016-01-20,57.92,43.07
2016-01-21,57.64,43.03
2016-01-22,58.53,43.8
2016-01-25,57.75,43.43
2016-01-26,58.2,43.73
2016-01-27,58.19,43.83
2016-01-28,59.45,44.53
2016-01-29,60.97,45.42
2016-02-01,61.79,45.85
2016-02-02,62.0,46.05
2016-02-03,63.31,46.62
2016-02-04,62.29,46.42
2016-02-05,62.84,46.57
2016-02-08,62.49,46.41
2016-02-09,62.37,46.57
2016-02-10,62.9,46.52
2016-02-11,61.31,45.7
2016-02-12,60.6,45.56
2016-02-16,61.09,45.85
2016-02-17,61.1,45.76
2016-02-18,62.45,46.51
2016-02-19,61.91,46.2
2016-02-22,62.85,46.74
2016-02-23,62.76,46.78
2016-02-24,63.01,47.0
2016-02-25,63.89,47.48
2016-02-26,61.47,46.17
2016-02-29,61.75,46.3
2016-03-01,61.73,46.07
2016-03-02,61.89,46.31
2016-03-03,61.77,46.59
2016-03-04,62.43,47.11
2016-03-07,63.24,47.37
2016-03-08,63.61,47.84
2016-03-09,64.3,48.06
2016-03-10,64.13,48.0992
2016-03-11,64.23,48.15
2016-03-14,64.22,48.21
2016-03-15,64.41,48.3
2016-03-16,65.13,49.04
2016-03-17,65.43,49.31
2016-03-18,64.79,48.63
2016-03-21,64.8,48.58
2016-03-22,64.77,48.42
2016-03-23,65.08,48.78
2016-03-24,65.06,48.91
2016-03-28,65.0,48.73
2016-03-29,66.03,49.45
2016-03-30,66.02,49.33
2016-03-31,66.4,49.62
2016-04-01,67.01,49.81
2016-04-04,66.58,49.6
2016-04-05,65.4,48.67
2016-04-06,65.63,48.61
2016-04-07,65.5,48.59
2016-04-08,66.01,48.85
2016-04-11,65.68,48.64
2016-04-12,66.31,48.98
2016-04-13,65.79,48.68
2016-04-14,65.59,48.62
2016-04-15,66.05,48.89
2016-04-18,66.24,49.0792
2016-04-19,65.84,49.16
2016-04-20,63.7,47.93
2016-04-21,62.26,46.93
2016-04-22,62.74,47.3492
2016-04-25,62.81,47.44
2016-04-26,62.9,47.51
2016-04-27,63.93,48.2
2016-04-28,63.06,48.13
2016-04-29,63.5,48.42
2016-05-02,64.36,48.81
2016-05-03,64.5,48.77
2016-05-04,65.39,49.34
2016-05-05,65.15,49.15
2016-05-06,64.56,48.83
2016-05-09,65.29,49.11
2016-05-10,65.05,49.16
2016-05-11,65.21,49.34
2016-05-12,65.66,49.63
2016-05-13,65.61,49.39
2016-05-16,65.93,49.45
2016-05-17,64.51,48.6108
2016-05-18,63.3,47.7
2016-05-19,63.85,48.18
2016-05-20,63.8,48.29
2016-05-23,62.95,47.86
2016-05-24,63.63,48.34
2016-05-25,63.43,48.2
2016-05-26,64.33,48.745
2016-05-27,64.31,48.83
2016-05-31,64.73,49.15
2016-06-01,64.89,49.28
2016-06-02,64.68,49.3
2016-06-03,65.81,50.08
2016-06-06,65.7,50.01
2016-06-07,65.84,49.97
2016-06-08,66.2,50.27
2016-06-09,66.96,50.7
2016-06-10,66.85,50.57
2016-06-13,66.55,50.51
2016-06-14,66.83,50.78
2016-06-15,66.24,50.46
2016-06-16,66.88,50.78
2016-06-17,67.21,50.55
2016-06-20,66.79,50.36
2016-06-21,66.77,50.43
2016-06-22,66.5,50.19
2016-06-23,66.59,50.33
2016-06-24,67.26,50.61
2016-06-27,68.35,51.03
2016-06-28,68.64,51.22
2016-06-29,68.72,51.36
2016-06-30,70.09,52.47
2016-07-01,70.14,52.48
2016-07-05,70.81,52.87
2016-07-06,71.27,52.98
2016-07-07,70.28,52.0
2016-07-08,70.71,52.54
2016-07-11,70.7,52.5
2016-07-12,69.58,51.78
2016-07-13,70.01,52.19
2016-07-14,69.38,51.85
2016-07-15,69.64,52.0
2016-07-18,69.95,52.15
2016-07-19,69.77,52.06
2016-07-20,69.35,51.76
2016-07-21,69.43,52.07
2016-07-22,70.06,52.76
2016-07-25,69.77,52.67
2016-07-26,69.74,52.21
2016-07-27,68.86,51.61
2016-07-28,68.92,51.81
2016-07-29,69.3,52.12
2016-08-01,69.31,52.15
2016-08-02,69.01,51.81
2016-08-03,68.45,51.5
2016-08-04,68.64,51.47
2016-08-05,67.85,50.73
2016-08-08,67.15,50.71
2016-08-09,67.39,50.7
2016-08-10,67.56,50.71
2016-08-11,67.72,50.83
2016-08-12,67.55,50.9
2016-08-15,66.52,50.12
2016-08-16,65.68,49.53
2016-08-17,66.5,50.27
2016-08-18,67.4,50.89
2016-08-19,66.37,50.27
2016-08-22,66.52,50.4
2016-08-23,66.28,50.18
2016-08-24,66.34,50.16
2016-08-25,66.37,50.19
2016-08-26,64.69,49.15
2016-08-29,65.18,49.55
2016-08-30,64.32,49.03
2016-08-31,64.57,49.23
2016-09-01,64.41,48.98
2016-09-02,65.24,49.63
2016-09-06,66.04,50.17
2016-09-07,66.05,50.18
2016-09-08,66.1,50.35
2016-09-09,63.71,48.46
2016-09-12,64.71,49.32
2016-09-13,63.81,48.64
2016-09-14,64.02,48.83
2016-09-15,64.3,49.2
2016-09-16,64.81,49.26
2016-09-19,65.42,49.75
2016-09-20,65.01,49.66
2016-09-21,66.19,50.67
2016-09-22,66.6,50.98
2016-09-23,66.66,50.94
2016-09-26,66.36,50.81
2016-09-27,65.5,50.15
2016-09-28,65.36,50.08
2016-09-29,64.5,49.33
2016-09-30,64.21,48.99
2016-10-03,63.51,48.3
2016-10-04,62.18,47.29
2016-10-05,62.18,47.19
2016-10-06,62.25,47.18
2016-10-07,61.79,47.12
2016-10-10,62.21,47.51
2016-10-11,61.34,46.97
2016-10-12,62.0,47.43
2016-10-13,62.53,48.02
2016-10-14,62.3,47.75
2016-10-17,62.97,48.01
2016-10-18,63.37,48.42
2016-10-19,63.19,48.31
2016-10-20,62.91,48.28
2016-10-21,62.48,48.0
2016-10-24,63.03,48.18
2016-10-25,63.46,48.48
2016-10-26,63.53,48.6
2016-10-27,63.19,48.31
2016-10-28,63.41,48.46
2016-10-31,64.84,49.43
2016-11-01,63.38,48.53
2016-11-02,62.61,47.92
2016-11-03,62.92,48.1
2016-11-04,62.4,47.95
2016-11-07,63.24,48.79
2016-11-08,63.23,49.17
2016-11-09,61.25,47.36
2016-11-10,59.74,46.22
2016-11-11,59.99,46.03
2016-11-14,58.72,46.0
2016-11-15,59.46,46.74
2016-11-16,58.99,46.42
2016-11-17,58.86,46.43
2016-11-18,58.44,46.29
2016-11-21,59.32,46.78
2016-11-22,59.17,46.96
2016-11-23,58.82,46.49
2016-11-25,59.72,47.16
2016-11-28,60.9,48.07
2016-11-29,61.27,48.27
2016-11-30,59.05,46.75
2016-12-01,58.16,46.38
2016-12-02,58.7,46.8
2016-12-05,59.2,46.86
2016-12-06,59.47,46.77
2016-12-07,60.25,47.38
2016-12-08,60.18,47.46
2016-12-09,60.99,47.96
2016-12-12,61.95,48.46
2016-12-13,62.71,48.96
2016-12-14,61.7,47.95
2016-12-15,62.11,48.29
2016-12-16,62.81,48.41
2016-12-19,62.94,48.59
2016-12-20,63.21,48.65
2016-12-21,62.8,48.45
2016-12-22,63.24,48.62
2016-12-23,63.17,48.61
2016-12-27,63.13,48.65
2016-12-28,62.39,48.19
2016-12-29,63.28,48.84
2016-12-30,62.96,48.57
2017-01-03,62.76,48.45
2017-01-04,62.85,48.63
2017-01-05,63.19,48.68
2017-01-06,63.14,48.83
2017-01-09,62.31,48.19
2017-01-10,62.12,48.04
2017-01-11,63.18,48.54
2017-01-12,63.29,48.58
2017-01-13,63.23,48.51
2017-01-17,63.81,49.04
2017-01-18,63.46,48.98
2017-01-19,62.7,48.55
2017-01-20,62.91,48.64
2017-01-23,62.71,48.39
2017-01-24,62.78,48.38
2017-01-25,62.53,48.38
2017-01-26,62.64,48.4
2017-01-27,62.97,48.39
2017-01-30,63.21,48.43
2017-01-31,64.06,49.18
2017-02-01,63.09,48.33
2017-02-02,63.78,48.84
2017-02-03,64.03,48.9
2017-02-06,63.82,48.8
2017-02-07,63.93,48.92
2017-02-08,63.8,49.4
2017-02-09,63.42,48.98
2017-02-10,63.95,49.29
2017-02-13,63.79,49.53
2017-02-14,63.27,49.17
2017-02-15,63.29,49.05
2017-02-16,63.7,49.54
2017-02-17,64.11,49.57
2017-02-21,64.76,50.09
2017-02-22,65.31,50.3
2017-02-23,66.01,50.82
2017-02-24,67.15,51.59
2017-02-27,66.7,51.3
2017-02-28,66.97,51.77
2017-03-01,66.12,51.31
2017-03-02,66.5,51.68
2017-03-03,66.52,51.52
2017-03-06,66.35,51.42
2017-03-07,66.24,51.39
2017-03-08,65.15,50.65
2017-03-09,64.84,50.54
2017-03-10,65.4,50.96
2017-03-13,65.81,51.11
2017-03-14,65.79,51.06
2017-03-15,66.68,51.88
2017-03-16,66.01,51.31
2017-03-17,66.47,51.23
2017-03-20,66.13,50.9038
2017-03-21,66.98,51.61
2017-03-22,67.44,51.86
2017-03-23,67.45,51.7
2017-03-24,67.79,51.89
2017-03-27,67.69,51.69
2017-03-28,67.84,51.65
2017-03-29,67.39,51.51
2017-03-30,67.16,51.11
2017-03-31,67.13,51.31
2017-04-03,67.15,51.3
2017-04-04,67.29,51.46
2017-04-05,67.83,51.75
2017-04-06,67.62,51.62
2017-04-07,67.32,51.4
2017-04-10,67.5,51.49
2017-04-11,67.39,51.47
2017-04-12,67.79,51.85
2017-04-13,67.54,51.68
2017-04-17,67.74,51.91
2017-04-18,67.98,52.03
2017-04-19,67.74,51.67
2017-04-20,67.44,51.47
2017-04-21,67.86,51.73
2017-04-24,67.97,52.0
2017-04-25,67.86,51.93
2017-04-26,67.69,51.77
2017-04-27,68.1,51.95
2017-04-28,67.83,51.7
2017-05-01,67.47,51.39
2017-05-02,68.01,51.45
2017-05-03,67.9,51.27
2017-05-04,68.02,51.45
2017-05-05,68.41,51.73
2017-05-08,67.73,51.71
2017-05-09,67.31,51.33
2017-05-10,67.41,51.41
2017-05-11,67.55,51.48
2017-05-12,68.06,51.73
2017-05-15,68.56,51.95
2017-05-16,67.86,51.57
2017-05-17,68.15,51.7
2017-05-18,68.31,51.88
2017-05-19,68.72,52.08
2017-05-22,69.42,52.53
2017-05-23,69.59,52.67
2017-05-24,70.2,52.97
2017-05-25,70.8,53.4
2017-05-26,70.87,53.4
2017-05-30,71.21,53.57
2017-05-31,71.78,53.84
2017-06-01,72.21,54.22
2017-06-02,72.67,54.28
2017-06-05,72.4,54.11
2017-06-06,72.13,53.99
2017-06-07,72.62,54.17
2017-06-08,71.95,53.72
2017-06-09,71.86,53.67
2017-06-12,71.41,53.57
2017-06-13,71.65,53.7
2017-06-14,71.96,53.99
2017-06-15,72.14,54.3
2017-06-16,72.42,54.11
2017-06-19,72.06,53.93
2017-06-20,72.56,53.96
2017-06-21,72.4,53.64
2017-06-22,71.79,53.39
2017-06-23,71.55,53.21
2017-06-26,71.87,53.57
2017-06-27,70.72,52.97
2017-06-28,70.15,52.46
2017-06-29,69.6,52.04
2017-06-30,69.47,51.96
2017-07-03,69.0,51.72
2017-07-05,68.82,51.47
2017-07-06,69.02,51.45
2017-07-07,69.15,51.49
2017-07-10,68.89,51.45
2017-07-11,68.84,51.42
2017-07-12,68.99,51.86
2017-07-13,68.28,51.68
2017-07-14,68.17,51.92
2017-07-17,68.55,52.16
2017-07-18,68.36,52.31
2017-07-19,68.65,52.53
2017-07-20,68.7,52.91
2017-07-21,69.98,53.29
2017-07-24,69.19,52.79
2017-07-25,68.84,52.49
2017-07-26,69.45,52.99
2017-07-27,70.67,53.12
2017-07-28,70.43,53.04
2017-07-31,70.54,53.22
2017-08-01,70.62,53.52
2017-08-02,70.93,53.75
2017-08-03,71.2,54.02
2017-08-04,70.88,53.78
2017-08-07,71.39,53.95
2017-08-08,71.35,54.17
2017-08-09,70.96,53.89
2017-08-10,71.36,54.06
2017-08-11,70.56,53.74
2017-08-14,71.05,54.05
2017-08-15,71.52,54.35
2017-08-16,72.02,54.57
2017-08-17,72.0,54.18
2017-08-18,72.16,54.5
2017-08-21,72.67,54.7
2017-08-22,72.81,54.82
2017-08-23,73.31,55.0
2017-08-24,73.39,54.96
2017-08-25,73.57,55.14
2017-08-28,74.1,55.24
2017-08-29,73.94,55.12
2017-08-30,73.75,54.96
2017-08-31,73.63,54.97
2017-09-01,73.54,54.8
2017-09-05,74.09,54.94
2017-09-06,73.3,54.69
2017-09-07,73.83,55.1
2017-09-08,74.19,55.36
2017-09-11,74.55,55.83
2017-09-12,73.11,54.9
2017-09-13,72.59,54.63
2017-09-14,72.9,55.09
2017-09-15,73.03,54.75
2017-09-18,72.27,54.19
2017-09-19,71.98,54.08
2017-09-20,71.68,53.68
2017-09-21,71.45,53.67
2017-09-22,70.57,53.23
2017-09-25,71.04,53.72
2017-09-26,71.19,53.62
2017-09-27,70.31,52.9
2017-09-28,70.5,53.09
2017-09-29,70.24,53.05
2017-10-02,70.43,53.14
2017-10-03,70.29,52.99
2017-10-04,71.52,53.52
2017-10-05,71.49,53.47
2017-10-06,71.53,53.43
2017-10-09,71.74,53.5
2017-10-10,72.39,54.02
2017-10-11,72.76,54.25
2017-10-12,73.34,54.53
2017-10-13,73.16,54.15
2017-10-16,73.12,54.03
2017-10-17,73.2,54.35
2017-10-18,73.01,54.25
2017-10-19,73.83,54.82
2017-10-20,73.98,54.86
2017-10-23,73.92,54.89
2017-10-24,73.97,54.94
2017-10-25,73.58,54.7
2017-10-26,73.76,54.71
2017-10-27,74.02,55.05
2017-10-30,74.17,55.06
2017-10-31,74.41,55.12
2017-11-01,74.01,54.81
2017-11-02,73.72,55.01
2017-11-03,74.08,55.21
2017-11-06,73.73,55.0
2017-11-07,75.19,55.66
2017-11-08,75.52,55.7
2017-11-09,75.49,55.77
2017-11-10,74.78,55.51
2017-11-13,76.13,56.17
2017-11-14,77.39,56.87
2017-11-15,76.59,56.38
2017-11-16,76.76,56.2
2017-11-17,76.38,55.81
2017-11-20,76.44,55.64
2017-11-21,76.77,55.79
2017-11-22,76.59,55.79
2017-11-24,76.47,55.88
2017-11-27,76.74,56.12
2017-11-28,77.02,56.38
2017-11-29,77.14,56.41
2017-11-30,77.63,56.6
2017-12-01,77.24,56.41
2017-12-04,77.39,56.09
2017-12-05,76.27,55.38
2017-12-06,76.73,55.59
2017-12-07,76.61,55.69
2017-12-08,76.93,55.87
2017-12-11,77.08,56.21
2017-12-12,76.02,55.25
2017-12-13,76.51,55.4
2017-12-14,76.29,55.33
2017-12-15,76.54,55.02
2017-12-18,75.5,54.41
2017-12-19,74.51,53.42
2017-12-20,74.5,53.0
2017-12-21,73.74,52.37
2017-12-22,73.65,52.45
2017-12-26,72.99,52.14
2017-12-27,73.24,52.36
2017-12-28,73.65,52.65
2017-12-29,73.57,52.68
2018-01-02,72.41,52.19
2018-01-03,71.8,51.78
2018-01-04,70.95,51.35
2018-01-05,70.8,51.33
2018-01-08,71.42,51.81
2018-01-09,70.58,51.3
2018-01-10,69.5,50.74
2018-01-11,68.73,50.55
2018-01-12,67.46,50.26
2018-01-16,67.5,50.15
2018-01-17,68.25,50.46
2018-01-18,67.8,50.14
2018-01-19,67.76,49.99
2018-01-22,68.13,50.06
2018-01-23,68.77,50.54
2018-01-24,68.48,50.23
2018-01-25,69.7,51.01
2018-01-26,68.75,51.04
2018-01-29,67.9,50.39
2018-01-30,68.35,50.48
2018-01-31,68.78,51.04
2018-02-01,67.84,50.24
2018-02-02,67.75,49.88
2018-02-05,66.48,49.06
2018-02-06,64.91,48.33
2018-02-07,64.45,48.1
2018-02-08,63.38,47.56
2018-02-09,64.72,48.56
2018-02-12,64.8,48.93
2018-02-13,65.58,49.15
2018-02-14,65.3,48.6
2018-02-15,66.68,49.68
2018-02-16,67.26,50.12
2018-02-20,66.37,49.47
2018-02-21,65.58,48.82
2018-02-22,65.68,49.07
2018-02-23,67.37,50.35
2018-02-26,66.97,50.2
2018-02-27,65.95,49.4
2018-02-28,65.58,49.06
2018-03-01,65.62,49.07
2018-03-02,65.18,48.94
2018-03-05,66.49,49.94
2018-03-06,65.5,49.27
2018-03-07,64.92,48.9
2018-03-08,65.3,49.26
2018-03-09,65.65,49.4
2018-03-12,65.87,49.61
2018-03-13,66.04,49.72
2018-03-14,66.59,50.23
2018-03-15,66.99,50.2
2018-03-16,67.81,50.25
2018-03-19,67.45,49.94
2018-03-20,67.45,49.71
2018-03-21,66.91,49.54
2018-03-22,67.36,49.76
2018-03-23,66.39,49.06
2018-03-26,67.31,49.57
2018-03-27,68.43,50.28
2018-03-28,68.66,50.26
2018-03-29,68.59,50.53
2018-04-02,68.28,50.14
2018-04-03,68.45,50.31
2018-04-04,68.67,50.42
2018-04-05,68.94,50.82
2018-04-06,68.53,50.42
2018-04-09,68.71,50.52
2018-04-10,67.87,50.13
2018-04-11,67.79,50.06
2018-04-12,66.64,49.4
2018-04-13,67.34,49.79
2018-04-16,68.27,50.47
2018-04-17,68.86,50.98
2018-04-18,68.73,50.79
2018-04-19,68.52,50.76
2018-04-20,68.46,50.3
2018-04-23,68.44,50.33
2018-04-24,68.88,50.67
2018-04-25,69.09,50.68
2018-04-26,69.77,51.19
2018-04-27,70.55,51.71
2018-04-30,69.98,51.56
2018-05-01,69.44,51.4
2018-05-02,69.19,51.35
2018-05-03,69.24,51.28
2018-05-04,69.39,51.51
2018-05-07,68.78,51.24
2018-05-08,67.25,49.96
2018-05-09,66.27,49.61
2018-05-10,67.02,50.31
2018-05-11,67.16,50.38
2018-05-14,67.11,50.19
2018-05-15,66.81,49.77
2018-05-16,66.15,49.38
2018-05-17,65.22,48.98
2018-05-18,64.93,48.99
2018-05-21,65.09,49.24
2018-05-22,65.44,49.42
2018-05-23,66.47,49.87
2018-05-24,66.84,50.28
2018-05-25,67.22,50.5
2018-05-29,67.62,50.5
2018-05-30,68.0,50.91
2018-05-31,67.95,50.99
2018-06-01,66.68,50.21
2018-06-04,66.05,49.81
2018-06-05,65.29,49.55
2018-06-06,63.81,48.37
2018-06-07,64.15,48.71
2018-06-08,64.11,48.69
2018-06-11,62.93,48.59
2018-06-12,63.57,49.15
2018-06-13,63.46,49.02
2018-06-14,64.62,49.63
2018-06-15,65.05,49.54
2018-06-18,65.46,49.7
2018-06-19,66.87,50.19
2018-06-20,66.9,50.23
2018-06-21,67.47,50.4
2018-06-22,67.35,50.75
2018-06-25,69.03,51.59
2018-06-26,69.3,51.65
2018-06-27,69.85,51.9
2018-06-28,69.34,51.88
2018-06-29,69.25,51.96
2018-07-02,70.05,52.33
2018-07-03,70.5,52.48
2018-07-05,71.13,52.76
2018-07-06,71.56,53.17
2018-07-09,68.87,51.53
2018-07-10,69.78,52.02
2018-07-11,70.75,52.49
2018-07-12,70.38,52.53
2018-07-13,70.35,52.54
2018-07-16,70.42,52.49
2018-07-17,70.44,52.45
2018-07-18,70.24,52.18
2018-07-19,70.64,52.66
2018-07-20,70.41,52.29
2018-07-23,69.44,51.92
2018-07-24,69.06,52.1
2018-07-25,69.38,52.25
2018-07-26,71.04,52.81
2018-07-27,71.14,52.64
2018-07-30,70.4,52.32
2018-07-31,71.14,52.79
2018-08-01,70.3,52.45
2018-08-02,70.49,52.71
2018-08-03,71.18,53.3
2018-08-06,71.27,53.34
2018-08-07,71.24,53.26
2018-08-08,70.93,52.98
2018-08-09,70.98,53.22
2018-08-10,70.85,52.99
2018-08-13,70.94,53.06
2018-08-14,71.02,53.17
2018-08-15,71.77,53.66
2018-08-16,72.34,54.24
2018-08-17,72.5,54.52
2018-08-20,72.18,54.33
2018-08-21,71.65,53.94
2018-08-22,70.74,53.54
2018-08-23,71.36,53.5
2018-08-24,71.55,53.73
2018-08-27,71.16,53.4
2018-08-28,71.11,53.29
2018-08-29,71.7,53.68
2018-08-30,71.81,53.7
2018-08-31,71.73,53.47
2018-09-04,72.26,53.71
2018-09-05,73.24,54.46
2018-09-06,73.33,54.77
2018-09-07,72.68,54.1
2018-09-10,73.4,54.37
2018-09-11,72.98,54.23
2018-09-12,72.51,54.18
2018-09-13,72.97,54.59
2018-09-14,72.6,54.3
2018-09-17,72.8,54.48
2018-09-18,72.43,54.38
2018-09-19,70.98,53.2
2018-09-20,71.08,53.31
2018-09-21,71.4,53.06
2018-09-24,70.64,52.59
2018-09-25,69.81,51.87
2018-09-26,68.97,51.36
2018-09-27,69.76,51.89
2018-09-28,70.88,52.65
2018-10-01,70.9,52.47
2018-10-02,71.35,53.18
2018-10-03,70.22,52.54
2018-10-04,70.56,52.82
2018-10-05,71.87,53.63
2018-10-08,72.85,54.08
2018-10-09,73.05,54.3
2018-10-10,72.7,54.0
2018-10-11,71.22,53.01
2018-10-12,70.9,52.95
2018-10-15,71.02,53.2
2018-10-16,71.7,53.75
2018-10-17,71.72,53.65
2018-10-18,71.68,53.73
2018-10-19,73.26,54.57
2018-10-22,73.15,54.22
2018-10-23,73.44,53.92
2018-10-24,75.56,55.23
2018-10-25,73.54,54.37
2018-10-26,72.74,53.37
2018-10-29,74.04,54.12
2018-10-30,74.29,54.33
2018-10-31,73.36,53.69
2018-11-01,72.97,53.45
2018-11-02,72.69,53.15
2018-11-05,73.5,53.9
2018-11-06,74.45,54.26
2018-11-07,75.13,54.88
2018-11-08,74.17,54.79
2018-11-09,75.32,54.87
2018-11-12,76.2,54.84
2018-11-13,76.43,55.07
2018-11-14,76.13,54.5
2018-11-15,76.79,54.05
2018-11-16,77.02,54.88
2018-11-19,77.43,55.12
2018-11-20,77.82,54.89
2018-11-21,75.65,54.08
2018-11-23,75.86,54.11
2018-11-26,75.96,54.43
2018-11-27,76.58,54.84
2018-11-28,76.22,54.8
2018-11-29,76.35,54.78
2018-11-30,77.74,55.59
2018-12-03,78.31,56.15
2018-12-04,78.42,56.19
2018-12-06,78.76,56.25
2018-12-07,79.32,56.46
2018-12-10,79.36,56.57
2018-12-11,79.76,56.8
2018-12-12,79.52,56.44
2018-12-13,80.36,56.93
2018-12-14,80.01,56.82
2018-12-17,77.33,54.99
2018-12-18,77.26,54.62
2018-12-19,76.86,54.53
2018-12-20,77.62,54.5
2018-12-21,76.43,53.81
2018-12-24,73.55,51.56
2018-12-26,74.36,52.26
2018-12-27,75.04,52.7
2018-12-28,74.73,52.83
2018-12-31,74.74,52.92
2019-01-02,72.94,52.01
2019-01-03,72.77,52.0
2019-01-04,73.44,52.77
2019-01-07,73.03,52.41
2019-01-08,73.93,53.06
2019-01-09,73.37,52.74
2019-01-10,74.72,53.43
2019-01-11,74.44,53.23
2019-01-14,73.79,52.03
2019-01-15,75.38,52.67
2019-01-16,75.72,52.86
2019-01-17,76.0,53.08
2019-01-18,76.09,53.14
2019-01-22,76.38,53.24
2019-01-23,77.01,53.78
2019-01-24,77.75,54.06
2019-01-25,76.8,53.32
2019-01-28,76.85,53.07
2019-01-29,76.97,53.22
2019-01-30,77.16,53.63
2019-01-31,79.12,54.76
2019-02-01,79.11,54.55
2019-02-04,79.47,54.64
2019-02-05,79.01,54.75
2019-02-06,79.21,54.72
2019-02-07,79.45,55.44
2019-02-08,80.02,55.68
2019-02-11,80.09,55.66
2019-02-12,80.3,55.79
2019-02-13,79.55,55.63
2019-02-14,79.35,55.54
2019-02-15,79.27,55.71
2019-02-19,80.08,56.04
2019-02-20,80.52,56.29
2019-02-21,81.15,56.7
2019-02-22,81.72,57.05
2019-02-25,80.78,56.68
2019-02-26,80.42,56.61
2019-02-27,80.63,56.68
2019-02-28,81.15,57.01
2019-03-01,81.4,57.13
2019-03-04,81.42,57.23
2019-03-05,81.03,57.16
2019-03-06,81.26,57.16
2019-03-07,81.45,57.35
2019-03-08,81.95,57.55
2019-03-11,82.6,57.96
2019-03-12,83.11,58.36
2019-03-13,83.18,58.42
2019-03-14,82.98,58.41
2019-03-15,83.81,58.19
2019-03-18,83.48,57.97
2019-03-19,82.56,57.31
2019-03-20,82.87,57.46
2019-03-21,84.09,58.07
2019-03-22,85.14,58.49
2019-03-25,85.32,58.54
2019-03-26,85.98,58.96
2019-03-27,85.23,58.55
2019-03-28,83.79,57.86
2019-03-29,83.75,58.17
2019-04-01,82.82,57.77
2019-04-02,83.08,57.85
2019-04-03,82.91,57.76
2019-04-04,82.62,57.56
2019-04-05,83.57,58.1
2019-04-08,83.15,57.69
2019-04-09,83.57,57.83
2019-04-10,83.35,57.65
2019-04-11,83.94,57.94
2019-04-12,84.15,58.21
2019-04-15,84.26,58.2
2019-04-16,83.05,57.48
2019-04-17,83.2,57.26
2019-04-18,83.01,57.29
2019-04-22,82.93,57.24
2019-04-23,83.57,57.4
2019-04-24,84.02,57.77
2019-04-25,84.83,58.01
2019-04-26,84.71,58.1
2019-04-29,84.04,57.76
2019-04-30,85.55,58.71
2019-05-01,84.95,58.11
2019-05-02,84.7,57.98
2019-05-03,85.43,58.3
2019-05-06,84.83,57.98
2019-05-07,84.63,57.8
2019-05-08,83.73,57.01
2019-05-09,82.87,56.94
2019-05-10,84.66,57.96
2019-05-13,86.34,58.58
2019-05-14,85.56,58.19
2019-05-15,85.05,58.09
2019-05-16,85.4,58.48
2019-05-17,85.85,58.78
2019-05-20,86.6,58.86
2019-05-21,86.61,58.97
2019-05-22,87.29,59.41
2019-05-23,88.18,59.92
2019-05-24,88.29,59.83
2019-05-28,86.67,58.85
2019-05-29,85.69,58.07
2019-05-30,85.3,57.98
2019-05-31,86.12,58.25
2019-06-03,87.37,58.83
2019-06-04,87.05,58.88
2019-06-05,89.37,60.14
2019-06-06,90.0,60.51
2019-06-07,89.54,60.06
2019-06-10,89.02,59.65
2019-06-11,88.32,59.29
2019-06-12,89.39,60.06
2019-06-13,89.59,60.18
2019-06-14,90.58,60.81
2019-06-17,90.08,60.64
2019-06-18,89.78,60.39
2019-06-19,90.86,60.85
2019-06-20,90.87,61.24
2019-06-21,91.55,60.99
2019-06-24,90.9,61.01
2019-06-25,90.37,60.64
2019-06-26,88.5,59.32
2019-06-27,87.9,59.4
2019-06-28,88.01,59.63
2019-07-01,88.13,59.48
2019-07-02,89.19,60.29
2019-07-03,90.14,60.71
2019-07-05,89.84,60.68
2019-07-08,89.93,60.77
2019-07-09,90.36,60.85
2019-07-10,90.81,60.99
2019-07-11,90.93,61.01
2019-07-12,90.25,60.61
2019-07-15,91.19,60.85
2019-07-16,90.51,60.5
2019-07-17,91.02,60.73
2019-07-18,91.76,61.26
2019-07-19,90.28,60.37
2019-07-22,90.12,60.24
2019-07-23,89.51,59.86
2019-07-24,89.61,59.91
2019-07-25,89.08,59.76
2019-07-26,88.95,59.98
2019-07-29,89.74,60.29
2019-07-30,88.72,59.83
2019-07-31,87.81,59.55
2019-08-01,88.81,60.16
2019-08-02,88.7,60.15
2019-08-05,88.02,59.29
2019-08-06,89.14,60.03
2019-08-07,89.74,60.18
2019-08-08,89.51,60.8
2019-08-09,89.97,60.87
2019-08-12,90.43,60.75
2019-08-13,90.25,60.79
2019-08-14,88.48,60.29
2019-08-15,90.36,61.07
2019-08-16,90.23,61.38
2019-08-19,90.55,61.77
2019-08-20,90.77,61.67
2019-08-21,91.35,62.08
2019-08-22,90.97,62.14
2019-08-23,89.58,61.48
2019-08-26,90.83,62.19
2019-08-27,90.67,62.3
2019-08-28,89.63,62.13
2019-08-29,90.72,62.56
2019-08-30,91.15,62.58
2019-09-03,92.78,63.69
2019-09-04,93.05,63.75
2019-09-05,91.53,63.06
2019-09-06,91.09,62.81
2019-09-09,91.38,62.5
2019-09-10,91.09,62.58
2019-09-11,91.69,63.2
2019-09-12,92.02,63.34
2019-09-13,91.54,62.94
2019-09-16,91.71,62.99
2019-09-17,92.73,63.54
2019-09-18,93.02,63.81
2019-09-19,93.18,64.11
2019-09-20,93.18,63.87
2019-09-23,93.4,63.88
2019-09-24,94.59,64.63
2019-09-25,94.23,64.59
2019-09-26,94.29,64.93
2019-09-27,94.2,64.7
2019-09-30,93.69,64.74
2019-10-01,93.22,64.59
2019-10-02,92.13,63.73
2019-10-03,92.5,63.88
2019-10-04,93.61,64.77
2019-10-07,93.71,64.52
2019-10-08,92.56,63.92
2019-10-09,92.88,64.23
2019-10-10,92.61,64.16
2019-10-11,92.34,63.92
2019-10-14,92.03,63.51
2019-10-15,91.74,63.31
2019-10-16,92.6,63.45
2019-10-17,93.0,63.61
2019-10-18,94.14,63.82
2019-10-21,94.48,64.07
2019-10-22,94.15,64.34
2019-10-23,94.44,64.6
2019-10-24,95.72,64.82
2019-10-25,94.35,64.16
2019-10-28,93.37,63.28
2019-10-29,93.17,63.34
2019-10-30,94.1,63.9
2019-10-31,94.39,64.25
2019-11-01,93.56,64.09
2019-11-04,92.8,63.27
2019-11-05,91.4,62.62
2019-11-06,91.98,62.86
2019-11-07,89.34,62.01
2019-11-08,89.07,61.75
2019-11-11,88.77,61.37
2019-11-12,88.5,61.52
2019-11-13,89.86,62.43
2019-11-14,89.6,62.65
2019-11-15,89.56,62.85
2019-11-18,90.15,62.98
2019-11-19,90.67,62.82
2019-11-20,91.46,63.2
2019-11-21,91.07,62.98
2019-11-22,91.54,63.0
2019-11-25,90.89,62.79
2019-11-26,91.5,63.0
2019-11-27,91.59,63.11
2019-11-29,91.35,63.05
2019-12-02,90.28,62.64
2019-12-03,90.88,62.81
2019-12-04,92.03,63.29
2019-12-05,92.46,63.4
2019-12-06,92.39,63.21
2019-12-09,91.86,62.99
2019-12-10,91.94,62.98
2019-12-11,92.15,63.15
2019-12-12,91.14,62.88
2019-12-13,92.05,63.37
2019-12-16,93.03,64.16
2019-12-17,93.22,64.37
2019-12-18,93.75,64.63
2019-12-19,93.97,64.65
2019-12-20,94.9,64.59
2019-12-23,93.75,63.99
2019-12-24,93.84,64.08
2019-12-26,93.88,64.19
2019-12-27,94.19,64.38
2019-12-30,94.03,64.37
2019-12-31,94.51,64.62
2020-01-02,93.46,63.81
2020-01-03,93.36,63.94
2020-01-06,93.67,64.0
2020-01-07,93.69,63.91
2020-01-08,93.41,63.88
2020-01-09,93.88,64.23
2020-01-10,94.34,64.4
2020-01-13,94.63,64.79
2020-01-14,94.98,64.98
2020-01-15,96.6,65.89
2020-01-16,97.31,66.3
2020-01-17,98.56,66.76
2020-01-21,99.34,67.37
2020-01-22,100.0,67.58
2020-01-23,100.97,68.18
2020-01-24,102.16,68.36
2020-01-27,101.78,68.19
2020-01-28,102.19,68.47
2020-01-29,102.81,68.65
2020-01-30,104.1,69.29
2020-01-31,104.22,68.98
2020-02-03,104.22,69.2
2020-02-04,102.87,68.51
2020-02-05,102.12,68.79
2020-02-06,102.25,68.81
2020-02-07,101.34,68.59
2020-02-10,101.92,68.85
2020-02-11,102.22,69.1
2020-02-12,101.79,69.15
2020-02-13,102.85,69.92
2020-02-14,103.76,70.39
2020-02-18,104.33,70.98
2020-02-19,103.5,70.21
2020-02-20,102.38,70.46
2020-02-21,101.71,70.33
2020-02-24,100.04,69.51
2020-02-25,98.17,68.05
2020-02-26,97.43,67.36
2020-02-27,91.86,64.33
2020-02-28,89.26,62.18
2020-03-02,95.09,65.84
2020-03-03,95.45,65.03
2020-03-04,99.82,68.72
2020-03-05,98.79,67.66
2020-03-06,97.7,67.11
2020-03-09,94.96,63.46
2020-03-10,94.72,64.05
2020-03-11,89.72,60.83
2020-03-12,82.54,54.69
2020-03-13,86.47,57.67
2020-03-16,81.66,51.12
2020-03-17,91.2,57.66
2020-03-18,88.28,55.15
2020-03-19,80.81,51.94
2020-03-20,71.45,47.82
2020-03-23,70.0,44.93
2020-03-24,72.05,49.76
2020-03-25,73.29,51.03
2020-03-26,81.8,55.38
2020-03-27,83.4,55.68
2020-03-30,83.71,57.74
2020-03-31,79.98,55.41
2020-04-01,74.57,52.08
2020-04-02,76.79,53.71
2020-04-03,72.5,51.79
2020-04-06,78.59,55.79
2020-04-07,78.75,55.09
2020-04-08,83.3,58.09
2020-04-09,86.31,60.83
2020-04-13,83.5,58.9
2020-04-14,86.25,60.63
2020-04-15,83.61,58.63
2020-04-16,84.05,58.64
2020-04-17,86.38,60.53
2020-04-20,82.91,58.24
2020-04-21,82.47,57.28
2020-04-22,85.0,58.95
2020-04-23,83.02,57.96
2020-04-24,83.23,58.32
2020-04-27,83.62,58.93
2020-04-28,84.63,59.15
2020-04-29,83.13,58.61
2020-04-30,83.11,57.26
2020-05-01,81.39,55.88
2020-05-04,83.05,56.3
2020-05-05,83.31,56.76
2020-05-06,78.82,54.83
2020-05-07,78.6,55.05
2020-05-08,79.86,56.16
2020-05-11,79.17,55.92
2020-05-12,77.91,55.43
2020-05-13,77.73,54.96
2020-05-14,78.1,55.55
2020-05-15,78.43,54.81
2020-05-18,79.88,57.06
2020-05-19,77.14,56.12
2020-05-20,77.75,56.43
2020-05-21,77.37,55.86
2020-05-22,78.78,56.48
2020-05-26,79.92,56.85
2020-05-27,81.44,57.53
2020-05-28,85.1,59.23
2020-05-29,85.25,59.69
2020-06-01,86.14,60.4
2020-06-02,85.98,60.79
2020-06-03,86.99,61.52
2020-06-04,84.4,60.42
2020-06-05,85.51,61.19
2020-06-08,87.91,62.83
2020-06-09,85.91,61.57
2020-06-10,85.37,61.21
2020-06-11,81.76,58.82
2020-06-12,81.8,58.67
2020-06-15,81.76,59.07
2020-06-16,81.6,59.34
2020-06-17,82.25,59.16
2020-06-18,81.77,59.15
2020-06-19,79.71,57.49
2020-06-22,80.62,57.57
2020-06-23,80.95,56.99
2020-06-24,80.71,56.47
2020-06-25,79.3,55.77
2020-06-26,78.0,55.18
2020-06-29,79.57,56.22
2020-06-30,79.64,56.43
2020-07-01,82.0,57.75
2020-07-02,82.52,57.9
2020-07-06,82.12,57.19
2020-07-07,82.39,56.96
2020-07-08,82.42,57.47
2020-07-09,82.02,56.7
2020-07-10,84.15,57.77
2020-07-13,84.76,57.83
2020-07-14,85.35,58.37
2020-07-15,84.68,58.14
2020-07-16,85.09,58.88
2020-07-17,87.51,60.21
2020-07-20,86.72,59.42
2020-07-21,87.56,59.69
2020-07-22,89.28,60.61
2020-07-23,88.71,60.68
2020-07-24,88.05,60.28
2020-07-27,83.26,59.55
2020-07-28,84.74,60.45
2020-07-29,84.8,60.73
2020-07-30,86.07,60.73
2020-07-31,86.88,60.83
2020-08-03,85.77,60.17
2020-08-04,85.54,60.83
2020-08-05,84.83,60.05
2020-08-06,85.37,60.4
2020-08-07,86.6,61.49
2020-08-10,85.94,61.47
2020-08-11,83.29,60.14
2020-08-12,84.15,61.01
2020-08-13,83.66,60.91
2020-08-14,82.95,60.38
2020-08-17,81.23,60.3
2020-08-18,81.55,60.03
2020-08-19,80.92,59.85
2020-08-20,79.41,59.32
2020-08-21,79.08,59.42
2020-08-24,80.78,59.94
2020-08-25,79.77,59.37
2020-08-26,78.61,58.71
2020-08-27,78.37,58.9
2020-08-28,78.35,59.07
2020-08-31,78.83,59.25
2020-09-01,77.82,58.57
2020-09-02,80.31,60.39
2020-09-03,79.56,59.71
2020-09-04,79.05,59.37
2020-09-08,78.98,59.04
2020-09-09,79.91,59.82
2020-09-10,78.52,58.79
2020-09-11,79.15,58.93
2020-09-14,80.34,59.74
2020-09-15,80.0,60.14
2020-09-16,80.46,60.06
2020-09-17,80.04,59.57
2020-09-18,78.78,58.52
2020-09-21,79.36,57.66
2020-09-22,79.85,58.02
2020-09-23,79.18,57.13
2020-09-24,80.49,57.77
2020-09-25,80.65,58.72
2020-09-28,80.65,58.87
2020-09-29,80.97,58.85
2020-09-30,81.73,59.38
2020-10-01,83.06,59.98
2020-10-02,85.3,60.69
2020-10-05,87.05,61.45
2020-10-06,88.43,61.97
2020-10-07,88.61,62.35
2020-10-08,89.38,63.49
2020-10-09,89.82,63.48
2020-10-12,90.48,63.88
2020-10-13,89.23,63.44
2020-10-14,89.34,63.36
2020-10-15,89.54,63.32
2020-10-16,91.52,64.0
2020-10-19,91.28,63.46
2020-10-20,90.68,63.84
2020-10-21,90.4,63.67
2020-10-22,92.2,64.57
2020-10-23,91.88,64.75
2020-10-26,93.59,64.73
2020-10-27,92.53,64.68
2020-10-28,90.32,62.8
2020-10-29,90.54,62.97
2020-10-30,89.93,62.38
2020-11-02,91.23,63.75
2020-11-03,90.89,64.67
2020-11-04,90.15,63.7
2020-11-05,90.71,64.27
2020-11-06,90.92,64.13
2020-11-09,90.26,65.32
2020-11-10,90.79,66.26
2020-11-11,91.15,66.51
2020-11-12,89.635,65.44
2020-11-13,89.87,66.09
2020-11-16,89.21,66.76
2020-11-17,86.73,65.45
2020-11-18,84.13,64.17
2020-11-19,82.45,63.53
2020-11-20,82.49,63.54
2020-11-23,83.41,63.55
2020-11-24,84.82,64.23
2020-11-25,85.37,64.4
2020-11-27,84.92,63.76
2020-11-30,84.89,62.84
2020-12-01,85.21,63.28
2020-12-02,85.87,63.7
2020-12-03,84.74,63.04
2020-12-04,83.39,62.41
2020-12-07,83.84,62.76
2020-12-08,83.49,62.57
2020-12-09,83.6,62.46
2020-12-10,82.48,62.14
2020-12-11,82.76,62.24
2020-12-14,82.21,61.92
2020-12-15,84.29,63.14
2020-12-16,82.83,62.41
2020-12-17,83.86,62.83
2020-12-18,83.29,62.29
2020-12-21,82.12,61.02
2020-12-22,81.4,60.9
2020-12-23,80.71,60.78
2020-12-24,81.42,61.21
2020-12-28,81.28,61.48
2020-12-29,81.18,61.47
2020-12-30,81.51,61.78
2020-12-31,83.27,62.7
2021-01-04,81.54,61.12
2021-01-05,81.43,61.11
2021-01-06,82.08,62.63
2021-01-07,79.89,61.81
2021-01-08,79.18,62.33
2021-01-11,78.775,61.75
2021-01-12,77.84,61.42
2021-01-13,78.15,62.62
2021-01-14,78.83,62.38
2021-01-15,80.47,62.99
2021-01-19,80.71,62.75
2021-01-20,80.75,63.12
2021-01-21,80.97,62.75
2021-01-22,82.08,62.84
2021-01-25,82.59,64.1
2021-01-26,81.82,63.46
2021-01-27,80.44,61.75
2021-01-28,80.56,62.49
2021-01-29,80.91,62.15
2021-02-01,81.18,62.45
2021-02-02,82.11,62.96
2021-02-03,81.28,62.76
2021-02-04,82.21,63.25
2021-02-05,82.19,63.59
2021-02-08,80.98,63.1
2021-02-09,79.84,63.19
2021-02-10,80.01,63.44
2021-02-11,78.95,63.08
2021-02-12,78.61,62.62
2021-02-16,78.19,61.92
2021-02-17,78.49,61.97
2021-02-18,80.48,62.34
2021-02-19,79.08,61.41
2021-02-22,76.77,60.21
2021-02-23,78.09,60.71
2021-02-24,77.1,60.0
2021-02-25,76.3,59.46
2021-02-26,74.85,58.36
2021-03-01,76.71,59.65
2021-03-02,76.45,59.47
2021-03-03,76.32,58.77
2021-03-04,77.25,58.72
2021-03-05,78.9,59.68
2021-03-08,80.49,60.52
2021-03-09,80.6,61.32
2021-03-10,81.2,61.74
2021-03-11,80.0,61.58
2021-03-12,81.04,62.41
2021-03-15,82.28,63.21
2021-03-16,83.5,63.29
2021-03-17,82.12,62.26
2021-03-18,82.6,62.03
2021-03-19,83.67,62.2
2021-03-22,83.63,61.65
2021-03-23,84.64,62.57
2021-03-24,84.99,62.59
2021-03-25,84.72,63.26
2021-03-26,84.99,63.47
2021-03-29,85.84,64.15
2021-03-30,84.73,63.57
2021-03-31,84.7,64.04
2021-04-01,85.54,63.98
2021-04-05,86.29,64.68
2021-04-06,86.77,65.02
2021-04-07,86.69,64.94
2021-04-08,86.07,64.89
2021-04-09,85.89,64.82
2021-04-12,86.0,64.88
2021-04-13,86.72,65.65
2021-04-14,87.07,65.94
2021-04-15,87.805,66.67
2021-04-16,88.55,67.21
2021-04-19,88.65,66.87
2021-04-20,90.14,67.72
2021-04-21,89.35,67.15
2021-04-22,87.95,66.67
2021-04-23,87.7,66.58
2021-04-26,87.6,66.2
2021-04-27,87.2,65.69
2021-04-28,86.73,65.6
2021-04-29,88.09,66.2
2021-04-30,88.71,66.72
2021-05-03,88.68,66.71
2021-05-04,88.38,66.46
2021-05-05,87.47,65.34
2021-05-06,88.12,65.84
2021-05-07,87.19,66.04
2021-05-10,87.56,66.71
2021-05-11,86.41,65.89
2021-05-12,84.98,64.35
2021-05-13,86.52,65.59
2021-05-14,86.76,65.91
2021-05-17,85.45,65.37
2021-05-18,85.75,65.36
2021-05-19,85.92,65.25
2021-05-20,86.26,65.82
2021-05-21,86.65,66.16
2021-05-24,86.57,66.04
2021-05-25,85.93,65.24
2021-05-26,85.75,65.25
2021-05-27,85.55,64.81
2021-05-28,86.0,65.16
2021-06-01,85.1,64.76
2021-06-02,85.65,65.1
2021-06-03,85.96,65.49
2021-06-04,86.03,65.39
2021-06-07,85.67,65.51
2021-06-08,82.97,64.95
2021-06-09,84.45,65.53
2021-06-10,84.73,65.96
2021-06-11,84.76,66.11
2021-06-14,85.13,66.25
2021-06-15,85.24,66.45
2021-06-16,84.4,65.45
2021-06-17,84.39,65.81
2021-06-18,82.35,64.1
2021-06-21,83.19,64.43
2021-06-22,83.26,64.04
2021-06-23,82.65,63.36
2021-06-24,82.85,63.3
2021-06-25,84.77,63.98
2021-06-28,84.9,64.39
2021-06-29,83.93,63.35
2021-06-30,84.59,63.23
2021-07-01,85.26,63.92
2021-07-02,85.2,64.02
2021-07-06,85.24,64.29
2021-07-07,85.62,64.71
2021-07-08,85.31,64.52
2021-07-09,85.39,64.6
2021-07-12,85.41,64.81
2021-07-13,85.24,64.32
2021-07-14,86.18,64.88
2021-07-15,87.18,65.61
2021-07-16,87.49,66.27
2021-07-19,85.77,65.22
2021-07-20,85.74,65.5
2021-07-21,84.72,64.78
2021-07-22,84.88,64.88
2021-07-23,85.98,65.71
2021-07-26,87.68,65.73
2021-07-27,89.39,66.86
2021-07-28,88.99,66.35
2021-07-29,89.14,66.53
2021-07-30,88.12,65.97
2021-08-02,88.34,66.48
2021-08-03,89.09,66.86
2021-08-04,88.83,66.76
2021-08-05,89.66,67.49
2021-08-06,89.34,67.45
2021-08-09,88.76,67.43
2021-08-10,88.75,67.5
2021-08-11,89.17,68.13
2021-08-12,88.95,68.2
2021-08-13,89.69,68.68
2021-08-16,90.3,69.1
2021-08-17,90.54,69.14
2021-08-18,89.75,68.79
2021-08-19,90.4,69.07
2021-08-20,91.08,69.93
2021-08-23,90.12,69.03
2021-08-24,89.23,68.58
2021-08-25,89.33,68.71
2021-08-26,89.25,68.54
2021-08-27,89.29,68.52
2021-08-30,89.62,68.62
2021-08-31,89.57,68.54
2021-09-01,90.5,69.44
2021-09-02,90.93,70.07
2021-09-03,90.41,69.49
2021-09-07,88.91,68.57
2021-09-08,90.68,69.8
2021-09-09,90.4,69.42
2021-09-10,88.83,68.45
2021-09-13,88.32,68.33
2021-09-14,87.83,68.1
2021-09-15,87.33,68.01
2021-09-16,85.98,67.44
2021-09-17,84.1,66.4
2021-09-20,83.3,65.78
2021-09-21,82.99,65.6
2021-09-22,82.72,65.56
2021-09-23,82.31,65.21
2021-09-24,82.05,65.14
2021-09-27,81.36,64.37
2021-09-28,81.28,63.56
2021-09-29,82.17,64.39
2021-09-30,81.18,63.88
2021-10-01,81.38,63.88
2021-10-04,83.04,64.76
2021-10-05,83.02,64.6
2021-10-06,84.56,65.6
2021-10-07,84.14,65.25
2021-10-08,83.58,64.77
2021-10-11,82.51,63.89
2021-10-12,82.55,64.32
2021-10-13,83.46,65.07
2021-10-14,84.05,65.87
2021-10-15,83.49,65.68
2021-10-18,82.99,65.05
2021-10-19,83.8,65.87
2021-10-20,84.9,66.91
2021-10-21,85.2,66.91
2021-10-22,85.58,67.25
2021-10-25,84.67,66.96
2021-10-26,84.42,67.32
2021-10-27,84.3,66.87
2021-10-28,84.71,67.31
2021-10-29,84.71,66.91
2021-11-01,85.13,67.15
2021-11-02,85.3,67.21
2021-11-03,84.93,66.96
2021-11-04,83.89,66.59
2021-11-05,85.04,67.22
2021-11-08,83.9,66.22
2021-11-09,83.04,66.56
2021-11-10,84.18,67.1
2021-11-11,82.61,66.69
2021-11-12,82.02,66.65
2021-11-15,82.88,67.53
2021-11-16,82.56,67.21
2021-11-17,83.24,67.27
2021-11-18,82.82,66.92
2021-11-19,83.38,67.3
2021-11-22,84.3,67.71
2021-11-23,84.31,67.78
2021-11-24,83.82,67.82
2021-11-26,82.55,66.76
2021-11-29,83.31,67.75
2021-11-30,81.05,65.77
2021-12-01,80.28,65.89
2021-12-02,81.31,66.73
2021-12-03,82.34,67.4
2021-12-06,83.49,68.43
2021-12-07,83.91,68.94
2021-12-08,84.02,68.87
2021-12-09,83.52,68.78
2021-12-10,83.99,69.15
2021-12-13,84.98,70.0
2021-12-14,85.13,69.58
2021-12-15,87.23,70.72
2021-12-16,88.0,71.08
2021-12-17,86.54,70.01
2021-12-20,87.23,69.53
2021-12-21,86.75,69.43
2021-12-22,86.62,69.73
2021-12-23,86.52,69.72
2021-12-27,87.08,70.06
2021-12-28,88.21,70.69
2021-12-29,88.58,71.07
2021-12-30,88.69,71.33
2021-12-31,88.97,71.58
2022-01-03,88.61,70.87
2022-01-04,88.65,70.65
2022-01-05,89.47,70.61
2022-01-06,89.18,69.88
2022-01-07,90.8,70.41
2022-01-10,90.5,69.95
2022-01-11,89.77,69.32
2022-01-12,90.29,69.54
2022-01-13,90.86,69.88
2022-01-14,90.98,69.4
2022-01-18,90.32,68.57
2022-01-19,90.3,68.88
2022-01-20,89.92,68.97
2022-01-21,89.97,68.84
2022-01-24,89.12,68.18
2022-01-25,88.96,67.11
2022-01-26,88.83,66.56
2022-01-27,89.4,67.15
2022-01-28,90.13,67.96
2022-01-31,90.4,69.25
2022-02-01,88.35,68.33
2022-02-02,89.88,69.34
2022-02-03,90.19,69.03
2022-02-04,89.17,68.48
2022-02-07,89.81,68.38
2022-02-08,90.2,68.43
2022-02-09,89.38,68.73
2022-02-10,87.39,66.99
2022-02-11,87.65,67.03
2022-02-14,86.18,66.46
2022-02-15,85.44,66.15
2022-02-16,85.41,66.3
2022-02-17,85.49,66.34
2022-02-18,85.71,66.22
2022-02-22,85.99,66.15
2022-02-23,84.64,65.03
2022-02-24,86.56,65.55
2022-02-25,89.46,67.58
2022-02-28,90.65,67.93
2022-03-01,90.21,67.34
2022-03-02,91.24,68.16
2022-03-03,93.98,69.36
2022-03-04,96.33,70.89
2022-03-07,97.26,71.81
2022-03-08,95.25,70.7
2022-03-09,95.01,70.2
2022-03-10,95.99,70.67
2022-03-11,95.54,70.43
2022-03-14,94.74,70.35
2022-03-15,96.11,71.25
2022-03-16,95.07,71.12
2022-03-17,94.94,71.42
2022-03-18,94.07,70.81
2022-03-21,94.69,70.81
2022-03-22,95.25,70.91
2022-03-23,96.01,71.01
2022-03-24,96.44,71.74
2022-03-25,96.84,72.78
2022-03-28,97.61,73.25
2022-03-29,98.69,73.93
2022-03-30,99.42,74.54
2022-03-31,99.77,74.46
2022-04-01,101.51,75.5
2022-04-04,100.65,74.92
2022-04-05,101.31,75.39
2022-04-06,104.49,76.89
2022-04-07,103.37,76.7
2022-04-08,102.99,76.96
2022-04-11,101.4,75.91
2022-04-12,102.31,76.2
2022-04-13,102.25,76.05
2022-04-14,102.04,76.09
2022-04-18,101.66,75.68
2022-04-19,102.43,76.17
2022-04-20,102.83,76.79
2022-04-21,102.12,75.52
2022-04-22,100.25,74.25
2022-04-25,100.5,73.74
2022-04-26,99.24,73.0
2022-04-27,99.53,72.65
2022-04-28,102.43,73.46
2022-04-29,99.11,71.26
2022-05-02,98.13,70.53
2022-05-03,98.58,70.8
2022-05-04,100.72,72.38
2022-05-05,99.66,71.64
2022-05-06,99.65,72.21
2022-05-09,99.69,71.67
2022-05-10,99.08,70.8
2022-05-11,99.78,71.31
2022-05-12,98.53,70.59
2022-05-13,99.69,71.43
2022-05-16,99.39,71.65
2022-05-17,100.4,72.39
2022-05-18,99.88,71.69
2022-05-19,99.04,71.54
2022-05-20,99.7,71.74
2022-05-23,100.27,72.6
2022-05-24,102.22,74.05
2022-05-25,102.48,74.0
2022-05-26,102.58,74.21
2022-05-27,103.57,75.37
2022-05-31,102.03,74.33
2022-06-01,102.04,74.21
2022-06-02,102.25,74.71
2022-06-03,101.95,74.35
2022-06-06,102.06,74.68
2022-06-07,102.43,75.13
2022-06-08,100.53,73.66
2022-06-09,98.26,71.89
2022-06-10,98.26,71.34
2022-06-13,93.01,68.06
2022-06-14,90.44,66.34
2022-06-15,90.65,66.77
2022-06-16,89.19,65.48
2022-06-17,88.41,64.87
2022-06-21,89.95,65.58
2022-06-22,90.31,66.27
2022-06-23,92.41,67.83
2022-06-24,93.6,69.01
2022-06-27,94.98,69.57
2022-06-28,95.08,69.31
2022-06-29,95.37,69.36
2022-06-30,95.94,70.13
2022-07-01,97.95,71.85
2022-07-05,93.58,69.4
2022-07-06,94.8,70.12
2022-07-07,94.52,70.05
2022-07-08,94.34,69.82
2022-07-11,95.01,70.26
2022-07-12,94.37,69.92
2022-07-13,93.9,69.63
2022-07-14,94.27,69.63
2022-07-15,95.22,69.76
2022-07-18,93.37,68.79
2022-07-19,93.59,69.23
2022-07-20,92.71,68.31
2022-07-21,92.79,68.49
2022-07-22,94.35,69.43
2022-07-25,95.8,70.3
2022-07-26,96.42,70.72
2022-07-27,96.29,70.78
2022-07-28,97.62,73.32
2022-07-29,98.56,73.95
2022-08-01,99.1,74.03
2022-08-02,98.46,73.88
2022-08-03,99.59,74.34
2022-08-04,99.95,74.5
2022-08-05,99.46,74.23
2022-08-08,100.08,74.34
2022-08-09,100.57,75.17
2022-08-10,101.34,75.5
2022-08-11,101.2,75.49
2022-08-12,103.78,76.72
2022-08-15,104.56,77.36
2022-08-16,104.46,77.58
2022-08-17,104.33,77.45
2022-08-18,104.37,77.74
2022-08-19,104.94,77.7
2022-08-22,103.41,76.64
2022-08-23,102.7,76.18
2022-08-24,102.66,76.42
2022-08-25,103.38,76.89
2022-08-26,101.82,75.71
2022-08-29,102.93,75.94
2022-08-30,101.34,74.83
2022-08-31,100.2,74.34
2022-09-01,102.38,75.41
2022-09-02,101.09,74.6
2022-09-06,101.56,74.79
2022-09-07,104.74,77.13
2022-09-08,103.98,77.07
2022-09-09,104.71,77.38
2022-09-12,105.18,78.12
2022-09-13,102.2,76.04
2022-09-14,103.32,76.66
2022-09-15,100.19,74.75
2022-09-16,100.36,74.47
2022-09-19,101.11,74.96
2022-09-20,99.76,73.87
2022-09-21,98.57,72.86
2022-09-22,98.88,72.6
2022-09-23,97.74,71.76
2022-09-26,95.63,70.03
2022-09-27,92.86,68.85
2022-09-28,93.56,69.59
2022-09-29,89.07,66.8
2022-09-30,86.45,65.51
2022-10-03,88.23,67.43
2022-10-04,90.66,68.86
2022-10-05,87.7,67.33
2022-10-06,84.51,65.11
2022-10-07,82.99,63.76
2022-10-10,84.45,63.87
2022-10-11,84.87,63.64
2022-10-12,81.74,61.52
2022-10-13,84.78,63.06
2022-10-14,83.52,62.15
2022-10-17,85.05,63.45
2022-10-18,86.58,64.61
2022-10-19,85.9,63.77
2022-10-20,83.93,62.16
2022-10-21,85.63,63.31
2022-10-24,86.0,63.84
2022-10-25,87.42,65.12
2022-10-26,87.45,65.09
2022-10-27,87.18,65.61
2022-10-28,89.4,67.41
2022-10-31,87.92,66.78
2022-11-01,88.53,67.04
2022-11-02,88.21,66.39
2022-11-03,88.68,66.68
2022-11-04,89.57,67.09
2022-11-07,88.0,65.81
2022-11-08,89.25,66.27
2022-11-09,87.82,65.75
2022-11-10,91.8,68.85
2022-11-11,89.98,68.08
2022-11-14,88.66,67.27
2022-11-15,89.22,68.01
2022-11-16,89.74,68.62
2022-11-17,89.07,67.42
2022-11-18,91.28,68.85
2022-11-21,93.15,69.16
2022-11-22,93.71,69.75
2022-11-23,95.13,70.53
2022-11-25,95.47,70.94
2022-11-28,95.22,70.21
2022-11-29,94.65,69.69
2022-11-30,96.8,71.43
2022-12-01,96.48,71.37
2022-12-02,95.12,71.03
2022-12-05,94.52,70.63
2022-12-06,96.37,71.07
2022-12-07,96.67,70.74
2022-12-08,97.72,71.2
2022-12-09,96.58,70.83
2022-12-12,98.55,72.45
2022-12-13,98.62,72.67
2022-12-14,98.49,72.58
2022-12-15,95.57,71.7
2022-12-16,94.57,70.48
2022-12-19,94.0,69.63
2022-12-20,93.67,69.65
2022-12-21,95.34,70.62
2022-12-22,94.47,70.19
2022-12-23,95.69,70.91
2022-12-27,96.29,71.35
2022-12-28,95.36,70.67
2022-12-29,96.01,71.18
2022-12-30,94.95,70.5
2023-01-03,94.87,70.5
2023-01-04,95.52,71.14
2023-01-05,93.78,69.6
2023-01-06,96.53,71.0
2023-01-09,97.95,71.48
2023-01-10,97.28,71.5
2023-01-11,97.63,72.08
2023-01-12,96.41,71.59
2023-01-13,94.84,71.33
2023-01-17,94.86,71.23
2023-01-18,92.45,69.52
2023-01-19,91.63,68.82
2023-01-20,92.17,69.23
2023-01-23,92.66,69.25
2023-01-24,92.7,69.6
2023-01-25,92.35,68.66
2023-01-26,92.99,68.89
2023-01-27,93.07,68.89
2023-01-30,92.87,68.58
2023-01-31,93.96,69.09
2023-02-01,94.65,69.21
2023-02-02,94.55,69.36
2023-02-03,92.11,67.91
2023-02-06,92.5,68.49
2023-02-07,92.28,68.46
2023-02-08,90.38,67.31
2023-02-09,88.48,66.39
2023-02-10,90.55,67.71
2023-02-13,91.09,68.12
2023-02-14,90.48,67.83
2023-02-15,90.92,68.27
2023-02-16,90.7,67.75
2023-02-17,92.41,68.48
2023-02-21,90.85,67.2
2023-02-22,90.82,66.94
2023-02-23,90.71,66.59
2023-02-24,90.43,66.61
2023-02-27,90.07,66.16
2023-02-28,87.97,65.0
2023-03-01,86.36,63.93
2023-03-02,87.99,65.14
2023-03-03,89.09,66.25
2023-03-06,89.37,66.57
2023-03-07,88.63,65.48
2023-03-08,89.3,65.98
2023-03-09,88.76,65.45
2023-03-10,87.53,64.42
2023-03-13,89.38,65.41
2023-03-14,90.25,66.27
2023-03-15,92.59,67.17
2023-03-16,92.01,67.62
2023-03-17,90.7,66.97
2023-03-20,91.76,67.0
2023-03-21,88.9,65.65
2023-03-22,86.85,64.36
2023-03-23,85.41,63.7
2023-03-24,89.09,65.69
2023-03-27,88.55,65.77
2023-03-28,88.93,65.95
2023-03-29,90.1,66.91
2023-03-30,90.43,67.2
2023-03-31,90.99,67.69
2023-04-03,90.9,67.23
2023-04-04,91.17,67.57
2023-04-05,94.54,69.32
2023-04-06,94.89,69.81
2023-04-10,94.44,69.67
2023-04-11,94.34,69.73
2023-04-12,94.26,69.66
2023-04-13,93.97,69.67
2023-04-14,92.5,68.89
2023-04-17,93.29,69.27
2023-04-18,92.47,68.91
2023-04-19,93.54,69.44
2023-04-20,93.51,69.42
2023-04-21,93.92,69.62
2023-04-24,94.24,69.97
2023-04-25,94.38,69.9
2023-04-26,92.25,68.26
2023-04-27,92.81,69.08
2023-04-28,92.42,68.98
2023-05-01,92.65,69.1
2023-05-02,91.28,68.26
2023-05-03,90.87,68.07
2023-05-04,91.44,68.59
2023-05-05,92.11,69.03
2023-05-08,92.14,68.82
2023-05-09,91.1,68.73
2023-05-10,91.72,69.36
2023-05-11,90.68,68.65
2023-05-12,91.66,69.03
2023-05-15,90.09,68.16
2023-05-16,88.09,66.65
2023-05-17,87.07,66.41
2023-05-18,86.64,66.21
2023-05-19,86.56,66.11
2023-05-22,86.41,66.13
2023-05-23,86.0,65.9
2023-05-24,85.17,65.47
2023-05-25,82.5,64.59
2023-05-26,82.25,64.59
2023-05-30,81.79,64.34
2023-05-31,83.12,64.93
2023-06-01,82.02,64.45
2023-06-02,83.45,65.12
2023-06-05,84.0,65.43
2023-06-06,83.44,65.38
2023-06-07,84.58,66.49
2023-06-08,84.68,66.78
2023-06-09,83.68,66.39
2023-06-12,83.69,66.27
2023-06-13,83.13,66.26
2023-06-14,83.61,66.22
2023-06-15,84.88,66.94
2023-06-16,84.93,67.3
2023-06-20,84.54,65.98
2023-06-21,85.45,66.51
2023-06-22,85.1,66.0
2023-06-23,83.49,65.03
2023-06-26,83.78,65.67
2023-06-27,83.44,65.69
2023-06-28,81.62,64.72
2023-06-29,83.26,64.72
2023-06-30,84.2,65.44
2023-07-03,85.32,65.93
2023-07-05,85.8,66.68
2023-07-06,85.33,65.87
2023-07-07,84.29,65.39
2023-07-10,84.34,65.11
2023-07-11,86.02,65.92
2023-07-12,87.24,66.88
2023-07-13,87.28,67.11
2023-07-14,87.22,66.85
2023-07-17,85.48,66.08
2023-07-18,84.67,65.57
2023-07-19,85.37,66.24
2023-07-20,86.82,67.45
2023-07-21,87.93,68.46
2023-07-24,87.6,68.28
2023-07-25,87.54,68.4
2023-07-26,87.61,68.4
2023-07-27,85.26,67.19
2023-07-28,85.42,67.04
2023-07-31,84.74,67.07
2023-08-01,84.03,66.25
2023-08-02,84.5,66.25
2023-08-03,81.99,64.74
2023-08-04,81.24,63.99
2023-08-07,80.88,63.98
2023-08-08,80.82,64.28
2023-08-09,80.71,64.42
2023-08-10,81.08,64.22
2023-08-11,81.11,64.57
2023-08-14,80.0,64.06
2023-08-15,79.1,63.02
2023-08-16,79.19,63.3
2023-08-17,78.78,63.16
2023-08-18,79.02,63.49
2023-08-21,78.56,63.09
2023-08-22,78.62,63.27
2023-08-23,79.43,63.52
2023-08-24,78.83,63.15
2023-08-25,79.33,63.63
2023-08-28,79.2,63.62
2023-08-29,79.63,63.86
2023-08-30,79.44,63.57
2023-08-31,78.4,62.96
2023-09-01,77.52,62.64
2023-09-05,76.0,61.68
2023-09-06,76.38,61.82
2023-09-07,77.34,62.63
2023-09-08,77.74,63.18
2023-09-11,77.8,63.44
2023-09-12,77.82,63.52
2023-09-13,79.33,64.28
2023-09-14,80.6,65.22
2023-09-15,80.04,64.94
2023-09-18,80.23,64.37
2023-09-19,80.06,64.02
2023-09-20,80.45,64.08
2023-09-21,79.88,63.41
2023-09-22,79.17,63.29
2023-09-25,78.68,63.2
2023-09-26,76.34,61.31
2023-09-27,75.86,60.13
2023-09-28,74.67,58.83
2023-09-29,75.22,58.93
2023-10-02,71.84,56.19
2023-10-03,72.81,56.84
2023-10-04,73.29,56.78
2023-10-05,71.33,56.45
2023-10-06,72.19,57.25
2023-10-09,73.66,57.82
2023-10-10,74.23,58.61
2023-10-11,75.28,59.56
2023-10-12,73.48,58.64
2023-10-13,74.47,59.3
2023-10-16,76.06,59.91
2023-10-17,75.67,59.75
2023-10-18,75.17,59.23
2023-10-19,74.42,58.64
2023-10-20,73.35,58.03
2023-10-23,73.35,57.54
2023-10-24,74.74,59.02
2023-10-25,75.36,59.35
2023-10-26,75.77,59.86
2023-10-27,74.93,58.73
2023-10-30,75.41,59.18
2023-10-31,75.54,59.69
2023-11-01,76.48,60.37
2023-11-02,79.24,61.5
2023-11-03,79.72,61.86
2023-11-06,79.25,61.7
2023-11-07,78.85,61.25
2023-11-08,78.15,60.8
2023-11-09,77.26,60.0
2023-11-10,77.7,60.32
2023-11-13,75.02,59.6
2023-11-14,77.41,61.98
2023-11-15,76.53,61.79
2023-11-16,77.38,62.12
2023-11-17,77.39,62.29
2023-11-20,77.19,62.1
2023-11-21,78.04,62.23
2023-11-22,78.25,62.53
2023-11-24,78.5,62.69
2023-11-27,78.54,62.79
2023-11-28,79.73,62.99
2023-11-29,79.215,62.49
2023-11-30,79.55,62.76
2023-12-01,80.51,63.53
2023-12-04,80.13,63.28
2023-12-05,79.31,62.83
2023-12-06,80.36,63.67
2023-12-07,80.2,63.53
2023-12-08,79.64,63.41
2023-12-11,80.49,63.82
2023-12-12,80.0,63.56
2023-12-13,83.57,65.96
2023-12-14,83.33,65.1
2023-12-15,82.23,63.97
2023-12-18,81.73,63.23
2023-12-19,82.13,63.59
2023-12-20,80.32,62.3
2023-12-21,80.04,62.41
2023-12-22,80.38,62.62
2023-12-26,80.73,63.0
2023-12-27,80.81,62.96
2023-12-28,81.33,63.41
2023-12-29,81.22,63.33
