date,C,KBE
1/4/2010,34.00000228,21.71
1/5/2010,35.30000348,22.18
1/6/2010,36.39999966,22.47
1/7/2010,36.50000267,23.41
1/8/2010,35.89999758,23.32
1/11/2010,36.29999764,23.33
1/12/2010,35.20000147,22.94
1/13/2010,35.00000544,23.33
1/14/2010,35.09999845,23.68
1/15/2010,34.19999731,23.16
1/19/2010,35.4000055,23.4
1/20/2010,34.59999638,23.71
1/21/2010,32.70000108,23.67
1/22/2010,32.50000505,22.96
1/25/2010,32.30000102,23
1/26/2010,31.50000189,22.57
1/27/2010,32.00000397,23.19
1/28/2010,32.40000303,23.3
1/29/2010,33.20000216,23.09
2/1/2010,33.39999719,23.42
2/2/2010,34.1000043,23.47
2/3/2010,33.70000424,22.95
2/4/2010,31.79999894,21.98
2/5/2010,32.199999,22.24
2/8/2010,31.50000189,21.91
2/9/2010,31.79999894,22.18
2/10/2010,32.00000397,22.34
2/11/2010,32.09999599,22.38
2/12/2010,31.79999894,22.23
2/16/2010,33.10000014,22.81
2/17/2010,34.1000043,22.83
2/18/2010,34.29999933,22.85
2/19/2010,34.19999731,23.15
2/22/2010,34.59999638,23.59
2/23/2010,33.5000002,23.1
2/24/2010,34.50000436,23.56
2/25/2010,33.89999927,23.4
2/26/2010,34.00000228,23.51
3/1/2010,33.89999927,23.43
3/2/2010,34.00000228,23.58
3/3/2010,34.00000228,23.55
3/4/2010,34.29999933,23.55
3/5/2010,35.00000544,24.14
3/8/2010,35.60000053,24.2
3/9/2010,38.20000293,24.35
3/10/2010,39.59999715,24.91
3/11/2010,41.80000049,25.3
3/12/2010,39.70000017,25.05
3/15/2010,38.90000004,25.12
3/16/2010,40.49999929,25.57
3/17/2010,40.49999929,26.02
3/18/2010,40.20000225,25.61
3/19/2010,39.00000306,25.37
3/22/2010,40.40000628,25.66
3/23/2010,41.29999842,25.89
3/24/2010,41.50000345,26.01
3/25/2010,42.70000263,26.07
3/26/2010,43.1000017,26.01
3/29/2010,41.80000049,25.89
3/30/2010,40.89999835,25.73
3/31/2010,40.49999929,25.81
4/1/2010,41.80000049,25.99
4/5/2010,42.59999962,26.61
4/6/2010,42.90000666,27.19
4/7/2010,43.60000377,27.08
4/8/2010,44.70000094,27.36
4/9/2010,45.50000007,27.48
4/12/2010,46.40000121,27.79
4/13/2010,46.20000618,27.49
4/14/2010,49.30000166,28.4
4/15/2010,48.10000247,28.17
4/16/2010,45.60000208,27.26
4/19/2010,48.79999958,27.47
4/20/2010,49.70000172,28.23
4/21/2010,49.30000166,28.43
4/22/2010,48.70000657,28.69
4/23/2010,48.60000455,28.72
4/26/2010,46.10000416,27.89
4/27/2010,43.39999874,27.07
4/28/2010,44.50000591,27.42
4/29/2010,45.60000208,28.02
4/30/2010,43.70000579,27.66
5/3/2010,44.10000585,28.12
5/4/2010,42.59999962,27.35
5/5/2010,41.80000049,27.35
5/6/2010,40.40000628,26.11
5/7/2010,40.00000621,25.7
5/10/2010,42.20000056,27.25
5/11/2010,41.69999848,27.4
5/12/2010,41.80000049,27.77
5/13/2010,40.89999835,27.3
5/14/2010,39.80000218,26.52
5/17/2010,38.600003,26.48
5/18/2010,37.30000179,25.45
5/19/2010,38.10000092,25.33
5/20/2010,36.29999764,24.13
5/21/2010,37.50000583,25.06
5/24/2010,37.80000387,24.24
5/25/2010,37.80000387,24.45
5/26/2010,38.600003,24.36
5/27/2010,40.20000225,25.37
5/28/2010,39.59999715,24.77
6/1/2010,38.50000098,24.22
6/2/2010,39.19999809,24.95
6/3/2010,39.59999715,24.77
6/4/2010,37.90000589,23.67
6/7/2010,36.39999966,23.16
6/8/2010,37.19999978,23.63
6/9/2010,38.70000501,23.43
6/10/2010,39.00000306,24.34
6/11/2010,38.79999803,24.3
6/14/2010,38.79999803,24.13
6/15/2010,39.9000042,24.8
6/16/2010,39.9000042,24.74
6/17/2010,39.59999715,24.7
6/18/2010,40.09999923,24.84
6/21/2010,40.20000225,24.82
6/22/2010,39.40000212,24.48
6/23/2010,38.90000004,24.3
6/24/2010,37.80000387,23.74
6/25/2010,39.40000212,24.41
6/28/2010,40.00000621,24.34
6/29/2010,37.30000179,23.28
6/30/2010,37.59999884,22.89
7/1/2010,37.80000387,22.69
7/2/2010,37.90000589,22.34
7/6/2010,37.90000589,22.58
7/7/2010,39.00000306,23.87
7/8/2010,39.70000017,23.94
7/9/2010,40.40000628,24.5
7/12/2010,41.10000339,24.59
7/13/2010,42.99999968,25.29
7/14/2010,42.09999754,24.91
7/15/2010,41.60000546,24.79
7/16/2010,39.00000306,23.4
7/19/2010,39.80000218,23.34
7/20/2010,39.9000042,23.32
7/21/2010,39.40000212,22.785
7/22/2010,40.89999835,23.6
7/23/2010,40.20000225,23.76
7/26/2010,41.50000345,24.37
7/27/2010,41.60000546,24.53
7/28/2010,40.89999835,24.24
7/29/2010,41.2000054,24.21
7/30/2010,41.00000137,24.19
8/2/2010,41.90000251,24.91
8/3/2010,41.29999842,24.59
8/4/2010,41.40000043,24.54
8/5/2010,41.00000137,24.42
8/6/2010,40.60000131,24.1
8/9/2010,40.80000634,24.19
8/10/2010,40.00000621,24.05
8/11/2010,38.50000098,23.02
8/12/2010,38.70000501,22.89
8/13/2010,38.79999803,22.86
8/16/2010,38.70000501,22.83
8/17/2010,38.50000098,22.85
8/18/2010,38.600003,22.93
8/19/2010,37.90000589,22.37
8/20/2010,37.50000583,22.29
8/23/2010,37.50000583,22.14
8/24/2010,37.09999676,21.67
8/25/2010,36.79999972,21.56
8/26/2010,36.60000469,21.45
8/27/2010,37.59999884,21.91
8/30/2010,36.6999977,21.39
8/31/2010,37.09000276,21.6
9/1/2010,38.47500498,22.47
9/2/2010,38.79999803,22.73
9/3/2010,39.10000507,23.13
9/7/2010,38.30000595,22.49
9/8/2010,38.39999797,22.79
9/9/2010,39.10000507,23.16
9/10/2010,39.10000507,23.17
9/13/2010,39.9000042,23.83
9/14/2010,39.40000212,23.56
9/15/2010,39.19999809,23.56
9/16/2010,39.70000017,23.42
9/17/2010,39.50000514,23.23
9/20/2010,39.9000042,23.76
9/21/2010,39.40000212,23.45
9/22/2010,38.79999803,23.04
9/23/2010,37.9999989,22.63
9/24/2010,39.04000007,23.27
9/27/2010,38.70000501,22.91
9/28/2010,38.82500303,22.99
9/29/2010,39.19999809,22.88
9/30/2010,39.10000507,22.95
10/1/2010,40.89999835,23.17
10/4/2010,40.30000426,23.09
10/5/2010,41.29999842,23.77
10/6/2010,41.00000137,23.68
10/7/2010,41.80000049,23.58
10/8/2010,41.90000251,23.53
10/11/2010,41.80000049,23.52
10/12/2010,42.40000459,23.83
10/13/2010,42.5000066,23.66
10/14/2010,40.60000131,23.04
10/15/2010,39.50000514,22.46
10/18/2010,41.69999848,22.97
10/19/2010,40.60000131,22.89
10/20/2010,41.10000339,22.72
10/21/2010,40.70000332,22.765
10/22/2010,41.10000339,22.81
10/25/2010,42.09999754,22.595
10/26/2010,41.80000049,22.63
10/27/2010,41.69999848,22.67
10/28/2010,41.69999848,22.61
10/29/2010,41.69999848,22.59
11/1/2010,41.50000345,22.48
11/2/2010,41.69999848,22.43
11/3/2010,41.90000251,22.85
11/4/2010,43.30000673,23.62
11/5/2010,44.90000498,24.19
11/8/2010,44.38000489,24.05
11/9/2010,42.99999968,23.63
11/10/2010,44.19999887,24.0175
11/11/2010,43.60000377,23.875
11/12/2010,42.90000666,23.35
11/15/2010,43.20000371,23.5
11/16/2010,42.20000056,23.11
11/17/2010,41.90000251,22.72
11/18/2010,42.99999968,22.88
11/19/2010,42.68000363,22.88
11/22/2010,41.80000049,22.49
11/23/2010,41.00000137,22.1
11/24/2010,41.67999948,22.35
11/26/2010,41.10000339,22.15
11/29/2010,41.50000345,22.41
11/30/2010,42.00000552,22.26
12/1/2010,42.99999968,22.76
12/2/2010,44.19999887,23.65
12/3/2010,44.50000591,23.89
12/6/2010,44.50000591,23.78
12/7/2010,46.20000618,23.79
12/8/2010,46.40000121,24.44
12/9/2010,46.87500728,25.05
12/10/2010,47.70000341,25.31
12/13/2010,48.10000247,25.2
12/14/2010,46.90000329,24.81
12/15/2010,45.89999913,24.54
12/16/2010,45.86500013,24.59
12/17/2010,47.0000063,24.88
12/20/2010,47.09999832,25
12/21/2010,47.40000536,25.49
12/22/2010,47.30000335,26.0671
12/23/2010,46.80000127,25.7
12/27/2010,47.70000341,25.97
12/28/2010,47.80000543,26.1
12/29/2010,47.70000341,26.01
12/30/2010,47.60000039,25.93
12/31/2010,47.30000335,25.91
1/3/2011,49.00000461,26.5
1/4/2011,49.00000461,26.4225
1/5/2011,49.70000172,26.81
1/6/2011,49.50000669,26.48
1/7/2011,49.40000367,26.23
1/10/2011,49.10000663,26.19
1/11/2011,49.40000367,26.32
1/12/2011,50.80000789,26.7225
1/13/2011,50.40000783,26.55
1/14/2011,51.29999997,27.14
1/18/2011,48.00000046,26.89
1/19/2011,47.60000039,26.22
1/20/2011,48.00000046,26.18
1/21/2011,48.9000016,26.61
1/24/2011,48.60000455,26.34
1/25/2011,48.20000449,26.3075
1/26/2011,48.10000247,26.16
1/27/2011,48.3000075,26.46
1/28/2011,47.20000133,26.04
1/31/2011,48.20000449,26.32
2/1/2011,49.00000461,26.96
2/2/2011,48.50000253,26.8075
2/3/2011,48.10000247,26.8975
2/4/2011,48.20000449,26.905
2/7/2011,49.00000461,27.285
2/8/2011,48.9000016,27.4975
2/9/2011,48.39999952,27.19
2/10/2011,47.80000543,27.08
2/11/2011,48.79999958,27.6175
2/14/2011,49.10000663,27.62
2/15/2011,49.10000663,27.52
2/16/2011,49.00000461,27.62
2/17/2011,49.40000367,27.38
2/18/2011,49.10000663,27.415
2/22/2011,46.90000329,26.47
2/23/2011,47.0000063,26.42
2/24/2011,46.90000329,26.245
2/25/2011,47.0000063,26.63
2/28/2011,46.80000127,26.5
3/1/2011,45.7000041,25.92
3/2/2011,46.00000215,25.87
3/3/2011,46.80000127,26.375
3/4/2011,45.40000705,25.98
3/7/2011,45.20000302,25.78
3/8/2011,46.40000121,26.48
3/9/2011,46.50000422,26.49
3/10/2011,45.40000705,25.88
3/11/2011,45.7000041,26.12
3/14/2011,45.40000705,25.9
3/15/2011,44.4000029,25.69
3/16/2011,43.90000082,25.3
3/17/2011,44.50000591,25.65
3/18/2011,45.00000699,25.81
3/21/2011,44.32500589,25.815
3/22/2011,44.19999887,25.68
3/23/2011,44.00000384,25.52
3/24/2011,44.30000088,25.6
3/25/2011,44.59999793,25.71
3/28/2011,44.30000088,25.63
3/29/2011,44.50000591,25.69
3/30/2011,44.50000591,25.9
3/31/2011,44.19999887,25.82
4/1/2011,44.50000591,26.04
4/4/2011,44.30000088,26.03
4/5/2011,44.70000094,26.03
4/6/2011,45.89999913,26.43
4/7/2011,45.80000712,26.3
4/8/2011,45.60000208,26.08
4/11/2011,45.30000504,26.025
4/12/2011,45.50000007,25.99
4/13/2011,45.00000699,25.7
4/14/2011,44.30000088,25.46
4/15/2011,44.19999887,25.4
4/18/2011,44.19999887,25.1
4/19/2011,45.30000504,25.11
4/20/2011,45.7000041,24.99
4/21/2011,45.50000007,25.09
4/25/2011,45.20000302,25.1
4/26/2011,45.10000001,25.3
4/27/2011,45.10000001,25.56
4/28/2011,45.89999913,25.68
4/29/2011,45.89999913,25.61
5/2/2011,44.90000498,25.54
5/3/2011,45.20000302,25.75
5/4/2011,45.15000101,25.55
5/5/2011,44.80000296,25.19
5/6/2011,45.20000302,25.21
5/9/2011,44.159989,25.16
5/10/2011,44.199997,25.38
5/11/2011,42.919999,25.15
5/12/2011,42.419999,25.08
5/13/2011,41.529999,24.63
5/16/2011,41.189988,24.669
5/17/2011,41.539994,25.07
5/18/2011,41.239991,25.14
5/19/2011,41.37999,25.16
5/20/2011,41.01999,24.75
5/23/2011,40.159989,24.38
5/24/2011,40.509995,24.35
5/25/2011,40.329987,24.335
5/26/2011,40.219986,24.42
5/27/2011,40.969986,24.77
5/31/2011,41.149994,24.95
6/1/2011,39.649994,23.93
6/2/2011,40.009995,23.97
6/3/2011,39.849991,23.75
6/6/2011,38.069993,23.26
6/7/2011,37.579987,23.235
6/8/2011,36.809998,23.1
6/9/2011,37.76999,23.38
6/10/2011,37.919999,23.28
6/13/2011,39.169999,23.52
6/14/2011,38.779999,23.65
6/15/2011,38,23.27
6/16/2011,37.62999,23.37
6/17/2011,38.299988,23.56
6/20/2011,38.159989,23.43
6/21/2011,39.309998,23.69
6/22/2011,39.509995,23.48
6/23/2011,39.409989,23.24
6/24/2011,39.589997,22.99
6/27/2011,39.989991,23.32
6/28/2011,40.149994,23.36
6/29/2011,41.5,23.94
6/30/2011,41.64,23.99
7/1/2011,42.87999,24.44
7/5/2011,42.569993,24.17
7/6/2011,42.009995,24
7/7/2011,42.62999,24.4
7/8/2011,42.029999,24.03
7/11/2011,39.789994,23.34
7/12/2011,39.069993,23.285
7/13/2011,39.469986,23.35
7/14/2011,39.01999,23.08
7/15/2011,38.37999,23.07
7/18/2011,37.739991,22.7
7/19/2011,38.01999,22.99
7/20/2011,38.619996,23.29
7/21/2011,40.319993,23.85
7/22/2011,40.259995,23.77
7/25/2011,39.909989,23.65
7/26/2011,39.714997,23.58
7/27/2011,38.26999,23.02
7/28/2011,38.179993,23
7/29/2011,38.339997,22.88
8/1/2011,38.479996,22.84
8/2/2011,37.039994,22.09
8/3/2011,37.259995,22.24
8/4/2011,34.809998,21.09
8/5/2011,33.439988,20.62
8/8/2011,27.949997,18.45
8/9/2011,31.819993,19.7001
8/10/2011,28.489991,18.1
8/11/2011,30.289994,19.14
8/12/2011,29.849991,18.8
8/15/2011,31.26999,19.53
8/16/2011,29.939988,19.15
8/17/2011,29.849991,19.28
8/18/2011,27.979996,18.22
8/19/2011,26.76999,17.68
8/22/2011,26.059998,17.48
8/23/2011,27.319993,18.15
8/24/2011,28.449997,18.77
8/25/2011,29.829987,18.77
8/26/2011,29.839997,18.99
8/29/2011,31.289994,19.83
8/30/2011,30.939988,19.69
8/31/2011,31.049988,19.9
9/1/2011,30,19.33
9/2/2011,28.399994,18.44
9/6/2011,27.699997,18.15
9/7/2011,28.979996,19.19
9/8/2011,27.979996,18.7
9/9/2011,26.739991,18.07
9/12/2011,26.959992,18.38
9/13/2011,27.049988,18.59
9/14/2011,27.39,18.92
9/15/2011,28.589997,19.37
9/16/2011,28.989991,19.21
9/19/2011,27.709992,18.67
9/20/2011,26.929993,18.62
9/21/2011,25.51999,17.57
9/22/2011,23.959992,17.09
9/23/2011,24.979996,17.38
9/26/2011,26.719986,18.29
9/27/2011,26.989991,18.29
9/28/2011,25.919999,17.65
9/29/2011,26.899994,18.25
9/30/2011,25.614991,17.54
10/3/2011,23.109986,16.73
10/4/2011,24.39,17.47
10/5/2011,24.709992,17.67
10/6/2011,26.01999,18.46
10/7/2011,24.62999,17.7
10/10/2011,26.489991,18.61
10/11/2011,27.839997,18.75
10/12/2011,29.199997,19.34
10/13/2011,27.64,18.78
10/14/2011,28.399994,18.91
10/17/2011,27.929993,18.17
10/18/2011,29.87999,19.25
10/19/2011,29.39,18.7
10/20/2011,30.079987,19.03
10/21/2011,30.299988,19.36
10/24/2011,31.599991,19.79
10/25/2011,30.899994,19.13
10/26/2011,31.149994,19.5
10/27/2011,34.169999,20.49
10/28/2011,34.159989,20.4
10/31/2011,31.589997,19.76
11/1/2011,29.169999,18.78
11/2/2011,29.829987,19.41
11/3/2011,30.779999,19.84
11/4/2011,30.339997,19.57
11/7/2011,30.549988,19.78
11/8/2011,31.419999,20.25
11/9/2011,28.849991,19.07
11/10/2011,28.62999,19.26
11/11/2011,29.329987,19.69
11/14/2011,28.37999,19.18
11/15/2011,28.01999,19.28
11/16/2011,26.859986,19.05
11/17/2011,26,18.78
11/18/2011,26.279999,18.86
11/21/2011,25,18.32
11/22/2011,24.459992,18.13
11/23/2011,23.509995,17.56
11/25/2011,23.62999,17.63
11/28/2011,25.049988,18.09
11/29/2011,25.239991,18.02
11/30/2011,27.479996,19.21
12/1/2011,26.989991,19.06
12/2/2011,28.169999,19.31
12/5/2011,29.829987,19.71
12/6/2011,29.75,19.52
12/7/2011,29.829987,19.69
12/8/2011,27.75,19.01
12/9/2011,28.76999,19.48
12/12/2011,27.219986,19.14
12/13/2011,26.899994,18.82
12/14/2011,26.049988,18.73
12/15/2011,25.914994,18.87
12/16/2011,26.029999,18.88
12/19/2011,24.819993,18.43
12/20/2011,25.949997,19.16
12/21/2011,26.099991,19.4
12/22/2011,27.649994,19.94
12/23/2011,27.459992,19.97
12/27/2011,26.899994,19.95
12/28/2011,26.12999,19.66
12/29/2011,26.759995,19.96
12/30/2011,26.309998,19.83
1/3/2012,28.329987,20.29
1/4/2012,28.169999,20.41
1/5/2012,28.509995,20.8
1/6/2012,28.549988,20.79
1/9/2012,29.079987,21.12
1/10/2012,30,21.39
1/11/2012,31.26999,21.56
1/12/2012,31.599991,21.61
1/13/2012,30.739991,21.56
1/17/2012,28.214997,21.37
1/18/2012,29.029999,21.54
1/19/2012,29.329987,21.5
1/20/2012,29.64,21.72
1/23/2012,29.849991,21.73
1/24/2012,29.899994,21.59
1/25/2012,29.959992,21.71
1/26/2012,30.37999,21.19
1/27/2012,30.869996,21.27
1/30/2012,30.229996,21.11
1/31/2012,30.719986,21.11
2/1/2012,31.599991,21.42
2/2/2012,31.989991,21.51
2/3/2012,33.539994,22.17
2/6/2012,33.299988,22.01
2/7/2012,33.069993,22.05
2/8/2012,34.229996,22.22
2/9/2012,33.659989,22.18
2/10/2012,32.924988,21.9
2/13/2012,32.87999,22.07
2/14/2012,32.079987,21.92
2/15/2012,31.719986,21.9
2/16/2012,32.709992,22.33
2/17/2012,32.919999,22.45
2/21/2012,33.359986,22.39
2/22/2012,32.359986,21.91
2/23/2012,32.709992,22.16
2/24/2012,32.349991,22.07
2/27/2012,32.929993,22.33
2/28/2012,33.479996,22.36
2/29/2012,33.319993,22.28
3/1/2012,34.12999,22.44
3/2/2012,34.099991,22.29
3/5/2012,33.679993,22.11
3/6/2012,32.119996,21.56
3/7/2012,33.239991,21.9
3/8/2012,34,22.18
3/9/2012,34.199997,22.47
3/12/2012,34.289994,22.42
3/13/2012,36.449997,23.31
3/14/2012,35.209992,23.58
3/15/2012,36.26999,24.18
3/16/2012,36.689988,24.24
3/19/2012,37.169999,24.44
3/20/2012,38.079987,24.4
3/21/2012,37.799988,24.25
3/22/2012,36.899994,23.84
3/23/2012,37.134995,23.95
3/26/2012,37.429993,24.27
3/27/2012,36.779999,23.97
3/28/2012,37.059998,24.18
3/29/2012,36.509995,23.93
3/30/2012,36.549988,23.85
4/2/2012,36.869996,24.02
4/3/2012,36.369996,24.1
4/4/2012,35.039994,23.72
4/5/2012,34.789994,23.55
4/9/2012,33.969986,23.11
4/10/2012,32.859986,22.62
4/11/2012,33.584992,23.06
4/12/2012,34.625,23.455
4/13/2012,33.409989,22.73
4/16/2012,34,22.94
4/17/2012,35.079987,23.37
4/18/2012,35.079987,23.13
4/19/2012,34.849991,22.99
4/20/2012,33.89,22.98
4/23/2012,33.25,22.84
4/24/2012,33.419999,23.06
4/25/2012,33.679993,23.34
4/26/2012,33.87999,23.53
4/27/2012,33.5,23.58
4/30/2012,33.044999,23.25
5/1/2012,33.599991,23.46
5/2/2012,32.699997,23.35
5/3/2012,32.479996,23.21
5/4/2012,31.599991,22.84
5/7/2012,31.669999,23.06
5/8/2012,31.319993,22.96
5/9/2012,30.449997,22.67
5/10/2012,30.649994,22.87
5/11/2012,29.349991,22.75
5/14/2012,28.14,22.28
5/15/2012,27.789994,22.03
5/16/2012,26.919999,21.8
5/17/2012,26.409989,21.45
5/18/2012,26.009995,21.22
5/21/2012,26.25,21.42
5/22/2012,26.919999,21.64
5/23/2012,27.149994,21.8
5/24/2012,26.659989,21.87
5/25/2012,26.469986,21.8
5/29/2012,27.01999,22.06
5/30/2012,26,21.52
5/31/2012,26.509995,21.7
6/1/2012,25.39,20.63
6/4/2012,24.819993,20.25
6/5/2012,25.75,20.38
6/6/2012,27.14,20.85
6/7/2012,26.909989,20.99
6/8/2012,27.76999,21.27
6/11/2012,26.479996,20.78
6/12/2012,27.619996,21.07
6/13/2012,27.669999,20.96
6/14/2012,27.909989,21.25
6/15/2012,28.309998,21.46
6/18/2012,27.549988,21.36
6/19/2012,28.5,21.75
6/20/2012,28.859986,21.81
6/21/2012,27.829987,21.3
6/22/2012,27.989991,21.59
6/25/2012,26.75,21.1
6/26/2012,26.729996,21.22
6/27/2012,27.099991,21.52
6/28/2012,26.39,21.56
6/29/2012,27.409989,22.04
7/2/2012,27.459992,22.19
7/3/2012,27.649994,22.32
7/5/2012,26.839997,22.1
7/6/2012,26.359986,21.97
7/9/2012,26.109986,21.74
7/10/2012,25.87999,21.55
7/11/2012,25.869996,21.74
7/12/2012,25.279999,21.54
7/13/2012,26.649994,22.12
7/16/2012,26.809998,22.07
7/17/2012,27.37999,22.33
7/18/2012,27.099991,22.14
7/19/2012,26.589997,21.87
7/20/2012,25.869996,21.44
7/23/2012,25.339997,21.12
7/24/2012,25.239991,21.19
7/25/2012,25.789994,21.28
7/26/2012,26.279999,21.51
7/27/2012,27.299988,21.82
7/30/2012,27.14,21.77
7/31/2012,27.12999,21.72
8/1/2012,26.779999,21.63
8/2/2012,26.179993,21.4
8/3/2012,27.399994,21.98
8/6/2012,28.559998,21.98
8/7/2012,28.89,22.21
8/8/2012,28.859986,22.28
8/9/2012,28.859986,22.24
8/10/2012,28.899994,22.19
8/13/2012,28.779999,22.21
8/14/2012,28.76999,22.22
8/15/2012,28.739991,22.33
8/16/2012,28.819993,22.45
8/17/2012,29.029999,22.6
8/20/2012,29.979996,22.61
8/21/2012,30.729996,22.63
8/22/2012,30.489991,22.54
8/23/2012,29.584992,22.27
8/24/2012,29.829987,22.37
8/27/2012,29.689988,22.49
8/28/2012,29.339997,22.51
8/29/2012,29.909989,22.72
8/30/2012,29.649994,22.58
8/31/2012,29.709992,22.59
9/4/2012,29.699997,22.74
9/5/2012,29.76999,22.7
9/6/2012,31.119996,23.25
9/7/2012,32.069993,23.51
9/10/2012,31.829987,23.38
9/11/2012,32.659989,23.53
9/12/2012,33.049988,23.71
9/13/2012,34.449997,24.19
9/14/2012,34.789994,24.63
9/17/2012,34.059998,24.2
9/18/2012,33.939988,24.06
9/19/2012,34.179993,24.13
9/20/2012,33.809998,23.94
9/21/2012,33.669999,23.77
9/24/2012,33.489991,23.88
9/25/2012,32.859986,23.53
9/26/2012,32.509995,23.39
9/27/2012,32.969986,23.59
9/28/2012,32.719986,23.48
10/1/2012,32.75,23.51
10/2/2012,33.259995,23.6
10/3/2012,34.059998,23.92
10/4/2012,34.959992,24.33
10/5/2012,34.76999,24.36
10/8/2012,34.779999,24.27
10/9/2012,34.599991,24.04
10/10/2012,35.14,24.08
10/11/2012,35.51999,24.24
10/12/2012,34.75,23.65
10/15/2012,36.659989,23.74
10/16/2012,37.25,23.5
10/17/2012,38.429993,23.85
10/18/2012,38.419999,23.8597
10/19/2012,37.159989,23.7
10/22/2012,37.719986,23.78
10/23/2012,36.89,23.5
10/24/2012,37.299988,23.49
10/25/2012,37.409989,23.68
10/26/2012,36.599991,23.52
10/31/2012,37.39,23.65
11/1/2012,37.949997,23.91
11/2/2012,37.599991,23.68
11/5/2012,37.319993,23.62
11/6/2012,38.469986,23.95
11/7/2012,36.049988,23.09
11/8/2012,36,22.8884
11/9/2012,35.929993,22.91
11/12/2012,36.419999,22.91
11/13/2012,36.159989,22.67
11/14/2012,35.01999,22.29
11/15/2012,35.209992,22.33
11/16/2012,34.979996,22.5
11/19/2012,36.099991,22.9
11/20/2012,36,23.07
11/21/2012,35.76999,23.02
11/23/2012,36.029999,23.45
11/26/2012,35.569993,23.35
11/27/2012,35.039994,23.16
11/28/2012,35.069993,23.2
11/29/2012,35.209992,23.26
11/30/2012,34.569993,23.27
12/3/2012,34.219986,23.17
12/4/2012,34.289994,22.98
12/5/2012,36.459992,23.19
12/6/2012,37.01999,23.21
12/7/2012,37.64,23.36
12/10/2012,37.189988,23.4003
12/11/2012,37,23.49
12/12/2012,37.529999,23.56
12/13/2012,37.289994,23.42
12/14/2012,37.599991,23.29
12/17/2012,39.149994,23.85
12/18/2012,39.459992,24.259
12/19/2012,39.449997,24.1799
12/20/2012,40.169999,24.4
12/21/2012,39.489991,23.93
12/24/2012,39.37999,23.83
12/26/2012,39.549988,23.76
12/27/2012,39.25,23.67
12/28/2012,39.009995,23.56
12/31/2012,39.559998,23.83
1/2/2013,41.25,24.57
1/3/2013,41.39,24.64
1/4/2013,42.429795,25.03
1/7/2013,42.469986,24.97
1/8/2013,42.459992,24.85
1/9/2013,42.039994,24.73
1/10/2013,42.829987,24.97
1/11/2013,42.339997,24.76
1/14/2013,42.219986,24.8
1/15/2013,42.569993,24.93
1/16/2013,42.479996,25
1/17/2013,41.239991,25.2
1/18/2013,41.659989,25.12
1/22/2013,41.779999,25.34
1/23/2013,42.01999,25.21
1/24/2013,42.799988,25.3
1/25/2013,42.909989,25.34
1/28/2013,42.339997,25.33
1/29/2013,42.159989,25.38
1/30/2013,41.949997,25.49
1/31/2013,42.159989,25.48
2/1/2013,43.01999,25.85
2/4/2013,42.209992,25.6
2/5/2013,42.919999,25.94
2/6/2013,43.049988,26.01
2/7/2013,42.869996,26.02
2/8/2013,42.679993,26.09
2/11/2013,43.149994,26.18
2/12/2013,44.349991,26.39
2/13/2013,44,26.38
2/14/2013,44.319993,26.31
2/15/2013,43.839997,26.22
2/19/2013,44.5,26.42
2/20/2013,43.219986,26.06
2/21/2013,42.349991,25.75
2/22/2013,42.789994,26.04
2/25/2013,41.149994,25.41
2/26/2013,41.289994,25.57
2/27/2013,42.159989,25.91
2/28/2013,41.969986,26
3/1/2013,42.109986,26
3/4/2013,42.939988,26.23
3/5/2013,43.599991,26.35
3/6/2013,44.579987,26.46
3/7/2013,45,26.75
3/8/2013,46.679993,26.85
3/11/2013,47.599991,27.06
3/12/2013,46.949997,26.91
3/13/2013,46.969986,27.04
3/14/2013,47.459992,27.23
3/15/2013,47.259995,27.17
3/18/2013,46.239991,26.92
3/19/2013,45.789994,26.9
3/20/2013,46.089997,27.12
3/21/2013,45.229996,26.88
3/22/2013,45.229996,26.93
3/25/2013,44.489991,26.91
3/26/2013,44.829987,27.05
3/27/2013,44.459992,26.98
3/28/2013,44.239991,26.93
4/1/2013,43.789994,26.65
4/2/2013,44.109986,26.5
4/3/2013,42.5,26.11
4/4/2013,42.76999,26.24
4/5/2013,43.009995,26.24
4/8/2013,43.559998,26.46
4/9/2013,43.89,26.58
4/10/2013,45.059998,27
4/11/2013,44.869996,26.95
4/12/2013,44.779999,26.62
4/15/2013,44.869996,25.93
4/16/2013,46.659989,26.22
4/17/2013,45.739991,25.71
4/18/2013,45.089997,25.46
4/19/2013,45.029999,25.78
4/22/2013,45.149994,25.77
4/23/2013,46.459992,26.09
4/24/2013,47.119996,26.41
4/25/2013,47.109986,26.47
4/26/2013,46.919999,26.3
4/29/2013,46.819993,26.42
4/30/2013,46.659989,26.4
5/1/2013,45.869996,26.07
5/2/2013,46.539994,26.32
5/3/2013,46.969986,26.55
5/6/2013,47.479996,26.87
5/7/2013,48.109986,27.21
5/8/2013,49.289994,27.3
5/9/2013,48.599991,27.18
5/10/2013,48.75,27.34
5/13/2013,48.919999,27.38
5/14/2013,50.089997,27.8
5/15/2013,51.339997,28
5/16/2013,50.609986,27.93
5/17/2013,51.449997,28.32
5/20/2013,51.599991,28.46
5/21/2013,51.659989,28.44
5/22/2013,51,28.02
5/23/2013,50.529999,27.96
5/24/2013,50.51999,28.04
5/28/2013,51.789994,28.37
5/29/2013,52.279999,28.33
5/30/2013,53.26999,28.72
5/31/2013,51.989991,28.34
6/3/2013,51.959992,28.24
6/4/2013,51.229996,28
6/5/2013,50.029999,27.59
6/6/2013,50.829987,27.9
6/7/2013,51.599991,28.29
6/10/2013,51.929993,28.53
6/11/2013,49.949997,28.15
6/12/2013,49.439988,27.82
6/13/2013,50.289994,28.23
6/14/2013,49.219986,27.87
6/17/2013,49.359986,28.02
6/18/2013,50.009995,28.25
6/19/2013,49.529999,28.06
6/20/2013,47.899994,27.91
6/21/2013,46.869996,27.98
6/24/2013,45.439988,27.61
6/25/2013,47,28.22
6/26/2013,47.609986,28.38
6/27/2013,48.279999,28.84
6/28/2013,47.969986,28.72
7/1/2013,48.25,29.1
7/2/2013,48.149994,29.26
7/3/2013,47.669999,29.33
7/5/2013,48.529999,30.1
7/8/2013,49.51999,30.21
7/9/2013,50.209992,30.3
7/10/2013,49.62999,29.99
7/11/2013,50.039994,29.72
7/12/2013,50.809998,30.07
7/15/2013,51.809998,30.28
7/16/2013,51.829987,29.95
7/17/2013,51.789994,30.17
7/18/2013,52.689988,30.8
7/19/2013,52.349991,30.89
7/22/2013,53,31.2
7/23/2013,52.87999,31.48
7/24/2013,52.189988,31.6
7/25/2013,52.659989,31.47
7/26/2013,52.209992,31.34
7/29/2013,51.64,31.08
7/30/2013,51.779999,31.2
7/31/2013,52.14,31.24
8/1/2013,52.859986,31.98
8/2/2013,53,31.96
8/5/2013,52.869996,31.9
8/6/2013,51.479996,31.55
8/7/2013,51.5,31.31
8/8/2013,51.779999,31.42
8/9/2013,51.319993,31.3
8/12/2013,50.899994,31.26
8/13/2013,51.76999,31.26
8/14/2013,51.589997,31.26
8/15/2013,50.859986,30.93
8/16/2013,50.349991,31.05
8/19/2013,49.329987,30.69
8/20/2013,49.919999,31.12
8/21/2013,49.159989,30.89
8/22/2013,49.909989,31.38
8/23/2013,49.829987,31.21
8/26/2013,49.599991,30.98
8/27/2013,48.239991,29.94
8/28/2013,48.309998,30.1
8/29/2013,48.469986,30.24
8/30/2013,48.329987,29.89
9/3/2013,49.369996,29.87
9/4/2013,49.599991,30.07
9/5/2013,49.859986,30.31
9/6/2013,49.219986,30.16
9/9/2013,50.089997,30.29
9/10/2013,51.089997,30.57
9/11/2013,50.729996,30.45
9/12/2013,50.259995,30.24
9/13/2013,50.489991,30.29
9/16/2013,51,30.49
9/17/2013,51.199997,30.84
9/18/2013,52.209992,30.72
9/19/2013,51.949997,30.19
9/20/2013,51.209992,30.12
9/23/2013,49.569993,29.78
9/24/2013,48.959992,29.85
9/25/2013,49.259995,30.08
9/26/2013,48.929993,29.99
9/27/2013,48.89,29.99
9/30/2013,48.509995,30.03
10/1/2013,48.599991,30.37
10/2/2013,48.709992,30.16
10/3/2013,48.399994,30.03
10/4/2013,49.14,30.35
10/7/2013,48.179993,29.84
10/8/2013,47.669999,29.54
10/9/2013,47.949997,29.62
10/10/2013,49.26999,30.41
10/11/2013,49.219986,30.79
10/14/2013,49.599991,30.94
10/15/2013,48.859986,30.65
10/16/2013,50.839997,31.251
10/17/2013,51.119996,31.43
10/18/2013,51.149994,31.56
10/21/2013,51.029999,31.59
10/22/2013,50.759995,31.52
10/23/2013,50.189988,31.42
10/24/2013,50.149994,31.44
10/25/2013,50.059998,31.5
10/28/2013,50.149994,31.61
10/29/2013,50.219986,31.61
10/30/2013,49.89,31.51
10/31/2013,48.779999,31.23
11/1/2013,48.739991,31.18
11/4/2013,48.62999,31.21
11/5/2013,48.37999,31.17
11/6/2013,48.619996,31.3
11/7/2013,48.349991,30.88
11/8/2013,49.939988,31.88
11/11/2013,50.169999,31.77
11/12/2013,49.51999,31.42
11/13/2013,49.989991,31.68
11/14/2013,50.209992,31.88
11/15/2013,50.399994,31.839
11/18/2013,50.789994,31.75
11/19/2013,51.169999,31.73
11/20/2013,50.76999,31.76
11/21/2013,51.729996,32.26
11/22/2013,52.409989,32.52
11/25/2013,53.289994,32.56
11/26/2013,53.009995,32.64
11/27/2013,53.049988,32.72
11/29/2013,52.919999,32.64
12/2/2013,52.619996,32.49
12/3/2013,52.12999,32.09
12/4/2013,52.039994,32.29
12/5/2013,51.059998,32.2
12/6/2013,51.489991,32.65
12/9/2013,52.109986,32.66
12/10/2013,51.739991,32.47
12/11/2013,50.709992,31.97
12/12/2013,50.909989,32.25
12/13/2013,50.969986,32.12
12/16/2013,50.899994,32.43
12/17/2013,50.689988,32.24
12/18/2013,51.959992,32.75
12/19/2013,51.87999,32.56
12/20/2013,52.209992,32.79
12/23/2013,52.409989,33.12
12/24/2013,52.429993,33.18
12/26/2013,52.349991,33.15
12/27/2013,52.259995,33.15
12/30/2013,51.919999,33.08
12/31/2013,52.109986,33.17
1/2/2014,52.26999,32.81
1/3/2014,53.399994,32.85
1/6/2014,53.809998,32.84
1/7/2014,54.179993,33.05
1/8/2014,54.809998,33.34
1/9/2014,55.199997,33.58
1/10/2014,54.719986,33.5
1/13/2014,53.719986,33.11
1/14/2014,53.949997,33.24
1/15/2014,54.989991,33.52
1/16/2014,52.599991,33.31
1/17/2014,52.26999,33.31
1/21/2014,51.849991,33.83
1/22/2014,51.899994,34.03
1/23/2014,50.719986,33.59
1/24/2014,49.329987,32.78
1/27/2014,48.809998,32.44
1/28/2014,49.599991,32.57
1/29/2014,48.079987,32.11
1/30/2014,48.299988,32.44
1/31/2014,47.429993,31.91
2/3/2014,46.339997,30.78
2/4/2014,46.779999,31.26
2/5/2014,47.059998,31.26
2/6/2014,48.25,31.61
2/7/2014,49.339997,31.81
2/10/2014,49.319993,31.87
2/11/2014,49.659989,32.18
2/12/2014,49.959992,32.22
2/13/2014,49.859986,32.31
2/14/2014,49.51999,32.47
2/18/2014,49.37999,32.55
2/19/2014,48.189988,31.75
2/20/2014,48.12999,31.84
2/21/2014,48.259995,32.03
2/24/2014,48.979996,32.51
2/25/2014,48.399994,32.31
2/26/2014,48.319993,32.61
2/27/2014,48.689988,32.77
2/28/2014,48.62999,33
3/3/2014,47.609986,32.7
3/4/2014,48.829987,33.35
3/5/2014,49.419999,33.41
3/6/2014,49.709992,33.65
3/7/2014,49.619996,33.92
3/10/2014,49.569993,33.92
3/11/2014,48.429993,33.67
3/12/2014,47.979996,33.62
3/13/2014,47.329987,33.42
3/14/2014,46.87999,33.35
3/17/2014,47.729996,33.56
3/18/2014,48.14,33.81
3/19/2014,48.939988,34.02
3/20/2014,50.219986,34.67
3/21/2014,50.079987,34.46
3/24/2014,50.049988,34.26
3/25/2014,50.299988,34.22
3/26/2014,50.159989,33.84
3/27/2014,47.449997,33.31
3/28/2014,47.25,33.49
3/31/2014,47.599991,34.04
4/1/2014,47.799988,34.5
4/2/2014,48.239991,34.43
4/3/2014,47.679993,34.49
4/4/2014,47.109986,33.87
4/7/2014,46.549988,33.44
4/8/2014,46.599991,33.48
4/9/2014,47.159989,33.51
4/10/2014,46.229996,32.53
4/11/2014,45.679993,32.24
4/14/2014,47.669999,32.36
4/15/2014,48.309998,32.56
4/16/2014,48.179993,32.76
4/17/2014,48.219986,32.78
4/21/2014,47.839997,32.75
4/22/2014,48.01999,32.97
4/23/2014,48.399994,33.1
4/24/2014,48.329987,32.62
4/25/2014,47.75,32.2
4/28/2014,47.299988,31.9
4/29/2014,48.159989,31.89
4/30/2014,47.909989,32.06
5/1/2014,47.759995,31.94
5/2/2014,47.729996,32.08
5/5/2014,47.179993,31.83
5/6/2014,46.359986,31.36
5/7/2014,46.699997,31.66
5/8/2014,47.14,31.66
5/9/2014,46.989991,31.72
5/12/2014,47.26999,32.22
5/13/2014,47.419999,31.99
5/14/2014,47.119996,31.4
5/15/2014,46.51999,31.13
5/16/2014,46.439988,31.03
5/19/2014,46.76999,31.47
5/20/2014,46.549988,31.26
5/21/2014,46.849991,31.47
5/22/2014,47.14,31.63
5/23/2014,47.289994,31.76
5/27/2014,47.569993,31.98
5/28/2014,47.319993,31.85
5/29/2014,47.279999,31.9
5/30/2014,47.569993,31.93
6/2/2014,47.759995,32.22
6/3/2014,48.189988,32.36
6/4/2014,47.87999,32.43
6/5/2014,48.62999,32.86
6/6/2014,48.929993,33.17
6/9/2014,49.579987,33.65
6/10/2014,49.329987,33.56
6/11/2014,48.809998,33.28
6/12/2014,48.26999,33.11
6/13/2014,47.589997,33.07
6/16/2014,47.64,32.87
6/17/2014,47.789994,33.43
6/18/2014,47.929993,33.57
6/19/2014,47.559998,33.43
6/20/2014,47.339997,33.42
6/23/2014,48.059998,33.39
6/24/2014,47.809998,33.12
6/25/2014,47.819993,33.31
6/26/2014,47.229996,33.3
6/27/2014,47.14,33.36
6/30/2014,47.099991,33.42
7/1/2014,47.459992,33.71
7/2/2014,48.009995,33.47
7/3/2014,48.239991,33.87
7/7/2014,47.979996,33.62
7/8/2014,47.419999,33.17
7/9/2014,47.37999,33.2
7/10/2014,46.899994,33
7/11/2014,47,32.92
7/14/2014,48.419999,32.93
7/15/2014,49.289994,33.3
7/16/2014,49.819993,32.75
7/17/2014,49.179993,32.12
7/18/2014,49.559998,32.39
7/21/2014,49.349991,32.31
7/22/2014,49.599991,32.26
7/23/2014,50.179993,32.35
7/24/2014,50.089997,32.68
7/25/2014,50.029999,32.71
7/28/2014,49.699997,32.37
7/29/2014,49.419999,32.32
7/30/2014,50,32.55
7/31/2014,48.909989,31.96
8/1/2014,48.099991,31.49
8/4/2014,48.339997,31.51
8/5/2014,47.89,31.32
8/6/2014,48.14,31.48
8/7/2014,48.059998,31.24
8/8/2014,48.449997,31.45
8/11/2014,48.39,31.51
8/12/2014,48.439988,31.45
8/13/2014,48.75,31.68
8/14/2014,49.12999,31.69
8/15/2014,48.719986,31.6
8/18/2014,49.509995,32.04
8/19/2014,49.699997,32.05
8/20/2014,49.799988,32.07
8/21/2014,51.069993,32.49
8/22/2014,50.929993,32.47
8/25/2014,51.62999,32.63
8/26/2014,52.12999,32.8
8/27/2014,51.859986,32.58
8/28/2014,51.39,32.45
8/29/2014,51.649994,32.63
9/2/2014,51.959992,32.88
9/3/2014,52.229996,32.76
9/4/2014,52.469986,32.79
9/5/2014,52.299988,32.83
9/8/2014,52.049988,32.91
9/9/2014,51.259995,32.61
9/10/2014,51.829987,32.97
9/11/2014,52.229996,33.16
9/12/2014,52.37999,33.31
9/15/2014,52.309998,33.15
9/16/2014,52.359986,33
9/17/2014,52.39,33.16
9/18/2014,53.659989,33.58
9/19/2014,53.479996,33.25
9/22/2014,53.039994,32.85
9/23/2014,52.839997,32.46
9/24/2014,53.259995,32.5
9/25/2014,51.959992,32.05
9/26/2014,52.489991,32.18
9/29/2014,52.049988,32.08
9/30/2014,51.819993,31.91
10/1/2014,51.099991,31.56
10/2/2014,51.25,31.69
10/3/2014,52.319993,32.02
10/6/2014,52.279999,31.75
10/7/2014,51.26999,31.23
10/8/2014,52.539994,31.78
10/9/2014,51.14,30.97
10/10/2014,50.109986,30.69
10/13/2014,49.899994,30.66
10/14/2014,51.469986,30.82
10/15/2014,49.679993,30.05
10/16/2014,49.75,30.44
10/17/2014,50.069993,30.54
10/20/2014,50.529999,30.67
10/21/2014,51.26999,31.3
10/22/2014,50.699997,31.05
10/23/2014,51.409989,31.23
10/24/2014,51.799988,31.32
10/27/2014,51.589997,31.45
10/28/2014,52.439988,32.09
10/29/2014,52.649994,32.44
10/30/2014,53.149994,32.55
10/31/2014,53.529999,33.06
11/3/2014,53.469986,32.96
11/4/2014,53.189988,32.81
11/5/2014,54.01999,33.04
11/6/2014,53.990006,33.28
11/7/2014,53.75,33.35
11/10/2014,53.89,33.52
11/11/2014,53.809998,33.52
11/12/2014,53.419999,33.91
11/13/2014,53.440003,33.61
11/14/2014,53.380005,33.44
11/17/2014,53.570008,33.38
11/18/2014,53.809998,33.45
11/19/2014,53.660004,33.22
11/20/2014,53.520005,33.46
11/21/2014,53.660004,33.29
11/24/2014,54.399994,33.59
11/25/2014,54.330002,33.62
11/26/2014,54.130005,33.7
11/28/2014,53.970002,33.15
12/1/2014,53.350007,32.57
12/2/2014,54.360001,32.89
12/3/2014,55.210007,33.23
12/4/2014,55.179993,33.2
12/5/2014,56.080002,33.77
12/8/2014,56.369996,33.7
12/9/2014,55.850007,33.9
12/10/2014,54.470002,32.96
12/11/2014,54.509995,33.06
12/12/2014,53.399994,32.58
12/15/2014,52.789994,32.34
12/16/2014,51.169999,32.24
12/17/2014,52.449997,32.98
12/18/2014,54.100007,33.6
12/19/2014,54.009995,33.39
12/22/2014,53.960007,33.36
12/23/2014,54.419999,33.67
12/24/2014,54.539994,33.62
12/26/2014,54.429993,33.64
12/29/2014,54.729996,33.92
12/30/2014,54.839997,33.83
12/31/2014,54.110001,33.55
1/2/2015,54.259995,33.29
1/5/2015,52.550004,32.4
1/6/2015,50.699997,31.56
1/7/2015,51.169999,31.76
1/8/2015,51.940003,32.32
1/9/2015,50.779999,31.51
1/12/2015,50.380005,31.12
1/13/2015,50.020005,30.9
1/14/2015,49.050004,30.43
1/15/2015,47.229996,29.99
1/16/2015,47.610001,30.45
1/20/2015,47.259995,30.22
1/21/2015,47.740006,30.22
1/22/2015,49.570008,31.53
1/23/2015,48.619996,31.12
1/26/2015,48.89,31.46
1/27/2015,48.309998,31.13
1/28/2015,47.110001,30.31
1/29/2015,47.619996,30.71
1/30/2015,46.949997,30.33
2/2/2015,47.720002,31.14
2/3/2015,48.880005,31.84
2/4/2015,48.399994,31.67
2/5/2015,48.539994,32.26
2/6/2015,49.14,32.81
2/9/2015,49.210007,32.52
2/10/2015,49.39,32.72
2/11/2015,49.679993,32.56
2/12/2015,50.89,33.16
2/13/2015,51.199997,33.26
2/17/2015,51.690003,33.48
2/18/2015,51.419999,32.92
2/19/2015,51.119996,32.89
2/20/2015,51.779999,33.17
2/23/2015,51.320008,33.09
2/24/2015,51.899994,33.28
2/25/2015,52.089997,33.21
2/26/2015,52.410004,33.31
2/27/2015,52.419999,33.09
3/2/2015,53.490006,33.38
3/3/2015,53.729996,33.32
3/4/2015,53.669999,33.15
3/5/2015,53.559998,33.29
3/6/2015,53.059998,33.5
3/9/2015,52.949997,33.73
3/10/2015,51.229996,33.04
3/11/2015,52.330002,33.35
3/12/2015,54.080002,34.15
3/13/2015,53.539994,33.93
3/16/2015,53.690003,33.99
3/17/2015,53.839997,34.14
3/18/2015,53.720002,33.92
3/19/2015,52.380005,33.64
3/20/2015,52.979996,34.01
3/23/2015,52.479996,33.76
3/24/2015,51.940003,33.6
3/25/2015,51.380005,33.03
3/26/2015,51.190003,33.13
3/27/2015,51,33.06
3/30/2015,51.64,33.6
3/31/2015,51.520005,33.51
4/1/2015,51.619996,33.44
4/2/2015,51.860001,33.63
4/6/2015,51.619996,33.54
4/7/2015,51.520005,33.57
4/8/2015,51.89,33.59
4/9/2015,52.130005,33.61
4/10/2015,52.429993,33.65
4/13/2015,52.660004,33.94
4/14/2015,52.729996,33.79
4/15/2015,53.210007,34.19
4/16/2015,54.020005,34.16
4/17/2015,53.070008,33.67
4/20/2015,53.199997,33.91
4/21/2015,52.479996,33.92
4/22/2015,53.100007,34.14
4/23/2015,53.220002,34.06
4/24/2015,52.899994,33.82
4/27/2015,52.800004,33.57
4/28/2015,53.020005,33.97
4/29/2015,53.759995,34.17
4/30/2015,53.320008,33.91
5/1/2015,53.759995,33.81
5/4/2015,54.169999,34.25
5/5/2015,53.350007,34.08
5/6/2015,52.820008,34.25
5/7/2015,53.309998,34.14
5/8/2015,54.020005,34.41
5/11/2015,53.970002,34.58
5/12/2015,53.740006,34.68
5/13/2015,54.199997,34.83
5/14/2015,54.600007,35
5/15/2015,54.240006,34.53
5/18/2015,54.669999,35.07
5/19/2015,55.330002,35.37
5/20/2015,54.89,35.18
5/21/2015,54.839997,35.13
5/22/2015,54.970002,35.01
5/26/2015,54.240006,34.77
5/27/2015,54.869996,35.15
5/28/2015,54.550004,35.16
5/29/2015,54.080002,34.89
6/1/2015,54.449997,34.75
6/2/2015,54.720002,35.15
6/3/2015,55.630005,35.66
6/4/2015,55.330002,35.39
6/5/2015,56.240006,35.99
6/8/2015,55.649994,36.01
6/9/2015,56,36.34
6/10/2015,57.020005,36.84
6/11/2015,57.210007,36.82
6/12/2015,57.110001,36.78
6/15/2015,56.649994,36.69
6/16/2015,57.070008,37.03
6/17/2015,56.539994,36.51
6/18/2015,56.759995,36.73
6/19/2015,56.229996,36.38
6/22/2015,56.949997,36.87
6/23/2015,57.39,37.2
6/24/2015,56.660004,36.94
6/25/2015,56.190003,36.91
6/26/2015,56.339997,37.08
6/29/2015,54.880005,36.14
6/30/2015,55.240006,36.26
7/1/2015,55.679993,36.7
7/2/2015,55.369996,36.24
7/6/2015,55.080002,36.14
7/7/2015,54.5,35.73
7/8/2015,52.800004,35.28
7/9/2015,53.710007,35.74
7/10/2015,54.559998,36.16
7/13/2015,55.539994,36.48
7/14/2015,55.910004,36.59
7/15/2015,56.460007,36.8
7/16/2015,58.589997,36.95
7/17/2015,58.75,36.57
7/20/2015,58.850007,36.77
7/21/2015,59.100007,36.63
7/22/2015,60.339997,37.06
7/23/2015,59.869996,36.65
7/24/2015,58.699997,36.32
7/27/2015,57.960007,35.92
7/28/2015,58.369996,35.98
7/29/2015,58.919999,36.15
7/30/2015,58.880005,36.28
7/31/2015,58.460007,36.13
8/3/2015,58.440003,36.1
8/4/2015,58.470002,36.2
8/5/2015,58.740006,36.45
8/6/2015,58.100007,36.23
8/7/2015,57.910004,36.07
8/10/2015,58.740006,36.69
8/11/2015,57.64,36.13
8/12/2015,56.910004,35.46
8/13/2015,57.330002,35.65
8/14/2015,57.589997,36.07
8/17/2015,57.770005,36.08
8/18/2015,57.550004,36.04
8/19/2015,57,35.53
8/20/2015,55.330002,34.52
8/21/2015,53.600007,33.88
8/24/2015,50.339997,32.17
8/25/2015,49.880005,31.61
8/26/2015,52.279999,32.8
8/27/2015,53.440003,33.62
8/28/2015,53.279999,33.67
8/31/2015,53.479996,33.8
9/1/2015,50.940003,32.39
9/2/2015,51.75,32.93
9/3/2015,51.789994,33.24
9/4/2015,50.589997,32.91
9/8/2015,51.649994,33.79
9/9/2015,50.880005,33.46
9/10/2015,51.070008,33.74
9/11/2015,51.100007,33.74
9/14/2015,50.979996,33.83
9/15/2015,52,34.27
9/16/2015,52.589997,34.4
9/17/2015,51.649994,33.62
9/18/2015,50.289994,32.68
9/21/2015,50.710007,33.11
9/22/2015,50.380005,32.75
9/23/2015,50.119996,32.93
9/24/2015,49.130005,33.04
9/25/2015,50.550004,33.37
9/28/2015,49.029999,32.75
9/29/2015,49,32.78
9/30/2015,49.610001,33.24
10/1/2015,49.89,33.26
10/2/2015,49.880005,32.93
10/5/2015,51.160004,33.65
10/6/2015,51.059998,33.64
10/7/2015,51.320008,34.11
10/8/2015,51.649994,34.39
10/9/2015,51.380005,33.98
10/12/2015,51.279999,34.22
10/13/2015,51.210007,33.97
10/14/2015,50.720002,33.11
10/15/2015,52.970002,33.7
10/16/2015,52.690003,33.67
10/19/2015,52.860001,33.67
10/20/2015,52.839997,34.04
10/21/2015,51.809998,33.48
10/22/2015,52.509995,34.08
10/23/2015,53.64,34.75
10/26/2015,53.110001,34.58
10/27/2015,52.610001,34.21
10/28/2015,54.729996,35.46
10/29/2015,53.660004,35.13
10/30/2015,53.169999,34.49
11/2/2015,53.830002,35.03
11/3/2015,54.160004,35.08
11/4/2015,53.830002,35.11
11/5/2015,54.149994,35.6
11/6/2015,55.869996,36.59
11/9/2015,55.710007,36.37
11/10/2015,55.800004,36.39
11/11/2015,54.899994,36.13
11/12/2015,53.460007,35.4
11/13/2015,53.169999,35
11/16/2015,53.690003,35.43
11/17/2015,53.490006,35.51
11/18/2015,54.979996,36.1
11/19/2015,55.059998,36
11/20/2015,54.75,36.13
11/23/2015,54.279999,36.17
11/24/2015,54.179993,36.32
11/25/2015,54.080002,36.34
11/27/2015,54.210007,36.39
11/30/2015,54.089997,36.38
12/1/2015,54.880005,36.57
12/2/2015,54.14,35.97
12/3/2015,53.509995,35.44
12/4/2015,55.089997,36.23
12/7/2015,54.399994,35.54
12/8/2015,53.39,34.88
12/9/2015,52.809998,34.36
12/10/2015,52.649994,34.55
12/11/2015,51.110001,33.76
12/14/2015,51.100007,33.64
12/15/2015,52.520005,34.54
12/16/2015,53.899994,34.87
12/17/2015,52.839997,34.3
12/18/2015,51.210007,33.43
12/21/2015,51.789994,33.62
12/22/2015,52.009995,33.78
12/23/2015,52.630005,34.3
12/24/2015,52.710007,34.36
12/28/2015,52.380005,34.24
12/29/2015,52.979996,34.56
12/30/2015,52.300004,34.17
12/31/2015,51.75,33.82
1/4/2016,51.130005,33.05
1/5/2016,50.860001,32.99
1/6/2016,50.119996,32.51
1/7/2016,47.559998,31.51
1/8/2016,46.130005,30.87
1/11/2016,46.850007,30.85
1/12/2016,46.880005,30.95
1/13/2016,45.190003,29.89
1/14/2016,45.380005,30.23
1/15/2016,42.470002,29.54
1/19/2016,41.940003,29.24
1/20/2016,40.490006,28.89
1/21/2016,40.149994,28.37
1/22/2016,41.059998,28.77
1/25/2016,39.550004,27.63
1/26/2016,40.5,28.39
1/27/2016,40.559998,28.66
1/28/2016,40.39,28.97
1/29/2016,42.580002,29.56
2/1/2016,42.479996,29.37
2/2/2016,40.419999,28.49
2/3/2016,40.360001,28.65
2/4/2016,40.789994,29
2/5/2016,39.860001,28.59
2/8/2016,37.809998,27.7
2/9/2016,37.509995,27.75
2/10/2016,37.410004,27.53
2/11/2016,34.979996,26.52
2/12/2016,37.539994,27.8
2/16/2016,38.89,28.56
2/17/2016,39.779999,28.71
2/18/2016,38.919999,28.22
2/19/2016,38.990006,28.37
2/22/2016,39.520005,28.89
2/23/2016,38.220002,28.15
2/24/2016,38.089997,28.01
2/25/2016,38.619996,28.4
2/26/2016,39.5,28.97
2/29/2016,38.850007,28.32
3/1/2016,41.270005,29.54
3/2/2016,42.220002,30.09
3/3/2016,42.830002,30.57
3/4/2016,42.830002,30.95
3/7/2016,42.610001,30.91
3/8/2016,41.050004,30.13
3/9/2016,41.149994,29.88
3/10/2016,41.369996,30.12
3/11/2016,42.990006,30.99
3/14/2016,42.669999,30.87
3/15/2016,42.589997,30.65
3/16/2016,42.229996,30.43
3/17/2016,42.850007,30.73
3/18/2016,43.539994,31.04
3/21/2016,43.600007,31.04
3/22/2016,43.380005,30.97
3/23/2016,42.369996,30.57
3/24/2016,41.940003,30.43
3/28/2016,41.919999,30.36
3/29/2016,41.720002,30.32
3/30/2016,41.880005,30.6
3/31/2016,41.75,30.37
4/1/2016,42.470002,30.48
4/4/2016,42.059998,30.4
4/5/2016,41.509995,29.78
4/6/2016,41.860001,30.05
4/7/2016,40.270005,29.26
4/8/2016,40.470002,29.46
4/11/2016,41.119996,29.62
4/12/2016,41.899994,30.23
4/13/2016,44.25,31.36
4/14/2016,44.979996,31.64
4/15/2016,44.919999,31.58
4/18/2016,45.110001,31.8
4/19/2016,45.630005,32.21
4/20/2016,46.740006,32.68
4/21/2016,46.600007,32.52
4/22/2016,46.970002,32.82
4/25/2016,46.690003,32.63
4/26/2016,47.100007,32.99
4/27/2016,47.330002,33.02
4/28/2016,46.729996,32.65
4/29/2016,46.279999,32.45
5/2/2016,46.679993,32.66
5/3/2016,45.570008,31.92
5/4/2016,44.660004,31.27
5/5/2016,44.229996,31.11
5/6/2016,44.410004,31.23
5/9/2016,43.89,31.15
5/10/2016,44.839997,31.73
5/11/2016,44.470002,31.62
5/12/2016,44,31.39
5/13/2016,43.110001,30.89
5/16/2016,43.149994,31.25
5/17/2016,43.699997,31.11
5/18/2016,45.869996,32.4
5/19/2016,45.059998,32.06
5/20/2016,44.899994,32.34
5/23/2016,45.110001,32.26
5/24/2016,45.860001,32.85
5/25/2016,46.940003,33.39
5/26/2016,46.110001,33.15
5/27/2016,46.580002,33.48
5/31/2016,46.570008,33.44
6/1/2016,46.940003,33.52
6/2/2016,46.970002,33.64
6/3/2016,45.39,32.94
6/6/2016,45.740006,33.38
6/7/2016,45.539994,33.16
6/8/2016,45.559998,33.23
6/9/2016,45.009995,32.77
6/10/2016,43.899994,32.24
6/13/2016,43.160004,31.82
6/14/2016,41.960007,31.11
6/15/2016,42.009995,31.28
6/16/2016,42.119996,30.86
6/17/2016,42.479996,30.93
6/20/2016,42.800004,31.17
6/21/2016,42.919999,31.29
6/22/2016,42.679993,31.27
6/23/2016,44.460007,32.2
6/24/2016,40.300004,29.87
6/27/2016,38.479996,28.19
6/28/2016,40.440003,29.12
6/29/2016,42.119996,29.89
6/30/2016,42.39,30.48
7/1/2016,42.169999,30.18
7/5/2016,40.779999,29.27
7/6/2016,41.059998,29.5
7/7/2016,41.289994,29.79
7/8/2016,41.979996,30.33
7/11/2016,42.289994,30.71
7/12/2016,43.440003,31.37
7/13/2016,43.330002,31.36
7/14/2016,44.449997,31.86
7/15/2016,44.330002,31.89
7/18/2016,44.570008,31.78
7/19/2016,44.350007,31.9
7/20/2016,44.470002,31.76
7/21/2016,44.130005,31.555
7/22/2016,44.300004,31.86
7/25/2016,44.039994,31.75
7/26/2016,44.149994,31.98
7/27/2016,44.289994,31.93
7/28/2016,44.080002,31.95
7/29/2016,43.809998,31.83
8/1/2016,43.419999,31.53
8/2/2016,42.990006,31.22
8/3/2016,43.89,31.74
8/4/2016,43.839997,31.77
8/5/2016,45.720002,32.79
8/8/2016,45.960007,32.72
8/9/2016,45.899994,32.76
8/10/2016,45.449997,32.35
8/11/2016,45.729996,32.46
8/12/2016,45.580002,32.33
8/15/2016,46.39,32.8
8/16/2016,46.619996,32.77
8/17/2016,46.630005,32.87
8/18/2016,46.5,32.97
8/19/2016,46.529999,33
8/22/2016,46.660004,33.03
8/23/2016,46.589997,33.1
8/24/2016,46.660004,33.09
8/25/2016,46.720002,33.19
8/26/2016,47.110001,33.43
8/29/2016,47.259995,33.72
8/30/2016,47.899994,34.1
8/31/2016,47.740006,34.15
9/1/2016,47.360001,33.96
9/2/2016,47.509995,34.23
9/6/2016,47.289994,33.68
9/7/2016,47.479996,33.88
9/8/2016,47.789994,34.01
9/9/2016,47.169999,33.73
9/12/2016,47.789994,33.94
9/13/2016,46.919999,33.44
9/14/2016,46.75,33.2
9/15/2016,47.080002,33.46
9/16/2016,46.410004,33.02
9/19/2016,46.589997,33.11
9/20/2016,46.539994,33.08
9/21/2016,46.899994,33.26
9/22/2016,47.110001,33.46
9/23/2016,47.149994,33.46
9/26/2016,45.89,32.77
9/27/2016,46.369996,33.05
9/28/2016,46.869996,33.39
9/29/2016,45.800004,32.9
9/30/2016,47.229996,33.38
10/3/2016,47.029999,33.23
10/4/2016,47.75,33.54
10/5/2016,48.649994,34.17
10/6/2016,49.070008,34.2
10/7/2016,49.279999,34.22
10/10/2016,49.550004,34.38
10/11/2016,48.990006,34.01
10/12/2016,48.699997,33.97
10/13/2016,48.470002,33.22
10/14/2016,48.610001,33.38
10/17/2016,48.600007,33.21
10/18/2016,48.990006,33.64
10/19/2016,49.479996,34.24
10/20/2016,49.580002,34.28
10/21/2016,49.570008,34.41
10/24/2016,49.580002,34.67
10/25/2016,49.589997,34.52
10/26/2016,50.009995,34.75
10/27/2016,49.929993,34.91
10/28/2016,49.559998,34.58
10/31/2016,49.149994,34.67
11/1/2016,48.940003,34.59
11/2/2016,48.539994,34.03
11/3/2016,48.190003,34.04
11/4/2016,48.169999,34.09
11/7/2016,49.820008,35.09
11/8/2016,49.910004,34.94
11/9/2016,51.589997,36.74
11/10/2016,53.610001,38.23
11/11/2016,52.830002,38.94
11/14/2016,54.679993,40
11/15/2016,55.449997,40.2
11/16/2016,54.630005,39.64
11/17/2016,55.449997,40.17
11/18/2016,55.460007,40.41
11/21/2016,55.539994,40.5
11/22/2016,56.100007,40.73
11/23/2016,56.690003,40.95
11/25/2016,56.779999,41.01
11/28/2016,55.470002,40.28
11/29/2016,55.520005,40.43
11/30/2016,56.39,41.15
12/1/2016,57.270005,41.98
12/2/2016,56.020005,41.64
12/5/2016,57.279999,42.16
12/6/2016,57.919999,42.76
12/7/2016,59.059998,43.32
12/8/2016,60.149994,44.05
12/9/2016,60.039994,44.11
12/12/2016,59.550004,43.4
12/13/2016,59.789994,43.46
12/14/2016,59.449997,43.27
12/15/2016,60.229996,43.84
12/16/2016,59.75,43.16
12/19/2016,59.660004,43.41
12/20/2016,60.800004,44.03
12/21/2016,60.75,43.89
12/22/2016,60.490006,43.95
12/23/2016,60.990006,43.98
12/27/2016,61.089997,44.16
12/28/2016,60.039994,43.75
12/29/2016,59.380005,43.38
12/30/2016,59.429993,43.47
1/3/2017,60.589997,43.67
1/4/2017,61.410004,44.31
1/5/2017,60.339997,43.65
1/6/2017,60.550004,43.77
1/9/2017,60.220002,43.36
1/10/2017,60.229996,43.74
1/11/2017,59.960007,43.96
1/12/2017,59.229996,43.38
1/13/2017,59.630005,43.86
1/17/2017,58.380005,42.38
1/18/2017,57.39,42.75
1/19/2017,56.660004,42.5
1/20/2017,56.110001,42.87
1/23/2017,55.679993,42.65
1/24/2017,56.740006,43.38
1/25/2017,57.690003,44.15
1/26/2017,57.360001,44.49
1/27/2017,57.110001,44.12
1/30/2017,56.610001,43.61
1/31/2017,55.830002,43.44
2/1/2017,56.050004,43.5
2/2/2017,55.979996,43.03
2/3/2017,57.759995,44.12
2/6/2017,57.64,43.87
2/7/2017,57.190003,43.71
2/8/2017,56.320008,43.27
2/9/2017,57.259995,43.91
2/10/2017,57.630005,44.14
2/13/2017,58.949997,44.61
2/14/2017,59.830002,45.32
2/15/2017,60.5,45.62
2/16/2017,60.380005,45.47
2/17/2017,60.169999,45.32
2/21/2017,60.550004,45.48
2/22/2017,60.619996,45.48
2/23/2017,60.619996,45.45
2/24/2017,59.559998,45.17
2/27/2017,60.020005,45.4
2/28/2017,59.809998,45.13
3/1/2017,61.539994,46.56
3/2/2017,60.630005,45.48
3/3/2017,61,45.7
3/6/2017,60.279999,45.48
3/7/2017,60.5,45.23
3/8/2017,61.110001,45.06
3/9/2017,61.550004,45.09
3/10/2017,61.490006,44.93
3/13/2017,61.529999,45.01
3/14/2017,61.440003,44.91
3/15/2017,60.839997,44.61
3/16/2017,61.149994,44.9
3/17/2017,60.369996,44.59
3/20/2017,59.589997,43.9372
3/21/2017,58.039994,41.84
3/22/2017,57.770005,41.67
3/23/2017,58.050004,41.96
3/24/2017,58.070008,42.01
3/27/2017,58.330002,41.79
3/28/2017,59.419999,42.42
3/29/2017,59.39,42.28
3/30/2017,60.509995,43.38
3/31/2017,59.820008,42.98
4/3/2017,59.679993,42.72
4/4/2017,59.679993,42.73
4/5/2017,59.589997,42.04
4/6/2017,59.89,42.5
4/7/2017,59.429993,42.38
4/10/2017,59.279999,42.18
4/11/2017,59.029999,42.37
4/12/2017,58.509995,41.86
4/13/2017,58.039994,41.01
4/17/2017,58.990006,41.73
4/18/2017,58.419999,41.53
4/19/2017,57.729996,41.74
4/20/2017,58.410004,42.49
4/21/2017,57.720002,42.36
4/24/2017,59.440003,43.23
4/25/2017,60.210007,43.41
4/26/2017,60.100007,43.74
4/27/2017,59.39,43.22
4/28/2017,59.119996,42.62
5/1/2017,59.460007,42.93
5/2/2017,59.710007,42.7
5/3/2017,60.240006,43.02
5/4/2017,60.210007,43.15
5/5/2017,60.240006,43.07
5/8/2017,60.5,43.13
5/9/2017,60.229996,42.93
5/10/2017,60.369996,43
5/11/2017,60.699997,42.48
5/12/2017,61.070008,42.32
5/15/2017,61.419999,42.68
5/16/2017,62.490006,42.85
5/17/2017,59.979996,41.15
5/18/2017,60.080002,41.31
5/19/2017,61.100007,41.52
5/22/2017,61.059998,41.68
5/23/2017,61.710007,42.24
5/24/2017,62.270005,42.09
5/25/2017,61.949997,42.01
5/26/2017,62.070008,41.86
5/30/2017,61.64,41.42
5/31/2017,60.539994,41.13
6/1/2017,61.080002,41.74
6/2/2017,61.110001,41.4
6/5/2017,61.25,41.39
6/6/2017,61.009995,41.19
6/7/2017,61.880005,41.58
6/8/2017,63.210007,42.66
6/9/2017,64.449997,43.88
6/12/2017,64.320008,43.94
6/13/2017,64.690003,44.1
6/14/2017,64.720002,44.05
6/15/2017,64.100007,43.76
6/16/2017,63.89,43.49
6/19/2017,64.479996,43.57
6/20/2017,63.910004,43.03
6/21/2017,63.830002,42.48
6/22/2017,63.619996,42.2
6/23/2017,63.410004,41.92
6/26/2017,63.779999,42.18
6/27/2017,64.229996,42.42
6/28/2017,65.179993,43
6/29/2017,66.979996,43.71
6/30/2017,66.880005,43.52
7/3/2017,68.259995,44.41
7/5/2017,68.449997,44.44
7/6/2017,67.630005,43.95
7/7/2017,67.910004,44.21
7/10/2017,67.649994,44.03
7/11/2017,66.820008,43.88
7/12/2017,66.919999,43.84
7/13/2017,67.020005,44.01
7/14/2017,66.720002,43.78
7/17/2017,66.830002,43.84
7/18/2017,66.89,43.68
7/19/2017,66.699997,43.55
7/20/2017,66.360001,43.52
7/21/2017,66,43.2
7/24/2017,66.100007,43.5
7/25/2017,68.029999,44.16
7/26/2017,67.979996,43.43
7/27/2017,67.600007,43.36
7/28/2017,67.429993,43.09
7/31/2017,68.449997,43.34
8/1/2017,69.600007,43.69
8/2/2017,69.419999,43.72
8/3/2017,68.130005,43.47
8/4/2017,68.979996,43.82
8/7/2017,69.039994,43.56
8/8/2017,68.880005,43.66
8/9/2017,68.429993,43.25
8/10/2017,67.220002,42.11
8/11/2017,66.800004,41.85
8/14/2017,67.89,42.67
8/15/2017,67.970002,42.61
8/16/2017,67.710007,42.48
8/17/2017,66.600007,41.41
8/18/2017,66.580002,41.4
8/21/2017,65.949997,41.28
8/22/2017,66.850007,41.7
8/23/2017,67.229996,41.77
8/24/2017,67.690003,41.92
8/25/2017,67.850007,42.14
8/28/2017,67.809998,41.82
8/29/2017,67.479996,41.53
8/30/2017,68.009995,41.73
8/31/2017,68.029999,41.72
9/1/2017,68.580002,42.01
9/5/2017,67.160004,40.77
9/6/2017,67.320008,40.81
9/7/2017,66.059998,39.81
9/8/2017,66.169999,40.22
9/11/2017,67.710007,41.22
9/12/2017,68.789994,42.11
9/13/2017,69.39,42.23
9/14/2017,69.240006,41.87
9/15/2017,69.039994,41.91
9/18/2017,70.600007,42.43
9/19/2017,71.149994,42.73
9/20/2017,71.460007,43.25
9/21/2017,71.759995,43.43
9/22/2017,71.399994,43.48
9/25/2017,70.839997,43.5
9/26/2017,70.940003,43.74
9/27/2017,72.279999,44.65
9/28/2017,72.649994,44.86
9/29/2017,72.740006,45.09
10/2/2017,73.800004,45.33
10/3/2017,74.130005,45.18
10/4/2017,74.059998,44.7
10/5/2017,75.720002,45.27
10/6/2017,75.64,45.29
10/9/2017,75.39,45.08
10/10/2017,75.179993,45.43
10/11/2017,74.940003,45.2
10/12/2017,72.369996,44.89
10/13/2017,72.110001,44.68
10/16/2017,71.770005,44.93
10/17/2017,72.190003,44.54
10/18/2017,73.119996,44.86
10/19/2017,72.880005,45.13
10/20/2017,73.529999,45.74
10/23/2017,73.529999,45.35
10/24/2017,74.240006,45.68
10/25/2017,73.619996,45.45
10/26/2017,73.789994,45.9
10/27/2017,73.869996,46.21
10/30/2017,73.779999,45.62
10/31/2017,73.5,45.61
11/1/2017,74.029999,45.51
11/2/2017,74.740006,45.81
11/3/2017,74.050004,45.67
11/6/2017,73.800004,45.55
11/7/2017,72.710007,44.49
11/8/2017,72.339997,44.19
11/9/2017,72.429993,43.79
11/10/2017,72.25,43.68
11/13/2017,71.990006,44.24
11/14/2017,71.529999,44.54
11/15/2017,71.729996,44.65
11/16/2017,71.669999,44.64
11/17/2017,71.330002,44.9
11/20/2017,72.050004,45.29
11/21/2017,72.380005,45.25
11/22/2017,72.259995,45.1
11/24/2017,72.020005,44.88
11/27/2017,71.39,44.88
11/28/2017,73.699997,46.33
11/29/2017,75.039994,47.74
11/30/2017,75.5,47.45
12/1/2017,75.509995,47.53
12/4/2017,77.100007,48.33
12/5/2017,76.539994,47.6
12/6/2017,75.440003,47.35
12/7/2017,74.979996,47.6
12/8/2017,75.710007,47.71
12/11/2017,75.850007,47.47
12/12/2017,76.149994,47.82
12/13/2017,75.14,47.26
12/14/2017,73.919999,46.79
12/15/2017,74.770005,47.39
12/18/2017,75.669999,48.03
12/19/2017,74.699997,47.79
12/20/2017,74.660004,47.71
12/21/2017,75.820008,48.37
12/22/2017,75.490006,48.18
12/26/2017,74.779999,47.81
12/27/2017,74.89,47.54
12/28/2017,75.080002,47.79
12/29/2017,74.410004,47.34
1/2/2018,74.360001,47.47
1/3/2018,74.589997,47.57
1/4/2018,75.509995,47.89
1/5/2018,75.410004,48.16
1/8/2018,74.529999,48.14
1/9/2018,75.309998,48.77
1/10/2018,75.649994,49.43
1/11/2018,75.559998,50.07
1/12/2018,76.839997,50.36
1/16/2018,77.110001,49.96
1/17/2018,77.470002,50.23
1/18/2018,77.39,50.05
1/19/2018,78.300004,50.78
1/22/2018,78.589997,51.01
1/23/2018,78.550004,51.16
1/24/2018,79.449997,50.99
1/25/2018,79.440003,50.71
1/26/2018,80.080002,50.83
1/29/2018,79.960007,50.68
1/30/2018,78.619996,50.24
1/31/2018,78.479996,50.19
2/1/2018,79.199997,50.89
2/2/2018,77.020005,50.28
2/5/2018,73.270005,48.26
2/6/2018,74.820008,48.72
2/7/2018,74.990006,48.95
2/8/2018,71.869996,47.16
2/9/2018,73.679993,48.01
2/12/2018,74.759995,48.43
2/13/2018,75.179993,48.68
2/14/2018,76.710007,50.08
2/15/2018,77.080002,50.27
2/16/2018,76.820008,50.54
2/20/2018,76.460007,50.2
2/21/2018,77,50.55
2/22/2018,76.270005,49.59
2/23/2018,77.080002,50.35
2/26/2018,77.649994,50.73
2/27/2018,76.380005,50.07
2/28/2018,75.490006,49.31
3/1/2018,73.660004,49.19
3/2/2018,73.679993,49.88
3/5/2018,74.419999,50.49
3/6/2018,74.059998,51.06
3/7/2018,73.919999,51.3
3/8/2018,74.110001,50.92
3/9/2018,76.110001,51.86
3/12/2018,76.020005,51.57
3/13/2018,74.910004,51.14
3/14/2018,73.470002,50.44
3/15/2018,73.339997,50.59
3/16/2018,73.470002,50.62
3/19/2018,72.699997,50.28
3/20/2018,72.919999,50.16
3/21/2018,73.320008,50.28
3/22/2018,70.309998,48.41
3/23/2018,67.899994,46.75
3/26/2018,69.779999,48.31
3/27/2018,68.279999,47.23
3/28/2018,68.259995,47.43
3/29/2018,67.5,47.89
4/2/2018,67.710007,46.9
4/3/2018,68.479996,47.59
4/4/2018,69.309998,48.08
4/5/2018,70.220002,48.4
4/6/2018,68.600007,47.14
4/9/2018,69.440003,46.82
4/10/2018,70.509995,47.64
4/11/2018,69.89,47.39
4/12/2018,72.130005,48.23
4/13/2018,71.009995,47.47
4/16/2018,70.070008,47.65
4/17/2018,69.740006,47.15
4/18/2018,68.979996,46.82
4/19/2018,70.279999,47.69
4/20/2018,70,48.04
4/23/2018,69.479996,48.43
4/24/2018,69.119996,48.67
4/25/2018,69.360001,48.56
4/26/2018,69.179993,48.4
4/27/2018,68.990006,48.73
4/30/2018,68.270005,47.96
5/1/2018,68.25,48.39
5/2/2018,67.990006,48.24
5/3/2018,67.940003,47.77
5/4/2018,67.940003,48.38
5/7/2018,68.5,48.64
5/8/2018,71,49.07
5/9/2018,71.949997,49.56
5/10/2018,72.570008,49.67
5/11/2018,72.860001,49.73
5/14/2018,72.619996,49.6
5/15/2018,72.679993,49.85
5/16/2018,71.949997,50.06
5/17/2018,71.559998,50.18
5/18/2018,69.960007,49.76
5/21/2018,70.429993,50.23
5/22/2018,71.080002,50.49
5/23/2018,70.240006,50.18
5/24/2018,69.309998,49.96
5/25/2018,68.440003,49.71
5/29/2018,65.710007,48.45
5/30/2018,66.679993,49.23
5/31/2018,66.690003,48.74
6/1/2018,67.279999,49.36
6/4/2018,67.339997,49.82
6/5/2018,66.759995,49.63
6/6/2018,68.229996,50.66
6/7/2018,68.449997,50.69
6/8/2018,68.470002,50.91
6/11/2018,68.110001,50.4
6/12/2018,67.610001,50.11
6/13/2018,67.289994,49.83
6/14/2018,66.160004,49.61
6/15/2018,66.339997,49.28
6/18/2018,66.75,49.34
6/19/2018,66.779999,49.61
6/20/2018,67.380005,49.73
6/21/2018,67.630005,49.57
6/22/2018,67.199997,49.09
6/25/2018,65.75,48.59
6/26/2018,66.309998,48.29
6/27/2018,65.460007,47.4
6/28/2018,66.880005,47.48
6/29/2018,66.919999,47.16
7/2/2018,67.160004,47.6
7/3/2018,66.059998,47.37
7/5/2018,66.559998,47.5
7/6/2018,67.14,47.82
7/9/2018,68.940003,48.92
7/10/2018,68.229996,48.38
7/11/2018,67.910004,48.19
7/12/2018,68.509995,47.77
7/13/2018,67,47.23
7/16/2018,69.460007,47.86
7/17/2018,69.350007,47.94
7/18/2018,69.850007,48.67
7/19/2018,68.990006,48.49
7/20/2018,69.220002,48.69
7/23/2018,70.210007,49.34
7/24/2018,71.070008,48.94
7/25/2018,71.720002,48.44
7/26/2018,71.339997,48.61
7/27/2018,71.690003,48.65
7/30/2018,72.289994,48.49
7/31/2018,71.89,48.3
8/1/2018,71.929993,48.58
8/2/2018,71.839997,49.01
8/3/2018,72.39,48.86
8/6/2018,72.399994,48.9
8/7/2018,72.410004,49.04
8/8/2018,72.89,49.33
8/9/2018,71.979996,49.08
8/10/2018,70.259995,48.83
8/13/2018,69.160004,48.47
8/14/2018,70.009995,49.12
8/15/2018,68.649994,48.64
8/16/2018,69.559998,49.29
8/17/2018,69.669999,49.5
8/20/2018,70.529999,49.64
8/21/2018,71.240006,50.14
8/22/2018,71.119996,50.02
8/23/2018,70.809998,49.73
8/24/2018,70.669999,49.57
8/27/2018,72.39,49.67
8/28/2018,72.380005,49.51
8/29/2018,72.529999,49.47
8/30/2018,71.460007,49.15
8/31/2018,71.240006,49.42
9/4/2018,71.399994,49.68
9/5/2018,71.169999,49.78
9/6/2018,70.110001,49.53
9/7/2018,69.64,49.49
9/10/2018,69.630005,49.42
9/11/2018,69.429993,49.49
9/12/2018,70.509995,48.67
9/13/2018,70.149994,48.18
9/14/2018,70.539994,48.61
9/17/2018,70.880005,48.25
9/18/2018,71.360001,48.09
9/19/2018,73.720002,48.77
9/20/2018,74.789994,49.28
9/21/2018,74.149994,48.85
9/24/2018,73.839997,48.15
9/25/2018,73.509995,48.2
9/26/2018,72.449997,47.32
9/27/2018,72.949997,46.83
9/28/2018,71.740006,46.57
10/1/2018,71.929993,46.4
10/2/2018,71.800004,46.22
10/3/2018,72.360001,47.31
10/4/2018,72.619996,47.44
10/5/2018,72.419999,46.98
10/8/2018,72.589997,47.38
10/9/2018,71.89,47.17
10/10/2018,69.949997,46.38
10/11/2018,68.380005,44.94
10/12/2018,69.839997,44.17
10/15/2018,69.210007,44.24
10/16/2018,69.710007,44.51
10/17/2018,69.839997,44.76
10/18/2018,68.619996,43.94
10/19/2018,68.860001,43.35
10/22/2018,66.589997,42.12
10/23/2018,65.729996,42.1
10/24/2018,63.800004,40.36
10/25/2018,64.970002,41.43
10/26/2018,64.210007,41.07
10/29/2018,64.350007,41.81
10/30/2018,64.529999,42.3
10/31/2018,65.460007,42.86
11/1/2018,65.830002,43.35
11/2/2018,65.919999,43.49
11/5/2018,67.300004,43.65
11/6/2018,66.679993,43.9
11/7/2018,68.259995,44.19
11/8/2018,67.779999,44.38
11/9/2018,65.759995,44
11/12/2018,64.210007,43.45
11/13/2018,64.779999,43.77
11/14/2018,63.5,42.92
11/15/2018,64.600007,43.72
11/16/2018,64.949997,43.65
11/19/2018,64.619996,43.48
11/20/2018,62.529999,42.68
11/21/2018,62.869996,42.84
11/23/2018,61.75,42.77
11/26/2018,63.729996,43.65
11/27/2018,63.460007,43.37
11/28/2018,65.580002,43.94
11/29/2018,64.899994,43.77
11/30/2018,64.789994,44.34
12/3/2018,65.160004,44.32
12/4/2018,62.259995,41.96
12/6/2018,60.059998,41.66
12/7/2018,58.350007,41.07
12/10/2018,57.070008,40.25
12/11/2018,56.220002,39.87
12/12/2018,55.979996,40.33
12/13/2018,55.770005,39.34
12/14/2018,55.020005,38.7
12/17/2018,54.25,38.37
12/18/2018,53.929993,37.85
12/19/2018,52.820008,36.85
12/20/2018,52.270005,36.75
12/21/2018,50.240006,35.86
12/24/2018,49.259995,35.17
12/26/2018,51.440003,36.9
12/27/2018,51.770005,36.81
12/28/2018,51.830002,37.06
12/31/2018,52.059998,37.35
1/2/2019,53.529999,37.9
1/3/2019,52.559998,37.71
1/4/2019,55.130005,38.95
1/7/2019,55.610001,39.19
1/8/2019,55.460007,39.54
1/9/2019,56.380005,39.86
1/10/2019,56.440003,39.8
1/11/2019,56.690003,39.97
1/14/2019,58.929993,40.21
1/15/2019,61.380005,40.52
1/16/2019,62.190003,41.52
1/17/2019,62.470002,41.85
1/18/2019,63.119996,42.66
1/22/2019,61.850007,42.24
1/23/2019,62.130005,42.28
1/24/2019,62.710007,42.38
1/25/2019,64.020005,42.91
1/28/2019,63.850007,43.17
1/29/2019,63.210007,43.03
1/30/2019,64.220002,43
1/31/2019,64.460007,42.63
2/1/2019,63.669999,42.97
2/4/2019,64.059998,43.38
2/5/2019,63.809998,43.2
2/6/2019,63.89,43.34
2/7/2019,62.809998,43.79
2/8/2019,62.009995,43.43
2/11/2019,61.610001,43.73
2/12/2019,62.669999,44.26
2/13/2019,63.039994,44.35
2/14/2019,62.419999,43.93
2/15/2019,64.270005,44.92
2/19/2019,64.380005,45.29
2/20/2019,64.64,45.72
2/21/2019,64.320008,45.42
2/22/2019,64.14,45.56
2/25/2019,64.529999,45.41
2/26/2019,64.119996,44.94
2/27/2019,64.399994,45.4
2/28/2019,63.979996,45.26
3/1/2019,64.470002,45.46
3/4/2019,63.75,45.28
3/5/2019,62.929993,45.21
3/6/2019,62.509995,44.3
3/7/2019,61.899994,43.6
3/8/2019,62.059998,43.64
3/11/2019,62.309998,43.99
3/12/2019,62.809998,43.96
3/13/2019,63.649994,44.27
3/14/2019,64.110001,44.45
3/15/2019,65.190003,44.32
3/18/2019,65.929993,44.97
3/19/2019,65.630005,44.02
3/20/2019,64.300004,42.62
3/21/2019,63.910004,42.18
3/22/2019,60.979996,40.39
3/25/2019,60.330002,40.36
3/26/2019,61.220002,41.29
3/27/2019,60.729996,41.31
3/28/2019,61.979996,41.86
3/29/2019,62.220002,41.77
4/1/2019,64.360001,42.92
4/2/2019,64.419999,42.91
4/3/2019,65.059998,43.11
4/4/2019,65.820008,43.65
4/5/2019,65.550004,43.8
4/8/2019,66.070008,43.88
4/9/2019,65.199997,43.13
4/10/2019,65.520005,43.5
4/11/2019,65.910004,43.69
4/12/2019,67.419999,44.54
4/15/2019,67.380005,43.93
4/16/2019,69.309998,44.69
4/17/2019,70.350007,44.59
4/18/2019,69.669999,44.15
4/22/2019,69.089997,43.85
4/23/2019,69.199997,44.76
4/24/2019,68.830002,44.73
4/25/2019,68.729996,44.59
4/26/2019,69.509995,45.03
4/29/2019,71.029999,45.6
4/30/2019,70.699997,45.49
5/1/2019,69.960007,44.95
5/2/2019,70.360001,45.47
5/3/2019,70.669999,46.01
5/6/2019,70.410004,45.9
5/7/2019,68.160004,45.11
5/8/2019,68.220002,44.65
5/9/2019,67.630005,44.63
5/10/2019,67.899994,44.76
5/13/2019,64.380005,42.93
5/14/2019,65.259995,43.54
5/15/2019,64.869996,43.03
5/16/2019,65.979996,43.5
5/17/2019,65.070008,43.18
5/20/2019,64.960007,43.3
5/21/2019,66.080002,43.64
5/22/2019,64.660004,43.19
5/23/2019,63.899994,42.26
5/24/2019,64.39,42.76
5/28/2019,63.789994,42.23
5/29/2019,63.710007,42.42
5/30/2019,63.610001,41.77
5/31/2019,62.149994,40.94
6/3/2019,62.610001,41.37
6/4/2019,65.880005,42.79
6/5/2019,65.779999,42.67
6/6/2019,66.470002,42.66
6/7/2019,65.690003,42.41
6/10/2019,67.119996,42.71
6/11/2019,67.880005,42.9
6/12/2019,66.809998,42.59
6/13/2019,67.080002,42.7
6/14/2019,67.479996,42.79
6/17/2019,66.539994,42.23
6/18/2019,67.979996,42.92
6/19/2019,67.589997,42.67
6/20/2019,68.100007,42.76
6/21/2019,67.970002,42.4
6/24/2019,67.410004,41.99
6/25/2019,66.539994,41.95
6/26/2019,67.220002,42.11
6/27/2019,68.149994,42.72
6/28/2019,70.029999,43.36
7/1/2019,70.740006,43.7
7/2/2019,70.440003,43.1
7/3/2019,70.850007,43.54
7/5/2019,71.399994,44
7/8/2019,71.130005,43.49
7/9/2019,71.559998,43.64
7/10/2019,71.130005,43.23
7/11/2019,71.610001,43.56
7/12/2019,71.770005,43.97
7/15/2019,71.710007,43.2
7/16/2019,71.320008,43.17
7/17/2019,70.820008,42.88
7/18/2019,71.789994,43.25
7/19/2019,70.919999,43.53
7/22/2019,71.110001,43.29
7/23/2019,71.990006,43.84
7/24/2019,73.009995,44.8
7/25/2019,71.39,44.35
7/26/2019,72.160004,44.94
7/29/2019,71.759995,44.55
7/30/2019,71.710007,44.97
7/31/2019,71.160004,44.77
8/1/2019,68.350007,43.05
8/2/2019,67.610001,42.69
8/5/2019,65.179993,41.33
8/6/2019,66.25,41.71
8/7/2019,65.14,41.2
8/8/2019,66.740006,42.04
8/9/2019,66.050004,41.82
8/12/2019,64.240006,40.94
8/13/2019,64.830002,41.32
8/14/2019,61.410004,39.98
8/15/2019,61.320008,39.72
8/16/2019,63.479996,40.73
8/19/2019,64.309998,41.19
8/20/2019,63.419999,40.62
8/21/2019,63.25,40.86
8/22/2019,63.910004,41.03
8/23/2019,61.949997,39.79
8/26/2019,62.720002,40.14
8/27/2019,61.660004,39.5
8/28/2019,62.360001,39.99
8/29/2019,63.899994,40.81
8/30/2019,64.350007,40.95
9/3/2019,63.419999,40.14
9/4/2019,64.279999,40.44
9/5/2019,66.339997,41.53
9/6/2019,65.970002,41.31
9/9/2019,68.789994,42.71
9/10/2019,68.979996,43.44
9/11/2019,68.899994,43.97
9/12/2019,69.300004,44.02
9/13/2019,70.39,44.45
9/16/2019,69.830002,44.43
9/17/2019,69.479996,43.94
9/18/2019,70.089997,44.24
9/19/2019,69.729996,43.94
9/20/2019,69.350007,43.56
9/23/2019,69.550004,43.56
9/24/2019,67.899994,43.01
9/25/2019,69.380005,43.68
9/26/2019,69.110001,43.23
9/27/2019,69.460007,43.32
9/30/2019,69.080002,43.16
10/1/2019,68.149994,42.17
10/2/2019,66.259995,41.63
10/3/2019,66.699997,41.63
10/4/2019,68.179993,42.18
10/7/2019,68.149994,42.03
10/8/2019,66.399994,41.05
10/9/2019,67.429993,41.31
10/10/2019,68.619996,41.88
10/11/2019,70.100007,42.6
10/14/2019,70.240006,42.62
10/15/2019,71.220002,43.29
10/16/2019,69.5,43.19
10/17/2019,69.600007,43.25
10/18/2019,69.740006,43.53
10/21/2019,71.809998,44.15
10/22/2019,72.059998,44.37
10/23/2019,72.449997,44.48
10/24/2019,72.300004,44.19
10/25/2019,73.169999,44.62
10/28/2019,73.589997,44.99
10/29/2019,73.089997,45.18
10/30/2019,72.970002,44.66
10/31/2019,71.860001,44.13
11/1/2019,73.839997,44.95
11/4/2019,75.149994,45.84
11/5/2019,74.830002,46.25
11/6/2019,74.419999,46.02
11/7/2019,75.809998,46.34
11/8/2019,76.119996,46.47
11/11/2019,75.600007,46.27
11/12/2019,75.070008,46.34
11/13/2019,73.910004,45.91
11/14/2019,73.839997,45.86
11/15/2019,74.399994,45.94
11/18/2019,74.399994,45.76
11/19/2019,74.820008,45.94
11/20/2019,73.910004,45.71
11/21/2019,73.899994,45.7
11/22/2019,74.869996,45.95
11/25/2019,75.679993,46.36
11/26/2019,75.460007,46.18
11/27/2019,75.720002,46.51
11/29/2019,75.119996,46.21
12/2/2019,74.520005,45.92
12/3/2019,73.330002,45.26
12/4/2019,74.229996,45.79
12/5/2019,74.710007,46.05
12/6/2019,75.809998,46.56
12/9/2019,75.330002,46.54
12/10/2019,75.779999,46.59
12/11/2019,75.550004,46.4
12/12/2019,77.050004,47.74
12/13/2019,76.39,47.25
12/16/2019,76.910004,47.57
12/17/2019,77.740006,48.02
12/18/2019,77.919999,47.82
12/19/2019,78.199997,47.73
12/20/2019,78.509995,47.51
12/23/2019,78.759995,47.24
12/24/2019,78.589997,47.36
12/26/2019,79.830002,47.4
12/27/2019,79.669999,47.15
12/30/2019,79.509995,47.17
12/31/2019,79.89,47.29
1/2/2020,81.229996,47.39
1/3/2020,79.699997,46.94
1/6/2020,79.449997,46.57
1/7/2020,78.759995,46.26
1/8/2020,79.360001,46.62
1/9/2020,80.080002,46.85
1/10/2020,79.25,46.34
1/13/2020,80.649994,46.66
1/14/2020,81.910004,46.73
1/15/2020,81.240006,46.13
1/16/2020,81,46.72
1/17/2020,81.119996,46.84
1/21/2020,79.899994,46.3
1/22/2020,80.100007,46.25
1/23/2020,79.800004,46.23
1/24/2020,78.419999,45.5
1/27/2020,76.710007,44.7
1/28/2020,77.240006,45.09
1/29/2020,76.479996,44.63
1/30/2020,77.429993,45.1
1/31/2020,74.410004,44.19
2/3/2020,75.130005,44.68
2/4/2020,76.5,45.33
2/5/2020,78.850007,46.37
2/6/2020,78.970002,45.92
2/7/2020,78.690003,45.55
2/10/2020,78.479996,45.53
2/11/2020,79.089997,45.91
2/12/2020,79.330002,45.91
2/13/2020,79,46.11
2/14/2020,78.789994,45.82
2/18/2020,77.580002,45.23
2/19/2020,78.050004,45.5
2/20/2020,78.220002,45.98
2/21/2020,76.440003,45.36
2/24/2020,72.529999,43.95
2/25/2020,69.429993,42.17
2/26/2020,68.179993,41.51
2/27/2020,64.449997,39.86
2/28/2020,63.460007,38.75
3/2/2020,67.589997,40.47
3/3/2020,65.050004,38.9
3/4/2020,67.39,39.7
3/5/2020,63.490006,37.79
3/6/2020,61.279999,36.28
3/9/2020,51.369996,30.94
3/10/2020,55.580002,32.96
3/11/2020,50.789994,30.71
3/12/2020,43.259995,27.99
3/13/2020,51.039994,31.23
3/16/2020,41.190003,27.2
3/17/2020,40.25,28.73
3/18/2020,36.429993,25.54
3/19/2020,39.64,27.19
3/20/2020,38.059998,25.39
3/23/2020,35.39,23.13
3/24/2020,40.660004,25.85
3/25/2020,41.860001,26.35
3/26/2020,46.020005,28.67
3/27/2020,43.800004,27.61
3/30/2020,44.080002,27.69
3/31/2020,42.119996,26.96
4/1/2020,38.509995,25.16
4/2/2020,39.229996,25.58
4/3/2020,37.490006,24.45
4/6/2020,41.119996,26.36
4/7/2020,41.25,27.34
4/8/2020,44.259995,28.65
4/9/2020,47.410004,30.79
4/13/2020,46.679993,29.23
4/14/2020,45.419999,28.81
4/15/2020,42.860001,26.95
4/16/2020,40.520005,26.02
4/17/2020,45.449997,28.16
4/20/2020,44.009995,27.97
4/21/2020,41.570008,27.02
4/22/2020,42.240006,27.08
4/23/2020,42.460007,27.43
4/24/2020,43.100007,28.13
4/27/2020,46.559998,29.86
4/28/2020,47.210007,30.66
4/29/2020,50.259995,32.47
4/30/2020,48.559998,31.31
5/1/2020,45.520005,29.85
5/4/2020,45.119996,29.53
5/5/2020,43.949997,29.07
5/6/2020,42.949997,28.33
5/7/2020,44.64,28.8
5/8/2020,46.320008,30.03
5/11/2020,44.070008,28.96
5/12/2020,42.350007,27.51
5/13/2020,40.600007,26.06
5/14/2020,42.059998,26.99
5/15/2020,41.919999,26.66
5/18/2020,45.669999,29.13
5/19/2020,44.429993,28.03
5/20/2020,45.470002,29.35
5/21/2020,45,29.24
5/22/2020,44.100007,28.9
5/26/2020,48.169999,31.24
5/27/2020,52.259995,33.44
5/28/2020,49.160004,32.18
5/29/2020,47.910004,31.45
6/1/2020,49.449997,31.88
6/2/2020,50.839997,31.93
6/3/2020,53.339997,33.54
6/4/2020,55.649994,34.69
6/5/2020,58.860001,36.66
6/8/2020,61.240006,37.85
6/9/2020,59.5,36.92
6/10/2020,55.860001,34.64
6/11/2020,48.39,31.48
6/12/2020,52.25,32.69
6/15/2020,52.979996,33.01
6/16/2020,54.449997,34.14
6/17/2020,53,33.09
6/18/2020,53.039994,33.17
6/19/2020,52.919999,32.89
6/22/2020,52.059998,32.54
6/23/2020,52.949997,32.3
6/24/2020,50.809998,30.61
6/25/2020,52.679993,31.61
6/26/2020,49.580002,29.69
6/29/2020,50.289994,30.78
6/30/2020,51.100007,31.54
7/1/2020,50.350007,30.37
7/2/2020,50.550004,30.31
7/6/2020,51.970002,30.61
7/7/2020,50.320008,29.52
7/8/2020,50.880005,29.59
7/9/2020,49.449997,28.42
7/10/2020,52.649994,29.76
7/13/2020,52.199997,30.11
7/14/2020,50.149994,29.62
7/15/2020,51.839997,31.19
7/16/2020,51.460007,31.09
7/17/2020,50.220002,30.25
7/20/2020,50.14,29.82
7/21/2020,51.729996,31.34
7/22/2020,51.660004,31.1
7/23/2020,52.080002,31.75
7/24/2020,51.669999,31.61
7/27/2020,51.289994,30.9
7/28/2020,51.270005,30.76
7/29/2020,52.520005,31.85
7/30/2020,50.869996,31.3
7/31/2020,50.009995,31.07
8/3/2020,50.39,30.99
8/4/2020,50.14,30.85
8/5/2020,51.039994,31.52
8/6/2020,50.89,31.33
8/7/2020,52.119996,32.59
8/10/2020,52.860001,33.18
8/11/2020,53.759995,33.84
8/12/2020,53.350007,33.51
8/13/2020,52.89,32.93
8/14/2020,52.929993,33.29
8/17/2020,51.419999,32.73
8/18/2020,50.339997,31.9
8/19/2020,50.289994,32
8/20/2020,49.580002,31.36
8/21/2020,49.300004,31.14
8/24/2020,51.059998,32.37
8/25/2020,51.649994,32.45
8/26/2020,50.850007,31.82
8/27/2020,51.720002,32.41
8/28/2020,52.279999,32.45
8/31/2020,51.119996,31.89
9/1/2020,51.199997,31.94
9/2/2020,51.949997,32.24
9/3/2020,51.5,32.25
9/4/2020,52.520005,32.88
9/8/2020,51.039994,31.48
9/9/2020,51.399994,31.36
9/10/2020,50.949997,30.84
9/11/2020,51,31.02
9/14/2020,48.149994,31.71
9/15/2020,44.809998,31.15
9/16/2020,46.020005,31.43
9/17/2020,45.529999,31.33
9/18/2020,44.860001,31.04
9/21/2020,43.929993,29.38
9/22/2020,43.289994,28.86
9/23/2020,41.850007,28.21
9/24/2020,42.190003,28.26
9/25/2020,42.020005,28.59
9/28/2020,43.339997,29.6
9/29/2020,42.419999,29.19
9/30/2020,43.110001,29.45
10/1/2020,43.440003,29.74
10/2/2020,43.660004,30.55
10/5/2020,44.910004,31.65
10/6/2020,44.410004,31.61
10/7/2020,44.839997,32.46
10/8/2020,44.720002,32.98
10/9/2020,44.929993,32.75
10/12/2020,45.880005,33.2
10/13/2020,43.679993,32.25
10/14/2020,43.029999,31.79
10/15/2020,43.610001,32.43
10/16/2020,43.190003,32.5
10/19/2020,42.899994,32.2
10/20/2020,43.520005,32.76
10/21/2020,43.009995,32.8
10/22/2020,43.949997,34.15
10/23/2020,43.949997,34.59
10/26/2020,43.259995,33.87
10/27/2020,41.880005,32.68
10/28/2020,41.130005,32
10/29/2020,41.660004,32.68
10/30/2020,41.419999,33.15
11/2/2020,42.210007,34
11/3/2020,43.529999,34.96
11/4/2020,42.080002,33.08
11/5/2020,43.070008,34.26
11/6/2020,42.710007,33.67
11/9/2020,47.64,38.22
11/10/2020,47.649994,38.75
11/11/2020,48.929993,37.8
11/12/2020,48.279999,37.04
11/13/2020,48.660004,37.93
11/16/2020,50.399994,39.5
11/17/2020,50.729996,39.37
11/18/2020,51.050004,38.69
11/19/2020,52.14,38.86
11/20/2020,51.649994,38.49
11/23/2020,53.300004,39.17
11/24/2020,57.059998,41.07
11/25/2020,57.059998,40.47
11/27/2020,56.669999,39.96
11/30/2020,55.070008,38.62
12/1/2020,55.470002,39.49
12/2/2020,57.199997,40.18
12/3/2020,56.580002,40.36
12/4/2020,58.619996,41.14
12/7/2020,58.130005,41
12/8/2020,58.360001,40.95
12/9/2020,58.949997,41.15
12/10/2020,60.5,41.32
12/11/2020,58.929993,40.84
12/14/2020,58.740006,40.66
12/15/2020,59.669999,41.53
12/16/2020,59.75,41.61
12/17/2020,60.050004,41.5
12/18/2020,59.059998,40.85
12/21/2020,61.229996,40.86
12/22/2020,59.259995,40.53
12/23/2020,60.779999,41.7
12/24/2020,60.570008,41.46
12/28/2020,61.130005,41.69
12/29/2020,60.910004,41.04
12/30/2020,60.860001,41.55
12/31/2020,61.660004,41.82
1/4/2021,60.14,41.41
1/5/2021,61.699997,41.92
1/6/2021,65.25,44.81
1/7/2021,66.020005,45.73
1/8/2021,65.369996,45.22
1/11/2021,66.440003,45.78
1/12/2021,66.669999,46.45
1/13/2021,66.860001,46.15
1/14/2021,69.009995,47.06
1/15/2021,64.229996,46.04
1/19/2021,63.690003,46.31
1/20/2021,63.25,45.96
1/21/2021,61.869996,45.13
1/22/2021,61.330002,45.44
1/25/2021,60.559998,45.18
1/26/2021,60.910004,44.55
1/27/2021,59.399994,43.11
1/28/2021,60.339997,43.86
1/29/2021,57.990006,42.73
2/1/2021,58.429993,43.49
2/2/2021,59.580002,44.42
2/3/2021,61.100007,44.78
2/4/2021,62.410004,46.11
2/5/2021,62.580002,46.04
2/8/2021,63.649994,46.92
2/9/2021,63.119996,47.37
2/10/2021,63.619996,47.4
2/11/2021,63.199997,47.09
2/12/2021,63.630005,47.47
2/16/2021,64.119996,48.57
2/17/2021,64.759995,48.52
2/18/2021,63.479996,48
2/19/2021,65.779999,49.39
2/22/2021,65.520005,50.26
2/23/2021,66.740006,50.75
2/24/2021,68.600007,52.22
2/25/2021,67.410004,50.79
2/26/2021,65.880005,49.73
3/1/2021,69.539994,51.48
3/2/2021,68.910004,51.67
3/3/2021,70.380005,51.69
3/4/2021,69.809998,50.98
3/5/2021,70.229996,52.2
3/8/2021,72.220002,53.4
3/9/2021,70.990006,52.58
3/10/2021,73.75,53.8
3/11/2021,73.309998,54.1
3/12/2021,75.179993,55.06
3/15/2021,74.220002,54.65
3/16/2021,73.330002,53.92
3/17/2021,73.600007,54.29
3/18/2021,73.839997,54.44
3/19/2021,73.009995,53.91
3/22/2021,71.960007,52.01
3/23/2021,70.910004,50.41
3/24/2021,70.080002,50.17
3/25/2021,71.720002,51.59
3/26/2021,73.020005,52.57
3/29/2021,71.580002,51.21
3/30/2021,72.960007,52.33
3/31/2021,72.75,51.88
4/1/2021,73.14,52.27
4/5/2021,72.75,52.38
4/6/2021,72.600007,52.19
4/7/2021,72.690003,52.01
4/8/2021,72.330002,52.09
4/9/2021,72.419999,52.63
4/12/2021,72.690003,52.95
4/13/2021,72.059998,52.04
4/14/2021,72.910004,52.59
4/15/2021,72.539994,52.42
4/16/2021,72.449997,52.83
4/19/2021,72.130005,52.63
4/20/2021,69.789994,50.76
4/21/2021,70.649994,51.87
4/22/2021,69.809998,51.21
4/23/2021,71.380005,53.03
4/26/2021,72.199997,53.33
4/27/2021,72.990006,53.8
4/28/2021,72.910004,53.77
4/29/2021,73.839997,54.41
4/30/2021,71.240006,53.63
5/3/2021,71.710007,53.95
5/4/2021,72.330002,54.62
5/5/2021,73.710007,54.81
5/6/2021,74.779999,54.85
5/7/2021,75.080002,54.93
5/10/2021,75.130005,54.39
5/11/2021,74.869996,53.89
5/12/2021,74.229996,52.53
5/13/2021,75.289994,54.24
5/14/2021,76.559998,55.15
5/17/2021,77.419999,55.43
5/18/2021,76.619996,54.51
5/19/2021,76.460007,54.23
5/20/2021,76.199997,54.13
5/21/2021,77.649994,54.74
5/24/2021,78.029999,54.52
5/25/2021,77.279999,53.37
5/26/2021,77.520005,54.19
5/27/2021,78.759995,55.02
5/28/2021,78.710007,54.98
6/1/2021,79.759995,55.46
6/2/2021,79.860001,54.96
6/3/2021,79.630005,55.07
6/4/2021,79.490006,55.05
6/7/2021,79.309998,55.18
6/8/2021,79.080002,55.23
6/9/2021,78.14,54.46
6/10/2021,76.89,53.38
6/11/2021,76.479996,53.65
6/14/2021,75.160004,52.86
6/15/2021,73.820008,53.56
6/16/2021,71.460007,54.06
6/17/2021,68.860001,51.62
6/18/2021,67.610001,49.93
6/21/2021,68.449997,51.42
6/22/2021,68.960007,51.34
6/23/2021,69.649994,51.46
6/24/2021,71.320008,52.19
6/25/2021,71.550004,52.86
6/28/2021,71.509995,51.62
6/29/2021,69.679993,51.26
6/30/2021,70.75,51.32
7/1/2021,71.009995,51.84
7/2/2021,70.410004,51.31
7/6/2021,68.210007,49.94
7/7/2021,67.929993,49.72
7/8/2021,66.729996,48.83
7/9/2021,68.449997,50.7
7/12/2021,69.440003,50.98
7/13/2021,68.369996,49.85
7/14/2021,68.169999,49.67
7/15/2021,68.449997,50.16
7/16/2021,66.899994,48.9
7/19/2021,65.080002,47.2
7/20/2021,66.289994,48.53
7/21/2021,67.89,49.54
7/22/2021,66.929993,48.53
7/23/2021,66.710007,48.8
7/26/2021,67.770005,49.21
7/27/2021,67.979996,48.98
7/28/2021,68.100007,49.65
7/29/2021,68.809998,50.04
7/30/2021,67.619996,49.46
8/2/2021,67.729996,49.14
8/3/2021,68.880005,49.93
8/4/2021,68.520005,49.41
8/5/2021,69.690003,50.35
8/6/2021,71.070008,51.83
8/9/2021,71.520005,51.54
8/10/2021,72.979996,52.06
8/11/2021,74.300004,52.9
8/12/2021,74.130005,52.71
8/13/2021,73.110001,52.3
8/16/2021,72.100007,52.04
8/17/2021,71.619996,51.28
8/18/2021,71.119996,50.82
8/19/2021,69.839997,50.12
8/20/2021,70.25,50.94
8/23/2021,70.89,51.39
8/24/2021,72.039994,51.77
8/25/2021,73.179993,52.31
8/26/2021,72.440003,51.63
8/27/2021,72.990006,52.85
8/30/2021,71.669999,51.77
8/31/2021,71.910004,52.13
9/1/2021,71.309998,51.74
9/2/2021,71.5,51.78
9/3/2021,71.169999,51.59
9/7/2021,70.820008,51.35
9/8/2021,70.039994,50.8
9/9/2021,70.460007,50.96
9/10/2021,69.570008,50.42
9/13/2021,70.520005,51.12
9/14/2021,68.779999,50.03
9/15/2021,70.449997,50.75
9/16/2021,70,50.49
9/17/2021,69.960007,50.52
9/20/2021,67.300004,49.11
9/21/2021,66.940003,48.94
9/22/2021,68.240006,49.73
9/23/2021,70.880005,51.42
9/24/2021,71.179993,51.84
9/27/2021,72.259995,53.65
9/28/2021,71.369996,53.17
9/29/2021,71.529999,53.62
9/30/2021,70.179993,52.91
10/1/2021,71.179993,54.13
10/4/2021,71.289994,54.25
10/5/2021,72.529999,54.54
10/6/2021,72.419999,54.43
10/7/2021,72.190003,54.85
10/8/2021,72.350007,55.11
10/11/2021,71.679993,54.61
10/12/2021,70.64,54.61
10/13/2021,70.259995,54.45
10/14/2021,70.800004,55.18
10/15/2021,72.289994,55.29
10/18/2021,71.610001,55.46
10/19/2021,71.759995,55.6
10/20/2021,71.820008,56.86
10/21/2021,70.509995,56.55
10/22/2021,71.369996,56.97
10/25/2021,70.830002,57.07
10/26/2021,70.649994,56.64
10/27/2021,70.309998,54.79
10/28/2021,70.880005,55.57
10/29/2021,69.160004,55.34
11/1/2021,69.610001,56.97
11/2/2021,68.600007,56.76
11/3/2021,69,57.89
11/4/2021,67,57.03
11/5/2021,66.990006,57.56
11/8/2021,68.449997,57.6
11/9/2021,67.990006,57.3
11/10/2021,68.210007,57.3
11/11/2021,68.869996,57.66
11/12/2021,69.160004,57.44
11/15/2021,68.740006,57.6
11/16/2021,67.740006,57.56
11/17/2021,66.850007,56.99
11/18/2021,67.110001,56.75
11/19/2021,66.339997,56.35
11/22/2021,67.039994,57.06
11/23/2021,68.070008,57.89
11/24/2021,67.279999,57.72
11/26/2021,65.5,55.06
11/29/2021,65.039994,55.08
11/30/2021,63.699997,53.67
12/1/2021,62.520005,53.01
12/2/2021,63.809998,54.83
12/3/2021,62.759995,53.47
12/6/2021,62.520005,54.82
12/7/2021,62.899994,55.03
12/8/2021,62.460007,54.93
12/9/2021,62.14,54.46
12/10/2021,60.710007,54.58
12/13/2021,60.179993,53.29
12/14/2021,60.64,53.7
12/15/2021,60.240006,53.99
12/16/2021,61.070008,54.17
12/17/2021,59.539994,52.91
12/20/2021,58.279999,51.57
12/21/2021,59.380005,53.17
12/22/2021,59.600007,53.61
12/23/2021,60.210007,54.07
12/27/2021,60.649994,54.76
12/28/2021,60.619996,54.78
12/29/2021,60.539994,54.84
12/30/2021,60.429993,54.58
12/31/2021,60.39,54.56
1/3/2022,63.100007,55.64
1/4/2022,63.589997,57.14
1/5/2022,62.850007,56.71
1/6/2022,64.910004,58.64
1/7/2022,65.779999,59.28
1/10/2022,66.029999,59.28
1/11/2022,67.110001,59.63
1/12/2022,67.279999,59.79
1/13/2022,67.779999,60.04
1/14/2022,66.929993,60.41
1/18/2022,65.300004,59.22
1/19/2022,64.240006,57.57
1/20/2022,64.460007,56.24
1/21/2022,63.270005,55.12
1/24/2022,62.699997,55.7
1/25/2022,64.110001,55.82
1/26/2022,64.75,55.45
1/27/2022,64.149994,54.28
1/28/2022,64.690003,54.58
1/31/2022,65.119996,55.03
2/1/2022,66.559998,55.87
2/2/2022,66.229996,55.73
2/3/2022,65.259995,55.38
2/4/2022,66.080002,56.37
2/7/2022,66.360001,56.7
2/8/2022,67.119996,58.15
2/9/2022,67.839997,57.76
2/10/2022,67.5,57.65
2/11/2022,67.149994,57.29
2/14/2022,66.460007,56.79
2/15/2022,67,58.2
2/16/2022,66.949997,58.35
2/17/2022,64.710007,56.52
2/18/2022,64.14,56.52
2/22/2022,63.89,56.09
2/23/2022,63.220002,55.17
2/24/2022,60.669999,54.26
2/25/2022,61.979996,56.58
2/28/2022,59.229996,56.62
3/1/2022,58.589997,53.78
3/2/2022,59.559998,56.03
3/3/2022,57.619996,55.65
3/4/2022,56.589997,53.61
3/7/2022,55.550004,51.35
3/8/2022,54.869996,51.63
3/9/2022,55.949997,53.43
3/10/2022,54.880005,53.24
3/11/2022,54.160004,53.18
3/14/2022,54.229996,53.43
3/15/2022,55.110001,53.59
3/16/2022,56.800004,55.24
3/17/2022,57.289994,54.66
3/18/2022,57.350007,54.59
3/21/2022,56.979996,53.94
3/22/2022,57.5,54.87
3/23/2022,56.350007,53.18
3/24/2022,56.419999,53.65
3/25/2022,56.740006,54.5
3/28/2022,55.919999,54.07
3/29/2022,56.470002,54.95
3/30/2022,54.970002,53.44
3/31/2022,53.399994,52.35
4/1/2022,52.330002,51.88
4/4/2022,52.800004,51.62
4/5/2022,51.580002,50.97
4/6/2022,50.529999,50.1
4/7/2022,50.029999,49.48
4/8/2022,50.880005,49.52
4/11/2022,50.550004,49.66
4/12/2022,50.339997,49.15
4/13/2022,50.149994,49.84
4/14/2022,50.929993,49.37
4/18/2022,52.309998,49.56
4/19/2022,52.919999,51.07
4/20/2022,53.100007,51.47
4/21/2022,52.630005,50.57
4/22/2022,51.229996,49.3
4/25/2022,51.130005,49.38
4/26/2022,50.229996,47.91
4/27/2022,49.600007,47.9
4/28/2022,50.020005,48.59
4/29/2022,48.210007,47.06
5/2/2022,48.710007,47.72
5/3/2022,50.100007,48.5
5/4/2022,52.229996,49.81
5/5/2022,51.309998,48.3
5/6/2022,51.619996,47.77
5/9/2022,49.89,46.96
5/10/2022,48.75,46.34
5/11/2022,47.660004,45.5
5/12/2022,46.559998,45.5
5/13/2022,47.64,46.08
5/16/2022,47.460007,45.64
5/17/2022,51.050004,47.41
5/18/2022,49.320008,46.28
5/19/2022,49.779999,45.92
5/20/2022,49.75,45.92
5/23/2022,52.770005,47.08
5/24/2022,52.679993,46.73
5/25/2022,52.699997,47.41
5/26/2022,54.089997,48.53
5/27/2022,53.619996,49.27
5/31/2022,53.410004,49.2
6/1/2022,52.39,48.55
6/2/2022,52.429993,49.48
6/3/2022,51.330002,48.81
6/6/2022,51.399994,49.02
6/7/2022,52.100007,49.47
6/8/2022,51.410004,48.65
6/9/2022,49.970002,47.19
6/10/2022,47.710007,45.56
6/13/2022,45.690003,44.06
6/14/2022,45.960007,44.25
6/15/2022,47.580002,44.53
6/16/2022,46.89,42.82
6/17/2022,46.520005,43.41
6/21/2022,47.960007,43.85
6/22/2022,47.199997,43.88
6/23/2022,46.350007,43.44
6/24/2022,47.860001,45
6/27/2022,47.830002,44.94
6/28/2022,47.210007,44.66
6/29/2022,47.100007,44.29
6/30/2022,45.990006,43.88
7/1/2022,46.869996,44.62
7/5/2022,46.610001,44.78
7/6/2022,46.149994,44.44
7/7/2022,46.929993,44.98
7/8/2022,46.820008,44.85
7/11/2022,46.190003,44.39
7/12/2022,46.130005,44.46
7/13/2022,45.5,43.79
7/14/2022,44.14,43.11
7/15/2022,49.979996,44.65
7/18/2022,50.070008,44.82
7/19/2022,52.130005,46.22
7/20/2022,52.449997,46.79
7/21/2022,52.589997,46.97
7/22/2022,51.910004,46.5
7/25/2022,52.160004,47.19
7/26/2022,51.399994,46.74
7/27/2022,52.350007,47.72
7/28/2022,52.229996,47.91
7/29/2022,51.899994,48.55
8/1/2022,51.919999,48.64
8/2/2022,50.75,48.04
8/3/2022,51.610001,48.65
8/4/2022,51.259995,48.37
8/5/2022,51.660004,48.81
8/8/2022,51.470002,48.81
8/9/2022,52.089997,48.94
8/10/2022,53.190003,50.19
8/11/2022,54,50.87
8/12/2022,54.380005,51.63
8/15/2022,54.070008,51.82
8/16/2022,54.179993,52.32
8/17/2022,53.759995,51.72
8/18/2022,53.550004,51.88
8/19/2022,52.610001,50.96
8/22/2022,51.25,49.71
8/23/2022,50.949997,49.55
8/24/2022,51.009995,49.43
8/25/2022,52.059998,50.21
8/26/2022,49.779999,48.83
8/29/2022,49.369996,48.14
8/30/2022,49.080002,48.02
8/31/2022,48.809998,47.68
9/1/2022,48.75,47.3
9/2/2022,48.839997,46.99
9/6/2022,48.220002,46.27
9/7/2022,48.630005,47.2
9/8/2022,49.899994,48.2
9/9/2022,50.669999,48.91
9/12/2022,50.869996,49.45
9/13/2022,49,47.81
9/14/2022,48.429993,47.88
9/15/2022,48.440003,48.39
9/16/2022,48.110001,47.92
9/19/2022,48.240006,48.38
9/20/2022,47.25,48.03
9/21/2022,46.330002,47.41
9/22/2022,45.580002,46.32
9/23/2022,44.259995,45.49
9/26/2022,42.990006,44.92
9/27/2022,42.589997,44.47
9/28/2022,43.399994,45.27
9/29/2022,42.39,44.52
9/30/2022,41.669999,44.29
10/3/2022,42.559998,45.45
10/4/2022,44.410004,47.51
10/5/2022,43.839997,47.14
10/6/2022,43.059998,46.63
10/7/2022,42.190003,45.56
10/10/2022,41.600007,45.34
10/11/2022,40.449997,45.08
10/12/2022,40.839997,44.96
10/13/2022,42.949997,46.85
10/14/2022,43.229996,46.2
10/17/2022,43.589997,47.44
10/18/2022,44.149994,47.57
10/19/2022,43.339997,46.54
10/20/2022,42.919999,45.11
10/21/2022,44.259995,45.79
10/24/2022,44.410004,46.56
10/25/2022,45.320008,47.32
10/26/2022,45.410004,47.24
10/27/2022,45.440003,47.3
10/28/2022,46.130005,48.53
10/31/2022,45.860001,48.55
11/1/2022,46.220002,48.62
11/2/2022,45.550004,47.51
11/3/2022,44.580002,47.03
11/4/2022,45.130005,48.14
11/7/2022,45.729996,48.49
11/8/2022,46.119996,48.41
11/9/2022,45.360001,47.57
11/10/2022,48.419999,49.99
11/11/2022,50.190003,49.79
11/14/2022,49.020005,48.95
11/15/2022,49.029999,49.24
11/16/2022,48.369996,48.46
11/17/2022,48.25,47.79
11/18/2022,48.660004,48.17
11/21/2022,48.880005,48.4
11/22/2022,49.330002,49
11/23/2022,48.240006,49
11/25/2022,48.289994,49.36
11/28/2022,47.229996,48.27
11/29/2022,47.570008,48.64
11/30/2022,48.410004,49.52
12/1/2022,47.779999,49.18
12/2/2022,47.240006,48.97
12/5/2022,45.64,46.67
12/6/2022,44.979996,46.19
12/7/2022,44.669999,46.19
12/8/2022,44.690003,46.3
12/9/2022,44.860001,46.1
12/12/2022,45.770005,46.55
12/13/2022,46.589997,46.01
12/14/2022,45.979996,45.25
12/15/2022,44.619996,44.42
12/16/2022,44.350007,44.06
12/19/2022,43.929993,43.77
12/20/2022,43.809998,43.99
12/21/2022,44.809998,44.79
12/22/2022,43.990006,44.51
12/23/2022,44.259995,44.79
12/27/2022,44.39,44.82
12/28/2022,44.619996,44.47
12/29/2022,45.160004,45.39
12/30/2022,45.229996,45.15
1/3/2023,45.779999,44.97
1/4/2023,46.960007,45.48
1/5/2023,46.75,45.04
1/6/2023,47.309998,46.25
1/9/2023,47.539994,45.96
1/10/2023,48.190003,46.3
1/11/2023,48.710007,46.7
1/12/2023,49.089997,47.15
1/13/2023,49.919999,47.27
1/17/2023,50.309998,47.09
1/18/2023,49.429993,45.7
1/19/2023,49.369996,45.6
1/20/2023,51.089997,46.82
1/23/2023,51.979996,47.45
1/24/2023,51.419999,46.99
1/25/2023,51.899994,47.21
1/26/2023,52.190003,47.72
1/27/2023,51.860001,47.99
1/30/2023,51.75,47.52
1/31/2023,52.220002,48.77
2/1/2023,52.149994,49.39
2/2/2023,52.220002,50.42
2/3/2023,50.949997,50.38
2/6/2023,50.860001,49.83
2/7/2023,51.130005,50.43
2/8/2023,51.149994,50.05
2/9/2023,49.979996,49.27
2/10/2023,50.110001,49.27
2/13/2023,51,49.77
2/14/2023,51.610001,49.63
2/15/2023,51.820008,49.94
2/16/2023,51.460007,49.29
2/17/2023,51.419999,49.48
2/21/2023,49.839997,48.21
2/22/2023,50.039994,48.06
2/23/2023,50.380005,48.32
2/24/2023,50.179993,48.3
2/27/2023,50.470002,48.34
2/28/2023,50.690003,48.26
3/1/2023,51.5,48.02
3/2/2023,51.399994,47.21
3/3/2023,52.350007,47.91
3/6/2023,52.179993,47.6
3/7/2023,51.080002,46.19
3/8/2023,50.679993,46.01
3/9/2023,48.600007,42.66
3/10/2023,48.339997,40.88
3/13/2023,44.740006,36.81
3/14/2023,47.399994,37.52
3/15/2023,44.820008,36.76
3/16/2023,45.619996,37.89
3/17/2023,44.25,35.78
3/20/2023,44.089997,36.08
3/21/2023,45.070008,37.98
3/22/2023,43.710007,36.02
3/23/2023,43.449997,35.12
3/24/2023,43.110001,35.91
3/27/2023,44.779999,36.7
3/28/2023,45.220002,36.68
3/29/2023,45.949997,37.22
3/30/2023,46.070008,36.66
3/31/2023,46.89,37.07
4/3/2023,46.710007,36.76
4/4/2023,46.089997,36.03
4/5/2023,45.770005,35.8
4/6/2023,45.860001,36.21
4/10/2023,46.520005,36.46
4/11/2023,47.199997,36.72
4/12/2023,46.919999,36.39
4/13/2023,47.300004,36.9
4/14/2023,49.559998,36.49
4/17/2023,49.690003,37.32
4/18/2023,50.080002,36.82
4/19/2023,50.399994,37.95
4/20/2023,49.399994,37.32
4/21/2023,49.029999,36.87
4/24/2023,49.029999,36.7
4/25/2023,47.899994,35.35
4/26/2023,46.860001,35.5
4/27/2023,47.029999,36.14
4/28/2023,47.070008,36.63
5/1/2023,47.25,35.82
5/2/2023,46,33.96
5/3/2023,45.669999,33.41
5/4/2023,44.899994,31.9
5/5/2023,46.320008,33.65
5/8/2023,46.360001,33.27
5/9/2023,46.520005,33.09
5/10/2023,46.369996,32.85
5/11/2023,46.029999,32.34
5/12/2023,45.449997,32.34
5/15/2023,46.050004,33.26
5/16/2023,45.279999,32.75
5/17/2023,47.080002,34.78
5/18/2023,46.39,35.01
5/19/2023,45.710007,34.44
5/22/2023,45.789994,35.25
5/23/2023,45.910004,35.48
5/24/2023,44.490006,34.86
5/25/2023,44.229996,34.63
5/26/2023,44.600007,35.01
5/30/2023,44.699997,35.05
5/31/2023,44.320008,34.07
6/1/2023,44.839997,34.78
6/2/2023,46.320008,36.57
6/5/2023,46.240006,35.77
6/6/2023,47.220002,37.33
6/7/2023,48.009995,38.23
6/8/2023,48.100007,37.93
6/9/2023,48.300004,37.55
6/12/2023,48.449997,37.26
6/13/2023,48.690003,38.04
6/14/2023,48.240006,37.14
6/15/2023,48.559998,37.78
6/16/2023,48.190003,37.36
6/20/2023,47.610001,36.67
6/21/2023,47.410004,36.24
6/22/2023,46.630005,35.27
6/23/2023,46.020005,34.81
6/26/2023,46.240006,35.16
6/27/2023,46.399994,35.7
6/28/2023,46.229996,35.57
6/29/2023,46.289994,36.2
6/30/2023,46.039994,36
7/3/2023,46.740006,36.69
7/5/2023,46.800004,36.24
7/6/2023,45.380005,35.66
7/7/2023,45.740006,36.35
7/10/2023,45.669999,36.63
7/11/2023,46.529999,37.14
7/12/2023,47.380005,37.8
7/13/2023,47.679993,38.45
7/14/2023,45.75,37.71
7/17/2023,46.259995,38.36
7/18/2023,47.020005,39.71
7/19/2023,47.520005,40.8
7/20/2023,47.410004,40.75
7/21/2023,47.050004,40.26
7/24/2023,47.660004,41.07
7/25/2023,47.089997,40.56
7/26/2023,47.490006,42.07
7/27/2023,47.880005,41.44
7/28/2023,47.410004,41.94
7/31/2023,47.660004,41.96
8/1/2023,47.070008,41.54
8/2/2023,46.309998,41.32
8/3/2023,46.210007,41.77
8/4/2023,45.710007,41.89
8/7/2023,45.830002,42.33
8/8/2023,45.160004,41.77
8/9/2023,44.440003,41.19
8/10/2023,44.339997,41.17
8/11/2023,44.570008,41.33
8/14/2023,44.100007,40.69
8/15/2023,43.210007,39.43
8/16/2023,42.64,38.96
8/17/2023,42.460007,38.92
8/18/2023,42.25,38.95
8/21/2023,42.070008,38.68
8/22/2023,41.020005,37.72
8/23/2023,41.080002,38.23
8/24/2023,41.080002,38.34
8/25/2023,41.240006,38.18
8/28/2023,41.320008,38.66
8/29/2023,41.720002,39.13
8/30/2023,41.369996,38.94
8/31/2023,41.289994,39.06
9/1/2023,41.589997,39.84
9/5/2023,41.360001,39.11
9/6/2023,41.369996,38.29
9/7/2023,40.729996,37.82
9/8/2023,40.589997,38.17
9/11/2023,40.589997,38.12
9/12/2023,41.679993,38.51
9/13/2023,42.369996,38.08
9/14/2023,43.14,38.69
9/15/2023,42.710007,38.55
9/18/2023,42.64,37.75
9/19/2023,42.679993,37.6
9/20/2023,42.300004,37.28
9/21/2023,41.710007,36.74
9/22/2023,40.919999,36.55
9/25/2023,41.020005,36.99
9/26/2023,40.220002,36.37
9/27/2023,40.460007,36.22
9/28/2023,41.199997,36.61
9/29/2023,41.130005,36.85
10/2/2023,40.5,36.05
10/3/2023,39.860001,35.32
10/4/2023,39.809998,35.62
10/5/2023,39.880005,36.18
10/6/2023,40.570008,36.31
10/9/2023,40.740006,36.35
10/10/2023,41.440003,36.86
10/11/2023,41.529999,36.98
10/12/2023,41.529999,36.49
10/13/2023,41.429993,35.98
10/16/2023,40.949997,36.81
10/17/2023,41.199997,37.53
10/18/2023,40.470002,36.58
10/19/2023,40.059998,36.14
10/20/2023,39.679993,34.87
10/23/2023,38.89,34.75
10/24/2023,38.929993,34.67
10/25/2023,38.610001,34.5
10/26/2023,39.339997,35.41
10/27/2023,38.240006,34.67
10/30/2023,38.929993,35.12
10/31/2023,39.490006,35.32
11/1/2023,39.600007,35.49
11/2/2023,41.350007,37.25
11/3/2023,42.259995,38.45
11/6/2023,42.039994,37.91
11/7/2023,41.960007,37.59
11/8/2023,41.820008,37.21
11/9/2023,41.5,36.66
11/10/2023,42.080002,36.97
11/13/2023,42.699997,36.98
11/14/2023,44.360001,39.29
11/15/2023,44.880005,39.82
11/16/2023,44.669999,39.37
11/17/2023,45.360001,39.94
11/20/2023,45.259995,39.9
11/21/2023,45.089997,39.21
11/22/2023,45.020005,39.4
11/24/2023,45.229996,39.5
11/27/2023,45.080002,39.37
11/28/2023,44.860001,39.38
11/29/2023,45.75,40.18
11/30/2023,46.100007,40.35
12/1/2023,47.229996,42.04
12/4/2023,47.369996,42.56
12/5/2023,46.699997,41.98
12/6/2023,47.860001,41.97
12/7/2023,48.5,42.69
12/8/2023,48.89,43.16
12/11/2023,48.149994,43.14
12/12/2023,48.059998,42.94
12/13/2023,49.339997,45.06
12/14/2023,50.240006,47.03
12/15/2023,49.830002,46.4
12/18/2023,49.660004,45.73
12/19/2023,50.929993,46.31
12/20/2023,50.070008,45.32
12/21/2023,50.600007,45.76
12/22/2023,50.860001,45.97
12/26/2023,51.339997,46.58
12/27/2023,51.460007,46.54
12/28/2023,51.520005,46.62
12/29/2023,51.440003,46.02
