date,CL,XLP
1/4/2010,41.4249955,26.67
1/5/2010,41.759995,26.68
1/6/2010,41.6649935,26.66
1/7/2010,41.5,26.66
1/8/2010,40.7549975,26.57
1/11/2010,40.574997,26.64
1/12/2010,40.3399965,26.79
1/13/2010,40.529999,26.98
1/14/2010,40.2099995,26.9
1/15/2010,40,26.77
1/19/2010,40.2949985,26.93
1/20/2010,39.604996,26.73
1/21/2010,39.5349965,26.35
1/22/2010,40.354996,26.29
1/25/2010,40.234993,26.34
1/26/2010,40.189995,26.31
1/27/2010,40.195,26.37
1/28/2010,39.9949955,26.3
1/29/2010,40.0149995,26.2
2/1/2010,39.969994,26.4
2/2/2010,40.524994,26.78
2/3/2010,40.4099965,26.59
2/4/2010,39.8349995,26.05
2/5/2010,39.6299975,25.98
2/8/2010,39.5449985,25.95
2/9/2010,40.0849995,26.26
2/10/2010,39.9099965,26.23
2/11/2010,40.1649935,26.441
2/12/2010,39.8299945,26.44
2/16/2010,40.309998,26.71
2/17/2010,40.5999985,26.9
2/18/2010,41.219994,27.06
2/19/2010,40.875,27.12
2/22/2010,41.0399935,27.12
2/23/2010,40.945,26.97
2/24/2010,41.479996,27.14
2/25/2010,41.554993,27.16
2/26/2010,41.469994,27.03
3/1/2010,41.894997,27.22
3/2/2010,41.929993,27.32
3/3/2010,41.929993,27.33
3/4/2010,42.0799945,27.42
3/5/2010,42.104996,27.59
3/8/2010,41.9749985,27.49
3/9/2010,42.25,27.45
3/10/2010,41.7899935,27.41
3/11/2010,42.0399935,27.46
3/12/2010,42.074997,27.48
3/15/2010,42.184998,27.689
3/16/2010,42.309998,27.82
3/17/2010,42.314995,27.94
3/18/2010,42.384995,27.97
3/19/2010,42.4199985,27.77
3/22/2010,42.4749985,27.91
3/23/2010,42.6699985,28.13
3/24/2010,42.1699985,27.93
3/25/2010,41.7049945,27.89
3/26/2010,42.219994,27.91
3/29/2010,42.489998,28.04
3/30/2010,42.729996,28.09
3/31/2010,42.6299975,27.93
4/1/2010,42.904999,28.11
4/5/2010,42.809998,28.11
4/6/2010,42.4649965,28.02
4/7/2010,42.554993,27.84
4/8/2010,42.279999,27.89
4/9/2010,42.134995,28.04
4/12/2010,42.394997,28.13
4/13/2010,42.274994,28.04
4/14/2010,42.32,28.08
4/15/2010,42.125,28.03
4/16/2010,42.125,27.91
4/19/2010,42.074997,28.02
4/20/2010,42.269997,28.099
4/21/2010,42.3499985,28.1
4/22/2010,41.989998,28.1
4/23/2010,41.634995,28.03
4/26/2010,42.0999985,27.97
4/27/2010,41.7949985,27.48
4/28/2010,42.5,27.7
4/29/2010,42.399994,27.79
4/30/2010,42.0499955,27.63
5/3/2010,42.134995,27.79
5/4/2010,41.434998,27.51
5/5/2010,41.359993,27.61
5/6/2010,40.884995,26.92
5/7/2010,40.104996,26.74
5/10/2010,41.5899965,27.52
5/11/2010,41.4149935,27.51
5/12/2010,41.774994,27.7
5/13/2010,41.564995,27.53
5/14/2010,41.3799975,27.27
5/17/2010,41.904999,27.56
5/18/2010,41.574997,27.4
5/19/2010,41.074997,27.33
5/20/2010,40.149994,26.52
5/21/2010,39.7949985,26.62
5/24/2010,39.364998,26.43
5/25/2010,39.1649935,26.12
5/26/2010,38.989998,25.95
5/27/2010,39.384995,26.48
5/28/2010,39.0449985,26.35
6/1/2010,38.4649965,26.29
6/2/2010,39.109993,26.74
6/3/2010,39.439995,26.78
6/4/2010,38.6199955,26.07
6/7/2010,38.82,25.87
6/8/2010,39.3799975,26.29
6/9/2010,39.359993,26.24
6/10/2010,39.734993,26.69
6/11/2010,39.574997,26.47
6/14/2010,39.6599965,26.62
6/15/2010,40.404999,26.89
6/16/2010,40.314995,26.71
6/17/2010,40.449997,26.95
6/18/2010,40.2949985,26.66
6/21/2010,40.5799945,26.59
6/22/2010,40.469994,26.3
6/23/2010,40.1649935,26.47
6/24/2010,40.1599965,26.15
6/25/2010,39.5149995,25.88
6/28/2010,39.6199955,26.1
6/29/2010,39,25.68
6/30/2010,39.3799975,25.5
7/1/2010,39.4199985,25.55
7/2/2010,39.359993,25.45
7/6/2010,39.384995,25.6
7/7/2010,40.489998,26.09
7/8/2010,40.979996,26.48
7/9/2010,41.074997,26.48
7/12/2010,41.4199985,26.57
7/13/2010,41.574997,26.81
7/14/2010,41.654999,26.82
7/15/2010,41.5449985,26.9
7/16/2010,41.4149935,26.52
7/19/2010,41.554993,26.57
7/20/2010,41.984993,26.89
7/21/2010,41.5149995,26.6
7/22/2010,41.2849965,26.9
7/23/2010,41.734993,27.15
7/26/2010,41.8699955,27.29
7/27/2010,42.2949985,27.39
7/28/2010,41.929993,27.24
7/29/2010,39.059998,26.91
7/30/2010,39.489998,26.98
8/2/2010,39.125,27.29
8/3/2010,39.07,27.05
8/4/2010,39.029999,27.15
8/5/2010,38.564995,27.03
8/6/2010,38.25,27.09
8/9/2010,38.134995,27.23
8/10/2010,38.984993,27.29
8/11/2010,38.234993,26.84
8/12/2010,38.509995,26.81
8/13/2010,38.195,26.8
8/16/2010,38.0849995,26.77
8/17/2010,38.2249985,27.03
8/18/2010,38.399994,27.05
8/19/2010,38.375,26.73
8/20/2010,38.0149995,26.73
8/23/2010,37.759995,26.79
8/24/2010,37.734993,26.66
8/25/2010,37.6399995,26.72
8/26/2010,36.9949955,26.52
8/27/2010,37.125,26.69
8/30/2010,36.929993,26.46
8/31/2010,36.9199985,26.48
9/1/2010,37.4599995,26.95
9/2/2010,37.4149935,27.12
9/3/2010,37.4249955,27.29
9/7/2010,37.3799975,27.18
9/8/2010,37.2949985,27.3
9/9/2010,37.279999,27.39
9/10/2010,37.5899965,27.52
9/13/2010,37.524994,27.55
9/14/2010,37.7149965,27.6
9/15/2010,38.134995,27.79
9/16/2010,38.2899935,27.82
9/17/2010,38.684998,27.55
9/20/2010,39.125,27.85
9/21/2010,39.274994,27.8
9/22/2010,39.2249985,27.85
9/23/2010,39.029999,27.67
9/24/2010,39.259995,28.04
9/27/2010,39.4649965,27.88
9/28/2010,39.404999,28.06
9/29/2010,39.154999,27.98
9/30/2010,38.429993,27.88
10/1/2010,38.2849965,27.93
10/4/2010,38.2099995,27.8475
10/5/2010,37.4599995,28.11
10/6/2010,36.979996,28.23
10/7/2010,36.875,28.13
10/8/2010,37.449997,28.19
10/11/2010,37.4249955,28.22
10/12/2010,37.469994,28.29
10/13/2010,37.864998,28.53
10/14/2010,37.9199985,28.54
10/15/2010,37.945,28.61
10/18/2010,38.364998,28.71
10/19/2010,38.125,28.36
10/20/2010,38.5899965,28.61
10/21/2010,38.3499985,28.71
10/22/2010,38.4199985,28.81
10/25/2010,38.434998,28.88
10/26/2010,38.2249985,28.72
10/27/2010,37.75,28.57
10/28/2010,37.4599995,28.67
10/29/2010,38.559998,28.77
11/1/2010,38.6299975,28.65
11/2/2010,39.024994,28.82
11/3/2010,39.229996,28.91
11/4/2010,39.219994,29.26
11/5/2010,38.7849965,29.11
11/8/2010,38.759995,29.06
11/9/2010,38.4949955,28.91
11/10/2010,38.469994,28.82
11/11/2010,38.375,28.85
11/12/2010,38.2899935,28.71
11/15/2010,39.184998,28.72
11/16/2010,38.404999,28.4
11/17/2010,38.684998,28.41
11/18/2010,39.104996,28.79
11/19/2010,39.2649995,28.81
11/22/2010,39.195,28.81
11/23/2010,38.8799975,28.47
11/24/2010,38.984993,28.69
11/26/2010,38.695,28.5
11/29/2010,38.594994,28.45
11/30/2010,38.274994,28.32
12/1/2010,38.614998,28.78
12/2/2010,38.8799975,28.8
12/3/2010,38.9749985,28.81
12/6/2010,38.8699955,28.74
12/7/2010,39.0849995,28.9
12/8/2010,39.324997,29.01
12/9/2010,39.094994,29.09
12/10/2010,39.104996,29.14
12/13/2010,39.6749955,29.14
12/14/2010,40.3899995,29.28
12/15/2010,40.4949955,29.31
12/16/2010,40.5899965,29.5675
12/17/2010,40.5,29.36
12/20/2010,40.219994,29.33
12/21/2010,39.949997,29.26
12/22/2010,40.4599995,29.3875
12/23/2010,40.2649995,29.4
12/27/2010,40.2049945,29.26
12/28/2010,40.3899995,29.34
12/29/2010,40.229996,29.35
12/30/2010,40.149994,29.3
12/31/2010,40.184998,29.31
1/3/2011,39.894997,29.35
1/4/2011,39.8399965,29.27
1/5/2011,39.5899965,29.28
1/6/2011,39.354996,29.18
1/7/2011,39.1649935,29.0325
1/10/2011,38.945,29.0525
1/11/2011,39.104996,29.03
1/12/2011,39.2049945,29.27
1/13/2011,39.154999,29.33
1/14/2011,39.154999,29.33
1/18/2011,39.199997,29.3475
1/19/2011,39.5,29.29
1/20/2011,39.4949955,29.44
1/21/2011,39.5,29.49
1/24/2011,39.9199985,29.54
1/25/2011,40.059998,29.635
1/26/2011,40,29.56
1/27/2011,38.695,29.26
1/28/2011,38.4949955,28.98
1/31/2011,38.384995,28.88
2/1/2011,38.354996,29.09
2/2/2011,38.024994,28.98
2/3/2011,37.9649965,29.13
2/4/2011,38.1199955,29.3
2/7/2011,38.1399995,29.34
2/8/2011,39.279999,29.48
2/9/2011,39.1599965,29.53
2/10/2011,38.864998,29.42
2/11/2011,39.4599995,29.58
2/14/2011,39.5049975,29.45
2/15/2011,39.1199955,29.44
2/16/2011,39.269997,29.52
2/17/2011,39.199997,29.72
2/18/2011,39.2099995,29.8
2/22/2011,39.2999955,29.59
2/23/2011,39.184998,29.52
2/24/2011,38.8299945,29.4
2/25/2011,39.059998,29.55
2/28/2011,39.259995,29.72
3/1/2011,38.82,29.49
3/2/2011,38.649994,29.41
3/3/2011,39.0349965,29.71
3/4/2011,38.75,29.58
3/7/2011,38.769997,29.5
3/8/2011,39.094994,29.76
3/9/2011,39.5,29.91
3/10/2011,39.489998,29.71
3/11/2011,39.5899965,29.73
3/14/2011,39.134995,29.52
3/15/2011,38.634995,29.26
3/16/2011,38.3299945,28.8425
3/17/2011,38.3499985,28.98
3/18/2011,38.4749985,29.05
3/21/2011,39.2049945,29.41
3/22/2011,39.2149965,29.37
3/23/2011,39.144997,29.42
3/24/2011,40.149994,29.69
3/25/2011,40.074997,29.69
3/28/2011,40.2449955,29.68
3/29/2011,40.2099995,29.82
3/30/2011,40.604996,29.98
3/31/2011,40.3799975,29.92
4/1/2011,40.259995,30.07
4/4/2011,40.509995,30.13
4/5/2011,40.4199985,30.16
4/6/2011,40.7649995,30.3
4/7/2011,40.779999,30.34
4/8/2011,40.6399995,30.25
4/11/2011,40.804993,30.41
4/12/2011,41.269997,30.51
4/13/2011,40.804993,30.53
4/14/2011,40.9199985,30.71
4/15/2011,40.904999,30.84
4/18/2011,40.6749955,30.67
4/19/2011,40.7099995,30.73
4/20/2011,40.634995,30.89
4/21/2011,40.324997,30.9
4/25/2011,39.949997,30.82
4/26/2011,40.274994,31.03
4/27/2011,40.529999,31.23
4/28/2011,41.484993,31.43
4/29/2011,42.1749955,31.52
5/2/2011,42.274994,31.56
5/3/2011,42.3499985,31.64
5/4/2011,42.824997,31.6
5/5/2011,42.449997,31.36
5/6/2011,42.439995,31.44
5/9/2011,42.489998,31.55
5/10/2011,42.729996,31.74
5/11/2011,42.5349965,31.68
5/12/2011,43.604996,32.15
5/13/2011,43.274994,32.11
5/16/2011,42.9749985,32.12
5/17/2011,43.134995,32.19
5/18/2011,43.104996,32.24
5/19/2011,43.449997,32.42
5/20/2011,43.274994,32.32
5/23/2011,43.0349965,32.098
5/24/2011,42.7999955,32.07
5/25/2011,42.5399935,31.86
5/26/2011,42.6599965,31.91
5/27/2011,42.859993,32.04
5/31/2011,43.7649995,32.31
6/1/2011,43.4549945,31.98
6/2/2011,42.739998,31.61
6/3/2011,42.054993,31.31
6/6/2011,42.2149965,31.15
6/7/2011,41.945,31.08
6/8/2011,42.104996,31.1
6/9/2011,42.5499955,31.27
6/10/2011,42.3499985,30.91
6/13/2011,42.6699985,31.05
6/14/2011,43.2999955,31.38
6/15/2011,42.8799975,30.91
6/16/2011,43.2849965,31.16
6/17/2011,43.939995,31.135
6/20/2011,44.554993,31.37
6/21/2011,44.4599995,31.34
6/22/2011,43.7649995,31.14
6/23/2011,43.104996,30.86
6/24/2011,42.729996,30.61
6/27/2011,42.7049945,30.75
6/28/2011,42.9099965,30.81
6/29/2011,43.3699955,30.99
6/30/2011,43.7049945,31.23
7/1/2011,44.234993,31.47
7/5/2011,43.989998,31.46
7/6/2011,44.2099995,31.63
7/7/2011,44.3899995,31.85
7/8/2011,44.2099995,31.74
7/11/2011,44.149994,31.51
7/12/2011,43.9749985,31.41
7/13/2011,43.949997,31.41
7/14/2011,43.5399935,31.27
7/15/2011,44.5049975,31.36
7/18/2011,43.9949955,31.16
7/19/2011,44.259995,31.59
7/20/2011,44.279999,31.54
7/21/2011,44.5,31.8
7/22/2011,43.809998,31.74
7/25/2011,43.3899995,31.45
7/26/2011,43.445,31.37
7/27/2011,42.7449955,31.03
7/28/2011,42.439995,31.029
7/29/2011,42.189995,30.83
8/1/2011,42.009995,30.72
8/2/2011,42.3899995,30.32
8/3/2011,42.1599965,30.44
8/4/2011,41.2899935,29.49
8/5/2011,42.074997,29.91
8/8/2011,41.399994,28.78
8/9/2011,41.649994,29.48
8/10/2011,40.0899965,28.35
8/11/2011,42.0849995,29.19
8/12/2011,42.6699985,29.54
8/15/2011,43.1299975,29.96
8/16/2011,43.109993,30.03
8/17/2011,43.154999,30.23
8/18/2011,42.519997,29.69
8/19/2011,42.4949955,29.55
8/22/2011,42.5999985,29.64
8/23/2011,43.5049975,30.25
8/24/2011,43.649994,30.38
8/25/2011,43.4249955,29.915
8/26/2011,43.9199985,30.17
8/29/2011,44.884995,30.71
8/30/2011,45.32,30.79
8/31/2011,44.984993,30.89
9/1/2011,44.949997,30.78
9/2/2011,44.259995,30.34
9/6/2011,44.4949955,30.22
9/7/2011,45.904999,30.76
9/8/2011,45.229996,30.68
9/9/2011,44.479996,30
9/12/2011,43.859993,30.03
9/13/2011,44.729996,30.14
9/14/2011,45.695,30.5
9/15/2011,46.144997,30.86
9/16/2011,46.82,30.84
9/19/2011,46.6599965,30.58
9/20/2011,46.979996,30.64
9/21/2011,44.9949955,30.01
9/22/2011,43.7049945,29.44
9/23/2011,44.4599995,29.5
9/26/2011,45.445,30.07
9/27/2011,45.5349965,30.25
9/28/2011,44.364998,29.68
9/29/2011,44.769997,29.97
9/30/2011,44.3399965,29.66
10/3/2011,44.149994,29.23
10/4/2011,44.2099995,29.51
10/5/2011,44.75,29.55
10/6/2011,45.094994,29.9
10/7/2011,45.2049945,30.07
10/10/2011,45.8699955,30.54
10/11/2011,45.1749955,30.48
10/12/2011,45.609993,30.72
10/13/2011,45.554993,30.63
10/14/2011,46.1699985,30.87
10/17/2011,45.469994,30.66
10/18/2011,46.1699985,30.89
10/19/2011,46.0899965,30.8
10/20/2011,45.809998,30.97
10/21/2011,46.9599995,31.47
10/24/2011,45.6199955,31.25
10/25/2011,44.989998,30.88
10/26/2011,45.269997,31.19
10/27/2011,45.6649935,31.59
10/28/2011,45.609993,31.51
10/31/2011,45.184998,31.04
11/1/2011,44.0449985,30.5
11/2/2011,43.969994,30.79
11/3/2011,44.259995,31.17
11/4/2011,44.029999,30.99
11/7/2011,44.2249985,31.25
11/8/2011,44.719994,31.56
11/9/2011,43.7249985,30.82
11/10/2011,44.07,31.12
11/11/2011,44.5849995,31.48
11/14/2011,44.324997,31.21
11/15/2011,44.394997,31.36
11/16/2011,44.32,31.08
11/17/2011,44.019997,30.97
11/18/2011,44.304993,31.06
11/21/2011,43.719994,30.56
11/22/2011,44.0999985,30.59
11/23/2011,43.239998,30.26
11/25/2011,43.364998,30.37
11/28/2011,44.1399995,30.85
11/29/2011,44.8499985,31.17
11/30/2011,45.75,31.9
12/1/2011,45.054993,31.85
12/2/2011,45.094994,31.74
12/5/2011,45.2099995,31.93
12/6/2011,45.269997,31.97
12/7/2011,45.5999985,32.05
12/8/2011,45.274994,31.68
12/9/2011,45.229996,32.01
12/12/2011,45.104996,31.72
12/13/2011,44.844994,31.65
12/14/2011,44.649994,31.49
12/15/2011,45.2899935,31.81
12/16/2011,44.945,31.49
12/19/2011,44.9549945,31.36
12/20/2011,45.774994,32.01
12/21/2011,46.484993,32.35
12/22/2011,46.2049945,32.34
12/23/2011,46.5449985,32.57
12/27/2011,46.6699985,32.63
12/28/2011,46.364998,32.47
12/29/2011,46.609993,32.64
12/30/2011,46.195,32.49
1/3/2012,45.5399935,32.46
1/4/2012,45.2999955,32.39
1/5/2012,45.07,32.37
1/6/2012,44.899994,32.16
1/9/2012,44.8899995,32.21
1/10/2012,44.7249985,32.32
1/11/2012,44.2549975,32.18
1/12/2012,44.274994,32.17
1/13/2012,44.259995,32.14
1/17/2012,44.864998,32.26
1/18/2012,45.154999,32.33
1/19/2012,44.984993,32.39
1/20/2012,44.5,32.4
1/23/2012,44.184998,32.37
1/24/2012,44.125,32.19
1/25/2012,44.719994,32.56
1/26/2012,45.6749955,32.44
1/27/2012,45.199997,32.22
1/30/2012,44.7549975,32.01
1/31/2012,45.359993,32.03
2/1/2012,45.564995,32.26
2/2/2012,45.445,32.38
2/3/2012,45.769997,32.48
2/6/2012,45.6199955,32.46
2/7/2012,45.769997,32.49
2/8/2012,45.734993,32.5
2/9/2012,45.8799975,32.68
2/10/2012,45.5849995,32.61
2/13/2012,45.82,32.75
2/14/2012,45.949997,32.83
2/15/2012,46.0799945,32.82
2/16/2012,46.6599965,33.03
2/17/2012,46.625,33.06
2/21/2012,46.684998,32.87
2/22/2012,46.57,32.78
2/23/2012,46.6649935,32.95
2/24/2012,46.649994,33.06
2/27/2012,46.195,33.06
2/28/2012,46.484993,33.17
2/29/2012,46.5899965,33.23
3/1/2012,46.4249955,33.18
3/2/2012,46.5999985,33.21
3/5/2012,46.6749955,33.36
3/6/2012,46.6699985,33.08
3/7/2012,46.4149935,33.13
3/8/2012,46.969994,33.36
3/9/2012,46.989998,33.47
3/12/2012,47.239998,33.59
3/13/2012,47.614998,33.84
3/14/2012,47.574997,33.74
3/15/2012,47.7099995,33.8
3/16/2012,47.394997,33.6
3/19/2012,47.684998,33.62
3/20/2012,47.824997,33.6
3/21/2012,48.0849995,33.65
3/22/2012,48.1399995,33.68
3/23/2012,47.969994,33.76
3/26/2012,48.404999,33.99
3/27/2012,48.354996,33.97
3/28/2012,48.024994,33.89
3/29/2012,48.344994,33.875
3/30/2012,48.8899995,34.08
4/2/2012,49.219994,34.35
4/3/2012,49.114998,34.16
4/4/2012,48.9249955,34.05
4/5/2012,49.0799945,34.05
4/9/2012,48.519997,33.74
4/10/2012,48.0849995,33.44
4/11/2012,48.269997,33.605
4/12/2012,48.719994,33.635
4/13/2012,48.604996,33.63
4/16/2012,48.8349995,33.77
4/17/2012,49.2949985,34.11
4/18/2012,49.25,34.12
4/19/2012,49.0899965,34
4/20/2012,49.439995,34.31
4/23/2012,48.859993,33.78
4/24/2012,49.2149965,33.79
4/25/2012,49.7899935,34.01
4/26/2012,49.734993,34.32
4/27/2012,49.189995,34.27
4/30/2012,49.469994,34.18
5/1/2012,49.5499955,34.27
5/2/2012,50.175,34.3
5/3/2012,49.9949955,34.35
5/4/2012,49.564995,34.08
5/7/2012,49.7999955,34.13
5/8/2012,49.5899965,34.05
5/9/2012,49.5399935,33.88
5/10/2012,49.824997,34.12
5/11/2012,49.654999,34.03
5/14/2012,49.5049975,33.89
5/15/2012,50.52,33.85
5/16/2012,50.66,33.96
5/17/2012,49.904999,33.72
5/18/2012,49.394997,33.52
5/21/2012,49.479996,33.65
5/22/2012,49.594994,33.69
5/23/2012,49.195,33.6
5/24/2012,49.564995,33.92
5/25/2012,49.399994,33.89
5/29/2012,49.679993,34.13
5/30/2012,49.4149935,33.85
5/31/2012,49.149994,33.78
6/1/2012,48.239998,33.16
6/4/2012,48.5849995,33.27
6/5/2012,48.625,33.23
6/6/2012,49.1649935,33.68
6/7/2012,49.375,33.8
6/8/2012,50.085,34.09
6/11/2012,49.9949955,33.93
6/12/2012,50.024995,34.09
6/13/2012,50.105,34.045
6/14/2012,50.66,34.51
6/15/2012,50.765,34.33
6/18/2012,50.835,34.42
6/19/2012,50.649995,34.39
6/20/2012,50.365,34.21
6/21/2012,49.7249985,33.805
6/22/2012,49.949997,33.91
6/25/2012,49.6599965,33.7
6/26/2012,50.05,33.78
6/27/2012,50.75,33.98
6/28/2012,50.995,34.13
6/29/2012,52.05,34.77
7/2/2012,51.859995,34.965
7/3/2012,52.304995,35.13
7/5/2012,52.325,35
7/6/2012,52.145,34.96
7/9/2012,52.13,34.92
7/10/2012,51.95,34.96
7/11/2012,51.914995,34.91
7/12/2012,51.804995,34.94
7/13/2012,52.73,35.33
7/16/2012,52.185,35.15
7/17/2012,52.579995,35.3
7/18/2012,52.64,35.31
7/19/2012,52.81,35.26
7/20/2012,51.95,35.045
7/23/2012,51.395,34.74
7/24/2012,51.05,34.63
7/25/2012,51.125,34.64
7/26/2012,53.189995,35.21
7/27/2012,53.585,35.61
7/30/2012,53.734995,35.79
7/31/2012,53.679995,35.63
8/1/2012,53.3,35.45
8/2/2012,52.685,35.16
8/3/2012,53.23,35.75
8/6/2012,53.175,35.73
8/7/2012,52.439995,35.54
8/8/2012,52.634995,35.79
8/9/2012,52.475,35.64
8/10/2012,52.685,35.63
8/13/2012,52.774995,35.62
8/14/2012,52.71,35.76
8/15/2012,52.75,35.78
8/16/2012,52.914995,35.87
8/17/2012,53.09,35.9
8/20/2012,52.975,35.9
8/21/2012,52.85,35.68
8/22/2012,52.685,35.57
8/23/2012,52.355,35.29
8/24/2012,52.884995,35.6
8/27/2012,52.899995,35.65
8/28/2012,53.175,35.67
8/29/2012,53.215,35.59
8/30/2012,52.905,35.45
8/31/2012,53.155,35.46
9/4/2012,53.609995,35.67
9/5/2012,53.25,35.61
9/6/2012,53.745,36.05
9/7/2012,53.149995,35.76
9/10/2012,51.85,35.72
9/11/2012,51.41,35.61
9/12/2012,51.31,35.42
9/13/2012,52.27,36.05
9/14/2012,51.875,35.78
9/17/2012,52.575,35.88
9/18/2012,53.005,36.08
9/19/2012,52.945,36.18
9/20/2012,53.395,36.38
9/21/2012,53.265,35.96
9/24/2012,53.469995,36.08
9/25/2012,53.325,35.83
9/26/2012,53.375,35.825
9/27/2012,53.675,35.95
9/28/2012,53.609995,35.825
10/1/2012,53.995,36.06
10/2/2012,53.96,36.09
10/3/2012,54.015,36.2
10/4/2012,54.23,36.37
10/5/2012,54.225,36.51
10/8/2012,54.245,36.4
10/9/2012,53.715,36.05
10/10/2012,53.844995,35.9
10/11/2012,54.015,35.82
10/12/2012,53.945,35.85
10/15/2012,54.23,36.09
10/16/2012,54.295,36.18
10/17/2012,55.285,36.335
10/18/2012,55.31,36.14
10/19/2012,53.87,35.71
10/22/2012,53.844995,35.73
10/23/2012,53.265,35.25
10/24/2012,53.28,35.25
10/25/2012,52.3,35.47
10/26/2012,51.935,35.35
10/31/2012,52.48,35.39
11/1/2012,52.935,35.41
11/2/2012,52.48,35.2
11/5/2012,52.615,35.14
11/6/2012,52.82,35.4
11/7/2012,52.484995,34.9802
11/8/2012,52.035,34.6
11/9/2012,51.935,34.6
11/12/2012,52.155,34.6
11/13/2012,52.14,34.58
11/14/2012,51.765,34.2
11/15/2012,51.884995,34.19
11/16/2012,52.575,34.41
11/19/2012,53.454995,34.97
11/20/2012,53.454995,35.1
11/21/2012,53.399995,35.15
11/23/2012,54,35.67
11/26/2012,53.929995,35.41
11/27/2012,53.82,35.38
11/28/2012,53.88,35.72
11/29/2012,54.005,35.91
11/30/2012,54.25,36.04
12/3/2012,54.045,35.8995
12/4/2012,53.789995,35.825
12/5/2012,53.605,35.89
12/6/2012,53.325,35.93
12/7/2012,54.185,36.18
12/10/2012,53.395,36.14
12/11/2012,53.939995,36.16
12/12/2012,53.495,36.08
12/13/2012,53.079995,36.02
12/14/2012,52.92,35.96
12/17/2012,53.105,36.04
12/18/2012,53.63,36.03
12/19/2012,53.015,35.67
12/20/2012,52.895,35.87
12/21/2012,52.55,35.17
12/24/2012,52.524995,35.06
12/26/2012,52.355,34.76
12/27/2012,52.634995,34.82
12/28/2012,52.02,34.45
12/31/2012,52.27,34.9
1/2/2013,53.155,35.8
1/3/2013,53.329995,35.71
1/4/2013,53.95,35.81
1/7/2013,53.039995,35.57
1/8/2013,53.16,35.47
1/9/2013,53.064995,35.55
1/10/2013,53.695,35.76
1/11/2013,53.545,35.92
1/14/2013,53.965,36.03
1/15/2013,53.87,36.14
1/16/2013,53.914995,36.09
1/17/2013,54.469995,36.33
1/18/2013,54.505,36.48
1/22/2013,54.23,36.49
1/23/2013,54.405,36.48
1/24/2013,54.884995,36.58
1/25/2013,55.075,36.76
1/28/2013,55.075,36.79
1/29/2013,55.454995,36.99
1/30/2013,55.425,36.92
1/31/2013,53.685,36.87
2/1/2013,54.92,37.17
2/4/2013,54.365,36.82
2/5/2013,54.73,37.26
2/6/2013,54.905,37.31
2/7/2013,55.094995,37.51
2/8/2013,54.245,37.48
2/11/2013,54.145,37.48
2/12/2013,54.024995,37.44
2/13/2013,53.95,37.48
2/14/2013,54.164995,37.558
2/15/2013,55.009995,37.61
2/19/2013,55.954995,37.99
2/20/2013,56.054995,37.92
2/21/2013,56.545,38.04
2/22/2013,56.984995,38.26
2/25/2013,57.005,37.74
2/26/2013,56.954995,37.83
2/27/2013,57.23,38.11
2/28/2013,57.215,38.09
3/1/2013,57.054995,38.22
3/4/2013,57.42,38.51
3/5/2013,57.855,38.64
3/6/2013,57.675,38.55
3/7/2013,57.704995,38.55
3/8/2013,57.87,38.62
3/11/2013,57.82,38.66
3/12/2013,57.53,38.62
3/13/2013,57.45,38.72
3/14/2013,56.92,38.85
3/15/2013,56.039995,38.485
3/18/2013,56.13,38.37
3/19/2013,56.27,38.69
3/20/2013,57.3,39.06
3/21/2013,56.855,38.94
3/22/2013,57.204995,39.3
3/25/2013,57.2,39.27
3/26/2013,58.66,39.64
3/27/2013,58.359995,39.61
3/28/2013,59.015,39.77
4/1/2013,58.855,39.75
4/2/2013,59.45,40.18
4/3/2013,58.655,39.74
4/4/2013,58.539995,39.95
4/5/2013,58.359995,39.66
4/8/2013,58.859995,40.11
4/9/2013,58.625,40.07
4/10/2013,59.134995,40.37
4/11/2013,59.42,40.565
4/12/2013,59.185,40.71
4/15/2013,58.435,40.06
4/16/2013,59.664995,40.81
4/17/2013,58.925,40.46
4/18/2013,59.285,40.38
4/19/2013,59.859995,41.01
4/22/2013,60.204995,41.11
4/23/2013,60.715,41.43
4/24/2013,58.95,40.77
4/25/2013,59.71,40.9
4/26/2013,59.495,40.89
4/29/2013,59.685,41.02
4/30/2013,59.704995,40.94
5/1/2013,59.57,40.9
5/2/2013,60.365,41.05
5/3/2013,60.575,41.23
5/6/2013,60.1,40.93
5/7/2013,60.164995,41.2401
5/8/2013,60.259995,41.29
5/9/2013,60.094995,41
5/10/2013,60.359995,41.16
5/13/2013,60.454995,41.23
5/14/2013,61.675,41.72
5/15/2013,62.274995,42.135
5/16/2013,62.37999,41.8768
5/17/2013,62.039994,41.94
5/20/2013,61.549988,41.51
5/21/2013,61.579987,41.55
5/22/2013,61.409989,41.48
5/23/2013,60.969986,41.31
5/24/2013,61.169999,41.7
5/28/2013,61.62999,41.77
5/29/2013,59.579987,40.97
5/30/2013,59.62999,40.81
5/31/2013,57.839997,40.05
6/3/2013,58.599991,40.49
6/4/2013,58.869996,40.5
6/5/2013,57.899994,40.01
6/6/2013,58.039994,40.18
6/7/2013,59.099991,40.68
6/10/2013,58.819993,40.68
6/11/2013,58.619996,40.58
6/12/2013,58.159989,40.38
6/13/2013,58.459992,40.8
6/14/2013,58.819993,40.7
6/17/2013,59.64,41.06
6/18/2013,59.699997,41.21
6/19/2013,58,40.39
6/20/2013,55.869996,39.17
6/21/2013,56.809998,39.43
6/24/2013,56.149994,39.265
6/25/2013,56.219986,39.33
6/26/2013,57,39.74
6/27/2013,57.39,39.92
6/28/2013,57.289994,39.67
7/1/2013,57.949997,39.96
7/2/2013,57.719986,40.01
7/3/2013,57.819993,39.93
7/5/2013,57.859986,40.03
7/8/2013,58.579987,40.43
7/9/2013,58.979996,40.73
7/10/2013,58.619996,40.78
7/11/2013,58.949997,41.42
7/12/2013,59.14,41.43
7/15/2013,58.819993,41.49
7/16/2013,58.479996,41.34
7/17/2013,58.359986,41.42
7/18/2013,58.799988,41.56
7/19/2013,58.87999,41.8
7/22/2013,58.649994,41.71
7/23/2013,58.409989,41.63
7/24/2013,58.469986,41.36
7/25/2013,59.619996,41.58
7/26/2013,60.25,41.53
7/29/2013,60.079987,41.44
7/30/2013,60.239991,41.4
7/31/2013,59.869996,41.39
8/1/2013,60.559998,41.73
8/2/2013,60.529999,41.75
8/5/2013,60.979996,41.78
8/6/2013,60.989991,41.73
8/7/2013,60.939988,41.53
8/8/2013,60.909989,41.75
8/9/2013,60.679993,41.57
8/12/2013,60.959992,41.45
8/13/2013,61.079987,41.48
8/14/2013,60.669999,41.19
8/15/2013,59.809998,40.53
8/16/2013,59.469986,40.29
8/19/2013,59.149994,40.11
8/20/2013,59.089997,40.12
8/21/2013,58.509995,39.81
8/22/2013,58.449997,39.98
8/23/2013,59.029999,40.21
8/26/2013,58.219986,39.74
8/27/2013,57.64,39.528
8/28/2013,57.26999,39.23
8/29/2013,57.25,39.39
8/30/2013,57.76999,39.51
9/3/2013,57.449997,39.48
9/4/2013,57.799988,39.725
9/5/2013,57.529999,39.67
9/6/2013,58,39.77
9/9/2013,58.569993,40.05
9/10/2013,58.589997,40.09
9/11/2013,59.25,40.375
9/12/2013,59.279999,40.39
9/13/2013,59.429993,40.72
9/16/2013,60.01999,41.09
9/17/2013,59.799988,41.23
9/18/2013,61.189988,41.72
9/19/2013,60.969986,41.53
9/20/2013,60.439988,40.98
9/23/2013,60.199997,40.8
9/24/2013,59.869996,40.61
9/25/2013,59.339997,40.269
9/26/2013,60.39,40.48
9/27/2013,59.929993,40.23
9/30/2013,59.299988,39.8
10/1/2013,60.089997,40.04
10/2/2013,59.429993,39.955
10/3/2013,59.219986,39.75
10/4/2013,59.329987,39.81
10/7/2013,59.209992,39.68
10/8/2013,58.959992,39.68
10/9/2013,59.829987,39.71
10/10/2013,60.789994,40.45
10/11/2013,61.449997,40.57
10/14/2013,61.529999,40.74
10/15/2013,61.229996,40.37
10/16/2013,62.279999,40.97
10/17/2013,63.409989,41.43
10/18/2013,62.809998,41.49
10/21/2013,62.259995,41.4
10/22/2013,63.469986,41.92
10/23/2013,63.469986,42
10/24/2013,63.039994,41.92
10/25/2013,63.599991,42.02
10/28/2013,64.759995,42.57
10/29/2013,65.939988,42.94
10/30/2013,65.219986,42.57
10/31/2013,64.729996,42.345
11/1/2013,65.39,42.51
11/4/2013,65.729996,42.55
11/5/2013,65.359986,42.63
11/6/2013,66.009995,43.09
11/7/2013,64.799988,42.46
11/8/2013,64.829987,42.67
11/11/2013,64.619996,42.535
11/12/2013,64.719986,42.61
11/13/2013,65.089997,42.97
11/14/2013,65.599991,43.28
11/15/2013,65.779999,43.33
11/18/2013,65.179993,43.195
11/19/2013,65.279999,43.04
11/20/2013,65.259995,42.86
11/21/2013,65.979996,42.935
11/22/2013,66.259995,43.16
11/25/2013,65.949997,43.09
11/26/2013,66.009995,43.05
11/27/2013,65.829987,43.08
11/29/2013,65.809998,43.01
12/2/2013,65.279999,42.78
12/3/2013,65.369996,42.99
12/4/2013,65.039994,42.89
12/5/2013,64.539994,42.5
12/6/2013,65.659989,43.08
12/9/2013,65.689988,43.23
12/10/2013,64.689988,42.86
12/11/2013,64.939988,42.93
12/12/2013,63.969986,42.34
12/13/2013,63.979996,42.27
12/16/2013,64.039994,42.26
12/17/2013,63.579987,42.06
12/18/2013,64.64,42.76
12/19/2013,64.239991,42.68
12/20/2013,64.739991,42.55
12/23/2013,64.62999,42.51
12/24/2013,64.709992,42.57
12/26/2013,64.829987,42.74
12/27/2013,65.369996,42.84
12/30/2013,65.429993,42.95
12/31/2013,65.209992,42.98
1/2/2014,64.299988,42.45
1/3/2014,64.179993,42.37
1/6/2014,64.14,42.21
1/7/2014,64.199997,42.44
1/8/2014,63.539994,42.12
1/9/2014,65.01999,42.34
1/10/2014,65.079987,42.4
1/13/2014,64.689988,42.16
1/14/2014,64.849991,42.38
1/15/2014,64.779999,42.39
1/16/2014,64.979996,42.4
1/17/2014,64.699997,42.07
1/21/2014,64.739991,42.23
1/22/2014,64.009995,42.23
1/23/2014,63.439988,41.86
1/24/2014,62.39,41.48
1/27/2014,62.109986,41.31
1/28/2014,62.869996,41.63
1/29/2014,61.589997,40.9
1/30/2014,61.489991,40.96
1/31/2014,61.229996,40.76
2/3/2014,60.169999,39.88
2/4/2014,60.349991,40.09
2/5/2014,60.419999,40.12
2/6/2014,60.599991,40.55
2/7/2014,60.859986,40.93
2/10/2014,61.51999,41.09
2/11/2014,62.399994,41.57
2/12/2014,61.919999,41.39
2/13/2014,62.309998,41.6
2/14/2014,62.679993,41.84
2/18/2014,62.39,41.6
2/19/2014,61.529999,41.51
2/20/2014,61.859986,41.69
2/21/2014,61.559998,41.6
2/24/2014,61.949997,41.75
2/25/2014,62.069993,41.91
2/26/2014,61.949997,41.87
2/27/2014,62.119996,42.06
2/28/2014,62.829987,42.35
3/3/2014,62.219986,42.12
3/4/2014,63.009995,42.69
3/5/2014,62.619996,42.55
3/6/2014,63.01999,42.54
3/7/2014,63.12999,42.66
3/10/2014,63.049988,42.7
3/11/2014,63.289994,42.68
3/12/2014,63.219986,42.77
3/13/2014,63.229996,42.56
3/14/2014,63.829987,42.58
3/17/2014,64.399994,42.83
3/18/2014,64.339997,42.92
3/19/2014,63.39,42.59
3/20/2014,63.589997,42.74
3/21/2014,63.459992,42.5
3/24/2014,63.309998,42.46
3/25/2014,63.76999,42.77
3/26/2014,64.26999,42.67
3/27/2014,64.059998,42.64
3/28/2014,64.099991,42.75
3/31/2014,64.869996,43.06
4/1/2014,64.219986,42.99
4/2/2014,64.299988,43.04
4/3/2014,64.279999,43.09
4/4/2014,64.219986,42.95
4/7/2014,64.919999,42.99
4/8/2014,65.62999,43.21
4/9/2014,65.729996,43.4
4/10/2014,65.939988,42.97
4/11/2014,65.309998,42.75
4/14/2014,65.859986,43.09
4/15/2014,66.369996,43.2
4/16/2014,67.179993,43.62
4/17/2014,66.939988,43.63
4/21/2014,66.839997,43.65
4/22/2014,66.359986,43.63
4/23/2014,65.869996,43.56
4/24/2014,66.429993,43.73
4/25/2014,66.239991,43.79
4/28/2014,67.859986,44.29
4/29/2014,67.039994,44.1
4/30/2014,67.299988,44.24
5/1/2014,67.009995,44.2
5/2/2014,67.099991,44.2
5/5/2014,66.899994,44.1
5/6/2014,66.709992,43.82
5/7/2014,67.229996,44.24
5/8/2014,67.099991,44.3
5/9/2014,67.649994,44.51
5/12/2014,67.189988,44.55
5/13/2014,67.259995,44.64
5/14/2014,66.959992,44.4
5/15/2014,66.409989,44.01
5/16/2014,66.919999,44.28
5/19/2014,66.729996,44.19
5/20/2014,66.559998,44.03
5/21/2014,66.809998,44.28
5/22/2014,66.609986,44.21
5/23/2014,66.729996,44.28
5/27/2014,66.709992,44.4
5/28/2014,66.119996,44.34
5/29/2014,66.919999,44.69
5/30/2014,68.399994,45.04
6/2/2014,68.209992,44.93
6/3/2014,67.239991,44.77
6/4/2014,67.709992,44.93
6/5/2014,67.959992,45.11
6/6/2014,68.01999,45.23
6/9/2014,68.439988,45.16
6/10/2014,68.689988,45.16
6/11/2014,68.619996,45.04
6/12/2014,67.839997,44.72
6/13/2014,67.859986,44.71
6/16/2014,68.089997,44.88
6/17/2014,67.89,44.88
6/18/2014,68.729996,45.41
6/19/2014,69.429993,45.67
6/20/2014,68.37999,45.22
6/23/2014,67.829987,44.97
6/24/2014,67.949997,44.81
6/25/2014,67.949997,44.74
6/26/2014,67.899994,44.58
6/27/2014,68.429993,44.655
6/30/2014,68.179993,44.62
7/1/2014,68.479996,44.72
7/2/2014,68.469986,44.84
7/3/2014,68.819993,45.09
7/7/2014,68.859986,45.16
7/8/2014,69.5,45.07
7/9/2014,69.649994,45.27
7/10/2014,69.419999,45.2
7/11/2014,69.51999,45.26
7/14/2014,69.789994,45.42
7/15/2014,69.659989,45.02
7/16/2014,69.449997,45.03
7/17/2014,68.599991,44.75
7/18/2014,68.899994,45.2
7/21/2014,68.759995,44.99
7/22/2014,68.589997,44.91
7/23/2014,68.169999,44.85
7/24/2014,68.109986,44.97
7/25/2014,67.589997,44.79
7/28/2014,67.329987,44.56
7/29/2014,66.359986,44.36
7/30/2014,66.109986,43.89
7/31/2014,63.399994,43.1399
8/1/2014,63.949997,43.47
8/4/2014,63.759995,43.61
8/5/2014,63.76999,43.42
8/6/2014,64.799988,43.79
8/7/2014,64.449997,43.43
8/8/2014,65.179993,43.87
8/11/2014,65.059998,44.18
8/12/2014,64.419999,44.15
8/13/2014,64.37999,44.28
8/14/2014,64.209992,44.46
8/15/2014,64.12999,44.52
8/18/2014,64.619996,44.78
8/19/2014,64.259995,44.9
8/20/2014,64.669999,44.87
8/21/2014,64.809998,44.95
8/22/2014,64.569993,44.84
8/25/2014,64.869996,45.09
8/26/2014,64.789994,45.06
8/27/2014,64.829987,45.08
8/28/2014,64.509995,45.1
8/29/2014,64.729996,45.13
9/2/2014,64.419999,45.15
9/3/2014,64.419999,45.18
9/4/2014,64.309998,45.32
9/5/2014,64.859986,45.58
9/8/2014,63.64,45.24
9/9/2014,63.429993,45.13
9/10/2014,64,45.35
9/11/2014,64.419999,45.37
9/12/2014,64.479996,45.05
9/15/2014,64.509995,45.27
9/16/2014,65.14,45.61
9/17/2014,65.239991,45.51
9/18/2014,65.309998,45.6
9/19/2014,65.279999,45.43
9/22/2014,65.689988,45.35
9/23/2014,65.399994,44.95
9/24/2014,66.229996,45.53
9/25/2014,65.479996,44.93
9/26/2014,65.699997,45.1
9/29/2014,65.62999,45.09
9/30/2014,65.219986,45.11
10/1/2014,64.89,44.825
10/2/2014,64.779999,44.91
10/3/2014,65.459992,45.44
10/6/2014,65.26999,45.46
10/7/2014,64.899994,45.19
10/8/2014,65.819993,45.85
10/9/2014,65.199997,45.39
10/10/2014,65.289994,45.61
10/13/2014,64.189988,44.98
10/14/2014,64.409989,44.96
10/15/2014,63.529999,44.42
10/16/2014,63.109986,44.09
10/17/2014,63.729996,44.63
10/20/2014,64.539994,45.27
10/21/2014,65.419999,45.46
10/22/2014,65.319993,45.56
10/23/2014,65.049988,45.53
10/24/2014,65.349991,45.91
10/27/2014,66.109986,46.02
10/28/2014,65.789994,46.2
10/29/2014,65.849991,46.12
10/30/2014,66.409989,46.41
10/31/2014,66.87999,46.71
11/3/2014,67.409989,46.89
11/4/2014,68.049988,47.14
11/5/2014,68.149994,47.47
11/6/2014,68.110001,47.57
11/7/2014,68.050004,47.74
11/10/2014,68.550004,47.95
11/11/2014,68.470002,47.86
11/12/2014,68.699997,47.86
11/13/2014,68.289994,48.03
11/14/2014,67.559998,47.76
11/17/2014,67.919999,48.08
11/18/2014,67.970002,48.26
11/19/2014,68.289994,48.46
11/20/2014,68.059998,48.25
11/21/2014,68.339997,48.45
11/24/2014,67.949997,48.42
11/25/2014,68.330002,48.46
11/26/2014,68.690003,48.68
11/28/2014,69.589997,49.3
12/1/2014,69.399994,48.975
12/2/2014,69.860001,49.15
12/3/2014,69.059998,48.8
12/4/2014,69.449997,48.76
12/5/2014,69.369996,48.85
12/8/2014,69.440003,48.75
12/9/2014,69.330002,48.59
12/10/2014,68.869996,48.13
12/11/2014,69.279999,48.53
12/12/2014,68.570008,47.91
12/15/2014,67.949997,47.59
12/16/2014,67.509995,47.41
12/17/2014,68.660004,48.1
12/18/2014,69.479996,49.02
12/19/2014,69.979996,48.62
12/22/2014,70.259995,49.09
12/23/2014,71,49.43
12/24/2014,70.470002,49.38
12/26/2014,70.880005,49.46
12/29/2014,70.479996,49.31
12/30/2014,70.039994,49.09
12/31/2014,69.190003,48.49
1/2/2015,69.039994,48.35
1/5/2015,68.529999,48.01
1/6/2015,67.809998,47.95
1/7/2015,68.350007,48.77
1/8/2015,69.279999,49.51
1/9/2015,68.600007,49.11
1/12/2015,68.259995,48.96
1/13/2015,68.729996,48.95
1/14/2015,68.449997,48.8
1/15/2015,68.320008,48.88
1/16/2015,69.169999,49.27
1/20/2015,68.960007,49.47
1/21/2015,68.350007,49.71
1/22/2015,69.320008,50.21
1/23/2015,67.14,49.65
1/26/2015,66.289994,49.65
1/27/2015,65.660004,49.08
1/28/2015,65.119996,48.51
1/29/2015,69.029999,48.9
1/30/2015,67.520005,48.02
2/2/2015,68.990006,48.59
2/3/2015,69.190003,49.02
2/4/2015,69.199997,49.04
2/5/2015,69.789994,49.29
2/6/2015,69.300004,49.07
2/9/2015,69.070008,48.7
2/10/2015,69.440003,49.27
2/11/2015,69.470002,49.5
2/12/2015,69.850007,49.73
2/13/2015,70.080002,49.5
2/17/2015,70.190003,49.51
2/18/2015,70.539994,49.78
2/19/2015,70.210007,49.46
2/20/2015,70.240006,49.6
2/23/2015,70.679993,49.74
2/24/2015,71.009995,49.91
2/25/2015,71.009995,49.74
2/26/2015,71.110001,49.81
2/27/2015,70.820008,50.01
3/2/2015,71.009995,50.1
3/3/2015,70.679993,49.91
3/4/2015,70.679993,49.56
3/5/2015,71.460007,49.73
3/6/2015,69.25,48.76
3/9/2015,69.589997,49.03
3/10/2015,68.399994,48.33
3/11/2015,67.89,47.96
3/12/2015,68.529999,48.66
3/13/2015,68.460007,48.28
3/16/2015,69.020005,48.87
3/17/2015,68.410004,48.52
3/18/2015,68.330002,48.85
3/19/2015,68.289994,48.63
3/20/2015,69.559998,48.94
3/23/2015,70.169999,49.02
3/24/2015,69.309998,48.74
3/25/2015,68.89,48.62
3/26/2015,68.740006,48.41
3/27/2015,68.75,48.71
3/30/2015,69.289994,49.2
3/31/2015,69.339997,48.74
4/1/2015,69.089997,48.8
4/2/2015,69.330002,49.13
4/6/2015,69.949997,49.52
4/7/2015,69.710007,49.29
4/8/2015,69.899994,49.37
4/9/2015,69.960007,49.51
4/10/2015,69.610001,49.6
4/13/2015,69.309998,49.37
4/14/2015,69.630005,49.48
4/15/2015,69.880005,49.34
4/16/2015,70.080002,49.52
4/17/2015,69.279999,49.06
4/20/2015,68.460007,49.23
4/21/2015,69.009995,49.32
4/22/2015,69.279999,49.35
4/23/2015,69.220002,49.18
4/24/2015,69.169999,49.19
4/27/2015,68.979996,48.92
4/28/2015,68.770005,48.97
4/29/2015,68.509995,48.53
4/30/2015,67.279999,48.37
5/1/2015,67.679993,48.81
5/4/2015,67.860001,48.88
5/5/2015,67.380005,48.49
5/6/2015,67.789994,48.64
5/7/2015,67.880005,48.76
5/8/2015,68.199997,49.17
5/11/2015,67.830002,48.97
5/12/2015,67.880005,48.86
5/13/2015,67.600007,48.84
5/14/2015,68.630005,49.59
5/15/2015,68.630005,49.75
5/18/2015,68.610001,49.59
5/19/2015,69.14,49.46
5/20/2015,68.89,49.35
5/21/2015,68.820008,49.46
5/22/2015,68.5,49.25
5/26/2015,67.149994,48.86
5/27/2015,67.539994,49.17
5/28/2015,67.330002,49.1
5/29/2015,66.789994,48.79
6/1/2015,66.899994,48.79
6/2/2015,66.729996,48.66
6/3/2015,66.570008,48.63
6/4/2015,65.919999,48.28
6/5/2015,65.479996,47.59
6/8/2015,65.339997,47.57
6/9/2015,66.029999,47.8
6/10/2015,67.070008,48.27
6/11/2015,66.550004,48.25
6/12/2015,66.289994,48.06
6/15/2015,65.339997,47.71
6/16/2015,65.979996,48.23
6/17/2015,66.410004,48.49
6/18/2015,67.169999,49.03
6/19/2015,66.899994,48.66
6/22/2015,67.240006,48.85
6/23/2015,67.009995,48.64
6/24/2015,66.490006,48.42
6/25/2015,66.460007,48.33
6/26/2015,66.5,48.43
6/29/2015,65.399994,47.68
6/30/2015,65.410004,47.6
7/1/2015,66.160004,48.21
7/2/2015,66.160004,48.17
7/6/2015,65.960007,48.13
7/7/2015,67.309998,49.12
7/8/2015,66.449997,48.57
7/9/2015,66.169999,48.61
7/10/2015,66.64,49.18
7/13/2015,67.440003,49.64
7/14/2015,67.270005,49.72
7/15/2015,66.910004,49.59
7/16/2015,67.619996,50.1
7/17/2015,67.5,50.07
7/20/2015,67.800004,50.16
7/21/2015,66.940003,50.04
7/22/2015,67,50.15
7/23/2015,67.039994,49.96
7/24/2015,67,49.68
7/27/2015,67.300004,49.65
7/28/2015,68.39,50.21
7/29/2015,68.929993,50.38
7/30/2015,68.020005,50.21
7/31/2015,68.020005,50.31
8/3/2015,68.419999,50.38
8/4/2015,68.449997,50.38
8/5/2015,69.080002,50.82
8/6/2015,68.649994,50.44
8/7/2015,68.490006,50.16
8/10/2015,68.740006,50.35
8/11/2015,68.259995,50.17
8/12/2015,68,50.2
8/13/2015,67.660004,50
8/14/2015,67.789994,50.16
8/17/2015,67.660004,50.21
8/18/2015,67.690003,49.96
8/19/2015,66.740006,49.5
8/20/2015,65.990006,49.05
8/21/2015,64.979996,47.71
8/24/2015,61.949997,46.05
8/25/2015,60.369996,45.7
8/26/2015,62.229996,47.05
8/27/2015,63.089997,47.74
8/28/2015,63.350007,47.64
8/31/2015,62.809998,47.31
9/1/2015,61.270005,46.34
9/2/2015,62.179993,46.97
9/3/2015,62.919999,47.29
9/4/2015,61.460007,46.52
9/8/2015,63.429993,47.49
9/9/2015,62.39,46.71
9/10/2015,61.929993,46.79
9/11/2015,61.919999,47.1
9/14/2015,62.110001,46.95
9/15/2015,62.429993,47.51
9/16/2015,63.070008,48.05
9/17/2015,63.270005,48.05
9/18/2015,62.690003,47.19
9/21/2015,63.100007,47.54
9/22/2015,62.160004,47.02
9/23/2015,62.100007,47.1
9/24/2015,62.25,47.18
9/25/2015,63.14,47.48
9/28/2015,62.160004,46.78
9/29/2015,63.070008,46.76
9/30/2015,63.460007,47.19
10/1/2015,63.720002,47.19
10/2/2015,64.279999,47.84
10/5/2015,65.350007,48.66
10/6/2015,64.789994,48.33
10/7/2015,65.350007,48.77
10/8/2015,65.899994,49.35
10/9/2015,66.339997,49.46
10/12/2015,66.25,49.59
10/13/2015,65.970002,49.29
10/14/2015,65.75,48.72
10/15/2015,66.570008,49.16
10/16/2015,67.119996,49.63
10/19/2015,67.25,49.85
10/20/2015,67.059998,49.82
10/21/2015,66.830002,49.83
10/22/2015,68.64,50.82
10/23/2015,68.940003,50.74
10/26/2015,68.720002,50.64
10/27/2015,68.949997,50.71
10/28/2015,68.830002,50.42
10/29/2015,69.229996,50.44
10/30/2015,66.350007,49.88
11/2/2015,67.490006,50.18
11/3/2015,68,49.94
11/4/2015,67.479996,49.73
11/5/2015,67.600007,49.72
11/6/2015,65.820008,49.18
11/9/2015,65.770005,48.85
11/10/2015,66.380005,48.98
11/11/2015,66.449997,48.91
11/12/2015,65.270005,48.25
11/13/2015,64.559998,47.83
11/16/2015,65.570008,48.65
11/17/2015,65.320008,48.63
11/18/2015,66.059998,49.3
11/19/2015,66.380005,49.429
11/20/2015,66.100007,49.08
11/23/2015,66.89,49.51
11/24/2015,66.820008,49.64
11/25/2015,66.429993,49.77
11/27/2015,66.559998,49.96
11/30/2015,65.679993,49.42
12/1/2015,65.830002,49.84
12/2/2015,65.679993,49.59
12/3/2015,65.580002,49.33
12/4/2015,66.339997,50.44
12/7/2015,66.339997,50.58
12/8/2015,66.179993,50.45
12/9/2015,66.080002,49.97
12/10/2015,66.130005,50.03
12/11/2015,65.210007,49.48
12/14/2015,65.850007,49.97
12/15/2015,66.759995,50.29
12/16/2015,68.330002,51.26
12/17/2015,67.330002,50.6
12/18/2015,65.570008,49.34
12/21/2015,65.979996,49.9
12/22/2015,66.580002,50.55
12/23/2015,67.160004,50.92
12/24/2015,66.990006,50.87
12/28/2015,66.89,50.8
12/29/2015,67.649994,51.24
12/30/2015,67.529999,51.06
12/31/2015,66.619996,50.49
1/4/2016,64.710007,49.85
1/5/2016,65,50.17
1/6/2016,64.14,50
1/7/2016,63.009995,49.4
1/8/2016,62.550004,49.02
1/11/2016,62.809998,49.48
1/12/2016,63.380005,49.75
1/13/2016,62.910004,48.84
1/14/2016,63.529999,49.07
1/15/2016,63.350007,48.3
1/19/2016,64.289994,48.88
1/20/2016,62.449997,48.27
1/21/2016,63.649994,48.46
1/22/2016,64.610001,49.29
1/25/2016,63.929993,48.85
1/26/2016,64.330002,49.29
1/27/2016,64.300004,49.25
1/28/2016,65.020005,49.75
1/29/2016,67.529999,50.76
2/1/2016,66.199997,50.93
2/2/2016,65.360001,50.28
2/3/2016,66.029999,50.17
2/4/2016,65.990006,49.71
2/5/2016,66.190003,49.63
2/8/2016,66.070008,49.5
2/9/2016,65.880005,49.83
2/10/2016,65.809998,49.77
2/11/2016,64.440003,49.37
2/12/2016,65.699997,50.07
2/16/2016,65.809998,50.47
2/17/2016,67.059998,50.99
2/18/2016,67.220002,50.76
2/19/2016,67.460007,50.84
2/22/2016,67.610001,51.09
2/23/2016,67.199997,51.08
2/24/2016,66.320008,51.24
2/25/2016,67.419999,51.82
2/26/2016,66.279999,51.09
2/29/2016,65.64,50.92
3/1/2016,67.330002,51.41
3/2/2016,67.080002,51.56
3/3/2016,67.610001,51.82
3/4/2016,68.160004,52.04
3/7/2016,67.570008,51.72
3/8/2016,67.529999,51.87
3/9/2016,67.979996,52.26
3/10/2016,68.229996,52.28
3/11/2016,68.369996,52.45
3/14/2016,68.240006,52.42
3/15/2016,68.589997,52.55
3/16/2016,68.679993,52.67
3/17/2016,69.860001,52.99
3/18/2016,70.479996,52.65
3/21/2016,70.429993,52.68
3/22/2016,69.559998,52.37
3/23/2016,69.800004,52.38
3/24/2016,69.910004,52.32
3/28/2016,69.910004,52.6
3/29/2016,70.509995,52.99
3/30/2016,70.720002,53.34
3/31/2016,70.649994,53.06
4/1/2016,71.199997,53.62
4/4/2016,71.160004,53.64
4/5/2016,71.14,53.28
4/6/2016,71.410004,53.7
4/7/2016,70.64,53.12
4/8/2016,71.070008,53.41
4/11/2016,70.940003,53.03
4/12/2016,71.229996,53.36
4/13/2016,70.830002,52.95
4/14/2016,70.800004,52.71
4/15/2016,71.25,53.035
4/18/2016,71.320008,53.34
4/19/2016,71.660004,53.31
4/20/2016,70.309998,52.59
4/21/2016,68.979996,51.77
4/22/2016,69.059998,51.96
4/25/2016,69.419999,52.32
4/26/2016,68.960007,52.11
4/27/2016,69.309998,52.36
4/28/2016,71.160004,52.41
4/29/2016,70.919999,52.3
5/2/2016,72.369996,52.9
5/3/2016,71.850007,52.8
5/4/2016,71.880005,52.96
5/5/2016,71.470002,52.97
5/6/2016,71.820008,53.24
5/9/2016,71.759995,53.53
5/10/2016,72.199997,54.06
5/11/2016,71.979996,53.63
5/12/2016,72.649994,53.92
5/13/2016,71.669999,53.24
5/16/2016,72.020005,53.58
5/17/2016,70.850007,52.53
5/18/2016,70.130005,51.92
5/19/2016,70.429993,52.43
5/20/2016,70.020005,52.16
5/23/2016,70.080002,52.21
5/24/2016,70.869996,52.65
5/25/2016,70.669999,52.73
5/26/2016,70.490006,52.94
5/27/2016,70.589997,53
5/31/2016,70.410004,52.66
6/1/2016,71.199997,53.2
6/2/2016,71.419999,53.22
6/3/2016,71.600007,53.56
6/6/2016,71.839997,53.62
6/7/2016,71.589997,53.56
6/8/2016,72,53.88
6/9/2016,72.339997,54.09
6/10/2016,72.119996,54.13
6/13/2016,71.669999,53.68
6/14/2016,72.089997,53.89
6/15/2016,71.720002,53.73
6/16/2016,72,54.01
6/17/2016,71.440003,53.47
6/20/2016,71.64,53.64
6/21/2016,71.800004,53.78
6/22/2016,72.25,53.81
6/23/2016,72.669999,54.14
6/24/2016,70.580002,53.1
6/27/2016,69.990006,52.985
6/28/2016,71.130005,53.32
6/29/2016,71.860001,53.94
6/30/2016,73.199997,55.15
7/1/2016,72.949997,54.89
7/5/2016,73.279999,55.2
7/6/2016,73.279999,55.25
7/7/2016,73.399994,55.1408
7/8/2016,74.25,55.69
7/11/2016,74.490006,55.7
7/12/2016,73.949997,55.4
7/13/2016,74.470002,55.71
7/14/2016,74.710007,55.7
7/15/2016,74.720002,55.7
7/18/2016,74.5,55.64
7/19/2016,74.559998,55.6
7/20/2016,74.119996,55.4
7/21/2016,73.869996,55.24
7/22/2016,74.610001,55.5
7/25/2016,74.229996,55.44
7/26/2016,73.979996,55.01
7/27/2016,73.279999,54.19
7/28/2016,73.25,54.43
7/29/2016,74.429993,54.7
8/1/2016,75.110001,54.76
8/2/2016,74.869996,54.68
8/3/2016,74.080002,54.38
8/4/2016,74.779999,54.5
8/5/2016,74.580002,54.59
8/8/2016,74.429993,54.53
8/9/2016,74.779999,54.7
8/10/2016,74.839997,54.9
8/11/2016,74.89,54.9
8/12/2016,74.970002,55.09
8/15/2016,74.710007,54.95
8/16/2016,74.320008,54.71
8/17/2016,74.580002,54.86
8/18/2016,74.589997,55.05
8/19/2016,74.490006,54.92
8/22/2016,74.5,55
8/23/2016,74.539994,54.89
8/24/2016,74.360001,54.8
8/25/2016,74.630005,54.59
8/26/2016,74.470002,54.31
8/29/2016,74.809998,54.63
8/30/2016,74.5,54.31
8/31/2016,74.339997,54.38
9/1/2016,74.270005,54.4
9/2/2016,74.89,54.82
9/6/2016,75.270005,54.9392
9/7/2016,73.759995,54.46
9/8/2016,72.990006,54.16
9/9/2016,70.860001,52.69
9/12/2016,72.779999,53.68
9/13/2016,71.839997,53.02
9/14/2016,71.850007,52.86
9/15/2016,72.100007,53.29
9/16/2016,71.960007,52.79
9/19/2016,72.190003,52.68
9/20/2016,72.479996,52.82
9/21/2016,73,53.11
9/22/2016,73.529999,53.58
9/23/2016,73.25,53.34
9/26/2016,73.110001,52.89
9/27/2016,73.460007,53.11
9/28/2016,73.600007,53.2
9/29/2016,73.289994,52.68
9/30/2016,74.14,53.21
10/3/2016,73.619996,52.87
10/4/2016,72.800004,52.42
10/5/2016,72.970002,52.37
10/6/2016,73.279999,52.47
10/7/2016,73.050004,52.33
10/10/2016,72.610001,52.33
10/11/2016,72.199997,52.06
10/12/2016,72.429993,52.35
10/13/2016,72.160004,52.36
10/14/2016,72.309998,52.37
10/17/2016,72.080002,52.12
10/18/2016,71.929993,52.28
10/19/2016,71.699997,51.98
10/20/2016,70.919999,51.95
10/21/2016,70.919999,52.23
10/24/2016,71.029999,52.57
10/25/2016,71.309998,52.76
10/26/2016,71.259995,52.69
10/27/2016,70.570008,52.45
10/28/2016,71.169999,52.67
10/31/2016,71.360001,52.8
11/1/2016,70.990006,52.57
11/2/2016,71.179993,52.44
11/3/2016,70.570008,52.08
11/4/2016,69.570008,51.61
11/7/2016,70.539994,52.48
11/8/2016,71.589997,52.7
11/9/2016,70.369996,51.98
11/10/2016,67.199997,50.59
11/11/2016,67.419999,50.54
11/14/2016,66.580002,50.45
11/15/2016,66.589997,50.76
11/16/2016,66.740006,50.77
11/17/2016,65.990006,50.68
11/18/2016,65.860001,50.5
11/21/2016,66.220002,50.84
11/22/2016,66.330002,51.1
11/23/2016,65.990006,50.82
11/25/2016,66.529999,51.22
11/28/2016,66.429993,51.33
11/29/2016,66.529999,51.4
11/30/2016,65.229996,50.58
12/1/2016,65.080002,50.25
12/2/2016,64.720002,50.57
12/5/2016,64.630005,50.63
12/6/2016,65.029999,50.78
12/7/2016,65.929993,51.51
12/8/2016,65.699997,51.3
12/9/2016,66.289994,52.04
12/12/2016,66.75,52.25
12/13/2016,66.89,52.49
12/14/2016,65.910004,51.92
12/15/2016,66.229996,52.14
12/16/2016,66.229996,52.05
12/19/2016,66.059998,52.15
12/20/2016,66.39,52.05
12/21/2016,66.050004,52.04
12/22/2016,66.369996,51.96
12/23/2016,66.270005,52.06
12/27/2016,66.009995,52.05
12/28/2016,65.610001,51.73
12/29/2016,65.89,51.97
12/30/2016,65.440003,51.71
1/3/2017,65.539994,51.9
1/4/2017,66.259995,51.9
1/5/2017,66.850007,52.07
1/6/2017,67.360001,52.12
1/9/2017,66.419999,51.7
1/10/2017,65.39,51.44
1/11/2017,65.309998,51.54
1/12/2017,65.850007,51.49
1/13/2017,65.880005,51.52
1/17/2017,67.100007,52.25
1/18/2017,67.860001,52.43
1/19/2017,67.039994,52.24
1/20/2017,67.949997,52.58
1/23/2017,67.550004,52.56
1/24/2017,68.259995,52.91
1/25/2017,68.429993,52.9
1/26/2017,68.240006,52.67
1/27/2017,64.679993,52.38
1/30/2017,64.529999,52.34
1/31/2017,64.580002,52.59
2/1/2017,64.720002,52.18
2/2/2017,65.679993,52.66
2/3/2017,65.970002,53
2/6/2017,65.490006,52.71
2/7/2017,66.559998,53.14
2/8/2017,66.589997,53.36
2/9/2017,66.600007,53.58
2/10/2017,67.720002,53.62
2/13/2017,67.710007,53.62
2/14/2017,67.740006,53.63
2/15/2017,68.610001,54.12
2/16/2017,69,54.19
2/17/2017,71.979996,54.46
2/21/2017,73.179993,54.95
2/22/2017,73.490006,54.96
2/23/2017,74.440003,55.09
2/24/2017,73.350007,55.28
2/27/2017,72.649994,55.03
2/28/2017,72.979996,55.1
3/1/2017,73.460007,55.36
3/2/2017,73.740006,55.35
3/3/2017,73.589997,55.14
3/6/2017,73.789994,54.9
3/7/2017,73.720002,54.83
3/8/2017,73.160004,54.71
3/9/2017,73.369996,54.8
3/10/2017,74.259995,55.05
3/13/2017,73.899994,55.09
3/14/2017,73.649994,54.93
3/15/2017,73.940003,55.34
3/16/2017,73.899994,55.42
3/17/2017,73.960007,54.98
3/20/2017,73.800004,55.0771
3/21/2017,73.699997,55.04
3/22/2017,73.679993,54.93
3/23/2017,73.919999,54.81
3/24/2017,73.669999,54.7
3/27/2017,73.429993,54.65
3/28/2017,73.770005,54.75
3/29/2017,73.559998,54.85
3/30/2017,73.229996,54.74
3/31/2017,73.190003,54.58
4/3/2017,73.369996,54.49
4/4/2017,73.619996,54.65
4/5/2017,73.460007,54.55
4/6/2017,73.130005,54.55
4/7/2017,73.449997,54.7
4/10/2017,73.729996,54.86
4/11/2017,73.699997,54.88
4/12/2017,74,55.09
4/13/2017,73.660004,54.84
4/17/2017,74.070008,55.23
4/18/2017,74.369996,55.48
4/19/2017,73.39,55.27
4/20/2017,73.179993,55.16
4/21/2017,73.020005,55
4/24/2017,73.660004,55.5
4/25/2017,74.220002,55.72
4/26/2017,73.5,55.27
4/27/2017,73.300004,55.2
4/28/2017,72.039994,55.18
5/1/2017,71.800004,54.97
5/2/2017,70.759995,54.6
5/3/2017,71.080002,54.65
5/4/2017,71.949997,55.07
5/5/2017,71.809998,55.22
5/8/2017,71.839997,55.2
5/9/2017,71.5,55
5/10/2017,71.800004,55.04
5/11/2017,71.619996,55.12
5/12/2017,71.25,54.96
5/15/2017,71.649994,55.14
5/16/2017,71.580002,55.09
5/17/2017,75.690003,55.01
5/18/2017,73.929993,55.05
5/19/2017,74.820008,55.35
5/22/2017,74.279999,55.66
5/23/2017,73.839997,55.72
5/24/2017,74.600007,55.94
5/25/2017,75.369996,56.29
5/26/2017,75.449997,56.5
5/30/2017,76.089997,56.48
5/31/2017,76.360001,56.64
6/1/2017,76.690003,57.1
6/2/2017,77.110001,57.27
6/5/2017,77.229996,57.33
6/6/2017,77,57.19
6/7/2017,77.160004,57.17
6/8/2017,75.789994,56.74
6/9/2017,75.770005,56.67
6/12/2017,75.550004,56.66
6/13/2017,75.690003,56.75
6/14/2017,75.880005,57.11
6/15/2017,76.350007,56.98
6/16/2017,76.309998,55.95
6/19/2017,76.899994,56.22
6/20/2017,76.350007,56
6/21/2017,75.679993,55.84
6/22/2017,75.529999,55.47
6/23/2017,75.919999,55.49
6/26/2017,75.89,55.71
6/27/2017,75.369996,55.23
6/28/2017,75.089997,55.43
6/29/2017,74.119996,54.84
6/30/2017,74.130005,54.94
7/3/2017,73.940003,54.89
7/5/2017,73.759995,54.85
7/6/2017,73.449997,54.54
7/7/2017,73.339997,54.51
7/10/2017,73.080002,54.13
7/11/2017,72.399994,53.98
7/12/2017,72.279999,54.28
7/13/2017,72.229996,54.29
7/14/2017,72.490006,54.72
7/17/2017,72.589997,54.78
7/18/2017,72.520005,54.78
7/19/2017,72.490006,54.98
7/20/2017,72.089997,54.99
7/21/2017,73.270005,55.08
7/24/2017,71.850007,54.9
7/25/2017,72.050004,55.28
7/26/2017,73,55.27
7/27/2017,72.949997,55.81
7/28/2017,72.539994,55.34
7/31/2017,72.199997,55.32
8/1/2017,71.699997,55.26
8/2/2017,71.619996,55.22
8/3/2017,71.600007,55.17
8/4/2017,71.479996,55.02
8/7/2017,71.740006,55.43
8/8/2017,71.699997,55.22
8/9/2017,71.570008,55.31
8/10/2017,71.550004,55.08
8/11/2017,71.259995,55.12
8/14/2017,71.449997,55.39
8/15/2017,71.800004,55.67
8/16/2017,71.929993,55.86
8/17/2017,71.300004,55.35
8/18/2017,71.020005,55.2
8/21/2017,71.610001,55.4
8/22/2017,71.64,55.41
8/23/2017,71.220002,55.25
8/24/2017,70.779999,54.49
8/25/2017,71.149994,54.67
8/28/2017,70.899994,54.51
8/29/2017,71.300004,54.7
8/30/2017,70.949997,54.69
8/31/2017,71.64,54.71
9/1/2017,71.300004,54.97
9/5/2017,71.110001,55.05
9/6/2017,71.490006,55.28
9/7/2017,71.559998,55.36
9/8/2017,71.820008,55.09
9/11/2017,72.020005,55.43
9/12/2017,71.949997,55.55
9/13/2017,71.649994,55.58
9/14/2017,72.14,55.47
9/15/2017,72.279999,55.22
9/18/2017,72.39,55.3
9/19/2017,72.809998,55.13
9/20/2017,72.550004,54.6
9/21/2017,71.369996,54.08
9/22/2017,71.190003,53.92
9/25/2017,73,54.31
9/26/2017,73.39,54.44
9/27/2017,73.080002,54.02
9/28/2017,73.149994,54.02
9/29/2017,72.850007,53.98
10/2/2017,72.949997,53.88
10/3/2017,72.440003,53.94
10/4/2017,72.880005,54.11
10/5/2017,73.210007,54.35
10/6/2017,72.720002,53.81
10/9/2017,72.360001,53.66
10/10/2017,72.899994,54.13
10/11/2017,74.729996,54.24
10/12/2017,75.160004,54.47
10/13/2017,75.990006,54.57
10/16/2017,75.75,54.59
10/17/2017,74.960007,54.39
10/18/2017,74.440003,54.32
10/19/2017,73.14,54.03
10/20/2017,72.320008,53.9
10/23/2017,72.190003,53.86
10/24/2017,71.839997,53.67
10/25/2017,71.419999,53.52
10/26/2017,71.210007,53.56
10/27/2017,70.399994,53.1
10/30/2017,69.199997,52.65
10/31/2017,70.449997,53.09
11/1/2017,70.559998,53.26
11/2/2017,70.940003,53.13
11/3/2017,70.149994,53.14
11/6/2017,70.25,52.57
11/7/2017,70.899994,53.16
11/8/2017,73.270005,53.74
11/9/2017,72.910004,53.73
11/10/2017,73.210007,54.28
11/13/2017,73.699997,54.59
11/14/2017,73.460007,54.78
11/15/2017,72.479996,54.2
11/16/2017,72.630005,54.95
11/17/2017,71.89,54.76
11/20/2017,72.070008,54.7
11/21/2017,72.220002,54.88
11/22/2017,71.75,54.81
11/24/2017,72.009995,54.77
11/27/2017,72,54.8
11/28/2017,72.759995,55.25
11/29/2017,72.009995,55.54
11/30/2017,72.449997,56.05
12/1/2017,73.039994,56.19
12/4/2017,74.520005,56.72
12/5/2017,74.589997,56.63
12/6/2017,74.25,56.99
12/7/2017,73.199997,56.44
12/8/2017,73.320008,56.59
12/11/2017,73.169999,56.58
12/12/2017,72.490006,56.59
12/13/2017,73.350007,56.91
12/14/2017,73.240006,56.66
12/15/2017,74.050004,56.88
12/18/2017,73.990006,56.85
12/19/2017,74.850007,56.92
12/20/2017,74.520005,56.82
12/21/2017,74.660004,56.78
12/22/2017,75.149994,56.87
12/26/2017,75.479996,57
12/27/2017,75.369996,56.99
12/28/2017,75.14,56.9
12/29/2017,75.449997,56.89
1/2/2018,75.14,56.54
1/3/2018,74.850007,56.52
1/4/2018,75.330002,56.68
1/5/2018,75.419999,56.93
1/8/2018,75.529999,57.07
1/9/2018,75.64,56.99
1/10/2018,74.820008,56.71
1/11/2018,74.550004,56.63
1/12/2018,74.619996,56.65
1/16/2018,75.419999,56.91
1/17/2018,76.679993,57.56
1/18/2018,76.630005,57.39
1/19/2018,77.5,58.03
1/22/2018,77.380005,58.47
1/23/2018,76.899994,58.28
1/24/2018,76.800004,58.4
1/25/2018,77.309998,58.43
1/26/2018,73.559998,58.71
1/29/2018,73.789994,58.48
1/30/2018,74.669999,58.09
1/31/2018,74.240006,57.82
2/1/2018,73.330002,57.57
2/2/2018,72.429993,56.47
2/5/2018,69.809998,54.42
2/6/2018,70.410004,55.02
2/7/2018,70.169999,54.78
2/8/2018,68.949997,53.6
2/9/2018,69.759995,53.71
2/12/2018,70.190003,54.26
2/13/2018,70.300004,54.51
2/14/2018,69.619996,54.48
2/15/2018,71.220002,55.38
2/16/2018,71.460007,55.6
2/20/2018,70.029999,54.34
2/21/2018,69.14,53.69
2/22/2018,69.39,53.83
2/23/2018,70.300004,54.35
2/26/2018,71.070008,54.69
2/27/2018,69.919999,53.97
2/28/2018,68.970002,53.41
3/1/2018,68.860001,53.29
3/2/2018,69.270005,53.74
3/5/2018,70.070008,54.21
3/6/2018,69.64,54.25
3/7/2018,69.679993,53.76
3/8/2018,71.020005,54.25
3/9/2018,71.240006,54.6
3/12/2018,71.080002,54.5
3/13/2018,70.869996,54.46
3/14/2018,69.990006,53.91
3/15/2018,69.559998,53.53
3/16/2018,69.619996,53.25
3/19/2018,70.059998,52.73
3/20/2018,69.690003,52.58
3/21/2018,68.690003,51.93
3/22/2018,68.820008,51.5
3/23/2018,68.380005,50.86
3/26/2018,68.190003,51.59
3/27/2018,69.279999,51.56
3/28/2018,70.800004,52.27
3/29/2018,71.679993,52.63
4/2/2018,70.149994,51.34
4/3/2018,70.949997,52.02
4/4/2018,71.649994,52.83
4/5/2018,71.809998,52.96
4/6/2018,71.64,52.42
4/9/2018,71.419999,52.39
4/10/2018,71.729996,52.51
4/11/2018,71.380005,52.41
4/12/2018,70.940003,52.33
4/13/2018,71.600007,52.59
4/16/2018,72.440003,53.16
4/17/2018,72.229996,53.28
4/18/2018,72.080002,52.88
4/19/2018,69.770005,51.35
4/20/2018,67.520005,50.49
4/23/2018,66.369996,50.43
4/24/2018,66.630005,50.11
4/25/2018,66.410004,50.2
4/26/2018,66.589997,50.5
4/27/2018,66.580002,50.77
4/30/2018,65.229996,50.45
5/1/2018,65,50.01
5/2/2018,63.14,49.03
5/3/2018,63.320008,48.98
5/4/2018,63.710007,49.69
5/7/2018,62.820008,49.38
5/8/2018,62.279999,49.18
5/9/2018,61.910004,49.25
5/10/2018,62.479996,49.54
5/11/2018,62.710007,49.54
5/14/2018,62.039994,49.52
5/15/2018,61.649994,49.33
5/16/2018,62.089997,49.68
5/17/2018,62.289994,49.85
5/18/2018,62.220002,49.54
5/21/2018,62.25,49.75
5/22/2018,62.410004,49.66
5/23/2018,62.720002,49.84
5/24/2018,62.490006,49.8
5/25/2018,63.75,49.88
5/29/2018,63.559998,49.77
5/30/2018,64.39,50.47
5/31/2018,63.089997,49.66
6/1/2018,62.690003,49.66
6/4/2018,62.710007,50.07
6/5/2018,62.289994,49.84
6/6/2018,62.570008,49.9
6/7/2018,62.759995,50.21
6/8/2018,63.339997,50.83
6/11/2018,63.75,51.25
6/12/2018,63.729996,51.35
6/13/2018,63.059998,51.19
6/14/2018,63.309998,51.28
6/15/2018,64.729996,51.54
6/18/2018,63.309998,50.79
6/19/2018,64,51.06
6/20/2018,63.899994,51.11
6/21/2018,63.490006,51.21
6/22/2018,64.630005,51.63
6/25/2018,65.110001,51.89
6/26/2018,65.14,51.67
6/27/2018,64.710007,51.56
6/28/2018,64.929993,51.56
6/29/2018,64.809998,51.53
7/2/2018,64.580002,51.23
7/3/2018,64.669999,51.35
7/5/2018,65.960007,52.06
7/6/2018,65.779999,52.22
7/9/2018,65,52.02
7/10/2018,65.729996,52.64
7/11/2018,65.240006,52.47
7/12/2018,65.169999,52.4
7/13/2018,65.75,52.74
7/16/2018,65.619996,52.49
7/17/2018,65.559998,52.94
7/18/2018,64.809998,52.51
7/19/2018,65.75,52.54
7/20/2018,65.949997,52.86
7/23/2018,65.839997,52.53
7/24/2018,65.270005,52.63
7/25/2018,65.949997,53.03
7/26/2018,66.940003,53.31
7/27/2018,66.660004,53.38
7/30/2018,66.460007,53.32
7/31/2018,67.009995,53.57
8/1/2018,66.080002,53.12
8/2/2018,67.240006,53.66
8/3/2018,67.5,54.29
8/6/2018,67.380005,54.34
8/7/2018,67.229996,54.01
8/8/2018,66.589997,53.6
8/9/2018,65.929993,53.44
8/10/2018,65.429993,53.24
8/13/2018,65.550004,53.24
8/14/2018,65.520005,53.61
8/15/2018,65.830002,53.83
8/16/2018,66.720002,54.6
8/17/2018,67.5,55.02
8/20/2018,67.660004,54.99
8/21/2018,67.399994,54.6
8/22/2018,66.990006,54.26
8/23/2018,66.570008,54.13
8/24/2018,66.880005,54.06
8/27/2018,67.089997,54.09
8/28/2018,66.779999,53.91
8/29/2018,66.960007,53.97
8/30/2018,66.240006,53.8
8/31/2018,66.410004,53.78
9/4/2018,65.229996,53.71
9/5/2018,66.589997,54.33
9/6/2018,67,54.48
9/7/2018,67.009995,54.37
9/10/2018,67.160004,54.56
9/11/2018,67.179993,54.36
9/12/2018,67.979996,54.99
9/13/2018,68.160004,54.91
9/14/2018,67.990006,54.76
9/17/2018,68.809998,54.96
9/18/2018,68.259995,54.73
9/19/2018,67.929993,54.63
9/20/2018,68.789994,55.32
9/21/2018,69.089997,55.02
9/24/2018,67.940003,54.18
9/25/2018,67.14,53.86
9/26/2018,67.100007,53.92
9/27/2018,66.729996,53.85
9/28/2018,66.949997,53.93
10/1/2018,67.070008,53.89
10/2/2018,67.39,54.2
10/3/2018,65.919999,53.62
10/4/2018,64.919999,53.49
10/5/2018,64.710007,53.44
10/8/2018,65.350007,54.18
10/9/2018,65.070008,54.06
10/10/2018,63.830002,53.41
10/11/2018,62.350007,52.09
10/12/2018,62.539994,52.38
10/15/2018,62.550004,52.7
10/16/2018,62.610001,53.29
10/17/2018,63.550004,53.54
10/18/2018,62.64,53.47
10/19/2018,64.520005,54.69
10/22/2018,63.64,54.28
10/23/2018,63.399994,54.52
10/24/2018,64.64,54.75
10/25/2018,63.820008,54.88
10/26/2018,59.580002,53.83
10/29/2018,57.880005,54.45
10/30/2018,60.190003,55.53
10/31/2018,59.550004,55.01
11/1/2018,60.080002,55.4
11/2/2018,60.289994,55.11
11/5/2018,60.229996,55.8
11/6/2018,60.509995,56.14
11/7/2018,61.330002,56.46
11/8/2018,60.899994,56.49
11/9/2018,63.800004,56.82
11/12/2018,61.350007,56.52
11/13/2018,61.860001,56.39
11/14/2018,62.470002,56.01
11/15/2018,62.399994,55.92
11/16/2018,63.240006,56.06
11/19/2018,62.770005,55.97
11/20/2018,62.309998,55.04
11/21/2018,61.919999,54.6
11/23/2018,61.779999,54.79
11/26/2018,62.740006,54.86
11/27/2018,63.240006,55.35
11/28/2018,62.830002,55.81
11/29/2018,63.039994,55.9
11/30/2018,63.520005,56.26
12/3/2018,63.759995,56.31
12/4/2018,63.080002,55.36
12/6/2018,63.229996,55.42
12/7/2018,62.710007,54.72
12/10/2018,63.539994,54.72
12/11/2018,64.550004,55.17
12/12/2018,65.279999,55.1
12/13/2018,65.470002,55.44
12/14/2018,65.169999,54.5
12/17/2018,62.919999,53.24
12/18/2018,62.460007,52.61
12/19/2018,61.880005,52.1
12/20/2018,60.979996,51.17
12/21/2018,59.910004,50.18
12/24/2018,58.039994,48.73
12/26/2018,59.399994,50.09
12/27/2018,59.690003,50.57
12/28/2018,59.619996,50.57
12/31/2018,59.520005,50.78
1/2/2019,59.25,50.48
1/3/2019,58.970002,50.19
1/4/2019,59.520005,51.26
1/7/2019,59.880005,51.19
1/8/2019,60.550004,51.66
1/9/2019,61.300004,51.18
1/10/2019,61.820008,51.48
1/11/2019,62.100007,51.63
1/14/2019,61.610001,51.38
1/15/2019,62.220002,51.89
1/16/2019,62.130005,51.61
1/17/2019,62,51.83
1/18/2019,62.630005,52.45
1/22/2019,61.740006,51.97
1/23/2019,62.350007,52.59
1/24/2019,62.199997,51.94
1/25/2019,61.839997,51.73
1/28/2019,62.740006,51.95
1/29/2019,63.690003,52.07
1/30/2019,63.949997,52.42
1/31/2019,64.679993,53.39
2/1/2019,65.050004,53.22
2/4/2019,65.190003,53.56
2/5/2019,64.740006,53.57
2/6/2019,65.330002,53.58
2/7/2019,65.050004,53.54
2/8/2019,65.690003,53.79
2/11/2019,65.789994,53.93
2/12/2019,66.020005,54.35
2/13/2019,65.940003,54.45
2/14/2019,65.449997,53.84
2/15/2019,66.479996,54.35
2/19/2019,66.720002,54.63
2/20/2019,66.509995,54.53
2/21/2019,66.699997,54.69
2/22/2019,66.899994,54.43
2/25/2019,66.520005,54.13
2/26/2019,66.490006,54.16
2/27/2019,65.869996,54.08
2/28/2019,65.869996,54.34
3/1/2019,66,54.24
3/4/2019,66.029999,54.15
3/5/2019,65.720002,54.11
3/6/2019,65.610001,54.03
3/7/2019,65.339997,53.68
3/8/2019,65.350007,53.71
3/11/2019,65.850007,54.41
3/12/2019,65.740006,54.43
3/13/2019,66.520005,54.74
3/14/2019,66.25,54.69
3/15/2019,67.199997,54.7
3/18/2019,66.289994,54.78
3/19/2019,65.75,54.74
3/20/2019,65.110001,54.51
3/21/2019,65.830002,55.15
3/22/2019,66,55.08
3/25/2019,66.259995,55.19
3/26/2019,66.919999,55.66
3/27/2019,67.009995,55.47
3/28/2019,67.369996,55.74
3/29/2019,68.539994,56.11
4/1/2019,68.300004,55.92
4/2/2019,68.369996,55.46
4/3/2019,67.820008,55.19
4/4/2019,67.550004,55.4
4/5/2019,67.919999,55.59
4/8/2019,68.020005,55.82
4/9/2019,68.110001,55.75
4/10/2019,68.110001,55.91
4/11/2019,68.089997,56.02
4/12/2019,68.770005,56.2
4/15/2019,68.710007,56.53
4/16/2019,69.039994,56.54
4/17/2019,68.679993,56.82
4/18/2019,69.350007,56.87
4/22/2019,69.600007,56.89
4/23/2019,69.009995,56.71
4/24/2019,68.860001,56.83
4/25/2019,68.690003,56.47
4/26/2019,71.300004,56.98
4/29/2019,71.380005,57.05
4/30/2019,72.789994,57.71
5/1/2019,71.289994,57
5/2/2019,71.820008,56.98
5/3/2019,71.949997,57.41
5/6/2019,71.690003,57.32
5/7/2019,70.509995,56.75
5/8/2019,70.990006,56.74
5/9/2019,70.850007,56.62
5/10/2019,71.5,57.31
5/13/2019,71.559998,56.77
5/14/2019,71.149994,57.04
5/15/2019,71.339997,57.49
5/16/2019,72.5,57.94
5/17/2019,71.970002,57.75
5/20/2019,71.699997,57.61
5/21/2019,71.529999,57.49
5/22/2019,71.529999,57.75
5/23/2019,71.75,57.73
5/24/2019,71.199997,57.52
5/28/2019,70.110001,56.58
5/29/2019,69.970002,56.17
5/30/2019,70.850007,56.41
5/31/2019,69.619996,55.61
6/3/2019,70.690003,56.31
6/4/2019,70.820008,56.82
6/5/2019,71.919999,57.47
6/6/2019,73.110001,58.07
6/7/2019,73.990006,58.63
6/10/2019,73.029999,58.65
6/11/2019,73.330002,58.84
6/12/2019,73.050004,58.93
6/13/2019,72.75,59.06
6/14/2019,73.350007,59.09
6/17/2019,73.410004,58.92
6/18/2019,72.89,58.6
6/19/2019,73.529999,58.84
6/20/2019,73.600007,59.36
6/21/2019,72.949997,58.72
6/24/2019,73.970002,58.87
6/25/2019,73.910004,58.84
6/26/2019,72.350007,58
6/27/2019,72.14,58.11
6/28/2019,71.669999,58.07
7/1/2019,72.080002,58.42
7/2/2019,72.740006,58.93
7/3/2019,74,59.66
7/5/2019,73.14,59.4
7/8/2019,73.380005,59.48
7/9/2019,73.110001,59.13
7/10/2019,73.490006,59.51
7/11/2019,73.89,59.66
7/12/2019,74.380005,59.83
7/15/2019,74,59.97
7/16/2019,74.5,59.99
7/17/2019,73.75,59.92
7/18/2019,73.880005,60.32
7/19/2019,72.699997,59.94
7/22/2019,72.350007,59.59
7/23/2019,72.279999,60.02
7/24/2019,71.279999,59.62
7/25/2019,71.929993,59.7
7/26/2019,73.690003,60.37
7/29/2019,75.570008,60.48
7/30/2019,74.740006,60.66
7/31/2019,71.740006,59.43
8/1/2019,71.259995,59.22
8/2/2019,71.199997,59.23
8/5/2019,68.800004,57.69
8/6/2019,69.850007,58.21
8/7/2019,70.440003,58.89
8/8/2019,71.710007,59.65
8/9/2019,71.520005,59.32
8/12/2019,70.729996,58.92
8/13/2019,71.690003,59.59
8/14/2019,70.520005,58.65
8/15/2019,71.369996,59.53
8/16/2019,72.279999,60.21
8/19/2019,73.080002,60.81
8/20/2019,72.539994,60.15
8/21/2019,72.610001,60.31
8/22/2019,73.039994,60.63
8/23/2019,72.229996,59.62
8/26/2019,72.770005,60.36
8/27/2019,73.440003,60.19
8/28/2019,74,60.77
8/29/2019,74.199997,60.8
8/30/2019,74.149994,60.72
9/3/2019,74.309998,61.07
9/4/2019,74.869996,61.62
9/5/2019,74.289994,61.24
9/6/2019,74.699997,61.44
9/9/2019,73.190003,61.3
9/10/2019,72.119996,60.92
9/11/2019,72.850007,61.14
9/12/2019,72.289994,61.39
9/13/2019,70.710007,61.04
9/16/2019,69.429993,60.45
9/17/2019,69.860001,60.78
9/18/2019,70.75,60.88
9/19/2019,70.949997,60.87
9/20/2019,70.949997,60.32
9/23/2019,71.5,60.56
9/24/2019,72.490006,60.81
9/25/2019,72.240006,60.85
9/26/2019,72.720002,61.19
9/27/2019,73.259995,61.12
9/30/2019,73.509995,61.42
10/1/2019,71.729996,61.26
10/2/2019,70.520005,60.03
10/3/2019,70.869996,60.45
10/4/2019,72.070008,61.4
10/7/2019,71.619996,60.9
10/8/2019,70.679993,60.32
10/9/2019,70.630005,60.78
10/10/2019,70.770005,60.9
10/11/2019,70.509995,60.84
10/14/2019,69.410004,60.54
10/15/2019,68.399994,60.28
10/16/2019,67.850007,60.34
10/17/2019,68.080002,60.62
10/18/2019,68.029999,60.74
10/21/2019,68.300004,60.94
10/22/2019,67.059998,60.96
10/23/2019,67.539994,61.24
10/24/2019,68.339997,61.45
10/25/2019,68.410004,61.09
10/28/2019,67.350007,60.97
10/29/2019,67.919999,60.97
10/30/2019,68.580002,61.25
10/31/2019,68.600007,61.16
11/1/2019,66.809998,61.15
11/4/2019,65.410004,60.56
11/5/2019,65.960007,60.76
11/6/2019,66.520005,61.01
11/7/2019,66.869996,60.8
11/8/2019,66.630005,60.76
11/11/2019,66.539994,60.67
11/12/2019,66.64,60.87
11/13/2019,66.880005,61.33
11/14/2019,66.64,61.31
11/15/2019,66.369996,61.33
11/18/2019,67.130005,61.65
11/19/2019,67.160004,61.57
11/20/2019,67.210007,61.71
11/21/2019,66.75,61.4
11/22/2019,66.710007,61.3
11/25/2019,66.979996,61.37
11/26/2019,67.789994,61.87
11/27/2019,67.679993,62.02
11/29/2019,67.820008,62
12/2/2019,67.570008,62.14
12/3/2019,67.300004,62.04
12/4/2019,68.080002,62.45
12/5/2019,67.820008,62.43
12/6/2019,68.240006,62.67
12/9/2019,68.600007,62.72
12/10/2019,67.929993,62.52
12/11/2019,67.460007,62.61
12/12/2019,67.229996,62.56
12/13/2019,68.690003,62.78
12/16/2019,68.869996,63
12/17/2019,67.839997,62.9
12/18/2019,68.270005,62.8
12/19/2019,68.339997,63.14
12/20/2019,68.850007,63.1
12/23/2019,68.720002,62.83
12/24/2019,68.550004,62.91
12/26/2019,68.580002,62.97
12/27/2019,69.179993,63.25
12/30/2019,68.789994,62.92
12/31/2019,68.839997,62.98
1/2/2020,68.119996,62.48
1/3/2020,68.020005,62.38
1/6/2020,68.490006,62.51
1/7/2020,67.550004,62.03
1/8/2020,69.270005,62.26
1/9/2020,69.860001,62.7
1/10/2020,70.149994,62.66
1/13/2020,70.14,63.07
1/14/2020,70.289994,63.09
1/15/2020,70.800004,63.54
1/16/2020,70.75,63.71
1/17/2020,71.179993,63.82
1/21/2020,71.289994,64.04
1/22/2020,70.529999,64.09
1/23/2020,70.610001,64.03
1/24/2020,70.300004,63.59
1/27/2020,70.100007,63.39
1/28/2020,69.710007,63.47
1/29/2020,68.830002,63.15
1/30/2020,69.470002,63.9
1/31/2020,73.779999,63.18
2/3/2020,74.929993,63.18
2/4/2020,75.399994,63.56
2/5/2020,75.729996,64.07
2/6/2020,76.309998,64.18
2/7/2020,76.029999,64.26
2/10/2020,77.350007,64.53
2/11/2020,76.110001,64.29
2/12/2020,75.949997,64.26
2/13/2020,76.369996,64.64
2/14/2020,76.690003,64.79
2/18/2020,76.070008,64.56
2/19/2020,75.539994,64.49
2/20/2020,75.160004,64.54
2/21/2020,76.270005,64.65
2/24/2020,74.419999,63.16
2/25/2020,73.800004,62.02
2/26/2020,72.919999,61.67
2/27/2020,70.149994,59.16
2/28/2020,67.570008,57.99
3/2/2020,72.440003,61.09
3/3/2020,71.779999,60.26
3/4/2020,75.369996,63.22
3/5/2020,72.339997,62.03
3/6/2020,72.509995,61.54
3/9/2020,69.990006,58.86
3/10/2020,71.809998,60.55
3/11/2020,68.899994,57.58
3/12/2020,63.89,52.17
3/13/2020,69.100007,56.61
3/16/2020,62.339997,52.77
3/17/2020,70.199997,57.22
3/18/2020,67.690003,55.75
3/19/2020,66.649994,53.89
3/20/2020,62.080002,50.4
3/23/2020,60.470002,48.63
3/24/2020,61.179993,51.11
3/25/2020,59.89,50.97
3/26/2020,63.820008,53.76
3/27/2020,65.259995,53.51
3/30/2020,66.580002,55.6
3/31/2020,66.360001,54.47
4/1/2020,65.550004,53.55
4/2/2020,68.169999,54.92
4/3/2020,67.619996,55.35
4/6/2020,70.5,57.41
4/7/2020,69.039994,56.75
4/8/2020,70.220002,57.59
4/9/2020,69.910004,58.13
4/13/2020,69.490006,57.7
4/14/2020,73.110001,60.15
4/15/2020,72.649994,59.2
4/16/2020,72.839997,59.59
4/17/2020,73.419999,60.5
4/20/2020,72.160004,59.31
4/21/2020,70.610001,58.05
4/22/2020,71.210007,58.61
4/23/2020,71.229996,58.09
4/24/2020,71.399994,58.71
4/27/2020,71.029999,58.88
4/28/2020,71.110001,59.21
4/29/2020,70.160004,58.96
4/30/2020,70.270005,58.26
5/1/2020,68.529999,57.62
5/4/2020,69.479996,57.59
5/5/2020,69.520005,57.64
5/6/2020,67.839997,57.01
5/7/2020,68.800004,56.85
5/8/2020,69.369996,58.12
5/11/2020,69.380005,58.04
5/12/2020,68.729996,57.55
5/13/2020,68.300004,57.03
5/14/2020,67.059998,56.89
5/15/2020,68.949997,57.39
5/18/2020,70.220002,58.3
5/19/2020,69.25,57.23
5/20/2020,70.470002,57.91
5/21/2020,70.259995,57.27
5/22/2020,70.75,57.47
5/26/2020,69.429993,57.78
5/27/2020,70.589997,58.65
5/28/2020,72.089997,59.17
5/29/2020,72.330002,59.23
6/1/2020,72.729996,59.64
6/2/2020,72.440003,59.8
6/3/2020,71.649994,59.88
6/4/2020,70.75,59.59
6/5/2020,72.399994,60.42
6/8/2020,73.509995,61.07
6/9/2020,73.279999,60.57
6/10/2020,74.360001,60.4
6/11/2020,73.100007,58.11
6/12/2020,72.789994,58.12
6/15/2020,72.89,58.79
6/16/2020,73.529999,59.71
6/17/2020,73.809998,59.62
6/18/2020,73.610001,59.93
6/19/2020,73.360001,59.62
6/22/2020,73.100007,58.99
6/23/2020,72.919999,58.9
6/24/2020,72.029999,57.91
6/25/2020,72.64,58.32
6/26/2020,71.520005,57.13
6/29/2020,72.429993,58.21
6/30/2020,73.259995,58.64
7/1/2020,73.029999,58.69
7/2/2020,73.279999,58.99
7/6/2020,73.449997,59.28
7/7/2020,73.970002,59.82
7/8/2020,74.490006,59.67
7/9/2020,73.320008,59.2
7/10/2020,73.679993,60.29
7/13/2020,73.460007,60.2
7/14/2020,74.850007,61.08
7/15/2020,74.690003,61.13
7/16/2020,74.979996,61.26
7/17/2020,75.199997,61.59
7/20/2020,74.199997,60.97
7/21/2020,74.039994,61.5
7/22/2020,74.14,61.99
7/23/2020,74.229996,62.21
7/24/2020,74.320008,62.13
7/27/2020,74.649994,62.44
7/28/2020,75.710007,62.67
7/29/2020,76.199997,62.76
7/30/2020,76.869996,62.76
7/31/2020,77.199997,62.7
8/3/2020,76.570008,62.53
8/4/2020,76.770005,63.31
8/5/2020,76.179993,63.18
8/6/2020,75.860001,63.17
8/7/2020,76.240006,63.51
8/10/2020,76.649994,63.84
8/11/2020,75.960007,63.4
8/12/2020,77.240006,64.22
8/13/2020,76.979996,64.17
8/14/2020,77.050004,64.16
8/17/2020,77.210007,64.52
8/18/2020,77.649994,64.78
8/19/2020,77.949997,64.27
8/20/2020,78.25,64.14
8/21/2020,78.690003,64.3
8/24/2020,79.130005,64.85
8/25/2020,78.589997,64.71
8/26/2020,78.649994,64.79
8/27/2020,79.059998,65.19
8/28/2020,79.369996,65.77
8/31/2020,79.259995,65.58
9/1/2020,78.089997,65.65
9/2/2020,79.470002,66.84
9/3/2020,77.669999,65.69
9/4/2020,77.210007,65.54
9/8/2020,75.64,64.16
9/9/2020,77.570008,65.09
9/10/2020,76.410004,64.29
9/11/2020,76.75,64.65
9/14/2020,77.149994,65.07
9/15/2020,76.940003,64.98
9/16/2020,76.910004,64.69
9/17/2020,76.710007,64.28
9/18/2020,75.830002,63.69
9/21/2020,75.190003,62.83
9/22/2020,76.070008,63.2
9/23/2020,75.14,62.25
9/24/2020,75.759995,62.71
9/25/2020,75.949997,63.04
9/28/2020,76.610001,63.75
9/29/2020,76.220002,63.33
9/30/2020,77.149994,64.1
10/1/2020,77.059998,64.46
10/2/2020,77.399994,64.1
10/5/2020,78.419999,64.53
10/6/2020,77.539994,64.11
10/7/2020,78.130005,64.8
10/8/2020,78.740006,65.23
10/9/2020,79.770005,65.74
10/12/2020,80.630005,66.5
10/13/2020,80.259995,66.45
10/14/2020,79.860001,66.11
10/15/2020,79.710007,66.15
10/16/2020,80.309998,66.17
10/19/2020,79.210007,65.31
10/20/2020,79.830002,65.24
10/21/2020,80.199997,65.3
10/22/2020,79.289994,65.27
10/23/2020,79.339997,65.39
10/26/2020,78.690003,64.55
10/27/2020,78.850007,64.38
10/28/2020,76.860001,62.5
10/29/2020,76.669999,62.48
10/30/2020,78.89,62.26
11/2/2020,80.160004,63.25
11/3/2020,83.110001,64.29
11/4/2020,83.860001,64.32
11/5/2020,83.009995,64.79
11/6/2020,83.029999,65.09
11/9/2020,81.779999,64.94
11/10/2020,83.350007,66.22
11/11/2020,84.929993,66.79
11/12/2020,84.729996,66.61
11/13/2020,85.360001,67.53
11/16/2020,85.929993,68.15
11/17/2020,85.350007,67.67
11/18/2020,84.610001,66.74
11/19/2020,85.380005,66.92
11/20/2020,85.160004,66.5
11/23/2020,84.539994,66.52
11/24/2020,84.710007,66.97
11/25/2020,84.75,66.93
11/27/2020,84.899994,66.92
11/30/2020,85.64,66.91
12/1/2020,86.259995,67.5
12/2/2020,85.740006,66.94
12/3/2020,85.190003,67.11
12/4/2020,85.029999,67.63
12/7/2020,85.39,67.37
12/8/2020,85.169999,67.74
12/9/2020,84.75,67.47
12/10/2020,84.589997,67.17
12/11/2020,84.679993,67.32
12/14/2020,84.190003,67.06
12/15/2020,84.75,67.22
12/16/2020,85.039994,67.35
12/17/2020,85.660004,67.78
12/18/2020,85.929993,67.93
12/21/2020,85.309998,66.64
12/22/2020,84.399994,66.17
12/23/2020,84.429993,66.39
12/24/2020,85.039994,66.72
12/28/2020,85.410004,67.25
12/29/2020,85.029999,67.05
12/30/2020,84.729996,66.98
12/31/2020,85.509995,67.45
1/4/2021,84.330002,66.72
1/5/2021,84.520005,66.72
1/6/2021,82.25,66.77
1/7/2021,81.800004,66.57
1/8/2021,82.350007,66.9
1/11/2021,82.14,66.33
1/12/2021,82.259995,66.11
1/13/2021,82.490006,66.21
1/14/2021,81.940003,65.86
1/15/2021,81.880005,65.63
1/19/2021,80.850007,65.34
1/20/2021,80.199997,65.46
1/21/2021,79.279999,65.24
1/22/2021,78.190003,65.07
1/25/2021,78.610001,65.72
1/26/2021,78.75,66.31
1/27/2021,78.029999,65.19
1/28/2021,79.149994,65.44
1/29/2021,78,64.09
2/1/2021,78.520005,64.15
2/2/2021,78.850007,64.58
2/3/2021,78.880005,64.68
2/4/2021,78.929993,65.15
2/5/2021,79.869996,65.76
2/8/2021,79.699997,66.01
2/9/2021,78.699997,65.95
2/10/2021,79.110001,65.88
2/11/2021,78.410004,65.59
2/12/2021,78.429993,65.69
2/16/2021,78.190003,65.57
2/17/2021,78.440003,65.81
2/18/2021,78.720002,65.77
2/19/2021,77.199997,64.94
2/22/2021,77.270005,65
2/23/2021,77.490006,65.09
2/24/2021,76.64,65.05
2/25/2021,76.690003,64.34
2/26/2021,75.199997,63.3
3/1/2021,75.600007,63.94
3/2/2021,75.419999,63.83
3/3/2021,74.610001,63.53
3/4/2021,74.440003,63.3
3/5/2021,76.059998,64.7
3/8/2021,76.449997,64.98
3/9/2021,74.940003,64.92
3/10/2021,75.800004,65.77
3/11/2021,75.270005,65.61
3/12/2021,75.509995,66.15
3/15/2021,75.679993,66.44
3/16/2021,75.860001,66.52
3/17/2021,75.800004,66.42
3/18/2021,76.070008,66.15
3/19/2021,74.979996,66.38
3/22/2021,75.770005,66.72
3/23/2021,77.75,67
3/24/2021,77.770005,66.74
3/25/2021,77.89,67.39
3/26/2021,79.220002,68.58
3/29/2021,79.899994,69.27
3/30/2021,79.330002,68.53
3/31/2021,78.830002,68.31
4/1/2021,78.550004,67.98
4/5/2021,79.529999,68.85
4/6/2021,79.860001,69.14
4/7/2021,79.619996,68.97
4/8/2021,79.64,69.04
4/9/2021,79.779999,68.92
4/12/2021,80.160004,69.29
4/13/2021,79.729996,68.92
4/14/2021,79.399994,68.86
4/15/2021,80.460007,69.41
4/16/2021,80.699997,69.81
4/19/2021,80.369996,69.54
4/20/2021,81.330002,69.92
4/21/2021,81.149994,70.27
4/22/2021,81.050004,69.75
4/23/2021,79.789994,69.57
4/26/2021,79.279999,68.79
4/27/2021,78.559998,68.74
4/28/2021,78.770005,68.79
4/29/2021,79.820008,69.52
4/30/2021,80.699997,69.58
5/3/2021,81.070008,70.15
5/4/2021,81.089997,69.79
5/5/2021,81.320008,69.74
5/6/2021,82.309998,70.64
5/7/2021,82.179993,70.64
5/10/2021,83.339997,71.18
5/11/2021,82.440003,70.56
5/12/2021,82.050004,69.62
5/13/2021,83.259995,70.6
5/14/2021,83.559998,70.91
5/17/2021,83.550004,70.81
5/18/2021,83.110001,70.59
5/19/2021,83.210007,70.36
5/20/2021,84.089997,71.01
5/21/2021,84.229996,71.02
5/24/2021,84.399994,71.23
5/25/2021,84.589997,71.25
5/26/2021,84.429993,71.1
5/27/2021,83.690003,70.66
5/28/2021,83.779999,70.81
6/1/2021,82.479996,70.57
6/2/2021,82.880005,70.83
6/3/2021,83.949997,71.27
6/4/2021,83.970002,71.52
6/7/2021,83.899994,71.4
6/8/2021,82.929993,70.8
6/9/2021,82.559998,70.46
6/10/2021,83.600007,70.9
6/11/2021,83.630005,70.94
6/14/2021,83.410004,70.9
6/15/2021,83.270005,70.73
6/16/2021,81.949997,69.79
6/17/2021,82.429993,70.04
6/18/2021,81.020005,68.8
6/21/2021,81.440003,69.14
6/22/2021,81.289994,69.24
6/23/2021,80.25,68.81
6/24/2021,80.559998,69.15
6/25/2021,81.460007,69.68
6/28/2021,81.720002,69.74
6/29/2021,81.25,69.43
6/30/2021,81.350007,69.97
7/1/2021,81.740006,69.76
7/2/2021,81.699997,69.93
7/6/2021,81.970002,69.64
7/7/2021,82.660004,70.01
7/8/2021,82.339997,69.75
7/9/2021,82.429993,70.15
7/12/2021,82.929993,70.04
7/13/2021,82.64,70.02
7/14/2021,83.229996,70.64
7/15/2021,83.630005,70.93
7/16/2021,84.39,71.04
7/19/2021,83.970002,70.83
7/20/2021,82.690003,70.85
7/21/2021,82.179993,70.67
7/22/2021,81.839997,70.55
7/23/2021,83.279999,71.4
7/26/2021,84.089997,71.52
7/27/2021,83.949997,71.67
7/28/2021,83.179993,71.04
7/29/2021,83.520005,71.39
7/30/2021,79.5,71.51
8/2/2021,79.539994,71.21
8/3/2021,79.419999,71.53
8/4/2021,78.25,70.6
8/5/2021,78.899994,70.94
8/6/2021,78.630005,70.94
8/9/2021,78.339997,71.2
8/10/2021,78.729996,71.71
8/11/2021,79.100007,71.95
8/12/2021,78.789994,71.91
8/13/2021,79.440003,72.51
8/16/2021,79.779999,72.93
8/17/2021,80.029999,72.97
8/18/2021,78.160004,72.06
8/19/2021,78.970002,72.64
8/20/2021,78.800004,72.76
8/23/2021,78.380005,72.53
8/24/2021,77.669999,71.98
8/25/2021,77.649994,71.86
8/26/2021,77.309998,71.53
8/27/2021,77.440003,71.78
8/30/2021,77.649994,72.1
8/31/2021,77.949997,72.26
9/1/2021,78.330002,72.64
9/2/2021,78.520005,72.92
9/3/2021,77.910004,72.83
9/7/2021,76.899994,71.99
9/8/2021,77.779999,72.61
9/9/2021,77.300004,72.19
9/10/2021,77.039994,71.88
9/13/2021,77.380005,72.06
9/14/2021,77.300004,71.73
9/15/2021,77.210007,71.99
9/16/2021,76.470002,71.75
9/17/2021,76.229996,71.36
9/20/2021,76.169999,70.21
9/21/2021,76.39,70.13
9/22/2021,76.429993,70.33
9/23/2021,76.669999,70.59
9/24/2021,76.630005,70.62
9/27/2021,76.009995,70.3
9/28/2021,75.820008,69.47
9/29/2021,77.080002,70.1
9/30/2021,75.580002,68.84
10/1/2021,75.580002,69.02
10/4/2021,75.059998,68.8
10/5/2021,74.419999,69.15
10/6/2021,75.100007,69.82
10/7/2021,75.589997,70.13
10/8/2021,75.589997,70.05
10/11/2021,75.800004,70.03
10/12/2021,75.669999,70.06
10/13/2021,76.070008,70.19
10/14/2021,76.600007,70.98
10/15/2021,76.25,70.81
10/18/2021,75.279999,70.39
10/19/2021,74.779999,70.42
10/20/2021,75.100007,70.83
10/21/2021,74.89,70.74
10/22/2021,75.5,71.29
10/25/2021,75.14,71.24
10/26/2021,76.160004,71.49
10/27/2021,75.899994,71.07
10/28/2021,76.880005,71.32
10/29/2021,76.190003,71.25
11/1/2021,75.949997,71.36
11/2/2021,76.270005,71.84
11/3/2021,77.270005,72.51
11/4/2021,77.289994,72.58
11/5/2021,77.839997,73
11/8/2021,77.740006,72.42
11/9/2021,78.050004,72.67
11/10/2021,78.479996,72.89
11/11/2021,77.990006,72.84
11/12/2021,78.029999,72.84
11/15/2021,78.300004,73.19
11/16/2021,77.880005,72.73
11/17/2021,77.580002,72.57
11/18/2021,76.39,72.31
11/19/2021,77.199997,72.05
11/22/2021,77.559998,72.62
11/23/2021,77.929993,73.1
11/24/2021,77.759995,72.88
11/26/2021,77.059998,71.96
11/29/2021,77.710007,72.14
11/30/2021,75.020005,70.29
12/1/2021,75.39,69.95
12/2/2021,75.479996,70.69
12/3/2021,76.770005,71.57
12/6/2021,78.580002,72.83
12/7/2021,77.809998,72.99
12/8/2021,77.759995,72.76
12/9/2021,78,72.96
12/10/2021,79.470002,74.19
12/13/2021,81.14,75.16
12/14/2021,82.130005,75.21
12/15/2021,82.759995,75.97
12/16/2021,83.949997,76.51
12/17/2021,82.479996,75.2
12/20/2021,82.520005,74.71
12/21/2021,82.089997,74.61
12/22/2021,82.460007,75.08
12/23/2021,82.789994,75.25
12/27/2021,83.910004,76.05
12/28/2021,84.460007,76.48
12/29/2021,84.910004,76.83
12/30/2021,84.589997,76.59
12/31/2021,85.339997,77.11
1/3/2022,84.589997,77.1
1/4/2022,84.869996,77.62
1/5/2022,85.220002,77.55
1/6/2022,84.660004,77.34
1/7/2022,84.440003,77.42
1/10/2022,83.710007,76.81
1/11/2022,83.169999,76.72
1/12/2022,82.869996,76.75
1/13/2022,82.539994,76.89
1/14/2022,83.449997,77.03
1/18/2022,83.119996,75.92
1/19/2022,84.059998,76.4
1/20/2022,83.289994,75.9
1/21/2022,83.669999,75.96
1/24/2022,83.669999,75.71
1/25/2022,81.740006,74.87
1/26/2022,81.39,74.3
1/27/2022,82.699997,74.8
1/28/2022,83.050004,75.68
1/31/2022,82.449997,75.97
2/1/2022,81.919999,75.9
2/2/2022,82.800004,76.81
2/3/2022,82.729996,76.83
2/4/2022,81.119996,75.89
2/7/2022,81.119996,76.03
2/8/2022,80.919999,76.32
2/9/2022,80.869996,76.34
2/10/2022,79.720002,75.52
2/11/2022,79.529999,75.25
2/14/2022,79.259995,75.04
2/15/2022,78.580002,75.17
2/16/2022,78.339997,75.31
2/17/2022,79.149994,75.89
2/18/2022,79.550004,76.03
2/22/2022,78.850007,75.44
2/23/2022,78.64,74.83
2/24/2022,75.580002,73.54
2/25/2022,78.14,75.91
2/28/2022,76.949997,74.9
3/1/2022,76.039994,74.46
3/2/2022,76.699997,75.25
3/3/2022,77.399994,75.86
3/4/2022,77.360001,75.87
3/7/2022,76.679993,74.49
3/8/2022,74.869996,72.48
3/9/2022,75.539994,72.97
3/10/2022,73.839997,72.28
3/11/2022,73.770005,71.44
3/14/2022,73.960007,71.82
3/15/2022,75.490006,73.43
3/16/2022,75.149994,73.51
3/17/2022,75.130005,74.02
3/18/2022,72.199997,74.19
3/21/2022,74.149994,73.95
3/22/2022,74.5,74.5
3/23/2022,73.630005,73.9
3/24/2022,73.649994,74.42
3/25/2022,74.779999,75.04
3/28/2022,75.39,75.35
3/29/2022,76.199997,76.02
3/30/2022,76.360001,76.07
3/31/2022,75.830002,75.89
4/1/2022,76.419999,76.65
4/4/2022,76.589997,76.41
4/5/2022,77.449997,76.48
4/6/2022,78.809998,77.45
4/7/2022,80.419999,78.39
4/8/2022,80.25,78.72
4/11/2022,80.440003,78.4
4/12/2022,81,78.42
4/13/2022,80.990006,78.86
4/14/2022,80.940003,78.84
4/18/2022,80.009995,78.19
4/19/2022,80.610001,79.38
4/20/2022,81.529999,80.57
4/21/2022,82.100007,80.5
4/22/2022,81.100007,79.24
4/25/2022,81.809998,79.59
4/26/2022,80.520005,78.36
4/27/2022,80.690003,78.65
4/28/2022,81.220002,79.81
4/29/2022,77.050004,77.64
5/2/2022,75.179993,76.62
5/3/2022,74.490006,76.4
5/4/2022,77,78.12
5/5/2022,76.089997,76.64
5/6/2022,76.839997,76.72
5/9/2022,77.669999,76.69
5/10/2022,76.669999,76.16
5/11/2022,76.75,75.83
5/12/2022,77.550004,75.81
5/13/2022,78.399994,76.95
5/16/2022,78.729996,77.3
5/17/2022,78.770005,76.77
5/18/2022,75.710007,71.83
5/19/2022,75.119996,70.55
5/20/2022,75.130005,70.7
5/23/2022,76.520005,72.16
5/24/2022,78.119996,73.34
5/25/2022,77.490006,73.36
5/26/2022,78.160004,74.14
5/27/2022,78.860001,75
5/31/2022,78.809998,74.47
6/1/2022,78.199997,73.5
6/2/2022,79.270005,74.57
6/3/2022,78.929993,73.82
6/6/2022,78.779999,73.85
6/7/2022,78.710007,74.24
6/8/2022,77.869996,73.33
6/9/2022,76.850007,72.23
6/10/2022,76.630005,71.92
6/13/2022,76.190003,70.37
6/14/2022,74.270005,69.54
6/15/2022,74.160004,69.61
6/16/2022,73.919999,69.08
6/17/2022,74.039994,68.83
6/21/2022,76.460007,70.14
6/22/2022,77.910004,70.09
6/23/2022,78.880005,71.45
6/24/2022,80.380005,72.85
6/27/2022,79.880005,72.65
6/28/2022,78.880005,71.68
6/29/2022,79.669999,72.13
6/30/2022,80.14,72.18
7/1/2022,81.970002,73.22
7/5/2022,81,72.75
7/6/2022,81.020005,72.96
7/7/2022,79.460007,73.03
7/8/2022,78.350007,72.9
7/11/2022,78.699997,72.8
7/12/2022,78.309998,72.59
7/13/2022,78.429993,72.64
7/14/2022,78.339997,72.7
7/15/2022,78.149994,72.94
7/18/2022,77.119996,72.23
7/19/2022,77.529999,72.99
7/20/2022,75.610001,72.5
7/21/2022,76.160004,72.72
7/22/2022,77.470002,73.2
7/25/2022,77.850007,73.56
7/26/2022,78.529999,73.39
7/27/2022,78.759995,73.89
7/28/2022,79.190003,75.07
7/29/2022,78.740006,74.49
8/1/2022,81.100007,75.42
8/2/2022,80.259995,74.82
8/3/2022,81.429993,75.31
8/4/2022,80.89,74.81
8/5/2022,80.429993,74.64
8/8/2022,80.809998,74.6
8/9/2022,80.059998,74.49
8/10/2022,80.339997,75.04
8/11/2022,79.5,74.86
8/12/2022,80.289994,75.51
8/15/2022,81.240006,76.26
8/16/2022,82.179993,77.12
8/17/2022,82.169999,76.9
8/18/2022,82.850007,77.16
8/19/2022,83.270005,76.91
8/22/2022,81.960007,76.13
8/23/2022,80.960007,75.8
8/24/2022,81,75.99
8/25/2022,80.919999,76.34
8/26/2022,79.210007,74.45
8/29/2022,79.589997,74.33
8/30/2022,79,73.56
8/31/2022,78.210007,73.11
9/1/2022,79.800004,73.52
9/2/2022,78.169999,72.56
9/6/2022,77.770005,72.15
9/7/2022,78.550004,73.45
9/8/2022,77.839997,73.26
9/9/2022,78.029999,73.98
9/12/2022,77.899994,74.27
9/13/2022,75.429993,71.79
9/14/2022,76.059998,71.76
9/15/2022,75.229996,71.16
9/16/2022,75.690003,71.33
9/19/2022,76.009995,71.34
9/20/2022,75.160004,70.95
9/21/2022,74.899994,70.68
9/22/2022,75.360001,70.58
9/23/2022,75.529999,69.38
9/26/2022,75,69.43
9/27/2022,72.580002,68.23
9/28/2022,72.910004,69.05
9/29/2022,71.770005,67.91
9/30/2022,70.25,66.73
10/3/2022,71.110001,67.88
10/4/2022,71.839997,68.91
10/5/2022,71.110001,68.51
10/6/2022,69.559998,67.51
10/7/2022,68.990006,66.5
10/10/2022,68.479996,66.74
10/11/2022,69.050004,67.29
10/12/2022,69.110001,67.65
10/13/2022,71.009995,68.77
10/14/2022,71.330002,67.53
10/17/2022,72.14,68.26
10/18/2022,72.919999,69.15
10/19/2022,71.75,68.83
10/20/2022,70.25,67.87
10/21/2022,71.470002,68.91
10/24/2022,72.020005,70.15
10/25/2022,72.759995,71.07
10/26/2022,73.429993,71.54
10/27/2022,73.229996,71.6
10/28/2022,74.64,73.17
10/31/2022,73.839997,72.74
11/1/2022,73.740006,72.51
11/2/2022,72.770005,71.25
11/3/2022,72.39,71.01
11/4/2022,73.190003,71.85
11/7/2022,73.5,72.49
11/8/2022,73.809998,72.7
11/9/2022,73.460007,71.91
11/10/2022,74.970002,73.6
11/11/2022,74.570008,73.52
11/14/2022,74.570008,72.94
11/15/2022,75.320008,73.55
11/16/2022,76.009995,73.91
11/17/2022,75.289994,73.89
11/18/2022,76.460007,74.68
11/21/2022,76.919999,75.39
11/22/2022,76.369996,75.94
11/23/2022,76.929993,76.2
11/25/2022,76.770005,76.25
11/28/2022,76.380005,75.96
11/29/2022,75.970002,75.67
11/30/2022,77.479996,77.19
12/1/2022,77.75,76.84
12/2/2022,78.169999,77.19
12/5/2022,77.119996,76.22
12/6/2022,77.210007,75.75
12/7/2022,77.550004,76.07
12/8/2022,78.14,76.48
12/9/2022,77.779999,75.89
12/12/2022,78.610001,76.69
12/13/2022,78.75,76.58
12/14/2022,79.339997,76.53
12/15/2022,77.880005,75.23
12/16/2022,77.759995,74.86
12/19/2022,77.979996,74.28
12/20/2022,77.690003,74.22
12/21/2022,78.990006,74.96
12/22/2022,79.279999,74.79
12/23/2022,79.449997,75.18
12/27/2022,79.940003,75.54
12/28/2022,78.820008,74.6
12/29/2022,79.369996,74.92
12/30/2022,78.789994,74.55
1/3/2023,79.130005,74.27
1/4/2023,79.64,74.56
1/5/2023,78.539994,73.81
1/6/2023,79.979996,75.78
1/9/2023,78.729996,75.04
1/10/2023,78.309998,74.94
1/11/2023,77.130005,74.98
1/12/2023,76.839997,74.39
1/13/2023,77.850007,74.74
1/17/2023,78.229996,74.79
1/18/2023,76.320008,72.75
1/19/2023,75.199997,72.06
1/20/2023,75.440003,72.62
1/23/2023,75.5,72.85
1/24/2023,75.940003,73.15
1/25/2023,75.770005,73.33
1/26/2023,75.529999,73.07
1/27/2023,71.589997,72.86
1/30/2023,72.880005,72.95
1/31/2023,74.529999,73.74
2/1/2023,74.990006,74.33
2/2/2023,73.729996,73.69
2/3/2023,74.289994,73.4
2/6/2023,73.850007,73.49
2/7/2023,73.449997,73.18
2/8/2023,73.360001,72.62
2/9/2023,72.830002,72.3
2/10/2023,73.550004,72.97
2/13/2023,73.770005,73.8
2/14/2023,73.179993,73.13
2/15/2023,72.699997,73.27
2/16/2023,72.770005,72.74
2/17/2023,74.520005,73.68
2/21/2023,74.259995,73.4
2/22/2023,74.410004,73.29
2/23/2023,73.660004,73.2
2/24/2023,73.130005,72.71
2/27/2023,73.600007,72.63
2/28/2023,73.300004,72.03
3/1/2023,72.550004,71.5
3/2/2023,73.770005,72.48
3/3/2023,73.949997,72.54
3/6/2023,73.289994,72.73
3/7/2023,71.5,72.01
3/8/2023,71.960007,72.13
3/9/2023,71.339997,71.46
3/10/2023,71.309998,71.11
3/13/2023,71.5,71.47
3/14/2023,72.240006,72.12
3/15/2023,72.929993,72.59
3/16/2023,72.949997,72.64
3/17/2023,72.199997,72.11
3/20/2023,73.080002,72.76
3/21/2023,72.380005,72.7
3/22/2023,72.130005,72.03
3/23/2023,71.830002,71.75
3/24/2023,73.419999,72.97
3/27/2023,74.149994,73.36
3/28/2023,74.5,73.49
3/29/2023,74.470002,73.9
3/30/2023,75.25,74.11
3/31/2023,75.149994,74.71
4/3/2023,75.360001,75.1
4/4/2023,74.729996,74.95
4/5/2023,75.360001,75.3
4/6/2023,75.679993,75.36
4/10/2023,75.14,75.36
4/11/2023,76.020005,75.58
4/12/2023,76.050004,75.24
4/13/2023,76.520005,75.66
4/14/2023,75.589997,75.18
4/17/2023,75.699997,75.66
4/18/2023,75.539994,75.89
4/19/2023,75.589997,75.84
4/20/2023,76.360001,76.02
4/21/2023,76.800004,76.57
4/24/2023,77.880005,76.88
4/25/2023,77.699997,76.78
4/26/2023,76.679993,76.18
4/27/2023,77.929993,77.03
4/28/2023,79.800004,77.44
5/1/2023,80.690003,77.5
5/2/2023,80.850007,77.29
5/3/2023,81.259995,76.66
5/4/2023,80.789994,76.47
5/5/2023,80.589997,77.18
5/8/2023,80.75,76.95
5/9/2023,80.64,76.71
5/10/2023,81.100007,76.59
5/11/2023,81.630005,76.82
5/12/2023,81.979996,77.12
5/15/2023,81.080002,76.93
5/16/2023,80.770005,76.28
5/17/2023,80.509995,76.24
5/18/2023,79.690003,75.87
5/19/2023,79.929993,75.92
5/22/2023,78.410004,74.77
5/23/2023,77.039994,74.22
5/24/2023,76.479996,73.74
5/25/2023,76.25,73.18
5/26/2023,76.210007,73.43
5/30/2023,74.949997,72.59
5/31/2023,74.380005,72.67
6/1/2023,74.899994,72.61
6/2/2023,76.050004,73.61
6/5/2023,76.25,73.34
6/6/2023,75.570008,72.97
6/7/2023,75.199997,72.73
6/8/2023,75.729996,73.23
6/9/2023,75.839997,73.11
6/12/2023,75.720002,73.09
6/13/2023,75.240006,73.39
6/14/2023,75.419999,73.84
6/15/2023,76.800004,74.58
6/16/2023,77.779999,74.67
6/20/2023,77.619996,73.58
6/21/2023,77.619996,73.84
6/22/2023,78,74.27
6/23/2023,77.110001,73.78
6/26/2023,76.64,73.88
6/27/2023,75.729996,74.1
6/28/2023,75.910004,73.6
6/29/2023,76.559998,73.53
6/30/2023,77.039994,74.17
7/3/2023,77.14,74.75
7/5/2023,76.869996,74.62
7/6/2023,76.910004,74.43
7/7/2023,75.589997,73.46
7/10/2023,75.89,73.44
7/11/2023,75.39,73.55
7/12/2023,75.160004,73.72
7/13/2023,75.860001,74.03
7/14/2023,76.440003,74.28
7/17/2023,75.580002,74.06
7/18/2023,75.839997,73.98
7/19/2023,76.419999,74.73
7/20/2023,77,75.37
7/21/2023,77.190003,75.63
7/24/2023,77.479996,75.92
7/25/2023,77.839997,75.9
7/26/2023,77.960007,75.99
7/27/2023,77.110001,75.32
7/28/2023,75.619996,76.1
7/31/2023,76.259995,75.75
8/1/2023,76.64,75.34
8/2/2023,77.539994,75.61
8/3/2023,76.580002,75.4
8/4/2023,76.259995,74.65
8/7/2023,76.899994,75.26
8/8/2023,76.330002,74.72
8/9/2023,76.490006,74.83
8/10/2023,76.279999,74.68
8/11/2023,76.899994,74.8
8/14/2023,75.720002,74.43
8/15/2023,74.64,73.63
8/16/2023,74.419999,73.46
8/17/2023,74,72.75
8/18/2023,74.550004,73.02
8/21/2023,73.800004,72.53
8/22/2023,73.509995,72.12
8/23/2023,73.509995,72.6
8/24/2023,73.320008,72.02
8/25/2023,73.830002,72.42
8/28/2023,73.64,72.75
8/29/2023,73.470002,73.01
8/30/2023,73.850007,73.13
8/31/2023,73.470002,72.76
9/1/2023,73.270005,72.14
9/5/2023,72.779999,71.52
9/6/2023,72.320008,71.44
9/7/2023,73.559998,71.61
9/8/2023,73.199997,71.7
9/11/2023,73.949997,72.32
9/12/2023,72.520005,71.7
9/13/2023,72.830002,71.92
9/14/2023,73.460007,72.65
9/15/2023,73.169999,72.05
9/18/2023,73.850007,71.54
9/19/2023,73.220002,71.37
9/20/2023,73.759995,71.44
9/21/2023,73.220002,70.52
9/22/2023,72.449997,70.14
9/25/2023,72.220002,69.89
9/26/2023,72,69.37
9/27/2023,71.050004,68.8
9/28/2023,71.309998,69.01
9/29/2023,71.110001,68.81
10/2/2023,70.759995,68.34
10/3/2023,70.470002,67.85
10/4/2023,70.559998,68.39
10/5/2023,69.270005,67.04
10/6/2023,69.429993,66.67
10/9/2023,69.309998,66.73
10/10/2023,69.490006,67.41
10/11/2023,68.869996,66.95
10/12/2023,69.699997,66.22
10/13/2023,70.949997,66.8
10/16/2023,72.149994,67.49
10/17/2023,72.080002,67.78
10/18/2023,73.070008,68.03
10/19/2023,73.190003,67.53
10/20/2023,73.270005,67.27
10/23/2023,71.960007,67.14
10/24/2023,72.839997,67.71
10/25/2023,73.410004,67.94
10/26/2023,73.080002,67.5
10/27/2023,71.789994,66.58
10/30/2023,73.880005,67.62
10/31/2023,75.119996,67.86
11/1/2023,74.929993,67.79
11/2/2023,74.800004,68.67
11/3/2023,74.820008,68.75
11/6/2023,75.210007,68.86
11/7/2023,75.229996,69.03
11/8/2023,75.240006,68.76
11/9/2023,75.14,68.48
11/10/2023,75.429993,68.96
11/13/2023,75.949997,69.18
11/14/2023,76.660004,69.89
11/15/2023,75.470002,70.45
11/16/2023,75.979996,69.58
11/17/2023,75.580002,69.49
11/20/2023,75.470002,69.44
11/21/2023,76.570008,69.65
11/22/2023,77.279999,70.15
11/24/2023,77.309998,70.41
11/27/2023,77.110001,70.21
11/28/2023,77.869996,70.53
11/29/2023,77.880005,69.96
11/30/2023,78.770005,70.66
12/1/2023,78.699997,70.95
12/4/2023,78.979996,71.04
12/5/2023,77.679993,70.48
12/6/2023,77.470002,70.3
12/7/2023,77.619996,70.6
12/8/2023,77.169999,70.11
12/11/2023,77.64,70.78
12/12/2023,78.589997,71.01
12/13/2023,79.39,72.3
12/14/2023,76.270005,71.24
12/15/2023,76.979996,71.24
12/18/2023,78.059998,71.44
12/19/2023,78.130005,71.58
12/20/2023,77.350007,70.19
12/21/2023,77.910004,70.68
12/22/2023,78.5,71.22
12/26/2023,79.039994,71.52
12/27/2023,79.100007,71.85
12/28/2023,79.240006,71.88
12/29/2023,79.710007,72.03
