date,CSCO,XLK
2010-01-04,24.69,23.27
2010-01-05,24.58,23.24
2010-01-06,24.42,22.98
2010-01-07,24.53,22.89
2010-01-08,24.66,23.04
2010-01-11,24.59,22.95
2010-01-12,24.2,22.7
2010-01-13,24.64,22.92
2010-01-14,24.95,22.98
2010-01-15,24.4,22.66
2010-01-19,24.85,23.05
2010-01-20,24.41,22.68
2010-01-21,23.98,22.44
2010-01-22,22.97,21.66
2010-01-25,22.99,21.84
2010-01-26,22.9,21.78
2010-01-27,23.15,21.96
2010-01-28,22.52,21.33
2010-01-29,22.47,20.959
2010-02-01,22.73,21.2
2010-02-02,23.02,21.41
2010-02-03,23.07,21.46
2010-02-04,23.16,20.86
2010-02-05,23.7,21.07
2010-02-08,23.499,20.98
2010-02-09,23.89,21.16
2010-02-10,23.76,21.1
2010-02-11,23.93,21.32
2010-02-12,23.76,21.36
2010-02-16,24.0,21.68
2010-02-17,24.07,21.74
2010-02-18,24.28,21.88
2010-02-19,24.36,21.82
2010-02-22,24.3,21.78
2010-02-23,24.05,21.51
2010-02-24,24.34,21.72
2010-02-25,24.33,21.66
2010-02-26,24.33,21.69
2010-03-01,24.6,21.97
2010-03-02,24.61,21.94
2010-03-03,24.84,21.95
2010-03-04,24.95,22.04
2010-03-05,25.21,22.31
2010-03-08,26.13,22.43
2010-03-09,26.13,22.53
2010-03-10,25.872,22.68
2010-03-11,25.97,22.77
2010-03-12,25.88,22.75
2010-03-15,26.08,22.73
2010-03-16,26.15,22.9
2010-03-17,26.26,22.97
2010-03-18,26.34,23.0
2010-03-19,26.15,22.79
2010-03-22,26.28,22.96
2010-03-23,26.64,23.18
2010-03-24,26.45,23.07
2010-03-25,26.43,23.11
2010-03-26,26.469,23.0
2010-03-29,26.51,23.07
2010-03-30,26.65,23.17
2010-03-31,26.03,23.1
2010-04-01,25.83,23.06
2010-04-05,26.17,23.33
2010-04-06,26.22,23.35
2010-04-07,26.34,23.26
2010-04-08,26.28,23.3
2010-04-09,26.6,23.48
2010-04-12,26.53,23.53
2010-04-13,26.44,23.6
2010-04-14,26.88,23.94
2010-04-15,27.21,24.05
2010-04-16,26.98,23.73
2010-04-19,27.07,23.78
2010-04-20,27.18,23.91
2010-04-21,27.24,23.96
2010-04-22,27.32,24.02
2010-04-23,27.47,24.08
2010-04-26,27.57,24.05
2010-04-27,27.01,23.58
2010-04-28,27.038,23.65
2010-04-29,27.53,23.89
2010-04-30,26.93,23.389
2010-05-03,27.54,23.71
2010-05-04,26.5575,23.03
2010-05-05,26.55,22.93
2010-05-06,25.488,22.24
2010-05-07,24.71,21.75
2010-05-10,26.13,22.75
2010-05-11,25.96,22.6
2010-05-12,26.74,23.19
2010-05-13,25.53,22.85
2010-05-14,24.94,22.41
2010-05-17,24.87,22.52
2010-05-18,24.3625,22.18
2010-05-19,24.26,22.01
2010-05-20,23.31,21.31
2010-05-21,23.46,21.47
2010-05-24,23.37,21.37
2010-05-25,23.31,21.31
2010-05-26,22.89,21.1
2010-05-27,23.67,21.82
2010-05-28,23.16,21.64
2010-06-01,23.0,21.43
2010-06-02,23.35,21.91
2010-06-03,23.72,22.13
2010-06-04,22.955,21.42
2010-06-07,22.76,21.11
2010-06-08,22.955,21.15
2010-06-09,22.78,21.04
2010-06-10,22.7725,21.55
2010-06-11,22.9075,21.74
2010-06-14,22.755,21.7
2010-06-15,23.33,22.27
2010-06-16,23.29,22.33
2010-06-17,23.169,22.41
2010-06-18,23.49,22.33
2010-06-21,23.34,22.17
2010-06-22,22.97,21.98
2010-06-23,22.86,21.94
2010-06-24,22.57,21.5
2010-06-25,22.1825,21.475
2010-06-28,22.42,21.52
2010-06-29,21.62,20.72
2010-06-30,21.31,20.4
2010-07-01,21.26,20.32
2010-07-02,21.13,20.29
2010-07-06,21.34,20.49
2010-07-07,22.48,21.15
2010-07-08,22.55,21.28
2010-07-09,22.7,21.39
2010-07-12,22.86,21.49
2010-07-13,23.09,21.8
2010-07-14,23.74,21.93
2010-07-15,23.92,22.0
2010-07-16,22.75,21.3725
2010-07-19,22.73,21.58
2010-07-20,23.05,21.72
2010-07-21,22.56,21.46
2010-07-22,23.27,22.04
2010-07-23,23.35,22.19
2010-07-26,23.61,22.32
2010-07-27,23.3,22.39
2010-07-28,23.39,22.21
2010-07-29,23.21,22.01
2010-07-30,23.07,21.92
2010-08-02,23.8,22.38
2010-08-03,23.82,22.26
2010-08-04,24.14,22.44
2010-08-05,24.17,22.34
2010-08-06,24.07,22.28
2010-08-09,24.77,22.43
2010-08-10,24.31,22.2
2010-08-11,23.73,21.67
2010-08-12,21.36,21.37
2010-08-13,21.36,21.27
2010-08-16,21.91,21.31
2010-08-17,22.05,21.54
2010-08-18,22.41,21.66
2010-08-19,22.22,21.4
2010-08-20,22.23,21.35
2010-08-23,21.68,21.16
2010-08-24,21.13,20.87
2010-08-25,21.21,21.0
2010-08-26,20.7,20.79
2010-08-27,20.81,21.04
2010-08-30,20.32,20.76
2010-08-31,19.985,20.69
2010-09-01,20.26,21.22
2010-09-02,20.52,21.41
2010-09-03,21.04,21.73
2010-09-07,20.58,21.55
2010-09-08,20.64,21.67
2010-09-09,20.61,21.73
2010-09-10,20.62,21.74
2010-09-13,21.26,22.13
2010-09-14,21.45,22.22
2010-09-15,21.59,22.36
2010-09-16,21.93,22.49
2010-09-17,21.8625,22.53
2010-09-20,21.7499,22.86
2010-09-21,21.64,22.82
2010-09-22,21.67,22.71
2010-09-23,21.53,22.68
2010-09-24,22.09,23.12
2010-09-27,22.11,23.13
2010-09-28,21.8625,23.16
2010-09-29,21.87,23.11
2010-09-30,21.9,23.02
2010-10-01,21.91,23.03
2010-10-04,21.76,22.84
2010-10-05,21.985,23.29
2010-10-06,22.3,23.18
2010-10-07,22.39,23.18
2010-10-08,22.48,23.31
2010-10-11,22.47,23.35
2010-10-12,22.62,23.49
2010-10-13,23.18,23.68
2010-10-14,23.07,23.69
2010-10-15,23.36,24.09
2010-10-18,23.295,24.25
2010-10-19,22.97,23.82
2010-10-20,23.4,24.02
2010-10-21,23.26,24.04
2010-10-22,23.48,24.11
2010-10-25,23.61,24.18
2010-10-26,23.395,24.24
2010-10-27,23.29,24.31
2010-10-28,23.19,24.31
2010-10-29,22.86,24.35
2010-11-01,22.92,24.37
2010-11-02,23.17,24.61
2010-11-03,23.71,24.75
2010-11-04,24.21,25.12
2010-11-05,24.26,25.1
2010-11-08,24.39,25.12
2010-11-09,24.35,25.05
2010-11-10,24.49,25.07
2010-11-11,20.52,24.685
2010-11-12,20.15,24.34
2010-11-15,19.95,24.27
2010-11-16,19.435,23.83
2010-11-17,19.405,23.84
2010-11-18,19.61,24.24
2010-11-19,19.61,24.31
2010-11-22,19.56,24.45
2010-11-23,19.2,24.09
2010-11-24,19.46,24.49
2010-11-26,19.54,24.25
2010-11-29,19.44,24.19
2010-11-30,19.16,23.95
2010-12-01,19.32,24.46
2010-12-02,19.22,24.75
2010-12-03,19.07,24.805
2010-12-06,19.4275,24.81
2010-12-07,19.39,24.84
2010-12-08,19.35,25.05
2010-12-09,19.7,25.07
2010-12-10,19.7,25.185
2010-12-13,19.58,25.14
2010-12-14,19.54,25.18
2010-12-15,19.47,25.08
2010-12-16,19.75,25.12
2010-12-17,19.55,25.08
2010-12-20,19.62,25.1
2010-12-21,19.53,25.25
2010-12-22,19.56,25.22
2010-12-23,19.69,25.21
2010-12-27,20.16,25.26
2010-12-28,20.35,25.23
2010-12-29,20.25,25.28
2010-12-30,20.23,25.22
2010-12-31,20.23,25.19
2011-01-03,20.49,25.47
2011-01-04,20.52,25.57
2011-01-05,20.77,25.72
2011-01-06,20.95,25.87
2011-01-07,20.97,25.75
2011-01-10,20.79,25.7725
2011-01-11,20.88,25.73
2011-01-12,21.12,25.96
2011-01-13,21.08,25.94
2011-01-14,21.21,26.17
2011-01-18,21.215,26.1975
2011-01-19,20.82,26.01
2011-01-20,20.77,25.87
2011-01-21,20.725,25.72
2011-01-24,21.17,26.08
2011-01-25,21.54,26.2
2011-01-26,21.42,26.35
2011-01-27,21.44,26.44
2011-01-28,20.93,25.83
2011-01-31,21.15,25.99
2011-02-01,21.47,26.43
2011-02-02,21.62,26.4775
2011-02-03,21.91,26.52
2011-02-04,22.05,26.69
2011-02-07,22.03,26.8225
2011-02-08,21.99,26.9325
2011-02-09,22.04,26.88
2011-02-10,18.92,26.76
2011-02-11,18.7,26.9025
2011-02-14,18.81,26.94
2011-02-15,18.67,26.84
2011-02-16,18.58,26.9875
2011-02-17,18.68,27.04
2011-02-18,18.85,27.0
2011-02-22,18.59,26.34
2011-02-23,18.4,26.03
2011-02-24,18.36,26.12
2011-02-25,18.64,26.45
2011-02-28,18.56,26.56
2011-03-01,18.56,26.05
2011-03-02,18.5,26.21
2011-03-03,18.53,26.63
2011-03-04,18.4,26.415
2011-03-07,18.2,26.08
2011-03-08,18.22,26.2975
2011-03-09,18.12,26.19
2011-03-10,17.92,25.7
2011-03-11,17.95,25.8
2011-03-14,17.85,25.68
2011-03-15,17.39,25.3
2011-03-16,17.05,24.6825
2011-03-17,17.0,24.94
2011-03-18,17.14,24.9
2011-03-21,17.3875,25.3225
2011-03-22,17.45,25.28
2011-03-23,17.58,25.42
2011-03-24,17.36,25.8175
2011-03-25,17.28,25.88
2011-03-28,17.19,25.82
2011-03-29,17.44,26.0
2011-03-30,17.33,26.11
2011-03-31,17.15,26.0625
2011-04-01,17.04,26.01
2011-04-04,17.06,25.92
2011-04-05,17.22,25.88
2011-04-06,18.07,26.07
2011-04-07,17.91,26.08
2011-04-08,17.65,25.93
2011-04-11,17.47,25.89
2011-04-12,17.44,25.68
2011-04-13,17.25,25.84
2011-04-14,17.17,25.79
2011-04-15,17.03,25.74
2011-04-18,16.73,25.51
2011-04-19,16.61,25.58
2011-04-20,16.93,26.119
2011-04-21,16.94,26.35
2011-04-25,17.1,26.37
2011-04-26,17.52,26.59
2011-04-27,17.19,26.75
2011-04-28,17.29,26.76
2011-04-29,17.52,26.74
2011-05-02,17.58,26.64
2011-05-03,17.41,26.65
2011-05-04,17.47,26.57
2011-05-05,17.48,26.43
2011-05-06,17.56,26.48
2011-05-09,17.6,26.59
2011-05-10,17.79,26.83
2011-05-11,17.78,26.59
2011-05-12,16.93,26.79
2011-05-13,16.88,26.46
2011-05-16,16.6,26.08
2011-05-17,16.64,26.08
2011-05-18,16.65,26.27
2011-05-19,16.66,26.32
2011-05-20,16.53,26.169
2011-05-23,16.35,25.8
2011-05-24,16.27,25.72
2011-05-25,16.19,25.8
2011-05-26,16.25,25.97
2011-05-27,16.46,26.1
2011-05-31,16.8,26.46
2011-06-01,16.38,25.91
2011-06-02,16.25,25.93
2011-06-03,16.01,25.54
2011-06-06,15.99,25.35
2011-06-07,15.51,25.27
2011-06-08,15.3,25.1
2011-06-09,15.31,25.12
2011-06-10,15.12,24.77
2011-06-13,15.06,24.79
2011-06-14,15.08,25.1
2011-06-15,14.84,24.63
2011-06-16,15.05,24.57
2011-06-17,14.97,24.445
2011-06-20,15.14,24.5425
2011-06-21,15.51,24.98
2011-06-22,15.36,24.8
2011-06-23,15.47,24.97
2011-06-24,14.93,24.54
2011-06-27,15.05,24.87
2011-06-28,15.13,25.18
2011-06-29,15.335,25.38
2011-06-30,15.61,25.7
2011-07-01,15.86,26.12
2011-07-05,15.67,26.16
2011-07-06,15.56,26.28
2011-07-07,15.9,26.6
2011-07-08,15.74,26.47
2011-07-11,15.43,26.03
2011-07-12,15.6,25.8
2011-07-13,15.57,25.86
2011-07-14,15.43,25.64
2011-07-15,15.59,25.92
2011-07-18,15.435,25.83
2011-07-19,15.66,26.45
2011-07-20,15.82,26.37
2011-07-21,16.35,26.49
2011-07-22,16.46,26.72
2011-07-25,16.28,26.65
2011-07-26,16.29,26.77
2011-07-27,15.69,26.06
2011-07-28,16.01,26.02
2011-07-29,15.97,25.81
2011-08-01,15.83,25.79
2011-08-02,15.46,25.25
2011-08-03,15.49,25.51
2011-08-04,14.82,24.48
2011-08-05,14.94,24.33
2011-08-08,13.94,22.96
2011-08-09,14.055,24.01
2011-08-10,13.73,23.07
2011-08-11,15.92,23.95
2011-08-12,15.99,24.121
2011-08-15,16.03,24.55
2011-08-16,16.0,24.37
2011-08-17,15.85,24.26
2011-08-18,15.01,23.08
2011-08-19,15.08,22.52
2011-08-22,15.01,22.64
2011-08-23,15.44,23.47
2011-08-24,15.46,23.68
2011-08-25,15.08,23.34
2011-08-26,15.32,23.8
2011-08-29,15.74,24.4
2011-08-30,15.63,24.5
2011-08-31,15.67,24.44
2011-09-01,15.82,24.17
2011-09-02,15.41,23.62
2011-09-06,15.28,23.51
2011-09-07,15.88,24.12
2011-09-08,16.29,24.0
2011-09-09,15.82,23.49
2011-09-12,16.09,23.77
2011-09-13,16.35,24.05
2011-09-14,16.33,24.41
2011-09-15,16.67,24.8
2011-09-16,16.62,24.98
2011-09-19,16.51,24.92
2011-09-20,16.53,24.86
2011-09-21,15.84,24.49
2011-09-22,15.33,23.73
2011-09-23,15.61,24.0
2011-09-26,15.99,24.3
2011-09-27,16.07,24.61
2011-09-28,15.84,24.26
2011-09-29,15.85,24.21
2011-09-30,15.5,23.6
2011-10-03,15.19,23.07
2011-10-04,15.58,23.54
2011-10-05,16.16,24.03
2011-10-06,16.75,24.39
2011-10-07,16.66,24.3
2011-10-10,17.09,25.05
2011-10-11,16.99,25.16
2011-10-12,17.25,25.27
2011-10-13,17.42,25.55
2011-10-14,17.55,26.0
2011-10-17,17.17,25.59
2011-10-18,17.51,25.82
2011-10-19,17.16,25.32
2011-10-20,17.19,25.21
2011-10-21,17.38,25.53
2011-10-24,17.54,25.93
2011-10-25,17.62,25.52
2011-10-26,17.61,25.63
2011-10-27,18.44,26.39
2011-10-28,18.56,26.48
2011-10-31,18.53,26.01
2011-11-01,17.59,25.29
2011-11-02,17.85,25.6
2011-11-03,18.18,26.21
2011-11-04,18.03,26.05
2011-11-07,18.01,26.21
2011-11-08,18.31,26.51
2011-11-09,17.61,25.59
2011-11-10,18.61,25.67
2011-11-11,19.02,26.16
2011-11-14,18.94,25.96
2011-11-15,19.12,26.31
2011-11-16,18.8,25.92
2011-11-17,18.48,25.42
2011-11-18,18.42,25.21
2011-11-21,18.0,24.77
2011-11-22,17.92,24.73
2011-11-23,17.405,24.14
2011-11-25,17.5,24.01
2011-11-28,18.01,24.8
2011-11-29,17.68,24.67
2011-11-30,18.64,25.62
2011-12-01,18.58,25.76
2011-12-02,18.55,25.74
2011-12-05,18.79,26.03
2011-12-06,18.73,26.02
2011-12-07,18.99,26.05
2011-12-08,18.57,25.64
2011-12-09,18.88,26.04
2011-12-12,18.53,25.71
2011-12-13,18.47,25.47
2011-12-14,17.98,25.08
2011-12-15,18.04,25.02
2011-12-16,17.94,24.98
2011-12-19,17.69,24.74
2011-12-20,18.405,25.435
2011-12-21,17.92,25.02
2011-12-22,18.13,25.31
2011-12-23,18.465,25.56
2011-12-27,18.58,25.6
2011-12-28,18.16,25.34
2011-12-29,18.25,25.53
2011-12-30,18.08,25.45
2012-01-03,18.63,25.81
2012-01-04,18.99,25.88
2012-01-05,18.92,25.96
2012-01-06,18.85,25.97
2012-01-09,18.97,25.93
2012-01-10,18.83,26.02
2012-01-11,19.07,26.1
2012-01-12,19.15,26.23
2012-01-13,19.06,26.08
2012-01-17,19.305,26.2
2012-01-18,19.54,26.58
2012-01-19,19.79,26.77
2012-01-20,19.92,26.8
2012-01-23,19.83,26.89
2012-01-24,19.815,26.87
2012-01-25,19.83,27.08
2012-01-26,19.83,26.9
2012-01-27,19.56,26.9
2012-01-30,19.56,26.98
2012-01-31,19.645,27.03
2012-02-01,19.8,27.3
2012-02-02,19.8,27.37
2012-02-03,20.09,27.715
2012-02-06,20.19,27.73
2012-02-07,20.2,27.8
2012-02-08,20.43,27.97
2012-02-09,20.0,28.24
2012-02-10,19.895,28.03
2012-02-13,20.03,28.21
2012-02-14,20.07,28.26
2012-02-15,19.91,28.11
2012-02-16,20.19,28.52
2012-02-17,20.29,28.52
2012-02-21,20.36,28.64
2012-02-22,20.12,28.54
2012-02-23,20.23,28.65
2012-02-24,20.14,28.82
2012-02-27,20.17,28.87
2012-02-28,20.2,29.08
2012-02-29,19.88,28.945
2012-03-01,19.88,29.12
2012-03-02,19.76,29.08
2012-03-05,19.6,28.83
2012-03-06,19.48,28.545
2012-03-07,19.41,28.76
2012-03-08,19.68,29.05
2012-03-09,19.8,29.18
2012-03-12,19.83,29.22
2012-03-13,20.22,29.8
2012-03-14,20.195,29.91
2012-03-15,19.91,29.99
2012-03-16,20.03,29.88
2012-03-19,20.14,30.1
2012-03-20,20.57,30.07
2012-03-21,20.5,30.06
2012-03-22,20.38,29.99
2012-03-23,20.53,29.985
2012-03-26,20.84,30.43
2012-03-27,20.91,30.42
2012-03-28,21.08,30.31
2012-03-29,21.03,30.25
2012-03-30,21.15,30.16
2012-04-02,21.19,30.48
2012-04-03,20.82,30.46
2012-04-04,20.36,30.1
2012-04-05,20.22,30.17
2012-04-09,19.96,29.96
2012-04-10,19.55,29.535
2012-04-11,20.015,29.71
2012-04-12,20.06,30.075
2012-04-13,19.85,29.61
2012-04-16,19.725,29.3
2012-04-17,20.08,29.94
2012-04-18,20.06,29.69
2012-04-19,19.905,29.39
2012-04-20,19.91,29.28
2012-04-23,19.68,29.05
2012-04-24,19.42,28.99
2012-04-25,19.49,29.805
2012-04-26,19.6,30.04
2012-04-27,19.98,30.03
2012-04-30,20.155,29.82
2012-05-01,19.98,29.92
2012-05-02,19.84,29.94
2012-05-03,19.72,29.69
2012-05-04,19.12,29.07
2012-05-07,19.08,28.99
2012-05-08,18.71,28.885
2012-05-09,18.78,28.89
2012-05-10,16.81,28.67
2012-05-11,16.505,28.69
2012-05-14,16.705,28.44
2012-05-15,16.54,28.36
2012-05-16,16.69,28.13
2012-05-17,16.55,27.73
2012-05-18,16.47,27.47
2012-05-21,16.67,28.15
2012-05-22,16.73,28.06
2012-05-23,16.69,28.09
2012-05-24,16.39,27.93
2012-05-25,16.33,27.87
2012-05-29,16.59,28.24
2012-05-30,16.39,28.06
2012-05-31,16.33,27.93
2012-06-01,15.96,27.2
2012-06-04,16.11,27.36
2012-06-05,16.12,27.525
2012-06-06,16.685,28.155
2012-06-07,16.58,28.02
2012-06-08,16.73,28.33
2012-06-11,16.475,27.93
2012-06-12,16.79,28.21
2012-06-13,16.655,28.04
2012-06-14,16.92,28.18
2012-06-15,17.1,28.37
2012-06-18,17.14,28.58
2012-06-19,17.18,28.8
2012-06-20,17.51,28.85
2012-06-21,16.925,28.165
2012-06-22,17.13,28.48
2012-06-25,16.935,27.9
2012-06-26,16.815,28.01
2012-06-27,16.73,28.18
2012-06-28,16.48,27.95
2012-06-29,17.17,28.725
2012-07-02,17.08,28.89
2012-07-03,17.15,29.12
2012-07-05,16.94,29.12
2012-07-06,16.77,28.69
2012-07-09,16.65,28.63
2012-07-10,16.41,28.31
2012-07-11,16.38,28.18
2012-07-12,15.98,27.9
2012-07-13,16.31,28.27
2012-07-16,16.19,28.24
2012-07-17,16.23,28.35
2012-07-18,16.7,28.84
2012-07-19,16.675,29.09
2012-07-20,16.36,28.755
2012-07-23,16.07,28.48
2012-07-24,15.12,28.19
2012-07-25,15.42,28.08
2012-07-26,15.38,28.51
2012-07-27,15.69,29.13
2012-07-30,15.87,29.14
2012-07-31,15.95,29.26
2012-08-01,15.98,29.16
2012-08-02,15.74,28.97
2012-08-03,16.35,29.54
2012-08-06,16.69,29.75
2012-08-07,17.14,29.95
2012-08-08,17.16,29.96
2012-08-09,17.7,30.06
2012-08-10,17.54,30.13
2012-08-13,17.34,30.22
2012-08-14,17.17,30.16
2012-08-15,17.35,30.17
2012-08-16,19.02,30.58
2012-08-17,19.06,30.75
2012-08-20,18.94,30.78
2012-08-21,19.16,30.58
2012-08-22,19.219,30.63
2012-08-23,19.125,30.38
2012-08-24,19.2,30.57
2012-08-27,19.36,30.6
2012-08-28,19.22,30.53
2012-08-29,19.2,30.59
2012-08-30,18.9,30.25
2012-08-31,19.08,30.49
2012-09-04,18.995,30.49
2012-09-05,18.9,30.46
2012-09-06,19.725,31.14
2012-09-07,19.56,31.09
2012-09-10,19.15,30.76
2012-09-11,19.04,30.84
2012-09-12,19.08,31.01
2012-09-13,19.36,31.43
2012-09-14,19.49,31.58
2012-09-17,19.16,31.61
2012-09-18,19.045,31.63
2012-09-19,19.12,31.66
2012-09-20,19.11,31.6
2012-09-21,18.9,31.51
2012-09-24,18.805,31.31
2012-09-25,18.665,30.87
2012-09-26,18.575,30.65
2012-09-27,18.795,31.045
2012-09-28,19.095,30.825
2012-10-01,19.04,30.76
2012-10-02,18.87,30.8
2012-10-03,18.93,30.96
2012-10-04,18.895,31.05
2012-10-05,18.86,30.89
2012-10-08,18.9,30.57
2012-10-09,18.8,30.18
2012-10-10,18.31,30.06
2012-10-11,18.26,29.94
2012-10-12,18.405,29.92
2012-10-15,18.55,30.07
2012-10-16,18.8526,30.48
2012-10-17,18.705,30.32
2012-10-18,18.605,29.965
2012-10-19,18.0401,29.29
2012-10-22,18.19,29.49
2012-10-23,18.01,29.17
2012-10-24,17.38,29.0
2012-10-25,17.2,28.94
2012-10-26,17.29,28.99
2012-10-31,17.145,28.8705
2012-11-01,17.505,29.34
2012-11-02,17.35,28.96
2012-11-05,17.4,29.12
2012-11-06,17.48,29.25
2012-11-07,17.21,28.52
2012-11-08,16.83,28.11
2012-11-09,16.82,28.24
2012-11-12,16.855,28.195
2012-11-13,16.85,28.06
2012-11-14,17.6608,27.775
2012-11-15,17.9413,27.62
2012-11-16,17.99,27.66
2012-11-19,18.3008,28.415
2012-11-20,18.34,28.3
2012-11-21,18.48,28.39
2012-11-23,18.84,28.85
2012-11-26,19.055,28.975
2012-11-27,18.9597,28.8487
2012-11-28,18.83,29.02
2012-11-29,19.01,29.16
2012-11-30,18.91,29.13
2012-12-03,19.0302,29.09
2012-12-04,19.17,29.035
2012-12-05,19.21,28.75
2012-12-06,19.48,28.915
2012-12-07,19.335,28.77
2012-12-10,19.79,28.84
2012-12-11,19.78,29.23
2012-12-12,19.73,29.18
2012-12-13,19.74,28.97
2012-12-14,19.86,28.69
2012-12-17,20.11,29.04
2012-12-18,20.3814,29.47
2012-12-19,20.2697,29.32
2012-12-20,20.24,29.37
2012-12-21,19.96,28.95
2012-12-24,19.83,28.87
2012-12-26,19.92,28.71
2012-12-27,19.65,28.68
2012-12-28,19.4494,28.36
2012-12-31,19.6494,28.85
2013-01-02,20.34,29.81
2013-01-03,20.45,29.62
2013-01-04,20.4819,29.5
2013-01-07,20.2903,29.4612
2013-01-08,20.31,29.35
2013-01-09,20.3,29.4
2013-01-10,20.44,29.55
2013-01-11,20.48,29.59
2013-01-14,20.97,29.4
2013-01-15,20.98,29.21
2013-01-16,21.03,29.31
2013-01-17,20.95,29.43
2013-01-18,21.015,29.39
2013-01-22,20.87,29.47
2013-01-23,20.62,29.78
2013-01-24,21.02,29.27
2013-01-25,21.15,29.3
2013-01-28,21.06,29.4
2013-01-29,20.78,29.44
2013-01-30,20.58,29.35
2013-01-31,20.57,29.4
2013-02-01,20.83,29.73
2013-02-04,20.82,29.34
2013-02-05,21.08,29.68
2013-02-06,21.19,29.67
2013-02-07,21.095,29.67
2013-02-08,21.16,29.93
2013-02-11,21.27,29.99
2013-02-12,20.97,29.89
2013-02-13,21.14,29.88
2013-02-14,20.99,29.802
2013-02-15,20.99,29.78
2013-02-19,21.46,29.975
2013-02-20,21.105,29.57
2013-02-21,20.76,29.33
2013-02-22,20.9,29.69
2013-02-25,20.66,29.27
2013-02-26,20.608,29.442
2013-02-27,20.89,29.69
2013-02-28,20.855,29.63
2013-03-01,20.83,29.68
2013-03-04,20.74,29.77
2013-03-05,21.218,30.18
2013-03-06,21.715,30.16
2013-03-07,21.802,30.23
2013-03-08,21.83,30.29
2013-03-11,21.88,30.36
2013-03-12,21.7,30.25
2013-03-13,21.575,30.23
2013-03-14,21.59,30.445
2013-03-15,21.925,30.2
2013-03-18,21.67,30.21
2013-03-19,21.52,30.17
2013-03-20,21.67,30.32
2013-03-21,20.84,29.975
2013-03-22,20.75,30.172
2013-03-25,20.85,30.1
2013-03-26,20.845,30.29
2013-03-27,20.83,30.21
2013-03-28,20.895,30.27
2013-04-01,20.83,30.07
2013-04-02,21.22,30.19
2013-04-03,21.197,29.95
2013-04-04,21.04,29.96
2013-04-05,20.61,29.73
2013-04-08,20.57,29.86
2013-04-09,20.97,30.07
2013-04-10,21.47,30.6
2013-04-11,21.685,30.5
2013-04-12,21.54,30.365
2013-04-15,21.05,29.87
2013-04-16,21.16,30.24
2013-04-17,20.63,29.62
2013-04-18,20.58,29.31
2013-04-19,20.46,29.35
2013-04-22,20.59,29.575
2013-04-23,20.91,29.9
2013-04-24,20.39,29.95
2013-04-25,20.64,30.05
2013-04-26,20.67,30.04
2013-04-29,20.98,30.47
2013-04-30,20.92,30.8
2013-05-01,20.38,30.53
2013-05-02,20.73,30.92
2013-05-03,20.83,31.21
2013-05-06,20.81,31.36
2013-05-07,20.38,31.34
2013-05-08,20.72,31.59
2013-05-09,20.83,31.5
2013-05-10,21.1,31.59
2013-05-13,21.27,31.51
2013-05-14,21.27,31.61
2013-05-15,21.21,31.71
2013-05-16,23.887,31.88
2013-05-17,24.24,32.2
2013-05-20,23.945,32.2
2013-05-21,24.01,32.1
2013-05-22,23.34,31.75
2013-05-23,23.51,31.74
2013-05-24,23.53,31.69
2013-05-28,23.89,31.84
2013-05-29,24.12,31.76
2013-05-30,24.37,31.96
2013-05-31,24.115,31.66
2013-06-03,24.38,31.82
2013-06-04,24.36,31.68
2013-06-05,24.32,31.37
2013-06-06,24.55,31.44
2013-06-07,24.49,31.73
2013-06-10,24.36,31.8
2013-06-11,24.07,31.47
2013-06-12,23.99,31.26
2013-06-13,24.35,31.615
2013-06-14,24.09,31.38
2013-06-17,24.7,31.67
2013-06-18,24.82,31.92
2013-06-19,24.68,31.55
2013-06-20,24.435,30.85
2013-06-21,24.481,30.51
2013-06-24,24.055,30.14
2013-06-25,24.005,30.39
2013-06-26,24.385,30.57
2013-06-27,24.63,30.72
2013-06-28,24.335,30.585
2013-07-01,24.335,30.75
2013-07-02,24.32,30.8
2013-07-03,24.59,30.98
2013-07-05,24.57,31.18
2013-07-08,24.625,31.16
2013-07-09,25.155,31.28
2013-07-10,25.41,31.38
2013-07-11,25.87,31.91
2013-07-12,25.94,31.93
2013-07-15,25.93,32.02
2013-07-16,25.71,32.045
2013-07-17,25.72,32.07
2013-07-18,25.86,31.99
2013-07-19,25.82,31.445
2013-07-22,25.72,31.54
2013-07-23,25.56,31.411
2013-07-24,25.59,31.62
2013-07-25,25.5,31.64
2013-07-26,25.496,31.73
2013-07-29,25.33,31.68
2013-07-30,25.67,31.84
2013-07-31,25.59,31.73
2013-08-01,25.891,32.07
2013-08-02,26.19,32.21
2013-08-05,26.31,32.28
2013-08-06,26.21,32.11
2013-08-07,26.12,32.03
2013-08-08,26.26,32.135
2013-08-09,26.053,31.97
2013-08-12,26.34,32.18
2013-08-13,26.3205,32.4
2013-08-14,26.377,32.37
2013-08-15,24.485,31.85
2013-08-16,24.27,31.815
2013-08-19,24.27,31.72
2013-08-20,24.32,31.77
2013-08-21,24.07,31.7
2013-08-22,24.01,31.84
2013-08-23,23.86,32.07
2013-08-26,23.83,31.92
2013-08-27,23.485,31.36
2013-08-28,23.445,31.38
2013-08-29,23.45,31.55
2013-08-30,23.31,31.4
2013-09-03,23.48,31.431
2013-09-04,23.77,31.735
2013-09-05,23.69,31.75
2013-09-06,23.55,31.77
2013-09-09,23.92,32.15
2013-09-10,24.155,32.35
2013-09-11,24.375,32.2
2013-09-12,24.29,32.225
2013-09-13,24.32,32.255
2013-09-16,24.38,32.21
2013-09-17,24.37,32.37
2013-09-18,24.795,32.779
2013-09-19,24.615,32.805
2013-09-20,24.51,32.415
2013-09-23,24.275,32.51
2013-09-24,24.14,32.37
2013-09-25,24.43,32.32
2013-09-26,23.77,32.44
2013-09-27,23.33,32.24
2013-09-30,23.431,32.04
2013-10-01,23.24,32.32
2013-10-02,23.32,32.33
2013-10-03,23.005,32.05
2013-10-04,23.02,32.18
2013-10-07,22.89,32.04
2013-10-08,22.635,31.53
2013-10-09,22.5,31.65
2013-10-10,23.01,32.18
2013-10-11,23.28,32.45
2013-10-14,23.34,32.56
2013-10-15,23.18,32.36
2013-10-16,22.995,32.67
2013-10-17,22.781,32.68
2013-10-18,22.961,33.24
2013-10-21,22.93,33.42
2013-10-22,22.65,33.41
2013-10-23,22.255,33.25
2013-10-24,22.3745,33.33
2013-10-25,22.455,33.5
2013-10-28,22.55,33.61
2013-10-29,22.825,33.825
2013-10-30,22.705,33.76
2013-10-31,22.56,33.65
2013-11-01,22.565,33.66
2013-11-04,22.58,33.79
2013-11-05,23.065,33.7
2013-11-06,23.28,34.04
2013-11-07,23.11,33.595
2013-11-08,23.51,33.9
2013-11-11,23.445,33.94
2013-11-12,23.73,34.03
2013-11-13,23.995,34.32
2013-11-14,21.365,34.225
2013-11-15,21.535,34.3
2013-11-18,21.29,34.17
2013-11-19,21.42,34.05
2013-11-20,21.23,33.94
2013-11-21,21.47,34.23
2013-11-22,21.46,34.16
2013-11-25,21.27,34.16
2013-11-26,21.21,34.28
2013-11-27,21.27,34.55
2013-11-29,21.25,34.69
2013-12-02,21.09,34.58
2013-12-03,21.26,34.66
2013-12-04,21.249,34.69
2013-12-05,20.91,34.58
2013-12-06,21.28,34.82
2013-12-09,21.22,34.93
2013-12-10,21.21,34.86
2013-12-11,20.88,34.54
2013-12-12,20.51,34.31
2013-12-13,20.24,34.2
2013-12-16,20.68,34.54
2013-12-17,20.92,34.53
2013-12-18,21.0,34.8
2013-12-19,21.07,34.86
2013-12-20,21.13,34.96
2013-12-23,21.57,35.42
2013-12-24,21.69,35.52
2013-12-26,21.8,35.61
2013-12-27,22.02,35.58
2013-12-30,22.25,35.51
2013-12-31,22.43,35.74
2014-01-02,22.0,35.39
2014-01-03,21.98,35.22
2014-01-06,22.01,35.16
2014-01-07,22.31,35.48
2014-01-08,22.293,35.48
2014-01-09,22.09,35.25
2014-01-10,22.22,35.32
2014-01-13,22.19,34.94
2014-01-14,22.41,35.53
2014-01-15,22.78,35.96
2014-01-16,22.78,35.95
2014-01-17,22.74,35.75
2014-01-21,22.83,35.93
2014-01-22,22.84,35.89
2014-01-23,22.56,35.82
2014-01-24,22.2,35.13
2014-01-27,22.0,34.8
2014-01-28,21.75,34.59
2014-01-29,21.65,34.32
2014-01-30,21.976,34.74
2014-01-31,21.91,34.82
2014-02-03,21.55,34.09
2014-02-04,21.8,34.22
2014-02-05,21.98,34.25
2014-02-06,22.49,34.63
2014-02-07,22.67,35.1
2014-02-10,22.83,35.17
2014-02-11,22.71,35.6
2014-02-12,22.85,35.74
2014-02-13,22.27,36.0
2014-02-14,22.56,36.07
2014-02-18,22.41,36.09
2014-02-19,22.28,35.97
2014-02-20,22.3,36.09
2014-02-21,22.13,35.95
2014-02-24,22.12,36.09
2014-02-25,21.84,35.99
2014-02-26,21.93,36.02
2014-02-27,21.92,36.31
2014-02-28,21.8,36.35
2014-03-03,21.57,35.96
2014-03-04,21.82,36.43
2014-03-05,21.87,36.48
2014-03-06,21.82,36.53
2014-03-07,21.73,36.42
2014-03-10,21.69,36.36
2014-03-11,21.61,36.28
2014-03-12,21.82,36.34
2014-03-13,21.52,35.85
2014-03-14,21.3499,35.63
2014-03-17,21.51,36.05
2014-03-18,21.63,36.52
2014-03-19,21.63,36.37
2014-03-20,21.83,36.65
2014-03-21,21.64,36.31
2014-03-24,21.57,36.28
2014-03-25,22.34,36.5
2014-03-26,22.32,36.06
2014-03-27,22.02,35.93
2014-03-28,22.33,36.07
2014-03-31,22.415,36.35
2014-04-01,23.1,36.78
2014-04-02,22.99,36.8
2014-04-03,23.09,36.62
2014-04-04,22.7117,35.92
2014-04-07,22.85,35.64
2014-04-08,22.94,35.96
2014-04-09,23.12,36.44
2014-04-10,22.65,35.6
2014-04-11,22.46,35.2
2014-04-14,22.85,35.55
2014-04-15,22.89,35.73
2014-04-16,23.03,36.08
2014-04-17,23.21,36.03
2014-04-21,23.4,36.17
2014-04-22,23.52,36.32
2014-04-23,23.5,35.93
2014-04-24,23.33,36.21
2014-04-25,23.0,35.75
2014-04-28,23.02,36.09
2014-04-29,23.16,36.34
2014-04-30,23.11,36.45
2014-05-01,23.01,36.49
2014-05-02,22.94,36.39
2014-05-05,22.955,36.58
2014-05-06,22.72,36.17
2014-05-07,22.87,36.19
2014-05-08,23.018,36.29
2014-05-09,23.02,36.33
2014-05-12,23.19,36.82
2014-05-13,22.86,36.84
2014-05-14,22.8099,36.67
2014-05-15,24.18,36.45
2014-05-16,24.37,36.68
2014-05-19,24.35,36.92
2014-05-20,24.12,36.71
2014-05-21,24.48,36.96
2014-05-22,24.38,37.03
2014-05-23,24.52,37.34
2014-05-27,24.71,37.66
2014-05-28,24.82,37.56
2014-05-29,24.68,37.78
2014-05-30,24.62,37.82
2014-06-02,24.78,37.76
2014-06-03,24.675,37.7
2014-06-04,24.5,37.77
2014-06-05,24.7,38.02
2014-06-06,24.83,38.19
2014-06-09,24.8,38.31
2014-06-10,25.0,38.33
2014-06-11,25.04,38.24
2014-06-12,24.66,37.91
2014-06-13,24.7,38.13
2014-06-16,24.53,38.13
2014-06-17,24.5,38.22
2014-06-18,24.63,38.42
2014-06-19,24.71,38.35
2014-06-20,24.83,38.09
2014-06-23,24.7,38.2
2014-06-24,24.53,38.0
2014-06-25,24.72,38.15
2014-06-26,24.65,38.11
2014-06-27,24.7,38.34
2014-06-30,24.85,38.35
2014-07-01,25.08,38.74
2014-07-02,25.03,38.78
2014-07-03,25.19,38.95
2014-07-07,25.23,38.99
2014-07-08,25.07,38.64
2014-07-09,25.44,38.83
2014-07-10,25.44,38.72
2014-07-11,25.52,38.92
2014-07-14,25.44,39.2
2014-07-15,25.67,39.13
2014-07-16,25.98,39.49
2014-07-17,25.63,38.98
2014-07-18,25.91,39.4499
2014-07-21,25.85,39.4
2014-07-22,25.95,39.73
2014-07-23,25.68,39.8
2014-07-24,25.83,39.77
2014-07-25,25.97,39.72
2014-07-28,25.92,39.79
2014-07-29,25.71,39.71
2014-07-30,25.63,39.75
2014-07-31,25.23,39.0
2014-08-01,25.0,38.789
2014-08-04,25.165,39.065
2014-08-05,24.97,38.7
2014-08-06,24.93,38.58
2014-08-07,24.86,38.42
2014-08-08,25.03,38.67
2014-08-11,25.23,38.86
2014-08-12,25.15,38.84
2014-08-13,25.2,39.22
2014-08-14,24.54,39.29
2014-08-15,24.43,39.29
2014-08-18,24.63,39.66
2014-08-19,24.64,39.91
2014-08-20,24.71,39.91
2014-08-21,24.89,40.1
2014-08-22,24.65,40.11
2014-08-25,24.7,40.15
2014-08-26,24.81,40.17
2014-08-27,24.8,40.16
2014-08-28,24.85,40.1
2014-08-29,24.99,40.28
2014-09-02,24.88,40.29
2014-09-03,25.04,40.07
2014-09-04,24.91,40.05
2014-09-05,25.0,40.29
2014-09-08,24.95,40.35
2014-09-09,24.86,40.06
2014-09-10,24.93,40.3
2014-09-11,25.18,40.39
2014-09-12,25.16,40.22
2014-09-15,25.06,39.98
2014-09-16,25.22,40.28
2014-09-17,25.205,40.36
2014-09-18,25.22,40.6
2014-09-19,25.2,40.34
2014-09-22,24.97,40.07
2014-09-23,24.7,39.98
2014-09-24,24.98,40.24
2014-09-25,24.54,39.36
2014-09-26,25.0,39.79
2014-09-29,25.12,39.78
2014-09-30,25.17,39.9
2014-10-01,25.03,39.28
2014-10-02,25.06,39.26
2014-10-03,25.31,39.58
2014-10-06,25.01,39.59
2014-10-07,24.635,38.97
2014-10-08,24.66,39.71
2014-10-09,24.19,39.05
2014-10-10,23.34,38.05
2014-10-13,22.93,37.63
2014-10-14,23.055,37.69
2014-10-15,22.96,37.43
2014-10-16,22.82,37.21
2014-10-17,23.25,37.65
2014-10-20,22.93,37.92
2014-10-21,23.51,38.66
2014-10-22,23.26,38.48
2014-10-23,23.565,38.91
2014-10-24,23.78,39.25
2014-10-27,23.76,39.29
2014-10-28,24.065,39.83
2014-10-29,24.1,39.79
2014-10-30,24.08,39.92
2014-10-31,24.47,40.54
2014-11-03,24.58,40.71
2014-11-04,24.88,40.7
2014-11-05,25.15,40.81
2014-11-06,25.26,40.79
2014-11-07,25.33,40.84
2014-11-10,25.15,40.95
2014-11-11,25.15,40.97
2014-11-12,25.11,41.1
2014-11-13,25.68,41.32
2014-11-14,26.32,41.61
2014-11-17,26.465,41.53
2014-11-18,26.595,41.67
2014-11-19,26.59,41.4
2014-11-20,26.81,41.61
2014-11-21,26.88,41.67
2014-11-24,27.03,41.89
2014-11-25,27.28,41.91
2014-11-26,27.425,42.29
2014-11-28,27.64,42.49
2014-12-01,27.59,42.005
2014-12-02,27.82,42.02
2014-12-03,27.95,42.17
2014-12-04,27.77,42.17
2014-12-05,27.5,42.12
2014-12-08,27.23,41.69
2014-12-09,27.42,41.68
2014-12-10,26.87,41.05
2014-12-11,26.99,41.23
2014-12-12,26.855,40.615
2014-12-15,26.68,40.37
2014-12-16,26.585,39.83
2014-12-17,26.81,40.58
2014-12-18,27.65,41.74
2014-12-19,27.77,41.57
2014-12-22,28.22,42.07
2014-12-23,28.25,42.18
2014-12-24,28.3,42.14
2014-12-26,28.35,42.32
2014-12-29,28.46,42.11
2014-12-30,28.36,41.81
2014-12-31,27.815,41.35
2015-01-02,27.61,41.27
2015-01-05,27.06,40.64
2015-01-06,27.05,40.15
2015-01-07,27.3,40.49
2015-01-08,27.51,41.38
2015-01-09,27.79,41.25
2015-01-12,28.05,40.77
2015-01-13,28.095,40.74
2015-01-14,27.92,40.51
2015-01-15,27.41,39.99
2015-01-16,27.68,40.38
2015-01-20,28.07,40.72
2015-01-21,27.84,40.79
2015-01-22,28.5,41.46
2015-01-23,28.21,41.45
2015-01-26,27.97,41.28
2015-01-27,26.9,40.09
2015-01-28,26.805,40.02
2015-01-29,27.22,40.4
2015-01-30,26.365,39.9
2015-02-02,26.83,40.31
2015-02-03,27.12,40.77
2015-02-04,26.69,40.85
2015-02-05,27.26,41.23
2015-02-06,27.24,41.1
2015-02-09,27.12,41.04
2015-02-10,27.49,41.65
2015-02-11,26.93,41.81
2015-02-12,29.46,42.38
2015-02-13,29.43,42.65
2015-02-17,29.31,42.67
2015-02-18,29.49,42.71
2015-02-19,29.31,42.86
2015-02-20,29.61,43.08
2015-02-23,29.63,43.11
2015-02-24,29.63,43.24
2015-02-25,29.49,42.97
2015-02-26,29.91,43.24
2015-02-27,29.51,43.09
2015-03-02,30.19,43.43
2015-03-03,29.54,43.14
2015-03-04,29.33,42.97
2015-03-05,29.3,42.92
2015-03-06,28.925,42.39
2015-03-09,29.36,42.59
2015-03-10,28.66,41.72
2015-03-11,28.26,41.45
2015-03-12,28.24,41.72
2015-03-13,27.94,41.49
2015-03-16,28.3,41.98
2015-03-17,28.15,41.99
2015-03-18,28.15,42.56
2015-03-19,28.26,42.44
2015-03-20,28.44,42.54
2015-03-23,28.405,42.54
2015-03-24,28.0,42.4
2015-03-25,27.46,41.31
2015-03-26,27.09,41.34
2015-03-27,27.13,41.37
2015-03-30,27.65,41.87
2015-03-31,27.525,41.44
2015-04-01,27.25,41.38
2015-04-02,27.13,41.37
2015-04-06,27.22,41.77
2015-04-07,27.39,41.68
2015-04-08,27.55,41.81
2015-04-09,27.625,41.92
2015-04-10,28.04,42.08
2015-04-13,27.98,41.96
2015-04-14,27.81,41.83
2015-04-15,28.25,42.2
2015-04-16,28.6,42.05
2015-04-17,27.915,41.47
2015-04-20,28.48,42.18
2015-04-21,28.69,42.16
2015-04-22,28.62,42.59
2015-04-23,28.675,42.76
2015-04-24,28.82,43.13
2015-04-27,28.89,43.25
2015-04-28,29.32,43.39
2015-04-29,29.05,43.18
2015-04-30,28.83,42.58
2015-05-01,29.13,43.1
2015-05-04,29.17,43.14
2015-05-05,28.89,42.47
2015-05-06,28.97,42.11
2015-05-07,28.805,42.42
2015-05-08,29.23,43.03
2015-05-11,29.21,42.81
2015-05-12,29.23,42.58
2015-05-13,29.35,42.76
2015-05-14,29.05,43.45
2015-05-15,29.55,43.31
2015-05-18,29.76,43.52
2015-05-19,29.735,43.41
2015-05-20,29.62,43.44
2015-05-21,29.43,43.63
2015-05-22,29.26,43.6
2015-05-26,28.95,42.97
2015-05-27,29.31,43.78
2015-05-28,29.35,43.69
2015-05-29,29.31,43.37
2015-06-01,29.18,43.49
2015-06-02,29.08,43.4
2015-06-03,29.09,43.49
2015-06-04,28.61,43.09
2015-06-05,28.58,42.95
2015-06-08,28.275,42.47
2015-06-09,28.24,42.37
2015-06-10,28.66,43.03
2015-06-11,28.86,43.05
2015-06-12,28.54,42.67
2015-06-15,28.48,42.41
2015-06-16,28.71,42.69
2015-06-17,28.93,42.71
2015-06-18,29.21,43.09
2015-06-19,29.03,42.54
2015-06-22,28.94,42.89
2015-06-23,28.785,42.92
2015-06-24,28.51,42.72
2015-06-25,28.4,42.62
2015-06-26,28.28,42.26
2015-06-29,27.54,41.36
2015-06-30,27.46,41.4
2015-07-01,27.35,41.68
2015-07-02,27.33,41.74
2015-07-06,27.22,41.57
2015-07-07,27.36,41.63
2015-07-08,26.99,40.95
2015-07-09,26.91,40.79
2015-07-10,27.28,41.44
2015-07-13,27.79,42.07
2015-07-14,28.03,42.23
2015-07-15,28.11,42.24
2015-07-16,28.32,42.78
2015-07-17,28.18,43.44
2015-07-20,28.03,43.67
2015-07-21,27.84,43.38
2015-07-22,27.53,42.68
2015-07-23,28.01,42.59
2015-07-24,28.4,42.36
2015-07-27,28.21,41.98
2015-07-28,28.21,42.36
2015-07-29,28.4,42.64
2015-07-30,28.3,42.72
2015-07-31,28.42,42.58
2015-08-03,28.36,42.35
2015-08-04,28.03,42.1
2015-08-05,28.27,42.51
2015-08-06,28.21,42.09
2015-08-07,28.15,42.12
2015-08-10,28.59,42.78
2015-08-11,28.02,42.14
2015-08-12,27.9,42.33
2015-08-13,28.7,42.21
2015-08-14,29.03,42.42
2015-08-17,28.825,42.66
2015-08-18,28.25,42.44
2015-08-19,27.8,42.16
2015-08-20,27.04,41.13
2015-08-21,26.47,39.56
2015-08-24,25.19,38.14
2015-08-25,24.62,37.7
2015-08-26,25.68,39.6
2015-08-27,26.17,40.52
2015-08-28,26.0,40.6
2015-08-31,25.88,40.23
2015-09-01,25.12,38.94
2015-09-02,25.65,39.88
2015-09-03,25.9,39.91
2015-09-04,25.52,39.3
2015-09-08,26.3,40.4
2015-09-09,25.94,39.87
2015-09-10,26.26,40.27
2015-09-11,26.02,40.46
2015-09-14,25.7,40.36
2015-09-15,25.98,40.88
2015-09-16,26.07,41.05
2015-09-17,25.88,40.77
2015-09-18,25.54,40.06
2015-09-21,25.54,40.46
2015-09-22,25.14,39.78
2015-09-23,25.28,39.88
2015-09-24,25.41,39.88
2015-09-25,26.025,39.81
2015-09-28,25.66,38.9
2015-09-29,25.64,38.73
2015-09-30,26.25,39.5
2015-10-01,25.73,39.52
2015-10-02,25.76,40.08
2015-10-05,26.85,40.87
2015-10-06,27.23,40.92
2015-10-07,27.54,41.11
2015-10-08,27.91,41.3
2015-10-09,27.91,41.48
2015-10-12,27.96,41.53
2015-10-13,27.85,41.44
2015-10-14,27.82,41.36
2015-10-15,28.15,41.89
2015-10-16,28.25,41.97
2015-10-19,28.25,42.13
2015-10-20,28.5,42.02
2015-10-21,28.28,41.7
2015-10-22,29.01,42.64
2015-10-23,29.35,43.83
2015-10-26,28.95,43.66
2015-10-27,29.05,43.41
2015-10-28,29.36,44.06
2015-10-29,29.14,43.94
2015-10-30,28.85,43.65
2015-11-02,28.77,44.04
2015-11-03,28.61,44.27
2015-11-04,28.47,44.32
2015-11-05,28.43,44.19
2015-11-06,28.45,44.34
2015-11-09,28.18,43.91
2015-11-10,27.98,43.62
2015-11-11,27.82,43.6
2015-11-12,27.83,43.22
2015-11-13,26.21,42.37
2015-11-16,26.79,43.02
2015-11-17,26.81,43.03
2015-11-18,27.12,43.68
2015-11-19,27.37,43.88
2015-11-20,27.57,44.2
2015-11-23,27.43,43.94
2015-11-24,27.27,43.95
2015-11-25,27.24,43.81
2015-11-27,27.32,43.91
2015-11-30,27.25,43.96
2015-12-01,27.57,44.35
2015-12-02,27.44,44.07
2015-12-03,26.95,43.5
2015-12-04,27.48,44.57
2015-12-07,27.49,44.35
2015-12-08,27.15,44.24
2015-12-09,26.73,43.59
2015-12-10,26.77,43.71
2015-12-11,26.16,42.8
2015-12-14,26.49,43.13
2015-12-15,26.85,43.32
2015-12-16,27.235,43.91
2015-12-17,26.72,43.22
2015-12-18,26.27,42.17
2015-12-21,26.635,42.6
2015-12-22,26.89,42.91
2015-12-23,27.4,43.27
2015-12-24,27.38,43.25
2015-12-28,27.31,43.22
2015-12-29,27.77,43.81
2015-12-30,27.53,43.44
2015-12-31,27.155,42.83
2016-01-04,26.41,42.27
2016-01-05,26.29,42.16
2016-01-06,26.01,41.64
2016-01-07,25.41,40.41
2016-01-08,24.78,40.09
2016-01-11,25.27,40.35
2016-01-12,25.35,40.83
2016-01-13,24.6,39.73
2016-01-14,24.66,40.48
2016-01-15,23.62,39.34
2016-01-19,23.85,39.38
2016-01-20,22.9,39.07
2016-01-21,22.9,39.29
2016-01-22,23.37,40.38
2016-01-25,23.17,39.91
2016-01-26,23.72,40.3
2016-01-27,23.43,39.47
2016-01-28,23.105,39.98
2016-01-29,23.79,41.24
2016-02-01,23.48,41.39
2016-02-02,22.83,40.65
2016-02-03,23.1,40.6
2016-02-04,23.54,40.64
2016-02-05,22.89,39.5
2016-02-08,22.93,38.93
2016-02-09,22.65,38.75
2016-02-10,22.51,38.83
2016-02-11,24.68,38.73
2016-02-12,25.11,39.27
2016-02-16,25.84,39.97
2016-02-17,26.46,40.79
2016-02-18,26.43,40.63
2016-02-19,26.55,40.66
2016-02-22,26.63,41.2
2016-02-23,26.12,40.55
2016-02-24,26.32,40.86
2016-02-25,26.6,41.37
2016-02-26,26.41,41.26
2016-02-29,26.18,40.97
2016-03-01,26.83,42.19
2016-03-02,26.9,42.31
2016-03-03,26.87,42.31
2016-03-04,26.8,42.42
2016-03-07,27.14,42.16
2016-03-08,27.05,41.9
2016-03-09,27.61,42.26
2016-03-10,27.38,42.22
2016-03-11,27.86,42.87
2016-03-14,27.7,42.92
2016-03-15,27.66,43.08
2016-03-16,27.88,43.58
2016-03-17,28.19,43.74
2016-03-18,28.33,43.59
2016-03-21,28.19,43.74
2016-03-22,28.28,43.75
2016-03-23,27.83,43.5
2016-03-24,27.96,43.62
2016-03-28,27.9,43.51
2016-03-29,28.1,44.19
2016-03-30,28.46,44.45
2016-03-31,28.47,44.36
2016-04-01,28.69,44.7
2016-04-04,28.14,44.53
2016-04-05,27.58,44.1
2016-04-06,28.0,44.53
2016-04-07,27.6,43.89
2016-04-08,27.69,43.89
2016-04-11,27.62,43.77
2016-04-12,27.64,44.07
2016-04-13,28.23,44.52
2016-04-14,28.25,44.51
2016-04-15,27.9,44.34
2016-04-18,28.19,44.53
2016-04-19,28.33,44.28
2016-04-20,28.44,44.37
2016-04-21,28.24,44.21
2016-04-22,28.15,43.44
2016-04-25,28.23,43.45
2016-04-26,28.45,43.24
2016-04-27,28.64,43.04
2016-04-28,27.96,42.5
2016-04-29,27.49,42.13
2016-05-02,27.37,42.44
2016-05-03,26.86,42.05
2016-05-04,26.44,41.92
2016-05-05,26.21,41.94
2016-05-06,26.53,42.25
2016-05-09,26.51,42.25
2016-05-10,27.03,42.8
2016-05-11,26.7,42.49
2016-05-12,26.67,42.37
2016-05-13,26.53,42.21
2016-05-16,26.97,42.8
2016-05-17,26.65,42.37
2016-05-18,26.72,42.45
2016-05-19,27.57,42.22
2016-05-20,27.97,42.73
2016-05-23,27.94,42.65
2016-05-24,28.47,43.45
2016-05-25,28.92,43.75
2016-05-26,28.9,43.89
2016-05-27,28.92,44.1
2016-05-31,29.05,44.19
2016-06-01,28.9,44.08
2016-06-02,29.08,44.04
2016-06-03,29.13,43.94
2016-06-06,29.1,44.02
2016-06-07,29.07,44.2
2016-06-08,29.14,44.29
2016-06-09,29.14,44.3
2016-06-10,29.03,43.96
2016-06-13,28.84,43.47
2016-06-14,28.96,43.57
2016-06-15,28.65,43.46
2016-06-16,28.87,43.55
2016-06-17,28.95,43.05
2016-06-20,28.8,43.23
2016-06-21,28.77,43.53
2016-06-22,28.72,43.38
2016-06-23,29.22,43.97
2016-06-24,27.75,42.28
2016-06-27,27.31,41.43
2016-06-28,27.79,42.25
2016-06-29,28.26,42.9
2016-06-30,28.69,43.37
2016-07-01,28.8,43.47
2016-07-05,28.33,43.15
2016-07-06,28.72,43.45
2016-07-07,28.74,43.45
2016-07-08,29.26,44.13
2016-07-11,29.43,44.39
2016-07-12,29.61,44.75
2016-07-13,29.75,44.76
2016-07-14,29.76,45.05
2016-07-15,29.82,45.01
2016-07-18,29.91,45.31
2016-07-19,29.92,45.21
2016-07-20,30.63,45.8
2016-07-21,30.58,45.56
2016-07-22,30.71,45.83
2016-07-25,30.79,45.77
2016-07-26,30.88,45.87
2016-07-27,30.76,46.25
2016-07-28,30.52,46.28
2016-07-29,30.53,46.45
2016-08-01,30.73,46.54
2016-08-02,30.62,46.19
2016-08-03,30.72,46.35
2016-08-04,30.8,46.6
2016-08-05,31.04,47.05
2016-08-08,31.01,47.04
2016-08-09,30.94,47.14
2016-08-10,30.85,46.99
2016-08-11,30.95,47.16
2016-08-12,30.87,47.11
2016-08-15,31.19,47.34
2016-08-16,31.12,46.99
2016-08-17,30.72,46.97
2016-08-18,30.48,46.99
2016-08-19,30.52,47.02
2016-08-22,30.63,47.02
2016-08-23,30.98,47.19
2016-08-24,31.06,46.93
2016-08-25,31.29,47.03
2016-08-26,31.35,47.05
2016-08-29,31.58,47.23
2016-08-30,31.54,47.07
2016-08-31,31.44,46.99
2016-09-01,31.58,47.14
2016-09-02,31.83,47.35
2016-09-06,31.87,47.59
2016-09-07,31.79,47.71
2016-09-08,31.47,47.32
2016-09-09,30.85,46.16
2016-09-12,31.44,46.93
2016-09-13,31.06,46.59
2016-09-14,31.0,46.81
2016-09-15,31.31,47.58
2016-09-16,30.84,47.21
2016-09-19,31.02,47.12
2016-09-20,31.1,47.09
2016-09-21,31.36,47.62
2016-09-22,31.66,47.91
2016-09-23,31.34,47.49
2016-09-26,31.07,47.21
2016-09-27,31.48,47.73
2016-09-28,31.5,47.82
2016-09-29,31.39,47.53
2016-09-30,31.72,47.78
2016-10-03,31.5,47.64
2016-10-04,31.35,47.47
2016-10-05,31.59,47.64
2016-10-06,31.48,47.75
2016-10-07,31.47,47.62
2016-10-10,31.47,47.95
2016-10-11,31.04,47.41
2016-10-12,30.34,47.49
2016-10-13,30.17,47.19
2016-10-14,30.18,47.37
2016-10-17,30.22,47.27
2016-10-18,30.44,47.53
2016-10-19,30.35,47.62
2016-10-20,30.16,47.4
2016-10-21,30.15,47.53
2016-10-24,30.46,47.99
2016-10-25,30.34,47.82
2016-10-26,30.55,47.55
2016-10-27,30.38,47.49
2016-10-28,30.59,47.44
2016-10-31,30.68,47.42
2016-11-01,30.48,47.01
2016-11-02,30.39,46.71
2016-11-03,30.32,46.26
2016-11-04,30.19,46.18
2016-11-07,30.94,47.18
2016-11-08,31.0,47.41
2016-11-09,31.36,47.35
2016-11-10,31.0,46.59
2016-11-11,31.36,46.73
2016-11-14,31.37,46.02
2016-11-15,31.7,46.67
2016-11-16,31.57,47.1
2016-11-17,30.05,47.4
2016-11-18,30.18,47.36
2016-11-21,30.05,47.84
2016-11-22,29.89,47.99
2016-11-23,29.71,47.8
2016-11-25,30.09,48.0
2016-11-28,29.92,48.04
2016-11-29,29.83,48.07
2016-11-30,29.82,47.5
2016-12-01,29.45,46.52
2016-12-02,29.25,46.69
2016-12-05,29.53,47.14
2016-12-06,29.33,47.28
2016-12-07,29.95,48.18
2016-12-08,29.95,48.3
2016-12-09,30.06,48.65
2016-12-12,30.17,48.5
2016-12-13,30.59,49.11
2016-12-14,30.46,48.94
2016-12-15,30.63,49.16
2016-12-16,30.59,48.59
2016-12-19,30.75,48.94
2016-12-20,30.56,49.12
2016-12-21,30.42,49.02
2016-12-22,30.46,48.92
2016-12-23,30.53,48.97
2016-12-27,30.68,49.17
2016-12-28,30.42,48.73
2016-12-29,30.46,48.74
2016-12-30,30.22,48.36
2017-01-03,30.54,48.79
2017-01-04,30.1,48.96
2017-01-05,30.17,49.04
2017-01-06,30.23,49.4
2017-01-09,30.18,49.39
2017-01-10,30.38,49.4
2017-01-11,30.15,49.63
2017-01-12,30.04,49.51
2017-01-13,30.07,49.66
2017-01-17,29.99,49.47
2017-01-18,30.03,49.6
2017-01-19,29.98,49.53
2017-01-20,30.1,49.8
2017-01-23,30.27,49.89
2017-01-24,30.6,50.2
2017-01-25,30.7,50.68
2017-01-26,30.74,50.54
2017-01-27,30.98,50.74
2017-01-30,30.83,50.33
2017-01-31,30.72,50.08
2017-02-01,30.5,50.46
2017-02-02,31.18,50.36
2017-02-03,31.32,50.69
2017-02-06,31.3,50.72
2017-02-07,31.45,50.92
2017-02-08,31.27,51.01
2017-02-09,31.5,51.17
2017-02-10,31.51,51.32
2017-02-13,31.97,51.55
2017-02-14,32.31,51.72
2017-02-15,32.82,51.89
2017-02-16,33.6,52.01
2017-02-17,33.74,52.19
2017-02-21,34.13,52.46
2017-02-22,34.09,52.52
2017-02-23,34.04,52.51
2017-02-24,34.32,52.63
2017-02-27,34.26,52.6
2017-02-28,34.18,52.35
2017-03-01,34.44,53.09
2017-03-02,34.39,52.74
2017-03-03,34.29,52.86
2017-03-06,34.19,52.78
2017-03-07,34.2,52.78
2017-03-08,34.02,52.84
2017-03-09,34.07,52.83
2017-03-10,34.26,53.11
2017-03-13,34.1,53.16
2017-03-14,34.12,53.04
2017-03-15,34.24,53.4
2017-03-16,34.23,53.43
2017-03-17,34.23,53.34
2017-03-20,34.28,53.3706
2017-03-21,33.88,52.61
2017-03-22,34.1,52.94
2017-03-23,33.96,52.8
2017-03-24,34.08,52.84
2017-03-27,33.99,52.84
2017-03-28,34.02,53.22
2017-03-29,33.74,53.31
2017-03-30,33.74,53.41
2017-03-31,33.8,53.31
2017-04-03,33.58,53.26
2017-04-04,33.41,53.3
2017-04-05,33.0,53.08
2017-04-06,33.08,53.09
2017-04-07,32.96,53.06
2017-04-10,33.01,52.96
2017-04-11,32.92,52.76
2017-04-12,32.62,52.58
2017-04-13,32.42,52.37
2017-04-17,32.61,52.85
2017-04-18,32.67,52.84
2017-04-19,32.65,52.8
2017-04-20,32.83,53.28
2017-04-21,32.82,53.17
2017-04-24,33.28,53.8
2017-04-25,33.42,54.08
2017-04-26,33.4,54.02
2017-04-27,33.75,54.24
2017-04-28,34.07,54.38
2017-05-01,33.97,54.79
2017-05-02,34.24,54.91
2017-05-03,34.25,54.81
2017-05-04,34.18,54.77
2017-05-05,34.39,54.97
2017-05-08,34.29,55.21
2017-05-09,33.9,55.28
2017-05-10,33.74,55.49
2017-05-11,33.63,55.42
2017-05-12,33.45,55.56
2017-05-15,34.23,55.87
2017-05-16,34.3,56.13
2017-05-17,33.82,54.6
2017-05-18,31.38,54.92
2017-05-19,31.21,55.24
2017-05-22,31.59,55.68
2017-05-23,31.76,55.78
2017-05-24,31.49,56.01
2017-05-25,31.44,56.41
2017-05-26,31.5,56.38
2017-05-30,31.68,56.62
2017-05-31,31.53,56.53
2017-06-01,31.82,56.67
2017-06-02,31.98,57.19
2017-06-05,31.76,57.24
2017-06-06,31.56,57.13
2017-06-07,31.61,57.31
2017-06-08,31.61,57.44
2017-06-09,31.37,56.02
2017-06-12,31.25,55.69
2017-06-13,31.7,56.09
2017-06-14,31.6,55.82
2017-06-15,31.58,55.57
2017-06-16,31.63,55.25
2017-06-19,31.99,56.07
2017-06-20,31.85,55.62
2017-06-21,31.84,55.93
2017-06-22,31.85,55.95
2017-06-23,32.09,56.3
2017-06-26,32.24,56.0
2017-06-27,31.76,55.08
2017-06-28,32.08,55.77
2017-06-29,31.41,54.77
2017-06-30,31.3,54.72
2017-07-03,31.33,54.34
2017-07-05,31.11,54.88
2017-07-06,30.72,54.38
2017-07-07,30.9,55.01
2017-07-10,30.98,55.41
2017-07-11,31.09,55.53
2017-07-12,31.16,56.25
2017-07-13,31.27,56.36
2017-07-14,31.42,56.86
2017-07-17,31.5,56.87
2017-07-18,31.51,57.13
2017-07-19,31.9,57.42
2017-07-20,31.86,57.54
2017-07-21,31.84,57.47
2017-07-24,31.86,57.61
2017-07-25,32.12,57.5
2017-07-26,31.66,57.72
2017-07-27,31.57,57.5
2017-07-28,31.52,57.44
2017-07-31,31.45,57.16
2017-08-01,31.65,57.45
2017-08-02,31.52,57.61
2017-08-03,31.56,57.48
2017-08-04,31.8,57.61
2017-08-07,31.84,57.96
2017-08-08,31.67,57.88
2017-08-09,31.62,57.85
2017-08-10,31.0,56.71
2017-08-11,31.47,57.1
2017-08-14,31.84,58.01
2017-08-15,32.09,58.1
2017-08-16,32.34,58.27
2017-08-17,31.04,57.13
2017-08-18,30.37,57.07
2017-08-21,30.68,57.05
2017-08-22,31.27,57.9
2017-08-23,30.92,57.76
2017-08-24,31.24,57.71
2017-08-25,31.44,57.7
2017-08-28,31.54,57.81
2017-08-29,31.48,58.06
2017-08-30,31.99,58.48
2017-08-31,32.21,58.83
2017-09-01,32.3,58.78
2017-09-05,31.62,58.26
2017-09-06,31.87,58.31
2017-09-07,31.76,58.51
2017-09-08,31.48,58.03
2017-09-11,32.19,58.85
2017-09-12,32.41,58.99
2017-09-13,32.18,58.91
2017-09-14,32.19,58.71
2017-09-15,32.44,58.74
2017-09-18,32.52,58.79
2017-09-19,32.49,59.05
2017-09-20,32.6,58.81
2017-09-21,32.7,58.49
2017-09-22,33.37,58.52
2017-09-25,33.72,57.83
2017-09-26,33.76,58.04
2017-09-27,33.48,58.63
2017-09-28,33.35,58.7
2017-09-29,33.63,59.1
2017-10-02,33.75,59.19
2017-10-03,33.85,59.33
2017-10-04,33.44,59.29
2017-10-05,33.59,59.86
2017-10-06,33.75,59.95
2017-10-09,33.76,60.1
2017-10-10,33.55,60.16
2017-10-11,33.59,60.36
2017-10-12,33.26,60.21
2017-10-13,33.47,60.5
2017-10-16,33.54,60.72
2017-10-17,33.6,60.72
2017-10-18,33.55,60.87
2017-10-19,33.75,60.69
2017-10-20,34.25,61.1
2017-10-23,34.35,60.81
2017-10-24,34.58,60.98
2017-10-25,34.3,60.65
2017-10-26,34.27,60.9
2017-10-27,34.43,62.54
2017-10-30,34.04,62.68
2017-10-31,34.15,62.95
2017-11-01,34.62,62.96
2017-11-02,34.21,62.99
2017-11-03,34.47,63.49
2017-11-06,34.41,63.63
2017-11-07,34.4,63.66
2017-11-08,34.5,64.01
2017-11-09,34.05,63.5
2017-11-10,33.99,63.5
2017-11-13,33.95,63.48
2017-11-14,34.04,63.35
2017-11-15,34.11,62.88
2017-11-16,35.88,63.76
2017-11-17,35.9,63.35
2017-11-20,36.5,63.59
2017-11-21,36.65,64.26
2017-11-22,36.45,64.14
2017-11-24,36.49,64.5
2017-11-27,36.87,64.5
2017-11-28,37.73,64.71
2017-11-29,37.48,63.28
2017-11-30,37.3,63.84
2017-12-01,37.6,63.51
2017-12-04,37.72,62.49
2017-12-05,37.31,62.51
2017-12-06,37.41,62.91
2017-12-07,37.4,63.3
2017-12-08,37.61,63.6
2017-12-11,37.96,64.15
2017-12-12,37.91,64.13
2017-12-13,38.15,64.15
2017-12-14,37.9,64.07
2017-12-15,38.19,64.56
2017-12-18,38.48,65.13
2017-12-19,38.3,64.73
2017-12-20,38.74,64.71
2017-12-21,38.53,64.58
2017-12-22,38.55,64.54
2017-12-26,38.48,64.11
2017-12-27,38.56,64.18
2017-12-28,38.59,64.29
2017-12-29,38.3,63.95
2018-01-02,38.86,64.74
2018-01-03,39.17,65.28
2018-01-04,38.99,65.61
2018-01-05,39.53,66.3
2018-01-08,39.94,66.55
2018-01-09,39.69,66.38
2018-01-10,39.91,66.15
2018-01-11,40.1,66.42
2018-01-12,40.87,66.81
2018-01-16,40.54,66.55
2018-01-17,41.2,67.55
2018-01-18,41.3,67.67
2018-01-19,41.29,67.8
2018-01-22,41.66,68.46
2018-01-23,42.1,68.76
2018-01-24,42.17,68.23
2018-01-25,41.9,68.11
2018-01-26,42.56,69.19
2018-01-29,42.85,68.56
2018-01-30,42.25,67.94
2018-01-31,41.54,68.45
2018-02-01,41.7,68.51
2018-02-02,40.93,66.48
2018-02-05,38.78,63.7
2018-02-06,40.17,65.53
2018-02-07,40.34,64.69
2018-02-08,38.77,62.01
2018-02-09,39.53,63.53
2018-02-12,40.6,64.67
2018-02-13,41.23,64.83
2018-02-14,42.09,66.02
2018-02-15,44.08,67.28
2018-02-16,44.33,67.18
2018-02-20,44.06,67.24
2018-02-21,43.31,66.81
2018-02-22,42.94,66.89
2018-02-23,44.0,68.29
2018-02-26,45.36,69.36
2018-02-27,45.04,68.66
2018-02-28,44.78,68.17
2018-03-01,43.8,67.04
2018-03-02,44.06,67.68
2018-03-05,44.52,68.37
2018-03-06,44.29,68.52
2018-03-07,44.2,68.9
2018-03-08,44.34,69.2
2018-03-09,45.37,70.51
2018-03-12,45.55,70.73
2018-03-13,45.16,69.92
2018-03-14,45.28,69.86
2018-03-15,45.33,69.9
2018-03-16,45.01,69.61
2018-03-19,44.27,68.23
2018-03-20,44.37,68.2
2018-03-21,44.31,67.79
2018-03-22,43.07,66.04
2018-03-23,42.42,64.28
2018-03-26,44.06,66.72
2018-03-27,42.68,64.58
2018-03-28,41.66,64.15
2018-03-29,42.89,65.42
2018-04-02,41.01,63.86
2018-04-03,41.38,64.49
2018-04-04,41.2,65.39
2018-04-05,41.82,65.66
2018-04-06,40.73,64.05
2018-04-09,41.17,64.55
2018-04-10,42.51,66.14
2018-04-11,42.43,65.75
2018-04-12,43.34,66.54
2018-04-13,43.0,66.32
2018-04-16,43.3,66.83
2018-04-17,44.59,68.07
2018-04-18,44.63,67.89
2018-04-19,44.56,67.14
2018-04-20,44.09,66.21
2018-04-23,44.25,65.97
2018-04-24,43.74,64.82
2018-04-25,43.71,64.83
2018-04-26,44.21,66.01
2018-04-27,44.71,65.89
2018-04-30,44.29,65.46
2018-05-01,44.83,66.28
2018-05-02,43.86,66.21
2018-05-03,44.44,66.36
2018-05-04,45.3,67.62
2018-05-07,45.73,68.09
2018-05-08,45.71,68.24
2018-05-09,46.04,69.08
2018-05-10,46.3,69.98
2018-05-11,45.93,69.88
2018-05-14,45.7,69.87
2018-05-15,45.48,69.21
2018-05-16,45.16,69.52
2018-05-17,43.46,69.16
2018-05-18,43.21,68.87
2018-05-21,43.75,69.47
2018-05-22,43.65,69.37
2018-05-23,43.68,69.88
2018-05-24,43.57,69.8
2018-05-25,43.26,69.75
2018-05-29,42.97,69.37
2018-05-30,42.85,69.88
2018-05-31,42.71,69.9
2018-06-01,43.66,71.09
2018-06-04,43.58,71.66
2018-06-05,43.67,71.91
2018-06-06,44.26,72.38
2018-06-07,43.65,71.8
2018-06-08,43.48,71.68
2018-06-11,43.69,71.76
2018-06-12,43.94,72.11
2018-06-13,44.01,71.74
2018-06-14,44.69,72.25
2018-06-15,44.25,71.72
2018-06-18,44.21,71.8
2018-06-19,43.82,71.43
2018-06-20,43.74,71.58
2018-06-21,43.16,71.03
2018-06-22,43.2,70.8
2018-06-25,42.29,69.33
2018-06-26,42.55,69.61
2018-06-27,42.33,68.66
2018-06-28,42.94,69.5
2018-06-29,43.03,69.47
2018-07-02,42.81,70.09
2018-07-03,42.67,69.26
2018-07-05,42.56,70.24
2018-07-06,42.71,71.06
2018-07-09,42.67,71.6
2018-07-10,42.86,71.77
2018-07-11,42.57,71.49
2018-07-12,43.58,72.62
2018-07-13,41.78,72.54
2018-07-16,42.5,72.37
2018-07-17,42.34,72.91
2018-07-18,42.21,72.79
2018-07-19,42.4,72.53
2018-07-20,42.01,72.55
2018-07-23,42.06,72.92
2018-07-24,42.39,73.32
2018-07-25,43.16,74.24
2018-07-26,43.53,73.1
2018-07-27,42.57,71.85
2018-07-30,42.17,70.73
2018-07-31,42.29,70.92
2018-08-01,41.86,71.56
2018-08-02,42.53,72.46
2018-08-03,42.83,72.72
2018-08-06,43.3,73.11
2018-08-07,43.58,73.39
2018-08-08,43.84,73.59
2018-08-09,43.78,73.62
2018-08-10,43.78,73.03
2018-08-13,43.75,72.93
2018-08-14,44.0,73.38
2018-08-15,43.86,72.72
2018-08-16,45.16,73.04
2018-08-17,45.87,73.15
2018-08-20,46.22,73.04
2018-08-21,45.78,73.16
2018-08-22,45.99,73.38
2018-08-23,46.02,73.54
2018-08-24,46.32,74.28
2018-08-27,46.59,74.96
2018-08-28,46.95,75.09
2018-08-29,47.48,75.77
2018-08-30,47.15,75.54
2018-08-31,47.77,75.6
2018-09-04,47.73,75.31
2018-09-05,47.27,74.37
2018-09-06,47.28,73.83
2018-09-07,47.05,73.58
2018-09-10,47.07,73.81
2018-09-11,47.03,74.44
2018-09-12,46.89,74.13
2018-09-13,47.24,75.0
2018-09-14,47.4,74.94
2018-09-17,47.11,74.0
2018-09-18,47.46,74.47
2018-09-19,47.28,74.28
2018-09-20,47.73,75.16
2018-09-21,48.56,74.61
2018-09-24,48.44,74.98
2018-09-25,48.47,74.89
2018-09-26,48.41,74.61
2018-09-27,48.33,75.05
2018-09-28,48.65,75.33
2018-10-01,48.87,75.69
2018-10-02,49.01,75.7
2018-10-03,49.14,75.93
2018-10-04,48.38,74.56
2018-10-05,48.13,73.62
2018-10-08,47.52,72.79
2018-10-09,47.49,73.05
2018-10-10,45.63,69.51
2018-10-11,44.12,68.63
2018-10-12,45.71,70.83
2018-10-15,44.67,69.67
2018-10-16,45.82,71.77
2018-10-17,45.94,71.44
2018-10-18,45.46,70.04
2018-10-19,45.34,70.01
2018-10-22,45.76,70.59
2018-10-23,45.42,70.32
2018-10-24,44.07,67.17
2018-10-25,45.47,69.48
2018-10-26,44.25,68.09
2018-10-29,43.84,66.94
2018-10-30,44.58,67.69
2018-10-31,45.75,69.3
2018-11-01,45.65,70.11
2018-11-02,45.48,68.74
2018-11-05,46.14,68.67
2018-11-06,46.5,69.1
2018-11-07,47.9,71.13
2018-11-08,48.44,71.07
2018-11-09,47.11,69.84
2018-11-12,45.62,67.38
2018-11-13,45.12,67.46
2018-11-14,44.33,66.65
2018-11-15,46.77,68.32
2018-11-16,46.35,68.21
2018-11-19,45.75,65.61
2018-11-20,44.49,64.2
2018-11-21,44.89,64.67
2018-11-23,44.54,64.08
2018-11-26,45.57,65.53
2018-11-27,46.12,65.66
2018-11-28,47.29,67.96
2018-11-29,47.34,67.3
2018-11-30,47.87,67.94
2018-12-03,48.74,69.44
2018-12-04,47.35,66.81
2018-12-06,48.39,66.96
2018-12-07,46.44,64.6
2018-12-10,46.86,65.49
2018-12-11,47.09,65.57
2018-12-12,47.42,66.08
2018-12-13,47.47,66.19
2018-12-14,45.82,64.57
2018-12-17,44.2,63.2
2018-12-18,44.06,63.7
2018-12-19,43.14,62.44
2018-12-20,42.49,61.32
2018-12-21,41.85,59.2
2018-12-24,40.28,57.62
2018-12-26,42.47,61.1
2018-12-27,42.91,61.54
2018-12-28,42.77,61.4
2018-12-31,43.33,61.98
2019-01-02,42.95,62.02
2019-01-03,41.07,58.89
2019-01-04,42.92,61.5
2019-01-07,43.21,62.05
2019-01-08,43.56,62.57
2019-01-09,43.32,63.38
2019-01-10,43.24,63.66
2019-01-11,43.49,63.54
2019-01-14,43.21,62.95
2019-01-15,44.02,63.9
2019-01-16,43.96,63.96
2019-01-17,44.21,64.37
2019-01-18,45.03,65.35
2019-01-22,44.78,64.25
2019-01-23,45.46,64.47
2019-01-24,45.61,65.01
2019-01-25,46.13,65.93
2019-01-28,45.75,65.05
2019-01-29,45.96,64.35
2019-01-30,46.71,66.35
2019-01-31,47.29,66.28
2019-02-01,47.34,66.67
2019-02-04,47.35,67.74
2019-02-05,47.26,68.31
2019-02-06,47.48,68.54
2019-02-07,46.7,67.6
2019-02-08,47.19,67.99
2019-02-11,47.58,67.96
2019-02-12,47.89,68.86
2019-02-13,47.5,68.95
2019-02-14,48.4,69.07
2019-02-15,49.43,69.62
2019-02-19,49.65,69.64
2019-02-20,49.63,69.72
2019-02-21,49.41,69.75
2019-02-22,50.11,70.64
2019-02-25,50.79,70.98
2019-02-26,51.18,71.13
2019-02-27,51.59,71.06
2019-02-28,51.77,70.86
2019-03-01,51.41,71.34
2019-03-04,51.16,71.07
2019-03-05,51.3,70.86
2019-03-06,51.67,70.49
2019-03-07,51.29,69.82
2019-03-08,51.07,69.81
2019-03-11,51.92,71.31
2019-03-12,52.15,71.73
2019-03-13,52.59,72.2
2019-03-14,52.74,72.35
2019-03-15,53.2,72.99
2019-03-18,53.51,73.3
2019-03-19,53.31,73.45
2019-03-20,53.26,73.25
2019-03-21,53.94,75.09
2019-03-22,52.74,73.32
2019-03-25,52.73,73.0
2019-03-26,53.23,73.4
2019-03-27,53.14,72.98
2019-03-28,53.36,73.28
2019-03-29,53.99,74.0
2019-04-01,54.98,75.01
2019-04-02,55.29,75.27
2019-04-03,55.63,75.88
2019-04-04,55.14,75.56
2019-04-05,55.21,75.92
2019-04-08,55.49,76.21
2019-04-09,55.18,75.85
2019-04-10,55.82,76.38
2019-04-11,55.6,76.28
2019-04-12,56.29,76.81
2019-04-15,56.56,76.78
2019-04-16,56.95,77.17
2019-04-17,56.31,77.6
2019-04-18,56.4,77.82
2019-04-22,56.34,78.0
2019-04-23,56.69,78.85
2019-04-24,56.88,78.88
2019-04-25,56.33,78.86
2019-04-26,55.88,78.56
2019-04-29,56.13,78.58
2019-04-30,55.95,78.71
2019-05-01,55.58,78.51
2019-05-02,54.94,78.1
2019-05-03,54.94,78.84
2019-05-06,54.59,78.23
2019-05-07,53.45,76.55
2019-05-08,53.47,76.46
2019-05-09,52.92,75.94
2019-05-10,53.36,76.18
2019-05-13,51.3,73.31
2019-05-14,52.02,74.49
2019-05-15,52.44,75.3
2019-05-16,55.93,75.99
2019-05-17,56.35,75.38
2019-05-20,56.01,74.07
2019-05-21,56.52,74.98
2019-05-22,55.69,74.59
2019-05-23,54.19,73.28
2019-05-24,54.37,73.3
2019-05-28,53.93,73.09
2019-05-29,53.18,72.66
2019-05-30,53.57,73.11
2019-05-31,52.03,71.89
2019-06-03,51.78,70.63
2019-06-04,53.23,72.99
2019-06-05,54.75,73.94
2019-06-06,55.1,74.8
2019-06-07,55.93,76.19
2019-06-10,56.42,76.97
2019-06-11,57.11,76.97
2019-06-12,55.86,76.54
2019-06-13,56.17,76.77
2019-06-14,54.75,76.1
2019-06-17,55.4,76.16
2019-06-18,56.05,77.54
2019-06-19,56.13,77.82
2019-06-20,57.41,78.96
2019-06-21,57.03,78.31
2019-06-24,57.18,78.46
2019-06-25,56.08,77.02
2019-06-26,56.6,77.85
2019-06-27,55.73,78.05
2019-06-28,54.73,78.04
2019-07-01,54.74,79.28
2019-07-02,55.81,79.49
2019-07-03,56.48,80.1
2019-07-05,56.6,79.95
2019-07-08,56.19,79.34
2019-07-09,56.34,79.62
2019-07-10,57.13,80.25
2019-07-11,57.3,80.55
2019-07-12,57.95,81.14
2019-07-15,58.05,81.41
2019-07-16,57.62,80.65
2019-07-17,57.21,80.44
2019-07-18,57.74,81.04
2019-07-19,57.36,80.69
2019-07-22,57.73,81.62
2019-07-23,57.71,82.07
2019-07-24,57.23,82.75
2019-07-25,56.62,82.41
2019-07-26,56.53,82.59
2019-07-29,56.93,82.54
2019-07-30,56.47,82.01
2019-07-31,55.4,80.77
2019-08-01,55.39,80.36
2019-08-02,53.25,79.05
2019-08-05,51.37,75.75
2019-08-06,52.6,77.01
2019-08-07,52.34,77.49
2019-08-08,53.16,79.39
2019-08-09,52.43,78.49
2019-08-12,51.54,77.46
2019-08-13,52.72,79.4
2019-08-14,50.61,76.96
2019-08-15,46.25,76.82
2019-08-16,46.96,78.28
2019-08-19,48.5,79.47
2019-08-20,47.93,79.07
2019-08-21,48.77,80.0
2019-08-22,48.18,79.81
2019-08-23,46.61,77.17
2019-08-26,47.1,78.24
2019-08-27,46.79,78.12
2019-08-28,46.87,78.19
2019-08-29,47.27,79.55
2019-08-30,46.81,79.53
2019-09-03,46.5,78.56
2019-09-04,47.32,79.9
2019-09-05,48.42,81.57
2019-09-06,48.84,81.5
2019-09-09,48.58,80.89
2019-09-10,49.21,80.48
2019-09-11,50.03,81.32
2019-09-12,49.93,81.76
2019-09-13,50.03,81.16
2019-09-16,49.96,80.96
2019-09-17,49.41,81.29
2019-09-18,49.34,81.28
2019-09-19,49.19,81.46
2019-09-20,49.6,80.26
2019-09-23,49.42,80.51
2019-09-24,49.12,79.73
2019-09-25,49.605,80.68
2019-09-26,48.83,80.77
2019-09-27,48.84,79.69
2019-09-30,49.41,80.53
2019-10-01,47.74,79.78
2019-10-02,46.56,78.28
2019-10-03,47.06,79.24
2019-10-04,47.52,80.55
2019-10-07,47.77,80.21
2019-10-08,46.39,78.74
2019-10-09,46.84,79.91
2019-10-10,46.15,80.46
2019-10-11,46.56,81.57
2019-10-14,46.05,81.52
2019-10-15,46.36,82.42
2019-10-16,46.79,81.85
2019-10-17,47.03,81.69
2019-10-18,46.71,80.91
2019-10-21,47.39,81.78
2019-10-22,47.55,80.68
2019-10-23,47.05,80.75
2019-10-24,46.41,81.93
2019-10-25,46.9,82.92
2019-10-28,47.17,83.97
2019-10-29,47.24,83.21
2019-10-30,47.56,83.72
2019-10-31,47.51,83.67
2019-11-01,47.03,84.67
2019-11-04,47.48,85.11
2019-11-05,47.76,85.01
2019-11-06,48.27,84.97
2019-11-07,48.42,85.64
2019-11-08,48.83,86.12
2019-11-11,48.1,86.16
2019-11-12,48.37,86.45
2019-11-13,48.46,86.64
2019-11-14,44.91,86.54
2019-11-15,45.09,87.24
2019-11-18,45.15,87.5
2019-11-19,45.47,87.67
2019-11-20,45.08,87.14
2019-11-21,44.84,86.7
2019-11-22,44.85,86.59
2019-11-25,45.45,87.85
2019-11-26,45.31,87.93
2019-11-27,45.24,88.42
2019-11-29,45.31,88.16
2019-12-02,44.7,86.9
2019-12-03,44.28,86.13
2019-12-04,43.89,86.48
2019-12-05,43.52,86.8
2019-12-06,43.84,87.76
2019-12-09,43.9,87.3
2019-12-10,44.1,87.37
2019-12-11,44.28,87.96
2019-12-12,45.67,88.9
2019-12-13,45.3,89.49
2019-12-16,45.98,90.29
2019-12-17,46.44,90.08
2019-12-18,46.64,90.07
2019-12-19,47.88,90.72
2019-12-20,47.45,90.95
2019-12-23,48.1,91.21
2019-12-24,47.78,91.24
2019-12-26,47.85,91.92
2019-12-27,47.77,91.91
2019-12-30,47.59,91.38
2019-12-31,47.96,91.67
2020-01-02,48.42,93.39
2020-01-03,47.63,92.34
2020-01-06,47.8,92.56
2020-01-07,47.49,92.52
2020-01-08,47.52,93.51
2020-01-09,47.32,94.57
2020-01-10,47.13,94.35
2020-01-13,47.97,95.53
2020-01-14,47.79,95.08
2020-01-15,48.01,95.19
2020-01-16,49.05,96.47
2020-01-17,49.02,97.12
2020-01-21,48.8,97.08
2020-01-22,49.06,97.43
2020-01-23,49.0,97.89
2020-01-24,48.85,97.43
2020-01-27,47.47,95.11
2020-01-28,47.77,96.93
2020-01-29,47.05,97.18
2020-01-30,47.24,98.02
2020-01-31,45.97,95.33
2020-02-03,46.53,96.59
2020-02-04,47.62,99.12
2020-02-05,48.45,99.7
2020-02-06,48.69,100.61
2020-02-07,47.97,99.69
2020-02-10,48.87,101.04
2020-02-11,49.13,100.7
2020-02-12,49.93,101.79
2020-02-13,47.32,101.52
2020-02-14,46.97,101.96
2020-02-18,46.59,101.58
2020-02-19,46.29,102.79
2020-02-20,46.85,101.72
2020-02-21,46.295,99.44
2020-02-24,44.0,95.33
2020-02-25,42.74,92.28
2020-02-26,42.16,92.7
2020-02-27,40.04,87.7
2020-02-28,39.93,88.37
2020-03-02,41.17,93.48
2020-03-03,40.04,89.93
2020-03-04,41.39,93.79
2020-03-05,39.57,90.83
2020-03-06,39.68,88.91
2020-03-09,37.96,82.16
2020-03-10,40.08,87.64
2020-03-11,37.05,83.5
2020-03-12,33.2,75.35
2020-03-13,37.64,84.19
2020-03-16,33.71,72.56
2020-03-17,35.5,77.5
2020-03-18,37.12,74.58
2020-03-19,37.71,74.85
2020-03-20,35.6,71.42
2020-03-23,34.6,70.4
2020-03-24,38.6,77.61
2020-03-25,37.67,77.51
2020-03-26,40.58,82.31
2020-03-27,38.82,78.59
2020-03-30,40.32,81.9
2020-03-31,39.31,80.37
2020-04-01,38.33,76.54
2020-04-02,39.8,78.33
2020-04-03,39.06,77.12
2020-04-06,41.43,83.7
2020-04-07,40.64,82.95
2020-04-08,41.74,85.18
2020-04-09,41.2,85.2
2020-04-13,41.22,85.39
2020-04-14,42.78,88.97
2020-04-15,41.52,87.03
2020-04-16,41.5,88.09
2020-04-17,42.48,89.26
2020-04-20,42.54,87.83
2020-04-21,40.55,84.15
2020-04-22,41.76,87.39
2020-04-23,41.62,86.79
2020-04-24,42.52,88.63
2020-04-27,43.06,89.39
2020-04-28,42.49,88.2
2020-04-29,43.34,91.82
2020-04-30,42.38,91.41
2020-05-01,40.92,88.9
2020-05-04,41.35,90.08
2020-05-05,41.46,91.32
2020-05-06,41.15,92.03
2020-05-07,41.37,93.41
2020-05-08,42.99,94.78
2020-05-11,43.32,95.41
2020-05-12,43.22,93.44
2020-05-13,41.95,91.83
2020-05-14,43.85,93.0
2020-05-15,44.27,93.47
2020-05-18,45.06,95.76
2020-05-19,44.605,95.41
2020-05-20,45.44,97.5
2020-05-21,44.64,96.14
2020-05-22,44.9,96.49
2020-05-26,44.84,96.39
2020-05-27,45.96,96.94
2020-05-28,45.595,96.75
2020-05-29,47.82,97.97
2020-06-01,46.3,97.94
2020-06-02,46.89,98.86
2020-06-03,46.94,99.63
2020-06-04,46.86,98.81
2020-06-05,47.83,101.41
2020-06-08,48.13,101.92
2020-06-09,48.05,102.4
2020-06-10,47.42,104.11
2020-06-11,43.67,98.14
2020-06-12,45.07,99.41
2020-06-15,45.35,100.37
2020-06-16,46.48,102.51
2020-06-17,46.17,102.49
2020-06-18,45.83,102.95
2020-06-19,45.32,102.24
2020-06-22,45.16,103.88
2020-06-23,45.47,104.63
2020-06-24,44.75,102.27
2020-06-25,45.22,103.58
2020-06-26,46.31,101.54
2020-06-29,46.15,102.65
2020-06-30,46.64,104.49
2020-07-01,46.06,104.66
2020-07-02,45.63,105.27
2020-07-06,46.42,107.11
2020-07-07,45.63,105.99
2020-07-08,45.81,107.72
2020-07-09,46.7,108.11
2020-07-10,46.66,108.08
2020-07-13,45.93,105.84
2020-07-14,46.26,107.06
2020-07-15,46.4,107.64
2020-07-16,45.78,106.31
2020-07-17,46.75,106.83
2020-07-20,46.97,109.56
2020-07-21,47.02,108.46
2020-07-22,46.9,109.33
2020-07-23,47.41,106.49
2020-07-24,46.4,105.2
2020-07-27,47.19,106.86
2020-07-28,46.28,105.61
2020-07-29,46.71,107.14
2020-07-30,46.44,107.74
2020-07-31,47.1,110.43
2020-08-03,47.16,113.15
2020-08-04,47.67,113.44
2020-08-05,47.33,113.86
2020-08-06,47.77,115.46
2020-08-07,47.43,113.74
2020-08-10,47.73,113.42
2020-08-11,47.19,111.38
2020-08-12,48.1,113.91
2020-08-13,42.72,113.96
2020-08-14,42.5,113.88
2020-08-17,42.09,114.64
2020-08-18,41.98,115.07
2020-08-19,41.87,114.93
2020-08-20,42.31,116.46
2020-08-21,42.25,117.94
2020-08-24,42.18,118.96
2020-08-25,41.96,119.56
2020-08-26,42.25,121.99
2020-08-27,42.29,122.09
2020-08-28,42.2,123.16
2020-08-31,42.22,123.55
2020-09-01,42.03,125.91
2020-09-02,42.42,127.03
2020-09-03,40.95,119.79
2020-09-04,40.82,118.12
2020-09-08,40.0,112.78
2020-09-09,40.13,116.46
2020-09-10,39.57,113.83
2020-09-11,39.88,112.96
2020-09-14,40.37,115.33
2020-09-15,40.6,116.47
2020-09-16,40.42,114.67
2020-09-17,40.37,113.72
2020-09-18,39.81,111.76
2020-09-21,39.04,112.44
2020-09-22,39.32,114.22
2020-09-23,38.28,110.66
2020-09-24,37.85,111.28
2020-09-25,38.45,113.94
2020-09-28,39.13,116.12
2020-09-29,39.06,115.73
2020-09-30,39.39,116.7
2020-10-01,38.8,117.93
2020-10-02,38.27,114.94
2020-10-05,38.57,117.46
2020-10-06,38.57,115.64
2020-10-07,39.4,117.76
2020-10-08,39.79,118.37
2020-10-09,39.85,120.18
2020-10-12,40.36,123.46
2020-10-13,39.81,122.67
2020-10-14,39.89,122.02
2020-10-15,39.97,121.47
2020-10-16,40.16,121.12
2020-10-19,39.3,118.9
2020-10-20,39.2,119.31
2020-10-21,39.06,119.13
2020-10-22,38.82,118.57
2020-10-23,38.82,118.44
2020-10-26,37.67,115.87
2020-10-27,36.87,116.45
2020-10-28,35.71,111.51
2020-10-29,35.69,113.37
2020-10-30,35.9,110.86
2020-11-02,35.9,111.14
2020-11-03,36.68,113.1
2020-11-04,36.57,117.5
2020-11-05,37.23,121.15
2020-11-06,37.53,121.58
2020-11-09,38.2,120.7
2020-11-10,38.72,118.45
2020-11-11,39.33,121.26
2020-11-12,38.67,120.18
2020-11-13,41.4,121.2
2020-11-16,42.54,122.37
2020-11-17,41.88,121.69
2020-11-18,41.32,120.39
2020-11-19,41.17,121.36
2020-11-20,40.97,120.11
2020-11-23,41.64,120.08
2020-11-24,42.61,121.75
2020-11-25,42.5,122.01
2020-11-27,42.7,122.66
2020-11-30,43.02,123.48
2020-12-01,43.54,125.06
2020-12-02,43.89,124.87
2020-12-03,44.11,124.79
2020-12-04,44.38,126.04
2020-12-07,44.35,126.4
2020-12-08,44.37,126.81
2020-12-09,44.69,124.38
2020-12-10,44.32,124.56
2020-12-11,44.32,124.3
2020-12-14,44.24,124.75
2020-12-15,44.72,126.83
2020-12-16,44.72,127.69
2020-12-17,44.82,128.7
2020-12-18,45.44,128.25
2020-12-21,44.88,128.08
2020-12-22,44.69,129.19
2020-12-23,44.375,128.21001
2020-12-24,44.54,129.06
2020-12-28,44.92,130.52
2020-12-29,44.64,129.89999
2020-12-30,44.48,129.83
2020-12-31,44.75,130.02
2021-01-04,43.96,127.9
2021-01-05,43.98,128.73
2021-01-06,44.4,126.51
2021-01-07,44.96,129.92
2021-01-08,45.06,130.75999
2021-01-11,45.36,129.67999
2021-01-12,45.79,129.06
2021-01-13,45.36,129.88
2021-01-14,45.15,128.74001
2021-01-15,45.43,127.42
2021-01-19,45.19,129.08
2021-01-20,45.34,131.64
2021-01-21,45.11,133.34
2021-01-22,44.77,132.83
2021-01-25,45.03,133.94
2021-01-26,45.26,134.03
2021-01-27,45.7,131.5
2021-01-28,45.34,132.03999
2021-01-29,44.58,128.92999
2021-02-01,45.4,132.16
2021-02-02,45.83,133.95
2021-02-03,45.77,133.49001
2021-02-04,47.25,135.62
2021-02-05,48.08,135.32001
2021-02-08,48.94,136.74001
2021-02-09,48.5,136.58
2021-02-10,47.24,136.38
2021-02-11,47.58,137.88
2021-02-12,47.29,138.59
2021-02-16,46.51,138.14
2021-02-17,46.25,136.92
2021-02-18,46.34,136.25
2021-02-19,45.68,136.05
2021-02-22,45.43,133.05
2021-02-23,45.51,132.67999
2021-02-24,45.74,134.71001
2021-02-25,45.52,130.0
2021-02-26,44.87,130.69
2021-03-01,45.92,134.89999
2021-03-02,45.515,132.75999
2021-03-03,45.13,129.42
2021-03-04,44.56,126.56
2021-03-05,46.25,128.95
2021-03-08,47.51,125.83
2021-03-09,47.89,130.11
2021-03-10,48.29,129.59
2021-03-11,48.8,132.36
2021-03-12,48.82,131.41
2021-03-15,49.41,132.81
2021-03-16,49.67,133.81
2021-03-17,49.42,133.7
2021-03-18,48.8,129.99001
2021-03-19,48.98,129.60001
2021-03-22,50.3,131.87
2021-03-23,50.01,131.05
2021-03-24,49.65,129.46001
2021-03-25,50.51,129.38
2021-03-26,52.57,132.67
2021-03-29,52.52,131.98
2021-03-30,51.77,130.73
2021-03-31,51.71,132.81
2021-04-01,51.98,135.48
2021-04-05,52.41,138.28
2021-04-06,52.025,137.69
2021-04-07,51.77,138.42
2021-04-08,51.91,140.42
2021-04-09,52.09,141.77
2021-04-12,51.57,141.09
2021-04-13,51.66,142.42
2021-04-14,51.37,140.91
2021-04-15,51.64,143.33
2021-04-16,52.8,143.3
2021-04-19,52.85,142.11
2021-04-20,51.79,140.85001
2021-04-21,51.93,142.27
2021-04-22,51.5,140.60001
2021-04-23,51.91,142.7
2021-04-26,51.64,143.42999
2021-04-27,51.37,143.08
2021-04-28,51.11,141.75
2021-04-29,51.46,141.63
2021-04-30,50.91,139.7
2021-05-03,51.17,139.31
2021-05-04,50.71,136.81
2021-05-05,51.13,136.48
2021-05-06,52.44,137.85001
2021-05-07,53.43,139.03
2021-05-10,53.16,135.52
2021-05-11,52.83,135.11
2021-05-12,51.6,131.31
2021-05-13,52.49,133.05
2021-05-14,52.9,135.98
2021-05-17,52.94,134.98
2021-05-18,52.93,133.89999
2021-05-19,52.47,134.37
2021-05-20,52.85,136.94
2021-05-21,52.43,136.19
2021-05-24,53.39,138.61
2021-05-25,53.31,138.64999
2021-05-26,52.91,138.64
2021-05-27,52.92,137.91
2021-05-28,52.9,138.39999
2021-06-01,52.62,137.72
2021-06-02,52.96,138.67
2021-06-03,53.33,137.38
2021-06-04,54.07,140.02
2021-06-07,53.92,139.99001
2021-06-08,54.13,140.0
2021-06-09,54.02,140.10001
2021-06-10,55.03,141.13
2021-06-11,54.77,141.97
2021-06-14,54.17,143.41
2021-06-15,53.79,142.53
2021-06-16,53.47,141.75999
2021-06-17,53.13,143.39999
2021-06-18,52.07,142.09
2021-06-21,53.18,143.35001
2021-06-22,53.26,144.64999
2021-06-23,52.76,144.49001
2021-06-24,52.78,145.39999
2021-06-25,53.06,145.23
2021-06-28,52.96,146.75
2021-06-29,52.91,147.82001
2021-06-30,53.0,147.66
2021-07-01,53.44,147.91
2021-07-02,53.54,149.86
2021-07-06,52.98,150.42999
2021-07-07,53.26,151.25
2021-07-08,53.26,149.82001
2021-07-09,53.74,151.2
2021-07-12,53.23,151.32001
2021-07-13,53.32,151.94
2021-07-14,54.09,153.06
2021-07-15,53.65,151.8
2021-07-16,53.7,150.3
2021-07-19,53.06,148.23
2021-07-20,53.58,150.42999
2021-07-21,53.88,151.88
2021-07-22,54.54,153.0
2021-07-23,55.23,154.52
2021-07-26,55.47,154.44
2021-07-27,55.28,152.98
2021-07-28,54.77,152.78999
2021-07-29,55.07,153.5
2021-07-30,55.37,153.39999
2021-08-02,55.45,152.85001
2021-08-03,56.25,153.83
2021-08-04,55.69,154.14
2021-08-05,55.76,154.99001
2021-08-06,55.59,154.86
2021-08-09,55.47,154.36
2021-08-10,55.61,153.25
2021-08-11,55.86,153.27
2021-08-12,56.39,154.14999
2021-08-13,56.47,154.99001
2021-08-16,56.28,155.69
2021-08-17,56.01,154.39999
2021-08-18,55.15,152.27
2021-08-19,57.27,153.75999
2021-08-20,58.22,155.74001
2021-08-23,58.54,157.75
2021-08-24,59.32,157.57001
2021-08-25,59.35,157.48
2021-08-26,59.2,156.49001
2021-08-27,59.02,158.0
2021-08-30,59.13,159.7
2021-08-31,59.02,158.86
2021-09-01,59.04,158.89999
2021-09-02,59.53,158.73
2021-09-03,59.42,159.36
2021-09-07,58.88,159.39999
2021-09-08,58.68,158.78999
2021-09-09,58.6,158.19
2021-09-10,57.89,156.63
2021-09-13,58.1,156.67999
2021-09-14,57.87,156.48
2021-09-15,57.56,157.85001
2021-09-16,57.33,157.94
2021-09-17,56.85,155.48
2021-09-20,55.89,152.38
2021-09-21,55.26,152.44
2021-09-22,55.52,154.53
2021-09-23,56.69,156.60001
2021-09-24,56.73,156.71001
2021-09-27,56.22,155.19
2021-09-28,55.52,150.59
2021-09-29,55.48,150.39999
2021-09-30,54.43,149.32001
2021-10-01,55.14,151.57001
2021-10-04,54.23,148.06
2021-10-05,54.69,150.17
2021-10-06,53.94,151.14999
2021-10-07,55.02,152.53
2021-10-08,55.08,151.96001
2021-10-11,54.93,151.12
2021-10-12,54.28,150.34
2021-10-13,54.62,151.25999
2021-10-14,55.65,154.67
2021-10-15,55.25,155.91
2021-10-18,55.19,157.23
2021-10-19,55.74,158.78999
2021-10-20,56.2,158.35001
2021-10-21,55.69,158.96001
2021-10-22,55.11,158.41
2021-10-25,55.14,158.92999
2021-10-26,55.81,159.38
2021-10-27,56.18,159.24001
2021-10-28,56.24,160.84
2021-10-29,55.97,161.53
2021-11-01,56.1,161.28999
2021-11-02,57.62,162.71001
2021-11-03,57.65,163.66
2021-11-04,57.12,166.22
2021-11-05,57.07,167.08
2021-11-08,57.0,167.98
2021-11-09,57.44,167.28999
2021-11-10,57.77,164.53
2021-11-11,56.76,165.3
2021-11-12,56.82,167.31
2021-11-15,57.27,167.14
2021-11-16,57.0,168.89999
2021-11-17,56.76,168.39
2021-11-18,53.63,170.07001
2021-11-19,53.25,171.31
2021-11-22,54.6,169.39999
2021-11-23,55.3,169.00999
2021-11-24,55.54,170.24001
2021-11-26,54.67,165.99001
2021-11-29,55.76,170.14
2021-11-30,54.84,168.72
2021-12-01,55.03,166.41
2021-12-02,56.15,167.94
2021-12-03,56.23,165.13
2021-12-06,56.96,166.7
2021-12-07,58.08,172.52
2021-12-08,57.02,173.31
2021-12-09,57.55,171.44
2021-12-10,59.25,174.88
2021-12-13,58.61,172.28
2021-12-14,57.77,169.45
2021-12-15,59.93,173.94
2021-12-16,60.31,169.00999
2021-12-17,60.46,167.88
2021-12-20,60.36,165.57001
2021-12-21,61.03,169.75999
2021-12-22,61.53,171.98
2021-12-23,62.28,172.94
2021-12-27,63.42,176.64999
2021-12-28,63.53,175.73
2021-12-29,63.96,175.88
2021-12-30,63.62,174.72
2021-12-31,63.37,173.87
2022-01-03,63.16,175.52
2022-01-04,61.25,173.66
2022-01-05,60.28,168.32001
2022-01-06,60.92,167.47
2022-01-07,61.13,165.92999
2022-01-10,61.82,165.96001
2022-01-11,62.37,167.95
2022-01-12,62.12,168.74001
2022-01-13,61.5,164.37
2022-01-14,61.36,165.75999
2022-01-18,59.73,161.78
2022-01-19,58.9,159.52
2022-01-20,58.08,157.46001
2022-01-21,56.68,154.33
2022-01-24,56.9,155.13
2022-01-25,56.11,151.53999
2022-01-26,55.33,152.42999
2022-01-27,54.62,151.38
2022-01-28,55.61,158.0
2022-01-31,55.67,161.97
2022-02-01,55.37,162.39
2022-02-02,56.17,163.71001
2022-02-03,55.2,158.96001
2022-02-04,55.15,159.60001
2022-02-07,55.17,158.53999
2022-02-08,55.34,160.5
2022-02-09,56.29,164.06
2022-02-10,54.87,159.77
2022-02-11,53.9,154.89
2022-02-14,53.18,154.84
2022-02-15,54.27,158.91
2022-02-16,54.25,158.75
2022-02-17,55.77,154.0
2022-02-18,57.21,152.44
2022-02-22,56.3,151.03
2022-02-23,54.44,147.25
2022-02-24,54.73,152.28
2022-02-25,56.04,154.35001
2022-02-28,55.77,154.07001
2022-03-01,54.62,150.99001
2022-03-02,56.15,154.25999
2022-03-03,56.07,152.42
2022-03-04,56.51,149.75
2022-03-07,55.59,144.27
2022-03-08,54.4,143.57001
2022-03-09,55.92,149.25
2022-03-10,54.71,146.64
2022-03-11,54.69,144.06
2022-03-14,54.3,141.39
2022-03-15,55.6,146.14
2022-03-16,55.81,150.89
2022-03-17,56.17,151.96001
2022-03-18,55.97,155.07001
2022-03-21,56.0,154.49001
2022-03-22,56.17,156.71001
2022-03-23,54.48,154.3
2022-03-24,54.5,158.31
2022-03-25,54.97,158.22
2022-03-28,55.14,160.10001
2022-03-29,55.67,163.5
2022-03-30,56.05,161.32001
2022-03-31,55.76,158.92999
2022-04-01,55.66,158.46001
2022-04-04,55.87,161.47
2022-04-05,54.92,158.07001
2022-04-06,54.37,154.33
2022-04-07,54.63,154.57001
2022-04-08,54.28,152.41
2022-04-11,52.88,148.57001
2022-04-12,51.82,147.91
2022-04-13,52.15,150.28999
2022-04-14,51.17,146.64
2022-04-18,51.11,147.12
2022-04-19,51.83,149.88
2022-04-20,53.02,149.74001
2022-04-21,52.78,147.2
2022-04-22,51.36,143.08
2022-04-25,51.94,145.23
2022-04-26,50.9,139.82001
2022-04-27,49.31,141.89
2022-04-28,50.63,147.57001
2022-04-29,48.98,141.42
2022-05-02,49.86,143.57001
2022-05-03,49.92,143.82001
2022-05-04,51.58,148.87
2022-05-05,49.61,141.71001
2022-05-06,49.33,140.57001
2022-05-09,48.96,135.13
2022-05-10,49.55,137.19
2022-05-11,48.65,132.86
2022-05-12,48.29,131.49001
2022-05-13,49.56,135.86
2022-05-16,49.0,134.66
2022-05-17,50.6,138.56
2022-05-18,48.36,132.22
2022-05-19,41.72,130.77
2022-05-20,42.94,131.06
2022-05-23,43.35,134.07001
2022-05-24,43.77,132.08
2022-05-25,44.0,133.62
2022-05-26,44.99,136.83
2022-05-27,45.62,141.46001
2022-05-31,45.05,140.45
2022-06-01,45.23,140.03
2022-06-02,45.79,143.42
2022-06-03,45.25,139.99001
2022-06-06,45.33,140.0
2022-06-07,45.57,141.67
2022-06-08,44.92,140.07001
2022-06-09,44.26,136.33
2022-06-10,43.49,131.09
2022-06-13,43.24,125.28
2022-06-14,42.91,126.07
2022-06-15,43.8,128.73
2022-06-16,43.32,123.49
2022-06-17,43.39,124.62
2022-06-21,44.14,127.46
2022-06-22,43.57,126.92
2022-06-23,42.93,128.82001
2022-06-24,44.1,133.45
2022-06-27,43.77,132.55
2022-06-28,43.06,128.58
2022-06-29,42.88,128.84
2022-06-30,42.64,127.12
2022-07-01,42.6,127.41
2022-07-05,41.96,129.00999
2022-07-06,42.69,130.12
2022-07-07,43.22,132.81
2022-07-08,43.39,132.87
2022-07-11,43.25,131.03999
2022-07-12,42.86,129.25
2022-07-13,42.7,128.91
2022-07-14,42.33,130.09
2022-07-15,43.07,132.38
2022-07-18,42.6,131.10001
2022-07-19,44.03,135.10001
2022-07-20,44.13,137.21001
2022-07-21,44.58,139.14
2022-07-22,44.46,137.22
2022-07-25,44.34,136.35001
2022-07-26,43.83,134.14
2022-07-27,44.64,139.91
2022-07-28,45.62,142.03999
2022-07-29,45.37,144.22
2022-08-01,45.28,143.91
2022-08-02,44.92,142.89
2022-08-03,45.71,146.69
2022-08-04,45.38,147.36
2022-08-05,45.01,147.02
2022-08-08,45.02,145.77
2022-08-09,44.92,144.31
2022-08-10,46.02,148.25
2022-08-11,45.9,147.67
2022-08-12,46.61,150.61
2022-08-15,46.59,151.56
2022-08-16,46.77,151.14999
2022-08-17,46.66,150.07001
2022-08-18,49.37,150.85001
2022-08-19,48.7,148.11
2022-08-22,47.71,143.98
2022-08-23,47.41,143.60001
2022-08-24,47.07,143.69
2022-08-25,47.27,146.12
2022-08-26,45.89,139.88
2022-08-29,45.71,138.03
2022-08-30,45.24,136.59
2022-08-31,44.72,135.25999
2022-09-01,45.29,134.60001
2022-09-02,44.59,132.85001
2022-09-06,44.47,131.97
2022-09-07,45.02,134.08
2022-09-08,45.37,134.53999
2022-09-09,45.77,137.2
2022-09-12,46.4,139.39999
2022-09-13,44.11,132.0
2022-09-14,43.96,132.48
2022-09-15,43.29,129.42999
2022-09-16,43.3,128.71001
2022-09-19,43.3,129.44
2022-09-20,42.58,128.67999
2022-09-21,41.59,126.67
2022-09-22,41.15,125.38
2022-09-23,40.66,123.74
2022-09-26,40.58,122.88
2022-09-27,40.52,123.04
2022-09-28,41.34,124.34
2022-09-29,40.57,121.1
2022-09-30,40.0,118.78
2022-10-03,41.29,122.46
2022-10-04,41.82,126.57
2022-10-05,41.99,126.99
2022-10-06,41.52,125.95
2022-10-07,40.27,120.77
2022-10-10,39.89,118.74
2022-10-11,39.58,116.92
2022-10-12,39.27,116.56
2022-10-13,40.61,120.18
2022-10-14,40.2,116.8
2022-10-17,41.3,120.36
2022-10-18,41.79,121.38
2022-10-19,41.88,121.03
2022-10-20,41.71,121.1
2022-10-21,42.8,124.34
2022-10-24,43.54,126.06
2022-10-25,44.36,128.47
2022-10-26,44.38,125.61
2022-10-27,44.42,124.18
2022-10-28,45.64,129.58
2022-10-31,45.43,127.87
2022-11-01,45.46,126.8
2022-11-02,44.57,122.42
2022-11-03,43.85,118.82
2022-11-04,44.52,120.99
2022-11-07,44.55,123.01
2022-11-08,44.61,124.19
2022-11-09,43.91,120.96
2022-11-10,45.66,130.89999
2022-11-11,44.79,133.14
2022-11-14,44.74,132.0
2022-11-15,44.9,133.60001
2022-11-16,44.39,131.77
2022-11-17,46.59,131.94
2022-11-18,47.79,132.09
2022-11-21,47.62,130.67
2022-11-22,48.38,133.2
2022-11-23,48.57,134.38
2022-11-25,48.4,133.60001
2022-11-28,48.08,130.74001
2022-11-29,48.28,129.46001
2022-11-30,49.72,135.96001
2022-12-01,49.97,136.14999
2022-12-02,49.7,135.36
2022-12-05,49.33,133.11
2022-12-06,48.59,130.25999
2022-12-07,48.18,129.60001
2022-12-08,48.99,131.72
2022-12-09,48.46,130.91
2022-12-12,49.3,133.77
2022-12-13,49.64,135.35001
2022-12-14,49.3,134.21001
2022-12-15,48.15,129.19
2022-12-16,47.81,127.48
2022-12-19,47.4,125.42
2022-12-20,47.37,125.61
2022-12-21,47.66,127.69
2022-12-22,47.32,124.47
2022-12-23,47.48,124.6
2022-12-27,47.53,123.42
2022-12-28,47.07,121.43
2022-12-29,47.5,124.61
2022-12-30,47.64,124.44
2023-01-03,47.94,123.26
2023-01-04,47.55,123.58
2023-01-05,46.88,121.18
2023-01-06,48.32,124.73
2023-01-09,48.58,126.18
2023-01-10,48.81,126.96
2023-01-11,49.21,129.16
2023-01-12,49.0,130.12
2023-01-13,48.88,130.49001
2023-01-17,48.08,131.08
2023-01-18,46.9,129.39
2023-01-19,46.46,127.88
2023-01-20,46.78,131.34
2023-01-23,47.5,134.33
2023-01-24,47.81,134.27
2023-01-25,47.98,133.99001
2023-01-26,48.34,136.13
2023-01-27,48.51,136.7
2023-01-30,48.22,134.09
2023-01-31,48.67,135.96001
2023-02-01,48.57,139.16
2023-02-02,49.32,142.96001
2023-02-03,48.63,141.77
2023-02-06,47.57,140.03999
2023-02-07,47.84,143.53999
2023-02-08,46.96,141.81
2023-02-09,46.73,141.03
2023-02-10,47.26,140.38
2023-02-13,47.86,142.81
2023-02-14,47.7,143.42
2023-02-15,48.45,144.09
2023-02-16,50.99,141.59
2023-02-17,50.77,139.82001
2023-02-21,49.69,136.5
2023-02-22,49.31,136.3
2023-02-23,49.21,138.56
2023-02-24,48.48,136.09
2023-02-27,48.73,136.82001
2023-02-28,48.42,136.52
2023-03-01,48.34,135.52
2023-03-02,48.53,137.19
2023-03-03,49.28,140.14
2023-03-06,49.42,140.81
2023-03-07,48.91,139.06
2023-03-08,49.11,140.21001
2023-03-09,48.81,138.2
2023-03-10,48.56,135.77
2023-03-13,48.41,136.50999
2023-03-14,49.05,139.66
2023-03-15,49.06,139.74001
2023-03-16,50.12,143.66
2023-03-17,50.19,143.46001
2023-03-20,50.94,143.53
2023-03-21,50.67,144.69
2023-03-22,49.46,143.25
2023-03-23,49.73,145.58
2023-03-24,50.51,145.96001
2023-03-27,50.54,144.83
2023-03-28,50.39,144.14999
2023-03-29,51.17,147.17
2023-03-30,51.43,148.88
2023-03-31,52.275,151.00999
2023-04-03,52.31,150.77
2023-04-04,51.82,149.94
2023-04-05,51.82,148.23
2023-04-06,51.27,149.07001
2023-04-10,51.33,148.99001
2023-04-11,50.62,147.59
2023-04-12,50.11,146.75
2023-04-13,50.8,149.48
2023-04-14,50.54,148.64999
2023-04-17,50.28,149.19
2023-04-18,50.31,149.64999
2023-04-19,48.04,149.22
2023-04-20,46.58,148.24001
2023-04-21,47.03,147.75999
2023-04-24,47.39,147.11
2023-04-25,47.09,143.97
2023-04-26,46.54,146.11
2023-04-27,46.56,149.21001
2023-04-28,47.25,150.83
2023-05-01,47.34,150.92
2023-05-02,46.36,149.50999
2023-05-03,45.96,148.25
2023-05-04,45.7,147.53999
2023-05-05,46.25,151.24001
2023-05-08,46.34,151.16
2023-05-09,46.47,150.0
2023-05-10,46.71,151.83
2023-05-11,46.37,151.14999
2023-05-12,46.71,150.95
2023-05-15,47.1,152.2
2023-05-16,46.92,152.36
2023-05-17,47.63,154.39
2023-05-18,48.2,157.55
2023-05-19,49.13,157.48
2023-05-22,48.82,157.78
2023-05-23,48.91,155.45
2023-05-24,48.41,154.31
2023-05-25,49.03,160.23
2023-05-26,49.86,164.78
2023-05-30,50.17,165.66
2023-05-31,49.67,164.28
2023-06-01,49.74,165.95
2023-06-02,50.02,166.89999
2023-06-05,50.21,165.94
2023-06-06,49.81,165.89999
2023-06-07,49.78,163.42
2023-06-08,49.68,165.19
2023-06-09,49.66,166.00999
2023-06-12,50.48,169.62
2023-06-13,50.8,170.64999
2023-06-14,50.96,172.41
2023-06-15,51.93,174.63
2023-06-16,52.07,173.19
2023-06-20,51.55,171.66
2023-06-21,50.85,169.12
2023-06-22,51.12,170.5
2023-06-23,50.33,168.64999
2023-06-26,50.21,167.44
2023-06-27,50.86,170.74001
2023-06-28,50.87,170.84
2023-06-29,51.21,171.14
2023-06-30,51.74,173.86
2023-07-03,51.82,173.49001
2023-07-05,51.51,172.42
2023-07-06,51.11,171.96001
2023-07-07,50.99,171.21001
2023-07-10,51.4,171.66
2023-07-11,52.12,172.03
2023-07-12,50.74,173.98
2023-07-13,51.53,176.25
2023-07-14,50.38,175.99001
2023-07-17,50.81,178.24001
2023-07-18,51.24,180.25999
2023-07-19,52.43,179.81
2023-07-20,52.37,176.22
2023-07-21,52.63,176.13
2023-07-24,53.11,176.44
2023-07-25,53.6,178.46001
2023-07-26,53.22,176.06
2023-07-27,53.0,175.55
2023-07-28,52.09,177.94
2023-07-31,52.04,178.35001
2023-08-01,52.66,178.64999
2023-08-02,52.58,174.23
2023-08-03,53.15,173.52
2023-08-04,52.63,171.16
2023-08-07,53.01,171.64
2023-08-08,53.06,170.32001
2023-08-09,52.99,168.12
2023-08-10,53.37,168.14
2023-08-11,53.79,166.89999
2023-08-14,53.88,169.56
2023-08-15,53.35,167.89
2023-08-16,52.96,166.28999
2023-08-17,54.73,164.71001
2023-08-18,55.04,164.96001
2023-08-21,55.44,168.11
2023-08-22,55.46,167.92
2023-08-23,55.98,170.95
2023-08-24,55.24,167.00999
2023-08-25,55.7,168.71001
2023-08-28,56.2,170.09
2023-08-29,56.56,173.5
2023-08-30,56.81,174.81
2023-08-31,57.35,175.66
2023-09-01,57.84,176.2
2023-09-05,57.26,176.83
2023-09-06,57.16,174.96001
2023-09-07,56.79,172.42999
2023-09-08,56.67,172.78999
2023-09-11,56.84,173.69
2023-09-12,56.39,170.53999
2023-09-13,56.28,170.97
2023-09-14,56.37,172.21001
2023-09-15,56.04,168.89999
2023-09-18,56.11,169.35001
2023-09-19,55.84,169.25999
2023-09-20,55.5,166.60001
2023-09-21,53.34,164.06
2023-09-22,53.57,164.41
2023-09-25,53.48,164.94
2023-09-26,52.71,161.97
2023-09-27,53.2,162.22
2023-09-28,53.88,163.37
2023-09-29,53.76,163.92999
2023-10-02,54.39,165.69
2023-10-03,53.65,162.88
2023-10-04,53.45,164.91
2023-10-05,53.07,165.13
2023-10-06,53.45,168.22
2023-10-09,53.92,169.09
2023-10-10,53.87,169.35001
2023-10-11,53.66,170.92
2023-10-12,53.85,171.08
2023-10-13,53.77,168.63
2023-10-16,54.16,170.25
2023-10-17,53.94,169.46001
2023-10-18,53.77,167.72
2023-10-19,53.32,166.75999
2023-10-20,52.93,163.94
2023-10-23,52.2,164.13
2023-10-24,53.01,165.25999
2023-10-25,52.4,163.31
2023-10-26,51.37,160.19
2023-10-27,51.56,161.12
2023-10-30,51.57,162.85001
2023-10-31,52.13,164.00999
2023-11-01,52.19,167.17999
2023-11-02,52.75,170.00999
2023-11-03,53.01,171.75999
2023-11-06,53.29,172.89
2023-11-07,53.13,174.78
2023-11-08,53.0,175.77
2023-11-09,52.0,174.95
2023-11-10,52.59,179.52
2023-11-13,52.23,178.47
2023-11-14,53.17,182.03999
2023-11-15,53.28,182.27
2023-11-16,48.04,183.17999
2023-11-17,47.755,182.8
2023-11-20,48.27,185.45
2023-11-21,47.8,183.95
2023-11-22,48.08,184.77
2023-11-24,48.36,184.41
2023-11-27,47.93,184.39999
2023-11-28,47.85,184.75
2023-11-29,48.05,184.89
2023-11-30,48.38,185.16
2023-12-01,48.47,185.58
2023-12-04,48.05,183.32001
2023-12-05,47.93,184.42
2023-12-06,47.7,182.86
2023-12-07,48.26,185.08
2023-12-08,48.38,186.66
2023-12-11,49.39,188.28999
2023-12-12,49.33,189.53999
2023-12-13,49.69,191.21001
2023-12-14,49.44,190.74001
2023-12-15,49.87,191.7
2023-12-18,50.24,191.85001
2023-12-19,50.18,192.58
2023-12-20,49.8,189.67
2023-12-21,49.7,191.8
2023-12-22,50.09,192.05
2023-12-26,50.28,192.85001
2023-12-27,50.44,192.84
2023-12-28,50.48,193.07001
2023-12-29,50.52,192.48
