date,D,XLU
2010-01-04,38.96,31.08
2010-01-05,38.48,30.71
2010-01-06,38.52,30.89
2010-01-07,38.58,30.75
2010-01-08,38.56,30.72
2010-01-11,39.13,31.04
2010-01-12,38.93,30.91
2010-01-13,39.15,31.25
2010-01-14,39.11,31.11
2010-01-15,38.85,30.91
2010-01-19,39.43,31.27
2010-01-20,39.04,30.94
2010-01-21,38.53,30.49
2010-01-22,37.8,29.82
2010-01-25,38.07,30.02
2010-01-26,38.1,30.14
2010-01-27,38.0,29.94
2010-01-28,37.6,29.71
2010-01-29,37.46,29.53
2010-02-01,37.75,29.72
2010-02-02,37.99,29.96
2010-02-03,37.64,29.75
2010-02-04,36.86,28.97
2010-02-05,36.75,28.92
2010-02-08,36.27,28.59
2010-02-09,36.57,28.88
2010-02-10,36.6,28.75
2010-02-11,37.07,28.92
2010-02-12,37.14,28.81
2010-02-16,38.24,29.31
2010-02-17,38.38,29.19
2010-02-18,38.72,29.35
2010-02-19,39.17,29.76
2010-02-22,39.0,29.6
2010-02-23,38.82,29.4
2010-02-24,38.53,29.43
2010-02-25,38.34,29.37
2010-02-26,37.99,29.14
2010-03-01,38.3,29.56
2010-03-02,38.48,29.65
2010-03-03,38.61,29.6
2010-03-04,38.75,29.66
2010-03-05,39.11,29.96
2010-03-08,39.08,29.96
2010-03-09,39.22,29.92
2010-03-10,39.38,29.93
2010-03-11,39.65,30.03
2010-03-12,39.69,29.84
2010-03-15,39.71,29.95
2010-03-16,39.89,30.3
2010-03-17,40.56,30.4
2010-03-18,40.51,30.26
2010-03-19,40.7,29.96
2010-03-22,40.13,29.76
2010-03-23,40.19,29.88
2010-03-24,40.08,29.57
2010-03-25,40.26,29.38
2010-03-26,40.6,29.45
2010-03-29,41.18,29.81
2010-03-30,41.26,29.73
2010-03-31,41.11,29.66
2010-04-01,41.83,30.07
2010-04-05,41.81,30.25
2010-04-06,41.7,30.5
2010-04-07,41.65,30.2
2010-04-08,41.47,30.02
2010-04-09,41.59,30.24
2010-04-12,41.8,30.32
2010-04-13,41.67,30.16
2010-04-14,41.48,30.19
2010-04-15,41.44,30.18
2010-04-16,41.18,29.83
2010-04-19,41.28,29.86
2010-04-20,41.42,30.24
2010-04-21,41.36,30.27
2010-04-22,41.35,30.37
2010-04-23,41.77,30.61
2010-04-26,41.86,30.5
2010-04-27,41.14,29.98
2010-04-28,41.42,30.29
2010-04-29,41.3,30.32
2010-04-30,41.8,30.44
2010-05-03,42.47,30.83
2010-05-04,41.68,30.3
2010-05-05,41.78,30.09
2010-05-06,40.21,29.26
2010-05-07,40.22,29.1
2010-05-10,41.91,30.0
2010-05-11,41.8,30.06
2010-05-12,41.85,30.31
2010-05-13,41.54,30.18
2010-05-14,40.99,29.93
2010-05-17,41.27,29.96
2010-05-18,40.71,29.67
2010-05-19,40.43,29.37
2010-05-20,39.24,28.49
2010-05-21,39.53,28.62
2010-05-24,39.25,28.35
2010-05-25,39.23,28.2
2010-05-26,38.56,28.19
2010-05-27,39.14,28.73
2010-05-28,38.96,28.76
2010-06-01,38.59,28.09
2010-06-02,39.72,28.68
2010-06-03,40.15,28.98
2010-06-04,39.005,28.1175
2010-06-07,39.33,28.29
2010-06-08,40.16,28.66
2010-06-09,39.92,28.5
2010-06-10,40.81,29.2
2010-06-11,40.6,29.22
2010-06-14,40.48,29.39
2010-06-15,41.28,29.96
2010-06-16,41.67,30.15
2010-06-17,41.85,30.37
2010-06-18,42.0,30.08
2010-06-21,41.82,29.87
2010-06-22,40.86,29.13
2010-06-23,40.23,28.87
2010-06-24,40.15,28.71
2010-06-25,40.17,28.84
2010-06-28,40.57,29.03
2010-06-29,39.27,28.44
2010-06-30,38.74,28.26
2010-07-01,38.98,28.13
2010-07-02,38.67,28.16
2010-07-06,39.14,28.49
2010-07-07,40.18,29.37
2010-07-08,40.75,29.6
2010-07-09,40.9,29.8
2010-07-12,40.99,29.9
2010-07-13,41.1,30.0
2010-07-14,41.44,30.01
2010-07-15,41.27,30.21
2010-07-16,40.43,29.69
2010-07-19,41.4,30.15
2010-07-20,41.96,30.42
2010-07-21,41.26,29.95
2010-07-22,42.22,30.43
2010-07-23,42.41,30.48
2010-07-26,42.6,30.7
2010-07-27,43.27,31.15
2010-07-28,42.98,31.0
2010-07-29,41.69,30.52
2010-07-30,41.99,30.37
2010-08-02,43.2,31.0
2010-08-03,43.12,30.85
2010-08-04,43.5,30.98
2010-08-05,43.55,30.93
2010-08-06,43.67,30.99
2010-08-09,44.03,31.1
2010-08-10,44.18,31.28
2010-08-11,43.71,30.65
2010-08-12,43.8,30.59
2010-08-13,43.91,30.7
2010-08-16,44.03,30.7
2010-08-17,44.71,31.0
2010-08-18,44.11,30.83
2010-08-19,43.67,30.39
2010-08-20,43.93,30.47
2010-08-23,44.35,30.67
2010-08-24,44.41,30.7225
2010-08-25,43.15,30.7
2010-08-26,42.76,30.56
2010-08-27,43.42,31.14
2010-08-30,42.69,30.67
2010-08-31,42.73,30.81
2010-09-01,43.86,31.48
2010-09-02,43.58,31.48
2010-09-03,43.99,31.62
2010-09-07,43.82,31.46
2010-09-08,43.73,31.31
2010-09-09,43.94,31.62
2010-09-10,43.29,31.44
2010-09-13,43.92,31.55
2010-09-14,44.03,31.51
2010-09-15,43.48,31.33
2010-09-16,43.59,31.22
2010-09-17,43.42,30.85
2010-09-20,44.29,31.26
2010-09-21,44.11,31.1
2010-09-22,44.21,31.32
2010-09-23,43.42,30.96
2010-09-24,44.23,31.46
2010-09-27,44.26,31.52
2010-09-28,44.19,31.54
2010-09-29,43.95,31.48
2010-09-30,43.66,31.38
2010-10-01,44.03,31.55
2010-10-04,43.89,31.49
2010-10-05,44.58,31.84
2010-10-06,44.49,31.69
2010-10-07,44.51,31.75
2010-10-08,44.68,31.85
2010-10-11,44.69,31.86
2010-10-12,44.32,31.73
2010-10-13,44.55,31.85
2010-10-14,44.63,31.8
2010-10-15,44.54,31.895
2010-10-18,44.92,31.9
2010-10-19,44.5,31.96
2010-10-20,44.7,32.22
2010-10-21,44.74,32.08
2010-10-22,44.51,31.87
2010-10-25,44.46,31.8
2010-10-26,44.04,31.72
2010-10-27,43.82,31.59
2010-10-28,43.95,31.67
2010-10-29,43.46,31.72
2010-11-01,42.49,31.41
2010-11-02,42.82,31.78
2010-11-03,42.87,31.72
2010-11-04,43.53,32.06
2010-11-05,43.5,32.05
2010-11-08,43.09,31.87
2010-11-09,43.07,31.76
2010-11-10,42.98,31.62
2010-11-11,42.84,31.6
2010-11-12,42.86,31.34
2010-11-15,43.12,31.445
2010-11-16,42.79,31.08
2010-11-17,42.45,31.065
2010-11-18,42.8,31.25
2010-11-19,42.76,31.13
2010-11-22,43.01,31.22
2010-11-23,42.49,30.88
2010-11-24,42.03,31.065
2010-11-26,41.84,30.86
2010-11-29,41.61,30.8
2010-11-30,41.53,30.76
2010-12-01,42.05,31.12
2010-12-02,42.1,31.21
2010-12-03,42.42,31.275
2010-12-06,42.04,31.19
2010-12-07,41.9,30.98
2010-12-08,41.83,30.87
2010-12-09,41.77,31.0
2010-12-10,41.62,31.12
2010-12-13,42.05,31.265
2010-12-14,42.0,31.35
2010-12-15,41.72,31.08
2010-12-16,42.31,31.3575
2010-12-17,42.57,31.15
2010-12-20,42.93,31.19
2010-12-21,42.96,31.2
2010-12-22,42.92,31.34
2010-12-23,42.96,31.36
2010-12-27,42.89,31.38
2010-12-28,42.92,31.49
2010-12-29,42.94,31.38
2010-12-30,42.9,31.33
2010-12-31,42.72,31.34
2011-01-03,42.75,31.4925
2011-01-04,43.14,31.635
2011-01-05,43.03,31.44
2011-01-06,43.19,31.47
2011-01-07,43.23,31.5825
2011-01-10,42.44,31.41
2011-01-11,42.33,31.455
2011-01-12,42.26,31.62
2011-01-13,42.61,31.5925
2011-01-14,42.98,31.74
2011-01-18,42.98,31.815
2011-01-19,42.97,31.74
2011-01-20,43.37,31.98
2011-01-21,43.35,31.95
2011-01-24,43.58,32.13
2011-01-25,43.57,32.0825
2011-01-26,43.55,31.96
2011-01-27,43.79,32.08
2011-01-28,43.39,31.65
2011-01-31,43.54,31.72
2011-02-01,43.78,32.04
2011-02-02,43.51,31.865
2011-02-03,43.69,31.995
2011-02-04,43.61,31.8
2011-02-07,43.42,32.005
2011-02-08,43.54,32.0025
2011-02-09,43.54,32.0
2011-02-10,43.9,32.06
2011-02-11,44.12,32.0
2011-02-14,43.68,31.77
2011-02-15,43.74,31.87
2011-02-16,44.09,31.8
2011-02-17,44.18,31.86
2011-02-18,44.37,31.91
2011-02-22,44.29,31.77
2011-02-23,44.64,31.7
2011-02-24,44.74,31.5775
2011-02-25,45.0,31.755
2011-02-28,45.63,32.11
2011-03-01,45.57,31.785
2011-03-02,44.79,31.84
2011-03-03,45.53,32.2
2011-03-04,45.54,32.005
2011-03-07,45.42,32.13
2011-03-08,46.14,32.49
2011-03-09,46.34,32.82
2011-03-10,45.66,32.4475
2011-03-11,45.51,32.52
2011-03-14,45.16,32.09
2011-03-15,44.73,31.48
2011-03-16,43.72,30.985
2011-03-17,43.61,31.03
2011-03-18,43.78,30.88
2011-03-21,44.49,31.24
2011-03-22,44.43,31.285
2011-03-23,44.08,31.27
2011-03-24,44.41,31.4
2011-03-25,44.54,31.39
2011-03-28,44.23,31.28
2011-03-29,44.55,31.585
2011-03-30,45.17,31.95
2011-03-31,44.7,31.87
2011-04-01,44.7,32.12
2011-04-04,44.92,32.1
2011-04-05,44.77,31.97
2011-04-06,45.03,32.2
2011-04-07,44.95,32.07
2011-04-08,44.82,31.98
2011-04-11,43.98,31.56
2011-04-12,43.6,31.48
2011-04-13,43.55,31.56
2011-04-14,44.03,31.75
2011-04-15,44.47,32.1
2011-04-18,44.1,31.82
2011-04-19,44.31,31.83
2011-04-20,44.48,32.24
2011-04-21,44.75,32.24
2011-04-25,45.09,32.28
2011-04-26,45.75,32.54
2011-04-27,46.06,32.8
2011-04-28,46.33,33.09
2011-04-29,46.42,33.16
2011-05-02,46.54,33.17
2011-05-03,46.73,33.38
2011-05-04,47.02,33.34
2011-05-05,46.54,33.1
2011-05-06,46.92,33.29
2011-05-09,47.01,33.36
2011-05-10,47.64,33.84
2011-05-11,47.65,33.73
2011-05-12,48.15,34.07
2011-05-13,47.99,33.91
2011-05-16,47.87,33.95
2011-05-17,48.33,34.2
2011-05-18,47.97,34.09
2011-05-19,48.2,34.17
2011-05-20,48.28,34.13
2011-05-23,47.94,33.73
2011-05-24,47.91,33.7
2011-05-25,47.18,33.63
2011-05-26,47.34,33.62
2011-05-27,47.23,33.62
2011-05-31,47.72,33.87
2011-06-01,47.12,33.52
2011-06-02,47.27,33.42
2011-06-03,47.15,33.19
2011-06-06,46.9,33.039
2011-06-07,47.4,33.08
2011-06-08,47.69,33.16
2011-06-09,47.98,33.19
2011-06-10,47.53,32.97
2011-06-13,47.83,33.12
2011-06-14,47.69,33.25
2011-06-15,47.1,32.84
2011-06-16,47.26,33.1
2011-06-17,47.66,32.99
2011-06-20,48.16,33.18
2011-06-21,48.23,33.2
2011-06-22,47.76,32.98
2011-06-23,47.14,32.7
2011-06-24,47.25,32.8
2011-06-27,47.7,33.04
2011-06-28,47.8,33.19
2011-06-29,48.1,33.41
2011-06-30,48.27,33.48
2011-07-01,48.99,33.88
2011-07-05,48.61,33.68
2011-07-06,48.9,33.75
2011-07-07,48.96,33.89
2011-07-08,48.63,33.76
2011-07-11,48.11,33.4
2011-07-12,48.36,33.55
2011-07-13,48.28,33.46
2011-07-14,48.17,33.31
2011-07-15,48.46,33.36
2011-07-18,48.0,33.04
2011-07-19,48.69,33.33
2011-07-20,49.26,33.53
2011-07-21,50.0,34.03
2011-07-22,49.78,33.82
2011-07-25,49.57,33.94
2011-07-26,49.3,33.82
2011-07-27,49.05,33.72
2011-07-28,48.99,33.51
2011-07-29,48.45,33.17
2011-08-01,48.59,33.27
2011-08-02,48.1,32.7
2011-08-03,48.66,32.7
2011-08-04,47.77,31.63
2011-08-05,48.59,31.89
2011-08-08,45.94,30.2
2011-08-09,46.77,31.19
2011-08-10,46.36,30.6
2011-08-11,48.03,31.89
2011-08-12,47.71,31.7
2011-08-15,49.68,32.78
2011-08-16,49.69,32.74
2011-08-17,50.12,32.98
2011-08-18,49.08,32.59
2011-08-19,47.99,32.39
2011-08-22,48.25,32.31
2011-08-23,49.1,32.89
2011-08-24,49.58,33.6
2011-08-25,48.94,33.05
2011-08-26,48.46,33.0
2011-08-29,48.97,33.655
2011-08-30,48.75,33.67
2011-08-31,48.74,33.89
2011-09-01,48.59,33.67
2011-09-02,47.98,33.29
2011-09-06,47.89,33.13
2011-09-07,48.2,33.5
2011-09-08,48.15,33.48
2011-09-09,47.19,32.8
2011-09-12,47.47,33.07
2011-09-13,47.78,33.29
2011-09-14,48.54,33.52
2011-09-15,49.46,33.94
2011-09-16,49.84,33.98
2011-09-19,49.74,33.79
2011-09-20,50.6,34.28
2011-09-21,49.89,33.65
2011-09-22,49.31,33.08
2011-09-23,49.99,33.41
2011-09-26,50.78,33.68
2011-09-27,50.93,33.8
2011-09-28,50.42,33.46
2011-09-29,51.25,34.0
2011-09-30,50.77,33.62
2011-10-03,49.84,32.82
2011-10-04,49.18,32.66
2011-10-05,49.51,32.68
2011-10-06,50.0,33.26
2011-10-07,50.27,33.4
2011-10-10,51.2,34.05
2011-10-11,50.58,33.74
2011-10-12,50.17,33.66
2011-10-13,50.04,33.66
2011-10-14,50.49,33.98
2011-10-17,50.02,33.84
2011-10-18,50.47,34.08
2011-10-19,50.96,34.11
2011-10-20,51.04,34.3
2011-10-21,52.07,34.88
2011-10-24,51.4,34.73
2011-10-25,50.7,34.34
2011-10-26,51.15,34.48
2011-10-27,52.01,35.3
2011-10-28,51.37,35.01
2011-10-31,51.59,34.85
2011-11-01,50.4,34.12
2011-11-02,51.23,34.72
2011-11-03,51.7,35.14
2011-11-04,51.56,34.98
2011-11-07,52.45,35.17
2011-11-08,52.64,35.4
2011-11-09,51.28,34.63
2011-11-10,51.35,34.86
2011-11-11,52.06,35.36
2011-11-14,51.73,34.94
2011-11-15,51.56,35.0
2011-11-16,51.02,34.58
2011-11-17,50.84,34.4
2011-11-18,51.04,34.64
2011-11-21,50.66,34.21
2011-11-22,50.04,33.79
2011-11-23,49.31,33.26
2011-11-25,49.51,33.43
2011-11-28,50.11,33.85
2011-11-29,50.85,34.22
2011-11-30,51.62,35.21
2011-12-01,51.35,35.11
2011-12-02,50.56,34.75
2011-12-05,50.5,35.02
2011-12-06,50.34,35.12
2011-12-07,50.5,35.07
2011-12-08,50.14,34.56
2011-12-09,50.77,35.0
2011-12-12,50.31,34.7
2011-12-13,50.48,34.83
2011-12-14,50.18,34.61
2011-12-15,50.78,35.03
2011-12-16,50.65,34.54
2011-12-19,50.36,34.28
2011-12-20,52.12,35.01
2011-12-21,52.79,35.53
2011-12-22,52.72,35.57
2011-12-23,52.95,35.8
2011-12-27,53.43,36.09
2011-12-28,53.08,35.96
2011-12-29,53.53,36.24
2011-12-30,53.08,35.98
2012-01-03,52.5,35.34
2012-01-04,52.07,35.14
2012-01-05,51.96,35.21
2012-01-06,51.43,35.02
2012-01-09,51.36,35.07
2012-01-10,51.29,35.12
2012-01-11,51.17,34.96
2012-01-12,50.93,34.91
2012-01-13,50.6,34.89
2012-01-17,50.8,34.86
2012-01-18,50.43,34.85
2012-01-19,50.3,34.56
2012-01-20,50.57,34.61
2012-01-23,50.48,34.75
2012-01-24,50.31,34.47
2012-01-25,51.11,35.04
2012-01-26,50.85,35.16
2012-01-27,49.56,34.73
2012-01-30,49.34,34.51
2012-01-31,50.04,34.68
2012-02-01,50.42,34.8
2012-02-02,50.51,34.74
2012-02-03,50.38,34.83
2012-02-06,50.27,34.68
2012-02-07,50.42,34.93
2012-02-08,50.2,34.97
2012-02-09,49.86,34.87
2012-02-10,49.91,34.8
2012-02-13,49.93,34.76
2012-02-14,50.23,34.77
2012-02-15,50.08,34.7
2012-02-16,50.42,35.07
2012-02-17,50.57,35.05
2012-02-21,50.14,34.92
2012-02-22,50.47,34.96
2012-02-23,50.94,34.93
2012-02-24,51.32,35.08
2012-02-27,51.41,35.07
2012-02-28,51.25,34.9
2012-02-29,50.47,34.89
2012-03-01,50.41,34.98
2012-03-02,50.52,34.96
2012-03-05,50.82,35.04
2012-03-06,50.52,34.9
2012-03-07,50.49,34.92
2012-03-08,50.6,35.03
2012-03-09,50.76,35.17
2012-03-12,51.33,35.57
2012-03-13,51.36,35.69
2012-03-14,50.55,35.16
2012-03-15,50.48,35.13
2012-03-16,50.32,34.78
2012-03-19,50.26,34.54
2012-03-20,50.64,34.58
2012-03-21,50.46,34.51
2012-03-22,50.42,34.59
2012-03-23,50.28,34.6
2012-03-26,50.71,34.84
2012-03-27,51.01,35.005
2012-03-28,50.69,34.72
2012-03-29,50.78,34.855
2012-03-30,51.21,35.045
2012-04-02,51.5,35.22
2012-04-03,51.54,35.2
2012-04-04,51.59,35.15
2012-04-05,51.38,34.89
2012-04-09,50.9,34.7129
2012-04-10,50.2,34.26
2012-04-11,50.17,34.34
2012-04-12,50.3,34.445
2012-04-13,50.28,34.33
2012-04-16,50.74,34.655
2012-04-17,50.99,34.83
2012-04-18,50.62,34.78
2012-04-19,50.54,34.68
2012-04-20,51.02,35.02
2012-04-23,50.85,34.87
2012-04-24,50.81,35.11
2012-04-25,51.24,35.29
2012-04-26,51.89,35.49
2012-04-27,52.07,35.61
2012-04-30,52.19,35.66
2012-05-01,52.44,35.84
2012-05-02,52.11,35.63
2012-05-03,51.92,35.52
2012-05-04,51.99,35.57
2012-05-07,51.87,35.5
2012-05-08,51.96,35.56
2012-05-09,51.67,35.58
2012-05-10,52.11,35.91
2012-05-11,52.22,35.93
2012-05-14,52.27,35.89
2012-05-15,52.3,35.64
2012-05-16,52.51,35.69
2012-05-17,51.89,35.49
2012-05-18,52.29,35.42
2012-05-21,52.23,35.46
2012-05-22,52.47,35.71
2012-05-23,52.21,35.52
2012-05-24,52.5,35.66
2012-05-25,52.55,35.78
2012-05-29,52.5,35.89
2012-05-30,51.86,35.67
2012-05-31,52.06,35.86
2012-06-01,51.63,35.71
2012-06-04,51.53,35.83
2012-06-05,51.47,35.96
2012-06-06,52.25,36.46
2012-06-07,52.74,36.74
2012-06-08,53.23,36.82
2012-06-11,52.81,36.79
2012-06-12,52.83,36.8301
2012-06-13,53.05,36.84
2012-06-14,53.72,37.09
2012-06-15,53.78,36.93
2012-06-18,54.29,37.07
2012-06-19,54.38,36.99
2012-06-20,54.17,36.63
2012-06-21,53.68,36.25
2012-06-22,53.61,36.26
2012-06-25,53.34,36.19
2012-06-26,53.37,36.24
2012-06-27,53.92,36.65
2012-06-28,53.77,36.78
2012-06-29,54.0,36.99
2012-07-02,54.39,37.22
2012-07-03,54.23,37.13
2012-07-05,53.78,36.91
2012-07-06,53.83,36.83
2012-07-09,53.77,36.71
2012-07-10,53.7,36.77
2012-07-11,54.04,36.96
2012-07-12,53.7,37.01
2012-07-13,54.19,37.34
2012-07-16,54.19,37.32
2012-07-17,54.23,37.4
2012-07-18,54.37,37.52
2012-07-19,54.19,37.59
2012-07-20,53.96,37.67
2012-07-23,53.5,37.42
2012-07-24,53.01,37.09
2012-07-25,53.29,37.07
2012-07-26,54.13,37.65
2012-07-27,54.97,38.09
2012-07-30,54.92,38.23
2012-07-31,54.31,37.92
2012-08-01,54.01,37.63
2012-08-02,53.81,37.42
2012-08-03,54.41,37.86
2012-08-06,54.33,37.77
2012-08-07,53.98,37.38
2012-08-08,53.67,37.43
2012-08-09,53.63,37.43
2012-08-10,53.72,37.54
2012-08-13,53.45,37.5
2012-08-14,53.5,37.46
2012-08-15,53.81,37.28
2012-08-16,53.95,37.19
2012-08-17,53.92,37.09
2012-08-20,54.12,37.16
2012-08-21,53.8,36.89
2012-08-22,53.61,36.83
2012-08-23,53.14,36.45
2012-08-24,53.49,36.62
2012-08-27,54.05,36.7
2012-08-28,53.95,36.63
2012-08-29,52.97,36.57
2012-08-30,52.52,36.39
2012-08-31,52.48,36.35
2012-09-04,52.51,36.485
2012-09-05,52.5,36.33
2012-09-06,53.77,36.74
2012-09-07,53.16,36.62
2012-09-10,53.28,36.58
2012-09-11,52.94,36.49
2012-09-12,52.76,36.28
2012-09-13,53.59,36.79
2012-09-14,52.82,36.54
2012-09-17,52.61,36.31
2012-09-18,52.25,36.2
2012-09-19,52.36,36.24
2012-09-20,52.72,36.39
2012-09-21,52.7,36.025
2012-09-24,53.11,36.37
2012-09-25,52.65,36.29
2012-09-26,52.89,36.37
2012-09-27,52.81,36.225
2012-09-28,52.94,36.39
2012-10-01,52.81,36.22
2012-10-02,53.23,36.41
2012-10-03,53.33,36.59
2012-10-04,53.38,36.8
2012-10-05,53.26,36.74
2012-10-08,53.03,36.8
2012-10-09,52.82,36.73
2012-10-10,53.22,36.67
2012-10-11,53.03,36.71
2012-10-12,52.68,36.5
2012-10-15,52.76,36.65
2012-10-16,52.66,36.79
2012-10-17,53.35,37.2414
2012-10-18,53.58,37.41
2012-10-19,53.51,37.11
2012-10-22,52.96,37.01
2012-10-23,52.69,36.67
2012-10-24,52.45,36.4
2012-10-25,51.95,36.58
2012-10-26,52.07,36.58
2012-10-31,52.78,36.8952
2012-11-01,52.02,36.51
2012-11-02,51.7,36.26
2012-11-05,50.93,35.67
2012-11-06,50.97,35.69
2012-11-07,49.86,34.94
2012-11-08,49.43,34.882
2012-11-09,49.33,34.67
2012-11-12,49.19,34.38
2012-11-13,50.21,34.51
2012-11-14,49.89,34.265
2012-11-15,49.68,34.07
2012-11-16,50.15,34.36
2012-11-19,50.28,34.39
2012-11-20,50.34,34.33
2012-11-21,50.16,34.18
2012-11-23,50.12,34.09
2012-11-26,50.65,34.52
2012-11-27,50.54,34.61
2012-11-28,50.43,34.75
2012-11-29,50.67,34.95
2012-11-30,51.11,35.32
2012-12-03,50.75,35.1
2012-12-04,50.4,34.92
2012-12-05,51.73,35.45
2012-12-06,51.54,35.43
2012-12-07,51.69,35.455
2012-12-10,51.59,35.47
2012-12-11,51.6,35.55
2012-12-12,51.56,35.49
2012-12-13,51.34,35.35
2012-12-14,51.19,35.21
2012-12-17,51.96,35.75
2012-12-18,52.23,36.0
2012-12-19,51.8,35.73
2012-12-20,52.2,35.8406
2012-12-21,51.94,35.31
2012-12-24,51.94,35.16
2012-12-26,51.71,34.86
2012-12-27,51.62,34.8
2012-12-28,51.08,34.45
2012-12-31,51.8,34.9205
2013-01-02,52.92,35.56
2013-01-03,52.98,35.56
2013-01-04,53.54,35.74
2013-01-07,52.66,35.39
2013-01-08,52.37,35.28
2013-01-09,52.2,35.21
2013-01-10,52.22,35.36
2013-01-11,52.43,35.4
2013-01-14,52.39,35.33
2013-01-15,52.53,35.43
2013-01-16,52.4,35.26
2013-01-17,52.41,35.4
2013-01-18,52.92,35.68
2013-01-22,53.29,35.98
2013-01-23,53.36,35.89
2013-01-24,53.79,36.05
2013-01-25,53.88,36.23
2013-01-28,53.75,36.21
2013-01-29,54.36,36.46
2013-01-30,54.52,36.49
2013-01-31,54.11,36.58
2013-02-01,54.17,36.68
2013-02-04,54.07,36.43
2013-02-05,54.31,36.53
2013-02-06,54.35,36.64
2013-02-07,54.31,36.69
2013-02-08,54.31,36.69
2013-02-11,54.33,36.78
2013-02-12,54.63,36.94
2013-02-13,54.69,36.94
2013-02-14,54.47,36.64
2013-02-15,54.92,36.72
2013-02-19,55.59,37.04
2013-02-20,55.89,36.97
2013-02-21,55.7,36.81
2013-02-22,56.38,37.18
2013-02-25,55.71,36.85
2013-02-26,55.28,36.96
2013-02-27,55.81,37.3
2013-02-28,56.0,37.43
2013-03-01,56.42,37.5
2013-03-04,56.41,37.88
2013-03-05,56.51,38.08
2013-03-06,56.46,38.06
2013-03-07,55.87,37.89
2013-03-08,55.87,37.97
2013-03-11,56.3,38.06
2013-03-12,56.02,37.96
2013-03-13,56.34,38.13
2013-03-14,56.35,38.208
2013-03-15,56.79,38.13
2013-03-18,56.43,37.92
2013-03-19,56.74,38.02
2013-03-20,57.2,38.3
2013-03-21,56.92,38.11
2013-03-22,56.77,38.17
2013-03-25,56.86,38.09
2013-03-26,57.59,38.45
2013-03-27,57.53,38.63
2013-03-28,58.18,39.1
2013-04-01,58.19,39.01
2013-04-02,58.62,39.14
2013-04-03,58.75,39.03
2013-04-04,59.49,39.4
2013-04-05,59.63,39.57
2013-04-08,60.07,39.87
2013-04-09,59.85,39.75
2013-04-10,60.17,40.07
2013-04-11,59.99,40.16
2013-04-12,60.12,40.33
2013-04-15,59.27,39.75
2013-04-16,59.82,40.23
2013-04-17,59.33,40.0
2013-04-18,59.8,40.13
2013-04-19,61.07,40.73
2013-04-22,60.96,40.68
2013-04-23,61.01,40.78
2013-04-24,61.12,40.91
2013-04-25,60.75,40.92
2013-04-26,61.01,40.98
2013-04-29,61.21,41.32
2013-04-30,61.68,41.43
2013-05-01,61.14,41.02
2013-05-02,61.11,40.97
2013-05-03,60.91,40.89
2013-05-06,60.47,40.32
2013-05-07,60.93,40.71
2013-05-08,60.5,40.35
2013-05-09,59.45,39.74
2013-05-10,59.75,39.83
2013-05-13,59.69,39.62
2013-05-14,60.46,39.89
2013-05-15,60.66,40.27
2013-05-16,60.38,39.94
2013-05-17,61.17,40.32
2013-05-20,60.75,40.12
2013-05-21,60.69,40.2
2013-05-22,59.26,39.52
2013-05-23,58.95,39.25
2013-05-24,57.62,38.83
2013-05-28,57.73,38.38
2013-05-29,57.07,37.81
2013-05-30,57.09,37.91
2013-05-31,56.55,37.68
2013-06-03,55.55,37.76
2013-06-04,55.66,37.63
2013-06-05,54.56,37.3
2013-06-06,55.3,37.74
2013-06-07,55.64,37.97
2013-06-10,55.79,37.96
2013-06-11,55.33,37.71
2013-06-12,55.32,37.34
2013-06-13,56.4,37.945
2013-06-14,56.04,38.0
2013-06-17,56.73,38.12
2013-06-18,57.0,38.38
2013-06-19,55.74,37.5
2013-06-20,54.24,36.44
2013-06-21,55.01,36.54
2013-06-24,55.2,36.51
2013-06-25,55.87,36.99
2013-06-26,56.29,37.46
2013-06-27,56.48,37.54
2013-06-28,56.82,37.63
2013-07-01,56.24,37.16
2013-07-02,56.38,37.15
2013-07-03,56.34,37.0082
2013-07-05,56.25,36.9
2013-07-08,56.88,37.43
2013-07-09,57.34,37.7
2013-07-10,57.39,37.91
2013-07-11,58.56,38.52
2013-07-12,58.8,38.64
2013-07-15,59.72,39.27
2013-07-16,59.44,39.055
2013-07-17,59.48,39.04
2013-07-18,60.16,39.38
2013-07-19,59.68,39.39
2013-07-22,59.79,39.35
2013-07-23,59.86,39.45
2013-07-24,58.85,38.85
2013-07-25,59.36,39.21
2013-07-26,59.52,39.35
2013-07-29,59.36,39.42
2013-07-30,59.4,39.55
2013-07-31,59.31,39.26
2013-08-01,59.44,39.59
2013-08-02,59.43,39.54
2013-08-05,59.6,39.28
2013-08-06,59.32,39.08
2013-08-07,59.87,39.26
2013-08-08,60.29,39.41
2013-08-09,60.33,39.14
2013-08-12,60.07,38.93
2013-08-13,60.25,38.72
2013-08-14,58.86,38.47
2013-08-15,57.91,37.98
2013-08-16,57.44,37.54
2013-08-19,57.38,37.22
2013-08-20,57.88,37.57
2013-08-21,57.29,37.14
2013-08-22,57.76,37.35
2013-08-23,58.86,37.66
2013-08-26,58.34,37.38
2013-08-27,58.51,37.36
2013-08-28,58.74,37.49
2013-08-29,58.53,37.27
2013-08-30,58.35,37.3
2013-09-03,57.78,36.87
2013-09-04,57.62,36.87
2013-09-05,57.51,36.72
2013-09-06,57.53,36.98
2013-09-09,58.02,37.11
2013-09-10,58.41,37.4
2013-09-11,58.61,37.035
2013-09-12,59.78,36.93
2013-09-13,61.28,37.21
2013-09-16,61.11,37.31
2013-09-17,61.75,37.53
2013-09-18,63.39,38.65
2013-09-19,63.21,38.469
2013-09-20,62.27,37.53
2013-09-23,62.64,37.985
2013-09-24,62.45,37.959
2013-09-25,62.42,37.7
2013-09-26,62.81,37.65
2013-09-27,62.43,37.41
2013-09-30,62.48,37.369
2013-10-01,62.51,37.48
2013-10-02,62.34,37.52
2013-10-03,61.96,37.08
2013-10-04,62.22,37.15
2013-10-07,61.65,36.97
2013-10-08,61.61,37.23
2013-10-09,61.51,37.38
2013-10-10,62.59,37.94
2013-10-11,62.95,38.115
2013-10-14,62.61,37.91
2013-10-15,61.8,37.38
2013-10-16,63.17,37.72
2013-10-17,63.85,38.33
2013-10-18,63.68,38.43
2013-10-21,63.62,38.35
2013-10-22,64.35,38.84
2013-10-23,64.23,38.87
2013-10-24,64.16,38.79
2013-10-25,64.66,39.2
2013-10-28,64.34,39.12
2013-10-29,64.7,39.175
2013-10-30,64.03,38.92
2013-10-31,63.75,38.78
2013-11-01,64.09,39.06
2013-11-04,63.99,39.141
2013-11-05,64.57,38.86
2013-11-06,66.03,39.39
2013-11-07,65.34,39.02
2013-11-08,65.41,38.95
2013-11-11,65.88,38.94
2013-11-12,65.65,38.61
2013-11-13,66.33,38.8
2013-11-14,67.06,39.14
2013-11-15,67.52,39.365
2013-11-18,67.8,39.32
2013-11-19,67.72,39.03
2013-11-20,66.63,38.6
2013-11-21,66.74,38.69
2013-11-22,66.62,38.66
2013-11-25,66.35,38.51
2013-11-26,65.9,38.13
2013-11-27,65.05,38.05
2013-11-29,64.91,38.03
2013-12-02,64.31,37.87
2013-12-03,64.79,38.06
2013-12-04,64.13,38.23
2013-12-05,63.45,37.92
2013-12-06,64.42,38.44
2013-12-09,63.74,38.21
2013-12-10,63.5,37.83
2013-12-11,63.25,37.52
2013-12-12,63.5,37.57
2013-12-13,63.58,37.51
2013-12-16,63.86,37.71
2013-12-17,63.88,37.64
2013-12-18,64.78,38.14
2013-12-19,64.5,37.86
2013-12-20,64.55,37.83
2013-12-23,64.12,37.68
2013-12-24,64.65,37.83
2013-12-26,64.43,37.66
2013-12-27,64.41,37.81
2013-12-30,64.39,37.9
2013-12-31,64.69,37.97
2014-01-02,63.58,37.39
2014-01-03,63.51,37.27
2014-01-06,63.52,37.33
2014-01-07,64.69,37.66
2014-01-08,64.76,37.46
2014-01-09,66.32,37.68
2014-01-10,67.78,38.22
2014-01-13,67.17,37.83
2014-01-14,67.11,37.88
2014-01-15,66.63,37.81
2014-01-16,66.48,38.07
2014-01-17,66.29,38.06
2014-01-21,66.88,38.48
2014-01-22,67.12,38.52
2014-01-23,66.4,38.41
2014-01-24,65.93,37.98
2014-01-27,66.42,38.07
2014-01-28,66.26,38.21
2014-01-29,66.28,38.19
2014-01-30,67.05,38.78
2014-01-31,67.91,39.1
2014-02-03,67.12,38.79
2014-02-04,65.85,38.56
2014-02-05,65.7,38.39
2014-02-06,65.93,38.67
2014-02-07,66.93,38.88
2014-02-10,68.49,39.17
2014-02-11,69.14,39.54
2014-02-12,69.36,39.59
2014-02-13,70.69,40.02
2014-02-14,71.11,40.28
2014-02-18,70.86,40.42
2014-02-19,70.64,40.19
2014-02-20,71.5,40.5
2014-02-21,71.39,40.55
2014-02-24,71.29,40.45
2014-02-25,71.26,40.4
2014-02-26,69.76,40.27
2014-02-27,69.58,40.17
2014-02-28,69.4,40.45
2014-03-03,68.59,40.05
2014-03-04,69.29,40.34
2014-03-05,68.52,40.07
2014-03-06,67.97,39.87
2014-03-07,68.44,39.99
2014-03-10,68.35,39.89
2014-03-11,68.05,39.78
2014-03-12,68.98,40.28
2014-03-13,69.5,40.7
2014-03-14,69.89,40.89
2014-03-17,70.6,41.16
2014-03-18,70.5,41.1
2014-03-19,69.83,40.45
2014-03-20,69.77,40.54
2014-03-21,70.06,40.51
2014-03-24,69.77,40.62
2014-03-25,70.07,40.79
2014-03-26,70.36,40.62
2014-03-27,70.95,40.95
2014-03-28,71.09,41.01
2014-03-31,70.99,41.46
2014-04-01,70.4,41.17
2014-04-02,70.28,41.11
2014-04-03,69.77,41.24
2014-04-04,69.62,41.46
2014-04-07,69.19,41.39
2014-04-08,70.48,41.98
2014-04-09,70.3,41.89
2014-04-10,69.58,41.73
2014-04-11,69.42,41.69
2014-04-14,70.23,41.94
2014-04-15,70.57,42.52
2014-04-16,71.53,42.83
2014-04-17,70.67,42.3
2014-04-21,70.73,42.25
2014-04-22,70.87,42.31
2014-04-23,71.06,42.33
2014-04-24,71.52,42.62
2014-04-25,72.33,43.11
2014-04-28,72.74,43.32
2014-04-29,72.46,43.14
2014-04-30,72.54,43.21
2014-05-01,72.48,43.39
2014-05-02,70.86,42.5
2014-05-05,71.16,42.88
2014-05-06,70.64,42.67
2014-05-07,72.21,43.36
2014-05-08,71.08,42.89
2014-05-09,69.86,42.26
2014-05-12,69.33,41.87
2014-05-13,69.8,41.97
2014-05-14,70.57,42.18
2014-05-15,70.08,42.01
2014-05-16,70.33,42.14
2014-05-19,69.04,41.49
2014-05-20,68.92,41.49
2014-05-21,68.96,41.52
2014-05-22,69.82,41.86
2014-05-23,69.32,41.76
2014-05-27,69.42,42.09
2014-05-28,68.35,42.34
2014-05-29,68.52,42.46
2014-05-30,68.96,42.74
2014-06-02,69.6,42.73
2014-06-03,69.87,42.89
2014-06-04,70.05,42.87
2014-06-05,70.23,43.23
2014-06-06,69.85,43.08
2014-06-09,69.01,42.79
2014-06-10,68.63,42.69
2014-06-11,67.71,42.15
2014-06-12,68.03,42.28
2014-06-13,68.44,42.55
2014-06-16,68.5,42.84
2014-06-17,68.48,42.78
2014-06-18,69.95,43.75
2014-06-19,71.0,44.11
2014-06-20,70.38,43.47
2014-06-23,70.04,43.32
2014-06-24,70.34,43.45
2014-06-25,69.76,43.61
2014-06-26,71.13,43.74
2014-06-27,70.82,43.91
2014-06-30,71.52,44.26
2014-07-01,71.16,43.82
2014-07-02,69.64,42.97
2014-07-03,68.66,42.5
2014-07-07,68.86,42.7
2014-07-08,69.15,42.99
2014-07-09,69.2,42.87
2014-07-10,69.98,43.16
2014-07-11,69.5,42.83
2014-07-14,68.9,42.34
2014-07-15,69.52,42.56
2014-07-16,69.77,42.7
2014-07-17,69.14,42.31
2014-07-18,70.16,42.74
2014-07-21,70.02,42.7
2014-07-22,69.94,42.61
2014-07-23,70.21,42.65
2014-07-24,70.34,42.78
2014-07-25,69.86,42.44
2014-07-28,70.88,43.03
2014-07-29,69.93,42.63
2014-07-30,68.97,41.91
2014-07-31,67.64,41.25
2014-08-01,67.59,41.41
2014-08-04,67.03,41.185
2014-08-05,66.01,40.69
2014-08-06,64.91,40.17
2014-08-07,65.76,40.63
2014-08-08,67.85,41.44
2014-08-11,67.55,41.29
2014-08-12,67.49,41.26
2014-08-13,67.77,41.45
2014-08-14,68.29,41.81
2014-08-15,68.9,41.97
2014-08-18,68.68,41.86
2014-08-19,69.59,42.39
2014-08-20,69.65,42.48
2014-08-21,69.69,42.58
2014-08-22,69.51,42.45
2014-08-25,70.09,42.74
2014-08-26,69.43,42.23
2014-08-27,69.48,42.69
2014-08-28,69.85,43.0
2014-08-29,70.22,43.28
2014-09-02,69.47,42.89
2014-09-03,69.66,43.1
2014-09-04,70.27,43.08
2014-09-05,71.29,43.62
2014-09-08,70.85,43.36
2014-09-09,69.87,42.86
2014-09-10,69.53,42.67
2014-09-11,69.92,43.03
2014-09-12,68.58,42.26
2014-09-15,68.66,42.39
2014-09-16,69.34,42.93
2014-09-17,69.05,42.85
2014-09-18,68.52,42.54
2014-09-19,68.92,42.54
2014-09-22,68.3,42.22
2014-09-23,68.3,42.1
2014-09-24,68.11,41.95
2014-09-25,67.63,41.7
2014-09-26,68.03,41.76
2014-09-29,68.48,42.03
2014-09-30,69.09,42.09
2014-10-01,69.26,42.33
2014-10-02,69.32,42.27
2014-10-03,70.04,42.54
2014-10-06,70.07,42.54
2014-10-07,70.19,42.48
2014-10-08,72.12,43.44
2014-10-09,70.43,42.73
2014-10-10,70.62,42.93
2014-10-13,69.99,42.89
2014-10-14,68.18,43.28
2014-10-15,66.33,42.71
2014-10-16,67.98,42.75
2014-10-17,68.73,43.0
2014-10-20,69.47,43.6
2014-10-21,70.01,43.75
2014-10-22,70.03,44.02
2014-10-23,70.1,44.1
2014-10-24,70.72,44.53
2014-10-27,70.36,44.43
2014-10-28,70.71,44.74
2014-10-29,70.17,44.48
2014-10-30,71.58,45.46
2014-10-31,71.3,45.47
2014-11-03,72.56,45.77
2014-11-04,71.82,45.53
2014-11-05,74.18,46.56
2014-11-06,73.08,45.77
2014-11-07,73.89,46.25
2014-11-10,74.36,46.48
2014-11-11,73.91,46.31
2014-11-12,72.71,45.5
2014-11-13,72.26,45.13
2014-11-14,71.57,44.94
2014-11-17,72.16,45.53
2014-11-18,72.2,45.66
2014-11-19,72.46,45.62
2014-11-20,72.67,45.52
2014-11-21,73.25,45.7
2014-11-24,73.05,45.32
2014-11-25,72.63,45.32
2014-11-26,72.53,45.52
2014-11-28,72.55,46.0
2014-12-01,72.28,46.09
2014-12-02,72.84,46.4
2014-12-03,72.58,46.27
2014-12-04,72.74,46.23
2014-12-05,72.15,45.87
2014-12-08,72.35,46.24
2014-12-09,72.51,46.47
2014-12-10,71.88,45.89
2014-12-11,73.37,46.35
2014-12-12,72.72,45.91
2014-12-15,71.98,45.52
2014-12-16,71.79,45.48
2014-12-17,73.97,46.29
2014-12-18,75.33,47.2
2014-12-19,75.4,46.86
2014-12-22,76.51,46.98
2014-12-23,76.9,47.1
2014-12-24,78.38,47.97
2014-12-26,79.28,48.55
2014-12-29,80.23,49.11
2014-12-30,78.3,48.09
2014-12-31,76.9,47.22
2015-01-02,77.49,47.44
2015-01-05,76.55,46.86
2015-01-06,76.16,46.89
2015-01-07,76.47,47.35
2015-01-08,77.37,47.68
2015-01-09,76.5,47.38
2015-01-12,76.5,47.27
2015-01-13,76.44,47.4
2015-01-14,76.45,47.81
2015-01-15,77.17,48.19
2015-01-16,77.76,48.62
2015-01-20,78.37,48.74
2015-01-21,79.27,49.21
2015-01-22,78.72,49.0
2015-01-23,79.09,49.14
2015-01-26,78.93,49.11
2015-01-27,78.98,49.18
2015-01-28,77.85,48.76
2015-01-29,79.14,49.41
2015-01-30,76.89,48.32
2015-02-02,77.72,48.53
2015-02-03,78.58,48.71
2015-02-04,77.63,48.12
2015-02-05,78.69,48.56
2015-02-06,75.71,46.56
2015-02-09,75.23,46.15
2015-02-10,76.66,47.1
2015-02-11,74.12,46.08
2015-02-12,73.72,45.87
2015-02-13,72.91,45.17
2015-02-17,73.18,45.13
2015-02-18,74.67,46.2
2015-02-19,73.79,45.68
2015-02-20,73.99,45.69
2015-02-23,73.9,46.0
2015-02-24,74.06,46.34
2015-02-25,72.71,45.58
2015-02-26,71.95,45.28
2015-02-27,72.09,45.23
2015-03-02,70.32,44.36
2015-03-03,70.97,44.63
2015-03-04,70.61,44.38
2015-03-05,71.18,44.73
2015-03-06,69.58,43.39
2015-03-09,69.57,43.47
2015-03-10,69.26,43.39
2015-03-11,68.75,43.11
2015-03-12,69.82,43.93
2015-03-13,68.96,43.48
2015-03-16,69.98,44.23
2015-03-17,69.99,44.16
2015-03-18,71.92,45.35
2015-03-19,71.6,44.93
2015-03-20,72.19,44.98
2015-03-23,72.2,45.01
2015-03-24,71.46,44.51
2015-03-25,70.7,43.99
2015-03-26,70.36,43.62
2015-03-27,70.39,43.88
2015-03-30,71.14,44.42
2015-03-31,70.87,44.43
2015-04-01,71.51,44.47
2015-04-02,71.58,44.55
2015-04-06,72.71,45.17
2015-04-07,71.95,44.65
2015-04-08,71.75,44.52
2015-04-09,71.37,44.33
2015-04-10,71.9,44.66
2015-04-13,71.09,44.22
2015-04-14,71.63,44.44
2015-04-15,72.42,44.55
2015-04-16,71.8,44.26
2015-04-17,71.47,44.1
2015-04-20,72.75,44.76
2015-04-21,72.09,44.36
2015-04-22,72.52,44.45
2015-04-23,73.2,44.7
2015-04-24,73.54,45.15
2015-04-27,72.57,44.61
2015-04-28,72.74,44.93
2015-04-29,72.3,44.74
2015-04-30,71.68,44.22
2015-05-01,71.7,44.47
2015-05-04,71.76,44.8
2015-05-05,70.82,43.8
2015-05-06,70.71,43.56
2015-05-07,70.93,43.72
2015-05-08,71.79,44.03
2015-05-11,71.01,43.73
2015-05-12,71.09,43.68
2015-05-13,70.9,43.25
2015-05-14,71.6,43.75
2015-05-15,72.19,44.32
2015-05-18,72.26,44.49
2015-05-19,72.19,44.59
2015-05-20,71.89,44.66
2015-05-21,72.02,44.64
2015-05-22,71.97,44.57
2015-05-26,71.51,44.29
2015-05-27,70.83,44.47
2015-05-28,70.97,44.57
2015-05-29,70.52,44.5
2015-06-01,70.5,44.56
2015-06-02,69.59,43.97
2015-06-03,68.43,43.32
2015-06-04,67.88,43.26
2015-06-05,67.14,42.72
2015-06-08,66.93,42.47
2015-06-09,66.83,42.37
2015-06-10,66.85,42.58
2015-06-11,67.27,42.92
2015-06-12,66.8,42.54
2015-06-15,67.1,42.47
2015-06-16,67.37,42.67
2015-06-17,68.0,43.03
2015-06-18,68.85,43.6
2015-06-19,68.05,42.79
2015-06-22,68.26,42.73
2015-06-23,67.56,42.15
2015-06-24,67.65,41.82
2015-06-25,67.04,41.54
2015-06-26,67.27,41.79
2015-06-29,67.29,41.57
2015-06-30,66.87,41.46
2015-07-01,67.07,41.71
2015-07-02,67.9,42.23
2015-07-06,67.85,42.4
2015-07-07,69.33,43.45
2015-07-08,69.43,43.22
2015-07-09,68.65,42.74
2015-07-10,68.96,42.97
2015-07-13,69.09,42.99
2015-07-14,69.2,42.93
2015-07-15,69.52,43.14
2015-07-16,70.18,43.78
2015-07-17,69.65,43.35
2015-07-20,69.29,43.13
2015-07-21,68.77,42.74
2015-07-22,68.73,42.93
2015-07-23,68.23,42.29
2015-07-24,68.59,42.33
2015-07-27,69.14,42.87
2015-07-28,70.13,43.07
2015-07-29,70.65,43.23
2015-07-30,71.05,43.55
2015-07-31,71.7,43.99
2015-08-03,71.72,44.22
2015-08-04,70.25,43.51
2015-08-05,71.16,43.62
2015-08-06,71.33,43.85
2015-08-07,72.34,44.39
2015-08-10,72.35,44.21
2015-08-11,72.68,44.43
2015-08-12,74.49,45.22
2015-08-13,74.93,45.23
2015-08-14,75.37,45.57
2015-08-17,76.22,45.79
2015-08-18,76.09,45.68
2015-08-19,76.14,45.87
2015-08-20,75.72,45.6
2015-08-21,75.4,45.05
2015-08-24,72.36,43.37
2015-08-25,70.23,42.03
2015-08-26,70.62,42.78
2015-08-27,71.21,43.28
2015-08-28,71.03,43.15
2015-08-31,69.75,42.46
2015-09-01,67.8,41.31
2015-09-02,68.09,41.34
2015-09-03,68.09,41.53
2015-09-04,67.23,40.96
2015-09-08,68.72,41.83
2015-09-09,68.08,41.31
2015-09-10,67.27,41.24
2015-09-11,67.76,41.55
2015-09-14,68.11,41.65
2015-09-15,68.08,41.87
2015-09-16,68.75,42.29
2015-09-17,69.46,42.87
2015-09-18,69.0,42.23
2015-09-21,69.32,42.4
2015-09-22,69.08,41.87
2015-09-23,69.22,41.98
2015-09-24,69.42,42.32
2015-09-25,70.06,42.73
2015-09-28,69.43,42.52
2015-09-29,69.29,42.53
2015-09-30,70.38,43.29
2015-10-01,69.16,42.78
2015-10-02,69.35,43.35
2015-10-05,70.32,43.91
2015-10-06,69.78,43.61
2015-10-07,69.78,43.46
2015-10-08,70.71,44.0
2015-10-09,71.02,43.79
2015-10-12,72.0,44.18
2015-10-13,71.9,44.08
2015-10-14,72.09,44.07
2015-10-15,72.8,44.72
2015-10-16,73.14,44.78
2015-10-19,73.37,44.81
2015-10-20,73.69,44.96
2015-10-21,73.92,44.87
2015-10-22,74.49,45.39
2015-10-23,73.08,44.59
2015-10-26,72.84,44.43
2015-10-27,72.36,44.27
2015-10-28,71.52,43.8
2015-10-29,70.88,43.55
2015-10-30,71.43,43.75
2015-11-02,70.73,43.8
2015-11-03,70.71,43.93
2015-11-04,70.57,44.16
2015-11-05,70.24,43.78
2015-11-06,67.85,42.25
2015-11-09,67.73,42.36
2015-11-10,67.8,42.74
2015-11-11,68.31,43.11
2015-11-12,67.91,42.7
2015-11-13,68.2,42.54
2015-11-16,69.26,43.26
2015-11-17,68.3,42.48
2015-11-18,68.48,42.75
2015-11-19,68.82,43.21
2015-11-20,69.0,43.39
2015-11-23,67.58,42.99
2015-11-24,67.48,42.93
2015-11-25,67.22,42.67
2015-11-27,67.37,42.75
2015-11-30,67.37,42.82
2015-12-01,67.41,43.16
2015-12-02,66.14,42.2
2015-12-03,65.17,41.88
2015-12-04,66.6,42.47
2015-12-07,66.14,42.66
2015-12-08,65.91,42.6
2015-12-09,66.19,42.61
2015-12-10,65.2,41.905
2015-12-11,64.89,41.79
2015-12-14,65.4,42.0
2015-12-15,66.15,42.33
2015-12-16,67.57,43.4
2015-12-17,67.54,43.49
2015-12-18,66.9,42.51
2015-12-21,66.56,42.48
2015-12-22,67.14,42.84
2015-12-23,68.08,43.5
2015-12-24,67.77,43.47
2015-12-28,67.86,43.55
2015-12-29,68.64,43.79
2015-12-30,68.68,43.75
2015-12-31,67.64,43.28
2016-01-04,67.47,43.19
2016-01-05,68.05,43.5
2016-01-06,68.47,43.42
2016-01-07,68.51,43.13
2016-01-08,69.52,43.11
2016-01-11,69.41,43.34
2016-01-12,68.9,43.17
2016-01-13,69.02,43.15
2016-01-14,69.67,43.8
2016-01-15,68.88,43.41
2016-01-19,69.9,44.06
2016-01-20,68.73,43.07
2016-01-21,68.49,43.03
2016-01-22,69.76,43.8
2016-01-25,69.56,43.43
2016-01-26,69.72,43.73
2016-01-27,69.71,43.83
2016-01-28,70.94,44.53
2016-01-29,72.17,45.42
2016-02-01,70.18,45.85
2016-02-02,69.89,46.05
2016-02-03,69.93,46.62
2016-02-04,70.43,46.42
2016-02-05,71.06,46.57
2016-02-08,69.49,46.41
2016-02-09,70.43,46.57
2016-02-10,70.29,46.52
2016-02-11,69.21,45.7
2016-02-12,68.94,45.56
2016-02-16,69.15,45.85
2016-02-17,69.77,45.76
2016-02-18,69.75,46.51
2016-02-19,69.46,46.2
2016-02-22,70.74,46.74
2016-02-23,70.88,46.78
2016-02-24,71.22,47.0
2016-02-25,71.83,47.48
2016-02-26,70.02,46.17
2016-02-29,69.92,46.3
2016-03-01,69.95,46.07
2016-03-02,68.77,46.31
2016-03-03,69.99,46.59
2016-03-04,70.62,47.11
2016-03-07,71.22,47.37
2016-03-08,71.72,47.84
2016-03-09,72.1,48.06
2016-03-10,71.59,48.0992
2016-03-11,72.22,48.15
2016-03-14,72.34,48.21
2016-03-15,72.99,48.3
2016-03-16,73.56,49.04
2016-03-17,74.55,49.31
2016-03-18,73.46,48.63
2016-03-21,73.63,48.58
2016-03-22,72.96,48.42
2016-03-23,73.51,48.78
2016-03-24,73.42,48.91
2016-03-28,73.15,48.73
2016-03-29,74.64,49.45
2016-03-30,74.75,49.33
2016-03-31,75.12,49.62
2016-04-01,75.39,49.81
2016-04-04,74.58,49.6
2016-04-05,73.05,48.67
2016-04-06,72.75,48.61
2016-04-07,72.97,48.59
2016-04-08,73.04,48.85
2016-04-11,72.87,48.64
2016-04-12,73.22,48.98
2016-04-13,72.8,48.68
2016-04-14,72.7,48.62
2016-04-15,73.05,48.89
2016-04-18,72.87,49.0792
2016-04-19,72.82,49.16
2016-04-20,71.08,47.93
2016-04-21,69.51,46.93
2016-04-22,70.06,47.3492
2016-04-25,70.2,47.44
2016-04-26,69.9,47.51
2016-04-27,70.75,48.2
2016-04-28,71.03,48.13
2016-04-29,71.47,48.42
2016-05-02,72.1,48.81
2016-05-03,71.94,48.77
2016-05-04,72.78,49.34
2016-05-05,71.99,49.15
2016-05-06,71.27,48.83
2016-05-09,71.48,49.11
2016-05-10,71.52,49.16
2016-05-11,71.72,49.34
2016-05-12,72.28,49.63
2016-05-13,72.09,49.39
2016-05-16,72.22,49.45
2016-05-17,71.08,48.6108
2016-05-18,69.61,47.7
2016-05-19,70.88,48.18
2016-05-20,70.98,48.29
2016-05-23,70.14,47.86
2016-05-24,70.78,48.34
2016-05-25,70.94,48.2
2016-05-26,71.57,48.745
2016-05-27,71.61,48.83
2016-05-31,72.25,49.15
2016-06-01,71.68,49.28
2016-06-02,71.49,49.3
2016-06-03,72.97,50.08
2016-06-06,72.77,50.01
2016-06-07,72.5,49.97
2016-06-08,72.95,50.27
2016-06-09,73.74,50.7
2016-06-10,73.35,50.57
2016-06-13,73.39,50.51
2016-06-14,73.67,50.78
2016-06-15,73.68,50.46
2016-06-16,73.89,50.78
2016-06-17,74.12,50.55
2016-06-20,74.36,50.36
2016-06-21,74.35,50.43
2016-06-22,73.79,50.19
2016-06-23,73.95,50.33
2016-06-24,74.17,50.61
2016-06-27,74.95,51.03
2016-06-28,76.44,51.22
2016-06-29,76.41,51.36
2016-06-30,77.93,52.47
2016-07-01,77.86,52.48
2016-07-05,78.45,52.87
2016-07-06,78.92,52.98
2016-07-07,77.47,52.0
2016-07-08,78.19,52.54
2016-07-11,78.15,52.5
2016-07-12,77.41,51.78
2016-07-13,77.77,52.19
2016-07-14,77.14,51.85
2016-07-15,77.53,52.0
2016-07-18,77.82,52.15
2016-07-19,77.83,52.06
2016-07-20,77.3,51.76
2016-07-21,77.6,52.07
2016-07-22,78.51,52.76
2016-07-25,78.61,52.67
2016-07-26,77.53,52.21
2016-07-27,76.52,51.61
2016-07-28,76.94,51.81
2016-07-29,78.02,52.12
2016-08-01,77.58,52.15
2016-08-02,77.37,51.81
2016-08-03,76.75,51.5
2016-08-04,76.42,51.47
2016-08-05,75.37,50.73
2016-08-08,74.99,50.71
2016-08-09,74.73,50.7
2016-08-10,75.01,50.71
2016-08-11,75.4,50.83
2016-08-12,75.96,50.9
2016-08-15,75.0,50.12
2016-08-16,74.68,49.53
2016-08-17,76.65,50.27
2016-08-18,76.86,50.89
2016-08-19,75.8,50.27
2016-08-22,76.28,50.4
2016-08-23,75.83,50.18
2016-08-24,76.12,50.16
2016-08-25,76.24,50.19
2016-08-26,74.74,49.15
2016-08-29,75.69,49.55
2016-08-30,74.95,49.03
2016-08-31,74.16,49.23
2016-09-01,74.06,48.98
2016-09-02,74.75,49.63
2016-09-06,75.5,50.17
2016-09-07,75.39,50.18
2016-09-08,75.51,50.35
2016-09-09,72.5,48.46
2016-09-12,74.05,49.32
2016-09-13,73.52,48.64
2016-09-14,73.79,48.83
2016-09-15,74.45,49.2
2016-09-16,75.06,49.26
2016-09-19,75.9,49.75
2016-09-20,75.63,49.66
2016-09-21,76.75,50.67
2016-09-22,77.04,50.98
2016-09-23,77.01,50.94
2016-09-26,76.6,50.81
2016-09-27,75.78,50.15
2016-09-28,75.84,50.08
2016-09-29,74.75,49.33
2016-09-30,74.27,48.99
2016-10-03,73.28,48.3
2016-10-04,72.15,47.29
2016-10-05,71.88,47.19
2016-10-06,71.91,47.18
2016-10-07,71.5,47.12
2016-10-10,72.22,47.51
2016-10-11,71.69,46.97
2016-10-12,72.16,47.43
2016-10-13,73.31,48.02
2016-10-14,72.78,47.75
2016-10-17,72.83,48.01
2016-10-18,73.37,48.42
2016-10-19,73.21,48.31
2016-10-20,73.11,48.28
2016-10-21,72.84,48.0
2016-10-24,73.12,48.18
2016-10-25,73.4,48.48
2016-10-26,73.83,48.6
2016-10-27,73.3,48.31
2016-10-28,73.49,48.46
2016-10-31,75.2,49.43
2016-11-01,74.46,48.53
2016-11-02,74.1,47.92
2016-11-03,74.35,48.1
2016-11-04,73.79,47.95
2016-11-07,74.72,48.79
2016-11-08,75.5,49.17
2016-11-09,73.22,47.36
2016-11-10,71.13,46.22
2016-11-11,70.76,46.03
2016-11-14,69.99,46.0
2016-11-15,71.24,46.74
2016-11-16,71.05,46.42
2016-11-17,71.03,46.43
2016-11-18,71.15,46.29
2016-11-21,72.25,46.78
2016-11-22,73.19,46.96
2016-11-23,72.87,46.49
2016-11-25,73.95,47.16
2016-11-28,75.17,48.07
2016-11-29,76.11,48.27
2016-11-30,73.29,46.75
2016-12-01,72.75,46.38
2016-12-02,73.78,46.8
2016-12-05,73.48,46.86
2016-12-06,72.71,46.77
2016-12-07,73.5,47.38
2016-12-08,73.5,47.46
2016-12-09,74.53,47.96
2016-12-12,75.46,48.46
2016-12-13,75.95,48.96
2016-12-14,74.12,47.95
2016-12-15,74.57,48.29
2016-12-16,75.87,48.41
2016-12-19,76.51,48.59
2016-12-20,76.51,48.65
2016-12-21,76.24,48.45
2016-12-22,76.63,48.62
2016-12-23,76.75,48.61
2016-12-27,76.67,48.65
2016-12-28,76.33,48.19
2016-12-29,76.99,48.84
2016-12-30,76.59,48.57
2017-01-03,76.25,48.45
2017-01-04,76.18,48.63
2017-01-05,76.28,48.68
2017-01-06,76.9,48.83
2017-01-09,75.72,48.19
2017-01-10,75.43,48.04
2017-01-11,75.63,48.54
2017-01-12,75.28,48.58
2017-01-13,75.21,48.51
2017-01-17,76.2,49.04
2017-01-18,76.17,48.98
2017-01-19,75.62,48.55
2017-01-20,75.79,48.64
2017-01-23,75.58,48.39
2017-01-24,75.47,48.38
2017-01-25,75.81,48.38
2017-01-26,75.69,48.4
2017-01-27,75.52,48.39
2017-01-30,75.26,48.43
2017-01-31,76.28,49.18
2017-02-01,71.85,48.33
2017-02-02,71.68,48.84
2017-02-03,71.7,48.9
2017-02-06,72.21,48.8
2017-02-07,72.35,48.92
2017-02-08,73.34,49.4
2017-02-09,72.15,48.98
2017-02-10,73.37,49.29
2017-02-13,73.73,49.53
2017-02-14,73.12,49.17
2017-02-15,72.38,49.05
2017-02-16,73.28,49.54
2017-02-17,73.77,49.57
2017-02-21,74.76,50.09
2017-02-22,75.35,50.3
2017-02-23,76.16,50.82
2017-02-24,77.0,51.59
2017-02-27,76.87,51.3
2017-02-28,77.64,51.77
2017-03-01,76.25,51.31
2017-03-02,77.22,51.68
2017-03-03,76.56,51.52
2017-03-06,76.24,51.42
2017-03-07,76.12,51.39
2017-03-08,75.13,50.65
2017-03-09,74.9,50.54
2017-03-10,75.67,50.96
2017-03-13,76.09,51.11
2017-03-14,76.33,51.06
2017-03-15,77.85,51.88
2017-03-16,76.8,51.31
2017-03-17,77.12,51.23
2017-03-20,76.83,50.9038
2017-03-21,78.21,51.61
2017-03-22,78.65,51.86
2017-03-23,78.26,51.7
2017-03-24,78.26,51.89
2017-03-27,77.92,51.69
2017-03-28,78.06,51.65
2017-03-29,77.67,51.51
2017-03-30,77.41,51.11
2017-03-31,77.57,51.31
2017-04-03,77.74,51.3
2017-04-04,77.62,51.46
2017-04-05,77.96,51.75
2017-04-06,78.21,51.62
2017-04-07,77.59,51.4
2017-04-10,77.91,51.49
2017-04-11,77.48,51.47
2017-04-12,77.93,51.85
2017-04-13,77.53,51.68
2017-04-17,77.94,51.91
2017-04-18,77.99,52.03
2017-04-19,77.34,51.67
2017-04-20,77.36,51.47
2017-04-21,77.54,51.73
2017-04-24,78.07,52.0
2017-04-25,77.7,51.93
2017-04-26,77.49,51.77
2017-04-27,77.69,51.95
2017-04-28,77.43,51.7
2017-05-01,76.94,51.39
2017-05-02,77.22,51.45
2017-05-03,76.57,51.27
2017-05-04,77.3,51.45
2017-05-05,78.23,51.73
2017-05-08,78.53,51.71
2017-05-09,77.48,51.33
2017-05-10,77.73,51.41
2017-05-11,77.61,51.48
2017-05-12,77.93,51.73
2017-05-15,77.97,51.95
2017-05-16,77.21,51.57
2017-05-17,77.48,51.7
2017-05-18,78.32,51.88
2017-05-19,78.59,52.08
2017-05-22,79.7,52.53
2017-05-23,79.71,52.67
2017-05-24,80.29,52.97
2017-05-25,80.97,53.4
2017-05-26,81.03,53.4
2017-05-30,81.02,53.57
2017-05-31,80.77,53.84
2017-06-01,81.41,54.22
2017-06-02,81.2,54.28
2017-06-05,80.68,54.11
2017-06-06,80.3,53.99
2017-06-07,80.46,54.17
2017-06-08,79.67,53.72
2017-06-09,79.28,53.67
2017-06-12,79.46,53.57
2017-06-13,79.37,53.7
2017-06-14,79.99,53.99
2017-06-15,80.18,54.3
2017-06-16,80.71,54.11
2017-06-19,80.37,53.93
2017-06-20,80.2,53.96
2017-06-21,79.16,53.64
2017-06-22,78.93,53.39
2017-06-23,78.39,53.21
2017-06-26,78.65,53.57
2017-06-27,77.9,52.97
2017-06-28,77.05,52.46
2017-06-29,77.06,52.04
2017-06-30,76.63,51.96
2017-07-03,76.1,51.72
2017-07-05,75.8,51.47
2017-07-06,75.72,51.45
2017-07-07,75.79,51.49
2017-07-10,75.6,51.45
2017-07-11,76.03,51.42
2017-07-12,76.58,51.86
2017-07-13,76.11,51.68
2017-07-14,76.55,51.92
2017-07-17,76.62,52.16
2017-07-18,76.86,52.31
2017-07-19,76.98,52.53
2017-07-20,76.95,52.91
2017-07-21,77.57,53.29
2017-07-24,76.77,52.79
2017-07-25,76.79,52.49
2017-07-26,77.05,52.99
2017-07-27,77.12,53.12
2017-07-28,76.99,53.04
2017-07-31,77.18,53.22
2017-08-01,77.3,53.52
2017-08-02,77.86,53.75
2017-08-03,78.4,54.02
2017-08-04,78.08,53.78
2017-08-07,77.92,53.95
2017-08-08,77.96,54.17
2017-08-09,77.84,53.89
2017-08-10,77.82,54.06
2017-08-11,77.39,53.74
2017-08-14,77.68,54.05
2017-08-15,77.9,54.35
2017-08-16,78.24,54.57
2017-08-17,78.12,54.18
2017-08-18,78.69,54.5
2017-08-21,78.74,54.7
2017-08-22,78.97,54.82
2017-08-23,79.22,55.0
2017-08-24,79.45,54.96
2017-08-25,80.08,55.14
2017-08-28,80.14,55.24
2017-08-29,80.24,55.12
2017-08-30,78.82,54.96
2017-08-31,78.77,54.97
2017-09-01,78.33,54.8
2017-09-05,78.19,54.94
2017-09-06,77.99,54.69
2017-09-07,78.25,55.1
2017-09-08,79.24,55.36
2017-09-11,79.92,55.83
2017-09-12,78.18,54.9
2017-09-13,78.07,54.63
2017-09-14,79.17,55.09
2017-09-15,79.5,54.75
2017-09-18,78.55,54.19
2017-09-19,78.33,54.08
2017-09-20,77.62,53.68
2017-09-21,77.3,53.67
2017-09-22,77.04,53.23
2017-09-25,78.02,53.72
2017-09-26,78.21,53.62
2017-09-27,76.78,52.9
2017-09-28,77.03,53.09
2017-09-29,76.93,53.05
2017-10-02,76.74,53.14
2017-10-03,75.95,52.99
2017-10-04,76.87,53.52
2017-10-05,76.81,53.47
2017-10-06,76.81,53.43
2017-10-09,76.64,53.5
2017-10-10,77.74,54.02
2017-10-11,78.01,54.25
2017-10-12,78.63,54.53
2017-10-13,78.62,54.15
2017-10-16,79.03,54.03
2017-10-17,78.96,54.35
2017-10-18,78.88,54.25
2017-10-19,79.95,54.82
2017-10-20,80.0,54.86
2017-10-23,80.38,54.89
2017-10-24,80.35,54.94
2017-10-25,79.68,54.7
2017-10-26,80.41,54.71
2017-10-27,80.51,55.05
2017-10-30,81.48,55.06
2017-10-31,81.14,55.12
2017-11-01,80.49,54.81
2017-11-02,80.84,55.01
2017-11-03,80.67,55.21
2017-11-06,80.56,55.0
2017-11-07,81.39,55.66
2017-11-08,80.88,55.7
2017-11-09,81.24,55.77
2017-11-10,80.81,55.51
2017-11-13,81.85,56.17
2017-11-14,82.84,56.87
2017-11-15,82.23,56.38
2017-11-16,81.96,56.2
2017-11-17,81.32,55.81
2017-11-20,81.15,55.64
2017-11-21,81.37,55.79
2017-11-22,82.16,55.79
2017-11-24,82.21,55.88
2017-11-27,82.96,56.12
2017-11-28,83.94,56.38
2017-11-29,84.0,56.41
2017-11-30,84.13,56.6
2017-12-01,83.57,56.41
2017-12-04,83.55,56.09
2017-12-05,83.12,55.38
2017-12-06,83.53,55.59
2017-12-07,83.68,55.69
2017-12-08,83.88,55.87
2017-12-11,84.14,56.21
2017-12-12,83.43,55.25
2017-12-13,84.11,55.4
2017-12-14,84.38,55.33
2017-12-15,84.91,55.02
2017-12-18,82.75,54.41
2017-12-19,81.34,53.42
2017-12-20,80.59,53.0
2017-12-21,80.65,52.37
2017-12-22,80.44,52.45
2017-12-26,80.33,52.14
2017-12-27,80.66,52.36
2017-12-28,81.07,52.65
2017-12-29,81.06,52.68
2018-01-02,80.28,52.19
2018-01-03,77.19,51.78
2018-01-04,76.83,51.35
2018-01-05,76.84,51.33
2018-01-08,78.02,51.81
2018-01-09,77.21,51.3
2018-01-10,76.21,50.74
2018-01-11,76.21,50.55
2018-01-12,75.94,50.26
2018-01-16,75.27,50.15
2018-01-17,75.5,50.46
2018-01-18,74.89,50.14
2018-01-19,74.99,49.99
2018-01-22,74.89,50.06
2018-01-23,75.71,50.54
2018-01-24,75.56,50.23
2018-01-25,76.69,51.01
2018-01-26,75.5,51.04
2018-01-29,75.09,50.39
2018-01-30,75.32,50.48
2018-01-31,76.44,51.04
2018-02-01,75.9,50.24
2018-02-02,75.68,49.88
2018-02-05,74.69,49.06
2018-02-06,74.11,48.33
2018-02-07,73.76,48.1
2018-02-08,73.31,47.56
2018-02-09,74.38,48.56
2018-02-12,75.26,48.93
2018-02-13,75.07,49.15
2018-02-14,74.34,48.6
2018-02-15,75.42,49.68
2018-02-16,75.8,50.12
2018-02-20,74.75,49.47
2018-02-21,73.54,48.82
2018-02-22,73.58,49.07
2018-02-23,75.52,50.35
2018-02-26,75.99,50.2
2018-02-27,74.26,49.4
2018-02-28,74.07,49.06
2018-03-01,72.35,49.07
2018-03-02,72.5,48.94
2018-03-05,73.7,49.94
2018-03-06,72.92,49.27
2018-03-07,72.89,48.9
2018-03-08,72.83,49.26
2018-03-09,72.87,49.4
2018-03-12,72.97,49.61
2018-03-13,73.0,49.72
2018-03-14,73.52,50.23
2018-03-15,71.24,50.2
2018-03-16,70.61,50.25
2018-03-19,69.15,49.94
2018-03-20,68.45,49.71
2018-03-21,67.64,49.54
2018-03-22,67.87,49.76
2018-03-23,67.3,49.06
2018-03-26,68.1,49.57
2018-03-27,69.22,50.28
2018-03-28,67.79,50.26
2018-03-29,67.43,50.53
2018-04-02,67.09,50.14
2018-04-03,67.33,50.31
2018-04-04,66.95,50.42
2018-04-05,67.34,50.82
2018-04-06,66.22,50.42
2018-04-09,66.37,50.52
2018-04-10,65.5,50.13
2018-04-11,64.88,50.06
2018-04-12,64.07,49.4
2018-04-13,63.94,49.79
2018-04-16,64.73,50.47
2018-04-17,65.69,50.98
2018-04-18,66.07,50.79
2018-04-19,66.06,50.76
2018-04-20,65.33,50.3
2018-04-23,64.89,50.33
2018-04-24,64.78,50.67
2018-04-25,64.8,50.68
2018-04-26,65.0,51.19
2018-04-27,66.35,51.71
2018-04-30,66.56,51.56
2018-05-01,66.27,51.4
2018-05-02,66.19,51.35
2018-05-03,65.53,51.28
2018-05-04,65.57,51.51
2018-05-07,65.08,51.24
2018-05-08,63.14,49.96
2018-05-09,62.67,49.61
2018-05-10,64.06,50.31
2018-05-11,64.7,50.38
2018-05-14,64.23,50.19
2018-05-15,64.52,49.77
2018-05-16,63.77,49.38
2018-05-17,63.68,48.98
2018-05-18,63.29,48.99
2018-05-21,63.72,49.24
2018-05-22,63.82,49.42
2018-05-23,63.91,49.87
2018-05-24,64.0,50.28
2018-05-25,64.17,50.5
2018-05-29,64.34,50.5
2018-05-30,64.52,50.91
2018-05-31,64.19,50.99
2018-06-01,63.36,50.21
2018-06-04,62.64,49.81
2018-06-05,62.77,49.55
2018-06-06,61.75,48.37
2018-06-07,62.39,48.71
2018-06-08,62.6,48.69
2018-06-11,63.21,48.59
2018-06-12,64.89,49.15
2018-06-13,64.31,49.02
2018-06-14,65.52,49.63
2018-06-15,66.31,49.54
2018-06-18,66.0,49.7
2018-06-19,66.94,50.19
2018-06-20,66.43,50.23
2018-06-21,66.6,50.4
2018-06-22,66.94,50.75
2018-06-25,67.88,51.59
2018-06-26,67.54,51.65
2018-06-27,68.03,51.9
2018-06-28,68.47,51.88
2018-06-29,68.18,51.96
2018-07-02,68.45,52.33
2018-07-03,69.31,52.48
2018-07-05,69.74,52.76
2018-07-06,70.02,53.17
2018-07-09,68.08,51.53
2018-07-10,69.08,52.02
2018-07-11,69.56,52.49
2018-07-12,70.06,52.53
2018-07-13,69.99,52.54
2018-07-16,69.88,52.49
2018-07-17,70.38,52.45
2018-07-18,69.95,52.18
2018-07-19,72.0,52.66
2018-07-20,71.27,52.29
2018-07-23,70.99,51.92
2018-07-24,70.91,52.1
2018-07-25,71.03,52.25
2018-07-26,71.5,52.81
2018-07-27,71.26,52.64
2018-07-30,71.19,52.32
2018-07-31,71.71,52.79
2018-08-01,70.32,52.45
2018-08-02,71.14,52.71
2018-08-03,72.12,53.3
2018-08-06,71.75,53.34
2018-08-07,71.07,53.26
2018-08-08,70.72,52.98
2018-08-09,71.03,53.22
2018-08-10,70.69,52.99
2018-08-13,69.82,53.06
2018-08-14,69.66,53.17
2018-08-15,70.25,53.66
2018-08-16,71.13,54.24
2018-08-17,71.75,54.52
2018-08-20,71.78,54.33
2018-08-21,71.62,53.94
2018-08-22,71.29,53.54
2018-08-23,71.07,53.5
2018-08-24,71.64,53.73
2018-08-27,71.25,53.4
2018-08-28,70.85,53.29
2018-08-29,71.16,53.68
2018-08-30,70.98,53.7
2018-08-31,70.77,53.47
2018-09-04,71.23,53.71
2018-09-05,72.45,54.46
2018-09-06,72.25,54.77
2018-09-07,71.46,54.1
2018-09-10,72.28,54.37
2018-09-11,71.6,54.23
2018-09-12,71.57,54.18
2018-09-13,72.18,54.59
2018-09-14,71.86,54.3
2018-09-17,71.99,54.48
2018-09-18,71.92,54.38
2018-09-19,70.62,53.2
2018-09-20,70.32,53.31
2018-09-21,70.85,53.06
2018-09-24,70.08,52.59
2018-09-25,69.55,51.87
2018-09-26,68.82,51.36
2018-09-27,69.14,51.89
2018-09-28,70.28,52.65
2018-10-01,70.1,52.47
2018-10-02,70.88,53.18
2018-10-03,70.29,52.54
2018-10-04,70.69,52.82
2018-10-05,71.85,53.63
2018-10-08,72.99,54.08
2018-10-09,73.36,54.3
2018-10-10,73.21,54.0
2018-10-11,71.78,53.01
2018-10-12,71.37,52.95
2018-10-15,71.61,53.2
2018-10-16,72.3,53.75
2018-10-17,72.3,53.65
2018-10-18,72.23,53.73
2018-10-19,73.5,54.57
2018-10-22,73.27,54.22
2018-10-23,72.91,53.92
2018-10-24,74.19,55.23
2018-10-25,72.73,54.37
2018-10-26,71.67,53.37
2018-10-29,72.2,54.12
2018-10-30,72.84,54.33
2018-10-31,71.42,53.69
2018-11-01,70.33,53.45
2018-11-02,69.89,53.15
2018-11-05,70.23,53.9
2018-11-06,70.67,54.26
2018-11-07,71.18,54.88
2018-11-08,71.22,54.79
2018-11-09,72.25,54.87
2018-11-12,73.43,54.84
2018-11-13,74.02,55.07
2018-11-14,73.65,54.5
2018-11-15,73.45,54.05
2018-11-16,73.61,54.88
2018-11-19,74.42,55.12
2018-11-20,74.66,54.89
2018-11-21,73.35,54.08
2018-11-23,73.1,54.11
2018-11-26,73.99,54.43
2018-11-27,74.11,54.84
2018-11-28,73.32,54.8
2018-11-29,73.75,54.78
2018-11-30,74.5,55.59
2018-12-03,75.13,56.15
2018-12-04,75.32,56.19
2018-12-06,74.78,56.25
2018-12-07,75.61,56.46
2018-12-10,76.27,56.57
2018-12-11,76.25,56.8
2018-12-12,75.26,56.44
2018-12-13,76.05,56.93
2018-12-14,76.92,56.82
2018-12-17,74.0,54.99
2018-12-18,73.59,54.62
2018-12-19,74.11,54.53
2018-12-20,74.82,54.5
2018-12-21,74.89,53.81
2018-12-24,71.12,51.56
2018-12-26,72.3,52.26
2018-12-27,73.25,52.7
2018-12-28,73.26,52.83
2018-12-31,71.46,52.92
2019-01-02,71.18,52.01
2019-01-03,70.84,52.0
2019-01-04,72.21,52.77
2019-01-07,71.51,52.41
2019-01-08,72.34,53.06
2019-01-09,72.22,52.74
2019-01-10,71.9,53.43
2019-01-11,69.85,53.23
2019-01-14,67.97,52.03
2019-01-15,68.88,52.67
2019-01-16,68.97,52.86
2019-01-17,68.94,53.08
2019-01-18,68.77,53.14
2019-01-22,68.59,53.24
2019-01-23,69.43,53.78
2019-01-24,69.13,54.06
2019-01-25,69.16,53.32
2019-01-28,68.37,53.07
2019-01-29,68.69,53.22
2019-01-30,69.44,53.63
2019-01-31,70.24,54.76
2019-02-01,70.97,54.55
2019-02-04,71.45,54.64
2019-02-05,71.93,54.75
2019-02-06,71.79,54.72
2019-02-07,72.67,55.44
2019-02-08,73.05,55.68
2019-02-11,72.81,55.66
2019-02-12,73.2,55.79
2019-02-13,73.25,55.63
2019-02-14,72.9,55.54
2019-02-15,73.26,55.71
2019-02-19,73.54,56.04
2019-02-20,73.54,56.29
2019-02-21,74.34,56.7
2019-02-22,75.05,57.05
2019-02-25,75.12,56.68
2019-02-26,73.89,56.61
2019-02-27,74.33,56.68
2019-02-28,74.09,57.01
2019-03-01,74.79,57.13
2019-03-04,75.27,57.23
2019-03-05,75.45,57.16
2019-03-06,75.83,57.16
2019-03-07,76.12,57.35
2019-03-08,75.73,57.55
2019-03-11,76.32,57.96
2019-03-12,76.33,58.36
2019-03-13,76.3,58.42
2019-03-14,76.64,58.41
2019-03-15,77.04,58.19
2019-03-18,76.61,57.97
2019-03-19,75.19,57.31
2019-03-20,74.94,57.46
2019-03-21,75.11,58.07
2019-03-22,75.52,58.49
2019-03-25,75.94,58.54
2019-03-26,76.88,58.96
2019-03-27,76.84,58.55
2019-03-28,75.67,57.86
2019-03-29,76.66,58.17
2019-04-01,76.69,57.77
2019-04-02,76.97,57.85
2019-04-03,76.96,57.76
2019-04-04,76.9,57.56
2019-04-05,77.47,58.1
2019-04-08,76.67,57.69
2019-04-09,76.39,57.83
2019-04-10,75.83,57.65
2019-04-11,76.3,57.94
2019-04-12,76.44,58.21
2019-04-15,76.67,58.2
2019-04-16,75.12,57.48
2019-04-17,75.27,57.26
2019-04-18,74.92,57.29
2019-04-22,74.7,57.24
2019-04-23,75.45,57.4
2019-04-24,76.29,57.77
2019-04-25,76.55,58.01
2019-04-26,76.79,58.1
2019-04-29,76.17,57.76
2019-04-30,77.87,58.71
2019-05-01,77.14,58.11
2019-05-02,76.98,57.98
2019-05-03,76.79,58.3
2019-05-06,75.49,57.98
2019-05-07,75.04,57.8
2019-05-08,73.81,57.01
2019-05-09,73.31,56.94
2019-05-10,74.56,57.96
2019-05-13,75.6,58.58
2019-05-14,74.59,58.19
2019-05-15,74.29,58.09
2019-05-16,75.32,58.48
2019-05-17,75.6,58.78
2019-05-20,76.05,58.86
2019-05-21,76.73,58.97
2019-05-22,77.33,59.41
2019-05-23,78.05,59.92
2019-05-24,77.72,59.83
2019-05-28,76.25,58.85
2019-05-29,75.22,58.07
2019-05-30,74.31,57.98
2019-05-31,75.18,58.25
2019-06-03,75.96,58.83
2019-06-04,75.97,58.88
2019-06-05,77.61,60.14
2019-06-06,76.35,60.51
2019-06-07,75.79,60.06
2019-06-10,75.42,59.65
2019-06-11,73.91,59.29
2019-06-12,75.08,60.06
2019-06-13,76.07,60.18
2019-06-14,76.66,60.81
2019-06-17,76.42,60.64
2019-06-18,76.43,60.39
2019-06-19,77.17,60.85
2019-06-20,77.41,61.24
2019-06-21,78.35,60.99
2019-06-24,79.22,61.01
2019-06-25,78.7,60.64
2019-06-26,76.46,59.32
2019-06-27,76.72,59.4
2019-06-28,77.32,59.63
2019-07-01,77.05,59.48
2019-07-02,77.38,60.29
2019-07-03,78.11,60.71
2019-07-05,77.9,60.68
2019-07-08,78.16,60.77
2019-07-09,78.22,60.85
2019-07-10,78.13,60.99
2019-07-11,77.91,61.01
2019-07-12,77.5,60.61
2019-07-15,78.09,60.85
2019-07-16,77.48,60.5
2019-07-17,77.37,60.73
2019-07-18,77.42,61.26
2019-07-19,76.85,60.37
2019-07-22,76.26,60.24
2019-07-23,75.43,59.86
2019-07-24,75.18,59.91
2019-07-25,74.86,59.76
2019-07-26,75.15,59.98
2019-07-29,75.05,60.29
2019-07-30,75.03,59.83
2019-07-31,74.29,59.55
2019-08-01,75.91,60.16
2019-08-02,76.02,60.15
2019-08-05,74.67,59.29
2019-08-06,75.22,60.03
2019-08-07,74.43,60.18
2019-08-08,75.33,60.8
2019-08-09,74.84,60.87
2019-08-12,74.37,60.75
2019-08-13,75.38,60.79
2019-08-14,75.33,60.29
2019-08-15,77.05,61.07
2019-08-16,76.86,61.38
2019-08-19,77.79,61.77
2019-08-20,76.91,61.67
2019-08-21,76.99,62.08
2019-08-22,76.52,62.14
2019-08-23,75.94,61.48
2019-08-26,76.82,62.19
2019-08-27,77.15,62.3
2019-08-28,76.89,62.13
2019-08-29,77.76,62.56
2019-08-30,77.63,62.58
2019-09-03,78.8,63.69
2019-09-04,79.15,63.75
2019-09-05,77.43,63.06
2019-09-06,76.37,62.81
2019-09-09,76.67,62.5
2019-09-10,77.01,62.58
2019-09-11,78.43,63.2
2019-09-12,78.54,63.34
2019-09-13,78.52,62.94
2019-09-16,78.49,62.99
2019-09-17,79.03,63.54
2019-09-18,80.06,63.81
2019-09-19,80.92,64.11
2019-09-20,80.84,63.87
2019-09-23,80.85,63.88
2019-09-24,80.84,64.63
2019-09-25,80.39,64.59
2019-09-26,80.76,64.93
2019-09-27,80.99,64.7
2019-09-30,81.04,64.74
2019-10-01,81.22,64.59
2019-10-02,79.97,63.73
2019-10-03,79.62,63.88
2019-10-04,81.7,64.77
2019-10-07,81.18,64.52
2019-10-08,80.72,63.92
2019-10-09,81.34,64.23
2019-10-10,81.78,64.16
2019-10-11,81.9,63.92
2019-10-14,81.24,63.51
2019-10-15,81.38,63.31
2019-10-16,81.8,63.45
2019-10-17,82.38,63.61
2019-10-18,82.16,63.82
2019-10-21,82.42,64.07
2019-10-22,82.82,64.34
2019-10-23,82.72,64.6
2019-10-24,82.72,64.82
2019-10-25,81.89,64.16
2019-10-28,81.33,63.28
2019-10-29,81.74,63.34
2019-10-30,81.81,63.9
2019-10-31,82.55,64.25
2019-11-01,83.27,64.09
2019-11-04,83.05,63.27
2019-11-05,81.35,62.62
2019-11-06,80.94,62.86
2019-11-07,80.31,62.01
2019-11-08,80.28,61.75
2019-11-11,79.62,61.37
2019-11-12,79.72,61.52
2019-11-13,80.84,62.43
2019-11-14,81.56,62.65
2019-11-15,82.11,62.85
2019-11-18,82.58,62.98
2019-11-19,82.42,62.82
2019-11-20,82.9,63.2
2019-11-21,83.02,62.98
2019-11-22,83.24,63.0
2019-11-25,83.23,62.79
2019-11-26,83.46,63.0
2019-11-27,83.08,63.11
2019-11-29,83.11,63.05
2019-12-02,82.0,62.64
2019-12-03,81.94,62.81
2019-12-04,82.25,63.29
2019-12-05,81.19,63.4
2019-12-06,81.0,63.21
2019-12-09,79.92,62.99
2019-12-10,80.09,62.98
2019-12-11,80.9,63.15
2019-12-12,80.69,62.88
2019-12-13,80.88,63.37
2019-12-16,81.64,64.16
2019-12-17,81.56,64.37
2019-12-18,81.45,64.63
2019-12-19,81.8,64.65
2019-12-20,82.32,64.59
2019-12-23,81.43,63.99
2019-12-24,81.36,64.08
2019-12-26,81.46,64.19
2019-12-27,82.0,64.38
2019-12-30,82.08,64.37
2019-12-31,82.82,64.62
2020-01-02,81.96,63.81
2020-01-03,81.76,63.94
2020-01-06,82.39,64.0
2020-01-07,82.21,63.91
2020-01-08,81.69,63.88
2020-01-09,81.92,64.23
2020-01-10,82.07,64.4
2020-01-13,82.05,64.79
2020-01-14,81.95,64.98
2020-01-15,82.99,65.89
2020-01-16,83.51,66.3
2020-01-17,84.05,66.76
2020-01-21,84.03,67.37
2020-01-22,83.69,67.58
2020-01-23,84.07,68.18
2020-01-24,84.0,68.36
2020-01-27,83.32,68.19
2020-01-28,84.52,68.47
2020-01-29,85.39,68.65
2020-01-30,86.48,69.29
2020-01-31,85.75,68.98
2020-02-03,85.84,69.2
2020-02-04,84.56,68.51
2020-02-05,84.92,68.79
2020-02-06,85.27,68.81
2020-02-07,84.81,68.59
2020-02-10,84.59,68.85
2020-02-11,85.22,69.1
2020-02-12,85.78,69.15
2020-02-13,86.24,69.92
2020-02-14,87.46,70.39
2020-02-18,88.98,70.98
2020-02-19,87.84,70.21
2020-02-20,89.25,70.46
2020-02-21,89.38,70.33
2020-02-24,89.8,69.51
2020-02-25,87.79,68.05
2020-02-26,86.77,67.36
2020-02-27,81.28,64.33
2020-02-28,78.18,62.18
2020-03-02,84.18,65.84
2020-03-03,83.38,65.03
2020-03-04,89.03,68.72
2020-03-05,87.17,67.66
2020-03-06,86.7,67.11
2020-03-09,81.33,63.46
2020-03-10,83.22,64.05
2020-03-11,78.95,60.83
2020-03-12,71.31,54.69
2020-03-13,78.29,57.67
2020-03-16,68.65,51.12
2020-03-17,80.48,57.66
2020-03-18,80.26,55.15
2020-03-19,71.85,51.94
2020-03-20,67.22,47.82
2020-03-23,59.39,44.93
2020-03-24,65.67,49.76
2020-03-25,67.34,51.03
2020-03-26,72.44,55.38
2020-03-27,73.07,55.68
2020-03-30,76.81,57.74
2020-03-31,72.19,55.41
2020-04-01,69.93,52.08
2020-04-02,71.06,53.71
2020-04-03,69.55,51.79
2020-04-06,74.11,55.79
2020-04-07,73.44,55.09
2020-04-08,78.22,58.09
2020-04-09,81.59,60.83
2020-04-13,79.53,58.9
2020-04-14,82.02,60.63
2020-04-15,79.79,58.63
2020-04-16,78.07,58.64
2020-04-17,81.51,60.53
2020-04-20,79.11,58.24
2020-04-21,76.61,57.28
2020-04-22,78.74,58.95
2020-04-23,76.91,57.96
2020-04-24,77.92,58.32
2020-04-27,78.52,58.93
2020-04-28,79.27,59.15
2020-04-29,78.67,58.61
2020-04-30,77.13,57.26
2020-05-01,75.61,55.88
2020-05-04,75.8,56.3
2020-05-05,77.94,56.76
2020-05-06,77.73,54.83
2020-05-07,78.1,55.05
2020-05-08,78.4,56.16
2020-05-11,79.24,55.92
2020-05-12,78.95,55.43
2020-05-13,79.01,54.96
2020-05-14,79.63,55.55
2020-05-15,78.22,54.81
2020-05-18,79.85,57.06
2020-05-19,78.83,56.12
2020-05-20,78.75,56.43
2020-05-21,78.6,55.86
2020-05-22,80.51,56.48
2020-05-26,80.82,56.85
2020-05-27,81.56,57.53
2020-05-28,83.7,59.23
2020-05-29,85.01,59.69
2020-06-01,85.89,60.4
2020-06-02,86.23,60.79
2020-06-03,86.48,61.52
2020-06-04,84.96,60.42
2020-06-05,84.29,61.19
2020-06-08,86.4,62.83
2020-06-09,85.85,61.57
2020-06-10,87.0,61.21
2020-06-11,84.01,58.82
2020-06-12,83.15,58.67
2020-06-15,84.05,59.07
2020-06-16,84.92,59.34
2020-06-17,84.15,59.16
2020-06-18,84.53,59.15
2020-06-19,81.72,57.49
2020-06-22,83.25,57.57
2020-06-23,82.8,56.99
2020-06-24,82.58,56.47
2020-06-25,81.14,55.77
2020-06-26,79.68,55.18
2020-06-29,80.61,56.22
2020-06-30,81.18,56.43
2020-07-01,82.35,57.75
2020-07-02,82.69,57.9
2020-07-06,73.59,57.19
2020-07-07,74.22,56.96
2020-07-08,75.22,57.47
2020-07-09,73.77,56.7
2020-07-10,73.58,57.77
2020-07-13,73.68,57.83
2020-07-14,73.92,58.37
2020-07-15,75.45,58.14
2020-07-16,76.95,58.88
2020-07-17,78.58,60.21
2020-07-20,77.55,59.42
2020-07-21,78.21,59.69
2020-07-22,79.55,60.61
2020-07-23,80.59,60.68
2020-07-24,80.41,60.28
2020-07-27,80.22,59.55
2020-07-28,82.06,60.45
2020-07-29,82.26,60.73
2020-07-30,81.52,60.73
2020-07-31,81.03,60.83
2020-08-03,80.33,60.17
2020-08-04,80.88,60.83
2020-08-05,79.71,60.05
2020-08-06,79.63,60.4
2020-08-07,80.62,61.49
2020-08-10,80.12,61.47
2020-08-11,78.56,60.14
2020-08-12,79.58,61.01
2020-08-13,79.31,60.91
2020-08-14,78.85,60.38
2020-08-17,78.68,60.3
2020-08-18,78.18,60.03
2020-08-19,77.94,59.85
2020-08-20,77.7,59.32
2020-08-21,78.64,59.42
2020-08-24,79.1,59.94
2020-08-25,78.5,59.37
2020-08-26,78.08,58.71
2020-08-27,78.0,58.9
2020-08-28,78.02,59.07
2020-08-31,78.44,59.25
2020-09-01,77.82,58.57
2020-09-02,79.6,60.39
2020-09-03,78.99,59.71
2020-09-04,78.44,59.37
2020-09-08,78.2,59.04
2020-09-09,79.64,59.82
2020-09-10,78.73,58.79
2020-09-11,79.64,58.93
2020-09-14,80.73,59.74
2020-09-15,80.9,60.14
2020-09-16,81.6,60.06
2020-09-17,79.82,59.57
2020-09-18,77.96,58.52
2020-09-21,77.97,57.66
2020-09-22,77.5,58.02
2020-09-23,76.27,57.13
2020-09-24,76.31,57.77
2020-09-25,77.05,58.72
2020-09-28,77.23,58.87
2020-09-29,77.88,58.85
2020-09-30,78.93,59.38
2020-10-01,78.59,59.98
2020-10-02,79.8,60.69
2020-10-05,80.09,61.45
2020-10-06,81.11,61.97
2020-10-07,81.02,62.35
2020-10-08,82.06,63.49
2020-10-09,81.78,63.48
2020-10-12,82.42,63.88
2020-10-13,81.57,63.44
2020-10-14,81.05,63.36
2020-10-15,80.81,63.32
2020-10-16,81.41,64.0
2020-10-19,80.9,63.46
2020-10-20,81.08,63.84
2020-10-21,80.23,63.67
2020-10-22,81.18,64.57
2020-10-23,81.14,64.75
2020-10-26,81.72,64.73
2020-10-27,82.47,64.68
2020-10-28,79.8,62.8
2020-10-29,80.95,62.97
2020-10-30,80.34,62.38
2020-11-02,81.66,63.75
2020-11-03,82.91,64.67
2020-11-04,82.7,63.7
2020-11-05,83.14,64.27
2020-11-06,83.7,64.13
2020-11-09,84.02,65.32
2020-11-10,85.76,66.26
2020-11-11,85.68,66.51
2020-11-12,84.58,65.44
2020-11-13,84.93,66.09
2020-11-16,86.07,66.76
2020-11-17,84.17,65.45
2020-11-18,81.21,64.17
2020-11-19,79.76,63.53
2020-11-20,78.65,63.54
2020-11-23,79.05,63.55
2020-11-24,79.38,64.23
2020-11-25,79.41,64.4
2020-11-27,79.04,63.76
2020-11-30,78.49,62.84
2020-12-01,80.16,63.28
2020-12-02,80.28,63.7
2020-12-03,78.4,63.04
2020-12-04,75.88,62.41
2020-12-07,76.14,62.76
2020-12-08,74.75,62.57
2020-12-09,74.3,62.46
2020-12-10,74.32,62.14
2020-12-11,74.91,62.24
2020-12-14,74.47,61.92
2020-12-15,75.48,63.14
2020-12-16,75.17,62.41
2020-12-17,75.93,62.83
2020-12-18,75.37,62.29
2020-12-21,74.52,61.02
2020-12-22,73.5,60.9
2020-12-23,74.04,60.78
2020-12-24,74.23,61.21
2020-12-28,73.7,61.48
2020-12-29,73.88,61.47
2020-12-30,74.06,61.78
2020-12-31,75.2,62.7
2021-01-04,73.89,61.12
2021-01-05,73.0,61.11
2021-01-06,74.56,62.63
2021-01-07,72.96,61.81
2021-01-08,73.2,62.33
2021-01-11,72.67,61.75
2021-01-12,71.53,61.42
2021-01-13,72.24,62.62
2021-01-14,71.02,62.38
2021-01-15,72.08,62.99
2021-01-19,70.96,62.75
2021-01-20,71.58,63.12
2021-01-21,71.8,62.75
2021-01-22,72.29,62.84
2021-01-25,73.56,64.1
2021-01-26,73.64,63.46
2021-01-27,73.08,61.75
2021-01-28,72.67,62.49
2021-01-29,72.89,62.15
2021-02-01,72.68,62.45
2021-02-02,72.77,62.96
2021-02-03,72.57,62.76
2021-02-04,72.69,63.25
2021-02-05,73.74,63.59
2021-02-08,73.83,63.1
2021-02-09,73.11,63.19
2021-02-10,73.09,63.44
2021-02-11,73.06,63.08
2021-02-12,71.87,62.62
2021-02-16,71.13,61.92
2021-02-17,72.39,61.97
2021-02-18,72.71,62.34
2021-02-19,71.15,61.41
2021-02-22,71.17,60.21
2021-02-23,72.04,60.71
2021-02-24,71.17,60.0
2021-02-25,70.63,59.46
2021-02-26,68.32,58.36
2021-03-01,69.93,59.65
2021-03-02,69.8,59.47
2021-03-03,69.58,58.77
2021-03-04,68.0,58.72
2021-03-05,69.86,59.68
2021-03-08,72.0,60.52
2021-03-09,72.94,61.32
2021-03-10,73.21,61.74
2021-03-11,72.43,61.58
2021-03-12,73.54,62.41
2021-03-15,74.54,63.21
2021-03-16,74.29,63.29
2021-03-17,73.17,62.26
2021-03-18,73.5,62.03
2021-03-19,73.35,62.2
2021-03-22,73.5,61.65
2021-03-23,74.18,62.57
2021-03-24,74.16,62.59
2021-03-25,75.22,63.26
2021-03-26,75.78,63.47
2021-03-29,76.7,64.15
2021-03-30,75.53,63.57
2021-03-31,75.96,64.04
2021-04-01,75.72,63.98
2021-04-05,76.41,64.68
2021-04-06,76.38,65.02
2021-04-07,76.22,64.94
2021-04-08,76.21,64.89
2021-04-09,76.3,64.82
2021-04-12,76.26,64.88
2021-04-13,77.47,65.65
2021-04-14,77.42,65.94
2021-04-15,78.31,66.67
2021-04-16,78.89,67.21
2021-04-19,78.74,66.87
2021-04-20,80.11,67.72
2021-04-21,80.2,67.15
2021-04-22,79.42,66.67
2021-04-23,79.38,66.58
2021-04-26,78.68,66.2
2021-04-27,78.29,65.69
2021-04-28,77.64,65.6
2021-04-29,79.02,66.2
2021-04-30,79.9,66.72
2021-05-03,80.37,66.71
2021-05-04,79.41,66.46
2021-05-05,77.95,65.34
2021-05-06,78.48,65.84
2021-05-07,78.45,66.04
2021-05-10,79.46,66.71
2021-05-11,78.63,65.89
2021-05-12,77.14,64.35
2021-05-13,78.38,65.59
2021-05-14,78.07,65.91
2021-05-17,77.67,65.37
2021-05-18,77.16,65.36
2021-05-19,76.98,65.25
2021-05-20,77.24,65.82
2021-05-21,78.23,66.16
2021-05-24,77.09,66.04
2021-05-25,76.01,65.24
2021-05-26,75.95,65.25
2021-05-27,75.49,64.81
2021-05-28,76.14,65.16
2021-06-01,75.55,64.76
2021-06-02,76.39,65.1
2021-06-03,76.71,65.49
2021-06-04,76.52,65.39
2021-06-07,76.41,65.51
2021-06-08,75.81,64.95
2021-06-09,76.5,65.53
2021-06-10,77.45,65.96
2021-06-11,77.32,66.11
2021-06-14,78.27,66.25
2021-06-15,78.12,66.45
2021-06-16,76.5,65.45
2021-06-17,76.78,65.81
2021-06-18,74.82,64.1
2021-06-21,75.9,64.43
2021-06-22,75.65,64.04
2021-06-23,74.55,63.36
2021-06-24,74.61,63.3
2021-06-25,75.11,63.98
2021-06-28,75.24,64.39
2021-06-29,73.51,63.35
2021-06-30,73.57,63.23
2021-07-01,74.11,63.92
2021-07-02,74.21,64.02
2021-07-06,75.39,64.29
2021-07-07,75.64,64.71
2021-07-08,75.95,64.52
2021-07-09,75.55,64.6
2021-07-12,75.55,64.81
2021-07-13,74.5,64.32
2021-07-14,75.24,64.88
2021-07-15,76.14,65.61
2021-07-16,77.16,66.27
2021-07-19,75.86,65.22
2021-07-20,75.67,65.5
2021-07-21,74.72,64.78
2021-07-22,74.39,64.88
2021-07-23,75.32,65.71
2021-07-26,75.09,65.73
2021-07-27,76.83,66.86
2021-07-28,75.74,66.35
2021-07-29,75.51,66.53
2021-07-30,74.87,65.97
2021-08-02,75.35,66.48
2021-08-03,75.5,66.86
2021-08-04,75.47,66.76
2021-08-05,76.08,67.49
2021-08-06,76.0,67.45
2021-08-09,76.0,67.43
2021-08-10,76.44,67.5
2021-08-11,76.93,68.13
2021-08-12,77.36,68.2
2021-08-13,77.71,68.68
2021-08-16,78.46,69.1
2021-08-17,78.62,69.14
2021-08-18,77.98,68.79
2021-08-19,79.06,69.07
2021-08-20,80.05,69.93
2021-08-23,78.98,69.03
2021-08-24,78.54,68.58
2021-08-25,78.56,68.71
2021-08-26,78.45,68.54
2021-08-27,78.19,68.52
2021-08-30,78.3,68.62
2021-08-31,77.84,68.54
2021-09-01,78.98,69.44
2021-09-02,78.89,70.07
2021-09-03,78.38,69.49
2021-09-07,76.52,68.57
2021-09-08,77.84,69.8
2021-09-09,78.46,69.42
2021-09-10,77.3,68.45
2021-09-13,76.54,68.33
2021-09-14,76.15,68.1
2021-09-15,75.55,68.01
2021-09-16,74.93,67.44
2021-09-17,74.12,66.4
2021-09-20,74.6,65.78
2021-09-21,74.51,65.6
2021-09-22,74.84,65.56
2021-09-23,74.26,65.21
2021-09-24,74.58,65.14
2021-09-27,73.81,64.37
2021-09-28,73.14,63.56
2021-09-29,74.35,64.39
2021-09-30,73.02,63.88
2021-10-01,72.29,63.88
2021-10-04,73.35,64.76
2021-10-05,72.78,64.6
2021-10-06,74.17,65.6
2021-10-07,73.85,65.25
2021-10-08,72.7,64.77
2021-10-11,72.12,63.89
2021-10-12,72.52,64.32
2021-10-13,73.37,65.07
2021-10-14,73.65,65.87
2021-10-15,73.1,65.68
2021-10-18,71.96,65.05
2021-10-19,75.22,65.87
2021-10-20,76.59,66.91
2021-10-21,77.29,66.91
2021-10-22,77.29,67.25
2021-10-25,76.5,66.96
2021-10-26,76.59,67.32
2021-10-27,75.99,66.87
2021-10-28,76.34,67.31
2021-10-29,75.93,66.91
2021-11-01,75.41,67.15
2021-11-02,75.49,67.21
2021-11-03,75.48,66.96
2021-11-04,75.44,66.59
2021-11-05,76.53,67.22
2021-11-08,74.58,66.22
2021-11-09,74.58,66.56
2021-11-10,75.68,67.1
2021-11-11,75.07,66.69
2021-11-12,74.74,66.65
2021-11-15,75.88,67.53
2021-11-16,75.41,67.21
2021-11-17,75.35,67.27
2021-11-18,75.19,66.92
2021-11-19,74.19,67.3
2021-11-22,74.04,67.71
2021-11-23,74.82,67.78
2021-11-24,74.9,67.82
2021-11-26,73.67,66.76
2021-11-29,74.42,67.75
2021-11-30,71.2,65.77
2021-12-01,70.85,65.89
2021-12-02,71.84,66.73
2021-12-03,73.04,67.4
2021-12-06,74.29,68.43
2021-12-07,75.46,68.94
2021-12-08,75.13,68.87
2021-12-09,76.19,68.78
2021-12-10,75.96,69.15
2021-12-13,76.75,70.0
2021-12-14,76.6,69.58
2021-12-15,78.2,70.72
2021-12-16,78.57,71.08
2021-12-17,76.63,70.01
2021-12-20,77.96,69.53
2021-12-21,77.14,69.43
2021-12-22,77.15,69.73
2021-12-23,77.34,69.72
2021-12-27,77.43,70.06
2021-12-28,77.91,70.69
2021-12-29,78.42,71.07
2021-12-30,78.47,71.33
2021-12-31,78.56,71.58
2022-01-03,78.35,70.87
2022-01-04,78.1,70.65
2022-01-05,79.21,70.61
2022-01-06,79.06,69.88
2022-01-07,80.21,70.41
2022-01-10,79.83,69.95
2022-01-11,79.13,69.32
2022-01-12,79.32,69.54
2022-01-13,79.75,69.88
2022-01-14,79.17,69.4
2022-01-18,78.46,68.57
2022-01-19,79.03,68.88
2022-01-20,79.09,68.97
2022-01-21,79.31,68.84
2022-01-24,78.48,68.18
2022-01-25,77.98,67.11
2022-01-26,77.46,66.56
2022-01-27,78.21,67.15
2022-01-28,79.46,67.96
2022-01-31,80.66,69.25
2022-02-01,80.03,68.33
2022-02-02,81.32,69.34
2022-02-03,81.01,69.03
2022-02-04,80.18,68.48
2022-02-07,80.17,68.38
2022-02-08,80.33,68.43
2022-02-09,80.32,68.73
2022-02-10,78.25,66.99
2022-02-11,79.08,67.03
2022-02-14,78.75,66.46
2022-02-15,78.17,66.15
2022-02-16,78.67,66.3
2022-02-17,79.14,66.34
2022-02-18,79.15,66.22
2022-02-22,79.37,66.15
2022-02-23,77.64,65.03
2022-02-24,77.16,65.55
2022-02-25,79.69,67.58
2022-02-28,79.53,67.93
2022-03-01,79.29,67.34
2022-03-02,80.16,68.16
2022-03-03,80.72,69.36
2022-03-04,82.7,70.89
2022-03-07,83.35,71.81
2022-03-08,81.56,70.7
2022-03-09,81.0,70.2
2022-03-10,82.21,70.67
2022-03-11,82.26,70.43
2022-03-14,81.32,70.35
2022-03-15,81.02,71.25
2022-03-16,80.76,71.12
2022-03-17,82.69,71.42
2022-03-18,81.27,70.81
2022-03-21,81.83,70.81
2022-03-22,81.66,70.91
2022-03-23,81.63,71.01
2022-03-24,82.3,71.74
2022-03-25,83.97,72.78
2022-03-28,84.24,73.25
2022-03-29,84.89,73.93
2022-03-30,85.43,74.54
2022-03-31,84.97,74.46
2022-04-01,86.33,75.5
2022-04-04,85.35,74.92
2022-04-05,86.09,75.39
2022-04-06,87.84,76.89
2022-04-07,87.66,76.7
2022-04-08,88.38,76.96
2022-04-11,87.52,75.91
2022-04-12,87.39,76.2
2022-04-13,87.19,76.05
2022-04-14,87.4,76.09
2022-04-18,86.83,75.68
2022-04-19,86.97,76.17
2022-04-20,86.99,76.79
2022-04-21,86.55,75.52
2022-04-22,84.89,74.25
2022-04-25,84.56,73.74
2022-04-26,83.57,73.0
2022-04-27,83.38,72.65
2022-04-28,83.87,73.46
2022-04-29,81.64,71.26
2022-05-02,81.05,70.53
2022-05-03,81.23,70.8
2022-05-04,82.51,72.38
2022-05-05,83.04,71.64
2022-05-06,84.02,72.21
2022-05-09,83.77,71.67
2022-05-10,81.96,70.8
2022-05-11,83.02,71.31
2022-05-12,82.9,70.59
2022-05-13,83.61,71.43
2022-05-16,83.69,71.65
2022-05-17,84.25,72.39
2022-05-18,82.66,71.69
2022-05-19,82.21,71.54
2022-05-20,82.54,71.74
2022-05-23,83.07,72.6
2022-05-24,84.92,74.05
2022-05-25,84.66,74.0
2022-05-26,84.58,74.21
2022-05-27,85.16,75.37
2022-05-31,84.22,74.33
2022-06-01,83.71,74.21
2022-06-02,83.48,74.71
2022-06-03,82.71,74.35
2022-06-06,82.73,74.68
2022-06-07,83.1,75.13
2022-06-08,81.19,73.66
2022-06-09,79.34,71.89
2022-06-10,79.31,71.34
2022-06-13,76.32,68.06
2022-06-14,74.6,66.34
2022-06-15,74.88,66.77
2022-06-16,74.38,65.48
2022-06-17,73.41,64.87
2022-06-21,74.58,65.58
2022-06-22,75.42,66.27
2022-06-23,77.15,67.83
2022-06-24,78.14,69.01
2022-06-27,78.62,69.57
2022-06-28,78.53,69.31
2022-06-29,79.02,69.36
2022-06-30,79.81,70.13
2022-07-01,81.24,71.85
2022-07-05,79.43,69.4
2022-07-06,80.03,70.12
2022-07-07,79.82,70.05
2022-07-08,79.38,69.82
2022-07-11,79.78,70.26
2022-07-12,79.25,69.92
2022-07-13,78.66,69.63
2022-07-14,78.77,69.63
2022-07-15,79.2,69.76
2022-07-18,78.01,68.79
2022-07-19,77.78,69.23
2022-07-20,75.77,68.31
2022-07-21,75.96,68.49
2022-07-22,77.35,69.43
2022-07-25,78.6,70.3
2022-07-26,79.25,70.72
2022-07-27,79.2,70.78
2022-07-28,81.32,73.32
2022-07-29,81.98,73.95
2022-08-01,82.54,74.03
2022-08-02,82.16,73.88
2022-08-03,83.2,74.34
2022-08-04,82.89,74.5
2022-08-05,82.57,74.23
2022-08-08,81.39,74.34
2022-08-09,82.38,75.17
2022-08-10,82.14,75.5
2022-08-11,81.76,75.49
2022-08-12,82.83,76.72
2022-08-15,84.65,77.36
2022-08-16,85.45,77.58
2022-08-17,85.62,77.45
2022-08-18,85.65,77.74
2022-08-19,85.62,77.7
2022-08-22,84.57,76.64
2022-08-23,83.93,76.18
2022-08-24,84.31,76.42
2022-08-25,84.3,76.89
2022-08-26,83.08,75.71
2022-08-29,83.61,75.94
2022-08-30,82.34,74.83
2022-08-31,81.8,74.34
2022-09-01,82.36,75.41
2022-09-02,81.83,74.6
2022-09-06,81.5,74.79
2022-09-07,83.39,77.13
2022-09-08,82.77,77.07
2022-09-09,83.16,77.38
2022-09-12,84.2,78.12
2022-09-13,82.24,76.04
2022-09-14,82.44,76.66
2022-09-15,80.92,74.75
2022-09-16,80.82,74.47
2022-09-19,81.18,74.96
2022-09-20,80.03,73.87
2022-09-21,78.93,72.86
2022-09-22,78.44,72.6
2022-09-23,77.75,71.76
2022-09-26,75.84,70.03
2022-09-27,74.03,68.85
2022-09-28,74.86,69.59
2022-09-29,71.06,66.8
2022-09-30,69.11,65.51
2022-10-03,71.09,67.43
2022-10-04,71.5,68.86
2022-10-05,69.01,67.33
2022-10-06,65.96,65.11
2022-10-07,64.39,63.76
2022-10-10,64.5,63.87
2022-10-11,64.83,63.64
2022-10-12,62.66,61.52
2022-10-13,65.04,63.06
2022-10-14,64.31,62.15
2022-10-17,65.28,63.45
2022-10-18,66.54,64.61
2022-10-19,65.69,63.77
2022-10-20,64.41,62.16
2022-10-21,65.53,63.31
2022-10-24,66.01,63.84
2022-10-25,66.92,65.12
2022-10-26,67.12,65.09
2022-10-27,67.37,65.61
2022-10-28,69.41,67.41
2022-10-31,69.97,66.78
2022-11-01,69.72,67.04
2022-11-02,69.04,66.39
2022-11-03,69.23,66.68
2022-11-04,67.13,67.09
2022-11-07,62.94,65.81
2022-11-08,62.62,66.27
2022-11-09,60.42,65.75
2022-11-10,62.37,68.85
2022-11-11,61.66,68.08
2022-11-14,57.96,67.27
2022-11-15,58.88,68.01
2022-11-16,59.61,68.62
2022-11-17,58.37,67.42
2022-11-18,59.16,68.85
2022-11-21,59.54,69.16
2022-11-22,60.25,69.75
2022-11-23,61.03,70.53
2022-11-25,61.53,70.94
2022-11-28,60.62,70.21
2022-11-29,59.77,69.69
2022-11-30,61.11,71.43
2022-12-01,60.37,71.37
2022-12-02,60.47,71.03
2022-12-05,59.27,70.63
2022-12-06,58.25,71.07
2022-12-07,58.0,70.74
2022-12-08,58.29,71.2
2022-12-09,58.28,70.83
2022-12-12,59.98,72.45
2022-12-13,59.98,72.67
2022-12-14,59.27,72.58
2022-12-15,58.84,71.7
2022-12-16,58.62,70.48
2022-12-19,59.25,69.63
2022-12-20,59.58,69.65
2022-12-21,60.05,70.62
2022-12-22,60.49,70.19
2022-12-23,60.79,70.91
2022-12-27,61.78,71.35
2022-12-28,61.46,70.67
2022-12-29,61.64,71.18
2022-12-30,61.32,70.5
2023-01-03,62.97,70.5
2023-01-04,63.21,71.14
2023-01-05,61.46,69.6
2023-01-06,61.87,71.0
2023-01-09,61.59,71.48
2023-01-10,61.83,71.5
2023-01-11,62.38,72.08
2023-01-12,62.91,71.59
2023-01-13,62.92,71.33
2023-01-17,62.52,71.23
2023-01-18,61.81,69.52
2023-01-19,62.01,68.82
2023-01-20,62.42,69.23
2023-01-23,62.97,69.25
2023-01-24,62.48,69.6
2023-01-25,62.32,68.66
2023-01-26,62.58,68.89
2023-01-27,62.45,68.89
2023-01-30,62.69,68.58
2023-01-31,63.64,69.09
2023-02-01,63.1,69.21
2023-02-02,62.0,69.36
2023-02-03,60.25,67.91
2023-02-06,61.74,68.49
2023-02-07,61.6,68.46
2023-02-08,59.57,67.31
2023-02-09,57.73,66.39
2023-02-10,59.54,67.71
2023-02-13,58.64,68.12
2023-02-14,58.06,67.83
2023-02-15,58.25,68.27
2023-02-16,58.1,67.75
2023-02-17,58.7,68.48
2023-02-21,58.1,67.2
2023-02-22,57.71,66.94
2023-02-23,57.29,66.59
2023-02-24,57.0,66.61
2023-02-27,56.33,66.16
2023-02-28,55.62,65.0
2023-03-01,54.74,63.93
2023-03-02,54.99,65.14
2023-03-03,55.94,66.25
2023-03-06,55.97,66.57
2023-03-07,54.66,65.48
2023-03-08,54.96,65.98
2023-03-09,54.27,65.45
2023-03-10,53.21,64.42
2023-03-13,54.2,65.41
2023-03-14,54.71,66.27
2023-03-15,55.91,67.17
2023-03-16,55.88,67.62
2023-03-17,55.4,66.97
2023-03-20,55.62,67.0
2023-03-21,54.09,65.65
2023-03-22,53.21,64.36
2023-03-23,52.22,63.7
2023-03-24,53.83,65.69
2023-03-27,54.13,65.77
2023-03-28,54.72,65.95
2023-03-29,55.58,66.91
2023-03-30,55.69,67.2
2023-03-31,55.91,67.69
2023-04-03,55.57,67.23
2023-04-04,56.31,67.57
2023-04-05,57.41,69.32
2023-04-06,58.06,69.81
2023-04-10,57.96,69.67
2023-04-11,58.08,69.73
2023-04-12,57.89,69.66
2023-04-13,58.36,69.67
2023-04-14,57.93,68.89
2023-04-17,58.68,69.27
2023-04-18,57.36,68.91
2023-04-19,57.43,69.44
2023-04-20,57.21,69.42
2023-04-21,57.71,69.62
2023-04-24,57.52,69.97
2023-04-25,57.31,69.9
2023-04-26,56.12,68.26
2023-04-27,57.35,69.08
2023-04-28,57.14,68.98
2023-05-01,57.12,69.1
2023-05-02,55.53,68.26
2023-05-03,55.76,68.07
2023-05-04,56.57,68.59
2023-05-05,56.49,69.03
2023-05-08,56.5,68.82
2023-05-09,56.5,68.73
2023-05-10,56.35,69.36
2023-05-11,55.46,68.65
2023-05-12,55.19,69.03
2023-05-15,54.77,68.16
2023-05-16,52.84,66.65
2023-05-17,53.22,66.41
2023-05-18,52.68,66.21
2023-05-19,52.12,66.11
2023-05-22,52.16,66.13
2023-05-23,52.29,65.9
2023-05-24,51.31,65.47
2023-05-25,50.43,64.59
2023-05-26,49.86,64.59
2023-05-30,49.74,64.34
2023-05-31,50.28,64.93
2023-06-01,49.02,64.45
2023-06-02,49.86,65.12
2023-06-05,50.5,65.43
2023-06-06,51.62,65.38
2023-06-07,53.05,66.49
2023-06-08,53.29,66.78
2023-06-09,53.09,66.39
2023-06-12,52.5,66.27
2023-06-13,52.38,66.26
2023-06-14,52.56,66.22
2023-06-15,52.87,66.94
2023-06-16,53.33,67.3
2023-06-20,53.17,65.98
2023-06-21,53.29,66.51
2023-06-22,53.0,66.0
2023-06-23,51.82,65.03
2023-06-26,52.79,65.67
2023-06-27,52.51,65.69
2023-06-28,51.66,64.72
2023-06-29,51.82,64.72
2023-06-30,51.79,65.44
2023-07-03,52.61,65.93
2023-07-05,53.09,66.68
2023-07-06,52.35,65.87
2023-07-07,52.24,65.39
2023-07-10,51.58,65.11
2023-07-11,51.99,65.92
2023-07-12,52.69,66.88
2023-07-13,53.04,67.11
2023-07-14,52.64,66.85
2023-07-17,51.31,66.08
2023-07-18,51.05,65.57
2023-07-19,51.97,66.24
2023-07-20,53.11,67.45
2023-07-21,53.78,68.46
2023-07-24,53.89,68.28
2023-07-25,54.12,68.4
2023-07-26,54.45,68.4
2023-07-27,53.36,67.19
2023-07-28,53.5,67.04
2023-07-31,53.55,67.07
2023-08-01,52.3,66.25
2023-08-02,52.34,66.25
2023-08-03,50.74,64.74
2023-08-04,49.21,63.99
2023-08-07,49.14,63.98
2023-08-08,49.27,64.28
2023-08-09,49.69,64.42
2023-08-10,49.88,64.22
2023-08-11,49.59,64.57
2023-08-14,48.99,64.06
2023-08-15,47.8,63.02
2023-08-16,48.08,63.3
2023-08-17,48.09,63.16
2023-08-18,48.43,63.49
2023-08-21,48.12,63.09
2023-08-22,47.8,63.27
2023-08-23,47.8,63.52
2023-08-24,48.07,63.15
2023-08-25,48.52,63.63
2023-08-28,48.93,63.62
2023-08-29,49.56,63.86
2023-08-30,49.5,63.57
2023-08-31,48.54,62.96
2023-09-01,47.88,62.64
2023-09-05,46.79,61.68
2023-09-06,45.95,61.82
2023-09-07,46.03,62.63
2023-09-08,47.12,63.18
2023-09-11,47.3,63.44
2023-09-12,47.57,63.52
2023-09-13,47.75,64.28
2023-09-14,48.51,65.22
2023-09-15,48.47,64.94
2023-09-18,48.63,64.37
2023-09-19,47.85,64.02
2023-09-20,47.97,64.08
2023-09-21,47.39,63.41
2023-09-22,47.75,63.29
2023-09-25,47.91,63.2
2023-09-26,46.06,61.31
2023-09-27,45.46,60.13
2023-09-28,44.14,58.83
2023-09-29,44.67,58.93
2023-10-02,42.31,56.19
2023-10-03,42.47,56.84
2023-10-04,41.97,56.78
2023-10-05,40.98,56.45
2023-10-06,41.7,57.25
2023-10-09,42.18,57.82
2023-10-10,42.59,58.61
2023-10-11,42.96,59.56
2023-10-12,41.55,58.64
2023-10-13,41.88,59.3
2023-10-16,42.22,59.91
2023-10-17,41.91,59.75
2023-10-18,40.76,59.23
2023-10-19,40.64,58.64
2023-10-20,40.02,58.03
2023-10-23,39.53,57.54
2023-10-24,40.35,59.02
2023-10-25,40.54,59.35
2023-10-26,40.97,59.86
2023-10-27,40.08,58.73
2023-10-30,40.0,59.18
2023-10-31,40.32,59.69
2023-11-01,40.22,60.37
2023-11-02,41.08,61.5
2023-11-03,43.61,61.86
2023-11-06,45.59,61.7
2023-11-07,45.58,61.25
2023-11-08,45.94,60.8
2023-11-09,44.87,60.0
2023-11-10,44.96,60.32
2023-11-13,44.53,59.6
2023-11-14,46.49,61.98
2023-11-15,47.23,61.79
2023-11-16,46.87,62.12
2023-11-17,46.76,62.29
2023-11-20,46.41,62.1
2023-11-21,46.42,62.23
2023-11-22,46.65,62.53
2023-11-24,46.96,62.69
2023-11-27,46.91,62.79
2023-11-28,47.0,62.99
2023-11-29,46.73,62.49
2023-11-30,45.34,62.76
2023-12-01,46.67,63.53
2023-12-04,46.13,63.28
2023-12-05,46.32,62.83
2023-12-06,47.26,63.67
2023-12-07,47.24,63.53
2023-12-08,47.49,63.41
2023-12-11,47.65,63.82
2023-12-12,47.65,63.56
2023-12-13,49.47,65.96
2023-12-14,49.16,65.1
2023-12-15,48.48,63.97
2023-12-18,48.18,63.23
2023-12-19,48.01,63.59
2023-12-20,47.18,62.3
2023-12-21,46.75,62.41
2023-12-22,46.8,62.62
2023-12-26,47.05,63.0
2023-12-27,46.51,62.96
2023-12-28,47.06,63.41
2023-12-29,47.0,63.33
