date,FITB,KBE
2010-01-04,10.12,21.71
2010-01-05,10.39,22.18
2010-01-06,10.45,22.47
2010-01-07,11.08,23.41
2010-01-08,11.09,23.32
2010-01-11,11.2,23.33
2010-01-12,10.99,22.94
2010-01-13,11.52,23.33
2010-01-14,11.77,23.68
2010-01-15,11.36,23.16
2010-01-19,11.39,23.4
2010-01-20,11.31,23.71
2010-01-21,12.02,23.67
2010-01-22,12.1,22.96
2010-01-25,12.49,23.0
2010-01-26,11.71,22.57
2010-01-27,12.18,23.19
2010-01-28,12.26,23.3
2010-01-29,12.44,23.09
2010-02-01,12.5,23.42
2010-02-02,12.48,23.47
2010-02-03,12.0,22.95
2010-02-04,11.22,21.98
2010-02-05,11.26,22.24
2010-02-08,11.39,21.91
2010-02-09,11.47,22.18
2010-02-10,11.69,22.34
2010-02-11,11.87,22.38
2010-02-12,11.61,22.23
2010-02-16,12.08,22.81
2010-02-17,12.05,22.83
2010-02-18,11.92,22.85
2010-02-19,12.23,23.15
2010-02-22,12.55,23.59
2010-02-23,12.27,23.1
2010-02-24,12.69,23.56
2010-02-25,12.2,23.4
2010-02-26,12.21,23.51
2010-03-01,12.24,23.43
2010-03-02,12.66,23.58
2010-03-03,12.54,23.55
2010-03-04,12.33,23.55
2010-03-05,12.73,24.14
2010-03-08,12.61,24.2
2010-03-09,12.62,24.35
2010-03-10,12.96,24.91
2010-03-11,13.28,25.3
2010-03-12,13.15,25.05
2010-03-15,13.38,25.12
2010-03-16,13.45,25.57
2010-03-17,13.7,26.02
2010-03-18,13.44,25.61
2010-03-19,13.3,25.37
2010-03-22,13.43,25.66
2010-03-23,13.46,25.89
2010-03-24,13.58,26.01
2010-03-25,13.41,26.07
2010-03-26,13.2,26.01
2010-03-29,13.31,25.89
2010-03-30,13.265,25.73
2010-03-31,13.56,25.81
2010-04-01,13.59,25.99
2010-04-05,13.95,26.61
2010-04-06,14.35,27.19
2010-04-07,14.3,27.08
2010-04-08,14.27,27.36
2010-04-09,14.1,27.48
2010-04-12,14.36,27.79
2010-04-13,14.33,27.49
2010-04-14,14.94,28.4
2010-04-15,14.9,28.17
2010-04-16,14.2,27.26
2010-04-19,14.24,27.47
2010-04-20,14.8,28.23
2010-04-21,15.15,28.43
2010-04-22,14.96,28.69
2010-04-23,15.12,28.72
2010-04-26,14.515,27.89
2010-04-27,14.05,27.07
2010-04-28,14.44,27.42
2010-04-29,14.87,28.02
2010-04-30,14.915,27.66
2010-05-03,15.36,28.12
2010-05-04,14.56,27.35
2010-05-05,14.59,27.35
2010-05-06,13.61,26.11
2010-05-07,13.31,25.7
2010-05-10,14.38,27.25
2010-05-11,14.61,27.4
2010-05-12,15.0,27.77
2010-05-13,14.8,27.3
2010-05-14,14.08,26.52
2010-05-17,13.98,26.48
2010-05-18,13.43,25.45
2010-05-19,13.3,25.33
2010-05-20,12.51,24.13
2010-05-21,13.19,25.06
2010-05-24,12.57,24.24
2010-05-25,12.83,24.45
2010-05-26,12.51,24.36
2010-05-27,13.26,25.37
2010-05-28,13.0,24.77
2010-06-01,12.4,24.22
2010-06-02,13.05,24.95
2010-06-03,13.13,24.77
2010-06-04,12.5025,23.67
2010-06-07,12.32,23.16
2010-06-08,12.67,23.63
2010-06-09,12.67,23.43
2010-06-10,13.37,24.34
2010-06-11,13.36,24.3
2010-06-14,13.53,24.13
2010-06-15,14.0,24.8
2010-06-16,14.05,24.74
2010-06-17,13.62,24.7
2010-06-18,13.58,24.84
2010-06-21,13.53,24.82
2010-06-22,13.51,24.48
2010-06-23,13.51,24.3
2010-06-24,13.2,23.74
2010-06-25,13.37,24.41
2010-06-28,13.51,24.34
2010-06-29,12.95,23.28
2010-06-30,12.29,22.89
2010-07-01,12.16,22.69
2010-07-02,11.82,22.34
2010-07-06,12.04,22.58
2010-07-07,12.92,23.87
2010-07-08,13.09,23.94
2010-07-09,13.48,24.5
2010-07-12,13.27,24.59
2010-07-13,13.69,25.29
2010-07-14,13.34,24.91
2010-07-15,13.25,24.79
2010-07-16,12.17,23.4
2010-07-19,11.9,23.34
2010-07-20,11.78,23.32
2010-07-21,11.28,22.785
2010-07-22,12.45,23.6
2010-07-23,12.29,23.76
2010-07-26,12.82,24.37
2010-07-27,13.14,24.53
2010-07-28,12.76,24.24
2010-07-29,12.82,24.21
2010-07-30,12.71,24.19
2010-08-02,13.42,24.91
2010-08-03,13.3,24.59
2010-08-04,13.29,24.54
2010-08-05,13.06,24.42
2010-08-06,12.69,24.1
2010-08-09,13.02,24.19
2010-08-10,13.0025,24.05
2010-08-11,12.38,23.02
2010-08-12,12.16,22.89
2010-08-13,12.13,22.86
2010-08-16,12.19,22.83
2010-08-17,12.07,22.85
2010-08-18,12.11,22.93
2010-08-19,11.68,22.37
2010-08-20,11.56,22.29
2010-08-23,11.6,22.14
2010-08-24,11.035,21.67
2010-08-25,10.98,21.56
2010-08-26,10.95,21.45
2010-08-27,11.18,21.91
2010-08-30,10.85,21.39
2010-08-31,11.04,21.6
2010-09-01,11.66,22.47
2010-09-02,11.72,22.73
2010-09-03,11.93,23.13
2010-09-07,11.38,22.49
2010-09-08,11.6,22.79
2010-09-09,11.96,23.16
2010-09-10,12.09,23.17
2010-09-13,12.51,23.83
2010-09-14,12.485,23.56
2010-09-15,12.47,23.56
2010-09-16,12.22,23.42
2010-09-17,12.23,23.23
2010-09-20,12.39,23.76
2010-09-21,12.275,23.45
2010-09-22,12.04,23.04
2010-09-23,11.72,22.63
2010-09-24,12.2375,23.27
2010-09-27,11.9075,22.91
2010-09-28,12.015,22.99
2010-09-29,11.9025,22.88
2010-09-30,12.03,22.95
2010-10-01,11.9,23.17
2010-10-04,11.9,23.09
2010-10-05,12.51,23.77
2010-10-06,12.28,23.68
2010-10-07,12.52,23.58
2010-10-08,12.38,23.53
2010-10-11,12.28,23.52
2010-10-12,12.755,23.83
2010-10-13,12.7,23.66
2010-10-14,12.34,23.04
2010-10-15,12.13,22.46
2010-10-18,12.54,22.97
2010-10-19,12.375,22.89
2010-10-20,12.4,22.72
2010-10-21,12.8,22.765
2010-10-22,12.86,22.81
2010-10-25,12.62,22.595
2010-10-26,12.785,22.63
2010-10-27,12.87,22.67
2010-10-28,12.72,22.61
2010-10-29,12.56,22.59
2010-11-01,12.38,22.48
2010-11-02,12.44,22.43
2010-11-03,13.05,22.85
2010-11-04,13.4,23.62
2010-11-05,13.03,24.19
2010-11-08,13.05,24.05
2010-11-09,12.87,23.63
2010-11-10,13.235,24.0175
2010-11-11,13.235,23.875
2010-11-12,12.87,23.35
2010-11-15,13.02,23.5
2010-11-16,12.68,23.11
2010-11-17,12.39,22.72
2010-11-18,12.08,22.88
2010-11-19,12.26,22.88
2010-11-22,12.12,22.49
2010-11-23,11.78,22.1
2010-11-24,12.06,22.35
2010-11-26,11.86,22.15
2010-11-29,12.03,22.41
2010-11-30,11.95,22.26
2010-12-01,12.265,22.76
2010-12-02,13.05,23.65
2010-12-03,13.2725,23.89
2010-12-06,13.02,23.78
2010-12-07,13.08,23.79
2010-12-08,13.93,24.44
2010-12-09,14.24,25.05
2010-12-10,14.57,25.31
2010-12-13,14.49,25.2
2010-12-14,14.27,24.81
2010-12-15,14.16,24.54
2010-12-16,13.92,24.59
2010-12-17,14.07,24.88
2010-12-20,14.16,25.0
2010-12-21,14.3,25.49
2010-12-22,14.71,26.0671
2010-12-23,14.39,25.7
2010-12-27,14.74,25.97
2010-12-28,15.04,26.1
2010-12-29,14.77,26.01
2010-12-30,14.64,25.93
2010-12-31,14.68,25.91
2011-01-03,14.78,26.5
2011-01-04,14.73,26.4225
2011-01-05,14.96,26.81
2011-01-06,14.62,26.48
2011-01-07,14.675,26.23
2011-01-10,14.4325,26.19
2011-01-11,14.55,26.32
2011-01-12,14.76,26.7225
2011-01-13,14.62,26.55
2011-01-14,14.95,27.14
2011-01-18,14.86,26.89
2011-01-19,14.61,26.22
2011-01-20,14.22,26.18
2011-01-21,14.6,26.61
2011-01-24,14.34,26.34
2011-01-25,14.4325,26.3075
2011-01-26,14.57,26.16
2011-01-27,14.79,26.46
2011-01-28,14.64,26.04
2011-01-31,14.87,26.32
2011-02-01,15.52,26.96
2011-02-02,15.455,26.8075
2011-02-03,15.4025,26.8975
2011-02-04,15.39,26.905
2011-02-07,15.36,27.285
2011-02-08,15.39,27.4975
2011-02-09,15.07,27.19
2011-02-10,15.18,27.08
2011-02-11,15.46,27.6175
2011-02-14,15.51,27.62
2011-02-15,15.45,27.52
2011-02-16,15.38,27.62
2011-02-17,15.09,27.38
2011-02-18,14.9925,27.415
2011-02-22,14.495,26.47
2011-02-23,14.45,26.42
2011-02-24,14.3,26.245
2011-02-25,14.6,26.63
2011-02-28,14.6,26.5
2011-03-01,13.95,25.92
2011-03-02,13.87,25.87
2011-03-03,14.09,26.375
2011-03-04,13.9,25.98
2011-03-07,13.6,25.78
2011-03-08,13.7,26.48
2011-03-09,13.87,26.49
2011-03-10,13.69,25.88
2011-03-11,13.89,26.12
2011-03-14,13.9,25.9
2011-03-15,13.57,25.69
2011-03-16,13.4,25.3
2011-03-17,13.81,25.65
2011-03-18,14.03,25.81
2011-03-21,14.0175,25.815
2011-03-22,13.85,25.68
2011-03-23,13.8,25.52
2011-03-24,13.78,25.6
2011-03-25,13.85,25.71
2011-03-28,13.78,25.63
2011-03-29,13.93,25.69
2011-03-30,13.81,25.9
2011-03-31,13.885,25.82
2011-04-01,13.99,26.04
2011-04-04,13.97,26.03
2011-04-05,13.89,26.03
2011-04-06,14.07,26.43
2011-04-07,13.865,26.3
2011-04-08,13.7,26.08
2011-04-11,13.73,26.025
2011-04-12,13.66,25.99
2011-04-13,13.6,25.7
2011-04-14,13.645,25.46
2011-04-15,13.8,25.4
2011-04-18,13.53,25.1
2011-04-19,13.36,25.11
2011-04-20,13.32,24.99
2011-04-21,13.16,25.09
2011-04-25,12.92,25.1
2011-04-26,13.04,25.3
2011-04-27,13.32,25.56
2011-04-28,13.43,25.68
2011-04-29,13.27,25.61
2011-05-02,13.05,25.54
2011-05-03,13.4,25.75
2011-05-04,13.15,25.55
2011-05-05,12.82,25.19
2011-05-06,12.99,25.21
2011-05-09,12.8,25.16
2011-05-10,12.98,25.38
2011-05-11,12.82,25.15
2011-05-12,12.71,25.08
2011-05-13,12.49,24.63
2011-05-16,12.47,24.669
2011-05-17,12.79,25.07
2011-05-18,12.9,25.14
2011-05-19,13.0,25.16
2011-05-20,12.72,24.75
2011-05-23,12.39,24.38
2011-05-24,12.48,24.35
2011-05-25,12.61,24.335
2011-05-26,12.73,24.42
2011-05-27,12.93,24.77
2011-05-31,13.06,24.95
2011-06-01,12.34,23.93
2011-06-02,12.37,23.97
2011-06-03,12.39,23.75
2011-06-06,12.14,23.26
2011-06-07,12.3,23.235
2011-06-08,12.29,23.1
2011-06-09,12.33,23.38
2011-06-10,12.245,23.28
2011-06-13,12.28,23.52
2011-06-14,12.465,23.65
2011-06-15,12.32,23.27
2011-06-16,12.28,23.37
2011-06-17,12.55,23.56
2011-06-20,12.545,23.43
2011-06-21,12.67,23.69
2011-06-22,12.405,23.48
2011-06-23,12.09,23.24
2011-06-24,12.18,22.99
2011-06-27,12.28,23.32
2011-06-28,12.415,23.36
2011-06-29,12.71,23.94
2011-06-30,12.75,23.99
2011-07-01,12.97,24.44
2011-07-05,12.91,24.17
2011-07-06,12.65,24.0
2011-07-07,12.9,24.4
2011-07-08,12.56,24.03
2011-07-11,12.17,23.34
2011-07-12,12.02,23.285
2011-07-13,12.17,23.35
2011-07-14,12.02,23.08
2011-07-15,12.05,23.07
2011-07-18,11.99,22.7
2011-07-19,12.2,22.99
2011-07-20,12.33,23.29
2011-07-21,12.76,23.85
2011-07-22,12.81,23.77
2011-07-25,13.0,23.65
2011-07-26,12.92,23.58
2011-07-27,12.7,23.02
2011-07-28,12.67,23.0
2011-07-29,12.65,22.88
2011-08-01,12.515,22.84
2011-08-02,11.91,22.09
2011-08-03,12.13,22.24
2011-08-04,11.36,21.09
2011-08-05,11.26,20.62
2011-08-08,9.98,18.45
2011-08-09,10.55,19.7001
2011-08-10,9.42,18.1
2011-08-11,9.86,19.14
2011-08-12,9.55,18.8
2011-08-15,10.15,19.53
2011-08-16,10.09,19.15
2011-08-17,10.25,19.28
2011-08-18,9.6,18.22
2011-08-19,9.28,17.68
2011-08-22,9.25,17.48
2011-08-23,9.76,18.15
2011-08-24,10.1,18.77
2011-08-25,9.735,18.77
2011-08-26,10.05,18.99
2011-08-29,10.51,19.83
2011-08-30,10.46,19.69
2011-08-31,10.62,19.9
2011-09-01,10.18,19.33
2011-09-02,9.62,18.44
2011-09-06,9.75,18.15
2011-09-07,10.45,19.19
2011-09-08,10.12,18.7
2011-09-09,9.81,18.07
2011-09-12,9.93,18.38
2011-09-13,10.35,18.59
2011-09-14,10.51,18.92
2011-09-15,10.7,19.37
2011-09-16,10.67,19.21
2011-09-19,10.47,18.67
2011-09-20,10.38,18.62
2011-09-21,9.77,17.57
2011-09-22,9.6,17.09
2011-09-23,9.84,17.38
2011-09-26,10.52,18.29
2011-09-27,10.45,18.29
2011-09-28,10.09,17.65
2011-09-29,10.46,18.25
2011-09-30,10.1,17.54
2011-10-03,9.8,16.73
2011-10-04,10.64,17.47
2011-10-05,10.625,17.67
2011-10-06,11.11,18.46
2011-10-07,10.58,17.7
2011-10-10,10.97,18.61
2011-10-11,10.91,18.75
2011-10-12,11.51,19.34
2011-10-13,11.23,18.78
2011-10-14,11.34,18.91
2011-10-17,10.62,18.17
2011-10-18,11.21,19.25
2011-10-19,10.66,18.7
2011-10-20,11.63,19.03
2011-10-21,11.66,19.36
2011-10-24,12.01,19.79
2011-10-25,11.69,19.13
2011-10-26,12.0,19.5
2011-10-27,12.49,20.49
2011-10-28,12.31,20.4
2011-10-31,12.01,19.76
2011-11-01,11.39,18.78
2011-11-02,11.83,19.41
2011-11-03,12.01,19.84
2011-11-04,12.01,19.57
2011-11-07,12.25,19.78
2011-11-08,12.49,20.25
2011-11-09,11.73,19.07
2011-11-10,12.01,19.26
2011-11-11,12.18,19.69
2011-11-14,11.87,19.18
2011-11-15,11.96,19.28
2011-11-16,11.98,19.05
2011-11-17,11.81,18.78
2011-11-18,11.89,18.86
2011-11-21,11.52,18.32
2011-11-22,11.35,18.13
2011-11-23,10.94,17.56
2011-11-25,10.97,17.63
2011-11-28,11.36,18.09
2011-11-29,11.22,18.02
2011-11-30,12.09,19.21
2011-12-01,11.95,19.06
2011-12-02,12.12,19.31
2011-12-05,12.56,19.71
2011-12-06,12.32,19.52
2011-12-07,12.39,19.69
2011-12-08,11.97,19.01
2011-12-09,12.51,19.48
2011-12-12,12.23,19.14
2011-12-13,11.91,18.82
2011-12-14,11.8,18.73
2011-12-15,11.97,18.87
2011-12-16,12.07,18.88
2011-12-19,11.84,18.43
2011-12-20,12.19,19.16
2011-12-21,12.49,19.4
2011-12-22,12.915,19.94
2011-12-23,12.84,19.97
2011-12-27,12.75,19.95
2011-12-28,12.575,19.66
2011-12-29,12.91,19.96
2011-12-30,12.72,19.83
2012-01-03,13.08,20.29
2012-01-04,13.09,20.41
2012-01-05,13.47,20.8
2012-01-06,13.49,20.79
2012-01-09,13.415,21.12
2012-01-10,13.85,21.39
2012-01-11,13.75,21.56
2012-01-12,13.83,21.61
2012-01-13,14.03,21.56
2012-01-17,13.735,21.37
2012-01-18,13.75,21.54
2012-01-19,13.56,21.5
2012-01-20,13.17,21.72
2012-01-23,13.4,21.73
2012-01-24,13.43,21.59
2012-01-25,13.49,21.71
2012-01-26,13.08,21.19
2012-01-27,13.23,21.27
2012-01-30,12.99,21.11
2012-01-31,13.005,21.11
2012-02-01,13.14,21.42
2012-02-02,13.23,21.51
2012-02-03,13.59,22.17
2012-02-06,13.49,22.01
2012-02-07,13.53,22.05
2012-02-08,13.61,22.22
2012-02-09,13.52,22.18
2012-02-10,13.345,21.9
2012-02-13,13.5,22.07
2012-02-14,13.3,21.92
2012-02-15,13.36,21.9
2012-02-16,13.63,22.33
2012-02-17,13.8,22.45
2012-02-21,13.91,22.39
2012-02-22,13.59,21.91
2012-02-23,13.81,22.16
2012-02-24,13.6,22.07
2012-02-27,13.58,22.33
2012-02-28,13.62,22.36
2012-02-29,13.61,22.28
2012-03-01,13.72,22.44
2012-03-02,13.61,22.29
2012-03-05,13.31,22.11
2012-03-06,12.935,21.56
2012-03-07,13.3,21.9
2012-03-08,13.475,22.18
2012-03-09,13.76,22.47
2012-03-12,13.58,22.42
2012-03-13,14.16,23.31
2012-03-14,14.28,23.58
2012-03-15,14.47,24.18
2012-03-16,14.33,24.24
2012-03-19,14.5,24.44
2012-03-20,14.5,24.4
2012-03-21,14.24,24.25
2012-03-22,14.085,23.84
2012-03-23,14.135,23.95
2012-03-26,14.3,24.27
2012-03-27,14.0,23.97
2012-03-28,14.1,24.18
2012-03-29,14.03,23.93
2012-03-30,14.045,23.85
2012-04-02,14.44,24.02
2012-04-03,14.58,24.1
2012-04-04,14.475,23.72
2012-04-05,14.62,23.55
2012-04-09,14.31,23.11
2012-04-10,13.9,22.62
2012-04-11,14.255,23.06
2012-04-12,14.475,23.455
2012-04-13,14.02,22.73
2012-04-16,14.11,22.94
2012-04-17,14.36,23.37
2012-04-18,14.16,23.13
2012-04-19,13.725,22.99
2012-04-20,13.95,22.98
2012-04-23,13.81,22.84
2012-04-24,13.95,23.06
2012-04-25,14.31,23.34
2012-04-26,14.37,23.53
2012-04-27,14.39,23.58
2012-04-30,14.225,23.25
2012-05-01,14.4,23.46
2012-05-02,14.4,23.35
2012-05-03,14.45,23.21
2012-05-04,13.99,22.84
2012-05-07,14.39,23.06
2012-05-08,14.21,22.96
2012-05-09,13.99,22.67
2012-05-10,14.19,22.87
2012-05-11,14.07,22.75
2012-05-14,13.76,22.28
2012-05-15,13.58,22.03
2012-05-16,13.55,21.8
2012-05-17,13.29,21.45
2012-05-18,13.345,21.22
2012-05-21,13.38,21.42
2012-05-22,13.45,21.64
2012-05-23,13.59,21.8
2012-05-24,13.57,21.87
2012-05-25,13.52,21.8
2012-05-29,13.52,22.06
2012-05-30,13.23,21.52
2012-05-31,13.35,21.7
2012-06-01,12.52,20.63
2012-06-04,12.09,20.25
2012-06-05,12.23,20.38
2012-06-06,12.665,20.85
2012-06-07,12.74,20.99
2012-06-08,12.93,21.27
2012-06-11,12.71,20.78
2012-06-12,12.86,21.07
2012-06-13,12.775,20.96
2012-06-14,13.04,21.25
2012-06-15,13.18,21.46
2012-06-18,12.95,21.36
2012-06-19,13.13,21.75
2012-06-20,13.12,21.81
2012-06-21,13.04,21.3
2012-06-22,13.265,21.59
2012-06-25,12.72,21.1
2012-06-26,12.87,21.22
2012-06-27,12.98,21.52
2012-06-28,13.02,21.56
2012-06-29,13.4,22.04
2012-07-02,13.495,22.19
2012-07-03,13.5,22.32
2012-07-05,13.42,22.1
2012-07-06,13.38,21.97
2012-07-09,13.31,21.74
2012-07-10,13.11,21.55
2012-07-11,13.41,21.74
2012-07-12,13.34,21.54
2012-07-13,13.69,22.12
2012-07-16,13.645,22.07
2012-07-17,13.92,22.33
2012-07-18,13.77,22.14
2012-07-19,13.8,21.87
2012-07-20,13.64,21.44
2012-07-23,13.51,21.12
2012-07-24,13.69,21.19
2012-07-25,13.75,21.28
2012-07-26,14.14,21.51
2012-07-27,14.235,21.82
2012-07-30,14.02,21.77
2012-07-31,13.82,21.72
2012-08-01,13.79,21.63
2012-08-02,13.67,21.4
2012-08-03,14.07,21.98
2012-08-06,13.98,21.98
2012-08-07,14.23,22.21
2012-08-08,14.3,22.28
2012-08-09,14.32,22.24
2012-08-10,14.29,22.19
2012-08-13,14.32,22.21
2012-08-14,14.245,22.22
2012-08-15,14.29,22.33
2012-08-16,14.33,22.45
2012-08-17,14.4,22.6
2012-08-20,14.37,22.61
2012-08-21,14.39,22.63
2012-08-22,14.81,22.54
2012-08-23,14.63,22.27
2012-08-24,14.81,22.37
2012-08-27,14.91,22.49
2012-08-28,14.93,22.51
2012-08-29,15.12,22.72
2012-08-30,15.08,22.58
2012-08-31,15.14,22.59
2012-09-04,15.05,22.74
2012-09-05,14.92,22.7
2012-09-06,15.055,23.25
2012-09-07,15.31,23.51
2012-09-10,15.195,23.38
2012-09-11,15.18,23.53
2012-09-12,15.27,23.71
2012-09-13,15.61,24.19
2012-09-14,15.78,24.63
2012-09-17,15.74,24.2
2012-09-18,15.645,24.06
2012-09-19,15.6,24.13
2012-09-20,15.59,23.94
2012-09-21,15.575,23.77
2012-09-24,15.665,23.88
2012-09-25,15.555,23.53
2012-09-26,15.36,23.39
2012-09-27,15.485,23.59
2012-09-28,15.505,23.48
2012-10-01,15.485,23.51
2012-10-02,15.46,23.6
2012-10-03,15.705,23.92
2012-10-04,15.985,24.33
2012-10-05,15.99,24.36
2012-10-08,15.98,24.27
2012-10-09,15.86,24.04
2012-10-10,15.82,24.08
2012-10-11,15.89,24.24
2012-10-12,15.27,23.65
2012-10-15,15.37,23.74
2012-10-16,15.0,23.5
2012-10-17,15.13,23.85
2012-10-18,15.12,23.8597
2012-10-19,15.0199,23.7
2012-10-22,15.04,23.78
2012-10-23,14.69,23.5
2012-10-24,14.57,23.49
2012-10-25,14.64,23.68
2012-10-26,14.49,23.52
2012-10-31,14.525,23.65
2012-11-01,14.555,23.91
2012-11-02,14.38,23.68
2012-11-05,14.32,23.62
2012-11-06,14.59,23.95
2012-11-07,14.12,23.09
2012-11-08,14.04,22.8884
2012-11-09,14.16,22.91
2012-11-12,14.225,22.91
2012-11-13,14.0,22.67
2012-11-14,13.805,22.29
2012-11-15,14.0,22.33
2012-11-16,14.1,22.5
2012-11-19,14.475,22.9
2012-11-20,14.6,23.07
2012-11-21,14.58,23.02
2012-11-23,14.89,23.45
2012-11-26,14.725,23.35
2012-11-27,14.545,23.16
2012-11-28,14.67,23.2
2012-11-29,14.66,23.26
2012-11-30,14.64,23.27
2012-12-03,14.41,23.17
2012-12-04,14.14,22.98
2012-12-05,14.36,23.19
2012-12-06,14.335,23.21
2012-12-07,14.535,23.36
2012-12-10,14.555,23.4003
2012-12-11,14.53,23.49
2012-12-12,14.62,23.56
2012-12-13,14.51,23.42
2012-12-14,14.36,23.29
2012-12-17,14.665,23.85
2012-12-18,15.08,24.259
2012-12-19,14.95,24.1799
2012-12-20,15.14,24.4
2012-12-21,15.12,23.93
2012-12-24,15.04,23.83
2012-12-26,15.135,23.76
2012-12-27,15.08,23.67
2012-12-28,14.99,23.56
2012-12-31,15.2,23.83
2013-01-02,15.77,24.57
2013-01-03,15.63,24.64
2013-01-04,15.69,25.03
2013-01-07,15.58,24.97
2013-01-08,15.44,24.85
2013-01-09,15.41,24.73
2013-01-10,15.7,24.97
2013-01-11,15.47,24.76
2013-01-14,15.35,24.8
2013-01-15,15.41,24.93
2013-01-16,15.55,25.0
2013-01-17,16.29,25.2
2013-01-18,16.379,25.12
2013-01-22,16.5,25.34
2013-01-23,16.37,25.21
2013-01-24,16.39,25.3
2013-01-25,16.37,25.34
2013-01-28,16.18,25.33
2013-01-29,16.27,25.38
2013-01-30,16.33,25.49
2013-01-31,16.29,25.48
2013-02-01,16.49,25.85
2013-02-04,16.2,25.6
2013-02-05,16.51,25.94
2013-02-06,16.59,26.01
2013-02-07,16.47,26.02
2013-02-08,16.61,26.09
2013-02-11,16.5,26.18
2013-02-12,16.56,26.39
2013-02-13,16.11,26.38
2013-02-14,16.13,26.31
2013-02-15,16.045,26.22
2013-02-19,15.96,26.42
2013-02-20,15.83,26.06
2013-02-21,15.6,25.75
2013-02-22,15.8,26.04
2013-02-25,15.53,25.41
2013-02-26,15.56,25.57
2013-02-27,15.72,25.91
2013-02-28,15.84,26.0
2013-03-01,15.825,26.0
2013-03-04,16.02,26.23
2013-03-05,16.02,26.35
2013-03-06,16.03,26.46
2013-03-07,16.23,26.75
2013-03-08,16.34,26.85
2013-03-11,16.35,27.06
2013-03-12,16.25,26.91
2013-03-13,16.39,27.04
2013-03-14,16.37,27.23
2013-03-15,16.61,27.17
2013-03-18,16.48,26.92
2013-03-19,16.51,26.9
2013-03-20,16.52,27.12
2013-03-21,16.37,26.88
2013-03-22,16.29,26.93
2013-03-25,16.35,26.91
2013-03-26,16.41,27.05
2013-03-27,16.37,26.98
2013-03-28,16.31,26.93
2013-04-01,16.14,26.65
2013-04-02,16.16,26.5
2013-04-03,15.99,26.11
2013-04-04,15.95,26.24
2013-04-05,16.02,26.24
2013-04-08,16.22,26.46
2013-04-09,16.39,26.58
2013-04-10,16.63,27.0
2013-04-11,16.86,26.95
2013-04-12,16.49,26.62
2013-04-15,16.08,25.93
2013-04-16,16.15,26.22
2013-04-17,15.8,25.71
2013-04-18,15.92,25.46
2013-04-19,16.4,25.78
2013-04-22,16.245,25.77
2013-04-23,16.47,26.09
2013-04-24,16.72,26.41
2013-04-25,16.83,26.47
2013-04-26,16.76,26.3
2013-04-29,16.83,26.42
2013-04-30,17.03,26.4
2013-05-01,16.75,26.07
2013-05-02,16.86,26.32
2013-05-03,17.1,26.55
2013-05-06,17.3,26.87
2013-05-07,17.51,27.21
2013-05-08,17.62,27.3
2013-05-09,17.57,27.18
2013-05-10,17.71,27.34
2013-05-13,17.7,27.38
2013-05-14,17.91,27.8
2013-05-15,18.08,28.0
2013-05-16,18.02,27.93
2013-05-17,18.25,28.32
2013-05-20,18.39,28.46
2013-05-21,18.3,28.44
2013-05-22,18.0,28.02
2013-05-23,18.1,27.96
2013-05-24,18.25,28.04
2013-05-28,18.43,28.37
2013-05-29,18.47,28.33
2013-05-30,18.53,28.72
2013-05-31,18.2,28.34
2013-06-03,18.2,28.24
2013-06-04,17.92,28.0
2013-06-05,17.71,27.59
2013-06-06,18.07,27.9
2013-06-07,18.42,28.29
2013-06-10,18.6,28.53
2013-06-11,18.34,28.15
2013-06-12,18.32,27.82
2013-06-13,18.45,28.23
2013-06-14,18.31,27.87
2013-06-17,18.29,28.02
2013-06-18,18.4,28.25
2013-06-19,18.1,28.06
2013-06-20,17.78,27.91
2013-06-21,17.7,27.98
2013-06-24,17.46,27.61
2013-06-25,17.88,28.22
2013-06-26,17.925,28.38
2013-06-27,18.1,28.84
2013-06-28,18.05,28.72
2013-07-01,18.28,29.1
2013-07-02,18.48,29.26
2013-07-03,18.37,29.33
2013-07-05,18.67,30.1
2013-07-08,18.58,30.21
2013-07-09,18.8,30.3
2013-07-10,18.79,29.99
2013-07-11,18.81,29.72
2013-07-12,18.981,30.07
2013-07-15,18.99,30.28
2013-07-16,18.86,29.95
2013-07-17,18.99,30.17
2013-07-18,18.945,30.8
2013-07-19,19.015,30.89
2013-07-22,19.34,31.2
2013-07-23,19.42,31.48
2013-07-24,19.59,31.6
2013-07-25,19.37,31.47
2013-07-26,19.37,31.34
2013-07-29,19.21,31.08
2013-07-30,19.26,31.2
2013-07-31,19.24,31.24
2013-08-01,19.6,31.98
2013-08-02,19.69,31.96
2013-08-05,19.58,31.9
2013-08-06,19.36,31.55
2013-08-07,19.22,31.31
2013-08-08,19.225,31.42
2013-08-09,19.3,31.3
2013-08-12,19.27,31.26
2013-08-13,19.09,31.26
2013-08-14,19.14,31.26
2013-08-15,19.04,30.93
2013-08-16,19.16,31.05
2013-08-19,19.01,30.69
2013-08-20,19.06,31.12
2013-08-21,18.93,30.89
2013-08-22,19.18,31.38
2013-08-23,19.2,31.21
2013-08-26,18.99,30.98
2013-08-27,18.43,29.94
2013-08-28,18.35,30.1
2013-08-29,18.39,30.24
2013-08-30,18.29,29.89
2013-09-03,18.31,29.87
2013-09-04,18.36,30.07
2013-09-05,18.53,30.31
2013-09-06,18.47,30.16
2013-09-09,18.38,30.29
2013-09-10,18.5,30.57
2013-09-11,18.58,30.45
2013-09-12,18.49,30.24
2013-09-13,18.38,30.29
2013-09-16,18.49,30.49
2013-09-17,18.55,30.84
2013-09-18,18.62,30.72
2013-09-19,18.53,30.19
2013-09-20,18.391,30.12
2013-09-23,18.15,29.78
2013-09-24,18.035,29.85
2013-09-25,18.291,30.08
2013-09-26,18.08,29.99
2013-09-27,18.08,29.99
2013-09-30,18.05,30.03
2013-10-01,18.26,30.37
2013-10-02,18.05,30.16
2013-10-03,17.995,30.03
2013-10-04,18.19,30.35
2013-10-07,17.775,29.84
2013-10-08,17.5,29.54
2013-10-09,17.755,29.62
2013-10-10,18.14,30.41
2013-10-11,18.2,30.79
2013-10-14,18.31,30.94
2013-10-15,18.13,30.65
2013-10-16,18.4,31.251
2013-10-17,18.965,31.43
2013-10-18,19.28,31.56
2013-10-21,19.22,31.59
2013-10-22,19.34,31.52
2013-10-23,19.225,31.42
2013-10-24,19.12,31.44
2013-10-25,19.08,31.5
2013-10-28,19.18,31.61
2013-10-29,19.21,31.61
2013-10-30,19.24,31.51
2013-10-31,19.035,31.23
2013-11-01,18.985,31.18
2013-11-04,18.839,31.21
2013-11-05,19.14,31.17
2013-11-06,19.125,31.3
2013-11-07,19.08,30.88
2013-11-08,20.01,31.88
2013-11-11,19.77,31.77
2013-11-12,19.56,31.42
2013-11-13,19.91,31.68
2013-11-14,20.025,31.88
2013-11-15,19.94,31.839
2013-11-18,20.0,31.75
2013-11-19,19.91,31.73
2013-11-20,19.92,31.76
2013-11-21,20.34,32.26
2013-11-22,20.58,32.52
2013-11-25,20.57,32.56
2013-11-26,20.34,32.64
2013-11-27,20.45,32.72
2013-11-29,20.32,32.64
2013-12-02,20.2,32.49
2013-12-03,19.99,32.09
2013-12-04,19.88,32.29
2013-12-05,19.82,32.2
2013-12-06,20.34,32.65
2013-12-09,20.24,32.66
2013-12-10,20.31,32.47
2013-12-11,20.16,31.97
2013-12-12,20.25,32.25
2013-12-13,20.09,32.12
2013-12-16,20.35,32.43
2013-12-17,20.15,32.24
2013-12-18,20.45,32.75
2013-12-19,20.67,32.56
2013-12-20,20.81,32.79
2013-12-23,20.95,33.12
2013-12-24,20.98,33.18
2013-12-26,21.04,33.15
2013-12-27,20.92,33.15
2013-12-30,20.92,33.08
2013-12-31,21.03,33.17
2014-01-02,20.87,32.81
2014-01-03,20.92,32.85
2014-01-06,20.95,32.84
2014-01-07,21.025,33.05
2014-01-08,21.13,33.34
2014-01-09,21.32,33.58
2014-01-10,21.53,33.5
2014-01-13,21.25,33.11
2014-01-14,21.36,33.24
2014-01-15,21.57,33.52
2014-01-16,21.37,33.31
2014-01-17,21.55,33.31
2014-01-21,21.82,33.83
2014-01-22,21.92,34.03
2014-01-23,21.52,33.59
2014-01-24,21.32,32.78
2014-01-27,21.13,32.44
2014-01-28,21.3,32.57
2014-01-29,20.95,32.11
2014-01-30,21.24,32.44
2014-01-31,21.02,31.91
2014-02-03,20.5,30.78
2014-02-04,20.59,31.26
2014-02-05,20.65,31.26
2014-02-06,21.08,31.61
2014-02-07,21.1,31.81
2014-02-10,21.27,31.87
2014-02-11,21.37,32.18
2014-02-12,21.36,32.22
2014-02-13,21.54,32.31
2014-02-14,21.63,32.47
2014-02-18,21.66,32.55
2014-02-19,21.31,31.75
2014-02-20,21.34,31.84
2014-02-21,21.44,32.03
2014-02-24,21.61,32.51
2014-02-25,21.61,32.31
2014-02-26,21.66,32.61
2014-02-27,21.72,32.77
2014-02-28,21.695,33.0
2014-03-03,21.52,32.7
2014-03-04,21.96,33.35
2014-03-05,22.2,33.41
2014-03-06,22.3,33.65
2014-03-07,22.63,33.92
2014-03-10,22.7,33.92
2014-03-11,22.51,33.67
2014-03-12,22.53,33.62
2014-03-13,22.43,33.42
2014-03-14,22.34,33.35
2014-03-17,22.6,33.56
2014-03-18,22.78,33.81
2014-03-19,22.83,34.02
2014-03-20,23.36,34.67
2014-03-21,23.39,34.46
2014-03-24,23.38,34.26
2014-03-25,23.34,34.22
2014-03-26,23.26,33.84
2014-03-27,22.55,33.31
2014-03-28,22.72,33.49
2014-03-31,22.955,34.04
2014-04-01,23.08,34.5
2014-04-02,23.06,34.43
2014-04-03,23.19,34.49
2014-04-04,22.92,33.87
2014-04-07,22.51,33.44
2014-04-08,22.45,33.48
2014-04-09,22.61,33.51
2014-04-10,21.8,32.53
2014-04-11,21.56,32.24
2014-04-14,21.6,32.36
2014-04-15,21.63,32.56
2014-04-16,21.85,32.76
2014-04-17,20.95,32.78
2014-04-21,20.72,32.75
2014-04-22,21.0,32.97
2014-04-23,21.15,33.1
2014-04-24,21.03,32.62
2014-04-25,20.75,32.2
2014-04-28,20.51,31.9
2014-04-29,20.48,31.89
2014-04-30,20.61,32.06
2014-05-01,20.35,31.94
2014-05-02,20.555,32.08
2014-05-05,20.59,31.83
2014-05-06,20.28,31.36
2014-05-07,20.71,31.66
2014-05-08,20.6,31.66
2014-05-09,20.55,31.72
2014-05-12,20.88,32.22
2014-05-13,20.8,31.99
2014-05-14,20.47,31.4
2014-05-15,20.16,31.13
2014-05-16,20.03,31.03
2014-05-19,20.2,31.47
2014-05-20,20.06,31.26
2014-05-21,20.37,31.47
2014-05-22,20.41,31.63
2014-05-23,20.54,31.76
2014-05-27,20.7,31.98
2014-05-28,20.6,31.85
2014-05-29,20.55,31.9
2014-05-30,20.69,31.93
2014-06-02,20.95,32.22
2014-06-03,21.19,32.36
2014-06-04,21.09,32.43
2014-06-05,21.19,32.86
2014-06-06,21.33,33.17
2014-06-09,21.635,33.65
2014-06-10,21.54,33.56
2014-06-11,21.44,33.28
2014-06-12,21.29,33.11
2014-06-13,21.37,33.07
2014-06-16,21.11,32.87
2014-06-17,21.48,33.43
2014-06-18,21.49,33.57
2014-06-19,21.51,33.43
2014-06-20,21.59,33.42
2014-06-23,21.53,33.39
2014-06-24,21.46,33.12
2014-06-25,21.45,33.31
2014-06-26,21.29,33.3
2014-06-27,21.26,33.36
2014-06-30,21.35,33.42
2014-07-01,21.535,33.71
2014-07-02,21.41,33.47
2014-07-03,21.63,33.87
2014-07-07,21.57,33.62
2014-07-08,21.408,33.17
2014-07-09,21.515,33.2
2014-07-10,21.22,33.0
2014-07-11,21.43,32.92
2014-07-14,21.4,32.93
2014-07-15,21.75,33.3
2014-07-16,21.55,32.75
2014-07-17,20.28,32.12
2014-07-18,20.45,32.39
2014-07-21,20.53,32.31
2014-07-22,20.7,32.26
2014-07-23,20.74,32.35
2014-07-24,21.085,32.68
2014-07-25,21.18,32.71
2014-07-28,20.88,32.37
2014-07-29,20.74,32.32
2014-07-30,20.79,32.55
2014-07-31,20.48,31.96
2014-08-01,20.0,31.49
2014-08-04,19.97,31.51
2014-08-05,19.66,31.32
2014-08-06,19.675,31.48
2014-08-07,19.52,31.24
2014-08-08,19.67,31.45
2014-08-11,19.6,31.51
2014-08-12,19.59,31.45
2014-08-13,19.65,31.68
2014-08-14,19.81,31.69
2014-08-15,19.73,31.6
2014-08-18,20.02,32.04
2014-08-19,19.965,32.05
2014-08-20,20.1,32.07
2014-08-21,20.25,32.49
2014-08-22,20.32,32.47
2014-08-25,20.44,32.63
2014-08-26,20.42,32.8
2014-08-27,20.29,32.58
2014-08-28,20.27,32.45
2014-08-29,20.405,32.63
2014-09-02,20.51,32.88
2014-09-03,20.41,32.76
2014-09-04,20.42,32.79
2014-09-05,20.37,32.83
2014-09-08,20.35,32.91
2014-09-09,20.21,32.61
2014-09-10,20.45,32.97
2014-09-11,20.49,33.16
2014-09-12,20.645,33.31
2014-09-15,20.53,33.15
2014-09-16,20.57,33.0
2014-09-17,20.74,33.16
2014-09-18,21.01,33.58
2014-09-19,20.92,33.25
2014-09-22,20.79,32.85
2014-09-23,20.53,32.46
2014-09-24,20.59,32.5
2014-09-25,20.305,32.05
2014-09-26,20.29,32.18
2014-09-29,20.115,32.08
2014-09-30,20.02,31.91
2014-10-01,19.795,31.56
2014-10-02,19.79,31.69
2014-10-03,20.05,32.02
2014-10-06,19.92,31.75
2014-10-07,19.66,31.23
2014-10-08,20.1,31.78
2014-10-09,19.62,30.97
2014-10-10,19.43,30.69
2014-10-13,19.245,30.66
2014-10-14,19.245,30.82
2014-10-15,18.58,30.05
2014-10-16,17.74,30.44
2014-10-17,18.13,30.54
2014-10-20,18.35,30.67
2014-10-21,18.87,31.3
2014-10-22,18.83,31.05
2014-10-23,18.98,31.23
2014-10-24,19.12,31.32
2014-10-27,19.15,31.45
2014-10-28,19.52,32.09
2014-10-29,19.7,32.44
2014-10-30,19.73,32.55
2014-10-31,19.99,33.06
2014-11-03,19.96,32.96
2014-11-04,19.81,32.81
2014-11-05,20.18,33.04
2014-11-06,20.3,33.28
2014-11-07,20.11,33.35
2014-11-10,20.18,33.52
2014-11-11,20.24,33.52
2014-11-12,20.38,33.91
2014-11-13,20.31,33.61
2014-11-14,20.16,33.44
2014-11-17,20.165,33.38
2014-11-18,20.19,33.45
2014-11-19,20.01,33.22
2014-11-20,20.165,33.46
2014-11-21,20.13,33.29
2014-11-24,20.35,33.59
2014-11-25,20.22,33.62
2014-11-26,20.29,33.7
2014-11-28,20.12,33.15
2014-12-01,19.75,32.57
2014-12-02,19.92,32.89
2014-12-03,20.08,33.23
2014-12-04,20.16,33.2
2014-12-05,20.63,33.77
2014-12-08,20.66,33.7
2014-12-09,20.69,33.9
2014-12-10,20.02,32.96
2014-12-11,20.06,33.06
2014-12-12,19.74,32.58
2014-12-15,19.45,32.34
2014-12-16,19.31,32.24
2014-12-17,19.6,32.98
2014-12-18,20.09,33.6
2014-12-19,20.07,33.39
2014-12-22,20.15,33.36
2014-12-23,20.58,33.67
2014-12-24,20.59,33.62
2014-12-26,20.59,33.64
2014-12-29,20.59,33.92
2014-12-30,20.675,33.83
2014-12-31,20.375,33.55
2015-01-02,20.21,33.29
2015-01-05,19.6,32.4
2015-01-06,18.81,31.56
2015-01-07,19.02,31.76
2015-01-08,19.45,32.32
2015-01-09,18.93,31.51
2015-01-12,18.64,31.12
2015-01-13,18.51,30.9
2015-01-14,18.21,30.43
2015-01-15,18.02,29.99
2015-01-16,18.3,30.45
2015-01-20,18.08,30.22
2015-01-21,17.53,30.22
2015-01-22,17.91,31.53
2015-01-23,17.67,31.12
2015-01-26,17.93,31.46
2015-01-27,17.665,31.13
2015-01-28,17.22,30.31
2015-01-29,17.46,30.71
2015-01-30,17.3,30.33
2015-02-02,17.88,31.14
2015-02-03,18.25,31.84
2015-02-04,18.35,31.67
2015-02-05,18.63,32.26
2015-02-06,18.89,32.81
2015-02-09,18.79,32.52
2015-02-10,18.85,32.72
2015-02-11,18.78,32.56
2015-02-12,19.19,33.16
2015-02-13,19.26,33.26
2015-02-17,19.47,33.48
2015-02-18,19.115,32.92
2015-02-19,19.2,32.89
2015-02-20,19.39,33.17
2015-02-23,19.29,33.09
2015-02-24,19.39,33.28
2015-02-25,19.4,33.21
2015-02-26,19.44,33.31
2015-02-27,19.36,33.09
2015-03-02,19.51,33.38
2015-03-03,19.49,33.32
2015-03-04,19.28,33.15
2015-03-05,19.31,33.29
2015-03-06,19.45,33.5
2015-03-09,19.465,33.73
2015-03-10,19.075,33.04
2015-03-11,19.02,33.35
2015-03-12,19.24,34.15
2015-03-13,19.08,33.93
2015-03-16,19.25,33.99
2015-03-17,19.25,34.14
2015-03-18,19.255,33.92
2015-03-19,19.22,33.64
2015-03-20,19.48,34.01
2015-03-23,19.29,33.76
2015-03-24,19.18,33.6
2015-03-25,18.815,33.03
2015-03-26,19.09,33.13
2015-03-27,18.91,33.06
2015-03-30,19.06,33.6
2015-03-31,18.85,33.51
2015-04-01,18.915,33.44
2015-04-02,18.98,33.63
2015-04-06,18.98,33.54
2015-04-07,19.19,33.57
2015-04-08,19.1,33.59
2015-04-09,19.2,33.61
2015-04-10,19.05,33.65
2015-04-13,19.21,33.94
2015-04-14,19.01,33.79
2015-04-15,19.17,34.19
2015-04-16,19.28,34.16
2015-04-17,18.905,33.67
2015-04-20,18.99,33.91
2015-04-21,19.41,33.92
2015-04-22,19.75,34.14
2015-04-23,19.7,34.06
2015-04-24,19.54,33.82
2015-04-27,19.65,33.57
2015-04-28,19.82,33.97
2015-04-29,20.08,34.17
2015-04-30,20.0,33.91
2015-05-01,20.24,33.81
2015-05-04,20.44,34.25
2015-05-05,20.35,34.08
2015-05-06,20.11,34.25
2015-05-07,19.975,34.14
2015-05-08,20.21,34.41
2015-05-11,20.32,34.58
2015-05-12,20.28,34.68
2015-05-13,20.49,34.83
2015-05-14,20.625,35.0
2015-05-15,20.36,34.53
2015-05-18,20.52,35.07
2015-05-19,20.94,35.37
2015-05-20,20.47,35.18
2015-05-21,20.465,35.13
2015-05-22,20.51,35.01
2015-05-26,20.42,34.77
2015-05-27,20.61,35.15
2015-05-28,20.59,35.16
2015-05-29,20.24,34.89
2015-06-01,20.065,34.75
2015-06-02,20.31,35.15
2015-06-03,20.57,35.66
2015-06-04,20.34,35.39
2015-06-05,20.84,35.99
2015-06-08,20.8,36.01
2015-06-09,20.99,36.34
2015-06-10,21.29,36.84
2015-06-11,21.16,36.82
2015-06-12,21.17,36.78
2015-06-15,21.14,36.69
2015-06-16,21.225,37.03
2015-06-17,20.96,36.51
2015-06-18,21.13,36.73
2015-06-19,21.04,36.38
2015-06-22,21.63,36.87
2015-06-23,21.69,37.2
2015-06-24,21.52,36.94
2015-06-25,21.41,36.91
2015-06-26,21.27,37.08
2015-06-29,20.75,36.14
2015-06-30,20.82,36.26
2015-07-01,21.14,36.7
2015-07-02,20.93,36.24
2015-07-06,21.0,36.14
2015-07-07,20.71,35.73
2015-07-08,20.46,35.28
2015-07-09,20.66,35.74
2015-07-10,20.895,36.16
2015-07-13,21.09,36.48
2015-07-14,21.14,36.59
2015-07-15,21.26,36.8
2015-07-16,21.355,36.95
2015-07-17,21.13,36.57
2015-07-20,21.28,36.77
2015-07-21,21.52,36.63
2015-07-22,21.59,37.06
2015-07-23,21.3,36.65
2015-07-24,21.14,36.32
2015-07-27,20.85,35.92
2015-07-28,20.9,35.98
2015-07-29,21.11,36.15
2015-07-30,21.15,36.28
2015-07-31,21.07,36.13
2015-08-03,21.075,36.1
2015-08-04,21.16,36.2
2015-08-05,21.35,36.45
2015-08-06,21.23,36.23
2015-08-07,21.14,36.07
2015-08-10,21.71,36.69
2015-08-11,21.17,36.13
2015-08-12,20.68,35.46
2015-08-13,20.84,35.65
2015-08-14,21.11,36.07
2015-08-17,21.13,36.08
2015-08-18,21.16,36.04
2015-08-19,20.99,35.53
2015-08-20,20.46,34.52
2015-08-21,19.805,33.88
2015-08-24,18.69,32.17
2015-08-25,18.23,31.61
2015-08-26,19.19,32.8
2015-08-27,19.94,33.62
2015-08-28,19.97,33.67
2015-08-31,19.92,33.8
2015-09-01,19.09,32.39
2015-09-02,19.34,32.93
2015-09-03,19.5,33.24
2015-09-04,19.22,32.91
2015-09-08,19.81,33.79
2015-09-09,19.67,33.46
2015-09-10,19.78,33.74
2015-09-11,19.77,33.74
2015-09-14,19.84,33.83
2015-09-15,20.04,34.27
2015-09-16,20.11,34.4
2015-09-17,19.4,33.62
2015-09-18,18.91,32.68
2015-09-21,19.18,33.11
2015-09-22,18.85,32.75
2015-09-23,18.8,32.93
2015-09-24,18.84,33.04
2015-09-25,19.26,33.37
2015-09-28,18.6,32.75
2015-09-29,18.65,32.78
2015-09-30,18.91,33.24
2015-10-01,18.97,33.26
2015-10-02,18.68,32.93
2015-10-05,19.13,33.65
2015-10-06,18.95,33.64
2015-10-07,19.04,34.11
2015-10-08,19.15,34.39
2015-10-09,18.97,33.98
2015-10-12,18.99,34.22
2015-10-13,18.82,33.97
2015-10-14,18.54,33.11
2015-10-15,19.04,33.7
2015-10-16,19.0,33.67
2015-10-19,19.02,33.67
2015-10-20,18.83,34.04
2015-10-21,18.28,33.48
2015-10-22,18.71,34.08
2015-10-23,19.11,34.75
2015-10-26,18.95,34.58
2015-10-27,18.75,34.21
2015-10-28,19.66,35.46
2015-10-29,19.47,35.13
2015-10-30,19.05,34.49
2015-11-02,19.55,35.03
2015-11-03,19.53,35.08
2015-11-04,19.48,35.11
2015-11-05,19.82,35.6
2015-11-06,20.49,36.59
2015-11-09,20.41,36.37
2015-11-10,20.63,36.39
2015-11-11,20.41,36.13
2015-11-12,20.06,35.4
2015-11-13,19.69,35.0
2015-11-16,19.78,35.43
2015-11-17,19.84,35.51
2015-11-18,20.36,36.1
2015-11-19,20.42,36.0
2015-11-20,20.26,36.13
2015-11-23,20.44,36.17
2015-11-24,20.51,36.32
2015-11-25,20.53,36.34
2015-11-27,20.64,36.39
2015-11-30,20.67,36.38
2015-12-01,21.02,36.57
2015-12-02,20.75,35.97
2015-12-03,20.475,35.44
2015-12-04,21.06,36.23
2015-12-07,20.79,35.54
2015-12-08,20.03,34.88
2015-12-09,19.76,34.36
2015-12-10,20.065,34.55
2015-12-11,19.71,33.76
2015-12-14,19.85,33.64
2015-12-15,20.52,34.54
2015-12-16,20.83,34.87
2015-12-17,20.285,34.3
2015-12-18,19.735,33.43
2015-12-21,19.86,33.62
2015-12-22,20.06,33.78
2015-12-23,20.46,34.3
2015-12-24,20.52,34.36
2015-12-28,20.45,34.24
2015-12-29,20.48,34.56
2015-12-30,20.25,34.17
2015-12-31,20.1,33.82
2016-01-04,19.55,33.05
2016-01-05,19.61,32.99
2016-01-06,19.32,32.51
2016-01-07,18.71,31.51
2016-01-08,18.385,30.87
2016-01-11,18.17,30.85
2016-01-12,18.27,30.95
2016-01-13,17.33,29.89
2016-01-14,17.65,30.23
2016-01-15,17.12,29.54
2016-01-19,16.88,29.24
2016-01-20,16.53,28.89
2016-01-21,15.73,28.37
2016-01-22,15.94,28.77
2016-01-25,15.01,27.63
2016-01-26,15.23,28.39
2016-01-27,15.42,28.66
2016-01-28,15.57,28.97
2016-01-29,15.8,29.56
2016-02-01,15.75,29.37
2016-02-02,15.33,28.49
2016-02-03,15.36,28.65
2016-02-04,15.53,29.0
2016-02-05,15.33,28.59
2016-02-08,14.8,27.7
2016-02-09,14.83,27.75
2016-02-10,14.665,27.53
2016-02-11,13.94,26.52
2016-02-12,14.87,27.8
2016-02-16,15.58,28.56
2016-02-17,15.41,28.71
2016-02-18,15.15,28.22
2016-02-19,15.28,28.37
2016-02-22,15.67,28.89
2016-02-23,15.1,28.15
2016-02-24,15.05,28.01
2016-02-25,15.3,28.4
2016-02-26,15.68,28.97
2016-02-29,15.26,28.32
2016-03-01,16.16,29.54
2016-03-02,16.49,30.09
2016-03-03,16.86,30.57
2016-03-04,17.13,30.95
2016-03-07,17.04,30.91
2016-03-08,16.63,30.13
2016-03-09,16.6,29.88
2016-03-10,16.86,30.12
2016-03-11,17.4,30.99
2016-03-14,17.29,30.87
2016-03-15,17.19,30.65
2016-03-16,16.84,30.43
2016-03-17,16.98,30.73
2016-03-18,17.36,31.04
2016-03-21,17.37,31.04
2016-03-22,17.38,30.97
2016-03-23,17.21,30.57
2016-03-24,17.1,30.43
2016-03-28,17.09,30.36
2016-03-29,16.7,30.32
2016-03-30,16.87,30.6
2016-03-31,16.69,30.37
2016-04-01,16.8,30.48
2016-04-04,16.75,30.4
2016-04-05,16.44,29.78
2016-04-06,16.49,30.05
2016-04-07,16.13,29.26
2016-04-08,16.3,29.46
2016-04-11,16.43,29.62
2016-04-12,16.65,30.23
2016-04-13,17.41,31.36
2016-04-14,17.73,31.64
2016-04-15,17.67,31.58
2016-04-18,17.7,31.8
2016-04-19,18.11,32.21
2016-04-20,18.39,32.68
2016-04-21,18.53,32.52
2016-04-22,18.62,32.82
2016-04-25,18.53,32.63
2016-04-26,18.75,32.99
2016-04-27,18.73,33.02
2016-04-28,18.49,32.65
2016-04-29,18.31,32.45
2016-05-02,18.45,32.66
2016-05-03,18.03,31.92
2016-05-04,17.54,31.27
2016-05-05,17.49,31.11
2016-05-06,17.48,31.23
2016-05-09,17.33,31.15
2016-05-10,17.73,31.73
2016-05-11,17.65,31.62
2016-05-12,17.55,31.39
2016-05-13,17.15,30.89
2016-05-16,17.6,31.25
2016-05-17,17.48,31.11
2016-05-18,18.28,32.4
2016-05-19,18.14,32.06
2016-05-20,18.28,32.34
2016-05-23,18.13,32.26
2016-05-24,18.37,32.85
2016-05-25,18.82,33.39
2016-05-26,18.6,33.15
2016-05-27,18.85,33.48
2016-05-31,18.87,33.44
2016-06-01,19.02,33.52
2016-06-02,19.3,33.64
2016-06-03,18.82,32.94
2016-06-06,19.2,33.38
2016-06-07,19.0,33.16
2016-06-08,18.98,33.23
2016-06-09,18.73,32.77
2016-06-10,18.53,32.24
2016-06-13,18.32,31.82
2016-06-14,17.83,31.11
2016-06-15,18.03,31.28
2016-06-16,17.86,30.86
2016-06-17,18.21,30.93
2016-06-20,18.4,31.17
2016-06-21,18.41,31.29
2016-06-22,18.44,31.27
2016-06-23,19.11,32.2
2016-06-24,17.5,29.87
2016-06-27,16.26,28.19
2016-06-28,16.64,29.12
2016-06-29,17.12,29.89
2016-06-30,17.59,30.48
2016-07-01,17.43,30.18
2016-07-05,16.7,29.27
2016-07-06,16.77,29.5
2016-07-07,16.95,29.79
2016-07-08,17.25,30.33
2016-07-11,17.42,30.71
2016-07-12,17.89,31.37
2016-07-13,17.94,31.36
2016-07-14,18.44,31.86
2016-07-15,18.54,31.89
2016-07-18,18.43,31.78
2016-07-19,18.41,31.9
2016-07-20,18.39,31.76
2016-07-21,18.26,31.555
2016-07-22,18.43,31.86
2016-07-25,18.42,31.75
2016-07-26,18.66,31.98
2016-07-27,18.65,31.93
2016-07-28,18.92,31.95
2016-07-29,18.98,31.83
2016-08-01,18.78,31.53
2016-08-02,18.58,31.22
2016-08-03,18.96,31.74
2016-08-04,18.87,31.77
2016-08-05,19.57,32.79
2016-08-08,19.4,32.72
2016-08-09,19.4,32.76
2016-08-10,19.09,32.35
2016-08-11,19.24,32.46
2016-08-12,19.11,32.33
2016-08-15,19.45,32.8
2016-08-16,19.41,32.77
2016-08-17,19.52,32.87
2016-08-18,19.58,32.97
2016-08-19,19.59,33.0
2016-08-22,19.62,33.03
2016-08-23,19.52,33.1
2016-08-24,19.45,33.09
2016-08-25,19.59,33.19
2016-08-26,19.69,33.43
2016-08-29,19.81,33.72
2016-08-30,20.16,34.1
2016-08-31,20.16,34.15
2016-09-01,20.04,33.96
2016-09-02,20.1,34.23
2016-09-06,19.87,33.68
2016-09-07,20.02,33.88
2016-09-08,20.14,34.01
2016-09-09,19.93,33.73
2016-09-12,20.21,33.94
2016-09-13,20.22,33.44
2016-09-14,20.37,33.2
2016-09-15,20.54,33.46
2016-09-16,20.46,33.02
2016-09-19,20.63,33.11
2016-09-20,20.64,33.08
2016-09-21,20.74,33.26
2016-09-22,20.8,33.46
2016-09-23,20.92,33.46
2016-09-26,20.46,32.77
2016-09-27,20.72,33.05
2016-09-28,20.54,33.39
2016-09-29,20.24,32.9
2016-09-30,20.46,33.38
2016-10-03,20.35,33.23
2016-10-04,20.47,33.54
2016-10-05,20.74,34.17
2016-10-06,20.74,34.2
2016-10-07,20.69,34.22
2016-10-10,20.68,34.38
2016-10-11,20.39,34.01
2016-10-12,20.37,33.97
2016-10-13,19.74,33.22
2016-10-14,19.8,33.38
2016-10-17,19.58,33.21
2016-10-18,19.87,33.64
2016-10-19,20.52,34.24
2016-10-20,21.02,34.28
2016-10-21,21.21,34.41
2016-10-24,21.31,34.67
2016-10-25,21.28,34.52
2016-10-26,21.67,34.75
2016-10-27,21.82,34.91
2016-10-28,21.61,34.58
2016-10-31,21.76,34.67
2016-11-01,21.85,34.59
2016-11-02,21.62,34.03
2016-11-03,21.42,34.04
2016-11-04,21.21,34.09
2016-11-07,21.9,35.09
2016-11-08,21.65,34.94
2016-11-09,22.95,36.74
2016-11-10,23.74,38.23
2016-11-11,24.47,38.94
2016-11-14,25.27,40.0
2016-11-15,25.67,40.2
2016-11-16,24.9,39.64
2016-11-17,25.43,40.17
2016-11-18,25.68,40.41
2016-11-21,25.85,40.5
2016-11-22,26.14,40.73
2016-11-23,26.29,40.95
2016-11-25,26.14,41.01
2016-11-28,25.38,40.28
2016-11-29,25.39,40.43
2016-11-30,26.02,41.15
2016-12-01,26.44,41.98
2016-12-02,25.89,41.64
2016-12-05,26.09,42.16
2016-12-06,26.32,42.76
2016-12-07,26.55,43.32
2016-12-08,26.98,44.05
2016-12-09,26.89,44.11
2016-12-12,26.54,43.4
2016-12-13,26.76,43.46
2016-12-14,26.91,43.27
2016-12-15,27.2,43.84
2016-12-16,26.8,43.16
2016-12-19,27.23,43.41
2016-12-20,27.79,44.03
2016-12-21,27.69,43.89
2016-12-22,27.62,43.95
2016-12-23,27.68,43.98
2016-12-27,27.76,44.16
2016-12-28,27.26,43.75
2016-12-29,26.73,43.38
2016-12-30,26.97,43.47
2017-01-03,27.05,43.67
2017-01-04,27.42,44.31
2017-01-05,26.64,43.65
2017-01-06,26.87,43.77
2017-01-09,26.76,43.36
2017-01-10,27.07,43.74
2017-01-11,27.09,43.96
2017-01-12,26.91,43.38
2017-01-13,27.29,43.86
2017-01-17,26.03,42.38
2017-01-18,26.33,42.75
2017-01-19,25.99,42.5
2017-01-20,26.29,42.87
2017-01-23,26.5,42.65
2017-01-24,26.6,43.38
2017-01-25,26.91,44.15
2017-01-26,27.11,44.49
2017-01-27,26.76,44.12
2017-01-30,26.33,43.61
2017-01-31,26.1,43.44
2017-02-01,26.24,43.5
2017-02-02,25.94,43.03
2017-02-03,26.52,44.12
2017-02-06,26.76,43.87
2017-02-07,26.49,43.71
2017-02-08,25.89,43.27
2017-02-09,26.15,43.91
2017-02-10,26.51,44.14
2017-02-13,26.74,44.61
2017-02-14,27.55,45.32
2017-02-15,27.56,45.62
2017-02-16,27.6,45.47
2017-02-17,27.54,45.32
2017-02-21,27.57,45.48
2017-02-22,27.5,45.48
2017-02-23,27.47,45.45
2017-02-24,27.32,45.17
2017-02-27,27.57,45.4
2017-02-28,27.44,45.13
2017-03-01,28.75,46.56
2017-03-02,27.74,45.48
2017-03-03,27.84,45.7
2017-03-06,27.54,45.48
2017-03-07,27.37,45.23
2017-03-08,27.37,45.06
2017-03-09,27.49,45.09
2017-03-10,27.16,44.93
2017-03-13,26.96,45.01
2017-03-14,26.75,44.91
2017-03-15,26.45,44.61
2017-03-16,26.65,44.9
2017-03-17,26.35,44.59
2017-03-20,26.185,43.9372
2017-03-21,24.91,41.84
2017-03-22,24.84,41.67
2017-03-23,25.06,41.96
2017-03-24,24.89,42.01
2017-03-27,24.73,41.79
2017-03-28,25.24,42.42
2017-03-29,25.04,42.28
2017-03-30,25.73,43.38
2017-03-31,25.4,42.98
2017-04-03,25.29,42.72
2017-04-04,25.35,42.73
2017-04-05,24.9,42.04
2017-04-06,25.18,42.5
2017-04-07,25.01,42.38
2017-04-10,24.8,42.18
2017-04-11,24.69,42.37
2017-04-12,24.33,41.86
2017-04-13,23.93,41.01
2017-04-17,24.4,41.73
2017-04-18,24.01,41.53
2017-04-19,24.21,41.74
2017-04-20,24.95,42.49
2017-04-21,24.62,42.36
2017-04-24,25.33,43.23
2017-04-25,25.01,43.41
2017-04-26,24.97,43.74
2017-04-27,24.65,43.22
2017-04-28,24.43,42.62
2017-05-01,24.79,42.93
2017-05-02,24.46,42.7
2017-05-03,24.72,43.02
2017-05-04,24.91,43.15
2017-05-05,24.8,43.07
2017-05-08,24.94,43.13
2017-05-09,24.84,42.93
2017-05-10,24.63,43.0
2017-05-11,24.44,42.48
2017-05-12,24.16,42.32
2017-05-15,24.64,42.68
2017-05-16,24.9,42.85
2017-05-17,23.78,41.15
2017-05-18,23.82,41.31
2017-05-19,24.18,41.52
2017-05-22,24.39,41.68
2017-05-23,24.74,42.24
2017-05-24,24.48,42.09
2017-05-25,24.47,42.01
2017-05-26,24.26,41.86
2017-05-30,24.05,41.42
2017-05-31,23.74,41.13
2017-06-01,24.03,41.74
2017-06-02,23.64,41.4
2017-06-05,23.7,41.39
2017-06-06,23.62,41.19
2017-06-07,23.875,41.58
2017-06-08,24.33,42.66
2017-06-09,25.06,43.88
2017-06-12,25.19,43.94
2017-06-13,25.33,44.1
2017-06-14,25.58,44.05
2017-06-15,25.48,43.76
2017-06-16,25.47,43.49
2017-06-19,25.59,43.57
2017-06-20,25.56,43.03
2017-06-21,25.39,42.48
2017-06-22,25.14,42.2
2017-06-23,24.66,41.92
2017-06-26,24.82,42.18
2017-06-27,25.09,42.42
2017-06-28,25.49,43.0
2017-06-29,26.07,43.71
2017-06-30,25.96,43.52
2017-07-03,26.47,44.41
2017-07-05,26.58,44.44
2017-07-06,26.46,43.95
2017-07-07,26.48,44.21
2017-07-10,26.34,44.03
2017-07-11,26.19,43.88
2017-07-12,26.11,43.84
2017-07-13,26.29,44.01
2017-07-14,26.08,43.78
2017-07-17,26.16,43.84
2017-07-18,25.82,43.68
2017-07-19,25.8,43.55
2017-07-20,25.49,43.52
2017-07-21,26.18,43.2
2017-07-24,26.43,43.5
2017-07-25,26.59,44.16
2017-07-26,26.18,43.43
2017-07-27,26.14,43.36
2017-07-28,26.38,43.09
2017-07-31,26.7,43.34
2017-08-01,26.92,43.69
2017-08-02,26.96,43.72
2017-08-03,26.9,43.47
2017-08-04,27.18,43.82
2017-08-07,27.03,43.56
2017-08-08,27.45,43.66
2017-08-09,27.14,43.25
2017-08-10,26.38,42.11
2017-08-11,26.11,41.85
2017-08-14,26.68,42.67
2017-08-15,27.02,42.61
2017-08-16,26.83,42.48
2017-08-17,26.26,41.41
2017-08-18,26.33,41.4
2017-08-21,26.21,41.28
2017-08-22,26.62,41.7
2017-08-23,26.6,41.77
2017-08-24,26.85,41.92
2017-08-25,26.67,42.14
2017-08-28,26.59,41.82
2017-08-29,26.26,41.53
2017-08-30,26.3,41.73
2017-08-31,26.13,41.72
2017-09-01,26.41,42.01
2017-09-05,25.79,40.77
2017-09-06,25.77,40.81
2017-09-07,24.97,39.81
2017-09-08,25.1,40.22
2017-09-11,25.7,41.22
2017-09-12,26.18,42.11
2017-09-13,26.33,42.23
2017-09-14,26.31,41.87
2017-09-15,26.52,41.91
2017-09-18,26.87,42.43
2017-09-19,27.18,42.73
2017-09-20,27.41,43.25
2017-09-21,27.54,43.43
2017-09-22,27.31,43.48
2017-09-25,27.14,43.5
2017-09-26,27.39,43.74
2017-09-27,27.68,44.65
2017-09-28,27.59,44.86
2017-09-29,27.98,45.09
2017-10-02,27.87,45.33
2017-10-03,27.91,45.18
2017-10-04,27.81,44.7
2017-10-05,28.22,45.27
2017-10-06,28.19,45.29
2017-10-09,28.13,45.08
2017-10-10,28.42,45.43
2017-10-11,28.26,45.2
2017-10-12,28.15,44.89
2017-10-13,28.06,44.68
2017-10-16,28.37,44.93
2017-10-17,27.97,44.54
2017-10-18,28.07,44.86
2017-10-19,28.28,45.13
2017-10-20,28.6,45.74
2017-10-23,28.43,45.35
2017-10-24,28.6,45.68
2017-10-25,28.58,45.45
2017-10-26,28.85,45.9
2017-10-27,29.07,46.21
2017-10-30,29.01,45.62
2017-10-31,28.9,45.61
2017-11-01,28.96,45.51
2017-11-02,29.26,45.81
2017-11-03,29.12,45.67
2017-11-06,29.24,45.55
2017-11-07,28.45,44.49
2017-11-08,28.3,44.19
2017-11-09,28.01,43.79
2017-11-10,27.67,43.68
2017-11-13,28.19,44.24
2017-11-14,28.61,44.54
2017-11-15,28.46,44.65
2017-11-16,28.47,44.64
2017-11-17,28.45,44.9
2017-11-20,28.57,45.29
2017-11-21,28.48,45.25
2017-11-22,28.42,45.1
2017-11-24,28.2,44.88
2017-11-27,28.4,44.88
2017-11-28,29.24,46.33
2017-11-29,30.46,47.74
2017-11-30,30.51,47.45
2017-12-01,30.69,47.53
2017-12-04,31.36,48.33
2017-12-05,30.78,47.6
2017-12-06,30.58,47.35
2017-12-07,30.4,47.6
2017-12-08,30.37,47.71
2017-12-11,30.3,47.47
2017-12-12,30.45,47.82
2017-12-13,29.94,47.26
2017-12-14,29.67,46.79
2017-12-15,30.03,47.39
2017-12-18,30.47,48.03
2017-12-19,30.62,47.79
2017-12-20,30.51,47.71
2017-12-21,30.93,48.37
2017-12-22,30.84,48.18
2017-12-26,30.68,47.81
2017-12-27,30.66,47.54
2017-12-28,30.64,47.79
2017-12-29,30.34,47.34
2018-01-02,30.43,47.47
2018-01-03,30.52,47.57
2018-01-04,30.63,47.89
2018-01-05,30.71,48.16
2018-01-08,30.7,48.14
2018-01-09,31.25,48.77
2018-01-10,31.58,49.43
2018-01-11,31.86,50.07
2018-01-12,32.35,50.36
2018-01-16,32.28,49.96
2018-01-17,32.49,50.23
2018-01-18,32.17,50.05
2018-01-19,32.5,50.78
2018-01-22,32.77,51.01
2018-01-23,32.92,51.16
2018-01-24,33.33,50.99
2018-01-25,32.84,50.71
2018-01-26,33.35,50.83
2018-01-29,33.17,50.68
2018-01-30,33.02,50.24
2018-01-31,33.1,50.19
2018-02-01,33.66,50.89
2018-02-02,33.13,50.28
2018-02-05,31.7,48.26
2018-02-06,32.02,48.72
2018-02-07,32.34,48.95
2018-02-08,31.1,47.16
2018-02-09,31.98,48.01
2018-02-12,32.25,48.43
2018-02-13,32.39,48.68
2018-02-14,33.25,50.08
2018-02-15,33.2,50.27
2018-02-16,33.13,50.54
2018-02-20,33.21,50.2
2018-02-21,33.44,50.55
2018-02-22,32.87,49.59
2018-02-23,33.45,50.35
2018-02-26,33.76,50.73
2018-02-27,33.26,50.07
2018-02-28,33.05,49.31
2018-03-01,32.79,49.19
2018-03-02,32.91,49.88
2018-03-05,33.36,50.49
2018-03-06,33.66,51.06
2018-03-07,33.68,51.3
2018-03-08,33.67,50.92
2018-03-09,34.21,51.86
2018-03-12,34.26,51.57
2018-03-13,34.06,51.14
2018-03-14,33.62,50.44
2018-03-15,33.57,50.59
2018-03-16,33.72,50.62
2018-03-19,33.62,50.28
2018-03-20,33.53,50.16
2018-03-21,33.62,50.28
2018-03-22,32.3,48.41
2018-03-23,31.03,46.75
2018-03-26,32.12,48.31
2018-03-27,31.34,47.23
2018-03-28,31.56,47.43
2018-03-29,31.75,47.89
2018-04-02,30.95,46.9
2018-04-03,31.56,47.59
2018-04-04,32.28,48.08
2018-04-05,32.33,48.4
2018-04-06,31.24,47.14
2018-04-09,31.4,46.82
2018-04-10,31.78,47.64
2018-04-11,31.47,47.39
2018-04-12,32.26,48.23
2018-04-13,31.41,47.47
2018-04-16,31.49,47.65
2018-04-17,30.94,47.15
2018-04-18,30.78,46.82
2018-04-19,31.36,47.69
2018-04-20,31.42,48.04
2018-04-23,31.93,48.43
2018-04-24,33.25,48.67
2018-04-25,33.54,48.56
2018-04-26,33.62,48.4
2018-04-27,33.83,48.73
2018-04-30,33.17,47.96
2018-05-01,33.36,48.39
2018-05-02,32.75,48.24
2018-05-03,32.28,47.77
2018-05-04,32.63,48.38
2018-05-07,32.82,48.64
2018-05-08,33.1,49.07
2018-05-09,33.67,49.56
2018-05-10,33.94,49.67
2018-05-11,33.98,49.73
2018-05-14,34.03,49.6
2018-05-15,34.31,49.85
2018-05-16,34.35,50.06
2018-05-17,34.31,50.18
2018-05-18,33.56,49.76
2018-05-21,30.9,50.23
2018-05-22,31.89,50.49
2018-05-23,31.2,50.18
2018-05-24,31.76,49.96
2018-05-25,31.36,49.71
2018-05-29,30.29,48.45
2018-05-30,30.6,49.23
2018-05-31,30.58,48.74
2018-06-01,30.76,49.36
2018-06-04,31.0,49.82
2018-06-05,30.97,49.63
2018-06-06,31.65,50.66
2018-06-07,31.62,50.69
2018-06-08,31.81,50.91
2018-06-11,31.42,50.4
2018-06-12,31.28,50.11
2018-06-13,31.15,49.83
2018-06-14,30.84,49.61
2018-06-15,30.67,49.28
2018-06-18,30.67,49.34
2018-06-19,30.57,49.61
2018-06-20,30.71,49.73
2018-06-21,30.63,49.57
2018-06-22,30.1,49.09
2018-06-25,30.06,48.59
2018-06-26,29.6,48.29
2018-06-27,28.93,47.4
2018-06-28,28.74,47.48
2018-06-29,28.7,47.16
2018-07-02,29.08,47.6
2018-07-03,28.91,47.37
2018-07-05,28.82,47.5
2018-07-06,29.14,47.82
2018-07-09,29.96,48.92
2018-07-10,29.7,48.38
2018-07-11,29.57,48.19
2018-07-12,29.41,47.77
2018-07-13,29.09,47.23
2018-07-16,29.46,47.86
2018-07-17,29.52,47.94
2018-07-18,30.24,48.67
2018-07-19,28.31,48.49
2018-07-20,28.49,48.69
2018-07-23,29.19,49.34
2018-07-24,29.33,48.94
2018-07-25,29.27,48.44
2018-07-26,29.55,48.61
2018-07-27,29.51,48.65
2018-07-30,29.75,48.49
2018-07-31,29.59,48.3
2018-08-01,29.78,48.58
2018-08-02,30.01,49.01
2018-08-03,29.71,48.86
2018-08-06,29.56,48.9
2018-08-07,29.64,49.04
2018-08-08,29.85,49.33
2018-08-09,29.52,49.08
2018-08-10,29.34,48.83
2018-08-13,29.13,48.47
2018-08-14,29.62,49.12
2018-08-15,29.17,48.64
2018-08-16,29.84,49.29
2018-08-17,29.69,49.5
2018-08-20,29.83,49.64
2018-08-21,30.07,50.14
2018-08-22,29.75,50.02
2018-08-23,29.48,49.73
2018-08-24,29.45,49.57
2018-08-27,29.74,49.67
2018-08-28,29.71,49.51
2018-08-29,29.52,49.47
2018-08-30,29.28,49.15
2018-08-31,29.43,49.42
2018-09-04,29.74,49.68
2018-09-05,29.68,49.78
2018-09-06,29.5,49.53
2018-09-07,29.49,49.49
2018-09-10,29.42,49.42
2018-09-11,29.39,49.49
2018-09-12,28.87,48.67
2018-09-13,28.77,48.18
2018-09-14,29.02,48.61
2018-09-17,28.72,48.25
2018-09-18,28.85,48.09
2018-09-19,29.52,48.77
2018-09-20,29.79,49.28
2018-09-21,29.5,48.85
2018-09-24,29.01,48.15
2018-09-25,28.98,48.2
2018-09-26,28.45,47.32
2018-09-27,27.94,46.83
2018-09-28,27.92,46.57
2018-10-01,27.8,46.4
2018-10-02,27.93,46.22
2018-10-03,28.49,47.31
2018-10-04,28.5,47.44
2018-10-05,28.27,46.98
2018-10-08,28.67,47.38
2018-10-09,28.46,47.17
2018-10-10,27.96,46.38
2018-10-11,27.23,44.94
2018-10-12,26.84,44.17
2018-10-15,26.71,44.24
2018-10-16,26.84,44.51
2018-10-17,27.03,44.76
2018-10-18,26.41,43.94
2018-10-19,26.33,43.35
2018-10-22,25.38,42.12
2018-10-23,26.0,42.1
2018-10-24,24.97,40.36
2018-10-25,25.87,41.43
2018-10-26,25.86,41.07
2018-10-29,26.63,41.81
2018-10-30,26.86,42.3
2018-10-31,26.99,42.86
2018-11-01,27.1,43.35
2018-11-02,27.36,43.49
2018-11-05,27.57,43.65
2018-11-06,27.98,43.9
2018-11-07,27.76,44.19
2018-11-08,27.74,44.38
2018-11-09,27.96,44.0
2018-11-12,27.64,43.45
2018-11-13,27.69,43.77
2018-11-14,27.09,42.92
2018-11-15,27.6,43.72
2018-11-16,27.39,43.65
2018-11-19,27.37,43.48
2018-11-20,26.9,42.68
2018-11-21,26.8,42.84
2018-11-23,26.71,42.77
2018-11-26,27.26,43.65
2018-11-27,27.06,43.37
2018-11-28,27.42,43.94
2018-11-29,27.54,43.77
2018-11-30,27.93,44.34
2018-12-03,27.88,44.32
2018-12-04,26.08,41.96
2018-12-06,25.96,41.66
2018-12-07,25.59,41.07
2018-12-10,24.86,40.25
2018-12-11,24.59,39.87
2018-12-12,24.86,40.33
2018-12-13,24.28,39.34
2018-12-14,23.68,38.7
2018-12-17,23.74,38.37
2018-12-18,23.42,37.85
2018-12-19,22.8,36.85
2018-12-20,23.04,36.75
2018-12-21,22.73,35.86
2018-12-24,22.36,35.17
2018-12-26,23.53,36.9
2018-12-27,23.54,36.81
2018-12-28,23.37,37.06
2018-12-31,23.53,37.35
2019-01-02,24.2,37.9
2019-01-03,24.18,37.71
2019-01-04,24.76,38.95
2019-01-07,24.9,39.19
2019-01-08,25.03,39.54
2019-01-09,25.05,39.86
2019-01-10,24.92,39.8
2019-01-11,25.06,39.97
2019-01-14,25.37,40.21
2019-01-15,25.46,40.52
2019-01-16,26.26,41.52
2019-01-17,26.41,41.85
2019-01-18,27.0,42.66
2019-01-22,27.56,42.24
2019-01-23,27.57,42.28
2019-01-24,27.65,42.38
2019-01-25,27.78,42.91
2019-01-28,27.68,43.17
2019-01-29,27.43,43.03
2019-01-30,27.04,43.0
2019-01-31,26.82,42.63
2019-02-01,26.87,42.97
2019-02-04,27.14,43.38
2019-02-05,26.89,43.2
2019-02-06,26.72,43.34
2019-02-07,26.78,43.79
2019-02-08,26.43,43.43
2019-02-11,26.61,43.73
2019-02-12,27.07,44.26
2019-02-13,26.77,44.35
2019-02-14,26.52,43.93
2019-02-15,27.17,44.92
2019-02-19,27.51,45.29
2019-02-20,27.93,45.72
2019-02-21,27.74,45.42
2019-02-22,27.83,45.56
2019-02-25,27.7,45.41
2019-02-26,27.46,44.94
2019-02-27,27.81,45.4
2019-02-28,27.58,45.26
2019-03-01,27.57,45.46
2019-03-04,27.37,45.28
2019-03-05,27.4,45.21
2019-03-06,26.81,44.3
2019-03-07,26.6,43.6
2019-03-08,26.67,43.64
2019-03-11,27.07,43.99
2019-03-12,27.86,43.96
2019-03-13,27.98,44.27
2019-03-14,28.41,44.45
2019-03-15,28.32,44.32
2019-03-18,28.76,44.97
2019-03-19,27.82,44.02
2019-03-20,26.46,42.62
2019-03-21,25.48,42.18
2019-03-22,24.62,40.39
2019-03-25,24.42,40.36
2019-03-26,24.98,41.29
2019-03-27,24.95,41.31
2019-03-28,25.4,41.86
2019-03-29,25.22,41.77
2019-04-01,26.25,42.92
2019-04-02,26.22,42.91
2019-04-03,26.26,43.11
2019-04-04,26.75,43.65
2019-04-05,26.69,43.8
2019-04-08,26.87,43.88
2019-04-09,26.43,43.13
2019-04-10,26.72,43.5
2019-04-11,26.97,43.69
2019-04-12,27.66,44.54
2019-04-15,27.13,43.93
2019-04-16,27.73,44.69
2019-04-17,27.71,44.59
2019-04-18,27.5,44.15
2019-04-22,27.56,43.85
2019-04-23,28.35,44.76
2019-04-24,28.28,44.73
2019-04-25,28.26,44.59
2019-04-26,28.4,45.03
2019-04-29,28.75,45.6
2019-04-30,28.82,45.49
2019-05-01,28.5,44.95
2019-05-02,28.83,45.47
2019-05-03,28.98,46.01
2019-05-06,28.8,45.9
2019-05-07,28.08,45.11
2019-05-08,27.74,44.65
2019-05-09,27.83,44.63
2019-05-10,28.03,44.76
2019-05-13,27.08,42.93
2019-05-14,27.38,43.54
2019-05-15,27.0,43.03
2019-05-16,27.24,43.5
2019-05-17,27.28,43.18
2019-05-20,27.37,43.3
2019-05-21,27.42,43.64
2019-05-22,27.36,43.19
2019-05-23,27.02,42.26
2019-05-24,27.23,42.76
2019-05-28,27.06,42.23
2019-05-29,27.25,42.42
2019-05-30,26.89,41.77
2019-05-31,26.5,40.94
2019-06-03,26.57,41.37
2019-06-04,27.33,42.79
2019-06-05,27.17,42.67
2019-06-06,27.09,42.66
2019-06-07,26.83,42.41
2019-06-10,27.02,42.71
2019-06-11,27.41,42.9
2019-06-12,27.11,42.59
2019-06-13,27.21,42.7
2019-06-14,27.39,42.79
2019-06-17,26.97,42.23
2019-06-18,27.88,42.92
2019-06-19,27.29,42.67
2019-06-20,27.3,42.76
2019-06-21,27.36,42.4
2019-06-24,27.18,41.99
2019-06-25,27.09,41.95
2019-06-26,27.26,42.11
2019-06-27,27.29,42.72
2019-06-28,27.9,43.36
2019-07-01,28.32,43.7
2019-07-02,27.71,43.1
2019-07-03,28.1,43.54
2019-07-05,28.35,44.0
2019-07-08,28.06,43.49
2019-07-09,28.26,43.64
2019-07-10,27.64,43.23
2019-07-11,28.05,43.56
2019-07-12,28.2,43.97
2019-07-15,27.81,43.2
2019-07-16,27.85,43.17
2019-07-17,27.58,42.88
2019-07-18,27.81,43.25
2019-07-19,27.94,43.53
2019-07-22,27.82,43.29
2019-07-23,29.25,43.84
2019-07-24,29.66,44.8
2019-07-25,29.56,44.35
2019-07-26,30.04,44.94
2019-07-29,29.77,44.55
2019-07-30,29.88,44.97
2019-07-31,29.69,44.77
2019-08-01,28.37,43.05
2019-08-02,28.21,42.69
2019-08-05,26.98,41.33
2019-08-06,27.26,41.71
2019-08-07,26.54,41.2
2019-08-08,26.84,42.04
2019-08-09,26.74,41.82
2019-08-12,26.08,40.94
2019-08-13,26.44,41.32
2019-08-14,25.51,39.98
2019-08-15,25.22,39.72
2019-08-16,25.67,40.73
2019-08-19,25.92,41.19
2019-08-20,25.41,40.62
2019-08-21,25.55,40.86
2019-08-22,25.78,41.03
2019-08-23,25.08,39.79
2019-08-26,25.41,40.14
2019-08-27,25.3,39.5
2019-08-28,25.77,39.99
2019-08-29,26.31,40.81
2019-08-30,26.45,40.95
2019-09-03,25.74,40.14
2019-09-04,25.95,40.44
2019-09-05,26.75,41.53
2019-09-06,26.76,41.31
2019-09-09,27.53,42.71
2019-09-10,27.92,43.44
2019-09-11,27.79,43.97
2019-09-12,28.03,44.02
2019-09-13,28.38,44.45
2019-09-16,28.51,44.43
2019-09-17,28.18,43.94
2019-09-18,28.29,44.24
2019-09-19,27.95,43.94
2019-09-20,27.83,43.56
2019-09-23,27.72,43.56
2019-09-24,27.45,43.01
2019-09-25,27.66,43.68
2019-09-26,27.39,43.23
2019-09-27,27.48,43.32
2019-09-30,27.38,43.16
2019-10-01,26.47,42.17
2019-10-02,25.94,41.63
2019-10-03,26.08,41.63
2019-10-04,26.5,42.18
2019-10-07,26.29,42.03
2019-10-08,25.45,41.05
2019-10-09,25.655,41.31
2019-10-10,26.18,41.88
2019-10-11,26.85,42.6
2019-10-14,26.99,42.62
2019-10-15,27.375,43.29
2019-10-16,27.165,43.19
2019-10-17,27.08,43.25
2019-10-18,27.33,43.53
2019-10-21,28.02,44.15
2019-10-22,28.3,44.37
2019-10-23,28.27,44.48
2019-10-24,28.19,44.19
2019-10-25,29.05,44.62
2019-10-28,29.44,44.99
2019-10-29,29.63,45.18
2019-10-30,29.28,44.66
2019-10-31,29.08,44.13
2019-11-01,29.56,44.95
2019-11-04,30.08,45.84
2019-11-05,30.35,46.25
2019-11-06,30.43,46.02
2019-11-07,30.51,46.34
2019-11-08,30.56,46.47
2019-11-11,30.13,46.27
2019-11-12,30.11,46.34
2019-11-13,29.81,45.91
2019-11-14,29.78,45.86
2019-11-15,30.07,45.94
2019-11-18,29.85,45.76
2019-11-19,29.87,45.94
2019-11-20,29.76,45.71
2019-11-21,29.78,45.7
2019-11-22,30.1,45.95
2019-11-25,30.33,46.36
2019-11-26,30.23,46.18
2019-11-27,30.29,46.51
2019-11-29,30.19,46.21
2019-12-02,30.11,45.92
2019-12-03,29.49,45.26
2019-12-04,29.67,45.79
2019-12-05,29.87,46.05
2019-12-06,30.25,46.56
2019-12-09,30.23,46.54
2019-12-10,30.44,46.59
2019-12-11,30.34,46.4
2019-12-12,31.49,47.74
2019-12-13,30.97,47.25
2019-12-16,30.92,47.57
2019-12-17,31.31,48.02
2019-12-18,31.2,47.82
2019-12-19,31.0,47.73
2019-12-20,31.15,47.51
2019-12-23,30.95,47.24
2019-12-24,30.96,47.36
2019-12-26,31.12,47.4
2019-12-27,30.9,47.15
2019-12-30,30.55,47.17
2019-12-31,30.74,47.29
2020-01-02,31.02,47.39
2020-01-03,30.44,46.94
2020-01-06,30.19,46.57
2020-01-07,29.85,46.26
2020-01-08,29.92,46.62
2020-01-09,30.25,46.85
2020-01-10,29.76,46.34
2020-01-13,29.86,46.66
2020-01-14,29.74,46.73
2020-01-15,29.03,46.13
2020-01-16,29.39,46.72
2020-01-17,29.45,46.84
2020-01-21,29.02,46.3
2020-01-22,29.34,46.25
2020-01-23,29.36,46.23
2020-01-24,28.84,45.5
2020-01-27,28.5,44.7
2020-01-28,28.86,45.09
2020-01-29,28.47,44.63
2020-01-30,29.19,45.1
2020-01-31,28.45,44.19
2020-02-03,28.98,44.68
2020-02-04,29.48,45.33
2020-02-05,30.18,46.37
2020-02-06,29.66,45.92
2020-02-07,29.49,45.55
2020-02-10,29.4,45.53
2020-02-11,29.51,45.91
2020-02-12,29.64,45.91
2020-02-13,29.83,46.11
2020-02-14,29.6,45.82
2020-02-18,29.24,45.23
2020-02-19,29.635,45.5
2020-02-20,29.83,45.98
2020-02-21,29.4,45.36
2020-02-24,28.31,43.95
2020-02-25,27.07,42.17
2020-02-26,26.65,41.51
2020-02-27,25.19,39.86
2020-02-28,24.4,38.75
2020-03-02,25.72,40.47
2020-03-03,24.44,38.9
2020-03-04,25.17,39.7
2020-03-05,23.68,37.79
2020-03-06,22.2,36.28
2020-03-09,18.3,30.94
2020-03-10,19.26,32.96
2020-03-11,17.66,30.71
2020-03-12,15.9,27.99
2020-03-13,17.63,31.23
2020-03-16,13.79,27.2
2020-03-17,13.95,28.73
2020-03-18,11.67,25.54
2020-03-19,13.07,27.19
2020-03-20,12.91,25.39
2020-03-23,12.16,23.13
2020-03-24,14.41,25.85
2020-03-25,14.82,26.35
2020-03-26,17.32,28.67
2020-03-27,17.15,27.61
2020-03-30,15.865,27.69
2020-03-31,14.85,26.96
2020-04-01,13.455,25.16
2020-04-02,14.28,25.58
2020-04-03,13.44,24.45
2020-04-06,15.47,26.36
2020-04-07,15.86,27.34
2020-04-08,16.69,28.65
2020-04-09,17.82,30.79
2020-04-13,17.37,29.23
2020-04-14,17.15,28.81
2020-04-15,15.73,26.95
2020-04-16,14.77,26.02
2020-04-17,16.63,28.16
2020-04-20,16.68,27.97
2020-04-21,16.26,27.02
2020-04-22,16.5,27.08
2020-04-23,16.86,27.43
2020-04-24,17.12,28.13
2020-04-27,18.35,29.86
2020-04-28,18.58,30.66
2020-04-29,19.69,32.47
2020-04-30,18.69,31.31
2020-05-01,17.77,29.85
2020-05-04,17.64,29.53
2020-05-05,17.37,29.07
2020-05-06,16.78,28.33
2020-05-07,17.33,28.8
2020-05-08,18.095,30.03
2020-05-11,17.19,28.96
2020-05-12,16.29,27.51
2020-05-13,15.7,26.06
2020-05-14,16.33,26.99
2020-05-15,16.12,26.66
2020-05-18,17.87,29.13
2020-05-19,17.03,28.03
2020-05-20,17.7,29.35
2020-05-21,17.45,29.24
2020-05-22,17.61,28.9
2020-05-26,19.19,31.24
2020-05-27,20.97,33.44
2020-05-28,20.13,32.18
2020-05-29,19.39,31.45
2020-06-01,19.82,31.88
2020-06-02,20.21,31.93
2020-06-03,21.36,33.54
2020-06-04,22.705,34.69
2020-06-05,23.49,36.66
2020-06-08,24.77,37.85
2020-06-09,24.08,36.92
2020-06-10,22.4,34.64
2020-06-11,19.75,31.48
2020-06-12,20.805,32.69
2020-06-15,21.46,33.01
2020-06-16,22.04,34.14
2020-06-17,21.48,33.09
2020-06-18,21.59,33.17
2020-06-19,20.79,32.89
2020-06-22,21.02,32.54
2020-06-23,21.08,32.3
2020-06-24,19.89,30.61
2020-06-25,20.5,31.61
2020-06-26,18.76,29.69
2020-06-29,18.74,30.78
2020-06-30,19.28,31.54
2020-07-01,18.435,30.37
2020-07-02,18.57,30.31
2020-07-06,18.86,30.61
2020-07-07,18.06,29.52
2020-07-08,18.14,29.59
2020-07-09,17.39,28.42
2020-07-10,18.39,29.76
2020-07-13,18.7,30.11
2020-07-14,18.145,29.62
2020-07-15,19.17,31.19
2020-07-16,19.16,31.09
2020-07-17,18.76,30.25
2020-07-20,18.45,29.82
2020-07-21,19.36,31.34
2020-07-22,19.42,31.1
2020-07-23,19.405,31.75
2020-07-24,19.54,31.61
2020-07-27,19.42,30.9
2020-07-28,19.27,30.76
2020-07-29,20.0,31.85
2020-07-30,19.69,31.3
2020-07-31,19.86,31.07
2020-08-03,19.64,30.99
2020-08-04,19.49,30.85
2020-08-05,19.87,31.52
2020-08-06,19.775,31.33
2020-08-07,20.45,32.59
2020-08-10,21.03,33.18
2020-08-11,21.48,33.84
2020-08-12,21.3,33.51
2020-08-13,20.74,32.93
2020-08-14,20.96,33.29
2020-08-17,20.72,32.73
2020-08-18,20.08,31.9
2020-08-19,20.16,32.0
2020-08-20,19.78,31.36
2020-08-21,19.56,31.14
2020-08-24,20.5,32.37
2020-08-25,20.71,32.45
2020-08-26,20.31,31.82
2020-08-27,20.94,32.41
2020-08-28,21.11,32.45
2020-08-31,20.66,31.89
2020-09-01,20.85,31.94
2020-09-02,21.285,32.24
2020-09-03,21.11,32.25
2020-09-04,21.63,32.88
2020-09-08,21.0,31.48
2020-09-09,21.12,31.36
2020-09-10,20.63,30.84
2020-09-11,21.045,31.02
2020-09-14,22.255,31.71
2020-09-15,21.87,31.15
2020-09-16,22.045,31.43
2020-09-17,21.87,31.33
2020-09-18,21.74,31.04
2020-09-21,20.855,29.38
2020-09-22,20.11,28.86
2020-09-23,19.56,28.21
2020-09-24,19.61,28.26
2020-09-25,20.47,28.59
2020-09-28,21.34,29.6
2020-09-29,20.99,29.19
2020-09-30,21.32,29.45
2020-10-01,21.03,29.74
2020-10-02,21.89,30.55
2020-10-05,22.75,31.65
2020-10-06,22.52,31.61
2020-10-07,23.33,32.46
2020-10-08,23.71,32.98
2020-10-09,23.38,32.75
2020-10-12,23.52,33.2
2020-10-13,23.12,32.25
2020-10-14,22.73,31.79
2020-10-15,23.4,32.43
2020-10-16,23.26,32.5
2020-10-19,23.045,32.2
2020-10-20,23.75,32.76
2020-10-21,23.5,32.8
2020-10-22,23.965,34.15
2020-10-23,24.42,34.59
2020-10-26,23.45,33.87
2020-10-27,22.905,32.68
2020-10-28,22.44,32.0
2020-10-29,23.1,32.68
2020-10-30,23.22,33.15
2020-11-02,24.11,34.0
2020-11-03,24.51,34.96
2020-11-04,23.1,33.08
2020-11-05,24.0,34.26
2020-11-06,23.21,33.67
2020-11-09,26.56,38.22
2020-11-10,26.335,38.75
2020-11-11,25.72,37.8
2020-11-12,24.86,37.04
2020-11-13,25.39,37.93
2020-11-16,26.25,39.5
2020-11-17,26.05,39.37
2020-11-18,25.7,38.69
2020-11-19,25.88,38.86
2020-11-20,25.29,38.49
2020-11-23,26.01,39.17
2020-11-24,27.26,41.07
2020-11-25,26.68,40.47
2020-11-27,26.28,39.96
2020-11-30,25.34,38.62
2020-12-01,26.2,39.49
2020-12-02,26.59,40.18
2020-12-03,26.83,40.36
2020-12-04,27.4,41.14
2020-12-07,27.38,41.0
2020-12-08,27.26,40.95
2020-12-09,27.73,41.15
2020-12-10,27.78,41.32
2020-12-11,27.34,40.84
2020-12-14,26.62,40.66
2020-12-15,27.09,41.53
2020-12-16,27.25,41.61
2020-12-17,27.13,41.5
2020-12-18,26.63,40.85
2020-12-21,27.165,40.86
2020-12-22,26.93,40.53
2020-12-23,27.73,41.7
2020-12-24,27.58,41.46
2020-12-28,27.53,41.69
2020-12-29,27.28,41.04
2020-12-30,27.28,41.55
2020-12-31,27.57,41.82
2021-01-04,27.23,41.41
2021-01-05,27.61,41.92
2021-01-06,30.26,44.81
2021-01-07,31.44,45.73
2021-01-08,31.18,45.22
2021-01-11,31.38,45.78
2021-01-12,31.82,46.45
2021-01-13,31.7,46.15
2021-01-14,32.54,47.06
2021-01-15,31.865,46.04
2021-01-19,32.07,46.31
2021-01-20,31.33,45.96
2021-01-21,30.68,45.13
2021-01-22,30.9,45.44
2021-01-25,30.4,45.18
2021-01-26,29.75,44.55
2021-01-27,28.44,43.11
2021-01-28,29.6,43.86
2021-01-29,28.93,42.73
2021-02-01,29.49,43.49
2021-02-02,30.32,44.42
2021-02-03,31.03,44.78
2021-02-04,32.09,46.11
2021-02-05,32.095,46.04
2021-02-08,32.57,46.92
2021-02-09,32.53,47.37
2021-02-10,32.61,47.4
2021-02-11,32.25,47.09
2021-02-12,32.51,47.47
2021-02-16,33.47,48.57
2021-02-17,33.53,48.52
2021-02-18,33.22,48.0
2021-02-19,34.54,49.39
2021-02-22,34.88,50.26
2021-02-23,35.08,50.75
2021-02-24,36.25,52.22
2021-02-25,35.3,50.79
2021-02-26,34.69,49.73
2021-03-01,36.0,51.48
2021-03-02,36.15,51.67
2021-03-03,35.91,51.69
2021-03-04,35.56,50.98
2021-03-05,36.77,52.2
2021-03-08,37.74,53.4
2021-03-09,36.705,52.58
2021-03-10,38.02,53.8
2021-03-11,38.01,54.1
2021-03-12,39.09,55.06
2021-03-15,38.42,54.65
2021-03-16,37.88,53.92
2021-03-17,38.58,54.29
2021-03-18,39.01,54.44
2021-03-19,38.31,53.91
2021-03-22,37.22,52.01
2021-03-23,36.34,50.41
2021-03-24,36.28,50.17
2021-03-25,37.73,51.59
2021-03-26,38.44,52.57
2021-03-29,37.18,51.21
2021-03-30,38.12,52.33
2021-03-31,37.45,51.88
2021-04-01,37.98,52.27
2021-04-05,38.23,52.38
2021-04-06,38.33,52.19
2021-04-07,38.4,52.01
2021-04-08,38.14,52.09
2021-04-09,38.44,52.63
2021-04-12,38.85,52.95
2021-04-13,38.22,52.04
2021-04-14,38.55,52.59
2021-04-15,38.03,52.42
2021-04-16,38.2,52.83
2021-04-19,37.87,52.63
2021-04-20,36.44,50.76
2021-04-21,37.36,51.87
2021-04-22,36.86,51.21
2021-04-23,38.34,53.03
2021-04-26,38.78,53.33
2021-04-27,39.25,53.8
2021-04-28,39.8,53.77
2021-04-29,40.71,54.41
2021-04-30,40.54,53.63
2021-05-03,40.47,53.95
2021-05-04,41.32,54.62
2021-05-05,41.55,54.81
2021-05-06,41.92,54.85
2021-05-07,42.35,54.93
2021-05-10,42.24,54.39
2021-05-11,41.63,53.89
2021-05-12,40.94,52.53
2021-05-13,41.98,54.24
2021-05-14,42.64,55.15
2021-05-17,42.9,55.43
2021-05-18,42.01,54.51
2021-05-19,41.69,54.23
2021-05-20,41.53,54.13
2021-05-21,41.92,54.74
2021-05-24,41.87,54.52
2021-05-25,41.26,53.37
2021-05-26,41.67,54.19
2021-05-27,42.21,55.02
2021-05-28,42.14,54.98
2021-06-01,42.35,55.46
2021-06-02,42.16,54.96
2021-06-03,42.21,55.07
2021-06-04,42.04,55.05
2021-06-07,41.99,55.18
2021-06-08,41.68,55.23
2021-06-09,41.15,54.46
2021-06-10,40.4,53.38
2021-06-11,40.57,53.65
2021-06-14,39.54,52.86
2021-06-15,40.06,53.56
2021-06-16,40.55,54.06
2021-06-17,38.03,51.62
2021-06-18,36.91,49.93
2021-06-21,37.79,51.42
2021-06-22,37.95,51.34
2021-06-23,37.92,51.46
2021-06-24,38.59,52.19
2021-06-25,39.5,52.86
2021-06-28,38.68,51.62
2021-06-29,38.09,51.26
2021-06-30,38.23,51.32
2021-07-01,38.74,51.84
2021-07-02,38.44,51.31
2021-07-06,37.32,49.94
2021-07-07,37.07,49.72
2021-07-08,36.55,48.83
2021-07-09,38.08,50.7
2021-07-12,38.39,50.98
2021-07-13,37.57,49.85
2021-07-14,37.38,49.67
2021-07-15,37.77,50.16
2021-07-16,36.4,48.9
2021-07-19,34.63,47.2
2021-07-20,35.96,48.53
2021-07-21,36.88,49.54
2021-07-22,36.02,48.53
2021-07-23,35.78,48.8
2021-07-26,36.32,49.21
2021-07-27,36.38,48.98
2021-07-28,36.45,49.65
2021-07-29,36.64,50.04
2021-07-30,36.29,49.46
2021-08-02,36.08,49.14
2021-08-03,36.84,49.93
2021-08-04,36.37,49.41
2021-08-05,36.98,50.35
2021-08-06,37.73,51.83
2021-08-09,37.56,51.54
2021-08-10,38.16,52.06
2021-08-11,38.69,52.9
2021-08-12,38.88,52.71
2021-08-13,38.48,52.3
2021-08-16,38.21,52.04
2021-08-17,37.7,51.28
2021-08-18,37.51,50.82
2021-08-19,37.37,50.12
2021-08-20,37.62,50.94
2021-08-23,38.04,51.39
2021-08-24,38.44,51.77
2021-08-25,39.29,52.31
2021-08-26,38.8,51.63
2021-08-27,39.46,52.85
2021-08-30,38.63,51.77
2021-08-31,38.86,52.13
2021-09-01,38.47,51.74
2021-09-02,38.69,51.78
2021-09-03,38.51,51.59
2021-09-07,38.56,51.35
2021-09-08,38.42,50.8
2021-09-09,38.8,50.96
2021-09-10,38.66,50.42
2021-09-13,39.58,51.12
2021-09-14,38.98,50.03
2021-09-15,40.27,50.75
2021-09-16,40.4,50.49
2021-09-17,40.12,50.52
2021-09-20,38.54,49.11
2021-09-21,38.23,48.94
2021-09-22,39.05,49.73
2021-09-23,40.76,51.42
2021-09-24,41.51,51.84
2021-09-27,43.6,53.65
2021-09-28,43.57,53.17
2021-09-29,43.34,53.62
2021-09-30,42.44,52.91
2021-10-01,43.66,54.13
2021-10-04,43.51,54.25
2021-10-05,43.97,54.54
2021-10-06,43.74,54.43
2021-10-07,43.85,54.85
2021-10-08,43.95,55.11
2021-10-11,43.49,54.61
2021-10-12,43.29,54.61
2021-10-13,42.71,54.45
2021-10-14,43.39,55.18
2021-10-15,43.6,55.29
2021-10-18,44.05,55.46
2021-10-19,43.93,55.6
2021-10-20,45.59,56.86
2021-10-21,45.08,56.55
2021-10-22,45.49,56.97
2021-10-25,45.58,57.07
2021-10-26,44.79,56.64
2021-10-27,43.24,54.79
2021-10-28,43.99,55.57
2021-10-29,43.53,55.34
2021-11-01,44.47,56.97
2021-11-02,44.0,56.76
2021-11-03,44.7,57.89
2021-11-04,43.98,57.03
2021-11-05,44.08,57.56
2021-11-08,44.26,57.6
2021-11-09,44.09,57.3
2021-11-10,44.03,57.3
2021-11-11,44.3,57.66
2021-11-12,44.21,57.44
2021-11-15,44.62,57.6
2021-11-16,44.83,57.56
2021-11-17,44.2,56.99
2021-11-18,44.14,56.75
2021-11-19,43.55,56.35
2021-11-22,44.16,57.06
2021-11-23,44.84,57.89
2021-11-24,44.6,57.72
2021-11-26,42.48,55.06
2021-11-29,42.99,55.08
2021-11-30,42.15,53.67
2021-12-01,41.74,53.01
2021-12-02,43.94,54.83
2021-12-03,43.05,53.47
2021-12-06,43.58,54.82
2021-12-07,44.08,55.03
2021-12-08,43.96,54.93
2021-12-09,43.75,54.46
2021-12-10,43.76,54.58
2021-12-13,42.4,53.29
2021-12-14,43.12,53.7
2021-12-15,43.42,53.99
2021-12-16,43.53,54.17
2021-12-17,42.26,52.91
2021-12-20,41.18,51.57
2021-12-21,42.51,53.17
2021-12-22,42.7,53.61
2021-12-23,43.07,54.07
2021-12-27,43.7,54.76
2021-12-28,43.78,54.78
2021-12-29,43.9,54.84
2021-12-30,43.6,54.58
2021-12-31,43.55,54.56
2022-01-03,44.67,55.64
2022-01-04,46.57,57.14
2022-01-05,46.43,56.71
2022-01-06,48.37,58.64
2022-01-07,48.8,59.28
2022-01-10,48.8,59.28
2022-01-11,49.05,59.63
2022-01-12,49.2,59.79
2022-01-13,49.54,60.04
2022-01-14,50.45,60.41
2022-01-18,49.62,59.22
2022-01-19,47.97,57.57
2022-01-20,46.62,56.24
2022-01-21,45.04,55.12
2022-01-24,45.48,55.7
2022-01-25,44.92,55.82
2022-01-26,44.8,55.45
2022-01-27,44.23,54.28
2022-01-28,44.47,54.58
2022-01-31,44.63,55.03
2022-02-01,45.94,55.87
2022-02-02,46.67,55.73
2022-02-03,46.18,55.38
2022-02-04,47.34,56.37
2022-02-07,48.32,56.7
2022-02-08,49.5,58.15
2022-02-09,49.19,57.76
2022-02-10,49.12,57.65
2022-02-11,48.54,57.29
2022-02-14,48.23,56.79
2022-02-15,49.38,58.2
2022-02-16,49.51,58.35
2022-02-17,48.19,56.52
2022-02-18,48.23,56.52
2022-02-22,48.33,56.09
2022-02-23,47.17,55.17
2022-02-24,45.76,54.26
2022-02-25,48.09,56.58
2022-02-28,47.84,56.62
2022-03-01,44.46,53.78
2022-03-02,46.07,56.03
2022-03-03,46.3,55.65
2022-03-04,44.55,53.61
2022-03-07,41.98,51.35
2022-03-08,41.96,51.63
2022-03-09,44.74,53.43
2022-03-10,44.48,53.24
2022-03-11,44.0,53.18
2022-03-14,45.85,53.43
2022-03-15,45.79,53.59
2022-03-16,47.5,55.24
2022-03-17,46.75,54.66
2022-03-18,46.69,54.59
2022-03-21,46.47,53.94
2022-03-22,47.41,54.87
2022-03-23,45.68,53.18
2022-03-24,45.85,53.65
2022-03-25,46.76,54.5
2022-03-28,45.8,54.07
2022-03-29,46.14,54.95
2022-03-30,44.28,53.44
2022-03-31,43.04,52.35
2022-04-01,41.8,51.88
2022-04-04,41.67,51.62
2022-04-05,41.23,50.97
2022-04-06,40.98,50.1
2022-04-07,40.44,49.48
2022-04-08,40.55,49.52
2022-04-11,40.49,49.66
2022-04-12,39.63,49.15
2022-04-13,39.51,49.84
2022-04-14,39.01,49.37
2022-04-18,39.07,49.56
2022-04-19,40.79,51.07
2022-04-20,40.67,51.47
2022-04-21,39.63,50.57
2022-04-22,38.43,49.3
2022-04-25,38.8,49.38
2022-04-26,37.75,47.91
2022-04-27,38.19,47.9
2022-04-28,38.96,48.59
2022-04-29,37.53,47.06
2022-05-02,37.74,47.72
2022-05-03,38.31,48.5
2022-05-04,39.49,49.81
2022-05-05,37.98,48.3
2022-05-06,37.51,47.77
2022-05-09,36.8,46.96
2022-05-10,36.58,46.34
2022-05-11,35.86,45.5
2022-05-12,35.78,45.5
2022-05-13,35.97,46.08
2022-05-16,35.69,45.64
2022-05-17,37.18,47.41
2022-05-18,36.05,46.28
2022-05-19,35.65,45.92
2022-05-20,35.64,45.92
2022-05-23,36.81,47.08
2022-05-24,36.61,46.73
2022-05-25,37.44,47.41
2022-05-26,38.61,48.53
2022-05-27,39.11,49.27
2022-05-31,39.43,49.2
2022-06-01,38.74,48.55
2022-06-02,39.32,49.48
2022-06-03,38.92,48.81
2022-06-06,39.45,49.02
2022-06-07,39.56,49.47
2022-06-08,38.88,48.65
2022-06-09,37.56,47.19
2022-06-10,35.68,45.56
2022-06-13,34.44,44.06
2022-06-14,34.58,44.25
2022-06-15,34.73,44.53
2022-06-16,33.25,42.82
2022-06-17,34.0,43.41
2022-06-21,34.37,43.85
2022-06-22,34.46,43.88
2022-06-23,33.51,43.44
2022-06-24,35.22,45.0
2022-06-27,34.87,44.94
2022-06-28,34.84,44.66
2022-06-29,34.21,44.29
2022-06-30,33.6,43.88
2022-07-01,33.84,44.62
2022-07-05,33.7,44.78
2022-07-06,33.28,44.44
2022-07-07,33.92,44.98
2022-07-08,33.86,44.85
2022-07-11,33.54,44.39
2022-07-12,33.53,44.46
2022-07-13,33.04,43.79
2022-07-14,32.21,43.11
2022-07-15,33.74,44.65
2022-07-18,33.77,44.82
2022-07-19,34.67,46.22
2022-07-20,34.69,46.79
2022-07-21,34.25,46.97
2022-07-22,33.63,46.5
2022-07-25,34.21,47.19
2022-07-26,33.15,46.74
2022-07-27,33.74,47.72
2022-07-28,33.43,47.91
2022-07-29,34.12,48.55
2022-08-01,34.13,48.64
2022-08-02,33.69,48.04
2022-08-03,34.31,48.65
2022-08-04,33.79,48.37
2022-08-05,34.67,48.81
2022-08-08,34.49,48.81
2022-08-09,34.72,48.94
2022-08-10,36.16,50.19
2022-08-11,37.08,50.87
2022-08-12,37.49,51.63
2022-08-15,37.23,51.82
2022-08-16,37.62,52.32
2022-08-17,37.23,51.72
2022-08-18,37.31,51.88
2022-08-19,36.54,50.96
2022-08-22,35.5,49.71
2022-08-23,35.62,49.55
2022-08-24,35.62,49.43
2022-08-25,36.24,50.21
2022-08-26,34.95,48.83
2022-08-29,34.43,48.14
2022-08-30,34.37,48.02
2022-08-31,34.15,47.68
2022-09-01,33.84,47.3
2022-09-02,33.67,46.99
2022-09-06,33.27,46.27
2022-09-07,34.04,47.2
2022-09-08,35.32,48.2
2022-09-09,35.74,48.91
2022-09-12,36.52,49.45
2022-09-13,34.98,47.81
2022-09-14,34.98,47.88
2022-09-15,35.78,48.39
2022-09-16,35.03,47.92
2022-09-19,35.44,48.38
2022-09-20,35.14,48.03
2022-09-21,34.26,47.41
2022-09-22,33.21,46.32
2022-09-23,32.8,45.49
2022-09-26,32.09,44.92
2022-09-27,31.57,44.47
2022-09-28,32.54,45.27
2022-09-29,32.05,44.52
2022-09-30,31.96,44.29
2022-10-03,32.83,45.45
2022-10-04,34.3,47.51
2022-10-05,34.1,47.14
2022-10-06,33.53,46.63
2022-10-07,33.1,45.56
2022-10-10,32.98,45.34
2022-10-11,32.42,45.08
2022-10-12,32.22,44.96
2022-10-13,34.35,46.85
2022-10-14,33.96,46.2
2022-10-17,34.73,47.44
2022-10-18,34.86,47.57
2022-10-19,33.26,46.54
2022-10-20,31.15,45.11
2022-10-21,33.02,45.79
2022-10-24,34.37,46.56
2022-10-25,35.35,47.32
2022-10-26,35.51,47.24
2022-10-27,35.35,47.3
2022-10-28,35.98,48.53
2022-10-31,35.69,48.55
2022-11-01,35.8,48.62
2022-11-02,34.71,47.51
2022-11-03,33.94,47.03
2022-11-04,35.13,48.14
2022-11-07,35.04,48.49
2022-11-08,35.11,48.41
2022-11-09,34.48,47.57
2022-11-10,36.29,49.99
2022-11-11,36.85,49.79
2022-11-14,36.05,48.95
2022-11-15,36.45,49.24
2022-11-16,35.79,48.46
2022-11-17,35.33,47.79
2022-11-18,35.63,48.17
2022-11-21,35.81,48.4
2022-11-22,36.33,49.0
2022-11-23,36.33,49.0
2022-11-25,36.48,49.36
2022-11-28,35.59,48.27
2022-11-29,36.0,48.64
2022-11-30,36.36,49.52
2022-12-01,35.77,49.18
2022-12-02,35.25,48.97
2022-12-05,32.95,46.67
2022-12-06,32.24,46.19
2022-12-07,32.97,46.19
2022-12-08,32.82,46.3
2022-12-09,32.89,46.1
2022-12-12,33.27,46.55
2022-12-13,32.94,46.01
2022-12-14,32.29,45.25
2022-12-15,31.93,44.42
2022-12-16,31.6,44.06
2022-12-19,31.65,43.77
2022-12-20,31.69,43.99
2022-12-21,31.99,44.79
2022-12-22,32.13,44.51
2022-12-23,32.41,44.79
2022-12-27,32.8,44.82
2022-12-28,32.72,44.47
2022-12-29,32.81,45.39
2022-12-30,32.81,45.15
2023-01-03,32.64,44.97
2023-01-04,33.46,45.48
2023-01-05,33.13,45.04
2023-01-06,34.47,46.25
2023-01-09,34.22,45.96
2023-01-10,34.46,46.3
2023-01-11,34.32,46.7
2023-01-12,34.9,47.15
2023-01-13,34.64,47.27
2023-01-17,34.11,47.09
2023-01-18,32.72,45.7
2023-01-19,33.64,45.6
2023-01-20,34.61,46.82
2023-01-23,35.51,47.45
2023-01-24,35.15,46.99
2023-01-25,35.76,47.21
2023-01-26,36.02,47.72
2023-01-27,36.1,47.99
2023-01-30,35.8,47.52
2023-01-31,36.29,48.77
2023-02-01,36.78,49.39
2023-02-02,37.85,50.42
2023-02-03,37.64,50.38
2023-02-06,37.24,49.83
2023-02-07,37.8,50.43
2023-02-08,37.68,50.05
2023-02-09,37.26,49.27
2023-02-10,37.17,49.27
2023-02-13,37.45,49.77
2023-02-14,37.19,49.63
2023-02-15,37.1,49.94
2023-02-16,36.66,49.29
2023-02-17,36.95,49.48
2023-02-21,36.06,48.21
2023-02-22,35.93,48.06
2023-02-23,36.05,48.32
2023-02-24,36.31,48.3
2023-02-27,36.07,48.34
2023-02-28,36.3,48.26
2023-03-01,36.19,48.02
2023-03-02,35.62,47.21
2023-03-03,36.23,47.91
2023-03-06,36.16,47.6
2023-03-07,34.29,46.19
2023-03-08,33.69,46.01
2023-03-09,31.69,42.66
2023-03-10,30.37,40.88
2023-03-13,26.25,36.81
2023-03-14,26.38,37.52
2023-03-15,25.41,36.76
2023-03-16,26.46,37.89
2023-03-17,24.95,35.78
2023-03-20,26.21,36.08
2023-03-21,27.39,37.98
2023-03-22,25.9,36.02
2023-03-23,25.34,35.12
2023-03-24,25.48,35.91
2023-03-27,26.26,36.7
2023-03-28,26.34,36.68
2023-03-29,27.03,37.22
2023-03-30,26.32,36.66
2023-03-31,26.64,37.07
2023-04-03,26.4,36.76
2023-04-04,25.61,36.03
2023-04-05,25.77,35.8
2023-04-06,26.08,36.21
2023-04-10,26.29,36.46
2023-04-11,26.53,36.72
2023-04-12,26.39,36.39
2023-04-13,26.57,36.9
2023-04-14,26.44,36.49
2023-04-17,27.32,37.32
2023-04-18,27.17,36.82
2023-04-19,28.02,37.95
2023-04-20,27.84,37.32
2023-04-21,27.48,36.87
2023-04-24,27.06,36.7
2023-04-25,25.66,35.35
2023-04-26,25.58,35.5
2023-04-27,25.84,36.14
2023-04-28,26.2,36.63
2023-05-01,25.82,35.82
2023-05-02,24.51,33.96
2023-05-03,23.96,33.41
2023-05-04,23.24,31.9
2023-05-05,24.92,33.65
2023-05-08,24.41,33.27
2023-05-09,24.67,33.09
2023-05-10,24.24,32.85
2023-05-11,23.66,32.34
2023-05-12,23.62,32.34
2023-05-15,24.22,33.26
2023-05-16,23.78,32.75
2023-05-17,25.27,34.78
2023-05-18,25.17,35.01
2023-05-19,25.1,34.44
2023-05-22,25.45,35.25
2023-05-23,25.92,35.48
2023-05-24,25.35,34.86
2023-05-25,25.05,34.63
2023-05-26,25.26,35.01
2023-05-30,25.45,35.05
2023-05-31,24.27,34.07
2023-06-01,24.79,34.78
2023-06-02,25.95,36.57
2023-06-05,25.49,35.77
2023-06-06,26.78,37.33
2023-06-07,27.12,38.23
2023-06-08,26.97,37.93
2023-06-09,26.41,37.55
2023-06-12,25.92,37.26
2023-06-13,26.64,38.04
2023-06-14,25.95,37.14
2023-06-15,26.76,37.78
2023-06-16,26.54,37.36
2023-06-20,26.69,36.67
2023-06-21,26.5,36.24
2023-06-22,25.64,35.27
2023-06-23,25.54,34.81
2023-06-26,25.96,35.16
2023-06-27,26.18,35.7
2023-06-28,26.33,35.57
2023-06-29,26.25,36.2
2023-06-30,26.21,36.0
2023-07-03,26.76,36.69
2023-07-05,26.54,36.24
2023-07-06,26.32,35.66
2023-07-07,26.65,36.35
2023-07-10,26.67,36.63
2023-07-11,27.06,37.14
2023-07-12,27.19,37.8
2023-07-13,27.42,38.45
2023-07-14,26.98,37.71
2023-07-17,27.31,38.36
2023-07-18,27.93,39.71
2023-07-19,28.5,40.8
2023-07-20,29.26,40.75
2023-07-21,28.23,40.26
2023-07-24,28.66,41.07
2023-07-25,28.03,40.56
2023-07-26,28.53,42.07
2023-07-27,28.57,41.44
2023-07-28,28.85,41.94
2023-07-31,29.1,41.96
2023-08-01,28.81,41.54
2023-08-02,28.37,41.32
2023-08-03,28.48,41.77
2023-08-04,28.47,41.89
2023-08-07,28.58,42.33
2023-08-08,28.05,41.77
2023-08-09,27.5,41.19
2023-08-10,27.71,41.17
2023-08-11,27.79,41.33
2023-08-14,26.79,40.69
2023-08-15,25.86,39.43
2023-08-16,25.74,38.96
2023-08-17,25.77,38.92
2023-08-18,25.59,38.95
2023-08-21,25.68,38.68
2023-08-22,24.88,37.72
2023-08-23,25.43,38.23
2023-08-24,25.72,38.34
2023-08-25,25.42,38.18
2023-08-28,25.8,38.66
2023-08-29,26.45,39.13
2023-08-30,26.39,38.94
2023-08-31,26.55,39.06
2023-09-01,27.05,39.84
2023-09-05,27.07,39.11
2023-09-06,26.6,38.29
2023-09-07,26.09,37.82
2023-09-08,26.41,38.17
2023-09-11,26.5,38.12
2023-09-12,27.47,38.51
2023-09-13,27.25,38.08
2023-09-14,27.52,38.69
2023-09-15,27.44,38.55
2023-09-18,27.13,37.75
2023-09-19,26.91,37.6
2023-09-20,26.81,37.28
2023-09-21,26.38,36.74
2023-09-22,25.7,36.55
2023-09-25,25.91,36.99
2023-09-26,25.28,36.37
2023-09-27,24.86,36.22
2023-09-28,25.03,36.61
2023-09-29,25.33,36.85
2023-10-02,24.5,36.05
2023-10-03,23.94,35.32
2023-10-04,24.02,35.62
2023-10-05,24.31,36.18
2023-10-06,24.17,36.31
2023-10-09,24.34,36.35
2023-10-10,24.99,36.86
2023-10-11,24.99,36.98
2023-10-12,24.5,36.49
2023-10-13,24.27,35.98
2023-10-16,24.69,36.81
2023-10-17,25.31,37.53
2023-10-18,24.64,36.58
2023-10-19,24.92,36.14
2023-10-20,23.29,34.87
2023-10-23,23.02,34.75
2023-10-24,22.98,34.67
2023-10-25,23.03,34.5
2023-10-26,23.59,35.41
2023-10-27,22.89,34.67
2023-10-30,23.38,35.12
2023-10-31,23.71,35.32
2023-11-01,23.65,35.49
2023-11-02,25.05,37.25
2023-11-03,26.46,38.45
2023-11-06,26.12,37.91
2023-11-07,26.16,37.59
2023-11-08,25.49,37.21
2023-11-09,24.82,36.66
2023-11-10,25.06,36.97
2023-11-13,25.11,36.98
2023-11-14,26.68,39.29
2023-11-15,27.31,39.82
2023-11-16,27.13,39.37
2023-11-17,27.56,39.94
2023-11-20,27.67,39.9
2023-11-21,27.36,39.21
2023-11-22,27.19,39.4
2023-11-24,27.25,39.5
2023-11-27,27.19,39.37
2023-11-28,27.43,39.38
2023-11-29,28.41,40.18
2023-11-30,28.95,40.35
2023-12-01,30.58,42.04
2023-12-04,30.66,42.56
2023-12-05,30.11,41.98
2023-12-06,30.26,41.97
2023-12-07,30.81,42.69
2023-12-08,31.25,43.16
2023-12-11,30.89,43.14
2023-12-12,30.53,42.94
2023-12-13,32.35,45.06
2023-12-14,35.14,47.03
2023-12-15,35.03,46.4
2023-12-18,35.05,45.73
2023-12-19,35.12,46.31
2023-12-20,34.01,45.32
2023-12-21,34.4,45.76
2023-12-22,34.47,45.97
2023-12-26,34.96,46.58
2023-12-27,35.07,46.54
2023-12-28,34.8,46.62
2023-12-29,34.49,46.02
