date,HAL,XES
1/4/2010,31.25,294.79996
1/5/2010,31.65,302.09992
1/6/2010,32.4,307.89994
1/7/2010,32.48,308.09998
1/8/2010,34.12,314.59992
1/11/2010,33.78,309.79996
1/12/2010,33.29,302.59995
1/13/2010,34.05,305.29999
1/14/2010,34.31,307.39991
1/15/2010,34.03,305.49988
1/19/2010,34.6,308.49991
1/20/2010,33.27,303.19993
1/21/2010,32.53,296.49994
1/22/2010,31.15,285.1999
1/25/2010,31.07,290.1999
1/26/2010,30.88,289.79996
1/27/2010,30.41,290.69993
1/28/2010,29.65,285.1999
1/29/2010,29.21,278.49991
2/1/2010,30.65,287.39991
2/2/2010,30.76,290.09995
2/3/2010,30.36,288.29987
2/4/2010,28.86,275
2/5/2010,28.29,272.99988
2/8/2010,28.1,269.29993
2/9/2010,29.08,276.59989
2/10/2010,29.23,276.99997
2/11/2010,30.16,284.59992
2/12/2010,30.02,282.99988
2/16/2010,31.05,290
2/17/2010,31.08,290.29999
2/18/2010,31.54,291.59989
2/19/2010,31.79,294.29993
2/22/2010,31.02,293.09998
2/23/2010,30.2,286.99997
2/24/2010,30.01,288.99994
2/25/2010,30,290.39994
2/26/2010,30.15,290.59998
3/1/2010,30.75,294.59992
3/2/2010,31.21,298.29987
3/3/2010,31.7,303.39997
3/4/2010,31.45,300.1999
3/5/2010,31.88,303.19993
3/8/2010,31.41,304.29993
3/9/2010,30.91,303.9
3/10/2010,30.64,306.59989
3/11/2010,30.74,306.99997
3/12/2010,31.5,308.59986
3/15/2010,31.03,305.59998
3/16/2010,31.71,309.29993
3/17/2010,32.52,310.89997
3/18/2010,31.58,302.6999
3/19/2010,30.5,294.89991
3/22/2010,30.64,295.39994
3/23/2010,30.71,296.2999
3/24/2010,30.21,295.59998
3/25/2010,29.57,287.39991
3/26/2010,29.36,287.79999
3/29/2010,29.87,291.89988
3/30/2010,30,294.39988
3/31/2010,30.13,296.99997
4/1/2010,30.74,304.09989
4/5/2010,31.85,310.99991
4/6/2010,32.2,313.09998
4/7/2010,31.63,308.9
4/8/2010,31.66,308.49991
4/9/2010,31.57,308.99994
4/12/2010,31.5,310
4/13/2010,31.42,308.09998
4/14/2010,32.43,314.59992
4/15/2010,32.52,315.59998
4/16/2010,31.64,308.19993
4/19/2010,31.57,307.79999
4/20/2010,33.31,318.29987
4/21/2010,33.29,320.1999
4/22/2010,33.73,324.59992
4/23/2010,34.96,331.19996
4/26/2010,34.47,329.59992
4/27/2010,32.81,315.99991
4/28/2010,33.35,321.19996
4/29/2010,31.6,324.19999
4/30/2010,30.65,316.99997
5/3/2010,31.39,319.29993
5/4/2010,30.31,307.59995
5/5/2010,29.98,302.39991
5/6/2010,28.75,289.09989
5/7/2010,27.51,278.39997
5/10/2010,27.59,292.39991
5/11/2010,28.34,292.39991
5/12/2010,29.09,299.39988
5/13/2010,29.01,295.39994
5/14/2010,28.09,288.09998
5/17/2010,27.85,283.29987
5/18/2010,27.64,279.29993
5/19/2010,27.12,274.59992
5/20/2010,26.22,259.09989
5/21/2010,26.73,266.69999
5/24/2010,25.65,257.99988
5/25/2010,25.62,262.29996
5/26/2010,25.88,263.99994
5/27/2010,26.99,274.89991
5/28/2010,24.83,264.39988
6/1/2010,21.15,245
6/2/2010,23.68,257.79999
6/3/2010,23.63,260.69993
6/4/2010,23.11,252.99988
6/7/2010,22.8,249.09989
6/8/2010,23.02,252.29996
6/9/2010,22.56,251.2999
6/10/2010,24.22,267.6999
6/11/2010,24.39,268.9
6/14/2010,24.02,267.19986
6/15/2010,25.46,277.19986
6/16/2010,26.25,276.99997
6/17/2010,26.39,275.59998
6/18/2010,26.98,278.29987
6/21/2010,27.05,275.79987
6/22/2010,25.99,265.99991
6/23/2010,25.78,263.7999
6/24/2010,25.21,257.29996
6/25/2010,26.34,261.79993
6/28/2010,25.99,258.19993
6/29/2010,24.48,249.89991
6/30/2010,24.55,250
7/1/2010,24.98,251.59989
7/2/2010,25.74,251.4
7/6/2010,26.46,253.99994
7/7/2010,27.99,265.49988
7/8/2010,28.71,269.79996
7/9/2010,28.64,270.69993
7/12/2010,28.17,268.39997
7/13/2010,28.13,271.09986
7/14/2010,28.17,271.2999
7/15/2010,28.1,271.09986
7/16/2010,27.51,262.89994
7/19/2010,29.17,267.29996
7/20/2010,30.27,275.09995
7/21/2010,29.88,270.89997
7/22/2010,30.3,276.89988
7/23/2010,30.59,281.09986
7/26/2010,30.86,283.59986
7/27/2010,30.45,281.2999
7/28/2010,29.98,278.99994
7/29/2010,30.11,281.2999
7/30/2010,29.88,281.4
8/2/2010,30.73,290.09995
8/3/2010,31.2,287.99988
8/4/2010,31.06,290.79987
8/5/2010,31.25,288.09998
8/6/2010,30.92,284.49997
8/9/2010,30.7,284.29993
8/10/2010,30.12,280.1999
8/11/2010,28.78,268.69996
8/12/2010,28.43,267.5
8/13/2010,28.1,266.4
8/16/2010,27.81,267.99988
8/17/2010,28.7,274.39988
8/18/2010,28.79,272.59995
8/19/2010,28.56,266.69999
8/20/2010,27.82,261.89988
8/23/2010,28.14,261.99997
8/24/2010,28.07,260.59998
8/25/2010,27.99,258.99994
8/26/2010,28.12,257.6999
8/27/2010,29.25,266.99997
8/30/2010,28.49,264.39988
8/31/2010,28.21,261.99997
9/1/2010,29.73,273.69996
9/2/2010,30.13,276.89988
9/3/2010,30.43,279.79996
9/7/2010,29.84,275.39994
9/8/2010,30.21,278.9
9/9/2010,30.22,279.89991
9/10/2010,30.88,284.59992
9/13/2010,31.61,288.39997
9/14/2010,31.38,287.19986
9/15/2010,31.21,287.79999
9/16/2010,31,283.7999
9/17/2010,30.96,282.89994
9/20/2010,31.8,288.99994
9/21/2010,31.83,290.89997
9/22/2010,31.52,288.9
9/23/2010,31.8,286.89988
9/24/2010,32.73,293.7999
9/27/2010,32.41,291.19996
9/28/2010,32.77,294.69986
9/29/2010,33.4,299.39988
9/30/2010,33.07,296.69999
10/1/2010,33.33,298.19993
10/4/2010,33.03,292.29996
10/5/2010,34.06,299.89991
10/6/2010,33.97,299.09989
10/7/2010,33.62,296.49994
10/8/2010,34.73,303.09998
10/11/2010,34.56,303.19993
10/12/2010,34.84,305.99991
10/13/2010,35.63,311.89988
10/14/2010,35.08,310.49988
10/15/2010,35.82,313.69996
10/18/2010,34.09,311.69999
10/19/2010,33.18,303.99994
10/20/2010,33.79,308.09998
10/21/2010,33.72,305.59998
10/22/2010,34.18,310.69993
10/25/2010,34.28,310.39994
10/26/2010,34.79,312.6999
10/27/2010,34.42,316.4
10/28/2010,31.68,311.99997
10/29/2010,31.86,313.39997
11/1/2010,31.42,314.39988
11/2/2010,31.4,317.5
11/3/2010,31.69,320
11/4/2010,32.85,330.09995
11/5/2010,31.92,330
11/8/2010,33.43,333.49991
11/9/2010,33.22,333.09998
11/10/2010,34.88,339.79996
11/11/2010,36.31,342.6999
11/12/2010,35.82,334.59992
11/15/2010,35.84,333.49991
11/16/2010,35.03,328.09998
11/17/2010,35.5,333.59986
11/18/2010,37.56,341.89988
11/19/2010,38.01,344.69986
11/22/2010,37.31,344.29993
11/23/2010,36.46,337.6999
11/24/2010,37.37,345.99991
11/26/2010,36.56,341.09986
11/29/2010,37.87,345.79987
11/30/2010,37.84,344.69986
12/1/2010,39.19,354.89991
12/2/2010,40.61,359.49997
12/3/2010,41.15,362.89994
12/6/2010,40.82,364.19999
12/7/2010,40.38,360.69993
12/8/2010,40.23,359.49997
12/9/2010,40.46,360.99991
12/10/2010,40.22,361.49994
12/13/2010,41.15,365
12/14/2010,41.08,362.6999
12/15/2010,39.79,357.6999
12/16/2010,40.27,360.39994
12/17/2010,39.89,359.39988
12/20/2010,40.15,361.49994
12/21/2010,40.29,364.29993
12/22/2010,40.41,363.99994
12/23/2010,40.32,365.09995
12/27/2010,39.86,361.2999
12/28/2010,39.63,361.19996
12/29/2010,40.69,366.89988
12/30/2010,41.01,367.09992
12/31/2010,40.83,367.09992
1/3/2011,40.75,367.19986
1/4/2011,39.55,359.16199
1/5/2011,39.42,363.29987
1/6/2011,38.22,356.09986
1/7/2011,38.45,360.09995
1/10/2011,38.17,357.99988
1/11/2011,39.38,365.59998
1/12/2011,39.89,372.09992
1/13/2011,39.23,371.2999
1/14/2011,39.99,376.89988
1/18/2011,40.04,379.59992
1/19/2011,39.24,372.29996
1/20/2011,39.06,368.39997
1/21/2011,39.19,366.69999
1/24/2011,39.55,366.49994
1/25/2011,40.2,365.49988
1/26/2011,43.4,379.79996
1/27/2011,43.17,382.5
1/28/2011,43.88,381.69999
1/31/2011,45,390.99991
2/1/2011,45.51,395.59998
2/2/2011,46.61,398.19993
2/3/2011,46.78,399.89991
2/4/2011,45.92,397.29996
2/7/2011,46.18,405.09995
2/8/2011,44.97,401.59989
2/9/2011,43.95,395.29999
2/10/2011,44.79,401.79993
2/11/2011,44.64,402.79999
2/14/2011,45.64,412.89994
2/15/2011,45.54,409.49997
2/16/2011,47.49,418.49991
2/17/2011,48.43,425.79987
2/18/2011,48.11,422.6999
2/22/2011,46.6,413.49991
2/23/2011,47.34,417.19986
2/24/2011,45.55,411.09986
2/25/2011,47.03,425
2/28/2011,46.94,425.94986
3/1/2011,46.33,416.99997
3/2/2011,46.34,423.7999
3/3/2011,47.44,430.69993
3/4/2011,46.84,429.39988
3/7/2011,46.44,425.59998
3/8/2011,45.72,422.59995
3/9/2011,45.27,418.99994
3/10/2011,43.75,402.09992
3/11/2011,44.46,412.59995
3/14/2011,45.06,412.89994
3/15/2011,44.01,409.69986
3/16/2011,42.94,398.59986
3/17/2011,44.36,411.99997
3/18/2011,44.19,408.29987
3/21/2011,45.73,424.59992
3/22/2011,45.7,423.19993
3/23/2011,46.39,422.89994
3/24/2011,45.97,425.39994
3/25/2011,46.04,428.69996
3/28/2011,47.9,429.19999
3/29/2011,49,435.79987
3/30/2011,49.5,438.09998
3/31/2011,49.84,439.69986
4/1/2011,49.34,439.49997
4/4/2011,49.5,442.5
4/5/2011,49.73,441.69999
4/6/2011,48.41,432.19986
4/7/2011,48.23,431.49994
4/8/2011,48.13,432.6999
4/11/2011,46.93,423.39997
4/12/2011,45.34,409.59992
4/13/2011,45.51,412.39991
4/14/2011,46.14,417.29996
4/15/2011,46.82,422.79999
4/18/2011,47.14,417.19986
4/19/2011,49.01,423.29987
4/20/2011,49.68,430
4/21/2011,50.48,435.69993
4/25/2011,50.63,432.79999
4/26/2011,50.96,437.59995
4/27/2011,50.5,433.99994
4/28/2011,50.26,434.89991
4/29/2011,50.48,440.89997
5/2/2011,48.92,430.69993
5/3/2011,47.89,417.09992
5/4/2011,47.35,406.4
5/5/2011,46.85,397.5
5/6/2011,46.67,397.6999
5/9/2011,48.06,409.49997
5/10/2011,48.39,412.39991
5/11/2011,46.43,398.59986
5/12/2011,46.64,398.19993
5/13/2011,46,395.39994
5/16/2011,45.43,390.49988
5/17/2011,45.33,387.89994
5/18/2011,46.96,399.89991
5/19/2011,46.9,400.79987
5/20/2011,47.18,401.79993
5/23/2011,46.16,391.59989
5/24/2011,47.5,396.59989
5/25/2011,49.87,409.09989
5/26/2011,50.66,413.9
5/27/2011,50.15,416.2999
5/31/2011,50.15,419.89991
6/1/2011,49.03,405.89997
6/2/2011,50.15,409.19999
6/3/2011,50.28,408.69996
6/6/2011,48.04,394.09989
6/7/2011,48.1,395
6/8/2011,47.69,393.59986
6/9/2011,48.98,399.89991
6/10/2011,48,390.39994
6/13/2011,46.86,382.09992
6/14/2011,47.89,391.79993
6/15/2011,46.77,384.09989
6/16/2011,46.39,381.89988
6/17/2011,46.02,380.39994
6/20/2011,46.43,380.49988
6/21/2011,47.13,391.49994
6/22/2011,47.11,393.49991
6/23/2011,47.07,391.2999
6/24/2011,45.87,384.69986
6/27/2011,46.23,384.29993
6/28/2011,48.69,398.59986
6/29/2011,49.82,407.39991
6/30/2011,51,414.69986
7/1/2011,51.29,418.99994
7/5/2011,52.15,422.29996
7/6/2011,52.66,421.4
7/7/2011,54.3,429.09989
7/8/2011,54.04,428.29987
7/11/2011,52.49,414.69986
7/12/2011,52.22,412.99988
7/13/2011,52.62,419.19999
7/14/2011,51.83,413.19993
7/15/2011,53.08,426.2999
7/18/2011,53.12,420.69993
7/19/2011,55.38,431.89988
7/20/2011,55.27,431.67588
7/21/2011,56.93,434.69986
7/22/2011,57.2,441.09986
7/25/2011,57.27,440.09995
7/26/2011,56.55,439.39988
7/27/2011,55.01,424.69986
7/28/2011,54.87,428.39997
7/29/2011,54.73,425.09995
8/1/2011,54.43,422.29996
8/2/2011,52.66,408.69996
8/3/2011,53.06,401.89988
8/4/2011,48.03,363.39997
8/5/2011,47.09,350.99976
8/8/2011,42.43,312.09992
8/9/2011,44.75,331.79993
8/10/2011,43.3,324.39988
8/11/2011,45.23,343.69996
8/12/2011,45.48,350.09995
8/15/2011,47.63,365
8/16/2011,45.92,353.09998
8/17/2011,45.45,355.09995
8/18/2011,40.85,328.39997
8/19/2011,38.04,315.59998
8/22/2011,37.29,309.59992
8/23/2011,40.2,328.19993
8/24/2011,40.61,331.09986
8/25/2011,39.88,322.79999
8/26/2011,41.46,333.39997
8/29/2011,42.81,351.99997
8/30/2011,43.43,356.09986
8/31/2011,44.37,358.39997
9/1/2011,43.02,354.09989
9/2/2011,41.54,339.39988
9/6/2011,40.87,335.69993
9/7/2011,42.28,353.49991
9/8/2011,41.61,350
9/9/2011,39.66,337.79999
9/12/2011,39.56,345.39994
9/13/2011,39.49,349.29993
9/14/2011,39.36,353.49991
9/15/2011,40.19,358.7999
9/16/2011,39.88,355.29999
9/19/2011,38.26,349.89991
9/20/2011,37.98,343.7999
9/21/2011,35.09,325.99991
9/22/2011,32.72,302.89994
9/23/2011,31.67,294.29993
9/26/2011,33.74,307.5
9/27/2011,34.46,310.89997
9/28/2011,32.47,294.59992
9/29/2011,32.25,295.09995
9/30/2011,30.52,283.49991
10/3/2011,28.68,266.49994
10/4/2011,30.51,279.19999
10/5/2011,32.38,290.29999
10/6/2011,34.45,300.79987
10/7/2011,33.32,295.89997
10/10/2011,34.84,314.19999
10/11/2011,35.48,318.7999
10/12/2011,35.07,321.59989
10/13/2011,35.02,322.39991
10/14/2011,37.43,335.69993
10/17/2011,34.48,322.89994
10/18/2011,35.29,335.39994
10/19/2011,33.88,326.89988
10/20/2011,34.47,330.69886
10/21/2011,33.5,333.7999
10/24/2011,35.32,347.39991
10/25/2011,35.12,337.79999
10/26/2011,35.87,347.59995
10/27/2011,38.95,369.49997
10/28/2011,39.13,369.89991
10/31/2011,37.36,352.6999
11/1/2011,35.25,338.09998
11/2/2011,36.58,349.49997
11/3/2011,37.85,363.49991
11/4/2011,37.16,365.39994
11/7/2011,38.02,364.79996
11/8/2011,38.83,371.89988
11/9/2011,36.43,351.79993
11/10/2011,37.29,358.69996
11/11/2011,38.59,368.9
11/14/2011,38.53,363.69996
11/15/2011,38.91,366.79993
11/16/2011,39,369.19999
11/17/2011,37.04,355.24994
11/18/2011,35.96,353.29987
11/21/2011,34.86,341.99997
11/22/2011,33.7,338.29987
11/23/2011,32.2,322.29996
11/25/2011,31.8,320.79987
11/28/2011,32.77,337.5
11/29/2011,33.63,337.99988
11/30/2011,36.8,362.19986
12/1/2011,36.41,362.5
12/2/2011,36.58,362.19986
12/5/2011,37.02,369.79996
12/6/2011,35.57,369.09989
12/7/2011,33.4,364.09989
12/8/2011,33.13,352.09992
12/9/2011,34.08,362.79999
12/12/2011,32.56,350.79987
12/13/2011,31.86,341.99997
12/14/2011,31,327.59995
12/15/2011,31.26,324.29993
12/16/2011,31.76,332.99988
12/19/2011,30.8,322.79999
12/20/2011,33.21,342.39991
12/21/2011,33.73,347.39991
12/22/2011,33.54,352.09992
12/23/2011,33.8,352.99988
12/27/2011,34.14,352.39991
12/28/2011,33.25,343.09998
12/29/2011,33.79,347.19986
12/30/2011,34.51,346.59989
1/3/2012,34.15,360.09995
1/4/2012,35.12,359.19999
1/5/2012,34.56,355.79987
1/6/2012,34.98,355.99991
1/9/2012,35.38,356.79993
1/10/2012,36.33,366.2999
1/11/2012,35.38,358.19993
1/12/2012,34.73,353.69996
1/13/2012,33.94,346.4
1/17/2012,33.86,346.69999
1/18/2012,34.99,359.39988
1/19/2012,36.25,363.29987
1/20/2012,36.2,361.09986
1/23/2012,35.44,359.19999
1/24/2012,36.36,362.39991
1/25/2012,36.41,367.99988
1/26/2012,36.16,356.69999
1/27/2012,37.1,362.19986
1/30/2012,36.67,358.09998
1/31/2012,36.78,357.79999
2/1/2012,36.64,363.49991
2/2/2012,36.54,369.29993
2/3/2012,36.83,375.49988
2/6/2012,37.4,381.59989
2/7/2012,37,381.59989
2/8/2012,37.02,382.09992
2/9/2012,36.77,378.7999
2/10/2012,36.06,375.09995
2/13/2012,36.14,379.39988
2/14/2012,35.7,378.49991
2/15/2012,35.23,374.29993
2/16/2012,35.64,382.39991
2/17/2012,36.29,386.69999
2/21/2012,37.03,386.45997
2/22/2012,38.24,391.49994
2/23/2012,38.21,397.39991
2/24/2012,38.51,398.9
2/27/2012,37.75,394.89991
2/28/2012,37.68,392.5
2/29/2012,36.59,386.2999
3/1/2012,36.5,391.67389
3/2/2012,36.05,385.99991
3/5/2012,35.07,379.09989
3/6/2012,34.13,368.29987
3/7/2012,34.21,373.49991
3/8/2012,34.78,380.59998
3/9/2012,34.88,382.99988
3/12/2012,34.7,374.49997
3/13/2012,35.34,381.4
3/14/2012,34.18,373.59986
3/15/2012,33.91,376.59989
3/16/2012,34.54,385.39994
3/19/2012,35,385.79987
3/20/2012,34.76,377.59995
3/21/2012,34.13,371.59989
3/22/2012,32.98,362.19986
3/23/2012,33.42,370.29999
3/26/2012,33.65,373.69996
3/27/2012,32.83,366.69999
3/28/2012,32.48,362.19986
3/29/2012,32.77,361.2999
3/30/2012,33.19,364.09989
4/2/2012,33.45,367.6999
4/3/2012,33.6,366.89988
4/4/2012,33,359.09989
4/5/2012,32.77,356.79993
4/9/2012,32.38,351.59989
4/10/2012,31.99,342.59995
4/11/2012,32.13,344.59992
4/12/2012,33.18,355.79987
4/13/2012,32.41,346.19996
4/16/2012,32.06,338.9
4/17/2012,32.66,343.99994
4/18/2012,34.17,342.5
4/19/2012,33.98,342.19986
4/20/2012,33.29,341.19996
4/23/2012,32.95,341.19996
4/24/2012,33.38,344.09989
4/25/2012,33.54,351.59989
4/26/2012,33.45,355.1999
4/27/2012,33.24,352.59995
4/30/2012,34.22,354.19999
5/1/2012,35.03,358.19993
5/2/2012,34.49,355.99991
5/3/2012,34.06,348.59986
5/4/2012,32.53,336.79993
5/7/2012,32.42,336.2999
5/8/2012,32.69,337.09992
5/9/2012,32.42,334.79996
5/10/2012,32.31,336.19996
5/11/2012,31.83,334.09989
5/14/2012,31.58,326.79993
5/15/2012,30.58,318.9
5/16/2012,30.2,315
5/17/2012,30,310.49988
5/18/2012,29.93,307.59995
5/21/2012,31.17,320.59998
5/22/2012,30.78,316.09986
5/23/2012,31.32,320.69993
5/24/2012,31.41,316.59989
5/25/2012,31.37,316.5799
5/29/2012,32.01,324.69986
5/30/2012,30.36,311.89988
5/31/2012,30.06,305.89997
6/1/2012,29.97,295.1999
6/4/2012,29.52,293.19993
6/5/2012,29.12,299.49997
6/6/2012,28.1,306.89988
6/7/2012,28.13,304.79996
6/8/2012,27.96,302.89994
6/11/2012,27.5,296.09986
6/12/2012,28.13,300.79987
6/13/2012,28.22,294.09989
6/14/2012,28.68,297.6999
6/15/2012,29.45,303.59986
6/18/2012,28.96,298.69996
6/19/2012,29.39,307.59995
6/20/2012,29.57,309.19999
6/21/2012,28.35,290.69993
6/22/2012,27.8,291.69999
6/25/2012,26.98,281.49994
6/26/2012,26.7,281.4
6/27/2012,27.21,290.59998
6/28/2012,27.69,295.99991
6/29/2012,28.39,307.09992
7/2/2012,28.6,308.29987
7/3/2012,29.94,318.7999
7/5/2012,29.56,314.69986
7/6/2012,29.3,310.39994
7/9/2012,29,310.89997
7/10/2012,28.36,303.49991
7/11/2012,28.53,307.19986
7/12/2012,28.41,304.79996
7/13/2012,28.8,310.89997
7/16/2012,29,310.89997
7/17/2012,29.4,316.2999
7/18/2012,30.17,322.39991
7/19/2012,30.21,323.49991
7/20/2012,30.77,326.19996
7/23/2012,31.51,321.2999
7/24/2012,31.55,314.49997
7/25/2012,31.3,313.69996
7/26/2012,32.56,324.89991
7/27/2012,33.62,335.79987
7/30/2012,33.55,334.49997
7/31/2012,33.13,326.19996
8/1/2012,33.41,327.59995
8/2/2012,32.86,322.09992
8/3/2012,33.76,332.19986
8/6/2012,33.82,334.79996
8/7/2012,34.39,338.09998
8/8/2012,34.62,338.59986
8/9/2012,35.05,342.39991
8/10/2012,35.19,343.29987
8/13/2012,35.04,340.49988
8/14/2012,34.85,339.29993
8/15/2012,34.58,338.99994
8/16/2012,35.3,345.09995
8/17/2012,35.12,345.1999
8/20/2012,35,344.69986
8/21/2012,35.16,344.29993
8/22/2012,34.67,343.59986
8/23/2012,34.15,340
8/24/2012,34.27,339.49997
8/27/2012,34.45,338.39997
8/28/2012,34.08,337.59995
8/29/2012,33.51,333.9
8/30/2012,32.81,327.79999
8/31/2012,32.76,332.29996
9/4/2012,32.15,333.09998
9/5/2012,32.41,334.89991
9/6/2012,32.96,341.59989
9/7/2012,34.24,349.69986
9/10/2012,34.27,347.09992
9/11/2012,35.35,352.19986
9/12/2012,35.73,355.59998
9/13/2012,36.44,363.99994
9/14/2012,37.44,372.39991
9/17/2012,37.22,365.79987
9/18/2012,36.57,360.89997
9/19/2012,36.41,357.89994
9/20/2012,36.13,355.89997
9/21/2012,35.84,356.2999
9/24/2012,35.49,352.89994
9/25/2012,34.77,344.19999
9/26/2012,33.92,337.59995
9/27/2012,34.22,343.09998
9/28/2012,33.69,339.79996
10/1/2012,33.67,339.09989
10/2/2012,34.07,337.09992
10/3/2012,33.01,328.99994
10/4/2012,33.97,334.39988
10/5/2012,33.42,331.99997
10/8/2012,33.63,332.39991
10/9/2012,33.87,335.89997
10/10/2012,33.5,330.49988
10/11/2012,33.97,336.4
10/12/2012,33.8,334.29993
10/15/2012,33.84,336.4
10/16/2012,34.56,341.09986
10/17/2012,35.32,346.49994
10/18/2012,35.65,350.1999
10/19/2012,34.98,342.6999
10/22/2012,34.56,339.39988
10/23/2012,33.47,333.49991
10/24/2012,32.71,327.6999
10/25/2012,32.92,333.19993
10/26/2012,32.4,330.59998
10/31/2012,32.29,327.19986
11/1/2012,32.68,333.39997
11/2/2012,32.11,326.79993
11/5/2012,32.29,331.69999
11/6/2012,32.76,335
11/7/2012,31.71,323.7999
11/8/2012,30.48,315.09995
11/9/2012,30.56,315.69993
11/12/2012,30.65,318.99994
11/13/2012,30.39,316.09986
11/14/2012,29.95,312.09992
11/15/2012,30.36,313.9
11/16/2012,30.46,313.7999
11/19/2012,31.71,323.9
11/20/2012,31.71,322.09992
11/21/2012,31.7,323.9
11/23/2012,32.08,327.79999
11/26/2012,32.035,325.99991
11/27/2012,32.04,324.89991
11/28/2012,32.41,327.99988
11/29/2012,32.92,333.19993
11/30/2012,33.35,335.89997
12/3/2012,33.08,335.69993
12/4/2012,33.06,338.39997
12/5/2012,33.5,340.1999
12/6/2012,33.58,338.9
12/7/2012,33.78,340.29999
12/10/2012,33.66,340.99991
12/11/2012,33.99,342.29996
12/12/2012,34.05,341.2999
12/13/2012,33.51,335.39994
12/14/2012,33.39,333.49991
12/17/2012,33.54,337.24793
12/18/2012,34.8,349.19999
12/19/2012,34.61,348.43995
12/20/2012,35.13,351.79993
12/21/2012,34.71,346.79993
12/24/2012,34.52,342.99988
12/26/2012,34.71,341.99997
12/27/2012,34.6,341.19996
12/28/2012,34.01,336.69999
12/31/2012,34.69,346.19996
1/2/2013,35.71,356.09986
1/3/2013,36.31,357.29996
1/4/2013,36.65,364.79996
1/7/2013,36.65,363.59986
1/8/2013,36.19,360.59998
1/9/2013,36.48,361.19996
1/10/2013,36.9,364.59992
1/11/2013,36.62,362.99988
1/14/2013,35.91,358.99994
1/15/2013,36.18,363.19993
1/16/2013,36.26,364.49997
1/17/2013,36.3,366.79993
1/18/2013,37.5,372.79999
1/22/2013,37.93,377.39991
1/23/2013,37.79,377.6999
1/24/2013,37.81,377.5
1/25/2013,39.72,382.89994
1/28/2013,40.28,383.39997
1/29/2013,40.88,385.09995
1/30/2013,40.2,380.89997
1/31/2013,40.68,384.09989
2/1/2013,41.08,391.49994
2/4/2013,40.86,387.5
2/5/2013,40.91,390.99991
2/6/2013,40.31,390.69993
2/7/2013,40.83,394.49997
2/8/2013,41.26,400.49988
2/11/2013,40.87,394.19999
2/12/2013,40.71,395.29999
2/13/2013,40.84,399.19999
2/14/2013,43.32,410.79987
2/15/2013,42.7,406.4
2/19/2013,42.81,410.09995
2/20/2013,41.62,397.6999
2/21/2013,40.77,389.79996
2/22/2013,41.11,394.19999
2/25/2013,39.85,379.09989
2/26/2013,40.49,382.79999
2/27/2013,41.27,391.49994
2/28/2013,41.51,391.89499
3/1/2013,40.63,386.4
3/4/2013,39.96,379.59992
3/5/2013,41,385
3/6/2013,40.8,384.59992
3/7/2013,41.41,387.5
3/8/2013,42.08,391.2999
3/11/2013,42,392.09992
3/12/2013,41.96,393.99994
3/13/2013,41.84,393.59986
3/14/2013,42.54,401.09986
3/15/2013,41.9,403.99994
3/18/2013,40.73,397.60087
3/19/2013,39.62,390.99991
3/20/2013,39.44,392.39991
3/21/2013,39.47,391.09986
3/22/2013,39.16,392.5
3/25/2013,39.65,393.29987
3/26/2013,40.13,398.69996
3/27/2013,40.66,400.59998
3/28/2013,40.41,398.7999
4/1/2013,39.93,388.29987
4/2/2013,39.89,385.59998
4/3/2013,38.75,375.1999
4/4/2013,38.54,375.39994
4/5/2013,38.6,379.89991
4/8/2013,38.41,388.39997
4/9/2013,39.11,390.39994
4/10/2013,40.39,397.39991
4/11/2013,41.17,398.7999
4/12/2013,40.86,390.99991
4/15/2013,38.66,371.09986
4/16/2013,39.69,375.99991
4/17/2013,37.69,362.79999
4/18/2013,37.71,367.89994
4/19/2013,37.21,366.2999
4/22/2013,39.29,371.19996
4/23/2013,39.69,376.4
4/24/2013,40.92,382.09992
4/25/2013,40.75,377.5
4/26/2013,40.57,375.89997
4/29/2013,41.57,380.59998
4/30/2013,42.77,386.49994
5/1/2013,42.08,379.09989
5/2/2013,42.4,386.49994
5/3/2013,42.55,396.19996
5/6/2013,43.06,398.09998
5/7/2013,43.42,403.09998
5/8/2013,43.7,405.59998
5/9/2013,43.56,404.09989
5/10/2013,43.39,403.9
5/13/2013,43.56,402.59995
5/14/2013,44.2,404.59992
5/15/2013,44.13,404.59992
5/16/2013,43.85,403.69996
5/17/2013,45.25,411.2999
5/20/2013,45.55,417.5
5/21/2013,44.83,415.79987
5/22/2013,44.02,407.6999
5/23/2013,43.52,406.4
5/24/2013,43.02,405.09995
5/28/2013,43.37,409.49997
5/29/2013,43.57,407.34787
5/30/2013,42.63,405
5/31/2013,41.85,397.99988
6/3/2013,42.39,400.59998
6/4/2013,41.99,396.4
6/5/2013,41.76,393.99994
6/6/2013,42.35,398.19993
6/7/2013,43.16,402.6999
6/10/2013,42.82,400.1999
6/11/2013,42.04,393.59986
6/12/2013,41.61,389.89991
6/13/2013,43.08,398.39997
6/14/2013,42.93,395.09995
6/17/2013,43.62,403.49991
6/18/2013,44.07,406.79993
6/19/2013,43.05,402.39991
6/20/2013,41.8,391.69999
6/21/2013,41.79,389.39988
6/24/2013,40.95,384.69986
6/25/2013,41.15,390.1999
6/26/2013,41.47,391.4
6/27/2013,41.84,392.5
6/28/2013,41.72,391.59989
7/1/2013,42.45,395.29999
7/2/2013,42.79,397.99988
7/3/2013,42.65,397.79999
7/5/2013,43.71,406.4
7/8/2013,43.92,410.1999
7/9/2013,44.31,415.39994
7/10/2013,44.13,412.09992
7/11/2013,44.18,413.9
7/12/2013,44.64,415.79987
7/15/2013,44.11,415.09995
7/16/2013,43.63,411.59989
7/17/2013,44.14,413.7999
7/18/2013,44.74,420.1999
7/19/2013,45.83,424.18992
7/22/2013,45.08,423.39997
7/23/2013,45.58,421.79993
7/24/2013,44.82,413.49991
7/25/2013,44.34,415.99991
7/26/2013,45.98,410.09995
7/29/2013,45.53,404.79996
7/30/2013,45.23,403.29987
7/31/2013,45.19,404.79996
8/1/2013,46.41,413.7999
8/2/2013,46.3,415.79987
8/5/2013,46.05,414.89991
8/6/2013,45.85,406.19996
8/7/2013,45.53,406.2999
8/8/2013,46.14,408.59986
8/9/2013,46.03,408.69996
8/12/2013,46.02,408.29987
8/13/2013,46.58,409.59992
8/14/2013,46.82,408.09998
8/15/2013,46.68,405.79987
8/16/2013,46.95,403.59986
8/19/2013,46.65,398.19993
8/20/2013,47.35,402.5
8/21/2013,46.98,397.39991
8/22/2013,47.82,405.39994
8/23/2013,48.71,407.6999
8/26/2013,48.44,407.09992
8/27/2013,48.13,400.59998
8/28/2013,48.9,406.09986
8/29/2013,48.54,403.5019
8/30/2013,48,397.89994
9/3/2013,48.3,400.29999
9/4/2013,49.08,406.19996
9/5/2013,49.77,412.29996
9/6/2013,49.54,414.19999
9/9/2013,50.26,421.79993
9/10/2013,50.32,423.69996
9/11/2013,50.19,424.79996
9/12/2013,49.2,419.64798
9/13/2013,49.69,420.59998
9/16/2013,49.82,422.89994
9/17/2013,49.67,425.79987
9/18/2013,49.75,428.7999
9/19/2013,49.54,429.49997
9/20/2013,49.34,423.69996
9/23/2013,48.39,420.29999
9/24/2013,48.75,420.29999
9/25/2013,48.88,422.59995
9/26/2013,48.71,423.49991
9/27/2013,48.39,421.79993
9/30/2013,48.15,419.89991
10/1/2013,48.6,425.39994
10/2/2013,49.09,426.99997
10/3/2013,48.4,424.59992
10/4/2013,49.06,429.49997
10/7/2013,49.02,425
10/8/2013,48.66,419.89991
10/9/2013,48.56,416.49994
10/10/2013,50,427.09992
10/11/2013,50.67,431.69999
10/14/2013,51.35,434.79996
10/15/2013,51.16,430.39994
10/16/2013,51.97,434.89991
10/17/2013,51.72,437.5
10/18/2013,52.47,445.99991
10/21/2013,50.66,442.39991
10/22/2013,51.78,444.69986
10/23/2013,50.74,435.59998
10/24/2013,51.1,433.39997
10/25/2013,51.69,435.69993
10/28/2013,52.03,437.6999
10/29/2013,53.25,444.59992
10/30/2013,53.26,440.99991
10/31/2013,53.03,442.09992
11/1/2013,53.23,438.99994
11/4/2013,54.04,446.19996
11/5/2013,53.13,443.09998
11/6/2013,54.4,444.79996
11/7/2013,53.9,437.39991
11/8/2013,55.32,447.99988
11/11/2013,55.3,451.99997
11/12/2013,54.46,445.09995
11/13/2013,55.54,449.29993
11/14/2013,56.26,452.29996
11/15/2013,56.23,454.09989
11/18/2013,54.33,444.79996
11/19/2013,53.76,439.72489
11/20/2013,53.58,439.49997
11/21/2013,54.2,442.59995
11/22/2013,54.5,441.19996
11/25/2013,52.7,429.79996
11/26/2013,53.18,432.04987
11/27/2013,52.42,428.29987
11/29/2013,52.68,430.09995
12/2/2013,52.01,429.59992
12/3/2013,52.02,430.29999
12/4/2013,50.62,431.99997
12/5/2013,50.48,429.79996
12/6/2013,50.56,428.39997
12/9/2013,49.91,427.89994
12/10/2013,49.43,423.99994
12/11/2013,48.99,418.09998
12/12/2013,49.59,420.29999
12/13/2013,49.39,419.79996
12/16/2013,50.13,425.99991
12/17/2013,49.35,423.69996
12/18/2013,49.91,425.39994
12/19/2013,49.42,422.79999
12/20/2013,50.54,426.4
12/23/2013,50.3,425.79987
12/24/2013,50.68,431.69999
12/26/2013,51.21,431.89988
12/27/2013,51.08,435.39994
12/30/2013,50.4,433.19993
12/31/2013,50.75,437.19986
1/2/2014,50.01,430.09995
1/3/2014,50.13,430.99991
1/6/2014,50.32,428.9
1/7/2014,50.2,427.59995
1/8/2014,49.5,422.6999
1/9/2014,49.61,420.99991
1/10/2014,50.52,425.99991
1/13/2014,49.58,417.19986
1/14/2014,50.4,424.69986
1/15/2014,50.64,425.29999
1/16/2014,50.9,423.59986
1/17/2014,50.66,424.49997
1/21/2014,49.78,427.29996
1/22/2014,50.54,429.59992
1/23/2014,50.11,419.59992
1/24/2014,48.61,411.69999
1/27/2014,48.49,408.09998
1/28/2014,48.33,409.09989
1/29/2014,48.2,403.99994
1/30/2014,49.44,408.09998
1/31/2014,49.01,406.19996
2/3/2014,48.33,397.29996
2/4/2014,49.36,402.27997
2/5/2014,49.27,395.99991
2/6/2014,50.76,406.2999
2/7/2014,51.97,405.99991
2/10/2014,51.87,405.1999
2/11/2014,53.84,415.59998
2/12/2014,53.12,414.19999
2/13/2014,53.46,420.69993
2/14/2014,53.57,423.09998
2/18/2014,54.13,425.89997
2/19/2014,54.53,427.79999
2/20/2014,55.38,431.49994
2/21/2014,55.3,429.69986
2/24/2014,56.37,440.1999
2/25/2014,55.58,438.29987
2/26/2014,55.16,437.39991
2/27/2014,55.69,438.59986
2/28/2014,57,445
3/3/2014,56.38,441.2999
3/4/2014,56.9,446.79993
3/5/2014,56.19,443.39997
3/6/2014,56.92,448.19993
3/7/2014,56.2,448.69996
3/10/2014,56.47,446.99997
3/11/2014,55.72,438.19993
3/12/2014,55.39,436.19996
3/13/2014,55.25,429.09989
3/14/2014,55.19,428.7999
3/17/2014,56.62,435.1999
3/18/2014,56.9,440.99991
3/19/2014,56.78,441.2999
3/20/2014,57.36,445.09995
3/21/2014,58.06,448.99994
3/24/2014,57.78,444.69986
3/25/2014,59.14,449.79996
3/26/2014,58.37,445.69993
3/27/2014,58.09,449.49997
3/28/2014,59.46,456.49994
3/31/2014,58.89,458.7999
4/1/2014,59.63,458.59986
4/2/2014,59.93,460.89997
4/3/2014,59.8,456.89988
4/4/2014,59.31,453.9
4/7/2014,57.36,444.29993
4/8/2014,58.51,452.29996
4/9/2014,58.79,453.19993
4/10/2014,57.91,445.49988
4/11/2014,57.61,440.89997
4/14/2014,59.08,448.59986
4/15/2014,59.97,454.09989
4/16/2014,60.5,457.09992
4/17/2014,60.9,461.79993
4/21/2014,62.92,464.69986
4/22/2014,63.38,466.79993
4/23/2014,64.72,470.29999
4/24/2014,63.49,468.7999
4/25/2014,62.86,467.59995
4/28/2014,62.78,463.39997
4/29/2014,63.01,463.44986
4/30/2014,63.07,467.39991
5/1/2014,62.91,458.7999
5/2/2014,63.86,463.7999
5/5/2014,63.91,463.09998
5/6/2014,63.52,462.99988
5/7/2014,64.74,466.19996
5/8/2014,63.43,456.4
5/9/2014,63.5,455.09995
5/12/2014,64.17,459.59992
5/13/2014,64.1,459.90799
5/14/2014,63.99,457.19986
5/15/2014,62.37,449.29993
5/16/2014,62.85,451.19996
5/19/2014,63.21,455
5/20/2014,62.88,452.19986
5/21/2014,63.17,456.89988
5/22/2014,63.41,458.49991
5/23/2014,64.01,457.89994
5/27/2014,63.97,461.59989
5/28/2014,63.44,459.49997
5/29/2014,64,465
5/30/2014,64.64,465.09995
6/2/2014,65.01,462.6999
6/3/2014,65.57,465.1999
6/4/2014,65.39,465
6/5/2014,65.89,469.19999
6/6/2014,66.98,475.99991
6/9/2014,67.17,479.19999
6/10/2014,67.11,476.40091
6/11/2014,66.94,475.69993
6/12/2014,66.64,478.59986
6/13/2014,67.58,482.39991
6/16/2014,67.61,483.59986
6/17/2014,67.61,483.39997
6/18/2014,68.5,486.4
6/19/2014,68.98,486.99997
6/20/2014,70.24,489.59992
6/23/2014,70.37,488.99994
6/24/2014,68.16,477.79999
6/25/2014,69.44,484.09989
6/26/2014,69.55,484.39988
6/27/2014,70.47,488.29987
6/30/2014,71.01,492.79999
7/1/2014,70.85,491.69999
7/2/2014,70.82,490.59998
7/3/2014,70.97,491.49994
7/7/2014,70.16,482.79999
7/8/2014,69.66,482.19986
7/9/2014,70.67,482.6999
7/10/2014,69.35,473.99994
7/11/2014,68.99,468.99994
7/14/2014,69.8,475.29999
7/15/2014,70.26,473.29987
7/16/2014,71.86,479.39988
7/17/2014,70.35,473.29987
7/18/2014,70.93,473.39997
7/21/2014,71,472.89994
7/22/2014,73.29,478.69996
7/23/2014,74.02,478.99994
7/24/2014,73.41,475.09995
7/25/2014,73.41,473.29987
7/28/2014,72.64,468.99994
7/29/2014,71.22,467.09992
7/30/2014,70.74,463.09998
7/31/2014,68.99,448.9
8/1/2014,68.72,446.2999
8/4/2014,70.09,450.69993
8/5/2014,67.72,442.5
8/6/2014,67.96,442.19986
8/7/2014,67.37,439.49997
8/8/2014,68.31,445.89997
8/11/2014,69.42,447.6999
8/12/2014,69.02,444.09989
8/13/2014,69.54,445.89997
8/14/2014,67.34,439.49997
8/15/2014,68.42,443.69996
8/18/2014,68.87,445.69993
8/19/2014,68.77,448.29987
8/20/2014,68.78,447.6999
8/21/2014,68.34,447.6999
8/22/2014,67.47,443.99994
8/25/2014,68.55,447.6999
8/26/2014,69.81,453.19993
8/27/2014,68.48,455.39994
8/28/2014,67.38,452.79999
8/29/2014,67.61,457.59995
9/2/2014,67.49,451.19996
9/3/2014,67.58,451.2999
9/4/2014,66.55,439.69986
9/5/2014,67.45,442.19986
9/8/2014,66.31,434.79996
9/9/2014,65.83,432.19986
9/10/2014,66.71,433.7999
9/11/2014,67.07,437.6999
9/12/2014,65.86,429.19999
9/15/2014,66.28,429.39988
9/16/2014,67.29,432.09992
9/17/2014,66.24,429.59992
9/18/2014,66.33,427.39991
9/19/2014,66.51,422.6999
9/22/2014,64.68,413.39997
9/23/2014,64.8,413.29987
9/24/2014,64.72,414.19999
9/25/2014,63.66,406.99997
9/26/2014,65.88,412.19986
9/29/2014,65.61,409.29993
9/30/2014,64.51,401.69999
10/1/2014,62.47,390.99991
10/2/2014,61.44,386.2999
10/3/2014,61.86,381.2999
10/6/2014,61.68,380.99991
10/7/2014,61.21,378.03986
10/8/2014,60.41,377.79999
10/9/2014,57.28,359.79996
10/10/2014,54.29,351.69999
10/13/2014,50.26,340.49988
10/14/2014,49.63,333.99994
10/15/2014,50.64,341.09986
10/16/2014,51.17,349.49997
10/17/2014,52.6,346.4
10/20/2014,52.92,351.69999
10/21/2014,55.66,361.19996
10/22/2014,54.43,349.49997
10/23/2014,55.85,357.99988
10/24/2014,55.78,354.15787
10/27/2014,52.39,341.09986
10/28/2014,53.26,351.49994
10/29/2014,54.42,353.19993
10/30/2014,53.92,351.49994
10/31/2014,55.14,355.69993
11/3/2014,53.88,348.39997
11/4/2014,51.18,333.59986
11/5/2014,52.37,340.69993
11/6/2014,53.17,343.60001
11/7/2014,53.86,354.40003
11/10/2014,53.63,349.10004
11/11/2014,53.72,349.70002
11/12/2014,53.23,347.89994
11/13/2014,53.79,342.20002
11/14/2014,55.08,346.00007
11/17/2014,49.23,344.10004
11/18/2014,48.54,341.00007
11/19/2014,48.43,339.29993
11/20/2014,49.21,345.70008
11/21/2014,50.63,351.90003
11/24/2014,49.88,349.79996
11/25/2014,48.26,342.40006
11/26/2014,47.34,331.69999
11/28/2014,42.2,298.09998
12/1/2014,41.21,290.50004
12/2/2014,40.34,289.79996
12/3/2014,40.75,295.39994
12/4/2014,40.74,290.89997
12/5/2014,40.37,286.10001
12/8/2014,38.59,270.80002
12/9/2014,39.5,279.70002
12/10/2014,38.12,268.39997
12/11/2014,38.23,266.60004
12/12/2014,37.93,260
12/15/2014,37.82,257.70005
12/16/2014,38.11,262.5
12/17/2014,39.44,277.10007
12/18/2014,39.23,282.27997
12/19/2014,40.49,295.70008
12/22/2014,39.68,288.80005
12/23/2014,39.88,287.89994
12/24/2014,39.7,284.90006
12/26/2014,39.73,285.70008
12/29/2014,40,287.70005
12/30/2014,39.53,285.29999
12/31/2014,39.33,282.10007
1/2/2015,39.49,284.40003
1/5/2015,38.71,270.59998
1/6/2015,38.33,262.10007
1/7/2015,39.36,259.49997
1/8/2015,40.21,263.80005
1/9/2015,39.8,260.09995
1/12/2015,38.54,249.10004
1/13/2015,38.29,249.40003
1/14/2015,38.34,249.49997
1/15/2015,37.33,241.10001
1/16/2015,39.13,252.10007
1/20/2015,39.83,248.99994
1/21/2015,40.69,258.60001
1/22/2015,40.82,257.79999
1/23/2015,40.99,254.10004
1/26/2015,41.46,259.60007
1/27/2015,41.5,261.90003
1/28/2015,39.47,245.89997
1/29/2015,39.57,243.80005
1/30/2015,39.99,249.49997
2/2/2015,41.51,259.60007
2/3/2015,43.32,273.69996
2/4/2015,42.39,264.10004
2/5/2015,43.35,270.09995
2/6/2015,43.36,273.20008
2/9/2015,43.51,280.39994
2/10/2015,42.6,270.20005
2/11/2015,42.15,265.29999
2/12/2015,42.77,265.39994
2/13/2015,44.19,276.4
2/17/2015,44.87,281.49994
2/18/2015,44.39,279.90006
2/19/2015,44.24,279.19999
2/20/2015,43.36,273.99994
2/23/2015,43.22,267.5
2/24/2015,43.12,265.50004
2/25/2015,43.68,267.10007
2/26/2015,42.7,262.5
2/27/2015,42.94,266.69999
3/2/2015,42.99,263.69996
3/3/2015,43.11,267.5
3/4/2015,43.07,268.09998
3/5/2015,42.94,266.79993
3/6/2015,42.38,260.20005
3/9/2015,42.04,254.49997
3/10/2015,41.31,247.59995
3/11/2015,41.31,249.79996
3/12/2015,40.99,248.20008
3/13/2015,40.18,242.59995
3/16/2015,40.52,239.90006
3/17/2015,40.28,239.29993
3/18/2015,41.59,248.20008
3/19/2015,41.55,242.29996
3/20/2015,42.82,246.99997
3/23/2015,42.4,247.59995
3/24/2015,42.53,248.20008
3/25/2015,43.46,252.5
3/26/2015,43.18,252.59995
3/27/2015,43.26,249.60007
3/30/2015,43.82,252.10007
3/31/2015,43.88,251.49994
4/1/2015,43.82,253.39997
4/2/2015,43.96,256.60004
4/6/2015,45.88,268.69996
4/7/2015,44.52,270.39994
4/8/2015,44.22,268.60001
4/9/2015,46.04,276.4
4/10/2015,46.26,276.4
4/13/2015,45.44,274.49997
4/14/2015,46.2,283.30002
4/15/2015,48.26,297.70005
4/16/2015,47.83,293.20008
4/17/2015,46.89,285.89997
4/20/2015,47.85,285.20005
4/21/2015,47.05,275.59998
4/22/2015,47.11,278.20008
4/23/2015,48.17,283.00004
4/24/2015,48,278.09998
4/27/2015,48.43,281.49994
4/28/2015,48.59,282.59995
4/29/2015,49.21,291.49994
4/30/2015,48.95,300.09995
5/1/2015,49.11,299.70002
5/4/2015,49.2,298.20008
5/5/2015,48.04,300.09995
5/6/2015,47.67,299.10004
5/7/2015,46.35,289.19999
5/8/2015,48.11,296.00007
5/11/2015,47.19,291.00007
5/12/2015,47.49,295.39994
5/13/2015,47.29,294.60007
5/14/2015,46.44,290.09995
5/15/2015,46.7,289.79996
5/18/2015,46.72,288.9
5/19/2015,45.07,280.20005
5/20/2015,44.97,282.5
5/21/2015,46.16,290
5/22/2015,45.91,287.70005
5/26/2015,45.45,280.70008
5/27/2015,45.62,281.30005
5/28/2015,45.35,279.79996
5/29/2015,45.4,278.09998
6/1/2015,45.24,276.00007
6/2/2015,45.92,282.59995
6/3/2015,45.62,281.90003
6/4/2015,44.71,276.69999
6/5/2015,45.73,281.99997
6/8/2015,45.42,279.49997
6/9/2015,45.28,278.99994
6/10/2015,46.24,286.99997
6/11/2015,45.62,282.20002
6/12/2015,45.48,279.29993
6/15/2015,45.55,276.30005
6/16/2015,45.42,276.90003
6/17/2015,45.71,276.60004
6/18/2015,44.58,270
6/19/2015,43.85,264.70002
6/22/2015,44.11,266.30005
6/23/2015,44.49,269.40003
6/24/2015,44.25,266.90003
6/25/2015,43.5,262.29996
6/26/2015,43.12,264.70002
6/29/2015,42.69,260.09995
6/30/2015,43.07,260.59998
7/1/2015,41.56,251.00007
7/2/2015,41.91,251.99997
7/6/2015,40.72,245.09995
7/7/2015,41.88,249.70002
7/8/2015,40.94,241.49994
7/9/2015,41.31,243.80005
7/10/2015,41.33,241.90003
7/13/2015,41.87,244.49997
7/14/2015,42.56,249.70002
7/15/2015,41.07,238.9
7/16/2015,40.21,237.10007
7/17/2015,39.99,229.40003
7/20/2015,40.72,226.30005
7/21/2015,41.86,226.00007
7/22/2015,41.54,220
7/23/2015,42.33,224.19999
7/24/2015,41.72,215.89997
7/27/2015,40.98,211.4
7/28/2015,41.92,218.69996
7/29/2015,43.29,226.19996
7/30/2015,42.29,222.40006
7/31/2015,41.79,216.79993
8/3/2015,40.12,211.69999
8/4/2015,39.6,210
8/5/2015,40.61,209.90006
8/6/2015,40.85,219.90006
8/7/2015,39.76,211.99997
8/10/2015,41.62,224.29993
8/11/2015,41.95,220.80002
8/12/2015,42.71,224.49997
8/13/2015,41.76,215.20005
8/14/2015,41.99,211.49994
8/17/2015,41.29,210.80002
8/18/2015,41.01,210.20005
8/19/2015,39.3,202.10007
8/20/2015,37.7,194.90006
8/21/2015,35.69,189.29993
8/24/2015,33.56,179.19999
8/25/2015,33.47,179.49997
8/26/2015,34.43,186.69999
8/27/2015,38.04,202.20002
8/28/2015,38.59,210.70008
8/31/2015,39.35,217.20002
9/1/2015,37.95,208.09998
9/2/2015,38.17,207.10007
9/3/2015,38.08,208.9
9/4/2015,36.85,204.29993
9/8/2015,37.95,207.40006
9/9/2015,37.15,199.79996
9/10/2015,37.58,200.89997
9/11/2015,37.2,195.39994
9/14/2015,36.88,194.49997
9/15/2015,37.01,199.49997
9/16/2015,38.65,208.20008
9/17/2015,38.7,207.5
9/18/2015,37.38,195.89997
9/21/2015,37.45,194.29993
9/22/2015,37.46,193.00004
9/23/2015,37.3,188.09998
9/24/2015,37,188.09998
9/25/2015,36.7,185.29999
9/28/2015,34.93,177.40006
9/29/2015,34.68,178.80005
9/30/2015,35.35,177.79999
10/1/2015,34.91,174.60007
10/2/2015,36.8,187.40006
10/5/2015,37.71,197.79999
10/6/2015,39.04,210.80002
10/7/2015,39.86,211.69999
10/8/2015,40.41,217.59995
10/9/2015,39.65,218.9
10/12/2015,38.87,208.30002
10/13/2015,38.47,206.4
10/14/2015,38.72,209.40003
10/15/2015,39.26,212.5
10/16/2015,37.81,206.69999
10/19/2015,37.36,201.79993
10/20/2015,37.68,208.39997
10/21/2015,38.4,204.10004
10/22/2015,39.71,207.59995
10/23/2015,39.21,206.00007
10/26/2015,38.55,197.89994
10/27/2015,37.48,191.30005
10/28/2015,38.27,200.70008
10/29/2015,38.19,196.30005
10/30/2015,38.38,199.40003
11/2/2015,39.29,207.89994
11/3/2015,40.05,217.10007
11/4/2015,39.21,214.19999
11/5/2015,38.41,208.69996
11/6/2015,39.35,210.29999
11/9/2015,39.1,208.60001
11/10/2015,38.91,209.60007
11/11/2015,38.1,202.10007
11/12/2015,37.49,196.69999
11/13/2015,37.39,198.30002
11/16/2015,38.49,203.69996
11/17/2015,38.11,198.24997
11/18/2015,38.88,204.79996
11/19/2015,38.04,197.70005
11/20/2015,38,195.09995
11/23/2015,38.35,198.09998
11/24/2015,39.74,207.40006
11/25/2015,39.31,207.10007
11/27/2015,39.13,201.69999
11/30/2015,39.85,206.10001
12/1/2015,40.4,207.89994
12/2/2015,38.95,200.70008
12/3/2015,38.01,200.59998
12/4/2015,37.9,193.39997
12/7/2015,36.57,184.40003
12/8/2015,36.27,182.5
12/9/2015,38.3,184.19999
12/10/2015,38.15,186.49994
12/11/2015,36.96,178.39997
12/14/2015,36.55,177.70005
12/15/2015,37.1,185
12/16/2015,35.86,182.89994
12/17/2015,34.18,175
12/18/2015,33.44,168.69996
12/21/2015,33.4,168.80005
12/22/2015,34.02,175.80002
12/23/2015,35.45,185.70008
12/24/2015,35.15,182.89994
12/28/2015,34.3,175.59998
12/29/2015,34.5,177.29996
12/30/2015,34.13,173.9
12/31/2015,34.04,175.39994
1/4/2016,34.48,178.20008
1/5/2016,34.4,172.89994
1/6/2016,33.42,163.09998
1/7/2016,32.91,157
1/8/2016,32.46,153.95001
1/11/2016,31.55,149
1/12/2016,31.47,148.2
1/13/2016,30.46,142.9
1/14/2016,31.84,149.05
1/15/2016,30.85,143.40001
1/19/2016,29.79,136.80001
1/20/2016,28.48,134.60001
1/21/2016,29.29,140.7
1/22/2016,30.19,144.4
1/25/2016,29.28,135.7
1/26/2016,28.94,141.30001
1/27/2016,29.06,143.7
1/28/2016,30.45,148.40001
1/29/2016,31.79,154.9
2/1/2016,31.62,149.30001
2/2/2016,30.52,141.00001
2/3/2016,31.96,145
2/4/2016,32.43,152.8
2/5/2016,31.35,150.3
2/8/2016,30.83,146.1
2/9/2016,29.59,137.20001
2/10/2016,29.59,133.50001
2/11/2016,28.8,130.60001
2/12/2016,29.11,133.80001
2/16/2016,29.94,136.2
2/17/2016,31.4,144.60001
2/18/2016,31.46,143.40001
2/19/2016,31.37,141.00001
2/22/2016,32.88,146.9
2/23/2016,32.09,141.1
2/24/2016,32.46,140.8
2/25/2016,32.5,138.80001
2/26/2016,32.81,146.80001
2/29/2016,32.28,150.20001
3/1/2016,33.02,152.5
3/2/2016,33.66,160.89997
3/3/2016,34.17,171.30005
3/4/2016,34.88,178.39997
3/7/2016,35.84,185.39994
3/8/2016,34.48,171.00007
3/9/2016,34.69,171.10001
3/10/2016,34.51,169.70002
3/11/2016,36.12,178.9
3/14/2016,35.5,175.09995
3/15/2016,34.99,171.4
3/16/2016,35.47,174.40003
3/17/2016,36.38,181.90003
3/18/2016,36.3,176.30005
3/21/2016,36.38,178.50007
3/22/2016,35.97,174.55002
3/23/2016,35.03,168.09998
3/24/2016,35.22,169.79996
3/28/2016,35.09,169.79996
3/29/2016,35.02,170.09995
3/30/2016,36.02,171.19996
3/31/2016,35.72,173.00004
4/1/2016,35.09,167.5
4/4/2016,34,164.60007
4/5/2016,34.4,163.99994
4/6/2016,36.44,167.29996
4/7/2016,36.25,162.59995
4/8/2016,37.33,167.89994
4/11/2016,37.22,168.60001
4/12/2016,37.66,176.90003
4/13/2016,38.31,179.19999
4/14/2016,38.38,176.75004
4/15/2016,38.27,175
4/18/2016,38.99,178.20008
4/19/2016,40.04,186.10001
4/20/2016,40.34,186.99997
4/21/2016,40.33,185.70008
4/22/2016,40.84,190.89997
4/25/2016,40.04,184.79996
4/26/2016,40.22,185.50004
4/27/2016,41.04,192.70005
4/28/2016,41.04,191.60004
4/29/2016,41.31,195.09995
5/2/2016,42.05,192.5
5/3/2016,40.44,185.20005
5/4/2016,39.86,180.39994
5/5/2016,39.94,177.29996
5/6/2016,39.44,182.59995
5/9/2016,38.69,172.10007
5/10/2016,38.84,176.19996
5/11/2016,39.54,176.90003
5/12/2016,40.05,176.60004
5/13/2016,39.06,171.60004
5/16/2016,40.18,177.59995
5/17/2016,41.17,180
5/18/2016,40.28,174.10004
5/19/2016,40.14,171.99997
5/20/2016,40.91,175.89997
5/23/2016,41.46,174.40003
5/24/2016,41.42,174.90006
5/25/2016,42.45,183.09998
5/26/2016,42.64,179.19999
5/27/2016,42.58,180.89997
5/31/2016,42.18,181.4
6/1/2016,42.15,179.90006
6/2/2016,42.13,177.40006
6/3/2016,42.85,179.49997
6/6/2016,44.89,195
6/7/2016,46.08,200.20005
6/8/2016,46.29,201.69999
6/9/2016,45.5,200.59998
6/10/2016,44.38,192.5
6/13/2016,44.28,190.59998
6/14/2016,43.99,190.29999
6/15/2016,43.98,189.49997
6/16/2016,43.19,184.70002
6/17/2016,44.11,190.59998
6/20/2016,43.79,190.80002
6/21/2016,44.62,192.79999
6/22/2016,44.66,191.90003
6/23/2016,45.84,198.20008
6/24/2016,43.92,186.99997
6/27/2016,41.88,174.49997
6/28/2016,43.27,180.09995
6/29/2016,44.59,184.90006
6/30/2016,45.29,187.40006
7/1/2016,45.56,194.29993
7/5/2016,43.53,183.69996
7/6/2016,43.65,182.70005
7/7/2016,43.55,181.69999
7/8/2016,45.03,185.80002
7/11/2016,44.48,183.50007
7/12/2016,46.03,194.19999
7/13/2016,45.21,188.09998
7/14/2016,45.81,189.70002
7/15/2016,45.46,188.99994
7/18/2016,45.61,189.70002
7/19/2016,44.99,186.00007
7/20/2016,44.28,186.79993
7/21/2016,43.54,183.60001
7/22/2016,43.83,181.69999
7/25/2016,42.54,176.10001
7/26/2016,43.24,179.19999
7/27/2016,42.92,175.80002
7/28/2016,42.77,174.19999
7/29/2016,43.66,176.79993
8/1/2016,42.28,168.9
8/2/2016,42.06,169.19999
8/3/2016,42.94,173.80005
8/4/2016,42.99,174.70002
8/5/2016,43.71,178.39997
8/8/2016,44.26,183.99994
8/9/2016,44.05,181.99997
8/10/2016,43.76,176.90003
8/11/2016,44.08,180.20005
8/12/2016,43.84,177.40006
8/15/2016,44.45,183.00004
8/16/2016,44.62,183.09006
8/17/2016,45.1,182.10007
8/18/2016,46.46,188.50007
8/19/2016,46.85,186.69999
8/22/2016,45.08,181.99997
8/23/2016,44.99,183.69996
8/24/2016,44.35,180
8/25/2016,44.57,180.20005
8/26/2016,44.56,179.19999
8/29/2016,44.74,179.90006
8/30/2016,44.07,177.89994
8/31/2016,43.01,175.39994
9/1/2016,43.21,173.39997
9/2/2016,43.32,175.70008
9/6/2016,43.73,178.60001
9/7/2016,43.57,177.79999
9/8/2016,44.12,183.99994
9/9/2016,41.95,173.80005
9/12/2016,42.4,175.80002
9/13/2016,41.11,168.99994
9/14/2016,41.26,167.59995
9/15/2016,41.77,169.79996
9/16/2016,41.04,168.09998
9/19/2016,41.28,167.59995
9/20/2016,41.26,166.10001
9/21/2016,42.72,172.5
9/22/2016,42.65,175.80002
9/23/2016,41.84,170.29999
9/26/2016,41.38,171.19996
9/27/2016,40.95,168.9
9/28/2016,42.79,181.60004
9/29/2016,44.18,186.90003
9/30/2016,44.88,190.39994
10/3/2016,44.9,189.49997
10/4/2016,44.59,186.49994
10/5/2016,45.72,193.56598
10/6/2016,46.37,194.60007
10/7/2016,46.26,193.69996
10/10/2016,47.26,199.40003
10/11/2016,46.64,196.10001
10/12/2016,46.96,194.70002
10/13/2016,47.02,194.60007
10/14/2016,46.97,192.5
10/17/2016,46.32,190.80002
10/18/2016,47.07,192.59995
10/19/2016,49.07,197.70005
10/20/2016,48.75,197.20002
10/21/2016,48.43,196.30005
10/24/2016,48.24,193.09998
10/25/2016,47.77,189.10004
10/26/2016,47.62,188.00004
10/27/2016,47.55,185.59998
10/28/2016,46.58,181.60004
10/31/2016,46,176.60004
11/1/2016,46.23,176.49994
11/2/2016,45.93,171.79993
11/3/2016,46.58,174.10004
11/4/2016,46.38,172.40006
11/7/2016,47.44,175.70008
11/8/2016,47.12,174.79996
11/9/2016,47.82,182.59995
11/10/2016,48.81,184.60007
11/11/2016,48.01,182.79999
11/14/2016,48.14,187.5
11/15/2016,49.76,193.60001
11/16/2016,48.76,192.5
11/17/2016,48.6,192.29996
11/18/2016,49.31,193.00004
11/21/2016,50.1,198.20008
11/22/2016,49.84,198.60001
11/23/2016,49.47,201.4
11/25/2016,49.51,198.20008
11/28/2016,48.8,193.80005
11/29/2016,47.79,188.30002
11/30/2016,53.09,211.99997
12/1/2016,53.24,216.30005
12/2/2016,54.17,216.79993
12/5/2016,53.9,223.9
12/6/2016,54.02,225.70008
12/7/2016,53.54,224.19999
12/8/2016,54.43,228.39997
12/9/2016,54.2,233.00004
12/12/2016,54.49,233.50007
12/13/2016,54.9,233.30002
12/14/2016,53.51,224.70002
12/15/2016,53.79,226.99997
12/16/2016,53.99,226.19996
12/19/2016,53.72,226.19996
12/20/2016,53.33,228.09998
12/21/2016,54.96,227.40006
12/22/2016,55.07,225.89997
12/23/2016,54.84,225.59998
12/27/2016,54.91,228.99994
12/28/2016,54.3,224.29993
12/29/2016,54.04,223.50007
12/30/2016,54.09,223.50007
1/3/2017,55.68,229.49997
1/4/2017,55.89,234.29993
1/5/2017,56.21,235
1/6/2017,56.66,237.20002
1/9/2017,56.07,233.60001
1/10/2017,54.64,230.59998
1/11/2017,55.39,235.80002
1/12/2017,55.18,233.30002
1/13/2017,54.54,230.09995
1/17/2017,55.01,232.40006
1/18/2017,55.13,230.39994
1/19/2017,55.34,229.60007
1/20/2017,56.45,232.59995
1/23/2017,54.8,226.79993
1/24/2017,56.62,230.70008
1/25/2017,57.41,236.19996
1/26/2017,58.06,233.39997
1/27/2017,58.21,229.90006
1/30/2017,56.48,221.60004
1/31/2017,56.57,224.60007
2/1/2017,56.23,225.09995
2/2/2017,56.29,223.39997
2/3/2017,56.58,230.59998
2/6/2017,56.1,223.69996
2/7/2017,54.88,220.20005
2/8/2017,55.44,219.90006
2/9/2017,56.68,222.20002
2/10/2017,56.13,224.70002
2/13/2017,56.32,224.90006
2/14/2017,56.54,230.20005
2/15/2017,55.77,225.50004
2/16/2017,54.31,221.10001
2/17/2017,53.71,217.70005
2/21/2017,53.84,220.89997
2/22/2017,53.06,218.00004
2/23/2017,53.19,218.99994
2/24/2017,52.87,213.99994
2/27/2017,53.2,218.80005
2/28/2017,53.46,214.10004
3/1/2017,54.7,220.09995
3/2/2017,53.87,214.29993
3/3/2017,53.87,212.5
3/6/2017,53.8,210.70008
3/7/2017,52.97,206.99997
3/8/2017,51.29,198.80005
3/9/2017,50.89,195.39994
3/10/2017,50.91,196.10001
3/13/2017,50.88,196.00007
3/14/2017,49.8,191.4
3/15/2017,51.54,198.60001
3/16/2017,50.92,196.79993
3/17/2017,50.78,195.89997
3/20/2017,50.64,194.66507
3/21/2017,50.15,191.69999
3/22/2017,49.83,190.80002
3/23/2017,49.71,190.70008
3/24/2017,49.41,189.60007
3/27/2017,47.78,187.79999
3/28/2017,48.02,193.80005
3/29/2017,49.22,198.09998
3/30/2017,49.02,198.30002
3/31/2017,49.21,200.89997
4/3/2017,49.28,198.00004
4/4/2017,49.55,199.70002
4/5/2017,49.85,197.89994
4/6/2017,50.15,202.20002
4/7/2017,49.68,199.40003
4/10/2017,49.97,203.9
4/11/2017,50.01,203.60001
4/12/2017,49.33,198.39997
4/13/2017,48.38,191.79993
4/17/2017,48.84,191.79993
4/18/2017,48.53,190.39994
4/19/2017,47.43,184.40003
4/20/2017,47.69,184.79996
4/21/2017,47.06,182.5
4/24/2017,46.75,182.10007
4/25/2017,47.02,185.39994
4/26/2017,46.99,186.69999
4/27/2017,46.4,180.09995
4/28/2017,45.88,177.5
5/1/2017,45.77,174.79996
5/2/2017,45.3,172.70005
5/3/2017,45.25,172.70005
5/4/2017,44.6,165.89997
5/5/2017,45.58,174.29993
5/8/2017,45.36,173.50007
5/9/2017,45.03,172.40006
5/10/2017,45.81,177.59995
5/11/2017,45.61,175.80002
5/12/2017,45.14,171.4
5/15/2017,46.51,175.20005
5/16/2017,46.78,175
5/17/2017,46.34,170.70008
5/18/2017,46.58,172.79999
5/19/2017,47.78,177.79999
5/22/2017,47.12,176.99997
5/23/2017,47.6,176.49994
5/24/2017,47.71,173.00004
5/25/2017,45.41,162.79999
5/26/2017,45.76,163.09998
5/30/2017,45.15,160.59998
5/31/2017,45.19,160.59998
6/1/2017,45.49,163.30002
6/2/2017,45.3,161.00007
6/5/2017,45.32,161.79993
6/6/2017,46,164.40003
6/7/2017,44.4,155.3
6/8/2017,44.13,155.90001
6/9/2017,44.85,161.4
6/12/2017,44.92,163.39997
6/13/2017,45.84,167.79999
6/14/2017,44.83,160
6/15/2017,44.08,156.5
6/16/2017,44.27,158.6
6/19/2017,43.97,158.2
6/20/2017,43.4,154.1
6/21/2017,42.23,146.80001
6/22/2017,41.9,147
6/23/2017,41.5,149.5
6/26/2017,41.7,150
6/27/2017,41.53,150.50001
6/28/2017,42.01,152.60001
6/29/2017,42.42,155.3
6/30/2017,42.71,154.70001
7/3/2017,43.72,161.19996
7/5/2017,42.86,154.5
7/6/2017,42.02,150.10001
7/7/2017,41.78,147.5
7/10/2017,42.32,151.1
7/11/2017,42.71,153.10001
7/12/2017,42.78,152.3
7/13/2017,43.77,156.40001
7/14/2017,44.22,158.6
7/17/2017,44.11,159
7/18/2017,44,157.70001
7/19/2017,45.58,165.70008
7/20/2017,45.38,160.59998
7/21/2017,44.38,155.7
7/24/2017,42.51,153.00001
7/25/2017,42.69,155.8
7/26/2017,43.32,156.70001
7/27/2017,43.09,157.3
7/28/2017,42.93,155
7/31/2017,42.44,153.2
8/1/2017,42.45,150.8
8/2/2017,42.85,151.2
8/3/2017,42.03,152.3
8/4/2017,41.99,152.4
8/7/2017,41.45,146.9
8/8/2017,41.03,144
8/9/2017,41.29,141.2
8/10/2017,40.51,138.3
8/11/2017,40.02,138.2
8/14/2017,39.91,137
8/15/2017,39.55,134.30001
8/16/2017,39.32,131.30001
8/17/2017,38.69,129.60001
8/18/2017,38.99,131.70001
8/21/2017,38.74,129.60001
8/22/2017,38.66,131.5
8/23/2017,39.03,133.00001
8/24/2017,38.79,132
8/25/2017,39.01,134.8
8/28/2017,38.79,133.2
8/29/2017,38.72,135.10001
8/30/2017,38.67,134.20001
8/31/2017,38.97,135
9/1/2017,38.9,137.8
9/5/2017,39.83,141.40001
9/6/2017,41.01,143.90001
9/7/2017,41.31,143.80001
9/8/2017,40.29,140.3
9/11/2017,40.63,143.00001
9/12/2017,41.26,147.5
9/13/2017,41.8,151.80001
9/14/2017,42.18,152.70001
9/15/2017,42.31,151.40001
9/18/2017,42.62,153.3
9/19/2017,42.81,153.40001
9/20/2017,43.61,157.8
9/21/2017,43.48,155.20001
9/22/2017,44.25,157.10001
9/25/2017,44.69,162.40006
9/26/2017,44.64,164.60007
9/27/2017,45.58,165.09995
9/28/2017,45.83,165.59998
9/29/2017,46.03,165.80002
10/2/2017,45.53,163.69996
10/3/2017,44.93,163.60001
10/4/2017,45.18,163.09998
10/5/2017,45.09,165.05005
10/6/2017,44.75,160.89997
10/9/2017,44.93,161.60004
10/10/2017,45.03,160.89997
10/11/2017,45.51,161.19996
10/12/2017,44.76,157.9
10/13/2017,44.72,158.7
10/16/2017,44.61,158.3
10/17/2017,44.46,156.5
10/18/2017,43.77,153.00001
10/19/2017,43.42,150.90001
10/20/2017,43.33,149.9
10/23/2017,42.24,146.6
10/24/2017,41.37,147.20001
10/25/2017,41.46,146.00001
10/26/2017,41.24,146.30001
10/27/2017,42.43,148.80001
10/30/2017,42.93,151.30001
10/31/2017,42.74,154.5
11/1/2017,43.05,155.3
11/2/2017,42.69,155.20001
11/3/2017,43.23,157.70001
11/6/2017,45.08,165.50004
11/7/2017,45.27,164.79996
11/8/2017,45.12,164.79996
11/9/2017,45.01,166.4
11/10/2017,44.58,165.39994
11/13/2017,44.21,161.69999
11/14/2017,42.94,154.30001
11/15/2017,41.69,152.10001
11/16/2017,41.51,151.70001
11/17/2017,41.77,155.10001
11/20/2017,41.57,154.30001
11/21/2017,41.17,154.30001
11/22/2017,41.43,156.70001
11/24/2017,41.58,156.30001
11/27/2017,41.07,153.3
11/28/2017,41.02,154.4
11/29/2017,41.3,154.8
11/30/2017,41.78,158.40001
12/1/2017,43.06,164.60007
12/4/2017,43.89,164.60007
12/5/2017,43.63,161.10001
12/6/2017,43.38,155.3
12/7/2017,43.46,156.5
12/8/2017,43.99,157.8
12/11/2017,45.16,160.09995
12/12/2017,45.24,161.00007
12/13/2017,44.76,159.20001
12/14/2017,44.41,156.5
12/15/2017,44.61,155.10001
12/18/2017,45.48,159.30001
12/19/2017,45.87,159.30001
12/20/2017,47.42,163.69996
12/21/2017,48.17,169.40003
12/22/2017,48.01,168.9
12/26/2017,48.77,172.59995
12/27/2017,48.82,171.4
12/28/2017,48.57,170.70008
12/29/2017,48.87,171.30005
1/2/2018,49.61,174.60007
1/3/2018,50.5,178.9
1/4/2018,51.63,182.79999
1/5/2018,51.82,182.29996
1/8/2018,52.29,186.49994
1/9/2018,52.11,184.40003
1/10/2018,52.47,185.29999
1/11/2018,53.33,191.10001
1/12/2018,53.14,191.90003
1/16/2018,52.13,186.90003
1/17/2018,52.85,187.89994
1/18/2018,52.36,183.39997
1/19/2018,53.01,185.29999
1/22/2018,56.4,189.49997
1/23/2018,56.83,189.19999
1/24/2018,55.34,186.99997
1/25/2018,55.2,184.40003
1/26/2018,55.61,183.80005
1/29/2018,54.8,179.29993
1/30/2018,54.14,176.90003
1/31/2018,53.7,175.20005
2/1/2018,54.51,178.50007
2/2/2018,52.19,169.60007
2/5/2018,50.04,162.89994
2/6/2018,50.63,166.00007
2/7/2018,49.69,159.70001
2/8/2018,47.41,151.00001
2/9/2018,46.7,148.6
2/12/2018,47.92,151.70001
2/13/2018,47.39,149.4
2/14/2018,47.87,153.3
2/15/2018,46.89,152.60001
2/16/2018,47.5,153.6
2/20/2018,47.16,152.4
2/21/2018,46.55,150.10001
2/22/2018,47.13,153.00001
2/23/2018,48.45,157
2/26/2018,48.23,156.70001
2/27/2018,47.62,152.9
2/28/2018,46.42,146.70001
3/1/2018,46.03,147.20001
3/2/2018,46.03,149.1
3/5/2018,46.26,152.70001
3/6/2018,45.92,153.2
3/7/2018,45.83,151.40001
3/8/2018,46.01,152
3/9/2018,46.99,155.8
3/12/2018,46.92,156.70001
3/13/2018,46.1,154.5
3/14/2018,46.24,153.7
3/15/2018,45.29,149.70001
3/16/2018,45.91,153.10001
3/19/2018,44.68,148.7
3/20/2018,45.49,149.20001
3/21/2018,47.11,156.80001
3/22/2018,46.38,151.6
3/23/2018,46.44,150
3/26/2018,47.21,150.20001
3/27/2018,46.88,145.10001
3/28/2018,46.05,141.70001
3/29/2018,46.94,145.60001
4/2/2018,46.09,141.40001
4/3/2018,46.8,144.70001
4/4/2018,46.78,145.3
4/5/2018,47.68,150.90001
4/6/2018,47,146.9
4/9/2018,46.56,145.8
4/10/2018,48.82,155.20001
4/11/2018,49.59,160.59998
4/12/2018,50.21,162.5
4/13/2018,50.78,163.50007
4/16/2018,50.76,163.60001
4/17/2018,50.89,164.60007
4/18/2018,52.09,169.49997
4/19/2018,52.01,168.60001
4/20/2018,51.96,167.40006
4/23/2018,52.05,169.40003
4/24/2018,51.37,168.9
4/25/2018,51.75,170.09995
4/26/2018,52.6,173.09998
4/27/2018,52.83,171.30005
4/30/2018,52.99,170.70008
5/1/2018,52.44,168.99994
5/2/2018,52.64,171.30005
5/3/2018,52.31,169.10004
5/4/2018,52.19,171.10001
5/7/2018,52.03,172.89994
5/8/2018,51.87,175.50004
5/9/2018,52.7,180.29999
5/10/2018,52.71,180.29999
5/11/2018,52.28,179.10004
5/14/2018,52.5,180.50004
5/15/2018,52.72,182.40006
5/16/2018,52.97,185
5/17/2018,54.37,188.80005
5/18/2018,54.32,187.59995
5/21/2018,54.4,188.50007
5/22/2018,53.24,185.39994
5/23/2018,52.92,182.79999
5/24/2018,52.27,179.40003
5/25/2018,50.19,171.60004
5/29/2018,49.76,171.79993
5/30/2018,50.41,176.90003
5/31/2018,49.74,173.00004
6/1/2018,49.08,171.90003
6/4/2018,47.95,169.29993
6/5/2018,47.87,170.70008
6/6/2018,48.3,171.49994
6/7/2018,48.93,175.70008
6/8/2018,48.1,171.10001
6/11/2018,47.86,170.29999
6/12/2018,47.86,169.29993
6/13/2018,47.67,168.69996
6/14/2018,47.73,166.99997
6/15/2018,46.6,162.20002
6/18/2018,46.62,164.40003
6/19/2018,46.11,165.09995
6/20/2018,45.71,165.70008
6/21/2018,44.92,161.4
6/22/2018,46.22,167.79999
6/25/2018,45.24,162.79999
6/26/2018,45.34,166.30005
6/27/2018,45.84,170.59998
6/28/2018,45.63,169.60007
6/29/2018,45.06,169.60007
7/2/2018,44.47,164.40003
7/3/2018,44.53,166.30005
7/5/2018,44.45,166.69999
7/6/2018,44.93,169.10004
7/9/2018,45.83,173.80005
7/10/2018,46.26,174.90006
7/11/2018,45.1,170
7/12/2018,44.92,169.70002
7/13/2018,45.35,170.89997
7/16/2018,44.96,167.79999
7/17/2018,45.06,167.79999
7/18/2018,44.8,166.79993
7/19/2018,44.96,166.00007
7/20/2018,45.2,164.79996
7/23/2018,41.54,161.79993
7/24/2018,40.35,161.99997
7/25/2018,39.82,161.90003
7/26/2018,41.31,165
7/27/2018,41.8,166.99997
7/30/2018,42.29,170.70008
7/31/2018,42.42,170.50004
8/1/2018,42.06,168.20008
8/2/2018,41.91,168.50007
8/3/2018,42.05,166.79993
8/6/2018,41.96,167.59995
8/7/2018,42.03,168.60001
8/8/2018,42.03,168.69996
8/9/2018,41.51,166.4
8/10/2018,41.94,168.39997
8/13/2018,40.85,163.69996
8/14/2018,40.67,163.9
8/15/2018,39.7,155.50001
8/16/2018,39.77,156.5
8/17/2018,39.97,158.00001
8/20/2018,40.4,160.89997
8/21/2018,40.91,163.69996
8/22/2018,41.2,166.00007
8/23/2018,40.83,164.70002
8/24/2018,40.81,166.00007
8/27/2018,41.01,166.49994
8/28/2018,40.67,164.90006
8/29/2018,40.72,166.60004
8/30/2018,40.22,162.89994
8/31/2018,39.89,162.40006
9/4/2018,39.48,160.50004
9/5/2018,37.13,156.9
9/6/2018,36.86,151.9
9/7/2018,36.8,152.8
9/10/2018,36.69,153.6
9/11/2018,37.35,157.3
9/12/2018,38.14,160.89997
9/13/2018,38.43,158.80001
9/14/2018,38.63,160.80002
9/17/2018,38.71,158.50001
9/18/2018,39.16,161.60004
9/19/2018,40.06,163.80005
9/20/2018,40.39,164.40003
9/21/2018,40.71,166.10001
9/24/2018,41.06,168.00004
9/25/2018,41.36,169.60007
9/26/2018,41.08,165.70008
9/27/2018,40.59,166.69999
9/28/2018,40.53,167.20002
10/1/2018,41.05,168.80005
10/2/2018,41.71,168.80005
10/3/2018,41.8,171.90003
10/4/2018,41.89,170.20005
10/5/2018,42,170.29999
10/8/2018,42.01,171.30005
10/9/2018,42.14,174.49997
10/10/2018,40.64,163.9
10/11/2018,39.75,159.8
10/12/2018,39.6,160.59998
10/15/2018,39.8,161.79993
10/16/2018,40.08,163.60001
10/17/2018,39.56,160.70008
10/18/2018,38,154.5
10/19/2018,37.54,153.40001
10/22/2018,36.4,151.00001
10/23/2018,35.6,143.90001
10/24/2018,34.23,135.7
10/25/2018,34.74,137.9
10/26/2018,35.14,138.7
10/29/2018,34.42,132.9
10/30/2018,35.06,136.5
10/31/2018,34.68,135.90001
11/1/2018,34.77,136.6
11/2/2018,34.9,137.4
11/5/2018,35.75,139.8
11/6/2018,35.77,139.60001
11/7/2018,36.41,142.10001
11/8/2018,35.37,137.5
11/9/2018,34.98,135.20001
11/12/2018,34.16,128.80001
11/13/2018,32.27,123.90001
11/14/2018,32.25,124.60001
11/15/2018,32.45,128.00001
11/16/2018,32.46,128.6
11/19/2018,32.99,129.8
11/20/2018,31.44,122.9
11/21/2018,31.93,125.10001
11/23/2018,30.7,120.20001
11/26/2018,31.8,121.70001
11/27/2018,31.88,120.7
11/28/2018,32.17,122.5
11/29/2018,31.89,122
11/30/2018,31.43,118.6
12/3/2018,32.66,122.60001
12/4/2018,31.44,115.3
12/6/2018,29.79,109.8
12/7/2018,29.68,108.2
12/10/2018,29.28,104.30001
12/11/2018,28.8,103.3
12/12/2018,29.61,105.8
12/13/2018,29.91,103.10001
12/14/2018,29,98.900004
12/17/2018,29.09,97.9
12/18/2018,28.98,95.699997
12/19/2018,27.64,91.599999
12/20/2018,27.14,88.100005
12/21/2018,25.85,85.8
12/24/2018,25.14,83.3
12/26/2018,26.43,88.999997
12/27/2018,26.36,88.100005
12/28/2018,26.46,89.799996
12/31/2018,26.58,90.100003
1/2/2019,27.3,92.299996
1/3/2019,27.13,93.000002
1/4/2019,28.42,98.400002
1/7/2019,28.82,102.9
1/8/2019,29.2,103.10001
1/9/2019,30,106.70001
1/10/2019,30.87,107.10001
1/11/2019,30.7,106.2
1/14/2019,30.37,105.8
1/15/2019,30.35,107
1/16/2019,30.36,106.80001
1/17/2019,30.9,108.10001
1/18/2019,32.25,111.5
1/22/2019,31.26,107.10001
1/23/2019,31.05,104.4
1/24/2019,31.21,107.4
1/25/2019,32.1,111.30001
1/28/2019,31.23,108.3
1/29/2019,30.85,108.3
1/30/2019,31.57,110.4
1/31/2019,31.36,109.60001
2/1/2019,32.12,112.70001
2/4/2019,32.25,115.60001
2/5/2019,32.3,115.3
2/6/2019,32.03,115.20001
2/7/2019,30.5,110.60001
2/8/2019,29.7,109.4
2/11/2019,30.2,111.40001
2/12/2019,30.84,112.8
2/13/2019,31.4,112.8
2/14/2019,31.6,113.90001
2/15/2019,31.85,117
2/19/2019,31.7,117.9
2/20/2019,32.29,120.10001
2/21/2019,31.38,116.30001
2/22/2019,31.32,115.7
2/25/2019,31.75,116.2
2/26/2019,31.54,114.30001
2/27/2019,31.25,115.3
2/28/2019,30.69,113.50001
3/1/2019,30.93,116.1
3/4/2019,30.98,117.20001
3/5/2019,30.29,115.3
3/6/2019,28.84,111.00001
3/7/2019,27.93,108.80001
3/8/2019,27.47,106.40001
3/11/2019,27.89,109.70001
3/12/2019,28.09,112.4
3/13/2019,28.5,114.5
3/14/2019,28.47,115
3/15/2019,27.97,114.20001
3/18/2019,28.87,118.7
3/19/2019,29.26,117.4
3/20/2019,30.1,119
3/21/2019,30.04,119.30001
3/22/2019,28.73,112.9
3/25/2019,28.24,112.8
3/26/2019,28.47,114.60001
3/27/2019,28.56,113.7
3/28/2019,29.19,115.8
3/29/2019,29.3,115.50001
4/1/2019,30.14,119.5
4/2/2019,29.94,118.2
4/3/2019,29.93,116.40001
4/4/2019,30.42,117.70001
4/5/2019,30.97,121.2
4/8/2019,31.29,121.80001
4/9/2019,30.81,119.8
4/10/2019,31.04,120.90001
4/11/2019,31.2,120.3
4/12/2019,31.33,120
4/15/2019,31.29,119.30001
4/16/2019,31.81,122.3
4/17/2019,31.59,121.9
4/18/2019,31.13,120.4
4/22/2019,31.09,124.70001
4/23/2019,31.15,125.50001
4/24/2019,30.11,119.60001
4/25/2019,29.22,117
4/26/2019,28.85,116.30001
4/29/2019,28.77,115.7
4/30/2019,28.33,111.5
5/1/2019,27.59,108.00001
5/2/2019,27.74,107
5/3/2019,27.77,109.70001
5/6/2019,27.63,110.4
5/7/2019,26.94,107.5
5/8/2019,26.5,106.30001
5/9/2019,25.99,106.00001
5/10/2019,25.36,104.8
5/13/2019,24.65,98.999997
5/14/2019,25.43,102.4
5/15/2019,25.59,103.6
5/16/2019,25.88,104.60001
5/17/2019,25.18,100.8
5/20/2019,25.08,99.700003
5/21/2019,25.59,101.00001
5/22/2019,24.74,96.899996
5/23/2019,23.51,91.000004
5/24/2019,22.97,89.899998
5/28/2019,22.99,89.600001
5/29/2019,23.01,89.700003
5/30/2019,22.17,88.3
5/31/2019,21.29,86.300002
6/3/2019,21.6,88.199997
6/4/2019,21.96,89.399996
6/5/2019,21.19,87.600003
6/6/2019,21.55,87.700005
6/7/2019,21.63,88.800002
6/10/2019,21.76,89.099999
6/11/2019,22.08,89.600001
6/12/2019,21.07,84.899998
6/13/2019,21.66,88.000002
6/14/2019,21.38,84.600001
6/17/2019,21.97,87.200003
6/18/2019,22.22,89.099999
6/19/2019,21.81,90.299998
6/20/2019,22.88,93.900004
6/21/2019,22.84,93.800002
6/24/2019,22.51,91.499997
6/25/2019,22.5,91.400004
6/26/2019,23.2,93.999997
6/27/2019,22.73,93.800002
6/28/2019,22.74,96.099997
7/1/2019,22.95,96.999999
7/2/2019,22.65,93.3
7/3/2019,22.84,92.9
7/5/2019,23.03,93.999997
7/8/2019,23.25,93.999997
7/9/2019,23.57,93.000002
7/10/2019,23.6,96.400004
7/11/2019,23.85,95.699997
7/12/2019,23.75,95.699997
7/15/2019,23.46,93.000002
7/16/2019,22.88,91.300002
7/17/2019,21.78,88.500004
7/18/2019,21.68,87.5
7/19/2019,21.75,88.800002
7/22/2019,23.74,90.699997
7/23/2019,23.84,92.299996
7/24/2019,23.79,92.200003
7/25/2019,23.22,88.3
7/26/2019,23.03,88.199997
7/29/2019,22.18,85.200005
7/30/2019,23.2,91.099997
7/31/2019,23,92.299996
8/1/2019,21.66,85.8
8/2/2019,21,82.600003
8/5/2019,20.31,79.600001
8/6/2019,19.95,78.400002
8/7/2019,19.65,77.399998
8/8/2019,19.93,78.199997
8/9/2019,19.52,75.200005
8/12/2019,19.41,74.399996
8/13/2019,19.48,74.399996
8/14/2019,18.33,69.899998
8/15/2019,18.25,68.800002
8/16/2019,18.87,71.700001
8/19/2019,19.33,74.300004
8/20/2019,19.06,73.400002
8/21/2019,18.6,73.500004
8/22/2019,18.67,72.5
8/23/2019,17.72,68.599997
8/26/2019,17.5,69.200001
8/27/2019,17.31,68.500004
8/28/2019,18,70.4
8/29/2019,18.53,72.700005
8/30/2019,18.84,71.800004
9/3/2019,18.76,70.699997
9/4/2019,18.76,72.5
9/5/2019,19,75.900002
9/6/2019,19.09,75.900002
9/9/2019,19.95,80.699997
9/10/2019,20.03,81.999999
9/11/2019,20.05,82.799998
9/12/2019,19.75,81.300002
9/13/2019,20.27,81.800004
9/16/2019,22.49,89.499999
9/17/2019,21.03,84.499999
9/18/2019,20.81,81.499997
9/19/2019,20.92,80.200005
9/20/2019,20.44,80.200005
9/23/2019,20.61,80.699997
9/24/2019,19.49,76.400004
9/25/2019,19.44,76.000004
9/26/2019,19.27,74.200001
9/27/2019,18.73,72.9
9/30/2019,18.85,72.399998
10/1/2019,18.58,69.399996
10/2/2019,18.17,67.9
10/3/2019,18.64,68.900004
10/4/2019,18.55,67.9
10/7/2019,18.36,67.600003
10/8/2019,18.25,66.400004
10/9/2019,18.27,66.199999
10/10/2019,18.43,67.399998
10/11/2019,18.95,70.699997
10/14/2019,18.76,70
10/15/2019,18.7,70
10/16/2019,18.3,69.600001
10/17/2019,18.51,68.800002
10/18/2019,18.43,67.5
10/21/2019,19.61,69.399996
10/22/2019,19.9,70.900002
10/23/2019,20.21,71.300002
10/24/2019,19.91,69.700003
10/25/2019,20.48,71.000004
10/28/2019,20.3,70.500002
10/29/2019,20.38,71.499997
10/30/2019,19.44,68.3
10/31/2019,19.25,66.999999
11/1/2019,20.09,70.299998
11/4/2019,21.07,73.800002
11/5/2019,21.05,73.000002
11/6/2019,20.6,70.900002
11/7/2019,20.96,71.499997
11/8/2019,21.28,71.599999
11/11/2019,21.25,71.000004
11/12/2019,21.03,69.700003
11/13/2019,20.62,68.000002
11/14/2019,20.33,66.999999
11/15/2019,20.48,68.800002
11/18/2019,20.16,66.800004
11/19/2019,19.9,65.699997
11/20/2019,20.53,65.8
11/21/2019,21.13,67.399998
11/22/2019,20.99,67.799998
11/25/2019,21.34,70.200005
11/26/2019,20.83,68.199997
11/27/2019,21.41,69.700003
11/29/2019,20.99,68.500004
12/2/2019,21.29,68.699999
12/3/2019,20.79,66.899996
12/4/2019,21.47,69.700003
12/5/2019,21.42,69.399996
12/6/2019,22.33,72.700005
12/9/2019,22.57,73.100005
12/10/2019,22.79,73.100005
12/11/2019,23.38,73.900004
12/12/2019,24.3,76.400004
12/13/2019,23.99,75.8
12/16/2019,24.35,76.800004
12/17/2019,24.69,77.100001
12/18/2019,24.54,78.3
12/19/2019,24.48,79.899998
12/20/2019,24.49,78.900004
12/23/2019,24.89,81.499997
12/24/2019,24.86,81.599999
12/26/2019,24.54,81.599999
12/27/2019,24.4,80.200005
12/30/2019,24.56,81.499997
12/31/2019,24.47,80.900002
1/2/2020,24.68,81.099997
1/3/2020,24.76,82.700005
1/6/2020,25.39,84.399996
1/7/2020,24.67,82.100001
1/8/2020,24.05,79.399996
1/9/2020,24.19,79.799996
1/10/2020,24.08,78.800002
1/13/2020,23.75,78.199997
1/14/2020,23.94,78.3
1/15/2020,23.57,76.899996
1/16/2020,23.81,77.700005
1/17/2020,23.96,76.899996
1/21/2020,23.77,74.300004
1/22/2020,23.93,73.000002
1/23/2020,23.58,71.599999
1/24/2020,23.1,69.099999
1/27/2020,21.65,66.300002
1/28/2020,22.08,67.100001
1/29/2020,21.63,66.300002
1/30/2020,21.95,67.299996
1/31/2020,21.81,65.200005
2/3/2020,21.5,64.899998
2/4/2020,21.67,66.099997
2/5/2020,22.58,69.499999
2/6/2020,22.26,67.100001
2/7/2020,21.8,66.599999
2/10/2020,21.4,65
2/11/2020,21.73,66.099997
2/12/2020,22.35,67.299996
2/13/2020,22.19,66.700001
2/14/2020,22.12,66.800004
2/18/2020,21.86,65.8
2/19/2020,22.28,66.999999
2/20/2020,21.95,67.200003
2/21/2020,21.26,64.499999
2/24/2020,19.83,59.399996
2/25/2020,19.01,57.100001
2/26/2020,18.4,55.500002
2/27/2020,17.39,52.200003
2/28/2020,16.96,53.699999
3/2/2020,17.22,54.499999
3/3/2020,15.95,52.200003
3/4/2020,15.39,51.899996
3/5/2020,14.74,48.599997
3/6/2020,13.07,42.700005
3/9/2020,8.15,28.3
3/10/2020,8.66,28.699999
3/11/2020,7.83,25.8
3/12/2020,6.42,22.700005
3/13/2020,7.15,26.099997
3/16/2020,5.94,22.799998
3/17/2020,6.14,23.000002
3/18/2020,4.61,20
3/19/2020,4.8,21.899996
3/20/2020,5.05,21.999999
3/23/2020,5.24,21.300002
3/24/2020,6.63,24.499999
3/25/2020,6.77,23.999997
3/26/2020,7.05,24.600001
3/27/2020,6.39,23.000002
3/30/2020,6.37,22.100007
3/31/2020,6.85,22.679993
4/1/2020,6.6,20.990006
4/2/2020,7.52,22.990006
4/3/2020,7.61,22.300004
4/6/2020,7.91,23.770005
4/7/2020,8.04,24.240006
4/8/2020,8.75,26.380005
4/9/2020,8.21,27.080002
4/13/2020,7.85,26.979996
4/14/2020,7.63,26.679993
4/15/2020,6.95,24.809998
4/16/2020,6.67,22.789994
4/17/2020,7.58,24.580002
4/20/2020,7.63,23.940003
4/21/2020,7.46,23.419999
4/22/2020,8.23,23.960007
4/23/2020,8.92,26.39
4/24/2020,8.86,25.970002
4/27/2020,8.91,25.64
4/28/2020,9.52,26.690003
4/29/2020,11.02,30.339997
4/30/2020,10.5,29.220002
5/1/2020,9.76,27.169999
5/4/2020,10.03,27.679993
5/5/2020,9.86,27.179993
5/6/2020,9.56,25.89
5/7/2020,10.01,26.699997
5/8/2020,10.7,29.14
5/11/2020,10.58,28.64
5/12/2020,10.49,28.839997
5/13/2020,9.54,26.460007
5/14/2020,9.95,26.75
5/15/2020,9.82,26.770005
5/18/2020,11.51,30.270005
5/19/2020,11.15,28.729996
5/20/2020,11.95,30.820008
5/21/2020,11.98,30.800004
5/22/2020,11.59,30.059998
5/26/2020,11.87,32.110001
5/27/2020,12.19,33.229996
5/28/2020,12.11,33.399994
5/29/2020,11.75,32.479996
6/1/2020,12.04,32.699997
6/2/2020,12.69,34.229996
6/3/2020,13.08,34.949997
6/4/2020,13.19,37.190003
6/5/2020,14.52,42.210007
6/8/2020,16.4,47.570008
6/9/2020,15.43,43.899994
6/10/2020,14.51,40.559998
6/11/2020,12.28,34.589997
6/12/2020,12.78,36.610001
6/15/2020,13.03,36.860001
6/16/2020,13.53,37.479996
6/17/2020,12.96,35.610001
6/18/2020,13.19,35.630005
6/19/2020,13.04,35.020005
6/22/2020,13.02,34.869996
6/23/2020,13,35.050004
6/24/2020,11.86,32.300004
6/25/2020,12.43,33.440003
6/26/2020,11.93,31.729996
6/29/2020,12.42,32.5
6/30/2020,12.98,33.070008
7/1/2020,12.47,32.320008
7/2/2020,12.57,32.690003
7/6/2020,13.03,33.600007
7/7/2020,12.41,32.320008
7/8/2020,12.47,32.589997
7/9/2020,11.78,30.649994
7/10/2020,12.06,31.490006
7/13/2020,11.79,30.720002
7/14/2020,12.48,32.350007
7/15/2020,13,34.179993
7/16/2020,13.09,33.630005
7/17/2020,13.08,33.080002
7/20/2020,13.41,32.940003
7/21/2020,14.32,35.520005
7/22/2020,14.18,34.649994
7/23/2020,14.75,36.059998
7/24/2020,14.71,35.740006
7/27/2020,14.9,36.029999
7/28/2020,14.65,34.850007
7/29/2020,15.07,35.720002
7/30/2020,14.67,34.830002
7/31/2020,14.33,34.080002
8/3/2020,14.53,34.990006
8/4/2020,15.11,36.089997
8/5/2020,15.32,37.699997
8/6/2020,14.82,36.679993
8/7/2020,14.89,36.990006
8/10/2020,15.61,38.899994
8/11/2020,16.14,39.25
8/12/2020,16.71,39.330002
8/13/2020,16.65,38.529999
8/14/2020,16.63,38.800004
8/17/2020,16.65,38.220002
8/18/2020,16.45,37.070008
8/19/2020,16.49,37.020005
8/20/2020,16.01,35.779999
8/21/2020,15.74,34.169999
8/24/2020,16.29,35.860001
8/25/2020,16.15,35.610001
8/26/2020,15.81,34.470002
8/27/2020,16.02,34.679993
8/28/2020,16.27,35.539994
8/31/2020,16.18,34.529999
9/1/2020,16.23,35.179993
9/2/2020,16.25,34.610001
9/3/2020,16.12,34.570008
9/4/2020,15.99,34.759995
9/8/2020,14.81,32.539994
9/9/2020,15.06,32.490006
9/10/2020,14.28,31
9/11/2020,14.27,30.75
9/14/2020,14.33,31.360001
9/15/2020,14.44,31.740006
9/16/2020,15.07,33.220002
9/17/2020,14.82,32.899994
9/18/2020,14.45,32.509995
9/21/2020,13.22,30.059998
9/22/2020,13.33,29.809998
9/23/2020,12.65,27.860001
9/24/2020,12.52,27.660004
9/25/2020,12.37,27.309998
9/28/2020,12.76,28.589997
9/29/2020,12.07,28.259995
9/30/2020,12.05,27.960007
10/1/2020,11.17,27.279999
10/2/2020,11.31,28
10/5/2020,11.93,28.899994
10/6/2020,11.85,28.520005
10/7/2020,11.93,28.690003
10/8/2020,12.81,30.210007
10/9/2020,12.58,29.710007
10/12/2020,12.73,29.610001
10/13/2020,12.54,28.729996
10/14/2020,12.72,29.119996
10/15/2020,13.07,29.300004
10/16/2020,12.25,28.059998
10/19/2020,12.17,27.919999
10/20/2020,12.74,28.679993
10/21/2020,12.67,28.39
10/22/2020,13.04,29.14
10/23/2020,13.31,29.479996
10/26/2020,12.79,28.130005
10/27/2020,12.51,27.710007
10/28/2020,11.42,26
10/29/2020,11.62,26.630005
10/30/2020,12.06,27.360001
11/2/2020,12.8,28.839997
11/3/2020,12.99,29.399994
11/4/2020,12.71,28.898697
11/5/2020,12.57,29.279999
11/6/2020,12.28,28.699997
11/9/2020,14.38,33.960007
11/10/2020,14.38,34.149994
11/11/2020,14.18,33.649994
11/12/2020,13.92,32.64
11/13/2020,14.33,33.860001
11/16/2020,15.46,37.110001
11/17/2020,15.81,37.699997
11/18/2020,15.39,37.5
11/19/2020,16,38.279999
11/20/2020,15.9,37.589997
11/23/2020,17.32,41.309998
11/24/2020,17.91,43.929993
11/25/2020,17.86,43.169999
11/27/2020,17.56,42.210007
11/30/2020,16.59,39.059998
12/1/2020,17.08,40.919999
12/2/2020,17.61,42.130005
12/3/2020,18.02,42.490006
12/4/2020,19.43,45.679993
12/7/2020,18.97,45.039994
12/8/2020,19.76,46.279999
12/9/2020,19.51,45.820008
12/10/2020,19.99,47.949997
12/11/2020,19.83,47.25
12/14/2020,18.96,46.210007
12/15/2020,20.07,47.710007
12/16/2020,20.14,46.990006
12/17/2020,20.08,46.860001
12/18/2020,19.68,45.64
12/21/2020,19.35,44.600007
12/22/2020,19.12,44.399994
12/23/2020,19.48,45.729996
12/24/2020,19.21,45.149994
12/28/2020,18.89,44.690003
12/29/2020,18.64,44.350007
12/30/2020,19.12,44.929993
12/31/2020,18.9,44.839997
1/4/2021,18.83,45.539994
1/5/2021,20.41,48.979996
1/6/2021,20.82,51.119996
1/7/2021,20.35,51.669999
1/8/2021,20.12,51.320008
1/11/2021,20.57,51.190003
1/12/2021,22.13,54.449997
1/13/2021,21.57,52.75
1/14/2021,21.76,55.289994
1/15/2021,20.74,52.869996
1/19/2021,20.54,52.869996
1/20/2021,20.08,52.210007
1/21/2021,19.41,49.89
1/22/2021,19.24,51.029999
1/25/2021,18.63,49.360001
1/26/2021,18.2,48.919999
1/27/2021,17.28,48.5
1/28/2021,18.27,49.259995
1/29/2021,17.63,48.309998
2/1/2021,17.86,49.110001
2/2/2021,18.02,49.729996
2/3/2021,18.81,51.419999
2/4/2021,19.11,52.770005
2/5/2021,18.98,52.860001
2/8/2021,20.04,54.520005
2/9/2021,19.79,53.380005
2/10/2021,20.26,54.449997
2/11/2021,19.43,52.839997
2/12/2021,20.17,53.369996
2/16/2021,20.6,55.259995
2/17/2021,20.55,55.380005
2/18/2021,19.57,53.419999
2/19/2021,20.2,54.399994
2/22/2021,21.13,56.259995
2/23/2021,20.94,55.509995
2/24/2021,22.27,58.800004
2/25/2021,22.03,58.320008
2/26/2021,21.83,57.710007
3/1/2021,23.01,60.770005
3/2/2021,22.28,58.89
3/3/2021,22.28,59.520005
3/4/2021,22.08,60.380005
3/5/2021,23.84,64.559998
3/8/2021,24.36,65.949997
3/9/2021,23.47,62.800004
3/10/2021,24.14,65.729996
3/11/2021,23.84,64.800004
3/12/2021,24.02,64.149994
3/15/2021,23.97,63.100007
3/16/2021,22.87,60.130005
3/17/2021,23.35,60.660004
3/18/2021,22.17,57.029999
3/19/2021,21.79,57.149994
3/22/2021,21.54,55.199997
3/23/2021,20.81,51.800004
3/24/2021,21.3,52.25
3/25/2021,21.2,53.210007
3/26/2021,21.79,54.720002
3/29/2021,21.24,52.630005
3/30/2021,21.5,52.64
3/31/2021,21.46,53.240006
4/1/2021,21.92,55.080002
4/5/2021,21.32,53.330002
4/6/2021,21.26,52.869996
4/7/2021,21.42,52.960007
4/8/2021,21.35,52.320008
4/9/2021,21.07,51.070008
4/12/2021,21.02,50.699997
4/13/2021,20.68,50.130005
4/14/2021,21.66,53
4/15/2021,21.08,51.779999
4/16/2021,20.69,50.979996
4/19/2021,20.67,50.699997
4/20/2021,19.81,47.919999
4/21/2021,19.1,48.800004
4/22/2021,19.22,48.270005
4/23/2021,19.06,48.919999
4/26/2021,19.43,49.979996
4/27/2021,19.32,49.539994
4/28/2021,20.14,52.89
4/29/2021,20.36,53.110001
4/30/2021,19.56,50.509995
5/3/2021,20.66,52.589997
5/4/2021,20.96,52.929993
5/5/2021,22,56.080002
5/6/2021,22.17,56.660004
5/7/2021,22.95,59.729996
5/10/2021,22.74,57.880005
5/11/2021,22.61,57.850007
5/12/2021,22.63,57.729996
5/13/2021,22.37,57.210007
5/14/2021,23.06,59.479996
5/17/2021,23.78,61.210007
5/18/2021,23.29,59.64
5/19/2021,22.54,57.839997
5/20/2021,22.38,57.550004
5/21/2021,22.46,58.380005
5/24/2021,22.51,58.490006
5/25/2021,21.94,56.850007
5/26/2021,22.28,58.070008
5/27/2021,22.52,59.330002
5/28/2021,22.45,58.660004
6/1/2021,23.34,61.429993
6/2/2021,24.35,66.669999
6/3/2021,24.7,67.229996
6/4/2021,24.72,67.929993
6/7/2021,24.3,66.220002
6/8/2021,24.41,66.220002
6/9/2021,24.26,65.309998
6/10/2021,23.91,64.770005
6/11/2021,24.03,65.5
6/14/2021,23.6,64.5
6/15/2021,24.19,66.809998
6/16/2021,24.1,66.990006
6/17/2021,22.72,63.199997
6/18/2021,21.99,61.759995
6/21/2021,23.35,65.130005
6/22/2021,23.49,64.919999
6/23/2021,23.51,64.839997
6/24/2021,23.8,66.009995
6/25/2021,23.94,64.660004
6/28/2021,22.71,61.160004
6/29/2021,22.67,61.369996
6/30/2021,23.12,61.960007
7/1/2021,23.8,65.009995
7/2/2021,23.78,64.279999
7/6/2021,22.23,60.380005
7/7/2021,21.62,59.009995
7/8/2021,21.61,58.850007
7/9/2021,22.38,60.710007
7/12/2021,22.42,60.910004
7/13/2021,22.09,59.580002
7/14/2021,21.45,57.029999
7/15/2021,20.69,54.809998
7/16/2021,20.06,53.119996
7/19/2021,19.36,50.860001
7/20/2021,20.07,52.220002
7/21/2021,20.77,54.929993
7/22/2021,20.55,53.729996
7/23/2021,20.11,52.490006
7/26/2021,20.69,54.699997
7/27/2021,20.64,53.339997
7/28/2021,21.09,53.919999
7/29/2021,21.25,54.559998
7/30/2021,20.68,52.970002
8/2/2021,20.16,52.330002
8/3/2021,20.37,53.169999
8/4/2021,19.2,49.470002
8/5/2021,19.48,50.369996
8/6/2021,20,51.529999
8/9/2021,19.69,50.490006
8/10/2021,20.21,52.169999
8/11/2021,20.63,52.759995
8/12/2021,20.44,51.809998
8/13/2021,20.13,50.440003
8/16/2021,19.65,48.880005
8/17/2021,19.17,47.979996
8/18/2021,18.9,47.39
8/19/2021,18.15,45.699997
8/20/2021,18.21,45.970002
8/23/2021,19.21,48.64
8/24/2021,20.05,50.160004
8/25/2021,20.17,50.5
8/26/2021,19.77,49.850007
8/27/2021,20.55,52.960007
8/30/2021,20.16,51.570008
8/31/2021,19.98,51.520005
9/1/2021,19.69,51.330002
9/2/2021,20.46,52.800004
9/3/2021,20.17,51.929993
9/7/2021,19.91,51.979996
9/8/2021,19.35,50.080002
9/9/2021,19.32,50.429993
9/10/2021,19.53,50.610001
9/13/2021,20.44,53.220002
9/14/2021,20.07,51.899994
9/15/2021,20.8,53.860001
9/16/2021,20.59,52.5
9/17/2021,20.27,51.460007
9/20/2021,19.6,49.440003
9/21/2021,19.48,49.149994
9/22/2021,19.75,49.809998
9/23/2021,20.81,52.419999
9/24/2021,21,52.600007
9/27/2021,22.14,55.710007
9/28/2021,22.39,55.380005
9/29/2021,22.16,54.75
9/30/2021,21.62,54.419999
10/1/2021,22.28,56.869996
10/4/2021,23.02,58.580002
10/5/2021,23.41,58.809998
10/6/2021,22.99,55.919999
10/7/2021,23.38,57.740006
10/8/2021,23.94,59.419999
10/11/2021,24.68,59.479996
10/12/2021,24.49,59.509995
10/13/2021,24.49,60.080002
10/14/2021,24.8,60.619996
10/15/2021,26.01,61.300004
10/18/2021,26.01,61.580002
10/19/2021,26.1,61.660004
10/20/2021,26.46,62.020005
10/21/2021,25.35,60.360001
10/22/2021,25.89,60.529999
10/25/2021,26.22,61.449997
10/26/2021,26.16,61.520005
10/27/2021,25.12,58.270005
10/28/2021,25.61,58.880005
10/29/2021,24.99,57.190003
11/1/2021,25.58,58.89
11/2/2021,25.38,58.529999
11/3/2021,24.72,58.619996
11/4/2021,24.52,58.119996
11/5/2021,24.69,59.119996
11/8/2021,25.12,60.179993
11/9/2021,25.08,60.509995
11/10/2021,23.83,57.210007
11/11/2021,23.72,57.100007
11/12/2021,23.57,56.179993
11/15/2021,23.4,55.559998
11/16/2021,23.61,56.089997
11/17/2021,22.97,54.089997
11/18/2021,22.76,52.630005
11/19/2021,22.04,49.809998
11/22/2021,22.29,50.429993
11/23/2021,22.97,52.229996
11/24/2021,23.22,51.970002
11/26/2021,21.65,49.270005
11/29/2021,22.25,49.809998
11/30/2021,21.59,48.190003
12/1/2021,21.15,46.75
12/2/2021,22.02,48.300004
12/3/2021,22,47.899994
12/6/2021,22.58,49.630005
12/7/2021,23.4,51.399994
12/8/2021,23.79,52.25
12/9/2021,23.49,51.880005
12/10/2021,23.93,52.89
12/13/2021,22.71,50.350007
12/14/2021,22.48,49.149994
12/15/2021,22.27,49.589997
12/16/2021,22.56,49.160004
12/17/2021,22.11,48.539994
12/20/2021,21.8,47.399994
12/21/2021,22.66,50.149994
12/22/2021,22.73,50.649994
12/23/2021,22.71,50.539994
12/27/2021,23.17,51.300004
12/28/2021,23.05,50.690003
12/29/2021,22.94,49.830002
12/30/2021,22.76,49.399994
12/31/2021,22.87,49.429993
1/3/2022,23.99,52.990006
1/4/2022,25.43,55.320008
1/5/2022,25.18,54.229996
1/6/2022,25.61,56
1/7/2022,26.02,56.550004
1/10/2022,25.85,56.589997
1/11/2022,27.24,58.850007
1/12/2022,27.44,58.520005
1/13/2022,27.93,58.270005
1/14/2022,28.74,60.559998
1/18/2022,28.6,59.429993
1/19/2022,28.38,58.380005
1/20/2022,28.14,57.089997
1/21/2022,27.54,55.380005
1/24/2022,28.59,56.759995
1/25/2022,30.59,59.740006
1/26/2022,30.8,59.570008
1/27/2022,30.83,58.169999
1/28/2022,31.36,58.320008
1/31/2022,30.74,58.179993
2/1/2022,31.37,61.149994
2/2/2022,31.41,60.229996
2/3/2022,31.22,59.14
2/4/2022,31.94,60.630005
2/7/2022,32.51,60.190003
2/8/2022,31.76,58.880005
2/9/2022,32.65,60.009995
2/10/2022,32.41,60.005005
2/11/2022,33.52,63.039994
2/14/2022,32.36,61.610001
2/15/2022,32.52,62.339997
2/16/2022,33.57,63.399994
2/17/2022,32.97,62.990006
2/18/2022,32.26,61.509995
2/22/2022,31.46,60.600007
2/23/2022,31.68,60.529999
2/24/2022,31.47,61.229996
2/25/2022,32.53,62.240006
2/28/2022,33.53,64.190003
3/1/2022,32.11,63.14
3/2/2022,32.93,66.039994
3/3/2022,33.35,66.479996
3/4/2022,34.13,69
3/7/2022,36.24,74.360001
3/8/2022,36.76,76.580002
3/9/2022,34.84,73.580002
3/10/2022,37.95,76.759995
3/11/2022,37.41,75.630005
3/14/2022,36.36,71.539994
3/15/2022,34.8,68.919999
3/16/2022,34,68.149994
3/17/2022,35.89,71.529999
3/18/2022,36.04,70.960007
3/21/2022,37.58,73.279999
3/22/2022,37.09,72.830002
3/23/2022,38.07,73.899994
3/24/2022,37.68,74.399994
3/25/2022,38.9,77.529999
3/28/2022,37.32,74.130005
3/29/2022,37.85,75.199997
3/30/2022,38.52,75.419999
3/31/2022,37.87,75.039994
4/1/2022,38.58,77.190003
4/4/2022,38.77,77.369996
4/5/2022,37.53,74.600007
4/6/2022,37.35,74.279999
4/7/2022,37.75,74.479996
4/8/2022,39.94,77.330002
4/11/2022,39.06,74.910004
4/12/2022,39.53,77.259995
4/13/2022,40.19,79.119996
4/14/2022,40.76,80.490006
4/18/2022,41.64,82.429993
4/19/2022,41.31,81.149994
4/20/2022,39.6,80.619996
4/21/2022,38.95,76.470002
4/22/2022,37.69,74.130005
4/25/2022,35.33,70.600007
4/26/2022,35.12,70.089997
4/27/2022,35.94,70.740006
4/28/2022,36.72,72.690003
4/29/2022,35.62,70.160004
5/2/2022,35.96,69.990006
5/3/2022,36.67,72.429993
5/4/2022,38.08,75.529999
5/5/2022,36.69,72.619996
5/6/2022,37.35,73.240006
5/9/2022,33.36,65.360001
5/10/2022,34.3,65.380005
5/11/2022,34.69,66.050004
5/12/2022,34.56,65.699997
5/13/2022,36.1,68.789994
5/16/2022,37.57,71.210007
5/17/2022,37.88,72.429993
5/18/2022,36,70.029999
5/19/2022,36.06,69.960007
5/20/2022,36.7,69.630005
5/23/2022,38.33,73.190003
5/24/2022,38.48,73.600007
5/25/2022,38.78,75.300004
5/26/2022,40.16,77.100007
5/27/2022,41.36,78.130005
5/31/2022,40.5,76.759995
6/1/2022,41.4,78.710007
6/2/2022,41.04,77.910004
6/3/2022,41.95,79.350007
6/6/2022,41.32,79.830002
6/7/2022,42.53,82.100007
6/8/2022,42.97,81.020005
6/9/2022,42.21,77.869996
6/10/2022,40.49,75.470002
6/13/2022,37.53,69.190003
6/14/2022,36.67,68.380005
6/15/2022,35.61,67.710007
6/16/2022,33.47,64.479996
6/17/2022,31.69,61.619996
6/21/2022,33.55,64.009995
6/22/2022,32.09,60.020005
6/23/2022,30.04,56.789994
6/24/2022,30.95,58.949997
6/27/2022,32.23,61.660004
6/28/2022,33.19,62.740006
6/29/2022,32.18,61.64
6/30/2022,31.36,59.679993
7/1/2022,31.43,59.529999
7/5/2022,28.89,54.75
7/6/2022,28.41,53.520005
7/7/2022,29.89,56.710007
7/8/2022,29.84,57.009995
7/11/2022,29.36,55.490006
7/12/2022,28.6,53.410004
7/13/2022,28.3,53.169999
7/14/2022,27.34,51.419999
7/15/2022,27.86,52.460007
7/18/2022,28.85,54.740006
7/19/2022,29.46,56.919999
7/20/2022,29.26,56.919999
7/21/2022,28.14,54.320008
7/22/2022,27.46,53.899994
7/25/2022,28.42,57.229996
7/26/2022,28.04,57.029999
7/27/2022,28.89,60.600007
7/28/2022,28.64,60.770005
7/29/2022,29.3,63.970002
8/1/2022,28.19,62.229996
8/2/2022,28.6,63.270005
8/3/2022,28.43,61.320008
8/4/2022,27.27,57.869996
8/5/2022,27.79,59.529999
8/8/2022,28,59.580002
8/9/2022,28.31,60.360001
8/10/2022,28.41,60.690003
8/11/2022,29.57,63.050004
8/12/2022,29.55,64.179993
8/15/2022,28.47,61.509995
8/16/2022,28.21,60.539994
8/17/2022,28.2,61.039994
8/18/2022,29.83,64.070008
8/19/2022,29.39,62.720002
8/22/2022,29.19,62.240006
8/23/2022,31.22,64.839997
8/24/2022,31.66,66.479996
8/25/2022,31.87,67.149994
8/26/2022,31.1,65.429993
8/29/2022,31.9,66.419999
8/30/2022,30.35,63.309998
8/31/2022,30.13,62.899994
9/1/2022,28.94,60.479996
9/2/2022,30.01,63.539994
9/6/2022,29.52,62.410004
9/7/2022,28.68,61.619996
9/8/2022,28.41,61.789994
9/9/2022,29.66,64.979996
9/12/2022,30.28,66.169999
9/13/2022,29.15,63.669999
9/14/2022,30.4,65.940003
9/15/2022,29.4,64.429993
9/16/2022,28.19,61.880005
9/19/2022,28.37,61.929993
9/20/2022,27.62,59.850007
9/21/2022,27.08,58.520005
9/22/2022,26.92,57.949997
9/23/2022,24.58,52.850007
9/26/2022,23.31,51.830002
9/27/2022,23.76,52.949997
9/28/2022,24.74,55.529999
9/29/2022,24.64,55.550004
9/30/2022,24.62,55.179993
10/3/2022,26.38,59.110001
10/4/2022,28.12,61.619996
10/5/2022,29.24,63.919999
10/6/2022,29.81,64.580002
10/7/2022,30.41,64.039994
10/10/2022,29.55,62.080002
10/11/2022,29.56,61.440003
10/12/2022,29.8,61.25
10/13/2022,31.11,64.350007
10/14/2022,29.41,61.740006
10/17/2022,29.99,63.539994
10/18/2022,30.46,64.559998
10/19/2022,31.96,67.64
10/20/2022,31.66,68.320008
10/21/2022,33.88,70.899994
10/24/2022,34.58,72.259995
10/25/2022,34.98,72.630005
10/26/2022,36.48,76.169999
10/27/2022,36.27,75.929993
10/28/2022,35.95,75.949997
10/31/2022,36.42,78.520005
11/1/2022,36.5,77.839997
11/2/2022,35.79,76.039994
11/3/2022,36.86,78.589997
11/4/2022,38.48,79.839997
11/7/2022,39.54,82.529999
11/8/2022,39.37,82.610001
11/9/2022,36.81,77.699997
11/10/2022,37.81,80.369996
11/11/2022,38.74,82.740006
11/14/2022,38.05,81.089997
11/15/2022,38.91,82.470002
11/16/2022,37.85,80.949997
11/17/2022,37.47,80.820008
11/18/2022,36.71,79.770005
11/21/2022,36.13,77.479996
11/22/2022,37.45,79.850007
11/23/2022,36.56,77.979996
11/25/2022,36.36,77.350007
11/28/2022,35.88,75.399994
11/29/2022,37.16,76.929993
11/30/2022,37.89,78.679993
12/1/2022,37.89,78.119996
12/2/2022,38.87,79.339997
12/5/2022,36.82,75.330002
12/6/2022,36.2,74.169999
12/7/2022,35.05,72.399994
12/8/2022,34.87,72.490006
12/9/2022,33.01,69.729996
12/12/2022,34.3,72.520005
12/13/2022,37,75.279999
12/14/2022,36.55,75.229996
12/15/2022,36.69,74.429993
12/16/2022,35.85,73.369996
12/19/2022,36.06,73.309998
12/20/2022,37.42,76.25
12/21/2022,38.63,77.679993
12/22/2022,37.54,75.690003
12/23/2022,39.09,78.860001
12/27/2022,39.27,79.050004
12/28/2022,38.08,76.600007
12/29/2022,38.87,79.199997
12/30/2022,39.35,79.75
1/3/2023,37.66,75.210007
1/4/2023,38.43,75.660004
1/5/2023,38.95,76.820008
1/6/2023,40.21,79.169999
1/9/2023,40.44,81.089997
1/10/2023,40.94,83.199997
1/11/2023,40.99,83.070008
1/12/2023,42.17,85.190003
1/13/2023,42.66,85.789994
1/17/2023,42.53,86.729996
1/18/2023,40.6,82.770005
1/19/2023,40.19,82.89
1/20/2023,40.69,84.449997
1/23/2023,40.57,84.440003
1/24/2023,39.84,83.990006
1/25/2023,40.03,86.429993
1/26/2023,41,87.059998
1/27/2023,40.52,86.259995
1/30/2023,40.34,85.360001
1/31/2023,41.22,87.570008
2/1/2023,40.84,87.460007
2/2/2023,38.56,84.600007
2/3/2023,38.57,85.39
2/6/2023,38.31,85.419999
2/7/2023,39.03,87.580002
2/8/2023,39.28,89.470002
2/9/2023,37.66,86.080002
2/10/2023,39.02,88.979996
2/13/2023,39.27,89.580002
2/14/2023,38.96,89.410004
2/15/2023,37.95,88.509995
2/16/2023,38.58,88.490006
2/17/2023,36.5,84.89
2/21/2023,36.4,82.64
2/22/2023,35.71,80.009995
2/23/2023,36.23,81.580002
2/24/2023,36.99,83.699997
2/27/2023,37.18,85.800004
2/28/2023,36.23,85.279999
3/1/2023,37.51,87.600007
3/2/2023,38.39,89.470002
3/3/2023,38.89,90.89
3/6/2023,38.86,90.479996
3/7/2023,37.85,88.729996
3/8/2023,37.16,87.240006
3/9/2023,35.57,82.410004
3/10/2023,34.53,80.240006
3/13/2023,33.38,76.240006
3/14/2023,33.42,76.869996
3/15/2023,30.41,71.559998
3/16/2023,31,72.059998
3/17/2023,29.95,69.779999
3/20/2023,30.69,71.919999
3/21/2023,31.94,74.259995
3/22/2023,30.46,71.5
3/23/2023,29.42,69.860001
3/24/2023,29.6,69.600007
3/27/2023,30.58,73.070008
3/28/2023,31.29,74.929993
3/29/2023,31.35,75.559998
3/30/2023,31.06,74.399994
3/31/2023,31.64,75.210007
4/3/2023,34.1,79.699997
4/4/2023,33.23,76.919999
4/5/2023,33.06,76.509995
4/6/2023,32.71,75.399994
4/10/2023,33.09,76.479996
4/11/2023,33.73,77.179993
4/12/2023,33.59,77.619996
4/13/2023,33.81,77.979996
4/14/2023,33.63,77.809998
4/17/2023,33.44,77.309998
4/18/2023,33.88,77.119996
4/19/2023,34.11,77.110001
4/20/2023,33.87,75.770005
4/21/2023,33.4,74.770005
4/24/2023,34.47,77.380005
4/25/2023,33.25,73.539994
4/26/2023,31.72,72.240006
4/27/2023,32,72.360001
4/28/2023,32.75,73.779999
5/1/2023,32.55,73.589997
5/2/2023,29.86,69.130005
5/3/2023,29.15,68.229996
5/4/2023,29.02,68.940003
5/5/2023,29.88,71.080002
5/8/2023,29.95,70.770005
5/9/2023,30.1,71.059998
5/10/2023,29.56,70.690003
5/11/2023,28.49,68.720002
5/12/2023,28.61,68.970002
5/15/2023,29.1,69.729996
5/16/2023,27.88,67.940003
5/17/2023,28.94,69.809998
5/18/2023,29.87,70.740006
5/19/2023,30.17,70.839997
5/22/2023,30.22,72.570008
5/23/2023,30.58,72.800004
5/24/2023,30.82,73.410004
5/25/2023,30.32,71.220002
5/26/2023,30.2,71
5/30/2023,29.73,69.550004
5/31/2023,28.65,67.100007
6/1/2023,30,70.580002
6/2/2023,31.64,74.589997
6/5/2023,31.16,73.059998
6/6/2023,31.23,73.75
6/7/2023,32.55,76.14
6/8/2023,32.15,76.339997
6/9/2023,32.34,75.550004
6/12/2023,31.73,73.070008
6/13/2023,32.7,74.720002
6/14/2023,32.05,74.119996
6/15/2023,32.71,75.740006
6/16/2023,32.58,74.630005
6/20/2023,31.48,73.64
6/21/2023,31.92,74.699997
6/22/2023,31.27,73.330002
6/23/2023,30.89,72.309998
6/26/2023,31.67,74.089997
6/27/2023,32.42,74.940003
6/28/2023,32.56,74.800004
6/29/2023,33.19,76.470002
6/30/2023,32.99,78.169999
7/3/2023,33.63,79.009995
7/5/2023,33.2,78.970002
7/6/2023,33.01,78.149994
7/7/2023,35.58,83.600007
7/10/2023,36,84.529999
7/11/2023,37.52,87
7/12/2023,37.92,87.600007
7/13/2023,37.75,88.270005
7/14/2023,36.89,86.679993
7/17/2023,37.36,87.770005
7/18/2023,38.11,90.220002
7/19/2023,37.01,90.210007
7/20/2023,36.45,89.479996
7/21/2023,36.94,89.64
7/24/2023,38.26,91.740006
7/25/2023,38.42,92.369996
7/26/2023,38.21,92.610001
7/27/2023,37.93,91.039994
7/28/2023,38.16,92.490006
7/31/2023,39.08,94.369996
8/1/2023,39.27,94.059998
8/2/2023,39.03,93.020005
8/3/2023,39.69,94.229996
8/4/2023,39.55,93.899994
8/7/2023,39.59,92.929993
8/8/2023,39.78,93.449997
8/9/2023,40.46,94.449997
8/10/2023,40.36,93.779999
8/11/2023,40.7,94.64
8/14/2023,40.31,93.529999
8/15/2023,39.49,91.869996
8/16/2023,39.29,91.479996
8/17/2023,39.27,91.009995
8/18/2023,39.4,92.380005
8/21/2023,39,91.720002
8/22/2023,38.58,90.690003
8/23/2023,38.72,91.39
8/24/2023,38.24,90.119996
8/25/2023,38.15,90.240006
8/28/2023,38.71,91.380005
8/29/2023,38.75,92.149994
8/30/2023,38.91,92.839997
8/31/2023,38.62,93
9/1/2023,39.81,96.039994
9/5/2023,40.7,96.699997
9/6/2023,40.88,96.990006
9/7/2023,41.08,96.570008
9/8/2023,41.28,97.259995
9/11/2023,41.32,97.550004
9/12/2023,42.36,99.830002
9/13/2023,41.9,97.669999
9/14/2023,42.21,99.270005
9/15/2023,42.11,98.5
9/18/2023,42.64,98.649994
9/19/2023,41.43,96.309998
9/20/2023,41.29,95.979996
9/21/2023,40.76,94.14
9/22/2023,40.63,94.929993
9/25/2023,40.98,96.410004
9/26/2023,40.79,95.589997
9/27/2023,42.03,99.210007
9/28/2023,41.79,98.270005
9/29/2023,40.5,95.779999
10/2/2023,39.77,92.570008
10/3/2023,40.06,92.830002
10/4/2023,38.27,88.320008
10/5/2023,38.06,87.649994
10/6/2023,38.69,88.910004
10/9/2023,41.31,92.789994
10/10/2023,41.15,93.039994
10/11/2023,41.64,93.720002
10/12/2023,41.73,92.64
10/13/2023,42.43,94.309998
10/16/2023,42.36,93.710007
10/17/2023,43.04,95.589997
10/18/2023,43.13,95.240006
10/19/2023,43.26,94.960007
10/20/2023,42.11,92.979996
10/23/2023,41.65,92.020005
10/24/2023,40.23,91.649994
10/25/2023,40.38,90.179993
10/26/2023,39.45,88.220002
10/27/2023,39.6,88.289994
10/30/2023,39.42,87.789994
10/31/2023,39.34,87.460007
11/1/2023,39.42,87.880005
11/2/2023,40.59,90.479996
11/3/2023,40.29,90.130005
11/6/2023,39.52,88.169999
11/7/2023,37.95,83.740006
11/8/2023,37.79,83.550004
11/9/2023,37.8,83.550004
11/10/2023,38.29,84.64
11/13/2023,38.66,85.320008
11/14/2023,39.18,87.25
11/15/2023,38.44,85.649994
11/16/2023,37.18,82.259995
11/17/2023,37.99,84.479996
11/20/2023,38.2,84.5
11/21/2023,38.21,83.759995
11/22/2023,37.89,83.539994
11/24/2023,38.06,84.479996
11/27/2023,37.69,83.64
11/28/2023,37.52,83.279999
11/29/2023,37.3,83.14
11/30/2023,37.03,83.529999
12/1/2023,37.71,84.369996
12/4/2023,37.37,83.899994
12/5/2023,36.33,81.960007
12/6/2023,34.86,78.75
12/7/2023,34.42,78.64
12/8/2023,34.93,79.919999
12/11/2023,34.77,79.649994
12/12/2023,34.44,78.419999
12/13/2023,34.69,80.610001
12/14/2023,35.89,83.940003
12/15/2023,35.82,83.190003
12/18/2023,36.21,83.779999
12/19/2023,36.82,85.600007
12/20/2023,36.46,84.490006
12/21/2023,36.64,85.330002
12/22/2023,36.59,85.240006
12/26/2023,37.05,87.580002
12/27/2023,36.66,86.880005
12/28/2023,36.21,85.300004
12/29/2023,36.15,84.509995
