date,HON,XLI
2010-01-04,40.35,28.32
2010-01-05,40.43,28.42
2010-01-06,40.43,28.48
2010-01-07,41.21,28.79
2010-01-08,42.12,29.25
2010-01-11,42.65,29.57
2010-01-12,42.17,29.33
2010-01-13,42.32,29.45
2010-01-14,42.57,29.45
2010-01-15,42.63,29.07
2010-01-19,42.85,29.39
2010-01-20,42.36,28.94
2010-01-21,40.73,28.27
2010-01-22,39.88,27.84
2010-01-25,40.22,28.02
2010-01-26,39.97,27.9
2010-01-27,40.26,27.98
2010-01-28,39.82,27.66
2010-01-29,38.64,27.38
2010-02-01,39.37,27.79
2010-02-02,39.52,28.32
2010-02-03,39.21,28.15
2010-02-04,37.73,27.32
2010-02-05,37.47,27.2
2010-02-08,36.87,26.9
2010-02-09,37.82,27.42
2010-02-10,37.72,27.38
2010-02-11,38.23,27.79
2010-02-12,37.86,27.57
2010-02-16,38.92,28.22
2010-02-17,39.09,28.46
2010-02-18,39.85,28.72
2010-02-19,40.22,28.86
2010-02-22,40.15,28.88
2010-02-23,39.93,28.51
2010-02-24,40.58,28.8
2010-02-25,40.19,28.73
2010-02-26,40.16,28.84
2010-03-01,40.57,29.22
2010-03-02,40.68,29.27
2010-03-03,40.92,29.31
2010-03-04,41.18,29.45
2010-03-05,41.91,29.9
2010-03-08,41.49,29.76
2010-03-09,42.27,30.0
2010-03-10,42.34,30.06
2010-03-11,42.62,30.17
2010-03-12,42.93,30.37
2010-03-15,42.97,30.37
2010-03-16,43.03,30.78
2010-03-17,42.91,30.83
2010-03-18,43.43,31.04
2010-03-19,43.82,30.81
2010-03-22,43.56,30.9
2010-03-23,44.19,31.25
2010-03-24,44.48,31.03
2010-03-25,44.34,31.01
2010-03-26,44.6,31.09
2010-03-29,44.87,31.37
2010-03-30,44.95,31.42
2010-03-31,45.27,31.24
2010-04-01,45.03,31.44
2010-04-05,45.45,31.67
2010-04-06,45.46,31.68
2010-04-07,45.25,31.5
2010-04-08,45.49,31.6025
2010-04-09,45.77,31.78
2010-04-12,45.99,31.85
2010-04-13,45.66,31.9
2010-04-14,46.33,32.31
2010-04-15,46.47,32.62
2010-04-16,45.82,32.09
2010-04-19,45.75,32.03
2010-04-20,46.38,32.4
2010-04-21,46.69,32.62
2010-04-22,47.44,32.92
2010-04-23,47.72,33.12
2010-04-26,48.27,33.19
2010-04-27,46.94,32.39
2010-04-28,47.05,32.62
2010-04-29,48.52,33.36
2010-04-30,47.47,32.57
2010-05-03,48.51,33.22
2010-05-04,46.86,32.17
2010-05-05,45.88,31.76
2010-05-06,44.3,30.71
2010-05-07,43.52,30.03
2010-05-10,46.07,31.75
2010-05-11,45.85,31.66
2010-05-12,46.87,32.36
2010-05-13,46.19,31.86
2010-05-14,45.48,31.19
2010-05-17,45.44,31.11
2010-05-18,44.72,30.72
2010-05-19,43.86,30.33
2010-05-20,41.79,29.01
2010-05-21,42.07,29.42
2010-05-24,41.84,28.98
2010-05-25,41.79,28.96
2010-05-26,42.11,29.02
2010-05-27,43.42,30.0
2010-05-28,42.77,29.6
2010-06-01,41.9,28.94
2010-06-02,42.93,29.69
2010-06-03,43.26,29.8275
2010-06-04,41.07,28.43
2010-06-07,40.0,27.7
2010-06-08,40.43,27.99
2010-06-09,40.01,27.99
2010-06-10,41.26,29.07
2010-06-11,41.32,29.17
2010-06-14,41.53,29.14
2010-06-15,43.04,30.02
2010-06-16,42.75,29.94
2010-06-17,42.65,30.03
2010-06-18,42.92,30.0
2010-06-21,42.93,30.05
2010-06-22,42.2,29.3225
2010-06-23,41.84,29.21
2010-06-24,41.0,28.7
2010-06-25,41.6,28.92
2010-06-28,41.2,28.72
2010-06-29,39.33,27.61
2010-06-30,39.03,27.43
2010-07-01,38.55,27.35
2010-07-02,38.53,27.01
2010-07-06,38.71,27.06
2010-07-07,40.19,28.0
2010-07-08,40.73,28.36
2010-07-09,41.27,28.64
2010-07-12,40.82,28.49
2010-07-13,41.85,28.99
2010-07-14,41.69,29.05
2010-07-15,41.79,29.04
2010-07-16,40.19,28.07
2010-07-19,40.35,28.23
2010-07-20,41.2,28.67
2010-07-21,41.13,28.6
2010-07-22,42.66,29.48
2010-07-23,43.5,30.07
2010-07-26,43.89,30.56
2010-07-27,43.43,30.35
2010-07-28,43.24,30.27
2010-07-29,42.72,30.17
2010-07-30,42.86,30.29
2010-08-02,43.73,30.89
2010-08-03,43.14,30.73
2010-08-04,43.98,31.0
2010-08-05,44.12,31.02
2010-08-06,43.77,30.85
2010-08-09,43.89,31.01
2010-08-10,43.42,30.8
2010-08-11,41.81,29.65
2010-08-12,41.29,29.44
2010-08-13,41.32,29.4
2010-08-16,41.18,29.34
2010-08-17,42.39,29.85
2010-08-18,42.16,29.96
2010-08-19,40.77,29.32
2010-08-20,40.64,29.17
2010-08-23,40.16,28.85
2010-08-24,39.34,28.26
2010-08-25,38.82,28.21
2010-08-26,38.7,28.17
2010-08-27,39.65,28.74
2010-08-30,38.86,28.3
2010-08-31,39.06,28.19
2010-09-01,40.88,29.31
2010-09-02,42.01,29.68
2010-09-03,42.82,30.13
2010-09-07,41.93,29.85
2010-09-08,42.19,30.16
2010-09-09,41.97,30.13
2010-09-10,42.81,30.4
2010-09-13,43.3,30.7
2010-09-14,43.54,30.61
2010-09-15,43.57,30.61
2010-09-16,43.73,30.57
2010-09-17,43.82,30.6975
2010-09-20,44.31,31.16
2010-09-21,44.31,31.22
2010-09-22,43.68,31.06
2010-09-23,43.23,30.6
2010-09-24,44.46,31.44
2010-09-27,43.84,31.24
2010-09-28,44.19,31.41
2010-09-29,44.04,31.4
2010-09-30,43.94,31.28
2010-10-01,44.15,31.31
2010-10-04,43.61,30.98
2010-10-05,45.01,31.81
2010-10-06,45.72,32.0
2010-10-07,45.48,31.93
2010-10-08,45.75,32.195
2010-10-11,45.61,32.11
2010-10-12,45.55,32.09
2010-10-13,46.41,32.62
2010-10-14,46.17,32.43
2010-10-15,46.49,32.23
2010-10-18,47.0,32.21
2010-10-19,46.16,31.78
2010-10-20,46.41,32.23
2010-10-21,46.67,32.49
2010-10-22,47.26,32.48
2010-10-25,47.53,32.59
2010-10-26,47.28,32.44
2010-10-27,47.09,32.2
2010-10-28,47.1,32.13
2010-10-29,47.11,32.18
2010-11-01,46.8,32.18
2010-11-02,47.24,32.49
2010-11-03,47.44,32.54
2010-11-04,49.01,33.23
2010-11-05,49.28,33.43
2010-11-08,49.11,33.29
2010-11-09,49.02,32.99
2010-11-10,48.83,32.98
2010-11-11,48.31,32.795
2010-11-12,47.52,32.41
2010-11-15,47.59,32.51
2010-11-16,48.44,31.985
2010-11-17,48.82,32.01
2010-11-18,49.74,32.66
2010-11-19,49.78,32.76
2010-11-22,49.65,32.69
2010-11-23,49.6,32.24
2010-11-24,50.41,32.97
2010-11-26,50.13,32.72
2010-11-29,49.93,32.69
2010-11-30,49.71,32.61
2010-12-01,50.88,33.45
2010-12-02,51.19,33.97
2010-12-03,51.45,34.04
2010-12-06,51.17,34.0175
2010-12-07,51.43,34.11
2010-12-08,51.37,33.99
2010-12-09,51.34,34.09
2010-12-10,51.98,34.395
2010-12-13,52.0,34.42
2010-12-14,52.53,34.58
2010-12-15,51.54,34.44
2010-12-16,53.41,34.82
2010-12-17,52.99,34.54
2010-12-20,52.91,34.53
2010-12-21,53.53,34.81
2010-12-22,53.72,34.89
2010-12-23,53.43,34.82
2010-12-27,53.39,34.88
2010-12-28,53.51,34.86
2010-12-29,53.3,34.89
2010-12-30,52.96,34.83
2010-12-31,53.16,34.87
2011-01-03,54.21,35.12
2011-01-04,53.48,35.07
2011-01-05,54.37,35.25
2011-01-06,54.36,35.19
2011-01-07,54.3,35.26
2011-01-10,53.9,35.31
2011-01-11,54.0,35.44
2011-01-12,54.72,35.73
2011-01-13,54.59,35.765
2011-01-14,55.02,35.91
2011-01-18,54.76,36.17
2011-01-19,54.34,35.79
2011-01-20,54.58,35.61
2011-01-21,54.49,35.9
2011-01-24,55.37,36.24
2011-01-25,55.38,36.195
2011-01-26,55.77,36.41
2011-01-27,55.92,36.545
2011-01-28,55.32,35.83
2011-01-31,56.01,36.24
2011-02-01,56.94,36.75
2011-02-02,57.41,36.635
2011-02-03,57.17,36.65
2011-02-04,57.12,36.78
2011-02-07,57.13,37.125
2011-02-08,57.39,37.375
2011-02-09,57.34,37.37
2011-02-10,57.47,37.57
2011-02-11,57.98,37.85
2011-02-14,57.6,37.81
2011-02-15,57.37,37.67
2011-02-16,57.2,37.85
2011-02-17,57.36,37.94
2011-02-18,57.99,38.045
2011-02-22,56.23,36.9375
2011-02-23,55.64,36.29
2011-02-24,56.48,36.5
2011-02-25,57.28,36.83
2011-02-28,57.91,37.01
2011-03-01,56.45,36.225
2011-03-02,55.55,36.395
2011-03-03,57.29,37.275
2011-03-04,56.51,36.841
2011-03-07,56.19,36.5
2011-03-08,57.3,37.07
2011-03-09,56.71,36.99
2011-03-10,55.79,36.245
2011-03-11,56.27,36.67
2011-03-14,56.01,36.36
2011-03-15,55.54,36.02
2011-03-16,54.33,35.35
2011-03-17,55.21,35.9
2011-03-18,55.86,35.97
2011-03-21,57.04,36.76
2011-03-22,56.54,36.465
2011-03-23,57.1,36.59
2011-03-24,57.73,36.97
2011-03-25,57.39,37.1
2011-03-28,58.32,37.0675
2011-03-29,59.6,37.37
2011-03-30,59.59,37.52
2011-03-31,59.71,37.665
2011-04-01,59.26,37.98
2011-04-04,59.23,38.03
2011-04-05,59.05,37.89
2011-04-06,58.85,37.93
2011-04-07,58.49,37.75
2011-04-08,58.3,37.42
2011-04-11,58.26,37.39
2011-04-12,57.53,37.11
2011-04-13,57.31,37.0
2011-04-14,57.5,37.0
2011-04-15,57.75,37.13
2011-04-18,57.11,36.6
2011-04-19,57.46,36.92
2011-04-20,58.74,37.52
2011-04-21,60.72,37.63
2011-04-25,60.32,37.52
2011-04-26,62.0,38.24
2011-04-27,61.46,38.41
2011-04-28,61.01,38.54
2011-04-29,61.23,38.7
2011-05-02,61.54,38.64
2011-05-03,61.8,38.48
2011-05-04,60.32,37.92
2011-05-05,60.15,37.74
2011-05-06,60.95,38.07
2011-05-09,61.62,38.23
2011-05-10,61.76,38.58
2011-05-11,61.28,38.06
2011-05-12,60.86,38.14
2011-05-13,60.51,37.68
2011-05-16,60.12,37.54
2011-05-17,58.98,37.03
2011-05-18,59.55,37.53
2011-05-19,59.49,37.77
2011-05-20,58.99,37.37
2011-05-23,58.48,36.84
2011-05-24,58.25,36.65
2011-05-25,58.87,36.96
2011-05-26,58.5,37.11
2011-05-27,59.19,37.29
2011-05-31,59.55,37.63
2011-06-01,57.53,36.4
2011-06-02,57.95,36.59
2011-06-03,57.25,36.1
2011-06-06,57.45,35.84
2011-06-07,56.85,35.82
2011-06-08,56.07,35.51
2011-06-09,56.46,35.78
2011-06-10,55.53,35.21
2011-06-13,55.71,35.22
2011-06-14,57.19,35.89
2011-06-15,56.05,35.345
2011-06-16,56.35,35.47
2011-06-17,55.85,35.45
2011-06-20,56.43,35.76
2011-06-21,57.81,36.32
2011-06-22,57.01,36.12
2011-06-23,56.5,36.04
2011-06-24,56.35,35.63
2011-06-27,56.79,35.91
2011-06-28,58.38,36.47
2011-06-29,58.62,36.66
2011-06-30,59.59,37.24
2011-07-01,60.19,37.91
2011-07-05,59.46,37.695
2011-07-06,59.69,37.9
2011-07-07,60.44,38.3
2011-07-08,59.54,37.82
2011-07-11,58.31,37.12
2011-07-12,57.28,36.76
2011-07-13,57.59,36.91
2011-07-14,57.01,36.51
2011-07-15,57.25,36.54
2011-07-18,56.57,36.13
2011-07-19,57.43,36.601
2011-07-20,57.34,36.67
2011-07-21,58.21,37.22
2011-07-22,56.4,36.83
2011-07-25,56.3,36.81
2011-07-26,55.34,36.13
2011-07-27,53.46,35.15
2011-07-28,53.0,34.85
2011-07-29,53.1,34.68
2011-08-01,53.06,34.46
2011-08-02,51.2,33.26
2011-08-03,51.59,33.56
2011-08-04,48.69,31.76
2011-08-05,47.98,31.76
2011-08-08,44.29,29.52
2011-08-09,46.76,30.98
2011-08-10,43.22,29.4
2011-08-11,44.63,30.8
2011-08-12,46.88,31.4
2011-08-15,47.23,31.87
2011-08-16,46.03,31.42
2011-08-17,45.99,31.32
2011-08-18,42.76,29.585
2011-08-19,42.19,29.13
2011-08-22,41.94,29.24
2011-08-23,44.16,30.27
2011-08-24,44.82,30.88
2011-08-25,44.73,30.3
2011-08-26,45.48,30.93
2011-08-29,47.0,31.91
2011-08-30,47.29,32.18
2011-08-31,47.81,32.4
2011-09-01,46.88,31.87
2011-09-02,45.45,30.85
2011-09-06,45.05,30.53
2011-09-07,47.03,31.48
2011-09-08,45.93,31.005
2011-09-09,44.72,30.18
2011-09-12,44.14,30.235
2011-09-13,44.57,30.8
2011-09-14,45.41,31.34
2011-09-15,46.64,31.975
2011-09-16,47.13,31.97
2011-09-19,47.32,31.67
2011-09-20,46.75,31.44
2011-09-21,44.87,30.14
2011-09-22,41.97,29.01
2011-09-23,42.43,29.31
2011-09-26,43.8,30.05
2011-09-27,45.14,30.58
2011-09-28,44.27,29.8
2011-09-29,45.0,30.23
2011-09-30,43.91,29.22
2011-10-03,42.32,28.4
2011-10-04,43.66,29.19
2011-10-05,44.37,29.81
2011-10-06,45.06,30.41
2011-10-07,45.49,30.34
2011-10-10,47.16,31.4
2011-10-11,47.37,31.49
2011-10-12,48.49,31.89
2011-10-13,47.89,31.62
2011-10-14,49.45,32.19
2011-10-17,47.7,31.27
2011-10-18,49.33,32.17
2011-10-19,48.82,31.78
2011-10-20,48.46,32.05
2011-10-21,51.28,32.67
2011-10-24,51.77,33.28
2011-10-25,50.71,32.6
2011-10-26,51.4,32.83
2011-10-27,54.07,34.26
2011-10-28,53.88,34.26
2011-10-31,52.4,33.42
2011-11-01,51.2,32.41
2011-11-02,52.45,33.05
2011-11-03,53.94,33.86
2011-11-04,53.95,33.6
2011-11-07,53.96,33.68
2011-11-08,54.65,34.06
2011-11-09,52.83,32.74
2011-11-10,53.56,33.14
2011-11-11,54.79,33.93
2011-11-14,54.71,33.72
2011-11-15,54.78,33.92
2011-11-16,53.29,33.42
2011-11-17,52.6,32.84
2011-11-18,52.75,32.92
2011-11-21,51.3,32.16
2011-11-22,50.96,31.95
2011-11-23,49.19,31.21
2011-11-25,49.14,31.16
2011-11-28,51.66,32.21
2011-11-29,51.56,32.24
2011-11-30,54.15,33.89
2011-12-01,54.17,33.78
2011-12-02,54.13,33.71
2011-12-05,54.7,34.07
2011-12-06,54.6,34.06
2011-12-07,53.94,34.05
2011-12-08,52.87,33.21
2011-12-09,54.0,33.97
2011-12-12,52.89,33.35
2011-12-13,52.31,32.91
2011-12-14,51.55,32.52
2011-12-15,52.41,32.75
2011-12-16,53.1,32.67
2011-12-19,52.29,32.33
2011-12-20,54.36,33.435
2011-12-21,54.19,33.45
2011-12-22,54.64,33.765
2011-12-23,54.98,34.09
2011-12-27,54.95,34.08
2011-12-28,53.98,33.54
2011-12-29,54.79,33.96
2011-12-30,54.35,33.75
2012-01-03,55.58,34.49
2012-01-04,55.53,34.65
2012-01-05,55.59,34.66
2012-01-06,55.18,34.59
2012-01-09,55.64,34.845
2012-01-10,56.58,35.35
2012-01-11,56.46,35.46
2012-01-12,57.19,35.77
2012-01-13,56.7,35.495
2012-01-17,57.16,35.67
2012-01-18,58.19,35.99
2012-01-19,58.5,36.37
2012-01-20,57.38,36.16
2012-01-23,57.62,36.12
2012-01-24,57.63,36.16
2012-01-25,58.1,36.56
2012-01-26,57.83,36.49
2012-01-27,58.27,36.46
2012-01-30,58.18,36.33
2012-01-31,58.04,36.22
2012-02-01,58.94,36.61
2012-02-02,59.03,36.63
2012-02-03,60.74,37.26
2012-02-06,60.31,37.17
2012-02-07,60.16,37.13
2012-02-08,59.87,37.21
2012-02-09,59.89,37.31
2012-02-10,59.33,36.97
2012-02-13,60.14,37.42
2012-02-14,59.84,37.29
2012-02-15,59.0,36.8
2012-02-16,59.47,37.14
2012-02-17,60.1,37.28
2012-02-21,59.89,37.41
2012-02-22,59.51,37.37
2012-02-23,59.0,37.49
2012-02-24,59.27,37.48
2012-02-27,59.7,37.51
2012-02-28,59.75,37.46
2012-02-29,59.57,37.23
2012-03-01,60.12,37.36
2012-03-02,59.75,37.14
2012-03-05,59.1,36.88
2012-03-06,57.77,36.05
2012-03-07,57.74,36.42
2012-03-08,59.49,36.94
2012-03-09,59.78,37.02
2012-03-12,59.26,37.01
2012-03-13,60.37,37.78
2012-03-14,60.52,37.69
2012-03-15,60.85,38.14
2012-03-16,60.37,37.98
2012-03-19,60.46,37.98
2012-03-20,59.48,37.54
2012-03-21,59.47,37.52
2012-03-22,59.75,37.1
2012-03-23,60.16,37.16
2012-03-26,61.78,37.71
2012-03-27,61.3,37.59
2012-03-28,60.75,37.23
2012-03-29,60.7,37.25
2012-03-30,61.05,37.415
2012-04-02,61.12,37.66
2012-04-03,60.63,37.39
2012-04-04,60.15,37.12
2012-04-05,59.49,36.97
2012-04-09,57.89,36.37
2012-04-10,56.58,35.63
2012-04-11,57.08,36.03
2012-04-12,58.79,36.8
2012-04-13,58.07,36.33
2012-04-16,58.0,36.43
2012-04-17,58.93,37.03
2012-04-18,58.73,36.87
2012-04-19,58.0,36.46
2012-04-20,59.39,36.77
2012-04-23,59.2,36.36
2012-04-24,59.93,36.84
2012-04-25,60.48,36.91
2012-04-26,61.0,37.13
2012-04-27,61.29,37.36
2012-04-30,60.66,37.01
2012-05-01,60.93,37.12
2012-05-02,60.64,37.13
2012-05-03,60.47,36.83
2012-05-04,59.31,36.3
2012-05-07,59.52,36.2
2012-05-08,59.37,36.11
2012-05-09,58.37,35.69
2012-05-10,58.57,35.74
2012-05-11,58.55,35.67
2012-05-14,58.15,35.255
2012-05-15,57.48,35.08
2012-05-16,57.14,35.04
2012-05-17,55.48,34.29
2012-05-18,55.23,34.12
2012-05-21,57.03,34.88
2012-05-22,57.28,35.01
2012-05-23,57.62,35.2
2012-05-24,57.27,35.16
2012-05-25,56.75,34.92
2012-05-29,57.2,35.39
2012-05-30,56.2,34.8
2012-05-31,55.66,34.67
2012-06-01,53.94,33.71
2012-06-04,53.2,33.36
2012-06-05,53.29,33.455
2012-06-06,54.66,34.345
2012-06-07,55.37,34.54
2012-06-08,55.99,34.8
2012-06-11,55.13,34.345
2012-06-12,56.05,34.9
2012-06-13,55.12,34.55
2012-06-14,55.22,34.82
2012-06-15,56.04,34.955
2012-06-18,55.88,35.04
2012-06-19,56.58,35.51
2012-06-20,56.54,35.32
2012-06-21,55.43,34.625
2012-06-22,55.51,34.75
2012-06-25,53.72,34.105
2012-06-26,53.26,34.17
2012-06-27,54.0,34.5
2012-06-28,52.92,34.47
2012-06-29,55.84,35.67
2012-07-02,55.16,35.36
2012-07-03,55.59,35.73
2012-07-05,56.09,35.69
2012-07-06,54.89,35.21
2012-07-09,55.21,35.19
2012-07-10,53.71,34.62
2012-07-11,53.7,34.34
2012-07-12,53.6,34.21
2012-07-13,54.58,34.87
2012-07-16,54.48,34.63
2012-07-17,54.54,34.78
2012-07-18,58.18,35.43
2012-07-19,57.95,35.595
2012-07-20,57.74,35.16
2012-07-23,57.44,34.98
2012-07-24,56.68,34.59
2012-07-25,56.8,34.71
2012-07-26,57.74,35.24
2012-07-27,59.01,36.01
2012-07-30,58.39,35.91
2012-07-31,58.05,35.81
2012-08-01,58.0,35.57
2012-08-02,57.32,35.39
2012-08-03,58.91,36.16
2012-08-06,58.64,36.16
2012-08-07,58.57,36.53
2012-08-08,58.93,36.48
2012-08-09,58.97,36.51
2012-08-10,59.01,36.68
2012-08-13,58.71,36.6
2012-08-14,58.43,36.55
2012-08-15,58.47,36.63
2012-08-16,58.76,37.0
2012-08-17,59.5,37.18
2012-08-20,59.5,37.1
2012-08-21,59.11,37.02
2012-08-22,58.88,36.84
2012-08-23,58.48,36.54
2012-08-24,58.36,36.71
2012-08-27,58.39,36.6
2012-08-28,58.56,36.46
2012-08-29,58.73,36.45
2012-08-30,58.11,36.14
2012-08-31,58.45,36.36
2012-09-04,57.52,35.98
2012-09-05,57.37,35.88
2012-09-06,59.02,36.685
2012-09-07,59.9,37.0
2012-09-10,59.56,36.76
2012-09-11,59.79,36.96
2012-09-12,60.1,37.11
2012-09-13,61.12,37.53
2012-09-14,61.02,37.76
2012-09-17,61.72,37.58
2012-09-18,61.39,37.59
2012-09-19,61.28,37.68
2012-09-20,60.55,37.32
2012-09-21,60.52,36.975
2012-09-24,60.13,36.965
2012-09-25,59.31,36.48
2012-09-26,59.44,36.335
2012-09-27,60.24,36.68
2012-09-28,59.75,36.53
2012-10-01,60.8,36.6991
2012-10-02,61.45,36.64
2012-10-03,60.96,36.83
2012-10-04,61.27,37.04
2012-10-05,61.43,37.16
2012-10-08,61.28,37.07
2012-10-09,60.68,36.64
2012-10-10,60.24,36.3
2012-10-11,60.29,36.41
2012-10-12,60.2,36.45
2012-10-15,60.85,36.7
2012-10-16,61.52,37.0879
2012-10-17,61.89,37.315
2012-10-18,61.42,37.42
2012-10-19,62.49,36.79
2012-10-22,62.28,36.69
2012-10-23,61.55,36.32
2012-10-24,61.02,36.09
2012-10-25,61.43,36.29
2012-10-26,61.49,36.32
2012-10-31,61.24,36.4894
2012-11-01,62.63,37.1406
2012-11-02,62.43,36.83
2012-11-05,62.8,37.03
2012-11-06,63.53,37.43
2012-11-07,62.12,36.55
2012-11-08,61.3,36.17
2012-11-09,60.83,36.27
2012-11-12,61.44,36.37
2012-11-13,61.24,36.27
2012-11-14,59.96,35.415
2012-11-15,59.33,35.42
2012-11-16,59.15,35.52
2012-11-19,60.44,36.185
2012-11-20,60.61,36.22
2012-11-21,60.59,36.27
2012-11-23,61.26,36.74
2012-11-26,60.66,36.765
2012-11-27,60.62,36.69
2012-11-28,61.24,37.0
2012-11-29,61.34,37.21
2012-11-30,61.33,37.13
2012-12-03,60.59,36.73
2012-12-04,60.52,36.87
2012-12-05,61.57,37.26
2012-12-06,61.52,37.25
2012-12-07,61.97,37.495
2012-12-10,61.86,37.68
2012-12-11,61.65,37.76
2012-12-12,61.1,37.82
2012-12-13,61.74,37.7
2012-12-14,61.55,37.62
2012-12-17,62.39,37.97
2012-12-18,63.96,38.46
2012-12-19,63.77,38.25
2012-12-20,64.29,38.45
2012-12-21,64.21,37.93
2012-12-24,63.67,37.82
2012-12-26,63.81,37.69
2012-12-27,63.74,37.63
2012-12-28,62.92,37.22
2012-12-31,63.47,37.9
2013-01-02,64.75,38.81
2013-01-03,65.0,38.83
2013-01-04,66.33,39.12
2013-01-07,66.36,38.95
2013-01-08,65.74,38.65
2013-01-09,66.54,39.04
2013-01-10,66.42,39.23
2013-01-11,66.31,39.09
2013-01-14,66.76,39.24
2013-01-15,66.88,39.35
2013-01-16,66.73,39.19
2013-01-17,67.31,39.61
2013-01-18,67.81,39.93
2013-01-22,68.4,40.09
2013-01-23,68.27,40.1
2013-01-24,68.24,40.34
2013-01-25,68.33,40.47
2013-01-28,68.92,40.5
2013-01-29,69.09,40.59
2013-01-30,68.67,40.22
2013-01-31,68.24,40.08
2013-02-01,69.15,40.47
2013-02-04,68.56,40.12
2013-02-05,69.88,40.49
2013-02-06,69.92,40.5
2013-02-07,70.37,40.45
2013-02-08,70.53,40.61
2013-02-11,70.09,40.58
2013-02-12,70.42,40.76
2013-02-13,70.18,40.98
2013-02-14,70.09,41.04
2013-02-15,70.11,41.06
2013-02-19,70.93,41.36
2013-02-20,70.35,40.82
2013-02-21,69.8,40.52
2013-02-22,69.89,40.84
2013-02-25,68.95,40.0
2013-02-26,69.12,40.24
2013-02-27,70.35,41.0
2013-02-28,70.1,40.97
2013-03-01,70.05,40.9
2013-03-04,69.7,40.82
2013-03-05,70.68,41.4
2013-03-06,71.27,41.4
2013-03-07,72.17,41.43
2013-03-08,73.7,41.82
2013-03-11,73.86,41.96
2013-03-12,73.59,41.72
2013-03-13,73.95,41.92
2013-03-14,73.81,42.12
2013-03-15,73.46,41.97
2013-03-18,73.89,41.71
2013-03-19,74.03,41.67
2013-03-20,74.7,41.72
2013-03-21,74.59,41.3
2013-03-22,75.19,41.62
2013-03-25,74.86,41.25
2013-03-26,75.48,41.46
2013-03-27,75.17,41.46
2013-03-28,75.35,41.76
2013-04-01,74.33,41.25
2013-04-02,74.21,41.12
2013-04-03,73.33,40.87
2013-04-04,73.75,41.05
2013-04-05,72.98,40.97
2013-04-08,73.55,41.21
2013-04-09,73.54,41.34
2013-04-10,74.41,41.89
2013-04-11,74.7,42.0
2013-04-12,74.25,41.76
2013-04-15,72.2,40.49
2013-04-16,73.18,41.04
2013-04-17,71.89,40.36
2013-04-18,71.47,40.18
2013-04-19,74.18,40.38
2013-04-22,74.59,40.425
2013-04-23,74.76,40.72
2013-04-24,74.83,41.14
2013-04-25,74.53,41.35
2013-04-26,73.9,41.23
2013-04-29,73.8,41.44
2013-04-30,73.54,41.45
2013-05-01,72.53,40.91
2013-05-02,73.97,41.415
2013-05-03,75.24,42.13
2013-05-06,76.08,42.4
2013-05-07,76.9,42.79
2013-05-08,77.48,43.06
2013-05-09,77.78,43.06
2013-05-10,77.74,43.19
2013-05-13,77.86,43.02
2013-05-14,79.16,43.55
2013-05-15,79.89,43.73
2013-05-16,78.73,43.51
2013-05-17,80.75,44.17
2013-05-20,80.53,44.3
2013-05-21,80.15,44.36
2013-05-22,79.59,43.97
2013-05-23,79.24,43.85
2013-05-24,79.29,43.71
2013-05-28,79.77,43.94
2013-05-29,78.8,43.69
2013-05-30,79.44,43.95
2013-05-31,78.46,43.53
2013-06-03,78.85,43.74
2013-06-04,77.74,43.5
2013-06-05,76.7,42.71
2013-06-06,77.66,42.98
2013-06-07,79.08,43.79
2013-06-10,78.68,43.66
2013-06-11,78.16,43.26
2013-06-12,77.32,42.96
2013-06-13,78.31,43.59
2013-06-14,78.18,43.3
2013-06-17,79.71,43.64
2013-06-18,80.85,44.155
2013-06-19,79.68,43.48
2013-06-20,77.67,42.49
2013-06-21,78.25,42.3
2013-06-24,76.65,41.59
2013-06-25,77.65,42.055
2013-06-26,79.75,42.47
2013-06-27,80.2,42.89
2013-06-28,79.34,42.64
2013-07-01,80.32,43.07
2013-07-02,77.88,42.61
2013-07-03,78.51,42.63
2013-07-05,80.06,43.3
2013-07-08,80.67,43.415
2013-07-09,81.39,44.03
2013-07-10,81.21,44.02
2013-07-11,82.57,44.72
2013-07-12,82.37,44.45
2013-07-15,82.3,44.61
2013-07-16,82.03,44.37
2013-07-17,82.44,44.5
2013-07-18,82.97,44.95
2013-07-19,83.57,45.41
2013-07-22,83.04,45.44
2013-07-23,83.27,45.41
2013-07-24,83.01,45.06
2013-07-25,82.85,45.08
2013-07-26,82.88,44.93
2013-07-29,82.76,44.81
2013-07-30,83.0,45.0
2013-07-31,82.98,45.16
2013-08-01,84.56,45.93
2013-08-02,84.68,46.02
2013-08-05,84.53,45.845
2013-08-06,84.16,45.5
2013-08-07,83.65,45.43
2013-08-08,83.51,45.64
2013-08-09,83.32,45.49
2013-08-12,83.43,45.55
2013-08-13,83.69,45.75
2013-08-14,83.35,45.43
2013-08-15,82.01,44.92
2013-08-16,81.96,44.98
2013-08-19,81.46,44.74
2013-08-20,81.72,44.82
2013-08-21,80.58,44.51
2013-08-22,80.77,45.12
2013-08-23,81.4,45.13
2013-08-26,81.05,45.03
2013-08-27,79.25,44.12
2013-08-28,79.45,44.16
2013-08-29,80.06,44.29
2013-08-30,79.57,44.04
2013-09-03,80.98,44.32
2013-09-04,80.96,44.775
2013-09-05,81.39,44.88
2013-09-06,81.66,44.86
2013-09-09,82.43,45.42
2013-09-10,84.13,46.08
2013-09-11,84.03,46.27
2013-09-12,83.78,46.08
2013-09-13,84.05,46.21
2013-09-16,85.1,46.81
2013-09-17,85.45,47.01
2013-09-18,86.65,47.6
2013-09-19,86.79,47.76
2013-09-20,85.48,46.96
2013-09-23,84.13,46.81
2013-09-24,84.25,46.98
2013-09-25,83.84,46.77
2013-09-26,84.05,46.98
2013-09-27,83.58,46.68
2013-09-30,83.04,46.405
2013-10-01,83.22,46.7
2013-10-02,82.84,46.48
2013-10-03,81.45,45.97
2013-10-04,82.24,46.27
2013-10-07,82.91,45.95
2013-10-08,81.82,45.43
2013-10-09,81.9,45.41
2013-10-10,85.09,46.58
2013-10-11,86.46,46.8
2013-10-14,85.98,46.98
2013-10-15,85.14,46.51
2013-10-16,85.75,46.819
2013-10-17,86.74,47.175
2013-10-18,84.58,47.691
2013-10-21,84.65,47.81
2013-10-22,86.16,48.13
2013-10-23,86.69,48.15
2013-10-24,87.28,48.51
2013-10-25,87.5,48.76
2013-10-28,87.33,48.69
2013-10-29,87.46,48.83
2013-10-30,86.72,48.61
2013-10-31,86.73,48.62
2013-11-01,86.91,48.97
2013-11-04,86.31,49.15
2013-11-05,86.34,49.1
2013-11-06,86.72,49.24
2013-11-07,85.46,48.72
2013-11-08,87.44,49.38
2013-11-11,87.42,49.34
2013-11-12,86.59,49.36
2013-11-13,87.51,49.649
2013-11-14,88.67,49.84
2013-11-15,88.62,50.01
2013-11-18,88.68,50.085
2013-11-19,87.86,49.73
2013-11-20,87.22,49.51
2013-11-21,87.94,49.91
2013-11-22,88.8,50.35
2013-11-25,88.59,50.24
2013-11-26,88.53,50.34
2013-11-27,88.87,50.54
2013-11-29,88.51,50.4
2013-12-02,88.14,50.19
2013-12-03,87.07,49.76
2013-12-04,86.83,49.56
2013-12-05,86.86,49.58
2013-12-06,88.32,50.34
2013-12-09,87.87,50.47
2013-12-10,87.84,50.36
2013-12-11,86.45,49.57
2013-12-12,86.29,49.62
2013-12-13,86.61,49.77
2013-12-16,87.37,50.24
2013-12-17,86.48,50.22
2013-12-18,88.45,51.06
2013-12-19,88.64,51.11
2013-12-20,89.55,51.26
2013-12-23,89.72,51.46
2013-12-24,90.45,51.7
2013-12-26,91.1,52.06
2013-12-27,91.14,52.0
2013-12-30,91.0,51.95
2013-12-31,91.37,52.26
2014-01-02,90.32,51.53
2014-01-03,90.52,51.67
2014-01-06,90.43,51.37
2014-01-07,90.8,51.69
2014-01-08,90.44,51.6
2014-01-09,90.47,51.85
2014-01-10,90.16,51.93
2014-01-13,88.87,51.3
2014-01-14,89.39,51.84
2014-01-15,89.91,52.21
2014-01-16,90.05,52.08
2014-01-17,89.95,51.82
2014-01-21,90.59,51.87
2014-01-22,91.09,52.03
2014-01-23,89.8,51.41
2014-01-24,88.47,49.81
2014-01-27,90.29,49.86
2014-01-28,90.45,50.33
2014-01-29,89.74,49.79
2014-01-30,91.7,50.28
2014-01-31,91.23,50.03
2014-02-03,88.75,48.64
2014-02-04,89.76,48.95
2014-02-05,89.59,48.93
2014-02-06,91.14,49.61
2014-02-07,93.16,50.47
2014-02-10,92.85,50.15
2014-02-11,94.16,50.71
2014-02-12,94.29,51.0
2014-02-13,94.53,51.04
2014-02-14,94.61,51.37
2014-02-18,94.35,51.33
2014-02-19,92.95,50.85
2014-02-20,93.56,51.33
2014-02-21,93.93,51.39
2014-02-24,93.76,51.78
2014-02-25,93.87,51.61
2014-02-26,93.86,51.66
2014-02-27,94.37,51.96
2014-02-28,94.44,52.06
2014-03-03,93.59,51.71
2014-03-04,94.6,52.46
2014-03-05,94.66,52.53
2014-03-06,94.75,52.83
2014-03-07,95.44,53.0
2014-03-10,95.25,52.77
2014-03-11,94.11,52.39
2014-03-12,93.85,52.29
2014-03-13,92.85,51.55
2014-03-14,92.01,51.35
2014-03-17,93.4,51.98
2014-03-18,93.75,52.26
2014-03-19,92.89,51.72
2014-03-20,92.95,51.87
2014-03-21,92.99,51.65
2014-03-24,91.97,51.48
2014-03-25,92.44,51.95
2014-03-26,90.84,51.42
2014-03-27,90.3,51.35
2014-03-28,90.89,51.73
2014-03-31,92.76,52.33
2014-04-01,93.26,52.7
2014-04-02,93.88,53.07
2014-04-03,94.28,53.15
2014-04-04,93.33,52.54
2014-04-07,91.9,51.79
2014-04-08,91.97,51.79
2014-04-09,93.21,52.45
2014-04-10,91.34,51.41
2014-04-11,90.4,50.9
2014-04-14,90.92,51.19
2014-04-15,91.71,51.55
2014-04-16,93.3,52.34
2014-04-17,93.1,52.75
2014-04-21,93.18,52.9
2014-04-22,93.34,52.93
2014-04-23,94.03,53.13
2014-04-24,93.63,53.03
2014-04-25,92.65,52.51
2014-04-28,92.46,52.54
2014-04-29,92.47,52.68
2014-04-30,92.9,53.03
2014-05-01,92.24,52.9
2014-05-02,92.37,52.82
2014-05-05,92.61,52.93
2014-05-06,91.58,52.53
2014-05-07,92.92,52.98
2014-05-08,92.96,52.97
2014-05-09,92.8,53.01
2014-05-12,94.39,53.8
2014-05-13,94.22,53.89
2014-05-14,92.74,53.49
2014-05-15,91.16,53.02
2014-05-16,91.2,53.09
2014-05-19,91.89,53.3
2014-05-20,90.36,52.59
2014-05-21,91.26,53.11
2014-05-22,91.45,53.21
2014-05-23,91.97,53.55
2014-05-27,92.36,53.83
2014-05-28,92.51,53.87
2014-05-29,92.83,54.09
2014-05-30,93.15,54.05
2014-06-02,93.41,54.28
2014-06-03,93.26,54.22
2014-06-04,93.85,54.21
2014-06-05,94.95,54.76
2014-06-06,95.2,55.31
2014-06-09,95.81,55.59
2014-06-10,95.34,55.46
2014-06-11,94.91,55.05
2014-06-12,93.66,54.31
2014-06-13,93.77,54.5
2014-06-16,93.8,54.44
2014-06-17,94.3,54.59
2014-06-18,94.19,54.9
2014-06-19,94.44,55.04
2014-06-20,94.82,55.02
2014-06-23,94.27,54.7
2014-06-24,93.02,54.15
2014-06-25,93.21,54.2
2014-06-26,93.06,54.16
2014-06-27,93.26,54.29
2014-06-30,92.95,54.06
2014-07-01,94.59,54.39
2014-07-02,94.28,54.3
2014-07-03,94.88,54.75
2014-07-07,94.38,54.36
2014-07-08,94.21,53.99
2014-07-09,94.54,54.08
2014-07-10,94.28,53.76
2014-07-11,94.9,54.07
2014-07-14,95.74,54.38
2014-07-15,95.96,54.41
2014-07-16,96.39,54.64
2014-07-17,95.17,53.79
2014-07-18,96.82,54.24
2014-07-21,97.34,54.21
2014-07-22,97.19,54.41
2014-07-23,96.6,54.19
2014-07-24,96.01,53.93
2014-07-25,95.76,53.79
2014-07-28,95.17,53.52
2014-07-29,93.78,52.85
2014-07-30,94.07,52.9
2014-07-31,91.83,51.83
2014-08-01,91.57,51.78
2014-08-04,91.36,51.96
2014-08-05,91.24,51.65
2014-08-06,90.56,51.39
2014-08-07,90.96,51.44
2014-08-08,92.71,52.17
2014-08-11,93.16,52.38
2014-08-12,92.91,52.26
2014-08-13,94.27,52.77
2014-08-14,94.39,53.0
2014-08-15,94.23,52.89
2014-08-18,95.26,53.69
2014-08-19,94.72,53.82
2014-08-20,95.77,54.39
2014-08-21,95.94,54.34
2014-08-22,95.56,54.15
2014-08-25,95.81,54.36
2014-08-26,95.51,54.18
2014-08-27,95.57,54.15
2014-08-28,95.3,54.07
2014-08-29,95.23,54.02
2014-09-02,95.5,54.2
2014-09-03,95.46,54.13
2014-09-04,94.99,54.15
2014-09-05,95.61,54.33
2014-09-08,95.24,54.28
2014-09-09,94.46,54.11
2014-09-10,94.36,54.15
2014-09-11,94.74,54.17
2014-09-12,94.5,53.99
2014-09-15,94.65,53.97
2014-09-16,94.86,54.27
2014-09-17,95.54,54.48
2014-09-18,96.39,54.74
2014-09-19,96.5,54.43
2014-09-22,94.7,53.82
2014-09-23,93.39,53.38
2014-09-24,93.83,53.66
2014-09-25,92.4,52.82
2014-09-26,93.3,53.31
2014-09-29,93.53,53.23
2014-09-30,93.12,53.15
2014-10-01,91.66,52.15
2014-10-02,91.12,52.09
2014-10-03,91.71,52.8
2014-10-06,91.95,52.64
2014-10-07,89.79,51.36
2014-10-08,91.45,52.28
2014-10-09,89.77,51.07
2014-10-10,87.9,50.32
2014-10-13,85.66,49.54
2014-10-14,86.19,50.23
2014-10-15,85.11,50.11
2014-10-16,86.39,50.48
2014-10-17,90.06,51.48
2014-10-20,90.0,51.63
2014-10-21,92.92,52.78
2014-10-22,91.16,52.09
2014-10-23,93.58,53.24
2014-10-24,94.7,53.71
2014-10-27,93.7,53.69
2014-10-28,95.17,54.64
2014-10-29,95.05,54.45
2014-10-30,95.59,54.67
2014-10-31,96.12,55.21
2014-11-03,95.66,55.14
2014-11-04,95.29,55.11
2014-11-05,96.71,55.45
2014-11-06,96.71,56.03
2014-11-07,96.77,56.11
2014-11-10,97.27,56.39
2014-11-11,96.98,56.32
2014-11-12,97.01,56.4
2014-11-13,97.06,56.24
2014-11-14,96.79,56.31
2014-11-17,96.53,56.23
2014-11-18,96.83,56.65
2014-11-19,96.57,56.48
2014-11-20,96.73,56.63
2014-11-21,98.23,57.18
2014-11-24,98.27,57.33
2014-11-25,98.88,57.5
2014-11-26,99.08,57.39
2014-11-28,99.07,56.91
2014-12-01,97.4,56.18
2014-12-02,97.86,56.66
2014-12-03,99.97,57.415
2014-12-04,99.26,57.13
2014-12-05,99.69,57.26
2014-12-08,98.75,56.63
2014-12-09,99.32,56.64
2014-12-10,97.5,55.56
2014-12-11,97.89,55.825
2014-12-12,95.88,54.82
2014-12-15,95.81,54.64
2014-12-16,96.38,54.69
2014-12-17,97.66,55.2
2014-12-18,100.63,56.59
2014-12-19,101.16,56.59
2014-12-22,101.21,57.13
2014-12-23,101.98,57.34
2014-12-24,101.96,57.4
2014-12-26,101.63,57.4
2014-12-29,101.67,57.49
2014-12-30,100.72,57.15
2014-12-31,99.92,56.58
2015-01-02,100.23,56.51
2015-01-05,98.32,55.19
2015-01-06,98.09,54.51
2015-01-07,98.8,54.92
2015-01-08,100.6,56.02
2015-01-09,98.93,55.42
2015-01-12,98.45,55.04
2015-01-13,99.15,54.93
2015-01-14,98.69,54.63
2015-01-15,97.11,54.37
2015-01-16,98.22,54.73
2015-01-20,98.98,55.12
2015-01-21,99.25,55.57
2015-01-22,99.39,56.46
2015-01-23,102.5,55.985
2015-01-26,101.89,56.06
2015-01-27,100.9,55.32
2015-01-28,99.82,54.84
2015-01-29,100.17,55.47
2015-01-30,97.76,54.57
2015-02-02,99.77,55.38
2015-02-03,101.27,56.28
2015-02-04,100.75,55.85
2015-02-05,102.34,56.33
2015-02-06,101.75,56.2
2015-02-09,101.59,56.05
2015-02-10,102.44,56.36
2015-02-11,102.43,56.38
2015-02-12,103.5,56.91
2015-02-13,104.38,57.17
2015-02-17,104.0,57.25
2015-02-18,104.62,57.57
2015-02-19,104.7,57.67
2015-02-20,105.36,58.16
2015-02-23,104.38,57.91
2015-02-24,104.3,58.14
2015-02-25,104.39,58.02
2015-02-26,103.64,57.76
2015-02-27,102.78,57.49
2015-03-02,104.58,58.02
2015-03-03,104.04,57.65
2015-03-04,103.05,57.2
2015-03-05,103.13,57.24
2015-03-06,101.87,56.46
2015-03-09,103.14,56.99
2015-03-10,101.17,55.94
2015-03-11,100.65,55.88
2015-03-12,102.46,56.6
2015-03-13,101.17,56.08
2015-03-16,102.78,57.01
2015-03-17,102.21,56.78
2015-03-18,103.84,57.45
2015-03-19,103.02,57.06
2015-03-20,105.4,57.12
2015-03-23,104.3,56.64
2015-03-24,104.06,56.45
2015-03-25,101.93,55.49
2015-03-26,102.17,55.34
2015-03-27,102.96,55.55
2015-03-30,104.91,56.33
2015-03-31,104.31,55.77
2015-04-01,103.24,55.4
2015-04-02,103.51,55.43
2015-04-06,104.49,55.85
2015-04-07,104.13,55.72
2015-04-08,103.85,55.91
2015-04-09,104.39,56.18
2015-04-10,104.7,56.97
2015-04-13,103.28,56.43
2015-04-14,103.25,56.5
2015-04-15,103.79,56.6
2015-04-16,103.92,56.48
2015-04-17,101.7,55.8
2015-04-20,102.58,56.45
2015-04-21,101.33,56.38
2015-04-22,102.19,56.62
2015-04-23,103.01,56.56
2015-04-24,102.5,56.32
2015-04-27,102.54,56.3
2015-04-28,102.93,56.4
2015-04-29,101.74,56.12
2015-04-30,100.92,55.63
2015-05-01,102.5,56.33
2015-05-04,102.58,56.42
2015-05-05,101.54,55.66
2015-05-06,100.99,55.63
2015-05-07,101.01,55.92
2015-05-08,102.12,56.58
2015-05-11,102.69,56.53
2015-05-12,102.31,56.47
2015-05-13,104.44,56.59
2015-05-14,106.44,57.16
2015-05-15,106.85,57.11
2015-05-18,106.77,57.22
2015-05-19,105.81,57.06
2015-05-20,106.23,56.85
2015-05-21,106.36,57.16
2015-05-22,105.92,56.9
2015-05-26,104.84,56.28
2015-05-27,105.38,56.64
2015-05-28,105.69,56.37
2015-05-29,104.2,55.81
2015-06-01,104.06,56.06
2015-06-02,104.56,56.17
2015-06-03,104.98,56.45
2015-06-04,103.72,55.82
2015-06-05,103.74,55.86
2015-06-08,103.26,55.45
2015-06-09,103.56,55.44
2015-06-10,104.77,55.99
2015-06-11,104.9,56.31
2015-06-12,104.05,55.98
2015-06-15,103.44,55.51
2015-06-16,104.1,55.56
2015-06-17,104.2,55.71
2015-06-18,105.53,56.27
2015-06-19,105.34,55.72
2015-06-22,105.37,56.06
2015-06-23,104.76,55.92
2015-06-24,104.1,55.4
2015-06-25,103.36,54.97
2015-06-26,103.54,55.07
2015-06-29,101.85,54.03
2015-06-30,101.97,54.06
2015-07-01,102.84,54.33
2015-07-02,102.51,54.23
2015-07-06,102.38,54.02
2015-07-07,102.84,54.46
2015-07-08,100.97,53.48
2015-07-09,101.18,53.61
2015-07-10,102.41,54.17
2015-07-13,103.77,54.77
2015-07-14,104.08,54.92
2015-07-15,103.84,54.69
2015-07-16,103.57,54.94
2015-07-17,105.54,54.92
2015-07-20,106.37,54.93
2015-07-21,105.4,54.34
2015-07-22,104.74,54.1
2015-07-23,104.32,53.6
2015-07-24,102.77,52.9
2015-07-27,101.64,52.64
2015-07-28,104.2,53.66
2015-07-29,105.54,54.32
2015-07-30,105.38,54.27
2015-07-31,105.05,54.22
2015-08-03,104.7,53.96
2015-08-04,104.62,53.93
2015-08-05,105.73,54.23
2015-08-06,105.79,53.95
2015-08-07,105.46,53.69
2015-08-10,107.3,54.74
2015-08-11,105.37,54.07
2015-08-12,105.54,54.08
2015-08-13,105.52,54.04
2015-08-14,106.08,54.38
2015-08-17,106.28,54.65
2015-08-18,106.21,54.55
2015-08-19,105.04,54.04
2015-08-20,102.64,52.92
2015-08-21,98.88,51.46
2015-08-24,95.28,49.57
2015-08-25,93.93,48.98
2015-08-26,97.83,50.51
2015-08-27,99.89,51.73
2015-08-28,100.02,51.75
2015-08-31,99.27,51.29
2015-09-01,95.96,49.93
2015-09-02,98.01,51.04
2015-09-03,98.57,51.07
2015-09-04,96.59,50.36
2015-09-08,99.81,51.75
2015-09-09,98.86,51.2
2015-09-10,99.55,51.23
2015-09-11,99.62,51.51
2015-09-14,99.22,51.25
2015-09-15,100.32,52.14
2015-09-16,100.96,52.52
2015-09-17,100.53,52.29
2015-09-18,98.04,50.86
2015-09-21,97.74,51.11
2015-09-22,96.04,50.37
2015-09-23,94.59,50.02
2015-09-24,93.62,49.71
2015-09-25,93.52,49.81
2015-09-28,91.59,48.83
2015-09-29,92.52,49.15
2015-09-30,94.69,49.89
2015-10-01,94.71,49.78
2015-10-02,96.54,50.41
2015-10-05,98.38,51.84
2015-10-06,98.21,51.79
2015-10-07,99.49,52.47
2015-10-08,101.07,53.2
2015-10-09,101.16,53.38
2015-10-12,101.5,53.39
2015-10-13,99.82,52.82
2015-10-14,98.26,52.25
2015-10-15,98.5,52.82
2015-10-16,97.03,52.55
2015-10-19,97.18,52.62
2015-10-20,98.28,52.97
2015-10-21,98.77,52.98
2015-10-22,102.58,54.46
2015-10-23,103.13,54.66
2015-10-26,102.78,54.54
2015-10-27,102.45,53.94
2015-10-28,103.58,54.37
2015-10-29,102.94,54.34
2015-10-30,103.28,54.27
2015-11-02,104.18,54.9
2015-11-03,103.65,54.94
2015-11-04,103.37,54.79
2015-11-05,103.6,54.86
2015-11-06,104.0,54.86
2015-11-09,102.71,54.44
2015-11-10,102.4,54.43
2015-11-11,103.26,54.5
2015-11-12,101.97,53.76
2015-11-13,101.08,53.52
2015-11-16,102.96,54.21
2015-11-17,102.29,54.1
2015-11-18,104.06,54.85
2015-11-19,105.04,55.09
2015-11-20,105.63,55.37
2015-11-23,104.59,55.09
2015-11-24,103.17,55.0
2015-11-25,103.63,55.0
2015-11-27,104.06,55.095
2015-11-30,103.95,54.74
2015-12-01,104.15,55.0
2015-12-02,103.1,54.44
2015-12-03,102.4,53.76
2015-12-04,104.55,54.56
2015-12-07,104.18,54.29
2015-12-08,102.66,53.42
2015-12-09,101.89,53.26
2015-12-10,101.76,53.51
2015-12-11,98.23,52.61
2015-12-14,98.98,52.8
2015-12-15,98.47,52.81
2015-12-16,104.08,53.75
2015-12-17,102.31,52.86
2015-12-18,101.83,51.74
2015-12-21,102.6,52.14
2015-12-22,104.16,52.86
2015-12-23,104.96,53.48
2015-12-24,104.65,53.46
2015-12-28,104.33,53.34
2015-12-29,105.34,53.85
2015-12-30,104.46,53.4
2015-12-31,103.57,53.01
2016-01-04,102.57,52.3
2016-01-05,103.41,52.44
2016-01-06,102.24,51.63
2016-01-07,99.23,50.23
2016-01-08,98.43,49.72
2016-01-11,98.42,49.75
2016-01-12,99.17,50.15
2016-01-13,97.1,48.94
2016-01-14,98.74,49.52
2016-01-15,97.26,48.647
2016-01-19,97.33,48.64
2016-01-20,96.24,48.01
2016-01-21,96.58,48.22
2016-01-22,97.82,48.64
2016-01-25,96.48,48.04
2016-01-26,98.51,48.95
2016-01-27,96.96,48.4
2016-01-28,97.97,48.68
2016-01-29,103.2,49.99
2016-02-01,102.88,49.87
2016-02-02,100.66,48.87
2016-02-03,102.16,49.66
2016-02-04,102.55,50.52
2016-02-05,102.13,50.04
2016-02-08,101.53,49.62
2016-02-09,102.72,49.92
2016-02-10,102.6,49.68
2016-02-11,101.54,48.69
2016-02-12,103.48,49.67
2016-02-16,104.95,50.67
2016-02-17,106.13,51.45
2016-02-18,106.47,51.42
2016-02-19,107.27,51.32
2016-02-22,105.17,52.19
2016-02-23,103.64,51.67
2016-02-24,103.3,51.7
2016-02-25,104.19,52.38
2016-02-26,103.03,52.45
2016-02-29,101.35,52.12
2016-03-01,105.87,53.14
2016-03-02,106.49,53.18
2016-03-03,107.98,53.56
2016-03-04,108.15,53.78
2016-03-07,107.47,53.94
2016-03-08,107.58,53.18
2016-03-09,108.93,53.35
2016-03-10,108.36,53.27
2016-03-11,109.03,54.04
2016-03-14,108.51,54.09
2016-03-15,108.68,54.06
2016-03-16,109.23,54.25
2016-03-17,111.02,55.44
2016-03-18,112.1,55.63
2016-03-21,112.68,55.96
2016-03-22,112.98,55.64
2016-03-23,112.21,55.28
2016-03-24,111.32,55.12
2016-03-28,111.6,55.14
2016-03-29,111.9,55.5
2016-03-30,112.17,55.6
2016-03-31,112.05,55.47
2016-04-01,113.23,55.73
2016-04-04,112.55,55.1
2016-04-05,111.78,54.76
2016-04-06,113.06,55.03
2016-04-07,111.67,54.5
2016-04-08,112.12,54.71
2016-04-11,111.94,54.73
2016-04-12,113.03,55.05
2016-04-13,114.74,55.87
2016-04-14,114.52,55.97
2016-04-15,114.63,56.05
2016-04-18,115.46,56.1
2016-04-19,115.8,56.5
2016-04-20,115.18,56.41
2016-04-21,114.92,56.27
2016-04-22,114.17,56.41
2016-04-25,113.25,56.14
2016-04-26,114.8,56.64
2016-04-27,115.44,57.04
2016-04-28,114.62,56.49
2016-04-29,114.27,56.16
2016-05-02,114.67,56.45
2016-05-03,114.51,55.99
2016-05-04,112.93,55.3
2016-05-05,113.62,55.27
2016-05-06,113.78,55.64
2016-05-09,113.16,55.39
2016-05-10,114.94,56.34
2016-05-11,114.11,55.87
2016-05-12,114.19,55.75
2016-05-13,113.2,55.05
2016-05-16,114.84,55.73
2016-05-17,113.63,55.46
2016-05-18,112.69,55.27
2016-05-19,112.32,54.75
2016-05-20,113.22,55.03
2016-05-23,112.8,54.93
2016-05-24,114.37,55.5
2016-05-25,114.72,55.88
2016-05-26,114.19,55.72
2016-05-27,114.33,55.93
2016-05-31,113.83,55.92
2016-06-01,113.94,55.97
2016-06-02,114.53,56.04
2016-06-03,114.79,55.99
2016-06-06,115.54,56.52
2016-06-07,115.35,56.79
2016-06-08,116.07,57.15
2016-06-09,117.21,57.14
2016-06-10,116.68,56.47
2016-06-13,115.13,55.86
2016-06-14,115.51,55.87
2016-06-15,115.52,55.89
2016-06-16,115.79,55.99
2016-06-17,115.92,55.73
2016-06-20,117.06,56.24
2016-06-21,117.3,56.2
2016-06-22,116.57,56.04
2016-06-23,117.32,56.69
2016-06-24,112.98,54.38
2016-06-27,111.46,53.1
2016-06-28,114.06,54.0
2016-06-29,114.46,54.96
2016-06-30,116.32,56.01
2016-07-01,116.5,56.19
2016-07-05,115.23,55.68
2016-07-06,116.82,55.96
2016-07-07,116.11,56.11
2016-07-08,118.84,57.23
2016-07-11,118.57,57.59
2016-07-12,119.02,58.12
2016-07-13,119.05,58.26
2016-07-14,119.09,58.7
2016-07-15,119.23,58.69
2016-07-18,118.89,58.64
2016-07-19,119.35,58.67
2016-07-20,119.88,58.78
2016-07-21,118.66,58.18
2016-07-22,115.61,58.29
2016-07-25,115.49,57.98
2016-07-26,115.95,58.46
2016-07-27,114.96,58.23
2016-07-28,115.76,58.21
2016-07-29,116.33,58.04
2016-08-01,115.88,57.97
2016-08-02,115.45,57.43
2016-08-03,116.01,57.71
2016-08-04,115.95,57.73
2016-08-05,116.37,58.31
2016-08-08,116.04,58.39
2016-08-09,116.26,58.37
2016-08-10,116.03,58.34
2016-08-11,116.37,58.72
2016-08-12,116.1,58.56
2016-08-15,116.84,58.95
2016-08-16,116.23,58.69
2016-08-17,115.78,58.86
2016-08-18,115.86,59.04
2016-08-19,116.11,59.02
2016-08-22,116.58,58.97
2016-08-23,117.01,59.02
2016-08-24,116.76,58.84
2016-08-25,116.77,58.83
2016-08-26,116.75,58.66
2016-08-29,117.17,59.08
2016-08-30,117.02,58.92
2016-08-31,116.71,58.59
2016-09-01,116.13,58.64
2016-09-02,116.39,58.93
2016-09-06,115.71,58.76
2016-09-07,114.24,58.83
2016-09-08,113.82,58.78
2016-09-09,112.01,57.12
2016-09-12,113.49,57.85
2016-09-13,111.6,57.0
2016-09-14,114.03,56.95
2016-09-15,115.28,57.4
2016-09-16,114.26,56.61
2016-09-19,114.54,56.86
2016-09-20,114.87,56.91
2016-09-21,115.93,57.65
2016-09-22,116.83,58.06
2016-09-23,115.98,57.72
2016-09-26,115.94,57.47
2016-09-27,116.21,57.87
2016-09-28,117.16,58.32
2016-09-29,116.19,57.86
2016-09-30,116.59,58.38
2016-10-03,116.05,58.43
2016-10-04,114.88,57.94
2016-10-05,115.26,58.31
2016-10-06,115.61,58.31
2016-10-07,106.94,57.56
2016-10-10,106.8,57.62
2016-10-11,105.78,57.02
2016-10-12,107.43,57.13
2016-10-13,108.26,57.11
2016-10-14,109.0,57.23
2016-10-17,108.04,57.08
2016-10-18,107.87,57.2
2016-10-19,108.27,57.38
2016-10-20,108.14,57.07
2016-10-21,108.96,56.99
2016-10-24,109.26,57.1
2016-10-25,109.07,56.95
2016-10-26,109.43,57.15
2016-10-27,108.83,56.76
2016-10-28,109.83,57.1
2016-10-31,109.68,57.21
2016-11-01,109.15,56.72
2016-11-02,108.46,56.51
2016-11-03,108.35,56.42
2016-11-04,108.25,56.47
2016-11-07,111.25,57.86
2016-11-08,110.62,58.21
2016-11-09,112.36,59.67
2016-11-10,113.19,60.94
2016-11-11,113.25,61.05
2016-11-14,113.04,61.31
2016-11-15,113.12,61.54
2016-11-16,112.27,61.19
2016-11-17,113.1,61.32
2016-11-18,112.09,61.3
2016-11-21,112.21,61.63
2016-11-22,112.52,61.91
2016-11-23,113.83,62.37
2016-11-25,114.17,62.71
2016-11-28,113.85,62.28
2016-11-29,113.34,62.33
2016-11-30,113.94,62.41
2016-12-01,113.67,62.82
2016-12-02,112.45,62.81
2016-12-05,112.88,62.76
2016-12-06,113.07,62.88
2016-12-07,116.51,64.05
2016-12-08,115.65,63.69
2016-12-09,116.23,63.98
2016-12-12,117.41,63.75
2016-12-13,118.09,63.66
2016-12-14,116.51,63.02
2016-12-15,116.34,63.09
2016-12-16,116.38,62.58
2016-12-19,117.29,62.93
2016-12-20,117.71,63.29
2016-12-21,117.2,63.05
2016-12-22,116.92,62.93
2016-12-23,116.99,62.99
2016-12-27,117.03,63.12
2016-12-28,115.75,62.46
2016-12-29,116.0,62.44
2016-12-30,115.85,62.22
2017-01-03,116.18,62.59
2017-01-04,116.5,62.96
2017-01-05,116.76,62.78
2017-01-06,118.53,63.14
2017-01-09,117.55,62.65
2017-01-10,117.85,62.91
2017-01-11,118.01,63.24
2017-01-12,117.63,62.98
2017-01-13,118.07,63.22
2017-01-17,117.23,62.73
2017-01-18,118.06,62.97
2017-01-19,117.91,63.43
2017-01-20,117.82,63.44
2017-01-23,117.41,63.09
2017-01-24,117.96,63.72
2017-01-25,117.88,64.39
2017-01-26,117.97,64.54
2017-01-27,118.42,64.49
2017-01-30,119.11,63.94
2017-01-31,118.32,63.38
2017-02-01,118.0,63.27
2017-02-02,117.99,63.15
2017-02-03,119.19,63.62
2017-02-06,119.34,63.71
2017-02-07,119.72,63.82
2017-02-08,119.73,63.73
2017-02-09,120.66,64.22
2017-02-10,121.85,64.73
2017-02-13,123.62,65.38
2017-02-14,123.62,65.41
2017-02-15,124.28,65.76
2017-02-16,124.16,65.78
2017-02-17,124.56,65.89
2017-02-21,124.71,66.22
2017-02-22,125.04,66.04
2017-02-23,124.82,65.61
2017-02-24,125.03,65.89
2017-02-27,124.89,66.13
2017-02-28,124.5,65.86
2017-03-01,127.25,66.97
2017-03-02,126.33,66.25
2017-03-03,126.21,66.32
2017-03-06,126.08,66.16
2017-03-07,126.26,65.97
2017-03-08,126.59,65.74
2017-03-09,126.19,65.44
2017-03-10,127.04,65.84
2017-03-13,126.73,65.8
2017-03-14,125.71,65.18
2017-03-15,126.97,65.92
2017-03-16,126.36,65.62
2017-03-17,127.16,65.68
2017-03-20,126.5,65.56
2017-03-21,125.66,64.56
2017-03-22,125.5,64.79
2017-03-23,125.52,64.7
2017-03-24,124.77,64.53
2017-03-27,124.5,64.3
2017-03-28,125.28,64.98
2017-03-29,125.3,64.97
2017-03-30,125.41,65.33
2017-03-31,124.87,65.06
2017-04-03,124.33,64.92
2017-04-04,124.18,65.09
2017-04-05,123.57,64.88
2017-04-06,123.83,65.06
2017-04-07,124.27,65.13
2017-04-10,124.46,65.29
2017-04-11,124.54,65.38
2017-04-12,123.15,64.48
2017-04-13,122.5,64.02
2017-04-17,123.43,64.72
2017-04-18,123.08,64.51
2017-04-19,122.74,64.57
2017-04-20,123.77,65.35
2017-04-21,127.08,65.41
2017-04-24,129.78999,66.34
2017-04-25,129.3,66.66
2017-04-26,130.10001,66.67
2017-04-27,129.88,66.65
2017-04-28,131.14,66.34
2017-05-01,130.89999,66.14
2017-05-02,131.19,66.46
2017-05-03,131.07001,66.51
2017-05-04,131.2,66.58
2017-05-05,131.41,66.92
2017-05-08,131.13,66.74
2017-05-09,131.91,66.83
2017-05-10,131.74001,66.69
2017-05-11,131.89999,66.67
2017-05-12,131.49001,66.3
2017-05-15,131.98,66.61
2017-05-16,132.00999,66.54
2017-05-17,129.94,65.21
2017-05-18,130.42,65.3
2017-05-19,131.39999,66.16
2017-05-22,131.84,66.67
2017-05-23,131.85001,66.81
2017-05-24,132.14,66.89
2017-05-25,133.75,67.33
2017-05-26,133.25,67.41
2017-05-30,132.92999,67.39
2017-05-31,132.99001,67.52
2017-06-01,133.45,67.94
2017-06-02,134.03,68.21
2017-06-05,133.49001,67.97
2017-06-06,132.74001,67.51
2017-06-07,132.72,67.43
2017-06-08,133.55,67.65
2017-06-09,133.78999,67.91
2017-06-12,133.25999,68.16
2017-06-13,134.39,68.44
2017-06-14,134.24001,68.37
2017-06-15,134.47,68.78
2017-06-16,134.63,68.68
2017-06-19,135.84,69.1
2017-06-20,134.91,68.36
2017-06-21,134.25,67.9
2017-06-22,134.07001,67.76
2017-06-23,133.99001,68.01
2017-06-26,134.25999,68.03
2017-06-27,132.92999,67.52
2017-06-28,133.97,68.13
2017-06-29,132.32001,67.55
2017-06-30,133.28999,68.11
2017-07-03,133.71001,68.53
2017-07-05,133.8,68.73
2017-07-06,133.37,68.13
2017-07-07,134.12,68.66
2017-07-10,134.69,68.86
2017-07-11,134.22,68.8
2017-07-12,134.77,69.18
2017-07-13,135.33,69.13
2017-07-14,135.83,69.43
2017-07-17,135.25999,69.39
2017-07-18,135.19,69.23
2017-07-19,136.14999,69.3
2017-07-20,134.95,68.91
2017-07-21,136.35001,68.78
2017-07-24,137.71001,68.63
2017-07-25,137.25,68.54
2017-07-26,138.49001,68.63
2017-07-27,136.98,68.24
2017-07-28,136.78999,68.4
2017-07-31,136.12,68.31
2017-08-01,137.00999,68.11
2017-08-02,138.72,68.41
2017-08-03,139.56,68.75
2017-08-04,140.03999,68.88
2017-08-07,138.96001,68.88
2017-08-08,138.67,68.67
2017-08-09,139.0,68.69
2017-08-10,137.24001,67.82
2017-08-11,136.59,67.86
2017-08-14,138.27,68.57
2017-08-15,137.42,68.42
2017-08-16,138.08,68.61
2017-08-17,135.85001,67.42
2017-08-18,134.95,67.15
2017-08-21,135.57001,67.26
2017-08-22,136.89999,68.03
2017-08-23,136.41,67.39
2017-08-24,136.53999,67.18
2017-08-25,136.82001,67.5
2017-08-28,136.87,67.46
2017-08-29,137.63,67.95
2017-08-30,138.03999,68.23
2017-08-31,138.27,68.46
2017-09-01,137.63,68.52
2017-09-05,136.50999,67.83
2017-09-06,136.55,67.9
2017-09-07,137.08,68.04
2017-09-08,137.57001,68.27
2017-09-11,139.0,68.86
2017-09-12,138.67999,69.19
2017-09-13,137.89999,69.09
2017-09-14,137.21001,69.42
2017-09-15,138.95,69.39
2017-09-18,137.67,69.78
2017-09-19,137.75,69.85
2017-09-20,138.69,70.36
2017-09-21,140.86,70.57
2017-09-22,141.75,70.75
2017-09-25,140.81,70.75
2017-09-26,140.24001,70.75
2017-09-27,139.57001,70.83
2017-09-28,140.58,70.79
2017-09-29,141.74001,71.0
2017-10-02,142.66,71.49
2017-10-03,142.67,71.8
2017-10-04,142.55,71.78
2017-10-05,143.07001,71.95
2017-10-06,143.62,71.94
2017-10-09,143.60001,71.74
2017-10-10,143.31,71.85
2017-10-11,142.72,71.81
2017-10-12,143.19,72.19
2017-10-13,143.37,72.06
2017-10-16,143.75,72.14
2017-10-17,143.42999,71.95
2017-10-18,143.44,71.98
2017-10-19,143.62,72.18
2017-10-20,145.35001,72.96
2017-10-23,145.92,72.5
2017-10-24,146.12,72.91
2017-10-25,145.99001,72.19
2017-10-26,145.84,72.29
2017-10-27,146.2,72.32
2017-10-30,144.64,71.82
2017-10-31,144.16,71.53
2017-11-01,144.92999,71.49
2017-11-02,145.41,71.9
2017-11-03,144.97,71.83
2017-11-06,145.60001,71.87
2017-11-07,146.97,71.98
2017-11-08,146.86,71.86
2017-11-09,145.44,70.96
2017-11-10,145.75,71.06
2017-11-13,146.72,70.82
2017-11-14,147.32001,70.63
2017-11-15,146.37,70.23
2017-11-16,146.88,70.89
2017-11-17,146.49001,70.5
2017-11-20,147.94,70.82
2017-11-21,149.35001,71.33
2017-11-22,148.99001,71.41
2017-11-24,149.66,71.41
2017-11-27,150.42999,71.53
2017-11-28,152.75999,72.62
2017-11-29,153.24001,73.26
2017-11-30,155.96001,74.51
2017-12-01,154.39999,73.59
2017-12-04,153.77,74.21
2017-12-05,153.06,73.58
2017-12-06,153.0,73.69
2017-12-07,153.28,74.37
2017-12-08,153.66,74.69
2017-12-11,153.21001,74.54
2017-12-12,153.74001,74.62
2017-12-13,155.8,74.91
2017-12-14,153.23,74.4
2017-12-15,154.25,74.52
2017-12-18,154.59,75.05
2017-12-19,154.11,75.07
2017-12-20,154.73,75.32
2017-12-21,153.72,75.38
2017-12-22,153.49001,75.4
2017-12-26,153.75999,75.48
2017-12-27,153.95,75.66
2017-12-28,154.13,75.81
2017-12-29,153.36,75.67
2018-01-02,153.71001,76.12
2018-01-03,152.44,76.53
2018-01-04,154.5,77.09
2018-01-05,155.58,77.62
2018-01-08,154.74001,77.94
2018-01-09,156.00999,78.44
2018-01-10,157.09,78.43
2018-01-11,157.92,79.43
2018-01-12,159.07001,80.17
2018-01-16,157.89,79.45
2018-01-17,158.41,79.89
2018-01-18,157.78,79.46
2018-01-19,158.69,79.69
2018-01-22,158.53999,79.69
2018-01-23,159.59,79.73
2018-01-24,159.97,79.66
2018-01-25,161.84,79.74
2018-01-26,164.99001,80.66
2018-01-29,161.47,80.12
2018-01-30,158.97,79.49
2018-01-31,159.67,79.73
2018-02-01,159.64999,79.59
2018-02-02,156.64999,77.99
2018-02-05,150.17,74.45
2018-02-06,151.39999,75.81
2018-02-07,151.19,75.95
2018-02-08,146.02,73.02
2018-02-09,147.89999,73.81
2018-02-12,149.47,75.0
2018-02-13,148.5,75.17
2018-02-14,150.38,76.12
2018-02-15,153.42,77.27
2018-02-16,154.03,77.29
2018-02-20,154.34,76.51
2018-02-21,154.05,76.53
2018-02-22,153.31,77.04
2018-02-23,155.12,77.68
2018-02-26,156.5,78.75
2018-02-27,153.92,77.76
2018-02-28,151.11,76.65
2018-03-01,147.21001,75.15
2018-03-02,148.14,75.13
2018-03-05,148.50999,76.03
2018-03-06,149.33,76.37
2018-03-07,150.41,76.36
2018-03-08,151.23,76.76
2018-03-09,154.21001,78.45
2018-03-12,152.23,77.48
2018-03-13,151.5,77.1
2018-03-14,150.42,76.26
2018-03-15,151.07001,76.48
2018-03-16,151.78,76.58
2018-03-19,150.2,75.99
2018-03-20,150.48,76.25
2018-03-21,151.36,76.34
2018-03-22,146.88,73.82
2018-03-23,143.28,72.74
2018-03-26,146.94,74.5
2018-03-27,144.34,73.47
2018-03-28,143.25999,73.22
2018-03-29,144.50999,74.29
2018-04-02,142.42999,72.76
2018-04-03,144.25999,73.77
2018-04-04,144.84,74.09
2018-04-05,146.39999,74.84
2018-04-06,142.74001,72.77
2018-04-09,142.83,72.55
2018-04-10,145.63,73.66
2018-04-11,144.28,73.12
2018-04-12,146.47,74.17
2018-04-13,146.12,73.99
2018-04-16,146.75,74.73
2018-04-17,148.7,75.36
2018-04-18,149.37,76.14
2018-04-19,148.13,75.93
2018-04-20,150.57001,75.6
2018-04-23,148.62,75.51
2018-04-24,147.22,73.4
2018-04-25,147.06,73.61
2018-04-26,146.8,73.34
2018-04-27,146.92999,73.19
2018-04-30,144.67999,72.22
2018-05-01,144.50999,71.89
2018-05-02,142.98,71.26
2018-05-03,143.36,71.43
2018-05-04,143.89,72.26
2018-05-07,144.16,72.74
2018-05-08,144.23,73.26
2018-05-09,145.69,74.05
2018-05-10,147.3,74.55
2018-05-11,147.36,74.71
2018-05-14,147.3,74.58
2018-05-15,147.35001,74.33
2018-05-16,147.55,74.6
2018-05-17,147.12,74.89
2018-05-18,148.34,75.33
2018-05-21,150.49001,76.47
2018-05-22,150.87,75.53
2018-05-23,151.32001,75.46
2018-05-24,151.08,75.83
2018-05-25,150.66,75.69
2018-05-29,148.2,74.48
2018-05-30,150.44,75.53
2018-05-31,147.91,74.44
2018-06-01,150.09,75.26
2018-06-04,150.14,75.15
2018-06-05,149.87,75.24
2018-06-06,151.0,75.87
2018-06-07,152.09,76.19
2018-06-08,151.86,76.44
2018-06-11,151.87,76.59
2018-06-12,152.25999,76.51
2018-06-13,151.83,75.9
2018-06-14,151.2,75.61
2018-06-15,150.23,75.12
2018-06-18,149.95,74.81
2018-06-19,147.28,73.23
2018-06-20,146.53999,73.28
2018-06-21,143.97,72.36
2018-06-22,144.0,72.61
2018-06-25,144.03999,71.69
2018-06-26,144.00999,71.96
2018-06-27,143.14,71.38
2018-06-28,143.13,71.48
2018-06-29,144.05,71.63
2018-07-02,144.81,71.79
2018-07-03,144.94,71.56
2018-07-05,144.92,71.91
2018-07-06,145.72,72.16
2018-07-09,147.42,73.5
2018-07-10,148.03999,73.73
2018-07-11,144.52,72.52
2018-07-12,147.89,73.37
2018-07-13,147.5,73.75
2018-07-16,146.39999,73.45
2018-07-17,148.49001,73.74
2018-07-18,149.14999,74.55
2018-07-19,147.53999,74.52
2018-07-20,153.13,74.44
2018-07-23,153.7,73.98
2018-07-24,155.16,74.29
2018-07-25,158.02,75.42
2018-07-26,159.12,76.0
2018-07-27,159.34,76.01
2018-07-30,156.92,75.26
2018-07-31,159.64999,76.92
2018-08-01,156.89,75.88
2018-08-02,155.89999,75.78
2018-08-03,155.03999,75.85
2018-08-06,154.97,75.96
2018-08-07,156.36,76.5
2018-08-08,155.2,76.16
2018-08-09,153.96001,75.74
2018-08-10,153.09,75.07
2018-08-13,152.35001,74.71
2018-08-14,154.13,75.23
2018-08-15,153.17999,74.87
2018-08-16,154.10001,75.82
2018-08-17,155.17,76.28
2018-08-20,155.47,76.79
2018-08-21,156.98,77.36
2018-08-22,156.13,76.61
2018-08-23,157.91,76.39
2018-08-24,157.50999,76.72
2018-08-27,159.35001,77.69
2018-08-28,160.10001,77.53
2018-08-29,160.3,77.59
2018-08-30,159.45,77.05
2018-08-31,159.06,77.1
2018-09-04,159.64,77.04
2018-09-05,161.78999,77.59
2018-09-06,164.00999,77.83
2018-09-07,162.81,77.59
2018-09-10,163.37,77.99
2018-09-11,163.06,77.97
2018-09-12,163.89,78.21
2018-09-13,165.71001,78.68
2018-09-14,165.11,79.07
2018-09-17,165.75,79.1
2018-09-18,166.14,79.82
2018-09-19,165.8,79.75
2018-09-20,166.53999,79.87
2018-09-21,167.34,80.0
2018-09-24,165.46001,78.63
2018-09-25,165.56,78.39
2018-09-26,165.75999,78.34
2018-09-27,165.36,78.45
2018-09-28,166.39999,78.4
2018-10-01,166.44,79.09
2018-10-02,166.03,79.27
2018-10-03,165.38,79.6
2018-10-04,164.71001,79.34
2018-10-05,164.07001,78.93
2018-10-08,164.86,79.13
2018-10-09,160.94,77.91
2018-10-10,156.62,75.4
2018-10-11,153.62,73.41
2018-10-12,156.2,73.9
2018-10-15,156.21001,74.04
2018-10-16,159.56,75.29
2018-10-17,158.05,74.74
2018-10-18,155.19,73.45
2018-10-19,153.47,73.18
2018-10-22,152.61,72.93
2018-10-23,150.60001,71.73
2018-10-24,145.34,69.3
2018-10-25,147.48,69.79
2018-10-26,146.03999,69.1
2018-10-29,141.06,67.95
2018-10-30,142.96001,69.35
2018-10-31,144.82001,69.88
2018-11-01,144.45,71.11
2018-11-02,145.48,70.99
2018-11-05,147.17999,71.36
2018-11-06,148.45,72.11
2018-11-07,150.2,73.28
2018-11-08,150.55,73.16
2018-11-09,150.32001,72.42
2018-11-12,148.13,70.99
2018-11-13,147.67999,71.31
2018-11-14,147.53,71.07
2018-11-15,147.77,72.01
2018-11-16,148.55,71.99
2018-11-19,147.47,70.85
2018-11-20,144.05,69.38
2018-11-21,144.10001,69.87
2018-11-23,143.25999,69.73
2018-11-26,143.22,70.24
2018-11-27,142.89,70.12
2018-11-28,144.3,71.8
2018-11-29,145.74001,71.84
2018-11-30,146.75,72.54
2018-12-03,148.98,73.38
2018-12-04,142.67999,70.26
2018-12-06,141.56,69.87
2018-12-07,138.71001,68.03
2018-12-10,137.95,68.2
2018-12-11,136.81,67.8
2018-12-12,138.28999,68.18
2018-12-13,138.82001,67.99
2018-12-14,136.44,67.05
2018-12-17,134.38,65.95
2018-12-18,135.17999,66.28
2018-12-19,133.25999,65.03
2018-12-20,130.67,63.84
2018-12-21,129.44,62.25
2018-12-24,124.83,60.34
2018-12-26,129.57001,63.15
2018-12-27,131.57001,63.94
2018-12-28,130.75999,63.77
2018-12-31,132.12,64.41
2019-01-02,131.83,64.74
2019-01-03,130.07001,62.77
2019-01-04,134.62,65.15
2019-01-07,135.37,65.68
2019-01-08,135.09,66.58
2019-01-09,135.72,67.03
2019-01-10,137.75,67.94
2019-01-11,137.36,67.87
2019-01-14,137.61,67.86
2019-01-15,137.77,67.65
2019-01-16,138.02,67.72
2019-01-17,139.88,68.88
2019-01-18,141.85001,70.19
2019-01-22,139.82001,68.74
2019-01-23,140.74001,68.84
2019-01-24,141.17999,69.19
2019-01-25,141.71001,70.07
2019-01-28,140.48,69.4
2019-01-29,141.74001,70.36
2019-01-30,143.28,71.46
2019-01-31,143.63,71.77
2019-02-01,144.71001,71.88
2019-02-04,147.92999,72.81
2019-02-05,148.69,73.44
2019-02-06,148.89999,73.46
2019-02-07,148.14999,72.96
2019-02-08,148.61,73.07
2019-02-11,148.48,73.46
2019-02-12,150.36,74.6
2019-02-13,151.48,75.04
2019-02-14,150.52,74.69
2019-02-15,153.32001,75.69
2019-02-19,153.28,75.66
2019-02-20,154.58,76.02
2019-02-21,152.61,75.71
2019-02-22,153.2,76.21
2019-02-25,154.06,76.51
2019-02-26,153.92,76.3
2019-02-27,154.60001,76.6
2019-02-28,154.07001,76.34
2019-03-01,155.72,76.41
2019-03-04,154.5,76.07
2019-03-05,154.14999,75.58
2019-03-06,153.74001,74.87
2019-03-07,152.48,74.42
2019-03-08,151.59,74.27
2019-03-11,153.19,74.9
2019-03-12,153.5,74.28
2019-03-13,155.03999,74.93
2019-03-14,155.25,74.68
2019-03-15,155.35001,73.99
2019-03-18,156.92999,74.71
2019-03-19,157.24001,74.44
2019-03-20,156.28999,73.93
2019-03-21,158.45,74.64
2019-03-22,155.83,72.95
2019-03-25,155.92999,73.12
2019-03-26,157.48,73.61
2019-03-27,157.11,73.69
2019-03-28,158.53999,74.23
2019-03-29,158.92,75.03
2019-04-01,161.47,76.58
2019-04-02,161.03999,76.55
2019-04-03,160.28999,76.32
2019-04-04,161.07001,76.79
2019-04-05,161.7,77.01
2019-04-08,162.06,76.68
2019-04-09,160.85001,75.64
2019-04-10,159.97,75.62
2019-04-11,160.89999,76.27
2019-04-12,162.47,77.28
2019-04-15,162.0,76.85
2019-04-16,162.86,77.32
2019-04-17,162.89,77.42
2019-04-18,169.06,78.31
2019-04-22,168.24001,78.07
2019-04-23,171.81,78.75
2019-04-24,171.28999,78.52
2019-04-25,170.42,76.94
2019-04-26,172.25,77.52
2019-04-29,172.55,77.7
2019-04-30,173.63,78.01
2019-05-01,170.94,77.5
2019-05-02,171.38,77.46
2019-05-03,173.53999,78.4
2019-05-06,172.61,77.65
2019-05-07,169.85001,76.08
2019-05-08,170.36,76.08
2019-05-09,170.39,75.97
2019-05-10,171.63,76.27
2019-05-13,166.82001,74.1
2019-05-14,168.16,74.87
2019-05-15,169.38,74.97
2019-05-16,170.78999,75.66
2019-05-17,169.95,74.82
2019-05-20,168.62,74.63
2019-05-21,169.60001,75.51
2019-05-22,169.31,74.89
2019-05-23,166.44,73.75
2019-05-24,166.67999,73.78
2019-05-28,165.25999,73.1
2019-05-29,164.37,72.77
2019-05-30,165.45,73.05
2019-05-31,164.31,72.05
2019-06-03,166.47,72.54
2019-06-04,168.14999,74.27
2019-06-05,169.41,74.99
2019-06-06,170.25999,75.12
2019-06-07,172.25999,75.72
2019-06-10,171.28,75.82
2019-06-11,171.64999,75.17
2019-06-12,172.89999,75.33
2019-06-13,173.19,75.71
2019-06-14,172.81,75.41
2019-06-17,172.36,75.15
2019-06-18,175.75,76.61
2019-06-19,175.41,76.55
2019-06-20,176.28999,77.83
2019-06-21,174.31,77.08
2019-06-24,174.61,76.93
2019-06-25,173.94,76.35
2019-06-26,173.59,76.54
2019-06-27,173.84,76.61
2019-06-28,174.59,77.42
2019-07-01,176.81,77.49
2019-07-02,176.62,77.39
2019-07-03,178.39999,77.82
2019-07-05,176.59,77.51
2019-07-08,175.67,76.87
2019-07-09,175.52,76.7
2019-07-10,174.46001,76.52
2019-07-11,174.53999,77.04
2019-07-12,177.14,78.39
2019-07-15,175.00999,78.07
2019-07-16,174.78,78.57
2019-07-17,168.62,76.89
2019-07-18,173.88,77.03
2019-07-19,172.99001,77.45
2019-07-22,173.58,77.51
2019-07-23,174.86,78.49
2019-07-24,173.96001,78.83
2019-07-25,173.77,78.67
2019-07-26,173.61,78.5
2019-07-29,174.53,78.36
2019-07-30,173.91,78.7
2019-07-31,172.46001,77.82
2019-08-01,169.55,76.31
2019-08-02,168.00999,75.82
2019-08-05,162.00999,73.72
2019-08-06,164.52,74.83
2019-08-07,163.39,74.79
2019-08-08,167.00999,76.06
2019-08-09,166.67,75.42
2019-08-12,164.69,74.38
2019-08-13,167.98,75.27
2019-08-14,164.03999,72.97
2019-08-15,162.27,72.89
2019-08-16,165.03,74.3
2019-08-19,165.86,75.0
2019-08-20,163.47,74.56
2019-08-21,163.78999,75.02
2019-08-22,162.89999,75.13
2019-08-23,156.49001,73.12
2019-08-26,156.91,73.66
2019-08-27,157.48,73.28
2019-08-28,159.55,74.18
2019-08-29,163.60001,75.45
2019-08-30,164.62,75.76
2019-09-03,163.53,74.73
2019-09-04,167.14,75.68
2019-09-05,170.37,77.04
2019-09-06,171.16,77.2
2019-09-09,169.66,77.43
2019-09-10,169.61,78.14
2019-09-11,171.28,78.87
2019-09-12,168.63,78.92
2019-09-13,167.71001,79.35
2019-09-16,166.21001,79.28
2019-09-17,166.46001,79.24
2019-09-18,167.97,79.12
2019-09-19,166.77,78.72
2019-09-20,168.31,77.81
2019-09-23,167.14,77.66
2019-09-24,165.75999,77.22
2019-09-25,166.92999,77.72
2019-09-26,167.03,77.83
2019-09-27,168.03999,77.52
2019-09-30,169.2,77.63
2019-10-01,164.19,75.77
2019-10-02,161.08,74.34
2019-10-03,161.52,74.83
2019-10-04,163.63,75.61
2019-10-07,163.17999,75.23
2019-10-08,158.62,74.07
2019-10-09,159.84,74.7
2019-10-10,160.97,75.38
2019-10-11,163.53,76.8
2019-10-14,162.98,76.65
2019-10-15,163.64,77.27
2019-10-16,163.63,77.23
2019-10-17,167.52,77.61
2019-10-18,165.57001,76.94
2019-10-21,168.94,77.4
2019-10-22,168.94,78.01
2019-10-23,169.85001,78.0
2019-10-24,171.46001,78.11
2019-10-25,171.63,78.6
2019-10-28,172.67999,78.82
2019-10-29,173.16,79.08
2019-10-30,174.60001,79.36
2019-10-31,172.73,78.51
2019-11-01,176.12,80.22
2019-11-04,180.0,81.15
2019-11-05,180.67999,81.32
2019-11-06,180.81,81.37
2019-11-07,179.66,81.65
2019-11-08,181.21001,81.76
2019-11-11,180.83,81.8
2019-11-12,182.00999,81.79
2019-11-13,181.95,81.45
2019-11-14,179.64999,81.71
2019-11-15,181.75,82.31
2019-11-18,179.8,82.0
2019-11-19,180.12,81.93
2019-11-20,177.22,81.28
2019-11-21,176.53,81.25
2019-11-22,176.78999,81.67
2019-11-25,176.50999,82.26
2019-11-26,178.52,82.5
2019-11-27,179.42,82.42
2019-11-29,178.55,82.04
2019-12-02,174.32001,80.69
2019-12-03,172.55,79.81
2019-12-04,173.21001,80.12
2019-12-05,174.00999,80.14
2019-12-06,175.46001,81.11
2019-12-09,174.49001,80.8
2019-12-10,174.03999,80.7
2019-12-11,176.00999,81.21
2019-12-12,177.39,81.93
2019-12-13,176.98,81.71
2019-12-16,176.39999,81.67
2019-12-17,176.7,81.59
2019-12-18,174.64,81.25
2019-12-19,176.5,81.47
2019-12-20,176.41,81.44
2019-12-23,176.42999,82.11
2019-12-24,176.31,81.78
2019-12-26,176.88,81.97
2019-12-27,176.48,81.9
2019-12-30,176.42,81.52
2019-12-31,177.0,81.47
2020-01-02,180.78999,83.01
2020-01-03,178.86,82.85
2020-01-06,177.50999,82.88
2020-01-07,177.61,82.71
2020-01-08,177.75999,82.99
2020-01-09,179.07001,83.34
2020-01-10,178.67999,82.75
2020-01-13,181.27,83.43
2020-01-14,180.45,83.44
2020-01-15,180.73,83.57
2020-01-16,182.25999,84.4
2020-01-17,183.23,84.41
2020-01-21,180.92999,83.48
2020-01-22,180.05,83.04
2020-01-23,179.58,83.94
2020-01-24,177.13,83.55
2020-01-27,173.53999,81.97
2020-01-28,175.46001,82.5
2020-01-29,175.67,82.94
2020-01-30,178.34,83.03
2020-01-31,173.22,81.11
2020-02-03,171.32001,81.08
2020-02-04,175.21001,82.61
2020-02-05,176.89999,83.99
2020-02-06,176.35001,84.26
2020-02-07,175.28,83.65
2020-02-10,176.95,84.12
2020-02-11,179.14999,84.44
2020-02-12,181.17999,85.23
2020-02-13,180.12,84.75
2020-02-14,180.81,84.64
2020-02-18,179.42,84.16
2020-02-19,180.86,84.13
2020-02-20,180.7,84.01
2020-02-21,179.88,83.59
2020-02-24,175.27,81.21
2020-02-25,167.8,77.9
2020-02-26,167.17999,77.31
2020-02-27,159.55,74.44
2020-02-28,162.17,73.08
2020-03-02,164.24001,75.65
2020-03-03,161.89,73.8
2020-03-04,171.19,76.85
2020-03-05,164.92,73.09
2020-03-06,164.03,72.45
2020-03-09,152.86,65.77
2020-03-10,161.69,69.18
2020-03-11,153.39,65.12
2020-03-12,134.85001,58.38
2020-03-13,149.41,62.94
2020-03-16,135.27,55.8
2020-03-17,131.8,58.37
2020-03-18,119.61,54.07
2020-03-19,118.96,54.11
2020-03-20,112.5,51.4
2020-03-23,103.86,48.77
2020-03-24,119.51,54.94
2020-03-25,129.64999,57.83
2020-03-26,137.39999,61.48
2020-03-27,131.27,58.89
2020-03-30,131.75,59.75
2020-03-31,133.78999,59.01
2020-04-01,129.71001,56.35
2020-04-02,132.81,57.1
2020-04-03,127.45,56.34
2020-04-06,134.0,60.24
2020-04-07,135.24001,60.1
2020-04-08,139.25,62.28
2020-04-09,143.42999,63.22
2020-04-13,137.94,61.37
2020-04-14,140.59,62.54
2020-04-15,134.84,60.81
2020-04-16,132.33,60.27
2020-04-17,138.32001,63.1
2020-04-20,135.7,61.42
2020-04-21,132.0,59.97
2020-04-22,133.03,60.6
2020-04-23,134.67999,61.08
2020-04-24,135.52,61.57
2020-04-27,139.88,63.1
2020-04-28,142.75999,64.28
2020-04-29,146.16,65.51
2020-04-30,141.89999,64.21
2020-05-01,137.25,62.27
2020-05-04,135.2,61.48
2020-05-05,134.87,61.72
2020-05-06,133.03999,60.87
2020-05-07,132.78999,61.58
2020-05-08,136.91,63.11
2020-05-11,134.28,62.32
2020-05-12,127.59,60.57
2020-05-13,122.97,59.05
2020-05-14,127.05,59.67
2020-05-15,125.41,59.46
2020-05-18,136.03999,63.38
2020-05-19,131.95,62.57
2020-05-20,136.03,63.74
2020-05-21,137.69,63.89
2020-05-22,139.17999,63.84
2020-05-26,144.94,66.52
2020-05-27,148.59,68.74
2020-05-28,147.56,68.09
2020-05-29,145.85001,67.67
2020-06-01,146.17999,67.82
2020-06-02,148.35001,68.7
2020-06-03,153.35001,71.38
2020-06-04,155.91,72.14
2020-06-05,161.37,74.79
2020-06-08,162.92,76.29
2020-06-09,158.10001,74.39
2020-06-10,154.12,72.61
2020-06-11,143.44,67.51
2020-06-12,144.50999,68.82
2020-06-15,146.63,69.5
2020-06-16,149.11,70.86
2020-06-17,148.34,70.35
2020-06-18,148.23,70.09
2020-06-19,145.37,69.23
2020-06-22,144.94,69.04
2020-06-23,144.86,69.05
2020-06-24,138.35001,66.65
2020-06-25,142.46001,67.39
2020-06-26,138.21001,66.14
2020-06-29,143.24001,68.31
2020-06-30,144.59,68.7
2020-07-01,144.11,68.39
2020-07-02,145.02,68.98
2020-07-06,147.22,69.97
2020-07-07,144.97,68.63
2020-07-08,145.59,68.63
2020-07-09,141.37,67.14
2020-07-10,142.45,68.01
2020-07-13,143.49001,68.29
2020-07-14,148.10001,69.77
2020-07-15,151.92999,71.55
2020-07-16,153.08,71.57
2020-07-17,155.0,72.0
2020-07-20,153.39,71.12
2020-07-21,154.75999,72.06
2020-07-22,154.61,72.64
2020-07-23,153.73,72.42
2020-07-24,149.42999,71.84
2020-07-27,150.75999,72.14
2020-07-28,152.00999,71.64
2020-07-29,154.58,72.73
2020-07-30,149.16,72.0
2020-07-31,149.37,71.73
2020-08-03,148.53,72.03
2020-08-04,147.33,72.21
2020-08-05,150.82001,73.59
2020-08-06,152.58,73.87
2020-08-07,155.11,75.13
2020-08-10,159.42999,76.98
2020-08-11,160.28,77.39
2020-08-12,160.07001,77.64
2020-08-13,158.98,77.23
2020-08-14,160.28,77.53
2020-08-17,158.75999,77.17
2020-08-18,157.38,76.75
2020-08-19,156.85001,76.55
2020-08-20,156.17,76.14
2020-08-21,157.5,76.45
2020-08-24,159.37,77.83
2020-08-25,164.53,77.73
2020-08-26,165.31,77.77
2020-08-27,165.99001,78.05
2020-08-28,168.38,78.79
2020-08-31,165.55,77.81
2020-09-01,167.97,78.6
2020-09-02,172.47,79.9
2020-09-03,166.3,77.66
2020-09-04,166.69,77.84
2020-09-08,164.27,76.38
2020-09-09,165.75,77.56
2020-09-10,164.27,76.57
2020-09-11,166.45,77.61
2020-09-14,168.47,78.66
2020-09-15,168.3,78.71
2020-09-16,170.0,79.51
2020-09-17,170.34,79.67
2020-09-18,168.7,78.78
2020-09-21,161.37,75.87
2020-09-22,162.67999,76.62
2020-09-23,158.78999,75.25
2020-09-24,158.75999,75.36
2020-09-25,161.49001,76.49
2020-09-28,164.64,77.87
2020-09-29,164.50999,77.18
2020-09-30,164.61,76.98
2020-10-01,163.67999,76.75
2020-10-02,165.61,77.61
2020-10-05,168.72,78.86
2020-10-06,166.89,77.9
2020-10-07,171.55,79.62
2020-10-08,173.78,80.41
2020-10-09,174.38,80.71
2020-10-12,175.36,81.17
2020-10-13,171.55,80.27
2020-10-14,173.47,80.72
2020-10-15,172.61,81.01
2020-10-16,174.86,81.6
2020-10-19,171.59,80.59
2020-10-20,173.25999,81.01
2020-10-21,172.87,80.19
2020-10-22,176.85001,80.85
2020-10-23,175.53999,81.17
2020-10-26,170.17,79.14
2020-10-27,166.75,77.41
2020-10-28,161.16,74.87
2020-10-29,164.60001,75.96
2020-10-30,164.95,75.87
2020-11-02,173.61,77.92
2020-11-03,179.21001,80.22
2020-11-04,178.91,79.39
2020-11-05,183.28,81.26
2020-11-06,184.27,81.34
2020-11-09,196.99001,84.11
2020-11-10,201.98,85.59
2020-11-11,199.28999,84.87
2020-11-12,197.24001,83.9
2020-11-13,201.53999,85.76
2020-11-16,208.59,87.85
2020-11-17,205.33,87.62
2020-11-18,201.11,87.23
2020-11-19,202.72,87.45
2020-11-20,202.0,86.66
2020-11-23,204.58,88.11
2020-11-24,207.89,89.65
2020-11-25,207.67999,88.97
2020-11-27,209.41,88.82
2020-11-30,203.92,88.03
2020-12-01,206.2,87.81
2020-12-02,208.0,87.93
2020-12-03,208.22,88.16
2020-12-04,212.67999,89.21
2020-12-07,211.10001,88.78
2020-12-08,212.07001,89.21
2020-12-09,212.24001,89.41
2020-12-10,211.97,88.56
2020-12-11,214.63,88.77
2020-12-14,211.85001,87.62
2020-12-15,214.17,88.84
2020-12-16,210.31,88.29
2020-12-17,211.94,88.83
2020-12-18,210.03999,88.84
2020-12-21,210.66,87.94
2020-12-22,207.94,87.53
2020-12-23,209.99001,87.99
2020-12-24,209.53,88.0
2020-12-28,209.94,88.11
2020-12-29,209.13,87.58
2020-12-30,210.95,88.14
2020-12-31,212.7,88.55
2021-01-04,207.95,86.41
2021-01-05,208.46001,87.26
2021-01-06,212.25999,89.34
2021-01-07,212.61,89.83
2021-01-08,210.03,89.61
2021-01-11,208.36,89.58
2021-01-12,208.88,90.47
2021-01-13,207.02,89.69
2021-01-14,208.61,90.0
2021-01-15,205.97,88.83
2021-01-19,206.75999,89.12
2021-01-20,208.08,89.67
2021-01-21,205.23,88.97
2021-01-22,202.25,88.51
2021-01-25,201.87,87.91
2021-01-26,201.06,87.1
2021-01-27,199.38,85.37
2021-01-28,202.84,86.64
2021-01-29,195.37,84.77
2021-02-01,195.56,85.65
2021-02-02,200.12,87.47
2021-02-03,199.14,87.53
2021-02-04,200.59,88.47
2021-02-05,202.92,88.99
2021-02-08,203.86,89.75
2021-02-09,202.02,89.98
2021-02-10,202.16,89.84
2021-02-11,202.17999,89.65
2021-02-12,203.57001,90.3
2021-02-16,203.44,90.21
2021-02-17,201.89999,89.96
2021-02-18,203.52,89.51
2021-02-19,203.56,90.98
2021-02-22,203.62,91.27
2021-02-23,205.03999,91.55
2021-02-24,211.03,93.28
2021-02-25,204.78999,91.56
2021-02-26,202.35001,90.61
2021-03-01,206.22,92.93
2021-03-02,206.58,92.66
2021-03-03,207.00999,92.76
2021-03-04,202.94,91.28
2021-03-05,206.58,93.44
2021-03-08,207.7,94.42
2021-03-09,207.61,94.03
2021-03-10,212.91,95.42
2021-03-11,212.5,95.49
2021-03-12,214.38,96.77
2021-03-15,216.2,97.58
2021-03-16,211.81,96.19
2021-03-17,213.03,97.3
2021-03-18,215.02,97.21
2021-03-19,212.91,96.47
2021-03-22,212.13,96.12
2021-03-23,208.59,94.44
2021-03-24,212.22,95.13
2021-03-25,213.88,96.65
2021-03-26,218.53,98.32
2021-03-29,218.88,98.34
2021-03-30,218.09,98.77
2021-03-31,217.07001,98.45
2021-04-01,216.8,98.78
2021-04-05,219.27,100.0
2021-04-06,219.19,99.76
2021-04-07,218.5,99.3
2021-04-08,219.86,99.54
2021-04-09,226.98,100.51
2021-04-12,228.60001,100.88
2021-04-13,229.0,100.39
2021-04-14,229.38,100.52
2021-04-15,229.84,100.92
2021-04-16,232.11,101.14
2021-04-19,230.97,100.72
2021-04-20,227.33,99.61
2021-04-21,230.5,100.97
2021-04-22,229.25999,100.46
2021-04-23,224.5,101.56
2021-04-26,221.52,101.26
2021-04-27,222.92999,102.1
2021-04-28,222.87,101.89
2021-04-29,223.89999,102.61
2021-04-30,223.03999,101.93
2021-05-03,223.2,102.98
2021-05-04,225.42999,103.43
2021-05-05,226.19,103.53
2021-05-06,228.66,104.25
2021-05-07,228.78999,105.35
2021-05-10,230.94,105.45
2021-05-11,229.16,103.89
2021-05-12,220.03999,101.4
2021-05-13,223.67999,103.3
2021-05-14,227.36,104.73
2021-05-17,226.47,104.41
2021-05-18,222.32001,102.89
2021-05-19,221.32001,102.31
2021-05-20,222.13,102.54
2021-05-21,223.2,103.04
2021-05-24,225.0,103.68
2021-05-25,224.03999,103.37
2021-05-26,224.27,103.7
2021-05-27,231.27,105.12
2021-05-28,230.91,105.12
2021-06-01,232.95,105.53
2021-06-02,230.74001,105.23
2021-06-03,229.2,105.0
2021-06-04,230.05,105.34
2021-06-07,228.19,104.61
2021-06-08,229.81,104.88
2021-06-09,227.81,103.81
2021-06-10,226.25,103.3
2021-06-11,225.17999,103.51
2021-06-14,223.17,103.04
2021-06-15,222.5,103.48
2021-06-16,218.99001,102.5
2021-06-17,216.28999,100.92
2021-06-18,212.5,99.61
2021-06-21,216.0,101.48
2021-06-22,215.49001,101.59
2021-06-23,214.66,101.36
2021-06-24,217.69,102.15
2021-06-25,218.74001,102.35
2021-06-28,216.78999,101.81
2021-06-29,215.95,101.61
2021-06-30,219.35001,102.4
2021-07-01,220.62,103.13
2021-07-02,221.32001,103.29
2021-07-06,218.56,102.3
2021-07-07,220.74001,103.32
2021-07-08,219.32001,101.88
2021-07-09,224.34,103.49
2021-07-12,225.02,103.63
2021-07-13,224.08,102.63
2021-07-14,227.77,102.62
2021-07-15,232.81,102.82
2021-07-16,230.33,101.91
2021-07-19,220.66,99.78
2021-07-20,229.66,102.57
2021-07-21,231.85001,103.55
2021-07-22,232.74001,103.17
2021-07-23,229.32001,103.61
2021-07-26,229.25,103.56
2021-07-27,230.36,102.99
2021-07-28,230.49001,102.75
2021-07-29,232.88,103.56
2021-07-30,233.78999,103.36
2021-08-02,232.42,102.65
2021-08-03,232.64999,103.99
2021-08-04,229.59,102.58
2021-08-05,229.88,103.06
2021-08-06,229.67999,103.54
2021-08-09,228.23,103.13
2021-08-10,231.88,104.18
2021-08-11,234.17999,105.53
2021-08-12,231.94,105.33
2021-08-13,231.75999,105.0
2021-08-16,233.74001,105.36
2021-08-17,231.45,104.22
2021-08-18,228.42,103.08
2021-08-19,227.73,102.36
2021-08-20,227.7,102.63
2021-08-23,229.11,103.47
2021-08-24,230.44,103.99
2021-08-25,230.66,104.66
2021-08-26,230.88,104.2
2021-08-27,231.14,104.92
2021-08-30,231.87,104.8
2021-08-31,231.91,104.51
2021-09-01,229.8,104.11
2021-09-02,230.97,105.23
2021-09-03,228.36,104.59
2021-09-07,222.92999,102.78
2021-09-08,224.39999,102.92
2021-09-09,222.92999,102.42
2021-09-10,222.37,101.96
2021-09-13,223.60001,102.23
2021-09-14,220.19,101.0
2021-09-15,221.69,102.11
2021-09-16,219.64999,101.41
2021-09-17,218.49001,100.33
2021-09-20,215.73,98.86
2021-09-21,214.89999,98.34
2021-09-22,217.02,99.12
2021-09-23,219.7,100.64
2021-09-24,219.19,100.85
2021-09-27,217.89999,100.95
2021-09-28,214.97,99.78
2021-09-29,214.92,99.89
2021-09-30,212.28,97.84
2021-10-01,215.64999,99.18
2021-10-04,214.21001,98.64
2021-10-05,215.72,99.74
2021-10-06,216.86,100.18
2021-10-07,218.37,100.96
2021-10-08,217.7,100.95
2021-10-11,215.28999,100.14
2021-10-12,214.33,99.81
2021-10-13,215.58,100.02
2021-10-14,218.59,101.91
2021-10-15,220.72,102.89
2021-10-18,220.63,102.96
2021-10-19,221.78,103.57
2021-10-20,223.64,104.22
2021-10-21,224.52,104.43
2021-10-22,217.39999,104.8
2021-10-25,217.53999,105.04
2021-10-26,218.32001,104.39
2021-10-27,215.72,103.17
2021-10-28,218.48,104.46
2021-10-29,218.62,104.49
2021-11-01,219.75999,104.78
2021-11-02,221.19,105.13
2021-11-03,222.8,104.9
2021-11-04,222.49001,105.32
2021-11-05,226.06,106.39
2021-11-08,225.73,106.83
2021-11-09,227.75,107.1
2021-11-10,225.41,106.5
2021-11-11,221.00999,106.06
2021-11-12,222.39,106.9
2021-11-15,222.47,107.1
2021-11-16,221.37,107.12
2021-11-17,220.49001,106.48
2021-11-18,220.7,106.26
2021-11-19,218.49001,105.73
2021-11-22,218.14,106.02
2021-11-23,216.0,106.2
2021-11-24,212.21001,106.08
2021-11-26,208.21001,103.21
2021-11-29,207.66,103.39
2021-11-30,202.24001,100.77
2021-12-01,199.42,99.37
2021-12-02,204.0,102.32
2021-12-03,203.5,102.2
2021-12-06,206.25,103.93
2021-12-07,207.14999,104.99
2021-12-08,204.64999,105.25
2021-12-09,206.0,104.92
2021-12-10,209.81,105.35
2021-12-13,209.23,104.26
2021-12-14,206.67999,103.27
2021-12-15,209.75999,104.17
2021-12-16,209.61,104.22
2021-12-17,205.17,102.44
2021-12-20,199.85001,100.42
2021-12-21,201.67,102.42
2021-12-22,201.84,102.71
2021-12-23,205.22,103.92
2021-12-27,206.42999,105.02
2021-12-28,207.05,105.55
2021-12-29,207.53,105.74
2021-12-30,207.11,105.36
2021-12-31,208.50999,105.81
2022-01-03,206.8,104.94
2022-01-04,209.0,107.05
2022-01-05,211.06,106.03
2022-01-06,210.82001,106.52
2022-01-07,215.75,106.49
2022-01-10,213.46001,105.29
2022-01-11,216.31,105.92
2022-01-12,218.25,106.26
2022-01-13,219.42999,106.49
2022-01-14,217.64999,105.85
2022-01-18,213.59,104.63
2022-01-19,210.73,103.46
2022-01-20,208.92,102.14
2022-01-21,205.10001,101.2
2022-01-24,204.45,101.78
2022-01-25,202.3,100.78
2022-01-26,200.64999,99.9
2022-01-27,200.64999,99.01
2022-01-28,201.99001,99.7
2022-01-31,204.48,100.74
2022-02-01,205.34,102.13
2022-02-02,207.55,102.84
2022-02-03,191.74001,101.2
2022-02-04,191.5,100.11
2022-02-07,192.48,100.19
2022-02-08,194.56,101.19
2022-02-09,196.62,102.58
2022-02-10,191.75,100.9
2022-02-11,186.99001,99.36
2022-02-14,186.69,98.99
2022-02-15,189.53,100.48
2022-02-16,189.06,101.01
2022-02-17,184.59,99.16
2022-02-18,182.13,98.34
2022-02-22,182.56,97.39
2022-02-23,178.96001,95.6
2022-02-24,182.34,96.82
2022-02-25,188.56,99.13
2022-02-28,189.75,99.89
2022-03-01,183.60001,98.4
2022-03-02,186.44,100.5
2022-03-03,187.52,100.61
2022-03-04,187.42999,100.39
2022-03-07,182.16,97.7
2022-03-08,183.24001,97.1
2022-03-09,185.39999,98.86
2022-03-10,184.36,98.73
2022-03-11,182.24001,97.94
2022-03-14,183.2,98.27
2022-03-15,187.78999,99.83
2022-03-16,191.03,101.15
2022-03-17,191.92999,102.45
2022-03-18,194.72,102.84
2022-03-21,193.02,102.73
2022-03-22,195.03,103.29
2022-03-23,192.34,102.3
2022-03-24,194.69,103.08
2022-03-25,197.78999,103.72
2022-03-28,197.11,103.75
2022-03-29,197.53999,104.71
2022-03-30,196.53999,104.59
2022-03-31,194.58,102.98
2022-04-01,196.03,102.18
2022-04-04,196.07001,102.05
2022-04-05,193.63,100.6
2022-04-06,193.62,99.82
2022-04-07,192.7,100.16
2022-04-08,190.16,99.6
2022-04-11,189.27,99.28
2022-04-12,190.99001,99.12
2022-04-13,194.85001,100.05
2022-04-14,195.19,99.94
2022-04-18,192.07001,99.59
2022-04-19,197.2,101.4
2022-04-20,196.34,101.95
2022-04-21,195.94,100.91
2022-04-22,190.63,98.43
2022-04-25,191.82001,98.43
2022-04-26,187.67,96.28
2022-04-27,186.35001,96.64
2022-04-28,189.92,97.73
2022-04-29,193.50999,95.14
2022-05-02,196.87,95.34
2022-05-03,197.03999,95.97
2022-05-04,205.85001,98.75
2022-05-05,197.87,96.17
2022-05-06,195.42999,95.52
2022-05-09,193.96001,93.21
2022-05-10,194.77,92.6
2022-05-11,192.02,91.76
2022-05-12,192.92,91.93
2022-05-13,193.53,93.1
2022-05-16,193.96001,92.97
2022-05-17,199.06,95.08
2022-05-18,193.87,91.54
2022-05-19,192.64999,90.72
2022-05-20,189.75,89.74
2022-05-23,189.58,91.21
2022-05-24,189.96001,91.16
2022-05-25,190.44,91.69
2022-05-26,193.10001,93.55
2022-05-27,196.35001,95.47
2022-05-31,193.62,94.7
2022-06-01,191.91,94.12
2022-06-02,197.03999,95.92
2022-06-03,194.82001,95.55
2022-06-06,195.19,95.95
2022-06-07,197.62,97.24
2022-06-08,194.52,95.48
2022-06-09,192.00999,93.6
2022-06-10,186.28,90.84
2022-06-13,184.42,88.11
2022-06-14,183.28,87.89
2022-06-15,184.97,88.74
2022-06-16,179.88,85.78
2022-06-17,179.7,85.56
2022-06-21,180.50999,86.74
2022-06-22,177.73,86.26
2022-06-23,174.57001,85.82
2022-06-24,180.02,88.82
2022-06-27,178.28999,88.61
2022-06-28,175.95,87.58
2022-06-29,173.2,87.07
2022-06-30,173.81,87.34
2022-07-01,175.11,88.1
2022-07-05,172.09,86.78
2022-07-06,173.21001,87.28
2022-07-07,173.78999,88.31
2022-07-08,173.34,87.91
2022-07-11,172.84,87.32
2022-07-12,173.61,87.05
2022-07-13,170.87,85.99
2022-07-14,169.50999,85.5
2022-07-15,172.8,86.84
2022-07-18,170.95,86.32
2022-07-19,177.23,89.4
2022-07-20,178.25999,90.09
2022-07-21,180.03,90.74
2022-07-22,181.47,90.45
2022-07-25,181.25999,90.88
2022-07-26,181.42,90.39
2022-07-27,183.66,91.79
2022-07-28,190.44,93.71
2022-07-29,192.46001,95.64
2022-08-01,191.99001,95.74
2022-08-02,189.12,94.73
2022-08-03,191.5,95.62
2022-08-04,192.44,95.97
2022-08-05,192.27,96.12
2022-08-08,193.97,96.09
2022-08-09,194.09,95.74
2022-08-10,197.23,97.84
2022-08-11,198.50999,98.36
2022-08-12,200.87,99.84
2022-08-15,202.25,100.08
2022-08-16,203.67,100.53
2022-08-17,202.78,99.73
2022-08-18,203.72,100.13
2022-08-19,201.56,98.84
2022-08-22,197.84,96.96
2022-08-23,197.55,97.14
2022-08-24,197.78999,97.46
2022-08-25,200.42999,98.95
2022-08-26,193.06,95.52
2022-08-29,192.42,95.09
2022-08-30,190.7,93.72
2022-08-31,189.35001,92.93
2022-09-01,190.73,93.06
2022-09-02,186.89,92.16
2022-09-06,185.60001,92.31
2022-09-07,189.09,93.79
2022-09-08,187.82001,94.07
2022-09-09,191.69,95.29
2022-09-12,192.03,95.86
2022-09-13,184.98,92.25
2022-09-14,179.97,92.07
2022-09-15,176.86,91.11
2022-09-16,177.35001,89.21
2022-09-19,178.63,89.99
2022-09-20,177.00999,88.87
2022-09-21,174.3,87.69
2022-09-22,173.25,86.37
2022-09-23,171.38,84.75
2022-09-26,170.07001,83.86
2022-09-27,170.07001,83.58
2022-09-28,173.83,85.42
2022-09-29,170.07001,83.94
2022-09-30,166.97,82.84
2022-10-03,173.03999,85.34
2022-10-04,178.19,88.31
2022-10-05,177.81,87.83
2022-10-06,175.03999,86.82
2022-10-07,171.41,85.16
2022-10-10,171.89,85.46
2022-10-11,173.62,85.44
2022-10-12,172.78999,84.77
2022-10-13,177.55,86.64
2022-10-14,174.16,84.74
2022-10-17,177.03999,86.59
2022-10-18,179.88,88.68
2022-10-19,179.28,88.05
2022-10-20,177.64,86.32
2022-10-21,182.81,88.69
2022-10-24,186.89999,89.87
2022-10-25,189.64999,91.08
2022-10-26,190.27,91.4
2022-10-27,196.49001,92.47
2022-10-28,204.92999,94.62
2022-10-31,204.02,94.35
2022-11-01,203.10001,94.26
2022-11-02,200.47,92.6
2022-11-03,204.39,93.57
2022-11-04,207.85001,95.07
2022-11-07,209.77,96.09
2022-11-08,211.36,96.93
2022-11-09,208.63,95.58
2022-11-10,214.8,99.59
2022-11-11,212.73,99.53
2022-11-14,213.0,98.92
2022-11-15,215.42999,99.6
2022-11-16,214.0,98.88
2022-11-17,214.50999,98.71
2022-11-18,214.53,99.44
2022-11-21,216.56,99.76
2022-11-22,218.75999,100.53
2022-11-23,218.91,100.91
2022-11-25,220.05,101.3
2022-11-28,215.77,99.46
2022-11-29,216.72,100.07
2022-11-30,219.55,101.72
2022-12-01,217.39,101.75
2022-12-02,219.08,102.33
2022-12-05,215.60001,100.62
2022-12-06,213.19,99.43
2022-12-07,213.45,99.3
2022-12-08,213.35001,99.89
2022-12-09,211.63,99.07
2022-12-12,214.5,100.77
2022-12-13,214.96001,101.15
2022-12-14,214.72,100.96
2022-12-15,208.97,98.52
2022-12-16,209.74001,98.1
2022-12-19,209.41,97.12
2022-12-20,211.49001,97.24
2022-12-21,215.10001,99.07
2022-12-22,212.31,97.81
2022-12-23,213.87,98.39
2022-12-27,214.89,98.69
2022-12-28,212.19,97.4
2022-12-29,214.75,98.6
2022-12-30,214.3,98.21
2023-01-03,214.3,98.42
2023-01-04,210.03999,99.29
2023-01-05,204.47,98.22
2023-01-06,210.27,100.91
2023-01-09,210.67,100.46
2023-01-10,211.34,101.01
2023-01-11,212.3,101.98
2023-01-12,215.98,102.58
2023-01-13,216.61,102.46
2023-01-17,212.24001,101.59
2023-01-18,204.24001,99.68
2023-01-19,200.66,97.63
2023-01-20,202.03,98.99
2023-01-23,204.46001,100.07
2023-01-24,206.92999,100.73
2023-01-25,206.67,100.17
2023-01-26,209.35001,100.72
2023-01-27,208.13,101.14
2023-01-30,205.78,100.15
2023-01-31,208.48,101.85
2023-02-01,206.72,102.59
2023-02-02,207.38,103.39
2023-02-03,202.69,102.85
2023-02-06,204.03999,102.6
2023-02-07,205.47,102.92
2023-02-08,202.22,102.34
2023-02-09,199.22,101.42
2023-02-10,200.47,102.14
2023-02-13,203.37,103.07
2023-02-14,201.0,102.79
2023-02-15,201.71001,103.43
2023-02-16,199.36,102.36
2023-02-17,201.42,103.03
2023-02-21,196.75999,100.67
2023-02-22,195.49001,100.42
2023-02-23,195.02,100.89
2023-02-24,192.03999,100.31
2023-02-27,192.45,101.2
2023-02-28,191.48,100.97
2023-03-01,192.88,101.37
2023-03-02,194.45,102.56
2023-03-03,196.82001,103.67
2023-03-06,197.03999,103.48
2023-03-07,195.62,102.15
2023-03-08,195.57001,102.39
2023-03-09,192.88,100.88
2023-03-10,193.33,99.0
2023-03-13,193.10001,98.44
2023-03-14,192.97,99.48
2023-03-15,188.12,97.03
2023-03-16,189.14,98.28
2023-03-17,184.64,96.67
2023-03-20,189.88,97.55
2023-03-21,191.16,98.68
2023-03-22,187.16,96.79
2023-03-23,186.92,96.51
2023-03-24,188.16,96.91
2023-03-27,187.99001,97.72
2023-03-28,187.92,98.22
2023-03-29,189.07001,99.65
2023-03-30,189.12,99.86
2023-03-31,191.12,101.18
2023-04-03,193.28,101.36
2023-04-04,190.94,99.09
2023-04-05,189.42999,97.8
2023-04-06,190.46001,97.77
2023-04-10,191.67999,98.66
2023-04-11,192.19,99.25
2023-04-12,193.23,99.58
2023-04-13,195.89999,99.95
2023-04-14,196.55,99.83
2023-04-17,197.86,100.62
2023-04-18,196.92999,101.1
2023-04-19,197.81,101.02
2023-04-20,196.75,100.84
2023-04-21,196.08,100.61
2023-04-24,196.78,100.85
2023-04-25,195.96001,98.99
2023-04-26,190.89999,97.12
2023-04-27,198.61,99.04
2023-04-28,199.84,100.0
2023-05-01,200.48,100.54
2023-05-02,198.25999,99.49
2023-05-03,197.96001,99.11
2023-05-04,196.22,98.03
2023-05-05,198.42,99.51
2023-05-08,196.95,99.15
2023-05-09,197.13,99.37
2023-05-10,197.34,99.01
2023-05-11,193.98,98.41
2023-05-12,193.62,98.48
2023-05-15,194.31,98.96
2023-05-16,191.61,97.62
2023-05-17,196.02,99.3
2023-05-18,198.25,100.02
2023-05-19,197.35001,99.78
2023-05-22,196.92999,99.76
2023-05-23,194.97,98.56
2023-05-24,191.86,97.29
2023-05-25,192.27,97.61
2023-05-26,193.75,98.34
2023-05-30,194.55,98.19
2023-05-31,191.60001,96.85
2023-06-01,193.86,98.09
2023-06-02,198.85001,100.94
2023-06-05,197.17999,100.24
2023-06-06,196.34,100.87
2023-06-07,198.39,102.49
2023-06-08,198.14999,102.67
2023-06-09,197.89,102.4
2023-06-12,198.5,103.13
2023-06-13,201.11,104.33
2023-06-14,200.52,104.05
2023-06-15,203.73,105.62
2023-06-16,202.97,105.45
2023-06-20,200.39999,104.25
2023-06-21,201.8,104.83
2023-06-22,200.64999,104.07
2023-06-23,200.09,103.28
2023-06-26,202.58,104.14
2023-06-27,203.34,105.39
2023-06-28,202.5,105.39
2023-06-29,206.47,106.41
2023-06-30,207.5,107.32
2023-07-03,208.3,107.34
2023-07-05,206.42999,106.76
2023-07-06,204.00999,105.96
2023-07-07,203.25999,106.2
2023-07-10,207.74001,107.71
2023-07-11,208.73,108.98
2023-07-12,208.52,108.79
2023-07-13,208.71001,108.93
2023-07-14,206.14,108.61
2023-07-17,208.17,109.02
2023-07-18,205.25,109.63
2023-07-19,205.17,109.58
2023-07-20,207.96001,110.07
2023-07-21,208.60001,109.55
2023-07-24,209.32001,109.8
2023-07-25,209.67999,109.66
2023-07-26,208.25999,110.43
2023-07-27,196.41,109.48
2023-07-28,195.19,110.16
2023-07-31,194.13,110.42
2023-08-01,193.48,110.75
2023-08-02,192.89999,109.59
2023-08-03,190.50999,108.9
2023-08-04,189.21001,108.24
2023-08-07,189.60001,109.57
2023-08-08,187.64999,109.07
2023-08-09,189.24001,109.01
2023-08-10,188.74001,108.71
2023-08-11,190.67,108.89
2023-08-14,189.50999,108.93
2023-08-15,187.8,107.54
2023-08-16,186.49001,106.94
2023-08-17,185.98,106.04
2023-08-18,186.58,106.24
2023-08-21,186.95,106.11
2023-08-22,186.00999,105.86
2023-08-23,187.08,106.95
2023-08-24,185.16,105.65
2023-08-25,186.3,106.54
2023-08-28,187.88,107.41
2023-08-29,189.52,108.23
2023-08-30,188.56,108.72
2023-08-31,187.94,108.23
2023-09-01,188.39,108.8
2023-09-05,185.7,106.97
2023-09-06,184.50999,106.51
2023-09-07,184.12,106.16
2023-09-08,184.52,105.63
2023-09-11,186.21001,105.66
2023-09-12,189.21001,105.28
2023-09-13,191.59,104.58
2023-09-14,193.56,105.61
2023-09-15,193.03999,105.0
2023-09-18,194.46001,104.69
2023-09-19,195.35001,104.25
2023-09-20,194.44,103.84
2023-09-21,191.42999,102.14
2023-09-22,189.78,101.79
2023-09-25,191.86,102.3
2023-09-26,187.89,100.74
2023-09-27,187.88,101.49
2023-09-28,187.11,101.92
2023-09-29,184.74001,101.38
2023-10-02,182.61,100.39
2023-10-03,181.14,99.69
2023-10-04,182.5,100.01
2023-10-05,180.02,99.42
2023-10-06,184.66,100.78
2023-10-09,186.52,102.36
2023-10-10,186.34,102.98
2023-10-11,187.39999,103.6
2023-10-12,183.94,102.66
2023-10-13,183.56,101.75
2023-10-16,186.23,102.83
2023-10-17,186.32001,103.15
2023-10-18,183.47,100.66
2023-10-19,182.27,99.73
2023-10-20,181.32001,98.7
2023-10-23,180.52,98.24
2023-10-24,181.46001,98.98
2023-10-25,178.09,97.71
2023-10-26,176.06,97.3
2023-10-27,177.0,96.44
2023-10-30,179.75,97.64
2023-10-31,183.25999,98.36
2023-11-01,183.99001,98.68
2023-11-02,186.42999,100.71
2023-11-03,188.99001,101.6
2023-11-06,187.5,101.33
2023-11-07,186.61,101.08
2023-11-08,184.62,101.31
2023-11-09,183.67999,101.09
2023-11-10,186.71001,102.55
2023-11-13,186.50999,102.64
2023-11-14,190.24001,104.7
2023-11-15,189.55,104.92
2023-11-16,190.71001,104.94
2023-11-17,191.21001,105.61
2023-11-20,191.8,105.93
2023-11-21,191.24001,105.85
2023-11-22,192.31,106.08
2023-11-24,193.41,106.34
2023-11-27,192.97,105.74
2023-11-28,194.27,105.49
2023-11-29,194.25999,105.89
2023-11-30,195.92,107.05
2023-12-01,197.78,108.74
2023-12-04,198.36,108.92
2023-12-05,196.95,108.04
2023-12-06,197.78999,108.52
2023-12-07,197.78999,108.62
2023-12-08,194.61,108.96
2023-12-11,200.39,110.0
2023-12-12,201.50999,110.5
2023-12-13,203.08,111.73
2023-12-14,203.41,113.17
2023-12-15,203.39999,113.02
2023-12-18,205.10001,112.4
2023-12-19,204.60001,113.27
2023-12-20,202.89999,111.44
2023-12-21,205.05,112.59
2023-12-22,205.64,113.13
2023-12-26,208.03999,113.93
2023-12-27,209.02,114.1
2023-12-28,209.17,114.13
2023-12-29,209.71001,113.99
