date,INTC,XLK
2010-01-04,20.88,23.27
2010-01-05,20.87,23.24
2010-01-06,20.8,22.98
2010-01-07,20.6,22.89
2010-01-08,20.83,23.04
2010-01-11,20.95,22.95
2010-01-12,20.608,22.7
2010-01-13,20.96,22.92
2010-01-14,21.48,22.98
2010-01-15,20.8,22.66
2010-01-19,21.05,23.05
2010-01-20,21.08,22.68
2010-01-21,20.84,22.44
2010-01-22,19.91,21.66
2010-01-25,20.32,21.84
2010-01-26,20.0,21.78
2010-01-27,20.24,21.96
2010-01-28,19.92,21.33
2010-01-29,19.4,20.959
2010-02-01,19.61,21.2
2010-02-02,19.91,21.41
2010-02-03,19.68,21.46
2010-02-04,19.02,20.86
2010-02-05,19.47,21.07
2010-02-08,19.35,20.98
2010-02-09,19.65,21.16
2010-02-10,19.69,21.1
2010-02-11,20.06,21.32
2010-02-12,20.43,21.36
2010-02-16,20.72,21.68
2010-02-17,20.66,21.74
2010-02-18,20.84,21.88
2010-02-19,20.82,21.82
2010-02-22,20.87,21.78
2010-02-23,20.388,21.51
2010-02-24,20.7,21.72
2010-02-25,20.63,21.66
2010-02-26,20.53,21.69
2010-03-01,20.87,21.97
2010-03-02,20.6975,21.94
2010-03-03,20.52,21.95
2010-03-04,20.53,22.04
2010-03-05,20.79,22.31
2010-03-08,20.77,22.43
2010-03-09,20.94,22.53
2010-03-10,21.19,22.68
2010-03-11,21.25,22.77
2010-03-12,21.27,22.75
2010-03-15,21.17,22.73
2010-03-16,22.01,22.9
2010-03-17,22.2425,22.97
2010-03-18,22.2,23.0
2010-03-19,21.9925,22.79
2010-03-22,22.24,22.96
2010-03-23,22.6725,23.18
2010-03-24,22.43,23.07
2010-03-25,22.35,23.11
2010-03-26,22.24,23.0
2010-03-29,22.33,23.07
2010-03-30,22.34,23.17
2010-03-31,22.29,23.1
2010-04-01,22.39,23.06
2010-04-05,22.59,23.33
2010-04-06,22.4,23.35
2010-04-07,22.45,23.26
2010-04-08,22.31,23.3
2010-04-09,22.55,23.48
2010-04-12,22.539,23.53
2010-04-13,22.7699,23.6
2010-04-14,23.52,23.94
2010-04-15,24.221,24.05
2010-04-16,23.92,23.73
2010-04-19,24.0,23.78
2010-04-20,24.12,23.91
2010-04-21,23.8,23.96
2010-04-22,23.99,24.02
2010-04-23,24.04,24.08
2010-04-26,23.82,24.05
2010-04-27,23.35,23.58
2010-04-28,23.26,23.65
2010-04-29,23.49,23.89
2010-04-30,22.84,23.389
2010-05-03,23.26,23.71
2010-05-04,22.56,23.03
2010-05-05,22.1725,22.93
2010-05-06,21.51,22.24
2010-05-07,21.31,21.75
2010-05-10,22.55,22.75
2010-05-11,22.28,22.6
2010-05-12,23.09,23.19
2010-05-13,22.5,22.85
2010-05-14,21.89,22.41
2010-05-17,22.02,22.52
2010-05-18,21.43,22.18
2010-05-19,21.6,22.01
2010-05-20,20.79,21.31
2010-05-21,20.9075,21.47
2010-05-24,20.67,21.37
2010-05-25,20.85,21.31
2010-05-26,20.7,21.1
2010-05-27,21.76,21.82
2010-05-28,21.42,21.64
2010-06-01,21.18,21.43
2010-06-02,21.81,21.91
2010-06-03,21.9,22.13
2010-06-04,20.945,21.42
2010-06-07,20.3075,21.11
2010-06-08,20.18,21.15
2010-06-09,19.93,21.04
2010-06-10,20.55,21.55
2010-06-11,20.64,21.74
2010-06-14,20.89,21.7
2010-06-15,21.48,22.27
2010-06-16,21.489,22.33
2010-06-17,21.52,22.41
2010-06-18,21.4,22.33
2010-06-21,21.19,22.17
2010-06-22,20.98,21.98
2010-06-23,20.81,21.94
2010-06-24,20.32,21.5
2010-06-25,20.0325,21.475
2010-06-28,20.36,21.52
2010-06-29,19.79,20.72
2010-06-30,19.45,20.4
2010-07-01,19.25,20.32
2010-07-02,19.2,20.29
2010-07-06,19.481,20.49
2010-07-07,20.1425,21.15
2010-07-08,20.1,21.28
2010-07-09,20.24,21.39
2010-07-12,20.57,21.49
2010-07-13,21.01,21.8
2010-07-14,21.36,21.93
2010-07-15,21.51,22.0
2010-07-16,21.02,21.3725
2010-07-19,21.59,21.58
2010-07-20,21.65,21.72
2010-07-21,21.26,21.46
2010-07-22,21.78,22.04
2010-07-23,21.69,22.19
2010-07-26,21.71,22.32
2010-07-27,21.58,22.39
2010-07-28,21.33,22.21
2010-07-29,21.03,22.01
2010-07-30,20.6,21.92
2010-08-02,21.15,22.38
2010-08-03,20.87,22.26
2010-08-04,20.73,22.44
2010-08-05,20.67,22.34
2010-08-06,20.65,22.28
2010-08-09,20.65,22.43
2010-08-10,19.82,22.2
2010-08-11,19.425,21.67
2010-08-12,19.45,21.37
2010-08-13,19.15,21.27
2010-08-16,19.47,21.31
2010-08-17,19.53,21.54
2010-08-18,19.59,21.66
2010-08-19,18.9,21.4
2010-08-20,18.91,21.35
2010-08-23,18.7,21.16
2010-08-24,18.405,20.87
2010-08-25,18.48,21.0
2010-08-26,18.18,20.79
2010-08-27,18.37,21.04
2010-08-30,17.96,20.76
2010-08-31,17.665,20.69
2010-09-01,18.14,21.22
2010-09-02,18.28,21.41
2010-09-03,18.43,21.73
2010-09-07,18.12,21.55
2010-09-08,17.9,21.67
2010-09-09,18.0,21.73
2010-09-10,17.97,21.74
2010-09-13,18.5575,22.13
2010-09-14,18.74,22.22
2010-09-15,18.72,22.36
2010-09-16,18.97,22.49
2010-09-17,18.81,22.53
2010-09-20,18.9301,22.86
2010-09-21,19.14,22.82
2010-09-22,19.01,22.71
2010-09-23,18.98,22.68
2010-09-24,19.4225,23.12
2010-09-27,19.235,23.13
2010-09-28,19.505,23.16
2010-09-29,19.24,23.11
2010-09-30,19.2,23.02
2010-10-01,19.32,23.03
2010-10-04,18.87,22.84
2010-10-05,19.15,23.29
2010-10-06,19.31,23.18
2010-10-07,19.4,23.18
2010-10-08,19.52,23.31
2010-10-11,19.56,23.35
2010-10-12,19.77,23.49
2010-10-13,19.24,23.68
2010-10-14,19.32,23.69
2010-10-15,19.32,24.09
2010-10-18,19.19,24.25
2010-10-19,19.21,23.82
2010-10-20,19.64,24.02
2010-10-21,19.76,24.04
2010-10-22,19.835,24.11
2010-10-25,19.87,24.18
2010-10-26,20.04,24.24
2010-10-27,20.19,24.31
2010-10-28,20.47,24.31
2010-10-29,20.05,24.35
2010-11-01,20.57,24.37
2010-11-02,20.34,24.61
2010-11-03,20.48,24.75
2010-11-04,20.97,25.12
2010-11-05,21.24,25.1
2010-11-08,21.23,25.12
2010-11-09,21.16,25.05
2010-11-10,21.04,25.07
2010-11-11,21.21,24.685
2010-11-12,21.53,24.34
2010-11-15,21.295,24.27
2010-11-16,21.07,23.83
2010-11-17,21.08,23.84
2010-11-18,21.015,24.24
2010-11-19,21.135,24.31
2010-11-22,21.25,24.45
2010-11-23,21.0875,24.09
2010-11-24,21.3875,24.49
2010-11-26,21.33,24.25
2010-11-29,21.33,24.19
2010-11-30,21.1575,23.95
2010-12-01,21.48,24.46
2010-12-02,21.7,24.75
2010-12-03,21.69,24.805
2010-12-06,21.7,24.81
2010-12-07,21.58,24.84
2010-12-08,21.82,25.05
2010-12-09,21.81,25.07
2010-12-10,21.91,25.185
2010-12-13,21.5,25.14
2010-12-14,21.47,25.18
2010-12-15,21.28,25.08
2010-12-16,21.3,25.12
2010-12-17,21.46,25.08
2010-12-20,21.23,25.1
2010-12-21,21.1,25.25
2010-12-22,20.89,25.22
2010-12-23,20.84,25.21
2010-12-27,20.84,25.26
2010-12-28,20.88,25.23
2010-12-29,20.94,25.28
2010-12-30,21.02,25.22
2010-12-31,21.03,25.19
2011-01-03,20.85,25.47
2011-01-04,21.15,25.57
2011-01-05,20.94,25.72
2011-01-06,20.77,25.87
2011-01-07,20.66,25.75
2011-01-10,20.69,25.7725
2011-01-11,21.05,25.73
2011-01-12,21.3025,25.96
2011-01-13,21.29,25.94
2011-01-14,21.08,26.17
2011-01-18,21.0825,26.1975
2011-01-19,21.01,26.01
2011-01-20,20.95,25.87
2011-01-21,20.82,25.72
2011-01-24,21.24,26.08
2011-01-25,21.55,26.2
2011-01-26,21.75,26.35
2011-01-27,21.75,26.44
2011-01-28,21.46,25.83
2011-01-31,21.46,25.99
2011-02-01,21.48,26.43
2011-02-02,21.56,26.4775
2011-02-03,21.57,26.52
2011-02-04,21.68,26.69
2011-02-07,21.69,26.8225
2011-02-08,21.635,26.9325
2011-02-09,21.46,26.88
2011-02-10,21.8,26.76
2011-02-11,21.76,26.9025
2011-02-14,21.57,26.94
2011-02-15,21.45,26.84
2011-02-16,21.75,26.9875
2011-02-17,21.97,27.04
2011-02-18,22.14,27.0
2011-02-22,21.81,26.34
2011-02-23,21.15,26.03
2011-02-24,21.285,26.12
2011-02-25,21.86,26.45
2011-02-28,21.47,26.56
2011-03-01,21.39,26.05
2011-03-02,21.49,26.21
2011-03-03,21.79,26.63
2011-03-04,21.56,26.415
2011-03-07,21.21,26.08
2011-03-08,21.13,26.2975
2011-03-09,21.2,26.19
2011-03-10,20.79,25.7
2011-03-11,20.87,25.8
2011-03-14,20.84,25.68
2011-03-15,20.18,25.3
2011-03-16,19.8075,24.6825
2011-03-17,19.9,24.94
2011-03-18,19.93,24.9
2011-03-21,20.19,25.3225
2011-03-22,20.145,25.28
2011-03-23,20.29,25.42
2011-03-24,20.38,25.8175
2011-03-25,20.37,25.88
2011-03-28,20.34,25.82
2011-03-29,20.28,26.0
2011-03-30,20.46,26.11
2011-03-31,20.18,26.0625
2011-04-01,19.72,26.01
2011-04-04,19.49,25.92
2011-04-05,19.71,25.88
2011-04-06,19.95,26.07
2011-04-07,20.03,26.08
2011-04-08,20.02,25.93
2011-04-11,20.12,25.89
2011-04-12,19.76,25.68
2011-04-13,19.78,25.84
2011-04-14,19.58,25.79
2011-04-15,19.75,25.74
2011-04-18,19.62,25.51
2011-04-19,19.86,25.58
2011-04-20,21.41,26.119
2011-04-21,21.46,26.35
2011-04-25,21.94,26.37
2011-04-26,22.48,26.59
2011-04-27,22.63,26.75
2011-04-28,22.8,26.76
2011-04-29,23.15,26.74
2011-05-02,22.91,26.64
2011-05-03,23.23,26.65
2011-05-04,23.5,26.57
2011-05-05,23.61,26.43
2011-05-06,23.25,26.48
2011-05-09,22.76,26.59
2011-05-10,23.03,26.83
2011-05-11,23.41,26.59
2011-05-12,23.705,26.79
2011-05-13,23.41,26.46
2011-05-16,23.64,26.08
2011-05-17,23.55,26.08
2011-05-18,23.88,26.27
2011-05-19,23.54,26.32
2011-05-20,23.22,26.169
2011-05-23,22.86,25.8
2011-05-24,22.61,25.72
2011-05-25,22.68,25.8
2011-05-26,22.5,25.97
2011-05-27,22.21,26.1
2011-05-31,22.51,26.46
2011-06-01,22.0,25.91
2011-06-02,22.085,25.93
2011-06-03,21.73,25.54
2011-06-06,21.829,25.35
2011-06-07,22.06,25.27
2011-06-08,21.82,25.1
2011-06-09,21.76,25.12
2011-06-10,21.38,24.77
2011-06-13,21.385,24.79
2011-06-14,21.82,25.1
2011-06-15,21.42,24.63
2011-06-16,21.42,24.57
2011-06-17,21.19,24.445
2011-06-20,21.325,24.5425
2011-06-21,21.65,24.98
2011-06-22,21.395,24.8
2011-06-23,21.71,24.97
2011-06-24,21.2,24.54
2011-06-27,21.34,24.87
2011-06-28,21.49,25.18
2011-06-29,21.39,25.38
2011-06-30,22.16,25.7
2011-07-01,22.53,26.12
2011-07-05,22.44,26.16
2011-07-06,22.75,26.28
2011-07-07,23.23,26.6
2011-07-08,23.09,26.47
2011-07-11,22.85,26.03
2011-07-12,22.45,25.8
2011-07-13,22.48,25.86
2011-07-14,22.27,25.64
2011-07-15,22.37,25.92
2011-07-18,22.28,25.83
2011-07-19,23.06,26.45
2011-07-20,22.99,26.37
2011-07-21,22.81,26.49
2011-07-22,23.13,26.72
2011-07-25,23.03,26.65
2011-07-26,22.895,26.77
2011-07-27,22.53,26.06
2011-07-28,22.55,26.02
2011-07-29,22.33,25.81
2011-08-01,22.24,25.79
2011-08-02,21.72,25.25
2011-08-03,21.81,25.51
2011-08-04,20.85,24.48
2011-08-05,20.79,24.33
2011-08-08,20.11,22.96
2011-08-09,20.6,24.01
2011-08-10,19.93,23.07
2011-08-11,20.76,23.95
2011-08-12,20.65,24.121
2011-08-15,20.89,24.55
2011-08-16,20.79,24.37
2011-08-17,20.67,24.26
2011-08-18,19.77,23.08
2011-08-19,19.19,22.52
2011-08-22,19.38,22.64
2011-08-23,19.71,23.47
2011-08-24,19.8,23.68
2011-08-25,19.42,23.34
2011-08-26,19.77,23.8
2011-08-29,20.295,24.4
2011-08-30,20.24,24.5
2011-08-31,20.13,24.44
2011-09-01,19.99,24.17
2011-09-02,19.64,23.62
2011-09-06,19.54,23.51
2011-09-07,20.08,24.12
2011-09-08,19.895,24.0
2011-09-09,19.7,23.49
2011-09-12,20.28,23.77
2011-09-13,20.76,24.05
2011-09-14,21.115,24.41
2011-09-15,21.54,24.8
2011-09-16,21.97,24.98
2011-09-19,21.93,24.92
2011-09-20,22.2,24.86
2011-09-21,21.94,24.49
2011-09-22,21.615,23.73
2011-09-23,22.16,24.0
2011-09-26,22.24,24.3
2011-09-27,22.54,24.61
2011-09-28,22.31,24.26
2011-09-29,22.21,24.21
2011-09-30,21.335,23.6
2011-10-03,20.62,23.07
2011-10-04,21.22,23.54
2011-10-05,21.85,24.03
2011-10-06,22.03,24.39
2011-10-07,22.29,24.3
2011-10-10,22.88,25.05
2011-10-11,22.99,25.16
2011-10-12,23.12,25.27
2011-10-13,23.39,25.55
2011-10-14,23.5,26.0
2011-10-17,23.28,25.59
2011-10-18,23.4,25.82
2011-10-19,24.24,25.32
2011-10-20,23.61,25.21
2011-10-21,24.03,25.53
2011-10-24,24.59,25.93
2011-10-25,24.63,25.52
2011-10-26,24.7,25.63
2011-10-27,25.13,26.39
2011-10-28,24.98,26.48
2011-10-31,24.54,26.01
2011-11-01,23.9,25.29
2011-11-02,23.85,25.6
2011-11-03,24.2,26.21
2011-11-04,23.74,26.05
2011-11-07,24.28,26.21
2011-11-08,24.75,26.51
2011-11-09,23.84,25.59
2011-11-10,24.06,25.67
2011-11-11,24.85,26.16
2011-11-14,24.63,25.96
2011-11-15,25.34,26.31
2011-11-16,24.94,25.92
2011-11-17,24.34,25.42
2011-11-18,24.29,25.21
2011-11-21,23.57,24.77
2011-11-22,23.24,24.73
2011-11-23,22.7,24.14
2011-11-25,22.73,24.01
2011-11-28,23.46,24.8
2011-11-29,23.58,24.67
2011-11-30,24.91,25.62
2011-12-01,24.92,25.76
2011-12-02,24.64,25.74
2011-12-05,25.01,26.03
2011-12-06,25.35,26.02
2011-12-07,25.66,26.05
2011-12-08,24.71,25.64
2011-12-09,25.01,26.04
2011-12-12,24.0,25.71
2011-12-13,23.56,25.47
2011-12-14,23.31,25.08
2011-12-15,23.31,25.02
2011-12-16,23.23,24.98
2011-12-19,23.095,24.74
2011-12-20,23.84,25.435
2011-12-21,23.68,25.02
2011-12-22,24.02,25.31
2011-12-23,24.4,25.56
2011-12-27,24.56,25.6
2011-12-28,24.225,25.34
2011-12-29,24.55,25.53
2011-12-30,24.25,25.45
2012-01-03,24.54,25.81
2012-01-04,25.11,25.88
2012-01-05,25.4,25.96
2012-01-06,25.25,25.97
2012-01-09,25.465,25.93
2012-01-10,25.59,26.02
2012-01-11,25.8,26.1
2012-01-12,25.75,26.23
2012-01-13,25.14,26.08
2012-01-17,25.04,26.2
2012-01-18,25.39,26.58
2012-01-19,25.63,26.77
2012-01-20,26.38,26.8
2012-01-23,26.71,26.89
2012-01-24,26.895,26.87
2012-01-25,26.9,27.08
2012-01-26,26.75,26.9
2012-01-27,26.73,26.9
2012-01-30,26.74,26.98
2012-01-31,26.42,27.03
2012-02-01,26.55,27.3
2012-02-02,26.49,27.37
2012-02-03,26.74,27.715
2012-02-06,26.72,27.73
2012-02-07,26.64,27.8
2012-02-08,26.85,27.97
2012-02-09,26.86,28.24
2012-02-10,26.695,28.03
2012-02-13,26.7,28.21
2012-02-14,26.78,28.26
2012-02-15,26.58,28.11
2012-02-16,26.825,28.52
2012-02-17,27.37,28.52
2012-02-21,27.16,28.64
2012-02-22,26.73,28.54
2012-02-23,26.66,28.65
2012-02-24,26.7,28.82
2012-02-27,26.89,28.87
2012-02-28,27.24,29.08
2012-02-29,26.88,28.945
2012-03-01,26.86,29.12
2012-03-02,26.915,29.08
2012-03-05,26.54,28.83
2012-03-06,26.605,28.545
2012-03-07,26.91,28.76
2012-03-08,26.84,29.05
2012-03-09,27.07,29.18
2012-03-12,26.985,29.22
2012-03-13,27.49,29.8
2012-03-14,27.46,29.91
2012-03-15,27.75,29.99
2012-03-16,27.73,29.88
2012-03-19,27.74,30.1
2012-03-20,27.75,30.07
2012-03-21,27.775,30.06
2012-03-22,27.895,29.99
2012-03-23,27.875,29.985
2012-03-26,28.19,30.43
2012-03-27,28.19,30.42
2012-03-28,27.8,30.31
2012-03-29,28.16,30.25
2012-03-30,28.115,30.16
2012-04-02,28.38,30.48
2012-04-03,28.11,30.46
2012-04-04,27.93,30.1
2012-04-05,28.07,30.17
2012-04-09,27.76,29.96
2012-04-10,27.45,29.535
2012-04-11,27.85,29.71
2012-04-12,28.48,30.075
2012-04-13,28.09,29.61
2012-04-16,28.405,29.3
2012-04-17,28.47,29.94
2012-04-18,27.95,29.69
2012-04-19,27.69,29.39
2012-04-20,27.6,29.28
2012-04-23,27.45,29.05
2012-04-24,27.31,28.99
2012-04-25,27.86,29.805
2012-04-26,28.22,30.04
2012-04-27,28.38,30.03
2012-04-30,28.395,29.82
2012-05-01,28.95,29.92
2012-05-02,29.18,29.94
2012-05-03,28.56,29.69
2012-05-04,27.9,29.07
2012-05-07,27.76,28.99
2012-05-08,27.37,28.885
2012-05-09,27.19,28.89
2012-05-10,27.24,28.67
2012-05-11,27.63,28.69
2012-05-14,27.015,28.44
2012-05-15,26.88,28.36
2012-05-16,26.495,28.13
2012-05-17,26.19,27.73
2012-05-18,26.07,27.47
2012-05-21,26.15,28.15
2012-05-22,26.03,28.06
2012-05-23,25.44,28.09
2012-05-24,25.65,27.93
2012-05-25,25.74,27.87
2012-05-29,26.09,28.24
2012-05-30,26.13,28.06
2012-05-31,25.84,27.93
2012-06-01,25.14,27.2
2012-06-04,25.04,27.36
2012-06-05,25.43,27.525
2012-06-06,26.07,28.155
2012-06-07,25.94,28.02
2012-06-08,26.41,28.33
2012-06-11,25.985,27.93
2012-06-12,26.52,28.21
2012-06-13,26.54,28.04
2012-06-14,26.98,28.18
2012-06-15,27.34,28.37
2012-06-18,27.42,28.58
2012-06-19,27.51,28.8
2012-06-20,27.64,28.85
2012-06-21,26.71,28.165
2012-06-22,26.935,28.48
2012-06-25,26.05,27.9
2012-06-26,26.005,28.01
2012-06-27,26.22,28.18
2012-06-28,25.83,27.95
2012-06-29,26.65,28.725
2012-07-02,26.665,28.89
2012-07-03,26.86,29.12
2012-07-05,26.55,29.12
2012-07-06,26.155,28.69
2012-07-09,26.17,28.63
2012-07-10,25.56,28.31
2012-07-11,25.39,28.18
2012-07-12,24.74,27.9
2012-07-13,25.25,28.27
2012-07-16,25.13,28.24
2012-07-17,25.38,28.35
2012-07-18,26.21,28.84
2012-07-19,26.06,29.09
2012-07-20,25.52,28.755
2012-07-23,25.26,28.48
2012-07-24,25.005,28.19
2012-07-25,25.13,28.08
2012-07-26,25.5,28.51
2012-07-27,26.02,29.13
2012-07-30,25.76,29.14
2012-07-31,25.7,29.26
2012-08-01,25.93,29.16
2012-08-02,25.91,28.97
2012-08-03,26.23,29.54
2012-08-06,26.31,29.75
2012-08-07,26.5,29.95
2012-08-08,26.6,29.96
2012-08-09,26.7,30.06
2012-08-10,26.88,30.13
2012-08-13,26.69,30.22
2012-08-14,26.48,30.16
2012-08-15,26.27,30.17
2012-08-16,26.59,30.58
2012-08-17,26.33,30.75
2012-08-20,26.23,30.78
2012-08-21,26.11,30.58
2012-08-22,25.73,30.63
2012-08-23,25.04,30.38
2012-08-24,24.91,30.57
2012-08-27,24.84,30.6
2012-08-28,25.0,30.53
2012-08-29,24.668,30.59
2012-08-30,24.27,30.25
2012-08-31,24.83,30.49
2012-09-04,24.415,30.49
2012-09-05,24.39,30.46
2012-09-06,25.095,31.14
2012-09-07,24.19,31.09
2012-09-10,23.26,30.76
2012-09-11,23.34,30.84
2012-09-12,23.19,31.01
2012-09-13,23.355,31.43
2012-09-14,23.37,31.58
2012-09-17,23.31,31.61
2012-09-18,23.37,31.63
2012-09-19,23.15,31.66
2012-09-20,23.1788,31.6
2012-09-21,23.125,31.51
2012-09-24,22.795,31.31
2012-09-25,22.535,30.87
2012-09-26,22.645,30.65
2012-09-27,23.085,31.045
2012-09-28,22.655,30.825
2012-10-01,22.755,30.76
2012-10-02,22.84,30.8
2012-10-03,22.55,30.96
2012-10-04,22.465,31.05
2012-10-05,22.68,30.89
2012-10-08,22.51,30.57
2012-10-09,21.9,30.18
2012-10-10,21.76,30.06
2012-10-11,21.68,29.94
2012-10-12,21.4803,29.92
2012-10-15,21.73,30.07
2012-10-16,22.35,30.48
2012-10-17,21.79,30.32
2012-10-18,21.67,29.965
2012-10-19,21.265,29.29
2012-10-22,21.46,29.49
2012-10-23,21.59,29.17
2012-10-24,21.46,29.0
2012-10-25,21.69,28.94
2012-10-26,21.95,28.99
2012-10-31,21.63,28.8705
2012-11-01,22.26,29.34
2012-11-02,22.06,28.96
2012-11-05,21.8391,29.12
2012-11-06,21.73,29.25
2012-11-07,20.91,28.52
2012-11-08,20.83,28.11
2012-11-09,20.8,28.24
2012-11-12,20.765,28.195
2012-11-13,20.28,28.06
2012-11-14,19.96,27.775
2012-11-15,20.03,27.62
2012-11-16,20.19,27.66
2012-11-19,20.25,28.415
2012-11-20,19.5132,28.3
2012-11-21,19.36,28.39
2012-11-23,19.72,28.85
2012-11-26,19.885,28.975
2012-11-27,19.93,28.8487
2012-11-28,20.09,29.02
2012-11-29,19.53,29.16
2012-11-30,19.565,29.13
2012-12-03,19.54,29.09
2012-12-04,19.9694,29.035
2012-12-05,19.85,28.75
2012-12-06,20.16,28.915
2012-12-07,20.155,28.77
2012-12-10,20.08,28.84
2012-12-11,20.65,29.23
2012-12-12,20.67,29.18
2012-12-13,20.49,28.97
2012-12-14,20.5267,28.69
2012-12-17,20.57,29.04
2012-12-18,20.96,29.47
2012-12-19,21.1,29.32
2012-12-20,21.0293,29.37
2012-12-21,20.765,28.95
2012-12-24,20.64,28.87
2012-12-26,20.65,28.71
2012-12-27,20.51,28.68
2012-12-28,20.23,28.36
2012-12-31,20.62,28.85
2013-01-02,21.38,29.81
2013-01-03,21.32,29.62
2013-01-04,21.16,29.5
2013-01-07,21.25,29.4612
2013-01-08,21.09,29.35
2013-01-09,21.45,29.4
2013-01-10,21.8,29.55
2013-01-11,22.0,29.59
2013-01-14,21.999,29.4
2013-01-15,21.88,29.21
2013-01-16,22.11,29.31
2013-01-17,22.68,29.43
2013-01-18,21.25,29.39
2013-01-22,21.17,29.47
2013-01-23,21.11,29.78
2013-01-24,20.95,29.27
2013-01-25,20.96,29.3
2013-01-28,21.05,29.4
2013-01-29,21.28,29.44
2013-01-30,21.37,29.35
2013-01-31,21.04,29.4
2013-02-01,21.355,29.73
2013-02-04,21.16,29.34
2013-02-05,21.1784,29.68
2013-02-06,20.99,29.67
2013-02-07,20.81,29.67
2013-02-08,21.0,29.93
2013-02-11,21.03,29.99
2013-02-12,21.19,29.89
2013-02-13,21.25,29.88
2013-02-14,21.23,29.802
2013-02-15,21.115,29.78
2013-02-19,21.085,29.975
2013-02-20,20.73,29.57
2013-02-21,20.25,29.33
2013-02-22,20.42,29.69
2013-02-25,20.23,29.27
2013-02-26,20.58,29.442
2013-02-27,20.93,29.69
2013-02-28,20.88,29.63
2013-03-01,21.03,29.68
2013-03-04,21.27,29.77
2013-03-05,21.51,30.18
2013-03-06,21.75,30.16
2013-03-07,21.89,30.23
2013-03-08,21.58,30.29
2013-03-11,21.69,30.36
2013-03-12,21.64,30.25
2013-03-13,21.655,30.23
2013-03-14,21.65,30.445
2013-03-15,21.375,30.2
2013-03-18,21.26,30.21
2013-03-19,21.14,30.17
2013-03-20,21.18,30.32
2013-03-21,21.04,29.975
2013-03-22,21.33,30.172
2013-03-25,21.15,30.1
2013-03-26,21.765,30.29
2013-03-27,21.83,30.21
2013-03-28,21.835,30.27
2013-04-01,21.43,30.07
2013-04-02,21.455,30.19
2013-04-03,21.05,29.95
2013-04-04,21.135,29.96
2013-04-05,20.94,29.73
2013-04-08,21.09,29.86
2013-04-09,21.75,30.07
2013-04-10,22.26,30.6
2013-04-11,21.825,30.5
2013-04-12,21.675,30.365
2013-04-15,21.38,29.87
2013-04-16,21.915,30.24
2013-04-17,21.93,29.62
2013-04-18,22.24,29.31
2013-04-19,22.44,29.35
2013-04-22,22.88,29.575
2013-04-23,23.375,29.9
2013-04-24,23.66,29.95
2013-04-25,23.38,30.05
2013-04-26,23.4,30.04
2013-04-29,23.76,30.47
2013-04-30,23.95,30.8
2013-05-01,23.99,30.53
2013-05-02,24.11,30.92
2013-05-03,23.96,31.21
2013-05-06,23.91,31.36
2013-05-07,24.15,31.34
2013-05-08,24.25,31.59
2013-05-09,24.36,31.5
2013-05-10,24.5,31.59
2013-05-13,24.08,31.51
2013-05-14,23.84,31.61
2013-05-15,24.2,31.71
2013-05-16,23.94,31.88
2013-05-17,24.04,32.2
2013-05-20,24.08,32.2
2013-05-21,24.15,32.1
2013-05-22,24.07,31.75
2013-05-23,24.05,31.74
2013-05-24,23.923,31.69
2013-05-28,24.08,31.84
2013-05-29,24.27,31.76
2013-05-30,24.21,31.96
2013-05-31,24.28,31.66
2013-06-03,25.24,31.82
2013-06-04,25.36,31.68
2013-06-05,24.7,31.37
2013-06-06,24.65,31.44
2013-06-07,24.59,31.73
2013-06-10,25.01,31.8
2013-06-11,24.71,31.47
2013-06-12,24.46,31.26
2013-06-13,24.99,31.615
2013-06-14,24.92,31.38
2013-06-17,25.1,31.67
2013-06-18,25.465,31.92
2013-06-19,25.0,31.55
2013-06-20,24.185,30.85
2013-06-21,24.195,30.51
2013-06-24,23.58,30.14
2013-06-25,23.88,30.39
2013-06-26,24.005,30.57
2013-06-27,24.05,30.72
2013-06-28,24.23,30.585
2013-07-01,23.886,30.75
2013-07-02,23.72,30.8
2013-07-03,23.762,30.98
2013-07-05,24.06,31.18
2013-07-08,23.185,31.16
2013-07-09,23.135,31.28
2013-07-10,23.25,31.38
2013-07-11,23.99,31.91
2013-07-12,23.9,31.93
2013-07-15,23.94,32.02
2013-07-16,24.25,32.045
2013-07-17,24.15,32.07
2013-07-18,23.244,31.99
2013-07-19,23.04,31.445
2013-07-22,22.77,31.54
2013-07-23,22.75,31.411
2013-07-24,22.93,31.62
2013-07-25,23.06,31.64
2013-07-26,23.26,31.73
2013-07-29,23.24,31.68
2013-07-30,23.38,31.84
2013-07-31,23.335,31.73
2013-08-01,23.2,32.07
2013-08-02,23.22,32.21
2013-08-05,22.924,32.28
2013-08-06,22.8,32.11
2013-08-07,22.7,32.03
2013-08-08,22.45,32.135
2013-08-09,22.51,31.97
2013-08-12,22.64,32.18
2013-08-13,22.52,32.4
2013-08-14,22.57,32.37
2013-08-15,22.03,31.85
2013-08-16,21.915,31.815
2013-08-19,22.28,31.72
2013-08-20,22.523,31.77
2013-08-21,22.17,31.7
2013-08-22,22.26,31.84
2013-08-23,22.44,32.07
2013-08-26,22.275,31.92
2013-08-27,22.191,31.36
2013-08-28,22.285,31.38
2013-08-29,22.06,31.55
2013-08-30,21.98,31.4
2013-09-03,22.067,31.431
2013-09-04,22.635,31.735
2013-09-05,22.6,31.75
2013-09-06,22.67,31.77
2013-09-09,22.91,32.15
2013-09-10,22.985,32.35
2013-09-11,22.81,32.2
2013-09-12,22.63,32.225
2013-09-13,23.44,32.255
2013-09-16,23.39,32.21
2013-09-17,23.74,32.37
2013-09-18,23.9,32.779
2013-09-19,23.915,32.805
2013-09-20,23.769,32.415
2013-09-23,23.62,32.51
2013-09-24,23.705,32.37
2013-09-25,23.7,32.32
2013-09-26,23.41,32.44
2013-09-27,22.98,32.24
2013-09-30,22.921,32.04
2013-10-01,22.83,32.32
2013-10-02,22.885,32.33
2013-10-03,22.6,32.05
2013-10-04,22.81,32.18
2013-10-07,22.83,32.04
2013-10-08,22.48,31.53
2013-10-09,22.59,31.65
2013-10-10,23.1,32.18
2013-10-11,23.255,32.45
2013-10-14,23.45,32.56
2013-10-15,23.39,32.36
2013-10-16,23.695,32.67
2013-10-17,23.92,32.68
2013-10-18,23.875,33.24
2013-10-21,24.135,33.42
2013-10-22,24.071,33.41
2013-10-23,23.735,33.25
2013-10-24,23.78,33.33
2013-10-25,24.235,33.5
2013-10-28,24.36,33.61
2013-10-29,24.523,33.825
2013-10-30,24.495,33.76
2013-10-31,24.47,33.65
2013-11-01,24.325,33.66
2013-11-04,24.255,33.79
2013-11-05,24.03,33.7
2013-11-06,24.245,34.04
2013-11-07,24.059,33.595
2013-11-08,24.09,33.9
2013-11-11,24.169,33.94
2013-11-12,24.43,34.03
2013-11-13,24.6,34.32
2013-11-14,24.385,34.225
2013-11-15,24.52,34.3
2013-11-18,24.6,34.17
2013-11-19,24.7,34.05
2013-11-20,24.56,33.94
2013-11-21,25.23,34.23
2013-11-22,23.87,34.16
2013-11-25,23.75,34.16
2013-11-26,23.65,34.28
2013-11-27,23.9,34.55
2013-11-29,23.84,34.69
2013-12-02,23.7,34.58
2013-12-03,23.55,34.66
2013-12-04,23.74,34.69
2013-12-05,24.26,34.58
2013-12-06,24.82,34.82
2013-12-09,24.93,34.93
2013-12-10,24.82,34.86
2013-12-11,24.42,34.54
2013-12-12,24.47,34.31
2013-12-13,24.29,34.2
2013-12-16,24.45,34.54
2013-12-17,24.655,34.53
2013-12-18,25.15,34.8
2013-12-19,25.14,34.86
2013-12-20,25.055,34.96
2013-12-23,25.32,35.42
2013-12-24,25.43,35.52
2013-12-26,25.7,35.61
2013-12-27,25.6,35.58
2013-12-30,25.85,35.51
2013-12-31,25.955,35.74
2014-01-02,25.79,35.39
2014-01-03,25.78,35.22
2014-01-06,25.46,35.16
2014-01-07,25.585,35.48
2014-01-08,25.43,35.48
2014-01-09,25.31,35.25
2014-01-10,25.53,35.32
2014-01-13,25.5,34.94
2014-01-14,26.51,35.53
2014-01-15,26.67,35.96
2014-01-16,26.54,35.95
2014-01-17,25.85,35.75
2014-01-21,25.59,35.93
2014-01-22,25.31,35.89
2014-01-23,25.13,35.82
2014-01-24,24.81,35.13
2014-01-27,24.72,34.8
2014-01-28,24.9,34.59
2014-01-29,24.68,34.32
2014-01-30,24.74,34.74
2014-01-31,24.54,34.82
2014-02-03,23.95,34.09
2014-02-04,23.82,34.22
2014-02-05,23.52,34.25
2014-02-06,23.99,34.63
2014-02-07,24.205,35.1
2014-02-10,24.29,35.17
2014-02-11,24.47,35.6
2014-02-12,24.55,35.74
2014-02-13,24.7,36.0
2014-02-14,24.755,36.07
2014-02-18,24.76,36.09
2014-02-19,24.5,35.97
2014-02-20,24.74,36.09
2014-02-21,24.42,35.95
2014-02-24,24.63,36.09
2014-02-25,24.62,35.99
2014-02-26,24.8,36.02
2014-02-27,24.76,36.31
2014-02-28,24.76,36.35
2014-03-03,24.5,35.96
2014-03-04,24.61,36.43
2014-03-05,24.5,36.48
2014-03-06,24.63,36.53
2014-03-07,24.64,36.42
2014-03-10,24.84,36.36
2014-03-11,24.73,36.28
2014-03-12,24.76,36.34
2014-03-13,24.57,35.85
2014-03-14,24.5,35.63
2014-03-17,24.7,36.05
2014-03-18,24.82,36.52
2014-03-19,25.02,36.37
2014-03-20,25.425,36.65
2014-03-21,25.17,36.31
2014-03-24,25.12,36.28
2014-03-25,25.46,36.5
2014-03-26,25.3772,36.06
2014-03-27,25.31,35.93
2014-03-28,25.62,36.07
2014-03-31,25.814,36.35
2014-04-01,25.99,36.78
2014-04-02,25.89,36.8
2014-04-03,26.41,36.62
2014-04-04,26.16,35.92
2014-04-07,26.485,35.64
2014-04-08,26.91,35.96
2014-04-09,26.98,36.44
2014-04-10,26.425,35.6
2014-04-11,26.1799,35.2
2014-04-14,26.56,35.55
2014-04-15,26.77,35.73
2014-04-16,26.93,36.08
2014-04-17,27.04,36.03
2014-04-21,26.95,36.17
2014-04-22,26.84,36.32
2014-04-23,26.75,35.93
2014-04-24,26.75,36.21
2014-04-25,26.26,35.75
2014-04-28,26.33,36.09
2014-04-29,26.48,36.34
2014-04-30,26.69,36.45
2014-05-01,26.45,36.49
2014-05-02,26.41,36.39
2014-05-05,26.17,36.58
2014-05-06,26.2,36.17
2014-05-07,26.37,36.19
2014-05-08,26.34,36.29
2014-05-09,26.3,36.33
2014-05-12,26.37,36.82
2014-05-13,26.45,36.84
2014-05-14,26.33,36.67
2014-05-15,26.01,36.45
2014-05-16,25.82,36.68
2014-05-19,26.04,36.92
2014-05-20,26.04,36.71
2014-05-21,26.2,36.96
2014-05-22,26.15,37.03
2014-05-23,26.289,37.34
2014-05-27,26.71,37.66
2014-05-28,26.88,37.56
2014-05-29,26.96,37.78
2014-05-30,27.32,37.82
2014-06-02,27.26,37.76
2014-06-03,27.66,37.7
2014-06-04,27.6,37.77
2014-06-05,27.66,38.02
2014-06-06,28.17,38.19
2014-06-09,27.91,38.31
2014-06-10,28.24,38.33
2014-06-11,27.93,38.24
2014-06-12,27.96,37.91
2014-06-13,29.87,38.13
2014-06-16,30.01,38.13
2014-06-17,29.95,38.22
2014-06-18,29.93,38.42
2014-06-19,30.09,38.35
2014-06-20,30.2,38.09
2014-06-23,30.23,38.2
2014-06-24,30.5,38.0
2014-06-25,30.88,38.15
2014-06-26,30.78,38.11
2014-06-27,30.93,38.34
2014-06-30,30.9,38.35
2014-07-01,30.98,38.74
2014-07-02,30.98,38.78
2014-07-03,31.14,38.95
2014-07-07,31.03,38.99
2014-07-08,30.79,38.64
2014-07-09,30.89,38.83
2014-07-10,31.26,38.72
2014-07-11,31.25,38.92
2014-07-14,31.49,39.2
2014-07-15,31.71,39.13
2014-07-16,34.65,39.49
2014-07-17,33.7,38.98
2014-07-18,33.7,39.4499
2014-07-21,34.06,39.4
2014-07-22,34.7901,39.73
2014-07-23,34.5,39.8
2014-07-24,34.25,39.77
2014-07-25,34.25,39.72
2014-07-28,34.23,39.79
2014-07-29,34.19,39.71
2014-07-30,34.35,39.75
2014-07-31,33.89,39.0
2014-08-01,33.745,38.789
2014-08-04,34.05,39.065
2014-08-05,32.82,38.7
2014-08-06,32.845,38.58
2014-08-07,32.68,38.42
2014-08-08,32.6,38.67
2014-08-11,33.02,38.86
2014-08-12,33.13,38.84
2014-08-13,34.1,39.22
2014-08-14,33.94,39.29
2014-08-15,34.17,39.29
2014-08-18,34.41,39.66
2014-08-19,34.34,39.91
2014-08-20,34.5,39.91
2014-08-21,35.15,40.1
2014-08-22,34.94,40.11
2014-08-25,34.81,40.15
2014-08-26,34.8,40.17
2014-08-27,34.79,40.16
2014-08-28,34.65,40.1
2014-08-29,34.92,40.28
2014-09-02,34.57,40.29
2014-09-03,34.57,40.07
2014-09-04,34.905,40.05
2014-09-05,35.0,40.29
2014-09-08,35.33,40.35
2014-09-09,34.91,40.06
2014-09-10,35.02,40.3
2014-09-11,35.02,40.39
2014-09-12,34.62,40.22
2014-09-15,34.54,39.98
2014-09-16,34.93,40.28
2014-09-17,34.98,40.36
2014-09-18,35.17,40.6
2014-09-19,34.82,40.34
2014-09-22,34.71,40.07
2014-09-23,34.42,39.98
2014-09-24,34.75,40.24
2014-09-25,34.14,39.36
2014-09-26,34.26,39.79
2014-09-29,34.9,39.78
2014-09-30,34.82,39.9
2014-10-01,33.99,39.28
2014-10-02,33.52,39.26
2014-10-03,34.03,39.58
2014-10-06,34.11,39.59
2014-10-07,33.47,38.97
2014-10-08,34.27,39.71
2014-10-09,33.62,39.05
2014-10-10,31.91,38.05
2014-10-13,31.47,37.63
2014-10-14,32.14,37.69
2014-10-15,31.275,37.43
2014-10-16,30.85,37.21
2014-10-17,31.38,37.65
2014-10-20,31.58,37.92
2014-10-21,32.61,38.66
2014-10-22,32.27,38.48
2014-10-23,32.69,38.91
2014-10-24,33.18,39.25
2014-10-27,33.2,39.29
2014-10-28,33.74,39.83
2014-10-29,33.92,39.79
2014-10-30,32.58,39.92
2014-10-31,34.01,40.54
2014-11-03,34.31,40.71
2014-11-04,34.54,40.7
2014-11-05,33.76,40.81
2014-11-06,33.82,40.79
2014-11-07,33.58,40.84
2014-11-10,33.26,40.95
2014-11-11,33.31,40.97
2014-11-12,33.38,41.1
2014-11-13,33.68,41.32
2014-11-14,33.95,41.61
2014-11-17,34.24,41.53
2014-11-18,34.71,41.67
2014-11-19,34.35,41.4
2014-11-20,35.95,41.61
2014-11-21,35.59,41.67
2014-11-24,36.25,41.89
2014-11-25,36.32,41.91
2014-11-26,36.9,42.29
2014-11-28,37.25,42.49
2014-12-01,37.17,42.005
2014-12-02,37.6,42.02
2014-12-03,37.43,42.17
2014-12-04,37.46,42.17
2014-12-05,37.67,42.12
2014-12-08,37.2,41.69
2014-12-09,36.89,41.68
2014-12-10,36.42,41.05
2014-12-11,36.7,41.23
2014-12-12,36.225,40.615
2014-12-15,35.92,40.37
2014-12-16,35.56,39.83
2014-12-17,36.24,40.58
2014-12-18,37.02,41.74
2014-12-19,36.37,41.57
2014-12-22,37.21,42.07
2014-12-23,37.43,42.18
2014-12-24,37.44,42.14
2014-12-26,37.55,42.32
2014-12-29,37.18,42.11
2014-12-30,36.76,41.81
2014-12-31,36.29,41.35
2015-01-02,36.36,41.27
2015-01-05,35.95,40.64
2015-01-06,35.28,40.15
2015-01-07,36.02,40.49
2015-01-08,36.69,41.38
2015-01-09,36.76,41.25
2015-01-12,36.6,40.77
2015-01-13,36.5,40.74
2015-01-14,36.35,40.51
2015-01-15,36.19,39.99
2015-01-16,36.45,40.38
2015-01-20,36.09,40.72
2015-01-21,36.48,40.79
2015-01-22,36.91,41.46
2015-01-23,36.445,41.45
2015-01-26,35.805,41.28
2015-01-27,34.185,40.09
2015-01-28,33.775,40.02
2015-01-29,34.21,40.4
2015-01-30,33.04,39.9
2015-02-02,33.65,40.31
2015-02-03,33.7,40.77
2015-02-04,33.6,40.85
2015-02-05,33.94,41.23
2015-02-06,33.295,41.1
2015-02-09,32.93,41.04
2015-02-10,33.7,41.65
2015-02-11,33.55,41.81
2015-02-12,34.125,42.38
2015-02-13,34.36,42.65
2015-02-17,34.735,42.67
2015-02-18,34.265,42.71
2015-02-19,34.21,42.86
2015-02-20,34.41,43.08
2015-02-23,33.76,43.11
2015-02-24,34.41,43.24
2015-02-25,33.945,42.97
2015-02-26,33.65,43.24
2015-02-27,33.25,43.09
2015-03-02,34.06,43.43
2015-03-03,34.095,43.14
2015-03-04,34.12,42.97
2015-03-05,33.73,42.92
2015-03-06,33.19,42.39
2015-03-09,32.72,42.59
2015-03-10,31.7,41.72
2015-03-11,32.33,41.45
2015-03-12,30.8,41.72
2015-03-13,30.93,41.49
2015-03-16,30.83,41.98
2015-03-17,30.59,41.99
2015-03-18,30.89,42.56
2015-03-19,30.74,42.44
2015-03-20,31.31,42.54
2015-03-23,31.2,42.54
2015-03-24,30.79,42.4
2015-03-25,29.89,41.31
2015-03-26,30.08,41.34
2015-03-27,32.0,41.37
2015-03-30,31.46,41.87
2015-03-31,31.27,41.44
2015-04-01,30.81,41.38
2015-04-02,30.81,41.37
2015-04-06,31.04,41.77
2015-04-07,31.26,41.68
2015-04-08,31.31,41.81
2015-04-09,31.24,41.92
2015-04-10,31.93,42.08
2015-04-13,31.73,41.96
2015-04-14,31.49,41.83
2015-04-15,32.83,42.2
2015-04-16,32.87,42.05
2015-04-17,32.47,41.47
2015-04-20,32.73,42.18
2015-04-21,32.43,42.16
2015-04-22,32.7,42.59
2015-04-23,32.35,42.76
2015-04-24,32.08,43.13
2015-04-27,32.5,43.25
2015-04-28,33.02,43.39
2015-04-29,32.885,43.18
2015-04-30,32.55,42.58
2015-05-01,33.42,43.1
2015-05-04,33.43,43.14
2015-05-05,32.64,42.47
2015-05-06,32.22,42.11
2015-05-07,32.245,42.42
2015-05-08,32.8,43.03
2015-05-11,32.69,42.81
2015-05-12,32.25,42.58
2015-05-13,32.64,42.76
2015-05-14,32.97,43.45
2015-05-15,32.99,43.31
2015-05-18,33.41,43.52
2015-05-19,33.15,43.41
2015-05-20,33.37,43.44
2015-05-21,33.55,43.63
2015-05-22,33.45,43.6
2015-05-26,33.105,42.97
2015-05-27,33.71,43.78
2015-05-28,34.01,43.69
2015-05-29,34.46,43.37
2015-06-01,33.905,43.49
2015-06-02,33.27,43.4
2015-06-03,32.73,43.49
2015-06-04,32.31,43.09
2015-06-05,31.84,42.95
2015-06-08,31.3,42.47
2015-06-09,31.25,42.37
2015-06-10,31.82,43.03
2015-06-11,31.85,43.05
2015-06-12,31.32,42.67
2015-06-15,31.39,42.41
2015-06-16,31.635,42.69
2015-06-17,31.95,42.71
2015-06-18,32.38,43.09
2015-06-19,32.07,42.54
2015-06-22,32.26,42.89
2015-06-23,32.085,42.92
2015-06-24,31.91,42.72
2015-06-25,31.99,42.62
2015-06-26,31.02,42.26
2015-06-29,30.39,41.36
2015-06-30,30.415,41.4
2015-07-01,30.18,41.68
2015-07-02,30.555,41.74
2015-07-06,30.04,41.57
2015-07-07,29.9,41.63
2015-07-08,29.5,40.95
2015-07-09,28.93,40.79
2015-07-10,29.17,41.44
2015-07-13,29.73,42.07
2015-07-14,29.65,42.23
2015-07-15,29.69,42.24
2015-07-16,29.9,42.78
2015-07-17,29.47,43.44
2015-07-20,29.1,43.67
2015-07-21,28.72,43.38
2015-07-22,28.605,42.68
2015-07-23,28.595,42.59
2015-07-24,28.06,42.36
2015-07-27,28.35,41.98
2015-07-28,28.96,42.36
2015-07-29,29.01,42.64
2015-07-30,28.91,42.72
2015-07-31,28.95,42.58
2015-08-03,29.05,42.35
2015-08-04,29.13,42.1
2015-08-05,29.12,42.51
2015-08-06,29.01,42.09
2015-08-07,28.88,42.12
2015-08-10,29.64,42.78
2015-08-11,28.97,42.14
2015-08-12,29.46,42.33
2015-08-13,28.87,42.21
2015-08-14,29.02,42.42
2015-08-17,29.08,42.66
2015-08-18,28.91,42.44
2015-08-19,28.36,42.16
2015-08-20,27.53,41.13
2015-08-21,26.56,39.56
2015-08-24,26.25,38.14
2015-08-25,25.87,37.7
2015-08-26,27.3,39.6
2015-08-27,27.72,40.52
2015-08-28,28.42,40.6
2015-08-31,28.54,40.23
2015-09-01,27.82,38.94
2015-09-02,28.6,39.88
2015-09-03,29.08,39.91
2015-09-04,28.52,39.3
2015-09-08,29.5,40.4
2015-09-09,29.24,39.87
2015-09-10,29.27,40.27
2015-09-11,29.47,40.46
2015-09-14,29.39,40.36
2015-09-15,29.73,40.88
2015-09-16,29.77,41.05
2015-09-17,29.71,40.77
2015-09-18,29.02,40.06
2015-09-21,29.16,40.46
2015-09-22,28.67,39.78
2015-09-23,28.74,39.88
2015-09-24,28.48,39.88
2015-09-25,28.81,39.81
2015-09-28,28.76,38.9
2015-09-29,29.24,38.73
2015-09-30,30.14,39.5
2015-10-01,30.0,39.52
2015-10-02,30.51,40.08
2015-10-05,31.21,40.87
2015-10-06,31.74,40.92
2015-10-07,32.315,41.11
2015-10-08,32.52,41.3
2015-10-09,32.14,41.48
2015-10-12,32.21,41.53
2015-10-13,32.04,41.44
2015-10-14,32.8,41.36
2015-10-15,32.75,41.89
2015-10-16,33.04,41.97
2015-10-19,33.59,42.13
2015-10-20,33.44,42.02
2015-10-21,33.37,41.7
2015-10-22,34.4,42.64
2015-10-23,34.9,43.83
2015-10-26,34.59,43.66
2015-10-27,34.47,43.41
2015-10-28,34.71,44.06
2015-10-29,34.03,43.94
2015-10-30,33.86,43.65
2015-11-02,34.11,44.04
2015-11-03,34.31,44.27
2015-11-04,34.15,44.32
2015-11-05,34.0,44.19
2015-11-06,33.84,44.34
2015-11-09,33.35,43.91
2015-11-10,33.21,43.62
2015-11-11,32.86,43.6
2015-11-12,32.4,43.22
2015-11-13,32.11,42.37
2015-11-16,32.1,43.02
2015-11-17,32.64,43.03
2015-11-18,33.16,43.68
2015-11-19,34.3,43.88
2015-11-20,34.66,44.2
2015-11-23,34.48,43.94
2015-11-24,34.36,43.95
2015-11-25,34.45,43.81
2015-11-27,34.46,43.91
2015-11-30,34.77,43.96
2015-12-01,35.09,44.35
2015-12-02,34.83,44.07
2015-12-03,34.04,43.5
2015-12-04,34.935,44.57
2015-12-07,34.985,44.35
2015-12-08,34.75,44.24
2015-12-09,34.81,43.59
2015-12-10,34.77,43.71
2015-12-11,34.27,42.8
2015-12-14,34.47,43.13
2015-12-15,35.18,43.32
2015-12-16,35.3,43.91
2015-12-17,34.91,43.22
2015-12-18,33.865,42.17
2015-12-21,34.24,42.6
2015-12-22,34.73,42.91
2015-12-23,35.0,43.27
2015-12-24,34.98,43.25
2015-12-28,34.93,43.22
2015-12-29,35.44,43.81
2015-12-30,34.99,43.44
2015-12-31,34.45,42.83
2016-01-04,33.99,42.27
2016-01-05,33.83,42.16
2016-01-06,33.08,41.64
2016-01-07,31.84,40.41
2016-01-08,31.51,40.09
2016-01-11,32.06,40.35
2016-01-12,32.68,40.83
2016-01-13,31.91,39.73
2016-01-14,32.74,40.48
2016-01-15,29.76,39.34
2016-01-19,29.8,39.38
2016-01-20,29.59,39.07
2016-01-21,29.66,39.29
2016-01-22,29.925,40.38
2016-01-25,29.6,39.91
2016-01-26,29.94,40.3
2016-01-27,29.81,39.47
2016-01-28,29.97,39.98
2016-01-29,31.02,41.24
2016-02-01,30.82,41.39
2016-02-02,29.8,40.65
2016-02-03,29.34,40.6
2016-02-04,29.77,40.64
2016-02-05,29.04,39.5
2016-02-08,28.82,38.93
2016-02-09,28.81,38.75
2016-02-10,28.23,38.83
2016-02-11,28.22,38.73
2016-02-12,28.64,39.27
2016-02-16,28.78,39.97
2016-02-17,29.47,40.79
2016-02-18,29.42,40.63
2016-02-19,28.71,40.66
2016-02-22,29.35,41.2
2016-02-23,28.8,40.55
2016-02-24,29.19,40.86
2016-02-25,29.62,41.37
2016-02-26,29.8,41.26
2016-02-29,29.59,40.97
2016-03-01,30.37,42.19
2016-03-02,30.54,42.31
2016-03-03,30.58,42.31
2016-03-04,30.63,42.42
2016-03-07,30.94,42.16
2016-03-08,30.56,41.9
2016-03-09,30.865,42.26
2016-03-10,31.25,42.22
2016-03-11,31.76,42.87
2016-03-14,31.43,42.92
2016-03-15,31.65,43.08
2016-03-16,31.69,43.58
2016-03-17,31.98,43.74
2016-03-18,32.68,43.59
2016-03-21,32.34,43.74
2016-03-22,32.32,43.75
2016-03-23,32.0,43.5
2016-03-24,31.88,43.62
2016-03-28,31.9,43.51
2016-03-29,32.38,44.19
2016-03-30,32.71,44.45
2016-03-31,32.35,44.36
2016-04-01,32.45,44.7
2016-04-04,32.0,44.53
2016-04-05,31.9,44.1
2016-04-06,32.08,44.53
2016-04-07,31.55,43.89
2016-04-08,31.63,43.89
2016-04-11,31.67,43.77
2016-04-12,31.86,44.07
2016-04-13,32.13,44.52
2016-04-14,31.8,44.51
2016-04-15,31.46,44.34
2016-04-18,31.65,44.53
2016-04-19,31.6,44.28
2016-04-20,32.0,44.37
2016-04-21,31.97,44.21
2016-04-22,31.64,43.44
2016-04-25,31.39,43.45
2016-04-26,31.4,43.24
2016-04-27,31.75,43.04
2016-04-28,31.11,42.5
2016-04-29,30.28,42.13
2016-05-02,30.61,42.44
2016-05-03,30.36,42.05
2016-05-04,29.85,41.92
2016-05-05,29.9,41.94
2016-05-06,30.04,42.25
2016-05-09,29.8,42.25
2016-05-10,30.14,42.8
2016-05-11,30.06,42.49
2016-05-12,29.76,42.37
2016-05-13,29.91,42.21
2016-05-16,30.39,42.8
2016-05-17,29.98,42.37
2016-05-18,29.99,42.45
2016-05-19,29.63,42.22
2016-05-20,30.15,42.73
2016-05-23,30.23,42.65
2016-05-24,31.06,43.45
2016-05-25,31.39,43.75
2016-05-26,31.49,43.89
2016-05-27,31.57,44.1
2016-05-31,31.59,44.19
2016-06-01,31.66,44.08
2016-06-02,31.76,44.04
2016-06-03,31.62,43.94
2016-06-06,31.68,44.02
2016-06-07,31.88,44.2
2016-06-08,31.89,44.29
2016-06-09,31.94,44.3
2016-06-10,32.04,43.96
2016-06-13,32.17,43.47
2016-06-14,32.14,43.57
2016-06-15,31.61,43.46
2016-06-16,31.69,43.55
2016-06-17,31.76,43.05
2016-06-20,32.17,43.23
2016-06-21,32.32,43.53
2016-06-22,32.29,43.38
2016-06-23,32.99,43.97
2016-06-24,31.55,42.28
2016-06-27,30.72,41.43
2016-06-28,31.19,42.25
2016-06-29,31.93,42.9
2016-06-30,32.8,43.37
2016-07-01,32.75,43.47
2016-07-05,32.68,43.15
2016-07-06,32.97,43.45
2016-07-07,33.2,43.45
2016-07-08,34.0,44.13
2016-07-11,34.38,44.39
2016-07-12,34.94,44.75
2016-07-13,35.01,44.76
2016-07-14,35.2,45.05
2016-07-15,35.07,45.01
2016-07-18,35.05,45.31
2016-07-19,35.15,45.21
2016-07-20,35.69,45.8
2016-07-21,34.27,45.56
2016-07-22,34.66,45.83
2016-07-25,34.69,45.77
2016-07-26,35.09,45.87
2016-07-27,34.83,46.25
2016-07-28,34.77,46.28
2016-07-29,34.86,46.45
2016-08-01,34.85,46.54
2016-08-02,34.56,46.19
2016-08-03,34.25,46.35
2016-08-04,34.58,46.6
2016-08-05,34.98,47.05
2016-08-08,35.04,47.04
2016-08-09,34.92,47.14
2016-08-10,34.53,46.99
2016-08-11,34.68,47.16
2016-08-12,34.57,47.11
2016-08-15,34.91,47.34
2016-08-16,35.21,46.99
2016-08-17,35.02,46.97
2016-08-18,34.97,46.99
2016-08-19,35.24,47.02
2016-08-22,35.36,47.02
2016-08-23,35.4,47.19
2016-08-24,35.15,46.93
2016-08-25,35.09,47.03
2016-08-26,35.26,47.05
2016-08-29,35.55,47.23
2016-08-30,35.7,47.07
2016-08-31,35.89,46.99
2016-09-01,36.02,47.14
2016-09-02,36.08,47.35
2016-09-06,36.57,47.59
2016-09-07,36.46,47.71
2016-09-08,36.44,47.32
2016-09-09,35.44,46.16
2016-09-12,36.08,46.93
2016-09-13,35.61,46.59
2016-09-14,35.62,46.81
2016-09-15,36.56,47.58
2016-09-16,37.67,47.21
2016-09-19,37.16,47.12
2016-09-20,37.14,47.09
2016-09-21,37.45,47.62
2016-09-22,37.55,47.91
2016-09-23,37.19,47.49
2016-09-26,36.65,47.21
2016-09-27,37.18,47.73
2016-09-28,37.44,47.82
2016-09-29,37.32,47.53
2016-09-30,37.75,47.78
2016-10-03,37.66,47.64
2016-10-04,37.54,47.47
2016-10-05,37.99,47.64
2016-10-06,38.07,47.75
2016-10-07,38.1,47.62
2016-10-10,38.02,47.95
2016-10-11,37.27,47.41
2016-10-12,37.13,47.49
2016-10-13,36.97,47.19
2016-10-14,37.45,47.37
2016-10-17,37.29,47.27
2016-10-18,37.75,47.53
2016-10-19,35.51,47.62
2016-10-20,35.43,47.4
2016-10-21,35.15,47.53
2016-10-24,35.26,47.99
2016-10-25,35.1,47.82
2016-10-26,34.92,47.55
2016-10-27,34.81,47.49
2016-10-28,34.74,47.44
2016-10-31,34.87,47.42
2016-11-01,34.52,47.01
2016-11-02,34.6,46.71
2016-11-03,33.93,46.26
2016-11-04,33.61,46.18
2016-11-07,34.69,47.18
2016-11-08,34.74,47.41
2016-11-09,34.75,47.35
2016-11-10,34.5,46.59
2016-11-11,34.61,46.73
2016-11-14,34.48,46.02
2016-11-15,34.91,46.67
2016-11-16,34.84,47.1
2016-11-17,35.02,47.4
2016-11-18,34.95,47.36
2016-11-21,34.98,47.84
2016-11-22,35.48,47.99
2016-11-23,35.2,47.8
2016-11-25,35.44,48.0
2016-11-28,35.51,48.04
2016-11-29,35.31,48.07
2016-11-30,34.7,47.5
2016-12-01,33.76,46.52
2016-12-02,34.16,46.69
2016-12-05,34.39,47.14
2016-12-06,34.72,47.28
2016-12-07,35.5,48.18
2016-12-08,35.7,48.3
2016-12-09,35.76,48.65
2016-12-12,35.97,48.5
2016-12-13,36.8,49.11
2016-12-14,36.55,48.94
2016-12-15,36.79,49.16
2016-12-16,36.31,48.59
2016-12-19,36.89,48.94
2016-12-20,37.21,49.12
2016-12-21,36.98,49.02
2016-12-22,36.93,48.92
2016-12-23,36.97,48.97
2016-12-27,37.07,49.17
2016-12-28,36.63,48.73
2016-12-29,36.66,48.74
2016-12-30,36.27,48.36
2017-01-03,36.6,48.79
2017-01-04,36.41,48.96
2017-01-05,36.35,49.04
2017-01-06,36.48,49.4
2017-01-09,36.61,49.39
2017-01-10,36.54,49.4
2017-01-11,36.95,49.63
2017-01-12,36.71,49.51
2017-01-13,36.79,49.66
2017-01-17,36.8,49.47
2017-01-18,36.76,49.6
2017-01-19,36.57,49.53
2017-01-20,36.94,49.8
2017-01-23,36.77,49.89
2017-01-24,37.62,50.2
2017-01-25,37.8,50.68
2017-01-26,37.56,50.54
2017-01-27,37.98,50.74
2017-01-30,37.42,50.33
2017-01-31,36.82,50.08
2017-02-01,36.52,50.46
2017-02-02,36.68,50.36
2017-02-03,36.52,50.69
2017-02-06,36.27,50.72
2017-02-07,36.35,50.92
2017-02-08,36.38,51.01
2017-02-09,35.46,51.17
2017-02-10,35.34,51.32
2017-02-13,35.8,51.55
2017-02-14,35.93,51.72
2017-02-15,36.05,51.89
2017-02-16,36.41,52.01
2017-02-17,36.48,52.19
2017-02-21,36.52,52.46
2017-02-22,36.07,52.52
2017-02-23,36.18,52.51
2017-02-24,36.53,52.63
2017-02-27,36.51,52.6
2017-02-28,36.2,52.35
2017-03-01,35.93,53.09
2017-03-02,35.91,52.74
2017-03-03,35.9,52.86
2017-03-06,35.57,52.78
2017-03-07,35.8,52.78
2017-03-08,35.62,52.84
2017-03-09,35.82,52.83
2017-03-10,35.91,53.11
2017-03-13,35.16,53.16
2017-03-14,35.18,53.04
2017-03-15,35.1,53.4
2017-03-16,35.14,53.43
2017-03-17,35.27,53.34
2017-03-20,35.43,53.3706
2017-03-21,35.04,52.61
2017-03-22,35.37,52.94
2017-03-23,35.27,52.8
2017-03-24,35.16,52.84
2017-03-27,35.39,52.84
2017-03-28,35.6,53.22
2017-03-29,35.57,53.31
2017-03-30,35.75,53.41
2017-03-31,36.07,53.31
2017-04-03,36.16,53.26
2017-04-04,36.28,53.3
2017-04-05,36.22,53.08
2017-04-06,36.03,53.09
2017-04-07,36.03,53.06
2017-04-10,35.8,52.96
2017-04-11,35.74,52.76
2017-04-12,35.63,52.58
2017-04-13,35.25,52.37
2017-04-17,35.48,52.85
2017-04-18,35.765,52.84
2017-04-19,35.91,52.8
2017-04-20,36.18,53.28
2017-04-21,36.32,53.17
2017-04-24,36.75,53.8
2017-04-25,36.87,54.08
2017-04-26,36.93,54.02
2017-04-27,37.43,54.24
2017-04-28,36.15,54.38
2017-05-01,36.31,54.79
2017-05-02,36.97,54.91
2017-05-03,36.98,54.81
2017-05-04,36.85,54.77
2017-05-05,36.82,54.97
2017-05-08,36.54,55.21
2017-05-09,36.37,55.28
2017-05-10,36.01,55.49
2017-05-11,35.69,55.42
2017-05-12,35.53,55.56
2017-05-15,35.63,55.87
2017-05-16,35.82,56.13
2017-05-17,35.04,54.6
2017-05-18,35.22,54.92
2017-05-19,35.4,55.24
2017-05-22,35.77,55.68
2017-05-23,35.86,55.78
2017-05-24,36.12,56.01
2017-05-25,36.26,56.41
2017-05-26,36.26,56.38
2017-05-30,36.18,56.62
2017-05-31,36.11,56.53
2017-06-01,36.12,56.67
2017-06-02,36.32,57.19
2017-06-05,36.34,57.24
2017-06-06,36.13,57.13
2017-06-07,36.26,57.31
2017-06-08,36.48,57.44
2017-06-09,35.71,56.02
2017-06-12,35.73,55.69
2017-06-13,35.88,56.09
2017-06-14,35.53,55.82
2017-06-15,35.31,55.57
2017-06-16,35.21,55.25
2017-06-19,35.51,56.07
2017-06-20,34.86,55.62
2017-06-21,34.58,55.93
2017-06-22,34.36,55.95
2017-06-23,34.19,56.3
2017-06-26,34.07,56.0
2017-06-27,33.65,55.08
2017-06-28,34.2,55.77
2017-06-29,33.54,54.77
2017-06-30,33.74,54.72
2017-07-03,33.46,54.34
2017-07-05,34.34,54.88
2017-07-06,33.63,54.38
2017-07-07,33.88,55.01
2017-07-10,33.65,55.41
2017-07-11,33.92,55.53
2017-07-12,34.25,56.25
2017-07-13,34.24,56.36
2017-07-14,34.68,56.86
2017-07-17,34.47,56.87
2017-07-18,34.53,57.13
2017-07-19,34.56,57.42
2017-07-20,34.75,57.54
2017-07-21,34.73,57.47
2017-07-24,34.5,57.61
2017-07-25,34.67,57.5
2017-07-26,34.75,57.72
2017-07-27,34.97,57.5
2017-07-28,35.31,57.44
2017-07-31,35.47,57.16
2017-08-01,36.35,57.45
2017-08-02,36.64,57.61
2017-08-03,36.49,57.48
2017-08-04,36.3,57.61
2017-08-07,36.43,57.96
2017-08-08,36.41,57.88
2017-08-09,36.59,57.85
2017-08-10,36.14,56.71
2017-08-11,35.87,57.1
2017-08-14,36.34,58.01
2017-08-15,36.0,58.1
2017-08-16,35.81,58.27
2017-08-17,35.17,57.13
2017-08-18,35.01,57.07
2017-08-21,34.92,57.05
2017-08-22,34.65,57.9
2017-08-23,34.66,57.76
2017-08-24,34.71,57.71
2017-08-25,34.67,57.7
2017-08-28,34.65,57.81
2017-08-29,34.73,58.06
2017-08-30,34.89,58.48
2017-08-31,35.07,58.83
2017-09-01,35.09,58.78
2017-09-05,35.02,58.26
2017-09-06,35.76,58.31
2017-09-07,35.54,58.51
2017-09-08,35.19,58.03
2017-09-11,35.77,58.85
2017-09-12,36.09,58.99
2017-09-13,36.33,58.91
2017-09-14,36.48,58.71
2017-09-15,37.0,58.74
2017-09-18,37.0,58.79
2017-09-19,37.23,59.05
2017-09-20,37.07,58.81
2017-09-21,37.2,58.49
2017-09-22,37.18,58.52
2017-09-25,37.16,57.83
2017-09-26,37.47,58.04
2017-09-27,37.54,58.63
2017-09-28,37.83,58.7
2017-09-29,38.08,59.1
2017-10-02,39.04,59.19
2017-10-03,39.38,59.33
2017-10-04,39.34,59.29
2017-10-05,39.53,59.86
2017-10-06,39.63,59.95
2017-10-09,39.86,60.1
2017-10-10,39.65,60.16
2017-10-11,39.3,60.36
2017-10-12,39.19,60.21
2017-10-13,39.67,60.5
2017-10-16,39.76,60.72
2017-10-17,39.79,60.72
2017-10-18,40.25,60.87
2017-10-19,40.09,60.69
2017-10-20,40.43,61.1
2017-10-23,40.83,60.81
2017-10-24,40.95,60.98
2017-10-25,40.78,60.65
2017-10-26,41.35,60.9
2017-10-27,44.4,62.54
2017-10-30,44.37,62.68
2017-10-31,45.49,62.95
2017-11-01,46.71,62.96
2017-11-02,47.1,62.99
2017-11-03,46.34,63.49
2017-11-06,46.7,63.63
2017-11-07,46.78,63.66
2017-11-08,46.7,64.01
2017-11-09,46.3,63.5
2017-11-10,45.58,63.5
2017-11-13,45.75,63.48
2017-11-14,45.86,63.35
2017-11-15,45.46,62.88
2017-11-16,45.65,63.76
2017-11-17,44.63,63.35
2017-11-20,44.62,63.59
2017-11-21,44.94,64.26
2017-11-22,44.65,64.14
2017-11-24,44.75,64.5
2017-11-27,44.49,64.5
2017-11-28,44.73,64.71
2017-11-29,43.95,63.28
2017-11-30,44.84,63.84
2017-12-01,44.68,63.51
2017-12-04,44.49,62.49
2017-12-05,43.44,62.51
2017-12-06,43.45,62.91
2017-12-07,43.08,63.3
2017-12-08,43.35,63.6
2017-12-11,43.66,64.15
2017-12-12,43.33,64.13
2017-12-13,43.34,64.15
2017-12-14,43.26,64.07
2017-12-15,44.56,64.56
2017-12-18,46.26,65.13
2017-12-19,47.04,64.73
2017-12-20,47.56,64.71
2017-12-21,46.76,64.58
2017-12-22,46.7,64.54
2017-12-26,46.08,64.11
2017-12-27,46.11,64.18
2017-12-28,46.22,64.29
2017-12-29,46.16,63.95
2018-01-02,46.85,64.74
2018-01-03,45.26,65.28
2018-01-04,44.43,65.61
2018-01-05,44.74,66.3
2018-01-08,44.74,66.55
2018-01-09,43.62,66.38
2018-01-10,42.5,66.15
2018-01-11,43.41,66.42
2018-01-12,43.24,66.81
2018-01-16,43.14,66.55
2018-01-17,44.39,67.55
2018-01-18,44.48,67.67
2018-01-19,44.82,67.8
2018-01-22,45.75,68.46
2018-01-23,46.06,68.76
2018-01-24,45.51,68.23
2018-01-25,45.3,68.11
2018-01-26,50.08,69.19
2018-01-29,49.98,68.56
2018-01-30,48.79,67.94
2018-01-31,48.14,68.45
2018-02-01,47.65,68.51
2018-02-02,46.15,66.48
2018-02-05,44.52,63.7
2018-02-06,44.91,65.53
2018-02-07,45.2,64.69
2018-02-08,42.75,62.01
2018-02-09,43.95,63.53
2018-02-12,44.83,64.67
2018-02-13,44.46,64.83
2018-02-14,45.38,66.02
2018-02-15,45.92,67.28
2018-02-16,45.56,67.18
2018-02-20,46.32,67.24
2018-02-21,45.94,66.81
2018-02-22,45.8,66.89
2018-02-23,47.73,68.29
2018-02-26,49.11,69.36
2018-02-27,49.91,68.66
2018-02-28,49.29,68.17
2018-03-01,47.84,67.04
2018-03-02,48.98,67.68
2018-03-05,49.75,68.37
2018-03-06,50.71,68.52
2018-03-07,51.32,68.9
2018-03-08,50.74,69.2
2018-03-09,52.19,70.51
2018-03-12,51.52,70.73
2018-03-13,51.78,69.92
2018-03-14,51.86,69.86
2018-03-15,50.88,69.9
2018-03-16,51.17,69.61
2018-03-19,50.83,68.23
2018-03-20,51.55,68.2
2018-03-21,51.56,67.79
2018-03-22,50.83,66.04
2018-03-23,49.36,64.28
2018-03-26,52.48,66.72
2018-03-27,51.19,64.58
2018-03-28,49.6,64.15
2018-03-29,52.08,65.42
2018-04-02,48.92,63.86
2018-04-03,49.75,64.49
2018-04-04,49.99,65.39
2018-04-05,50.38,65.66
2018-04-06,48.79,64.05
2018-04-09,49.55,64.55
2018-04-10,51.27,66.14
2018-04-11,51.1,65.75
2018-04-12,52.72,66.54
2018-04-13,51.86,66.32
2018-04-16,52.4,66.83
2018-04-17,53.54,68.07
2018-04-18,53.61,67.89
2018-04-19,52.22,67.14
2018-04-20,51.53,66.21
2018-04-23,51.1,65.97
2018-04-24,51.45,64.82
2018-04-25,51.38,64.83
2018-04-26,53.05,66.01
2018-04-27,52.73,65.89
2018-04-30,51.62,65.46
2018-05-01,53.33,66.28
2018-05-02,52.31,66.21
2018-05-03,52.28,66.36
2018-05-04,52.78,67.62
2018-05-07,53.33,68.09
2018-05-08,53.63,68.24
2018-05-09,54.34,69.08
2018-05-10,54.98,69.98
2018-05-11,54.67,69.88
2018-05-14,54.9,69.87
2018-05-15,53.92,69.21
2018-05-16,54.64,69.52
2018-05-17,54.81,69.16
2018-05-18,53.5,68.87
2018-05-21,54.32,69.47
2018-05-22,54.45,69.37
2018-05-23,55.21,69.88
2018-05-24,54.75,69.8
2018-05-25,55.44,69.75
2018-05-29,55.32,69.37
2018-05-30,55.68,69.88
2018-05-31,55.2,69.9
2018-06-01,57.08,71.09
2018-06-04,56.83,71.66
2018-06-05,56.53,71.91
2018-06-06,57.03,72.38
2018-06-07,55.88,71.8
2018-06-08,55.05,71.68
2018-06-11,54.52,71.76
2018-06-12,54.82,72.11
2018-06-13,55.03,71.74
2018-06-14,55.54,72.25
2018-06-15,55.11,71.72
2018-06-18,53.22,71.8
2018-06-19,52.93,71.43
2018-06-20,53.46,71.58
2018-06-21,52.19,71.03
2018-06-22,52.5,70.8
2018-06-25,50.71,69.33
2018-06-26,49.67,69.61
2018-06-27,48.76,68.66
2018-06-28,49.25,69.5
2018-06-29,49.71,69.47
2018-07-02,50.2,70.09
2018-07-03,49.47,69.26
2018-07-05,50.75,70.24
2018-07-06,51.37,71.06
2018-07-09,51.86,71.6
2018-07-10,52.16,71.77
2018-07-11,51.2,71.49
2018-07-12,52.35,72.62
2018-07-13,52.22,72.54
2018-07-16,52.01,72.37
2018-07-17,51.75,72.91
2018-07-18,51.72,72.79
2018-07-19,51.98,72.53
2018-07-20,51.91,72.55
2018-07-23,52.31,72.92
2018-07-24,52.18,73.32
2018-07-25,52.43,74.24
2018-07-26,52.16,73.1
2018-07-27,47.68,71.85
2018-07-30,47.69,70.73
2018-07-31,48.1,70.92
2018-08-01,48.81,71.56
2018-08-02,49.48,72.46
2018-08-03,49.63,72.72
2018-08-06,49.3,73.11
2018-08-07,49.7,73.39
2018-08-08,49.96,73.59
2018-08-09,50.14,73.62
2018-08-10,48.85,73.03
2018-08-13,48.45,72.93
2018-08-14,48.12,73.38
2018-08-15,47.46,72.72
2018-08-16,47.17,73.04
2018-08-17,47.1,73.15
2018-08-20,46.5,73.04
2018-08-21,47.62,73.16
2018-08-22,47.05,73.38
2018-08-23,46.98,73.54
2018-08-24,47.66,74.28
2018-08-27,48.35,74.96
2018-08-28,48.57,75.09
2018-08-29,48.75,75.77
2018-08-30,48.24,75.54
2018-08-31,48.43,75.6
2018-09-04,47.96,75.31
2018-09-05,47.72,74.37
2018-09-06,47.26,73.83
2018-09-07,46.45,73.58
2018-09-10,46.3,73.81
2018-09-11,44.93,74.44
2018-09-12,44.93,74.13
2018-09-13,45.57,75.0
2018-09-14,45.54,74.94
2018-09-17,45.42,74.0
2018-09-18,46.1,74.47
2018-09-19,46.15,74.28
2018-09-20,47.2,75.16
2018-09-21,46.66,74.61
2018-09-24,46.91,74.98
2018-09-25,45.91,74.89
2018-09-26,45.7,74.61
2018-09-27,45.88,75.05
2018-09-28,47.29,75.33
2018-10-01,46.45,75.69
2018-10-02,48.1,75.7
2018-10-03,48.76,75.93
2018-10-04,48.13,74.56
2018-10-05,47.03,73.62
2018-10-08,47.03,72.79
2018-10-09,46.55,73.05
2018-10-10,44.8,69.51
2018-10-11,44.23,68.63
2018-10-12,44.88,70.83
2018-10-15,44.53,69.67
2018-10-16,45.94,71.77
2018-10-17,45.89,71.44
2018-10-18,44.97,70.04
2018-10-19,44.0,70.01
2018-10-22,45.01,70.59
2018-10-23,44.5,70.32
2018-10-24,42.42,67.17
2018-10-25,44.31,69.48
2018-10-26,45.69,68.09
2018-10-29,45.4,66.94
2018-10-30,47.76,67.69
2018-10-31,46.88,69.3
2018-11-01,48.22,70.11
2018-11-02,47.11,68.74
2018-11-05,47.97,68.67
2018-11-06,47.25,69.1
2018-11-07,48.72,71.13
2018-11-08,48.99,71.07
2018-11-09,48.11,69.84
2018-11-12,46.65,67.38
2018-11-13,47.39,67.46
2018-11-14,47.09,66.65
2018-11-15,48.11,68.32
2018-11-16,48.83,68.21
2018-11-19,48.0,65.61
2018-11-20,47.39,64.2
2018-11-21,47.03,64.67
2018-11-23,46.54,64.08
2018-11-26,47.45,65.53
2018-11-27,48.07,65.66
2018-11-28,48.86,67.96
2018-11-29,47.7,67.3
2018-11-30,49.31,67.94
2018-12-03,50.13,69.44
2018-12-04,47.75,66.81
2018-12-06,48.37,66.96
2018-12-07,46.24,64.6
2018-12-10,47.21,65.49
2018-12-11,47.38,65.57
2018-12-12,47.83,66.08
2018-12-13,48.29,66.19
2018-12-14,47.86,64.57
2018-12-17,47.08,63.2
2018-12-18,47.74,63.7
2018-12-19,45.57,62.44
2018-12-20,45.54,61.32
2018-12-21,44.84,59.2
2018-12-24,43.59,57.62
2018-12-26,46.19,61.1
2018-12-27,46.36,61.54
2018-12-28,46.75,61.4
2018-12-31,46.93,61.98
2019-01-02,47.08,62.02
2019-01-03,44.49,58.89
2019-01-04,47.22,61.5
2019-01-07,47.44,62.05
2019-01-08,47.74,62.57
2019-01-09,48.01,63.38
2019-01-10,48.56,63.66
2019-01-11,48.93,63.54
2019-01-14,48.35,62.95
2019-01-15,48.6,63.9
2019-01-16,48.13,63.96
2019-01-17,48.47,64.37
2019-01-18,49.19,65.35
2019-01-22,48.27,64.25
2019-01-23,47.94,64.47
2019-01-24,49.76,65.01
2019-01-25,47.04,65.93
2019-01-28,46.71,65.05
2019-01-29,46.54,64.35
2019-01-30,47.54,66.35
2019-01-31,47.12,66.28
2019-02-01,48.73,66.67
2019-02-04,49.22,67.74
2019-02-05,50.01,68.31
2019-02-06,49.9,68.54
2019-02-07,49.23,67.6
2019-02-08,48.84,67.99
2019-02-11,48.77,67.96
2019-02-12,50.01,68.86
2019-02-13,50.47,68.95
2019-02-14,50.81,69.07
2019-02-15,51.66,69.62
2019-02-19,51.4,69.64
2019-02-20,51.39,69.72
2019-02-21,51.41,69.75
2019-02-22,52.49,70.64
2019-02-25,53.1,70.98
2019-02-26,53.23,71.13
2019-02-27,53.24,71.06
2019-02-28,52.96,70.86
2019-03-01,53.3,71.34
2019-03-04,53.94,71.07
2019-03-05,53.68,70.86
2019-03-06,52.95,70.49
2019-03-07,52.6,69.82
2019-03-08,52.48,69.81
2019-03-11,53.35,71.31
2019-03-12,53.57,71.73
2019-03-13,54.37,72.2
2019-03-14,53.44,72.35
2019-03-15,54.33,72.99
2019-03-18,54.1,73.3
2019-03-19,54.17,73.45
2019-03-20,53.82,73.25
2019-03-21,54.64,75.09
2019-03-22,53.26,73.32
2019-03-25,52.78,73.0
2019-03-26,53.44,73.4
2019-03-27,53.16,72.98
2019-03-28,53.11,73.28
2019-03-29,53.7,74.0
2019-04-01,54.51,75.01
2019-04-02,54.36,75.27
2019-04-03,55.48,75.88
2019-04-04,55.92,75.56
2019-04-05,55.6,75.92
2019-04-08,55.68,76.21
2019-04-09,55.32,75.85
2019-04-10,55.75,76.38
2019-04-11,55.8,76.28
2019-04-12,56.42,76.81
2019-04-15,56.28,76.78
2019-04-16,56.71,77.17
2019-04-17,58.56,77.6
2019-04-18,58.49,77.82
2019-04-22,58.82,78.0
2019-04-23,58.78,78.85
2019-04-24,58.72,78.88
2019-04-25,57.61,78.86
2019-04-26,52.43,78.56
2019-04-29,51.11,78.58
2019-04-30,51.04,78.71
2019-05-01,50.76,78.51
2019-05-02,50.55,78.1
2019-05-03,51.75,78.84
2019-05-06,51.22,78.23
2019-05-07,50.48,76.55
2019-05-08,49.24,76.46
2019-05-09,46.62,75.94
2019-05-10,46.2,76.18
2019-05-13,44.76,73.31
2019-05-14,45.17,74.49
2019-05-15,45.62,75.3
2019-05-16,45.53,75.99
2019-05-17,44.89,75.38
2019-05-20,43.56,74.07
2019-05-21,44.46,74.98
2019-05-22,44.0,74.59
2019-05-23,44.53,73.28
2019-05-24,44.57,73.3
2019-05-28,43.57,73.09
2019-05-29,44.23,72.66
2019-05-30,44.73,73.11
2019-05-31,44.04,71.89
2019-06-03,43.46,70.63
2019-06-04,44.79,72.99
2019-06-05,44.55,73.94
2019-06-06,45.1,74.8
2019-06-07,46.03,76.19
2019-06-10,46.8,76.97
2019-06-11,46.85,76.97
2019-06-12,46.32,76.54
2019-06-13,46.7,76.77
2019-06-14,46.19,76.1
2019-06-17,46.13,76.16
2019-06-18,47.37,77.54
2019-06-19,47.07,77.82
2019-06-20,47.19,78.96
2019-06-21,47.46,78.31
2019-06-24,47.63,78.46
2019-06-25,46.85,77.02
2019-06-26,48.19,77.85
2019-06-27,47.46,78.05
2019-06-28,47.87,78.04
2019-07-01,48.05,79.28
2019-07-02,48.12,79.49
2019-07-03,48.52,80.1
2019-07-05,48.08,79.95
2019-07-08,47.82,79.34
2019-07-09,47.75,79.62
2019-07-10,48.21,80.25
2019-07-11,48.6,80.55
2019-07-12,49.92,81.14
2019-07-15,50.12,81.41
2019-07-16,49.17,80.65
2019-07-17,49.39,80.44
2019-07-18,49.94,81.04
2019-07-19,50.27,80.69
2019-07-22,51.35,81.62
2019-07-23,51.75,82.07
2019-07-24,52.92,82.75
2019-07-25,52.16,82.41
2019-07-26,51.59,82.59
2019-07-29,52.51,82.54
2019-07-30,51.7,82.01
2019-07-31,50.55,80.77
2019-08-01,49.5,80.36
2019-08-02,48.68,79.05
2019-08-05,46.97,75.75
2019-08-06,46.96,77.01
2019-08-07,46.73,77.49
2019-08-08,47.17,79.39
2019-08-09,45.98,78.49
2019-08-12,45.6,77.46
2019-08-13,46.84,79.4
2019-08-14,45.87,76.96
2019-08-15,45.7,76.82
2019-08-16,46.5,78.28
2019-08-19,47.23,79.47
2019-08-20,46.6,79.07
2019-08-21,47.15,80.0
2019-08-22,46.78,79.81
2019-08-23,44.96,77.17
2019-08-26,45.56,78.24
2019-08-27,45.79,78.12
2019-08-28,45.79,78.19
2019-08-29,46.87,79.55
2019-08-30,47.41,79.53
2019-09-03,46.98,78.56
2019-09-04,48.92,79.9
2019-09-05,50.1,81.57
2019-09-06,50.92,81.5
2019-09-09,51.59,80.89
2019-09-10,51.82,80.48
2019-09-11,52.79,81.32
2019-09-12,53.01,81.76
2019-09-13,52.54,81.16
2019-09-16,52.2,80.96
2019-09-17,51.95,81.29
2019-09-18,51.74,81.28
2019-09-19,51.57,81.46
2019-09-20,50.72,80.26
2019-09-23,50.9,80.51
2019-09-24,49.82,79.73
2019-09-25,51.02,80.68
2019-09-26,50.92,80.77
2019-09-27,50.78,79.69
2019-09-30,51.53,80.53
2019-10-01,50.76,79.78
2019-10-02,49.39,78.28
2019-10-03,50.03,79.24
2019-10-04,50.92,80.55
2019-10-07,50.62,80.21
2019-10-08,49.725,78.74
2019-10-09,50.48,79.91
2019-10-10,51.11,80.46
2019-10-11,52.09,81.57
2019-10-14,51.64,81.52
2019-10-15,52.65,82.42
2019-10-16,52.445,81.85
2019-10-17,51.86,81.69
2019-10-18,51.36,80.91
2019-10-21,52.13,81.78
2019-10-22,52.01,80.68
2019-10-23,51.72,80.75
2019-10-24,52.23,81.93
2019-10-25,56.46,82.92
2019-10-28,56.76,83.97
2019-10-29,56.34,83.21
2019-10-30,56.6,83.72
2019-10-31,56.53,83.67
2019-11-01,56.51,84.67
2019-11-04,57.61,85.11
2019-11-05,57.55,85.01
2019-11-06,57.6,84.97
2019-11-07,58.05,85.64
2019-11-08,58.27,86.12
2019-11-11,58.35,86.16
2019-11-12,58.2,86.45
2019-11-13,57.89,86.64
2019-11-14,57.81,86.54
2019-11-15,57.96,87.24
2019-11-18,58.25,87.5
2019-11-19,58.35,87.67
2019-11-20,57.9,87.14
2019-11-21,58.22,86.7
2019-11-22,57.61,86.59
2019-11-25,58.81,87.85
2019-11-26,58.9,87.93
2019-11-27,58.51,88.42
2019-11-29,58.05,88.16
2019-12-02,57.66,86.9
2019-12-03,56.07,86.13
2019-12-04,56.02,86.48
2019-12-05,56.08,86.8
2019-12-06,56.81,87.76
2019-12-09,56.53,87.3
2019-12-10,56.59,87.37
2019-12-11,57.07,87.96
2019-12-12,57.55,88.9
2019-12-13,57.79,89.49
2019-12-16,57.7,90.29
2019-12-17,57.3,90.08
2019-12-18,57.17,90.07
2019-12-19,57.96,90.72
2019-12-20,58.95,90.95
2019-12-23,59.23,91.21
2019-12-24,59.41,91.24
2019-12-26,59.82,91.92
2019-12-27,60.08,91.91
2019-12-30,59.62,91.38
2019-12-31,59.85,91.67
2020-01-02,60.84,93.39
2020-01-03,60.1,92.34
2020-01-06,59.93,92.56
2020-01-07,58.93,92.52
2020-01-08,58.97,93.51
2020-01-09,59.3,94.57
2020-01-10,58.94,94.35
2020-01-13,59.59,95.53
2020-01-14,59.43,95.08
2020-01-15,58.94,95.19
2020-01-16,59.66,96.47
2020-01-17,59.6,97.12
2020-01-21,60.55,97.08
2020-01-22,62.73,97.43
2020-01-23,63.32,97.89
2020-01-24,68.47,97.43
2020-01-27,65.69,95.11
2020-01-28,67.31,96.93
2020-01-29,66.33,97.18
2020-01-30,66.47,98.02
2020-01-31,63.93,95.33
2020-02-03,64.42,96.59
2020-02-04,65.46,99.12
2020-02-05,67.34,99.7
2020-02-06,67.09,100.61
2020-02-07,66.02,99.69
2020-02-10,66.39,101.04
2020-02-11,67.41,100.7
2020-02-12,67.46,101.79
2020-02-13,67.44,101.52
2020-02-14,67.27,101.96
2020-02-18,66.14,101.58
2020-02-19,67.11,102.79
2020-02-20,65.45,101.72
2020-02-21,64.34,99.44
2020-02-24,61.76,95.33
2020-02-25,59.73,92.28
2020-02-26,59.65,92.7
2020-02-27,55.83,87.7
2020-02-28,55.52,88.37
2020-03-02,58.18,93.48
2020-03-03,55.97,89.93
2020-03-04,58.68,93.79
2020-03-05,56.96,90.83
2020-03-06,55.77,88.91
2020-03-09,50.85,82.16
2020-03-10,53.98,87.64
2020-03-11,51.66,83.5
2020-03-12,45.54,75.35
2020-03-13,54.43,84.19
2020-03-16,44.61,72.56
2020-03-17,50.08,77.5
2020-03-18,47.61,74.58
2020-03-19,45.94,74.85
2020-03-20,45.83,71.42
2020-03-23,49.58,70.4
2020-03-24,52.4,77.61
2020-03-25,51.26,77.51
2020-03-26,55.54,82.31
2020-03-27,52.37,78.59
2020-03-30,55.49,81.9
2020-03-31,54.12,80.37
2020-04-01,51.88,76.54
2020-04-02,54.35,78.33
2020-04-03,54.13,77.12
2020-04-06,58.43,83.7
2020-04-07,58.4,82.95
2020-04-08,58.98,85.18
2020-04-09,57.14,85.2
2020-04-13,58.7,85.39
2020-04-14,60.66,88.97
2020-04-15,58.87,87.03
2020-04-16,60.79,88.09
2020-04-17,60.36,89.26
2020-04-20,59.18,87.83
2020-04-21,56.36,84.15
2020-04-22,60.1,87.39
2020-04-23,59.04,86.79
2020-04-24,59.26,88.63
2020-04-27,59.47,89.39
2020-04-28,58.75,88.2
2020-04-29,61.8,91.82
2020-04-30,59.98,91.41
2020-05-01,57.47,88.9
2020-05-04,57.99,90.08
2020-05-05,58.75,91.32
2020-05-06,59.18,92.03
2020-05-07,59.17,93.41
2020-05-08,59.67,94.78
2020-05-11,60.13,95.41
2020-05-12,58.39,93.44
2020-05-13,57.74,91.83
2020-05-14,59.08,93.0
2020-05-15,58.28,93.47
2020-05-18,59.92,95.76
2020-05-19,60.29,95.41
2020-05-20,63.1,97.5
2020-05-21,61.98,96.14
2020-05-22,62.255,96.49
2020-05-26,62.34,96.39
2020-05-27,63.56,96.94
2020-05-28,61.7,96.75
2020-05-29,62.93,97.97
2020-06-01,61.86,97.94
2020-06-02,62.12,98.86
2020-06-03,61.93,99.63
2020-06-04,62.97,98.81
2020-06-05,64.34,101.41
2020-06-08,63.67,101.92
2020-06-09,63.04,102.4
2020-06-10,63.87,104.11
2020-06-11,59.7,98.14
2020-06-12,59.33,99.41
2020-06-15,60.1,100.37
2020-06-16,60.4,102.51
2020-06-17,60.49,102.49
2020-06-18,60.08,102.95
2020-06-19,59.62,102.24
2020-06-22,60.09,103.88
2020-06-23,59.92,104.63
2020-06-24,59.09,102.27
2020-06-25,58.51,103.58
2020-06-26,57.5,101.54
2020-06-29,58.27,102.65
2020-06-30,59.83,104.49
2020-07-01,58.81,104.66
2020-07-02,59.13,105.27
2020-07-06,59.54,107.11
2020-07-07,58.31,105.99
2020-07-08,58.61,107.72
2020-07-09,58.42,108.11
2020-07-10,59.53,108.08
2020-07-13,58.58,105.84
2020-07-14,58.98,107.06
2020-07-15,59.03,107.64
2020-07-16,59.14,106.31
2020-07-17,60.0,106.83
2020-07-20,61.15,109.56
2020-07-21,60.7,108.46
2020-07-22,61.05,109.33
2020-07-23,60.4,106.49
2020-07-24,50.59,105.2
2020-07-27,49.57,106.86
2020-07-28,49.24,105.61
2020-07-29,48.07,107.14
2020-07-30,47.99,107.74
2020-07-31,47.73,110.43
2020-08-03,48.3,113.15
2020-08-04,49.13,113.44
2020-08-05,48.92,113.86
2020-08-06,48.57,115.46
2020-08-07,48.03,113.74
2020-08-10,49.22,113.42
2020-08-11,48.19,111.38
2020-08-12,49.19,113.91
2020-08-13,48.56,113.96
2020-08-14,48.89,113.88
2020-08-17,48.93,114.64
2020-08-18,48.65,115.07
2020-08-19,48.33,114.93
2020-08-20,49.17,116.46
2020-08-21,49.28,117.94
2020-08-24,49.14,118.96
2020-08-25,49.43,119.56
2020-08-26,49.55,121.99
2020-08-27,49.4,122.09
2020-08-28,50.43,123.16
2020-08-31,50.95,123.55
2020-09-01,50.79,125.91
2020-09-02,52.25,127.03
2020-09-03,50.39,119.79
2020-09-04,50.08,118.12
2020-09-08,48.91,112.78
2020-09-09,49.62,116.46
2020-09-10,48.96,113.83
2020-09-11,49.28,112.96
2020-09-14,49.41,115.33
2020-09-15,50.0,116.47
2020-09-16,50.37,114.67
2020-09-17,50.32,113.72
2020-09-18,49.89,111.76
2020-09-21,49.72,112.44
2020-09-22,49.95,114.22
2020-09-23,48.82,110.66
2020-09-24,49.16,111.28
2020-09-25,49.94,113.94
2020-09-28,51.43,116.12
2020-09-29,51.19,115.73
2020-09-30,51.78,116.7
2020-10-01,52.24,117.93
2020-10-02,51.01,114.94
2020-10-05,51.69,117.46
2020-10-06,51.37,115.64
2020-10-07,52.67,117.76
2020-10-08,53.37,118.37
2020-10-09,52.82,120.18
2020-10-12,53.88,123.46
2020-10-13,53.83,122.67
2020-10-14,53.55,122.02
2020-10-15,53.85,121.47
2020-10-16,54.16,121.12
2020-10-19,54.58,118.9
2020-10-20,53.43,119.31
2020-10-21,53.5,119.13
2020-10-22,53.9,118.57
2020-10-23,48.2,118.44
2020-10-26,46.72,115.87
2020-10-27,45.64,116.45
2020-10-28,44.25,111.51
2020-10-29,44.11,113.37
2020-10-30,44.28,110.86
2020-11-02,44.46,111.14
2020-11-03,44.85,113.1
2020-11-04,45.7,117.5
2020-11-05,45.68,121.15
2020-11-06,45.39,121.58
2020-11-09,45.6,120.7
2020-11-10,45.44,118.45
2020-11-11,46.35,121.26
2020-11-12,44.95,120.18
2020-11-13,45.46,121.2
2020-11-16,46.19,122.37
2020-11-17,45.53,121.69
2020-11-18,45.06,120.39
2020-11-19,45.62,121.36
2020-11-20,45.39,120.11
2020-11-23,46.06,120.08
2020-11-24,47.01,121.75
2020-11-25,47.05,122.01
2020-11-27,47.45,122.66
2020-11-30,48.35,123.48
2020-12-01,49.56,125.06
2020-12-02,49.9,124.87
2020-12-03,50.99,124.79
2020-12-04,51.985,126.04
2020-12-07,50.2,126.4
2020-12-08,50.69,126.81
2020-12-09,50.07,124.38
2020-12-10,50.26,124.56
2020-12-11,49.73,124.3
2020-12-14,50.47,124.75
2020-12-15,50.665,126.83
2020-12-16,51.12,127.69
2020-12-17,50.65,128.7
2020-12-18,47.46,128.25
2020-12-21,46.36,128.08
2020-12-22,46.17,129.19
2020-12-23,46.57,128.21001
2020-12-24,47.07,129.06
2020-12-28,47.07,130.52
2020-12-29,49.39,129.89999
2020-12-30,48.75,129.83
2020-12-31,49.82,130.02
2021-01-04,49.67,127.9
2021-01-05,50.61,128.73
2021-01-06,51.1,126.51
2021-01-07,52.19,129.92
2021-01-08,51.65,130.75999
2021-01-11,51.54,129.67999
2021-01-12,53.24,129.06
2021-01-13,56.95,129.88
2021-01-14,59.25,128.74001
2021-01-15,57.58,127.42
2021-01-19,57.99,129.08
2021-01-20,58.67,131.64
2021-01-21,62.46,133.34
2021-01-22,56.66,132.83
2021-01-25,55.44,133.94
2021-01-26,55.21,134.03
2021-01-27,53.59,131.5
2021-01-28,56.065,132.03999
2021-01-29,55.51,128.92999
2021-02-01,56.69,132.16
2021-02-02,58.0,133.95
2021-02-03,57.68,133.49001
2021-02-04,58.79,135.62
2021-02-05,58.18,135.32001
2021-02-08,59.16,136.74001
2021-02-09,58.78,136.58
2021-02-10,58.86,136.38
2021-02-11,60.66,137.88
2021-02-12,61.81,138.59
2021-02-16,62.47,138.14
2021-02-17,61.85,136.92
2021-02-18,61.61,136.25
2021-02-19,63.01,136.05
2021-02-22,60.71,133.05
2021-02-23,61.12,132.67999
2021-02-24,63.19,134.71001
2021-02-25,60.4,130.0
2021-02-26,60.78,130.69
2021-03-01,62.88,134.89999
2021-03-02,61.24,132.75999
2021-03-03,59.9,129.42
2021-03-04,58.33,126.56
2021-03-05,60.74,128.95
2021-03-08,59.85,125.83
2021-03-09,62.67,130.11
2021-03-10,62.25,129.59
2021-03-11,63.31,132.36
2021-03-12,62.9,131.41
2021-03-15,63.79,132.81
2021-03-16,64.78,133.81
2021-03-17,65.78,133.7
2021-03-18,63.725,129.99001
2021-03-19,63.76,129.60001
2021-03-22,65.63,131.87
2021-03-23,63.48,131.05
2021-03-24,62.04,129.46001
2021-03-25,62.02,129.38
2021-03-26,64.87,132.67
2021-03-29,64.5,131.98
2021-03-30,63.77,130.73
2021-03-31,64.0,132.81
2021-04-01,64.55,135.48
2021-04-05,66.54,138.28
2021-04-06,65.56,137.69
2021-04-07,66.25,138.42
2021-04-08,67.05,140.42
2021-04-09,68.26,141.77
2021-04-12,65.405,141.09
2021-04-13,65.22,142.42
2021-04-14,64.19,140.91
2021-04-15,65.02,143.33
2021-04-16,64.75,143.3
2021-04-19,63.63,142.11
2021-04-20,62.7,140.85001
2021-04-21,63.7,142.27
2021-04-22,62.57,140.60001
2021-04-23,59.24,142.7
2021-04-26,58.76,143.42999
2021-04-27,57.97,143.08
2021-04-28,57.62,141.75
2021-04-29,58.28,141.63
2021-04-30,57.53,139.7
2021-05-03,57.26,139.31
2021-05-04,56.9,136.81
2021-05-05,56.85,136.48
2021-05-06,57.19,137.85001
2021-05-07,57.67,139.03
2021-05-10,55.97,135.52
2021-05-11,55.04,135.11
2021-05-12,53.62,131.31
2021-05-13,54.01,133.05
2021-05-14,55.35,135.98
2021-05-17,55.33,134.98
2021-05-18,54.84,133.89999
2021-05-19,55.36,134.37
2021-05-20,55.95,136.94
2021-05-21,56.08,136.19
2021-05-24,56.96,138.61
2021-05-25,56.87,138.64999
2021-05-26,56.92,138.64
2021-05-27,57.73,137.91
2021-05-28,57.12,138.39999
2021-06-01,56.89,137.72
2021-06-02,57.48,138.67
2021-06-03,56.24,137.38
2021-06-04,57.37,140.02
2021-06-07,57.09,139.99001
2021-06-08,57.0,140.0
2021-06-09,57.0,140.10001
2021-06-10,57.38,141.13
2021-06-11,57.85,141.97
2021-06-14,58.19,143.41
2021-06-15,57.99,142.53
2021-06-16,57.22,141.75999
2021-06-17,57.18,143.39999
2021-06-18,55.67,142.09
2021-06-21,55.87,143.35001
2021-06-22,55.87,144.64999
2021-06-23,55.26,144.49001
2021-06-24,56.07,145.39999
2021-06-25,55.91,145.23
2021-06-28,57.48,146.75
2021-06-29,56.75,147.82001
2021-06-30,56.14,147.66
2021-07-01,56.01,147.91
2021-07-02,56.76,149.86
2021-07-06,56.09,150.42999
2021-07-07,55.96,151.25
2021-07-08,55.39,149.82001
2021-07-09,55.99,151.2
2021-07-12,56.73,151.32001
2021-07-13,56.87,151.94
2021-07-14,56.52,153.06
2021-07-15,55.81,151.8
2021-07-16,54.97,150.3
2021-07-19,54.64,148.23
2021-07-20,55.24,150.42999
2021-07-21,56.23,151.88
2021-07-22,55.96,153.0
2021-07-23,53.0,154.52
2021-07-26,54.31,154.44
2021-07-27,53.18,152.98
2021-07-28,53.07,152.78999
2021-07-29,53.7,153.5
2021-07-30,53.72,153.39999
2021-08-02,53.68,152.85001
2021-08-03,54.06,153.83
2021-08-04,53.9,154.14
2021-08-05,53.89,154.99001
2021-08-06,53.92,154.86
2021-08-09,54.05,154.36
2021-08-10,53.94,153.25
2021-08-11,54.14,153.27
2021-08-12,53.54,154.14999
2021-08-13,53.49,154.99001
2021-08-16,53.47,155.69
2021-08-17,52.69,154.39999
2021-08-18,52.19,152.27
2021-08-19,52.44,153.75999
2021-08-20,52.01,155.74001
2021-08-23,53.23,157.75
2021-08-24,53.81,157.57001
2021-08-25,53.81,157.48
2021-08-26,53.13,156.49001
2021-08-27,53.89,158.0
2021-08-30,53.94,159.7
2021-08-31,54.06,158.86
2021-09-01,53.67,158.89999
2021-09-02,53.73,158.73
2021-09-03,53.51,159.36
2021-09-07,53.65,159.39999
2021-09-08,53.57,158.78999
2021-09-09,53.4,158.19
2021-09-10,53.84,156.63
2021-09-13,54.99,156.67999
2021-09-14,54.52,156.48
2021-09-15,55.12,157.85001
2021-09-16,54.83,157.94
2021-09-17,54.26,155.48
2021-09-20,52.98,152.38
2021-09-21,52.87,152.44
2021-09-22,53.5,154.53
2021-09-23,54.03,156.60001
2021-09-24,54.22,156.71001
2021-09-27,54.66,155.19
2021-09-28,54.0,150.59
2021-09-29,53.49,150.39999
2021-09-30,53.28,149.32001
2021-10-01,53.86,151.57001
2021-10-04,53.47,148.06
2021-10-05,53.95,150.17
2021-10-06,53.98,151.14999
2021-10-07,54.18,152.53
2021-10-08,53.81,151.96001
2021-10-11,53.44,151.12
2021-10-12,52.17,150.34
2021-10-13,52.26,151.25999
2021-10-14,53.9,154.67
2021-10-15,54.46,155.91
2021-10-18,54.47,157.23
2021-10-19,55.21,158.78999
2021-10-20,55.37,158.35001
2021-10-21,56.0,158.96001
2021-10-22,49.46,158.41
2021-10-25,49.41,158.92999
2021-10-26,48.28,159.38
2021-10-27,47.89,159.24001
2021-10-28,48.08,160.84
2021-10-29,49.0,161.53
2021-11-01,49.55,161.28999
2021-11-02,49.86,162.71001
2021-11-03,50.39,163.66
2021-11-04,50.31,166.22
2021-11-05,50.92,167.08
2021-11-08,51.55,167.98
2021-11-09,51.2,167.28999
2021-11-10,50.76,164.53
2021-11-11,50.53,165.3
2021-11-12,50.31,167.31
2021-11-15,50.32,167.14
2021-11-16,50.61,168.89999
2021-11-17,50.23,168.39
2021-11-18,49.68,170.07001
2021-11-19,49.52,171.31
2021-11-22,49.83,169.39999
2021-11-23,49.1,169.00999
2021-11-24,49.76,170.24001
2021-11-26,48.78,165.99001
2021-11-29,50.0,170.14
2021-11-30,49.2,168.72
2021-12-01,48.6,166.41
2021-12-02,49.5,167.94
2021-12-03,49.25,165.13
2021-12-06,50.99,166.7
2021-12-07,52.57,172.52
2021-12-08,51.75,173.31
2021-12-09,50.48,171.44
2021-12-10,50.59,174.88
2021-12-13,50.0,172.28
2021-12-14,49.7,169.45
2021-12-15,50.67,173.94
2021-12-16,50.83,169.00999
2021-12-17,50.62,167.88
2021-12-20,49.6,165.57001
2021-12-21,50.77,169.75999
2021-12-22,50.97,171.98
2021-12-23,51.31,172.94
2021-12-27,51.94,176.64999
2021-12-28,51.76,175.73
2021-12-29,51.83,175.88
2021-12-30,51.74,174.72
2021-12-31,51.5,173.87
2022-01-03,53.21,175.52
2022-01-04,53.14,173.66
2022-01-05,53.87,168.32001
2022-01-06,54.01,167.47
2022-01-07,53.44,165.92999
2022-01-10,55.21,165.96001
2022-01-11,55.91,167.95
2022-01-12,55.74,168.74001
2022-01-13,54.94,164.37
2022-01-14,55.7,165.75999
2022-01-18,54.76,161.78
2022-01-19,53.62,159.52
2022-01-20,52.04,157.46001
2022-01-21,52.04,154.33
2022-01-24,51.94,155.13
2022-01-25,51.0,151.53999
2022-01-26,51.69,152.42999
2022-01-27,48.05,151.38
2022-01-28,47.73,158.0
2022-01-31,48.82,161.97
2022-02-01,48.95,162.39
2022-02-02,49.51,163.71001
2022-02-03,48.28,158.96001
2022-02-04,48.01,159.60001
2022-02-07,48.18,158.53999
2022-02-08,48.81,160.5
2022-02-09,49.91,164.06
2022-02-10,48.86,159.77
2022-02-11,47.63,154.89
2022-02-14,47.58,154.84
2022-02-15,48.44,158.91
2022-02-16,48.23,158.75
2022-02-17,47.57,154.0
2022-02-18,45.04,152.44
2022-02-22,44.69,151.03
2022-02-23,44.65,147.25
2022-02-24,46.72,152.28
2022-02-25,47.71,154.35001
2022-02-28,47.7,154.07001
2022-03-01,46.82,150.99001
2022-03-02,48.87,154.25999
2022-03-03,47.93,152.42
2022-03-04,48.07,149.75
2022-03-07,47.68,144.27
2022-03-08,47.5,143.57001
2022-03-09,47.63,149.25
2022-03-10,46.66,146.64
2022-03-11,45.83,144.06
2022-03-14,44.4,141.39
2022-03-15,44.81,146.14
2022-03-16,46.63,150.89
2022-03-17,47.14,151.96001
2022-03-18,47.45,155.07001
2022-03-21,47.39,154.49001
2022-03-22,48.39,156.71001
2022-03-23,48.27,154.3
2022-03-24,51.62,158.31
2022-03-25,51.83,158.22
2022-03-28,51.51,160.10001
2022-03-29,52.25,163.5
2022-03-30,51.43,161.32001
2022-03-31,49.56,158.92999
2022-04-01,48.11,158.46001
2022-04-04,49.2,161.47
2022-04-05,48.13,158.07001
2022-04-06,47.54,154.33
2022-04-07,47.56,154.57001
2022-04-08,47.02,152.41
2022-04-11,46.57,148.57001
2022-04-12,46.5,147.91
2022-04-13,47.01,150.28999
2022-04-14,45.67,146.64
2022-04-18,46.64,147.12
2022-04-19,47.93,149.88
2022-04-20,48.11,149.74001
2022-04-21,47.5,147.2
2022-04-22,46.54,143.08
2022-04-25,47.06,145.23
2022-04-26,45.52,139.82001
2022-04-27,45.22,141.89
2022-04-28,46.84,147.57001
2022-04-29,43.59,141.42
2022-05-02,44.96,143.57001
2022-05-03,45.06,143.82001
2022-05-04,46.54,148.87
2022-05-05,44.6,141.71001
2022-05-06,44.3,140.57001
2022-05-09,43.07,135.13
2022-05-10,44.01,137.19
2022-05-11,42.83,132.86
2022-05-12,42.84,131.49001
2022-05-13,43.6,135.86
2022-05-16,43.08,134.66
2022-05-17,44.4,138.56
2022-05-18,42.35,132.22
2022-05-19,42.01,130.77
2022-05-20,41.65,131.06
2022-05-23,42.0,134.07001
2022-05-24,41.67,132.08
2022-05-25,42.2,133.62
2022-05-26,43.48,136.83
2022-05-27,44.55,141.46001
2022-05-31,44.42,140.45
2022-06-01,44.11,140.03
2022-06-02,44.84,143.42
2022-06-03,43.39,139.99001
2022-06-06,43.34,140.0
2022-06-07,43.53,141.67
2022-06-08,41.23,140.07001
2022-06-09,40.01,136.33
2022-06-10,39.18,131.09
2022-06-13,37.77,125.28
2022-06-14,37.93,126.07
2022-06-15,38.65,128.73
2022-06-16,37.34,123.49
2022-06-17,36.97,124.62
2022-06-21,37.73,127.46
2022-06-22,37.38,126.92
2022-06-23,37.41,128.82001
2022-06-24,38.61,133.45
2022-06-27,38.63,132.55
2022-06-28,37.78,128.58
2022-06-29,37.29,128.84
2022-06-30,37.41,127.12
2022-07-01,36.34,127.41
2022-07-05,36.69,129.00999
2022-07-06,36.99,130.12
2022-07-07,38.14,132.81
2022-07-08,37.99,132.87
2022-07-11,37.2,131.03999
2022-07-12,37.21,129.25
2022-07-13,37.21,128.91
2022-07-14,37.71,130.09
2022-07-15,38.62,132.38
2022-07-18,38.71,131.10001
2022-07-19,40.22,135.10001
2022-07-20,40.56,137.21001
2022-07-21,40.61,139.14
2022-07-22,39.2,137.22
2022-07-25,39.16,136.35001
2022-07-26,38.96,134.14
2022-07-27,40.18,139.91
2022-07-28,39.71,142.03999
2022-07-29,36.31,144.22
2022-08-01,36.96,143.91
2022-08-02,36.01,142.89
2022-08-03,36.52,146.69
2022-08-04,35.66,147.36
2022-08-05,35.39,147.02
2022-08-08,35.38,145.77
2022-08-09,34.52,144.31
2022-08-10,35.37,148.25
2022-08-11,35.59,147.67
2022-08-12,36.11,150.61
2022-08-15,36.34,151.56
2022-08-16,36.19,151.14999
2022-08-17,35.78,150.07001
2022-08-18,36.2,150.85001
2022-08-19,35.38,148.11
2022-08-22,33.84,143.98
2022-08-23,33.95,143.60001
2022-08-24,33.86,143.69
2022-08-25,34.89,146.12
2022-08-26,33.36,139.88
2022-08-29,32.94,138.03
2022-08-30,32.26,136.59
2022-08-31,31.92,135.25999
2022-09-01,31.76,134.60001
2022-09-02,31.22,132.85001
2022-09-06,30.36,131.97
2022-09-07,30.65,134.08
2022-09-08,30.75,134.53999
2022-09-09,31.46,137.2
2022-09-12,31.56,139.39999
2022-09-13,29.29,132.0
2022-09-14,29.18,132.48
2022-09-15,28.84,129.42999
2022-09-16,29.24,128.71001
2022-09-19,29.44,129.44
2022-09-20,28.96,128.67999
2022-09-21,28.47,126.67
2022-09-22,28.07,125.38
2022-09-23,27.52,123.74
2022-09-26,26.97,122.88
2022-09-27,26.89,123.04
2022-09-28,27.13,124.34
2022-09-29,26.38,121.1
2022-09-30,25.77,118.78
2022-10-03,26.97,122.46
2022-10-04,27.7,126.57
2022-10-05,27.64,126.99
2022-10-06,27.18,125.95
2022-10-07,25.72,120.77
2022-10-10,25.2,118.74
2022-10-11,25.04,116.92
2022-10-12,25.33,116.56
2022-10-13,26.42,120.18
2022-10-14,25.91,116.8
2022-10-17,26.42,120.36
2022-10-18,25.87,121.38
2022-10-19,26.0,121.03
2022-10-20,26.08,121.1
2022-10-21,26.97,124.34
2022-10-24,27.18,126.06
2022-10-25,27.41,128.47
2022-10-26,27.21,125.61
2022-10-27,26.27,124.18
2022-10-28,29.07,129.58
2022-10-31,28.43,127.87
2022-11-01,28.3,126.8
2022-11-02,27.42,122.42
2022-11-03,27.39,118.82
2022-11-04,28.2,120.99
2022-11-07,28.41,123.01
2022-11-08,28.48,124.19
2022-11-09,27.52,120.96
2022-11-10,29.76,130.89999
2022-11-11,30.43,133.14
2022-11-14,30.35,132.0
2022-11-15,30.71,133.60001
2022-11-16,29.53,131.77
2022-11-17,29.89,131.94
2022-11-18,29.87,132.09
2022-11-21,28.94,130.67
2022-11-22,29.82,133.2
2022-11-23,29.67,134.38
2022-11-25,29.34,133.60001
2022-11-28,28.725,130.74001
2022-11-29,28.9,129.46001
2022-11-30,30.07,135.96001
2022-12-01,29.83,136.14999
2022-12-02,29.41,135.36
2022-12-05,29.17,133.11
2022-12-06,28.6,130.25999
2022-12-07,28.33,129.60001
2022-12-08,28.44,131.72
2022-12-09,28.24,130.91
2022-12-12,28.69,133.77
2022-12-13,28.73,135.35001
2022-12-14,28.26,134.21001
2022-12-15,27.15,129.19
2022-12-16,26.92,127.48
2022-12-19,26.79,125.42
2022-12-20,26.44,125.61
2022-12-21,26.83,127.69
2022-12-22,25.97,124.47
2022-12-23,26.09,124.6
2022-12-27,25.94,123.42
2022-12-28,25.54,121.43
2022-12-29,26.21,124.61
2022-12-30,26.43,124.44
2023-01-03,26.73,123.26
2023-01-04,27.68,123.58
2023-01-05,27.56,121.18
2023-01-06,28.73,124.73
2023-01-09,29.31,126.18
2023-01-10,29.44,126.96
2023-01-11,29.85,129.16
2023-01-12,30.29,130.12
2023-01-13,30.11,130.49001
2023-01-17,29.6,131.08
2023-01-18,28.81,129.39
2023-01-19,28.42,127.88
2023-01-20,29.22,131.34
2023-01-23,30.27,134.33
2023-01-24,29.92,134.27
2023-01-25,29.7,133.99001
2023-01-26,30.09,136.13
2023-01-27,28.16,136.7
2023-01-30,27.95,134.09
2023-01-31,28.26,135.96001
2023-02-01,29.07,139.16
2023-02-02,30.19,142.96001
2023-02-03,30.32,141.77
2023-02-06,28.69,140.03999
2023-02-07,29.05,143.53999
2023-02-08,28.24,141.81
2023-02-09,27.73,141.03
2023-02-10,27.8,140.38
2023-02-13,28.55,142.81
2023-02-14,28.64,143.42
2023-02-15,28.85,144.09
2023-02-16,28.2,141.59
2023-02-17,27.61,139.82001
2023-02-21,26.06,136.5
2023-02-22,25.47,136.3
2023-02-23,25.61,138.56
2023-02-24,25.14,136.09
2023-02-27,24.9,136.82001
2023-02-28,24.93,136.52
2023-03-01,25.33,135.52
2023-03-02,26.2,137.19
2023-03-03,26.4,140.14
2023-03-06,25.99,140.81
2023-03-07,25.53,139.06
2023-03-08,25.98,140.21001
2023-03-09,26.44,138.2
2023-03-10,27.22,135.77
2023-03-13,26.95,136.50999
2023-03-14,28.01,139.66
2023-03-15,28.41,139.74001
2023-03-16,30.18,143.66
2023-03-17,29.81,143.46001
2023-03-20,29.16,143.53
2023-03-21,28.46,144.69
2023-03-22,28.13,143.25
2023-03-23,29.03,145.58
2023-03-24,29.36,145.96001
2023-03-27,29.18,144.83
2023-03-28,29.29,144.14999
2023-03-29,31.52,147.17
2023-03-30,32.09,148.88
2023-03-31,32.67,151.00999
2023-04-03,32.89,150.77
2023-04-04,33.1,149.94
2023-04-05,32.83,148.23
2023-04-06,32.81,149.07001
2023-04-10,32.52,148.99001
2023-04-11,32.35,147.59
2023-04-12,32.02,146.75
2023-04-13,32.13,149.48
2023-04-14,31.89,148.64999
2023-04-17,32.14,149.19
2023-04-18,31.83,149.64999
2023-04-19,31.15,149.22
2023-04-20,30.86,148.24001
2023-04-21,30.3,147.75999
2023-04-24,29.66,147.11
2023-04-25,28.88,143.97
2023-04-26,29.05,146.11
2023-04-27,29.86,149.21001
2023-04-28,31.06,150.83
2023-05-01,30.3,150.92
2023-05-02,29.77,149.50999
2023-05-03,30.65,148.25
2023-05-04,31.24,147.53999
2023-05-05,30.99,151.24001
2023-05-08,30.77,151.16
2023-05-09,30.1,150.0
2023-05-10,29.97,151.83
2023-05-11,28.86,151.14999
2023-05-12,28.95,150.95
2023-05-15,29.8,152.2
2023-05-16,29.22,152.36
2023-05-17,28.87,154.39
2023-05-18,29.68,157.55
2023-05-19,29.93,157.48
2023-05-22,30.28,157.78
2023-05-23,29.51,155.45
2023-05-24,29.0,154.31
2023-05-25,27.4,160.23
2023-05-26,29.0,164.78
2023-05-30,29.99,165.66
2023-05-31,31.44,164.28
2023-06-01,31.13,165.95
2023-06-02,31.31,166.89999
2023-06-05,29.86,165.94
2023-06-06,30.96,165.89999
2023-06-07,31.28,163.42
2023-06-08,31.82,165.19
2023-06-09,31.34,166.00999
2023-06-12,33.07,169.62
2023-06-13,33.91,170.64999
2023-06-14,35.58,172.41
2023-06-15,35.82,174.63
2023-06-16,36.37,173.19
2023-06-20,35.0,171.66
2023-06-21,32.9,169.12
2023-06-22,32.71,170.5
2023-06-23,33.0,168.64999
2023-06-26,33.34,167.44
2023-06-27,34.1,170.74001
2023-06-28,33.57,170.84
2023-06-29,32.91,171.14
2023-06-30,33.44,173.86
2023-07-03,33.62,173.49001
2023-07-05,32.51,172.42
2023-07-06,31.97,171.96001
2023-07-07,31.85,171.21001
2023-07-10,32.74,171.66
2023-07-11,33.3,172.03
2023-07-12,33.98,173.98
2023-07-13,33.87,176.25
2023-07-14,33.15,175.99001
2023-07-17,34.37,178.24001
2023-07-18,34.5,180.25999
2023-07-19,34.46,179.81
2023-07-20,33.37,176.22
2023-07-21,34.02,176.13
2023-07-24,33.63,176.44
2023-07-25,34.1,178.46001
2023-07-26,34.36,176.06
2023-07-27,34.55,175.55
2023-07-28,36.83,177.94
2023-07-31,35.77,178.35001
2023-08-01,35.8,178.64999
2023-08-02,34.39,174.23
2023-08-03,34.87,173.52
2023-08-04,35.14,171.16
2023-08-07,35.23,171.64
2023-08-08,35.02,170.32001
2023-08-09,34.28,168.12
2023-08-10,34.68,168.14
2023-08-11,34.89,166.89999
2023-08-14,35.68,169.56
2023-08-15,34.77,167.89
2023-08-16,33.53,166.28999
2023-08-17,32.58,164.71001
2023-08-18,32.75,164.96001
2023-08-21,33.14,168.11
2023-08-22,32.89,167.92
2023-08-23,33.98,170.95
2023-08-24,32.59,167.00999
2023-08-25,33.25,168.71001
2023-08-28,33.62,170.09
2023-08-29,34.31,173.5
2023-08-30,34.53,174.81
2023-08-31,35.14,175.66
2023-09-01,36.61,176.2
2023-09-05,36.71,176.83
2023-09-06,36.98,174.96001
2023-09-07,38.18,172.42999
2023-09-08,38.01,172.78999
2023-09-11,38.59,173.69
2023-09-12,38.86,170.53999
2023-09-13,38.71,170.97
2023-09-14,38.67,172.21001
2023-09-15,37.88,168.89999
2023-09-18,37.99,169.35001
2023-09-19,36.34,169.25999
2023-09-20,34.69,166.60001
2023-09-21,34.65,164.06
2023-09-22,34.18,164.41
2023-09-25,34.29,164.94
2023-09-26,33.83,161.97
2023-09-27,34.61,162.22
2023-09-28,35.18,163.37
2023-09-29,35.55,163.92999
2023-10-02,35.46,165.69
2023-10-03,35.69,162.88
2023-10-04,35.93,164.91
2023-10-05,35.89,165.13
2023-10-06,36.19,168.22
2023-10-09,36.06,169.09
2023-10-10,36.43,169.35001
2023-10-11,36.88,170.92
2023-10-12,36.84,171.08
2023-10-13,35.97,168.63
2023-10-16,36.56,170.25
2023-10-17,36.06,169.46001
2023-10-18,35.64,167.72
2023-10-19,35.67,166.75999
2023-10-20,34.92,163.94
2023-10-23,33.85,164.13
2023-10-24,34.59,165.25999
2023-10-25,32.83,163.31
2023-10-26,32.52,160.19
2023-10-27,35.54,161.12
2023-10-30,35.69,162.85001
2023-10-31,36.5,164.00999
2023-11-01,37.29,167.17999
2023-11-02,37.7,170.00999
2023-11-03,38.14,171.75999
2023-11-06,37.95,172.89
2023-11-07,38.77,174.78
2023-11-08,37.92,175.77
2023-11-09,37.8,174.95
2023-11-10,38.86,179.52
2023-11-13,38.23,178.47
2023-11-14,39.41,182.03999
2023-11-15,40.61,182.27
2023-11-16,43.35,183.17999
2023-11-17,43.81,182.8
2023-11-20,44.74,185.45
2023-11-21,43.64,183.95
2023-11-22,43.67,184.77
2023-11-24,43.96,184.41
2023-11-27,44.08,184.39999
2023-11-28,44.23,184.75
2023-11-29,44.94,184.89
2023-11-30,44.7,185.16
2023-12-01,43.74,185.58
2023-12-04,42.35,183.32001
2023-12-05,41.92,184.42
2023-12-06,41.27,182.86
2023-12-07,42.15,185.08
2023-12-08,42.7,186.66
2023-12-11,44.54,188.28999
2023-12-12,44.04,189.53999
2023-12-13,44.57,191.21001
2023-12-14,45.18,190.74001
2023-12-15,46.16,191.7
2023-12-18,45.69,191.85001
2023-12-19,46.66,192.58
2023-12-20,45.76,189.67
2023-12-21,47.08,191.8
2023-12-22,48.0,192.05
2023-12-26,50.5,192.85001
2023-12-27,50.76,192.84
2023-12-28,50.39,193.07001
2023-12-29,50.25,192.48
