date,IP,XLB
2010-01-04,27.18,34.02
2010-01-05,28.14,34.13
2010-01-06,27.82,34.71
2010-01-07,26.76,34.44
2010-01-08,26.93,34.92
2010-01-11,26.61,34.73
2010-01-12,26.68,34.07
2010-01-13,26.62,34.47
2010-01-14,26.23,34.05
2010-01-15,26.08,33.8
2010-01-19,26.96,34.34
2010-01-20,26.28,33.73
2010-01-21,24.45,32.27
2010-01-22,24.43,31.63
2010-01-25,24.5,31.91
2010-01-26,24.47,31.46
2010-01-27,23.88,31.19
2010-01-28,23.07,30.63
2010-01-29,22.91,30.14
2010-02-01,23.9,31.34
2010-02-02,24.02,31.44
2010-02-03,22.67,31.08
2010-02-04,22.15,29.92
2010-02-05,22.67,30.48
2010-02-08,22.51,29.99
2010-02-09,22.92,30.72
2010-02-10,22.41,30.51
2010-02-11,22.37,31.03
2010-02-12,22.57,30.97
2010-02-16,24.1,31.75
2010-02-17,23.71,31.77
2010-02-18,24.23,32.11
2010-02-19,24.25,32.29
2010-02-22,23.99,32.15
2010-02-23,24.01,31.64
2010-02-24,23.9,31.56
2010-02-25,23.89,31.49
2010-02-26,23.17,31.5
2010-03-01,24.18,31.98
2010-03-02,25.03,32.25
2010-03-03,25.2,32.53
2010-03-04,24.98,32.75
2010-03-05,25.35,33.17
2010-03-08,25.25,33.17
2010-03-09,25.09,32.96
2010-03-10,25.11,32.97
2010-03-11,25.2,33.16
2010-03-12,25.34,33.29
2010-03-15,24.91,33.28
2010-03-16,25.38,33.77
2010-03-17,27.02,33.96
2010-03-18,26.42,33.72
2010-03-19,25.82,33.28
2010-03-22,26.05,33.77
2010-03-23,26.16,34.21
2010-03-24,26.21,34.11
2010-03-25,25.21,33.43
2010-03-26,24.99,33.68
2010-03-29,25.15,34.04
2010-03-30,25.26,34.09
2010-03-31,24.61,33.92
2010-04-01,25.24,34.51
2010-04-05,25.5,34.93
2010-04-06,25.91,34.99
2010-04-07,27.01,34.77
2010-04-08,27.42,34.85
2010-04-09,27.47,34.91
2010-04-12,27.14,34.8
2010-04-13,27.23,34.67
2010-04-14,28.1,34.93
2010-04-15,28.1,34.93
2010-04-16,27.85,34.33
2010-04-19,27.44,34.34
2010-04-20,27.42,34.449
2010-04-21,28.17,34.36
2010-04-22,28.37,34.7
2010-04-23,28.63,35.01
2010-04-26,28.41,35.16
2010-04-27,27.05,33.88
2010-04-28,27.18,34.29
2010-04-29,28.0,34.6
2010-04-30,26.74,33.99
2010-05-03,26.64,33.97
2010-05-04,25.01,32.79
2010-05-05,24.76,32.55
2010-05-06,23.34,31.48
2010-05-07,23.16,31.13
2010-05-10,24.79,32.61
2010-05-11,24.29,32.2
2010-05-12,24.93,32.87
2010-05-13,24.31,32.38
2010-05-14,23.78,31.59
2010-05-17,23.6,31.59
2010-05-18,22.93,31.05
2010-05-19,22.52,31.05
2010-05-20,21.76,29.64
2010-05-21,22.28,30.37
2010-05-24,21.75,29.85
2010-05-25,22.23,30.35
2010-05-26,22.34,30.11
2010-05-27,23.76,31.3
2010-05-28,23.23,30.75
2010-06-01,22.24,29.76
2010-06-02,22.97,30.68
2010-06-03,23.39,30.31
2010-06-04,21.93,29.11
2010-06-07,21.08,28.59
2010-06-08,21.64,29.24
2010-06-09,21.87,29.28
2010-06-10,23.02,30.33
2010-06-11,24.3,30.67
2010-06-14,25.05,30.37
2010-06-15,26.2,31.12
2010-06-16,25.66,31.08
2010-06-17,25.52,30.91
2010-06-18,25.73,30.95
2010-06-21,26.31,31.14
2010-06-22,24.35,30.37
2010-06-23,25.2,30.43
2010-06-24,23.72,29.66
2010-06-25,24.59,30.1
2010-06-28,23.99,29.76
2010-06-29,22.39,28.66
2010-06-30,22.63,28.37
2010-07-01,22.94,28.21
2010-07-02,22.59,28.05
2010-07-06,22.33,28.08
2010-07-07,23.13,29.2
2010-07-08,23.15,29.68
2010-07-09,23.67,30.39
2010-07-12,23.32,29.99
2010-07-13,24.14,30.8
2010-07-14,23.79,30.7
2010-07-15,23.59,30.67
2010-07-16,22.78,29.83
2010-07-19,23.06,29.86
2010-07-20,24.28,30.76
2010-07-21,23.49,30.66
2010-07-22,24.59,31.32
2010-07-23,24.98,32.01
2010-07-26,25.5,32.2
2010-07-27,25.49,31.94
2010-07-28,24.12,31.84
2010-07-29,24.09,31.81
2010-07-30,24.2,32.01
2010-08-02,25.18,32.87
2010-08-03,24.51,32.27
2010-08-04,24.54,32.57
2010-08-05,24.63,32.64
2010-08-06,24.06,32.49
2010-08-09,23.69,32.69
2010-08-10,22.91,32.34
2010-08-11,21.87,31.25
2010-08-12,21.87,31.45
2010-08-13,21.87,31.3
2010-08-16,21.59,31.44
2010-08-17,21.99,32.18
2010-08-18,21.87,32.3
2010-08-19,21.28,31.56
2010-08-20,21.21,31.49
2010-08-23,21.01,31.14
2010-08-24,20.54,30.42
2010-08-25,20.32,30.51
2010-08-26,19.88,30.47
2010-08-27,20.38,31.38
2010-08-30,19.97,30.91
2010-08-31,20.46,31.04
2010-09-01,21.58,31.97
2010-09-02,21.99,32.35
2010-09-03,22.39,32.73
2010-09-07,22.01,32.41
2010-09-08,21.58,32.66
2010-09-09,22.05,32.55
2010-09-10,22.39,32.82
2010-09-13,23.06,33.35
2010-09-14,22.68,33.29
2010-09-15,22.9,33.23
2010-09-16,22.78,33.39
2010-09-17,23.46,32.7325
2010-09-20,21.97,32.94
2010-09-21,21.99,32.79
2010-09-22,21.35,32.87
2010-09-23,20.87,32.56
2010-09-24,21.83,33.36
2010-09-27,21.72,33.17
2010-09-28,21.41,33.17
2010-09-29,21.43,32.91
2010-09-30,21.75,32.78
2010-10-01,22.36,33.21
2010-10-04,21.52,32.68
2010-10-05,22.27,33.6
2010-10-06,22.35,33.92
2010-10-07,21.95,33.58
2010-10-08,22.19,34.24
2010-10-11,22.39,34.18
2010-10-12,22.72,34.27
2010-10-13,23.16,34.82
2010-10-14,23.11,34.49
2010-10-15,23.53,34.59
2010-10-18,24.04,34.74
2010-10-19,23.1,33.85
2010-10-20,23.64,34.55
2010-10-21,23.52,34.54
2010-10-22,23.68,34.29
2010-10-25,23.96,35.03
2010-10-26,23.87,34.82
2010-10-27,24.94,34.5
2010-10-28,24.49,34.52
2010-10-29,25.28,34.8
2010-11-01,25.09,34.78
2010-11-02,24.86,35.14
2010-11-03,25.17,35.04
2010-11-04,26.18,36.19
2010-11-05,26.44,36.32
2010-11-08,26.5,36.41
2010-11-09,25.74,35.77
2010-11-10,25.96,35.95
2010-11-11,26.36,36.32
2010-11-12,25.67,35.51
2010-11-15,25.28,35.23
2010-11-16,24.61,34.47
2010-11-17,24.48,34.46
2010-11-18,24.84,35.11
2010-11-19,24.8,35.39
2010-11-22,25.39,35.48
2010-11-23,24.62,34.8
2010-11-24,25.6,35.47
2010-11-26,25.12,34.87
2010-11-29,25.29,35.17
2010-11-30,24.97,35.19
2010-12-01,25.49,36.15
2010-12-02,25.91,36.7
2010-12-03,26.24,37.01
2010-12-06,26.39,37.07
2010-12-07,26.65,37.12
2010-12-08,26.52,36.73
2010-12-09,26.68,36.93
2010-12-10,26.85,37.25
2010-12-13,26.69,37.45
2010-12-14,26.55,37.42
2010-12-15,25.75,37.22
2010-12-16,25.47,37.57
2010-12-17,25.94,37.56
2010-12-20,26.24,37.68
2010-12-21,26.8,38.06
2010-12-22,26.99,38.04
2010-12-23,27.01,38.14
2010-12-27,27.09,38.2
2010-12-28,27.11,38.28
2010-12-29,27.22,38.44
2010-12-30,27.19,38.44
2010-12-31,27.24,38.41
2011-01-03,28.02,38.72
2011-01-04,27.8,38.46
2011-01-05,28.14,38.55
2011-01-06,27.89,38.35
2011-01-07,27.99,38.315
2011-01-10,28.12,38.36
2011-01-11,28.19,38.67
2011-01-12,28.77,39.05
2011-01-13,28.87,38.7125
2011-01-14,28.67,38.8
2011-01-18,28.31,39.0125
2011-01-19,28.13,38.11
2011-01-20,27.45,37.57
2011-01-21,27.91,37.4775
2011-01-24,28.81,37.88
2011-01-25,28.63,37.9275
2011-01-26,28.92,38.73
2011-01-27,29.18,38.41
2011-01-28,28.44,37.81
2011-01-31,28.88,38.44
2011-02-01,29.57,39.47
2011-02-02,29.37,39.405
2011-02-03,29.26,39.57
2011-02-04,29.22,39.575
2011-02-07,29.34,39.7875
2011-02-08,29.69,39.915
2011-02-09,29.64,39.56
2011-02-10,29.39,39.63
2011-02-11,29.34,39.85
2011-02-14,29.78,40.28
2011-02-15,30.06,39.82
2011-02-16,30.01,40.335
2011-02-17,30.29,40.7
2011-02-18,29.02,40.25
2011-02-22,27.5,38.96
2011-02-23,27.24,38.67
2011-02-24,27.54,38.47
2011-02-25,28.08,39.04
2011-02-28,27.78,39.46
2011-03-01,26.72,38.49
2011-03-02,26.73,38.63
2011-03-03,27.26,39.41
2011-03-04,26.78,39.05
2011-03-07,26.3,38.38
2011-03-08,26.48,38.82
2011-03-09,26.44,38.19
2011-03-10,25.7,37.355
2011-03-11,25.99,37.91
2011-03-14,25.94,37.77
2011-03-15,25.77,37.77
2011-03-16,25.63,37.01
2011-03-17,26.3,37.67
2011-03-18,26.87,37.73
2011-03-21,27.11,38.385
2011-03-22,26.82,38.295
2011-03-23,26.92,38.85
2011-03-24,27.3,39.02
2011-03-25,27.79,39.23
2011-03-28,27.6,39.05
2011-03-29,28.9,39.46
2011-03-30,29.74,39.87
2011-03-31,30.18,40.02
2011-04-01,30.42,40.17
2011-04-04,30.07,40.43
2011-04-05,30.68,40.91
2011-04-06,30.34,40.57
2011-04-07,30.13,40.49
2011-04-08,29.9,40.2
2011-04-11,28.97,39.75
2011-04-12,28.8,39.21
2011-04-13,28.83,38.98
2011-04-14,29.25,39.1
2011-04-15,29.95,39.36
2011-04-18,29.16,38.81
2011-04-19,29.55,39.5
2011-04-20,29.9,40.02
2011-04-21,30.0,40.45
2011-04-25,29.54,40.14
2011-04-26,30.18,40.59
2011-04-27,29.98,40.72
2011-04-28,30.48,40.71
2011-04-29,30.88,40.87
2011-05-02,32.29,40.58
2011-05-03,32.04,40.21
2011-05-04,31.67,39.5
2011-05-05,31.33,39.03
2011-05-06,31.77,39.35
2011-05-09,32.21,39.92
2011-05-10,32.86,40.26
2011-05-11,32.6,39.19
2011-05-12,32.32,39.15
2011-05-13,31.37,38.65
2011-05-16,31.45,38.51
2011-05-17,31.23,38.06
2011-05-18,31.69,38.91
2011-05-19,31.67,38.9
2011-05-20,31.31,38.51
2011-05-23,30.1,38.11
2011-05-24,30.11,38.3
2011-05-25,30.37,38.84
2011-05-26,30.58,38.93
2011-05-27,30.91,39.35
2011-05-31,31.22,39.75
2011-06-01,30.2,38.51
2011-06-02,30.31,38.57
2011-06-03,29.88,38.08
2011-06-06,29.65,37.7
2011-06-07,29.78,37.84
2011-06-08,28.79,37.45
2011-06-09,29.23,38.07
2011-06-10,28.3,37.59
2011-06-13,27.57,37.37
2011-06-14,27.87,38.09
2011-06-15,27.06,37.21
2011-06-16,26.63,36.845
2011-06-17,26.57,36.64
2011-06-20,27.44,36.95
2011-06-21,28.78,37.9
2011-06-22,28.74,37.745
2011-06-23,28.95,37.71
2011-06-24,28.78,37.47
2011-06-27,29.16,37.55
2011-06-28,29.26,38.28
2011-06-29,29.16,38.89
2011-06-30,29.82,39.37
2011-07-01,30.61,39.73
2011-07-05,29.87,39.78
2011-07-06,30.05,39.94
2011-07-07,30.56,40.535
2011-07-08,30.26,40.23
2011-07-11,29.94,39.42
2011-07-12,29.63,39.26
2011-07-13,29.99,39.6
2011-07-14,29.67,39.22
2011-07-15,29.87,39.57
2011-07-18,29.3,39.1
2011-07-19,29.79,39.69
2011-07-20,30.1,39.66
2011-07-21,30.95,40.14
2011-07-22,30.86,39.95
2011-07-25,30.77,39.85
2011-07-26,30.65,39.42
2011-07-27,29.87,38.52
2011-07-28,30.53,38.44
2011-07-29,29.7,38.01
2011-08-01,29.56,37.88
2011-08-02,28.53,36.71
2011-08-03,28.38,36.9
2011-08-04,25.83,34.4
2011-08-05,25.55,34.32
2011-08-08,23.23,31.81
2011-08-09,24.81,33.77
2011-08-10,24.17,32.61
2011-08-11,25.53,34.22
2011-08-12,25.55,34.44
2011-08-15,26.19,34.99
2011-08-16,26.03,34.43
2011-08-17,26.12,34.53
2011-08-18,24.06,32.52
2011-08-19,23.67,32.0
2011-08-22,23.39,32.0
2011-08-23,24.59,33.13
2011-08-24,25.58,33.6
2011-08-25,25.07,33.23
2011-08-26,25.68,33.93
2011-08-29,26.77,34.955
2011-08-30,26.89,35.25
2011-08-31,27.15,35.34
2011-09-01,26.35,34.86
2011-09-02,25.49,33.97
2011-09-06,27.77,33.79
2011-09-07,28.04,34.76
2011-09-08,26.99,34.3
2011-09-09,26.17,33.17
2011-09-12,25.89,32.945
2011-09-13,26.74,33.49
2011-09-14,26.89,34.01
2011-09-15,27.78,34.59
2011-09-16,27.98,34.52
2011-09-19,27.61,34.01
2011-09-20,27.22,33.61
2011-09-21,25.97,32.09
2011-09-22,24.66,30.29
2011-09-23,25.02,30.24
2011-09-26,25.42,31.21
2011-09-27,26.15,31.86
2011-09-28,24.28,30.451
2011-09-29,24.15,30.48
2011-09-30,23.25,29.355
2011-10-03,22.65,28.53
2011-10-04,23.2,29.64
2011-10-05,24.05,30.82
2011-10-06,24.49,31.6
2011-10-07,24.05,31.12
2011-10-10,25.1,32.43
2011-10-11,25.23,32.47
2011-10-12,25.7,32.79
2011-10-13,25.71,32.62
2011-10-14,26.01,33.48
2011-10-17,25.09,32.34
2011-10-18,25.92,33.17
2011-10-19,25.4,32.21
2011-10-20,25.59,32.51
2011-10-21,25.93,33.37
2011-10-24,26.76,34.17
2011-10-25,26.28,33.3
2011-10-26,26.58,33.9
2011-10-27,28.95,35.74
2011-10-28,28.81,35.99
2011-10-31,27.7,34.45
2011-11-01,26.99,33.53
2011-11-02,27.47,34.36
2011-11-03,28.45,35.06
2011-11-04,28.81,34.98
2011-11-07,28.71,35.28
2011-11-08,29.34,35.7
2011-11-09,28.07,33.96
2011-11-10,28.33,34.37
2011-11-11,28.89,35.17
2011-11-14,28.15,34.8
2011-11-15,28.14,34.87
2011-11-16,28.01,34.05
2011-11-17,27.83,33.08
2011-11-18,28.02,33.26
2011-11-21,27.12,32.68
2011-11-22,26.63,32.43
2011-11-23,25.58,31.57
2011-11-25,25.89,31.41
2011-11-28,26.48,32.59
2011-11-29,26.67,32.65
2011-11-30,28.4,34.52
2011-12-01,27.82,34.3
2011-12-02,28.77,34.0
2011-12-05,29.07,34.4
2011-12-06,28.63,34.72
2011-12-07,28.67,34.75
2011-12-08,27.71,33.67
2011-12-09,28.27,34.1
2011-12-12,27.8,33.29
2011-12-13,27.27,32.73
2011-12-14,27.28,32.33
2011-12-15,27.53,32.55
2011-12-16,27.79,32.53
2011-12-19,27.35,31.95
2011-12-20,28.5,33.21
2011-12-21,28.71,33.26
2011-12-22,28.96,33.585
2011-12-23,29.24,33.91
2011-12-27,29.42,33.9
2011-12-28,29.3,33.09
2011-12-29,29.64,33.52
2011-12-30,29.6,33.5
2012-01-03,29.97,34.43
2012-01-04,30.1,34.72
2012-01-05,30.45,34.82
2012-01-06,30.94,34.77
2012-01-09,31.07,34.84
2012-01-10,31.32,35.49
2012-01-11,31.14,35.835
2012-01-12,31.74,36.34
2012-01-13,31.49,36.1
2012-01-17,31.68,36.3
2012-01-18,32.07,36.71
2012-01-19,32.43,36.74
2012-01-20,32.46,36.58
2012-01-23,31.43,36.56
2012-01-24,32.16,36.56
2012-01-25,31.28,37.14
2012-01-26,31.25,37.13
2012-01-27,30.98,37.18
2012-01-30,31.09,37.14
2012-01-31,31.14,37.18
2012-02-01,31.38,37.55
2012-02-02,31.6,37.37
2012-02-03,31.85,37.88
2012-02-06,31.47,37.67
2012-02-07,31.11,37.63
2012-02-08,30.95,37.67
2012-02-09,31.48,37.71
2012-02-10,31.85,37.05
2012-02-13,33.02,37.15
2012-02-14,33.05,36.67
2012-02-15,32.85,36.7
2012-02-16,33.7,37.35
2012-02-17,33.46,37.37
2012-02-21,33.32,37.59
2012-02-22,33.1,37.53
2012-02-23,32.96,37.57
2012-02-24,32.92,37.55
2012-02-27,33.91,37.56
2012-02-28,34.63,37.68
2012-02-29,35.15,36.97
2012-03-01,35.2,37.38
2012-03-02,35.62,37.29
2012-03-05,35.49,36.69
2012-03-06,35.13,35.94
2012-03-07,34.77,36.03
2012-03-08,35.29,36.63
2012-03-09,35.23,36.64
2012-03-12,35.48,36.44
2012-03-13,36.29,37.04
2012-03-14,35.71,36.897
2012-03-15,35.94,37.17
2012-03-16,35.57,37.1
2012-03-19,35.44,37.33
2012-03-20,35.3,37.12
2012-03-21,35.68,37.12
2012-03-22,35.05,36.52
2012-03-23,35.19,36.91
2012-03-26,35.98,37.39
2012-03-27,35.73,37.31
2012-03-28,34.87,36.79
2012-03-29,35.16,36.84
2012-03-30,35.1,36.97
2012-04-02,35.17,37.49
2012-04-03,34.98,37.21
2012-04-04,35.1,36.69
2012-04-05,34.87,36.48
2012-04-09,33.97,35.95
2012-04-10,32.67,35.21
2012-04-11,32.74,35.59
2012-04-12,33.27,36.565
2012-04-13,32.97,36.13
2012-04-16,32.86,36.24
2012-04-17,33.22,36.73
2012-04-18,33.05,36.63
2012-04-19,32.96,36.5
2012-04-20,33.02,36.48
2012-04-23,32.3,36.03
2012-04-24,32.82,36.03
2012-04-25,33.55,36.79
2012-04-26,33.75,36.75
2012-04-27,33.85,36.93
2012-04-30,33.31,36.67
2012-05-01,33.4,36.89
2012-05-02,33.33,36.71
2012-05-03,32.75,36.29
2012-05-04,32.13,35.68
2012-05-07,31.95,35.71
2012-05-08,31.67,35.5399
2012-05-09,31.35,35.22
2012-05-10,31.24,35.11
2012-05-11,31.28,35.01
2012-05-14,30.75,34.525
2012-05-15,30.94,34.01
2012-05-16,30.09,33.64
2012-05-17,28.79,32.9
2012-05-18,28.88,32.77
2012-05-21,29.91,33.73
2012-05-22,29.66,33.52
2012-05-23,29.79,33.92
2012-05-24,29.62,34.13
2012-05-25,29.31,33.99
2012-05-29,29.92,34.58
2012-05-30,29.28,33.96
2012-05-31,29.2,33.82
2012-06-01,28.13,33.1
2012-06-04,27.81,33.13
2012-06-05,28.08,33.445
2012-06-06,29.17,34.29
2012-06-07,29.22,34.35
2012-06-08,29.27,34.58
2012-06-11,28.61,33.94
2012-06-12,29.15,34.57
2012-06-13,28.6,34.04
2012-06-14,28.78,34.32
2012-06-15,28.84,34.53
2012-06-18,29.16,34.71
2012-06-19,29.93,35.37
2012-06-20,29.67,35.17
2012-06-21,28.87,34.02
2012-06-22,29.22,34.2
2012-06-25,28.19,33.77
2012-06-26,28.01,33.875
2012-06-27,28.17,34.25
2012-06-28,27.89,34.26
2012-06-29,28.91,35.29
2012-07-02,28.96,35.11
2012-07-03,29.57,35.61
2012-07-05,29.51,35.56
2012-07-06,29.07,35.15
2012-07-09,28.91,34.93
2012-07-10,28.56,34.41
2012-07-11,29.71,34.3
2012-07-12,30.05,34.13
2012-07-13,30.75,34.74
2012-07-16,30.7,34.61
2012-07-17,31.88,35.05
2012-07-18,32.33,35.26
2012-07-19,32.59,35.64
2012-07-20,32.29,35.42
2012-07-23,32.11,34.86
2012-07-24,31.41,34.32
2012-07-25,31.37,34.32
2012-07-26,32.44,34.48
2012-07-27,33.36,35.11
2012-07-30,32.84,35.08
2012-07-31,32.81,34.84
2012-08-01,32.43,34.85
2012-08-02,32.04,34.44
2012-08-03,32.71,35.12
2012-08-06,32.8,35.44
2012-08-07,33.23,35.85
2012-08-08,32.74,35.89
2012-08-09,32.69,36.09
2012-08-10,32.89,36.06
2012-08-13,33.94,35.86
2012-08-14,34.11,35.7
2012-08-15,34.34,35.76
2012-08-16,34.88,36.29
2012-08-17,34.58,36.24
2012-08-20,34.54,36.17
2012-08-21,34.66,36.22
2012-08-22,34.72,36.52
2012-08-23,34.17,35.91
2012-08-24,34.55,35.84
2012-08-27,34.46,35.63
2012-08-28,34.34,35.55
2012-08-29,34.85,35.63
2012-08-30,34.36,35.31
2012-08-31,34.56,35.65
2012-09-04,34.18,35.19
2012-09-05,34.18,35.35
2012-09-06,35.55,36.235
2012-09-07,36.3,36.95
2012-09-10,34.79,36.89
2012-09-11,34.48,37.02
2012-09-12,35.06,36.97
2012-09-13,35.76,37.88
2012-09-14,35.52,38.35
2012-09-17,34.18,37.76
2012-09-18,34.07,37.66
2012-09-19,34.13,37.87
2012-09-20,34.7,37.81
2012-09-21,35.51,37.445
2012-09-24,36.78,37.335
2012-09-25,35.97,36.74
2012-09-26,36.03,36.56
2012-09-27,36.55,37.01
2012-09-28,36.32,36.8
2012-10-01,36.16,36.92
2012-10-02,35.99,36.72
2012-10-03,36.19,36.55
2012-10-04,36.49,37.02
2012-10-05,36.81,37.2
2012-10-08,36.85,37.13
2012-10-09,36.57,36.78
2012-10-10,36.61,36.38
2012-10-11,37.24,36.53
2012-10-12,36.8,36.37
2012-10-15,37.59,36.68
2012-10-16,38.2,37.56
2012-10-17,37.51,37.865
2012-10-18,38.15,37.88
2012-10-19,37.42,37.09
2012-10-22,37.63,37.26
2012-10-23,36.78,36.1375
2012-10-24,36.38,36.12
2012-10-25,35.26,36.04
2012-10-26,35.66,36.11
2012-10-31,35.83,36.0302
2012-11-01,36.93,36.73
2012-11-02,35.93,36.07
2012-11-05,35.37,36.32
2012-11-06,35.62,36.7
2012-11-07,34.97,36.12
2012-11-08,34.48,35.63
2012-11-09,34.85,35.56
2012-11-12,34.66,35.56
2012-11-13,34.36,35.5
2012-11-14,33.62,34.895
2012-11-15,33.65,34.78
2012-11-16,34.31,34.86
2012-11-19,35.59,35.845
2012-11-20,35.36,35.88
2012-11-21,35.46,35.94
2012-11-23,36.26,36.4
2012-11-26,36.1,36.43
2012-11-27,36.25,36.265
2012-11-28,36.93,36.42
2012-11-29,37.31,36.67
2012-11-30,37.14,36.7
2012-12-03,36.81,36.02
2012-12-04,36.25,36.085
2012-12-05,36.03,35.66
2012-12-06,35.97,35.75
2012-12-07,36.04,36.05
2012-12-10,36.33,36.28
2012-12-11,37.13,36.57
2012-12-12,37.38,36.48
2012-12-13,37.64,36.38
2012-12-14,38.06,36.65
2012-12-17,38.16,37.02
2012-12-18,38.94,37.46
2012-12-19,38.9,37.3
2012-12-20,39.59,37.66
2012-12-21,39.31,37.0
2012-12-24,39.47,37.19
2012-12-26,39.69,37.42
2012-12-27,39.62,37.29
2012-12-28,38.91,36.82
2012-12-31,39.84,37.54
2013-01-02,40.49,38.48
2013-01-03,40.37,38.2
2013-01-04,40.85,38.67
2013-01-07,40.79,38.59
2013-01-08,40.41,38.65
2013-01-09,40.33,38.9
2013-01-10,40.01,39.07
2013-01-11,40.11,39.01
2013-01-14,40.83,39.02
2013-01-15,40.8,39.06
2013-01-16,40.59,38.78
2013-01-17,41.64,39.08
2013-01-18,41.91,39.34
2013-01-22,42.06,39.72
2013-01-23,42.25,39.5
2013-01-24,42.39,39.62
2013-01-25,42.51,39.76
2013-01-28,42.12,39.38
2013-01-29,41.9,39.6
2013-01-30,41.77,39.38
2013-01-31,41.42,39.02
2013-02-01,42.35,39.5
2013-02-04,42.12,39.12
2013-02-05,42.79,39.32
2013-02-06,42.45,39.36
2013-02-07,42.15,39.15
2013-02-08,42.6,39.38
2013-02-11,42.17,39.33
2013-02-12,42.01,39.35
2013-02-13,41.75,39.49
2013-02-14,41.8,39.36
2013-02-15,42.17,39.35
2013-02-19,41.91,39.18
2013-02-20,40.07,38.08
2013-02-21,41.31,37.73
2013-02-22,43.0,38.23
2013-02-25,41.79,37.35
2013-02-26,42.75,37.75
2013-02-27,44.05,38.42
2013-02-28,44.01,38.49
2013-03-01,44.28,38.51
2013-03-04,44.54,38.56
2013-03-05,45.26,38.82
2013-03-06,46.05,39.16
2013-03-07,46.24,39.27
2013-03-08,46.78,39.59
2013-03-11,47.0,39.81
2013-03-12,46.23,39.84
2013-03-13,45.74,39.74
2013-03-14,45.9,39.98
2013-03-15,45.66,39.85
2013-03-18,45.39,39.57
2013-03-19,44.95,39.4
2013-03-20,45.59,39.7
2013-03-21,44.86,39.02
2013-03-22,45.1,39.07
2013-03-25,45.09,38.77
2013-03-26,45.77,39.04
2013-03-27,45.57,39.03
2013-03-28,46.58,39.18
2013-04-01,46.31,38.84
2013-04-02,48.06,38.46
2013-04-03,46.3,38.14
2013-04-04,46.71,38.47
2013-04-05,46.15,38.31
2013-04-08,47.15,38.43
2013-04-09,47.32,38.88
2013-04-10,47.73,39.15
2013-04-11,48.23,39.32
2013-04-12,48.2,38.74
2013-04-15,45.34,37.31
2013-04-16,47.47,37.99
2013-04-17,46.01,37.43
2013-04-18,44.95,37.32
2013-04-19,45.67,37.76
2013-04-22,47.15,38.12
2013-04-23,47.69,38.45
2013-04-24,48.5,39.03
2013-04-25,47.58,39.46
2013-04-26,46.41,38.9
2013-04-29,47.2,39.49
2013-04-30,46.98,39.55
2013-05-01,45.89,38.85
2013-05-02,44.27,39.13
2013-05-03,45.62,39.82
2013-05-06,45.89,39.93
2013-05-07,46.52,40.31
2013-05-08,46.91,40.66
2013-05-09,46.92,40.61
2013-05-10,46.5,40.57
2013-05-13,47.53,40.28
2013-05-14,48.27,40.78
2013-05-15,48.68,41.005
2013-05-16,47.42,40.82
2013-05-17,48.18,41.26
2013-05-20,47.51,41.3
2013-05-21,47.75,41.25
2013-05-22,46.5,40.69
2013-05-23,47.18,40.71
2013-05-24,47.05,40.57
2013-05-28,47.84,40.94
2013-05-29,46.86,40.81
2013-05-30,46.83,40.94
2013-05-31,46.15,40.3
2013-06-03,45.93,40.5
2013-06-04,45.51,40.45
2013-06-05,44.32,39.55
2013-06-06,45.02,39.81
2013-06-07,45.62,40.18
2013-06-10,45.56,40.37
2013-06-11,45.31,39.81
2013-06-12,44.03,39.61
2013-06-13,45.61,40.34
2013-06-14,45.35,40.05
2013-06-17,46.26,40.39
2013-06-18,45.97,40.57
2013-06-19,45.77,40.26
2013-06-20,44.26,39.22
2013-06-21,43.6,38.785
2013-06-24,42.89,38.17
2013-06-25,43.31,38.4
2013-06-26,44.13,38.58
2013-06-27,43.9,38.56
2013-06-28,44.31,38.345
2013-07-01,45.13,38.57
2013-07-02,45.75,38.45
2013-07-03,45.77,38.46
2013-07-05,46.32,38.72
2013-07-08,46.57,38.94
2013-07-09,46.89,39.54
2013-07-10,46.44,39.53
2013-07-11,47.56,40.17
2013-07-12,48.13,40.03
2013-07-15,48.11,40.13
2013-07-16,48.39,39.83
2013-07-17,47.76,40.2
2013-07-18,47.87,40.22
2013-07-19,47.72,40.48
2013-07-22,47.4,40.52
2013-07-23,46.88,40.64
2013-07-24,47.21,40.26
2013-07-25,50.19,40.64
2013-07-26,49.11,40.49
2013-07-29,48.79,40.72
2013-07-30,48.77,40.62
2013-07-31,48.31,40.48
2013-08-01,49.49,40.78
2013-08-02,49.4,41.01
2013-08-05,48.64,40.9
2013-08-06,48.25,40.522
2013-08-07,47.97,40.54
2013-08-08,47.98,41.14
2013-08-09,48.02,41.38
2013-08-12,48.22,41.32
2013-08-13,48.12,41.47
2013-08-14,48.9,41.38
2013-08-15,47.34,41.08
2013-08-16,47.97,40.76
2013-08-19,46.99,40.44
2013-08-20,47.2,40.67
2013-08-21,46.54,40.36
2013-08-22,46.49,40.84
2013-08-23,46.86,41.17
2013-08-26,47.2,41.17
2013-08-27,46.5,40.445
2013-08-28,47.0,40.37
2013-08-29,47.7,40.5
2013-08-30,47.21,40.43
2013-09-03,47.47,40.672
2013-09-04,47.8,41.05
2013-09-05,47.65,41.12
2013-09-06,47.86,41.07
2013-09-09,49.15,41.69
2013-09-10,49.27,42.065
2013-09-11,49.36,42.32
2013-09-12,48.13,41.88
2013-09-13,48.67,42.16
2013-09-16,49.41,42.63
2013-09-17,48.11,42.51
2013-09-18,48.1,43.49
2013-09-19,47.82,43.335
2013-09-20,47.79,42.62
2013-09-23,47.09,42.3
2013-09-24,47.04,42.28
2013-09-25,46.7,42.39
2013-09-26,47.29,42.67
2013-09-27,45.44,42.16
2013-09-30,44.8,42.01
2013-10-01,45.28,42.19
2013-10-02,44.6,42.3
2013-10-03,43.86,41.94
2013-10-04,43.7,42.55
2013-10-07,43.69,42.03
2013-10-08,43.16,41.36
2013-10-09,43.17,41.42
2013-10-10,44.28,42.3
2013-10-11,44.89,42.55
2013-10-14,45.34,42.7
2013-10-15,44.58,42.44
2013-10-16,44.97,42.87
2013-10-17,45.28,43.425
2013-10-18,45.47,43.559
2013-10-21,44.46,43.55
2013-10-22,44.54,44.18
2013-10-23,44.39,43.89
2013-10-24,44.98,44.11
2013-10-25,45.57,44.24
2013-10-28,45.06,44.02
2013-10-29,44.5,44.109
2013-10-30,44.46,43.84
2013-10-31,44.61,43.77
2013-11-01,44.96,43.67
2013-11-04,45.34,43.845
2013-11-05,43.57,43.66
2013-11-06,43.43,43.96
2013-11-07,43.1,43.38
2013-11-08,43.96,44.185
2013-11-11,44.51,44.17
2013-11-12,44.43,44.029
2013-11-13,44.55,44.27
2013-11-14,45.1,44.64
2013-11-15,45.53,44.925
2013-11-18,45.28,44.65
2013-11-19,45.2,44.51
2013-11-20,45.22,44.15
2013-11-21,46.71,44.51
2013-11-22,46.89,44.74
2013-11-25,46.9,44.46
2013-11-26,46.92,44.35
2013-11-27,46.73,44.38
2013-11-29,46.65,44.34
2013-12-02,46.79,44.23
2013-12-03,46.27,43.71
2013-12-04,46.01,43.92
2013-12-05,46.07,43.67
2013-12-06,46.44,44.27
2013-12-09,46.82,44.5
2013-12-10,46.87,44.63
2013-12-11,46.23,43.87
2013-12-12,46.18,43.78
2013-12-13,47.83,43.99
2013-12-16,48.38,44.17
2013-12-17,48.36,44.46
2013-12-18,49.49,45.0
2013-12-19,48.85,45.07
2013-12-20,48.35,44.93
2013-12-23,48.88,45.15
2013-12-24,49.12,45.64
2013-12-26,49.24,45.89
2013-12-27,49.04,46.03
2013-12-30,49.0,46.06
2013-12-31,49.03,46.22
2014-01-02,48.8,45.85
2014-01-03,48.62,45.74
2014-01-06,48.49,45.49
2014-01-07,48.96,45.41
2014-01-08,49.01,45.68
2014-01-09,49.2,45.5
2014-01-10,48.93,45.64
2014-01-13,48.13,45.02
2014-01-14,48.71,45.65
2014-01-15,48.84,45.93
2014-01-16,48.86,46.04
2014-01-17,48.34,45.93
2014-01-21,48.18,46.21
2014-01-22,47.75,45.76
2014-01-23,47.49,45.08
2014-01-24,45.56,43.87
2014-01-27,45.74,43.69
2014-01-28,46.13,43.94
2014-01-29,46.91,44.12
2014-01-30,47.11,44.33
2014-01-31,47.74,44.04
2014-02-03,46.06,43.01
2014-02-04,45.82,43.39
2014-02-05,46.84,43.44
2014-02-06,46.99,44.09
2014-02-07,47.42,44.7
2014-02-10,48.05,44.92
2014-02-11,48.44,45.44
2014-02-12,48.77,45.36
2014-02-13,49.1,45.75
2014-02-14,49.18,46.12
2014-02-18,49.21,46.15
2014-02-19,48.71,45.83
2014-02-20,49.37,46.31
2014-02-21,49.16,46.19
2014-02-24,48.89,46.03
2014-02-25,49.08,46.2
2014-02-26,49.04,46.55
2014-02-27,48.85,46.92
2014-02-28,48.89,47.08
2014-03-03,47.78,46.97
2014-03-04,48.22,47.71
2014-03-05,48.43,47.82
2014-03-06,48.13,48.0
2014-03-07,48.15,47.79
2014-03-10,47.88,47.75
2014-03-11,47.25,47.26
2014-03-12,47.08,47.24
2014-03-13,46.43,46.9
2014-03-14,46.13,46.9
2014-03-17,45.93,47.28
2014-03-18,45.75,47.55
2014-03-19,45.57,47.13
2014-03-20,45.44,47.76
2014-03-21,45.78,47.37
2014-03-24,45.55,47.0
2014-03-25,46.09,47.26
2014-03-26,45.0,46.58
2014-03-27,45.58,46.45
2014-03-28,45.8,46.77
2014-03-31,45.88,47.28
2014-04-01,45.86,47.54
2014-04-02,46.64,47.89
2014-04-03,46.48,47.95
2014-04-04,45.81,47.34
2014-04-07,45.57,46.65
2014-04-08,45.34,46.83
2014-04-09,46.03,47.54
2014-04-10,45.53,46.59
2014-04-11,44.98,46.03
2014-04-14,45.12,46.4
2014-04-15,44.88,46.68
2014-04-16,45.5,47.37
2014-04-17,45.46,47.52
2014-04-21,45.89,47.53
2014-04-22,46.12,47.7
2014-04-23,46.09,47.71
2014-04-24,46.0,47.5
2014-04-25,45.63,47.16
2014-04-28,46.39,46.96
2014-04-29,45.9,47.29
2014-04-30,46.65,47.67
2014-05-01,46.03,47.37
2014-05-02,45.89,47.55
2014-05-05,45.88,47.81
2014-05-06,45.85,47.57
2014-05-07,46.59,47.94
2014-05-08,46.52,47.75
2014-05-09,46.74,47.75
2014-05-12,47.35,48.36
2014-05-13,47.12,48.4
2014-05-14,47.09,48.41
2014-05-15,46.84,47.73
2014-05-16,46.57,47.9
2014-05-19,46.84,48.1
2014-05-20,46.56,47.84
2014-05-21,46.4,48.06
2014-05-22,46.58,48.17
2014-05-23,46.77,48.58
2014-05-27,46.74,48.58
2014-05-28,46.76,48.6
2014-05-29,46.85,49.09
2014-05-30,47.63,49.08
2014-06-02,47.14,49.28
2014-06-03,47.74,49.17
2014-06-04,47.38,49.25
2014-06-05,47.85,49.48
2014-06-06,47.89,49.72
2014-06-09,48.19,49.59
2014-06-10,48.47,49.66
2014-06-11,48.14,49.38
2014-06-12,48.07,48.96
2014-06-13,48.08,49.15
2014-06-16,48.48,49.04
2014-06-17,48.63,49.14
2014-06-18,48.8,49.67
2014-06-19,48.82,49.57
2014-06-20,48.99,49.64
2014-06-23,48.6,49.71
2014-06-24,48.55,49.24
2014-06-25,48.7,49.63
2014-06-26,48.75,49.62
2014-06-27,49.05,49.465
2014-06-30,50.47,49.64
2014-07-01,50.81,49.76
2014-07-02,49.64,49.82
2014-07-03,50.05,50.14
2014-07-07,49.45,49.72
2014-07-08,49.04,49.59
2014-07-09,49.83,49.76
2014-07-10,49.78,49.54
2014-07-11,50.07,49.63
2014-07-14,50.06,49.6
2014-07-15,49.76,49.5
2014-07-16,50.09,49.84
2014-07-17,49.43,49.63
2014-07-18,49.7,49.94
2014-07-21,48.35,49.8
2014-07-22,47.11,49.87
2014-07-23,47.99,50.08
2014-07-24,50.65,50.02
2014-07-25,49.92,50.11
2014-07-28,49.97,50.24
2014-07-29,48.86,49.88
2014-07-30,48.22,49.62
2014-07-31,47.5,48.65
2014-08-01,47.45,48.69
2014-08-04,47.85,49.27
2014-08-05,47.57,48.76
2014-08-06,47.75,49.12
2014-08-07,47.36,48.69
2014-08-08,48.02,49.2
2014-08-11,48.09,49.15
2014-08-12,47.8,49.305
2014-08-13,47.0,49.58
2014-08-14,47.83,49.58
2014-08-15,47.32,49.73
2014-08-18,47.64,50.22
2014-08-19,47.57,50.37
2014-08-20,47.06,50.44
2014-08-21,47.62,50.37
2014-08-22,47.12,50.17
2014-08-25,47.21,50.36
2014-08-26,47.81,50.41
2014-08-27,48.14,50.41
2014-08-28,48.25,50.45
2014-08-29,48.45,50.53
2014-09-02,48.46,50.36
2014-09-03,49.06,50.44
2014-09-04,48.87,50.44
2014-09-05,49.3,50.66
2014-09-08,49.05,50.46
2014-09-09,48.38,50.05
2014-09-10,48.34,50.05
2014-09-11,50.36,49.98
2014-09-12,49.79,49.75
2014-09-15,49.8,49.82
2014-09-16,49.08,50.05
2014-09-17,48.6,50.35
2014-09-18,49.0,50.69
2014-09-19,48.93,50.44
2014-09-22,49.13,50.42
2014-09-23,48.6,50.16
2014-09-24,48.59,50.68
2014-09-25,47.85,49.91
2014-09-26,48.25,50.4
2014-09-29,47.88,50.19
2014-09-30,47.74,49.59
2014-10-01,47.21,48.42
2014-10-02,46.73,48.3
2014-10-03,47.79,48.44
2014-10-06,47.37,48.43
2014-10-07,46.92,47.58
2014-10-08,47.8,48.2
2014-10-09,46.98,47.02
2014-10-10,46.14,46.3
2014-10-13,45.46,45.11
2014-10-14,45.25,45.25
2014-10-15,45.72,45.56
2014-10-16,46.13,46.01
2014-10-17,46.66,46.62
2014-10-20,48.39,47.33
2014-10-21,49.82,48.35
2014-10-22,48.89,47.96
2014-10-23,49.58,47.92
2014-10-24,49.92,48.28
2014-10-27,48.96,47.27
2014-10-28,49.77,47.74
2014-10-29,49.14,47.15
2014-10-30,50.3,47.51
2014-10-31,50.62,48.4
2014-11-03,50.62,48.06
2014-11-04,52.6,47.56
2014-11-05,52.38,48.02
2014-11-06,52.47,48.41
2014-11-07,52.87,48.64
2014-11-10,53.66,48.77
2014-11-11,53.62,49.01
2014-11-12,54.05,49.13
2014-11-13,54.72,49.14
2014-11-14,54.43,49.29
2014-11-17,54.84,49.28
2014-11-18,54.98,49.87
2014-11-19,54.32,49.8
2014-11-20,53.74,50.06
2014-11-21,53.62,50.67
2014-11-24,53.65,50.44
2014-11-25,53.94,50.26
2014-11-26,53.37,50.3
2014-11-28,53.82,49.16
2014-12-01,52.95,48.65
2014-12-02,54.01,48.94
2014-12-03,54.31,49.66
2014-12-04,54.78,49.81
2014-12-05,55.07,49.77
2014-12-08,54.72,48.98
2014-12-09,55.25,49.11
2014-12-10,54.59,48.1
2014-12-11,54.42,48.14
2014-12-12,53.15,46.8
2014-12-15,52.66,46.55
2014-12-16,52.46,46.19
2014-12-17,53.46,47.45
2014-12-18,54.15,48.53
2014-12-19,53.98,48.82
2014-12-22,54.13,48.85
2014-12-23,54.54,49.23
2014-12-24,54.16,49.06
2014-12-26,54.28,49.23
2014-12-29,54.31,49.23
2014-12-30,54.22,49.06
2014-12-31,53.58,48.58
2015-01-02,53.24,48.65
2015-01-05,52.4,47.41
2015-01-06,51.69,46.99
2015-01-07,51.6,47.52
2015-01-08,53.37,48.65
2015-01-09,53.06,48.4
2015-01-12,53.21,48.29
2015-01-13,53.3,47.75
2015-01-14,53.41,47.19
2015-01-15,53.37,47.1
2015-01-16,54.08,47.85
2015-01-20,54.23,47.93
2015-01-21,54.59,48.4
2015-01-22,55.18,49.01
2015-01-23,54.07,48.25
2015-01-26,54.6,48.46
2015-01-27,53.78,48.13
2015-01-28,53.16,47.26
2015-01-29,53.51,47.88
2015-01-30,52.66,47.69
2015-02-02,52.77,48.12
2015-02-03,53.73,49.18
2015-02-04,54.36,48.86
2015-02-05,54.97,50.04
2015-02-06,54.48,49.92
2015-02-09,54.21,49.86
2015-02-10,55.55,50.23
2015-02-11,55.51,50.15
2015-02-12,57.19,51.01
2015-02-13,57.31,51.44
2015-02-17,56.98,51.5
2015-02-18,57.26,51.64
2015-02-19,56.84,51.78
2015-02-20,57.59,51.93
2015-02-23,57.41,51.87
2015-02-24,56.76,52.09
2015-02-25,56.81,51.94
2015-02-26,56.76,51.61
2015-02-27,56.41,51.49
2015-03-02,56.98,51.83
2015-03-03,56.63,51.55
2015-03-04,56.24,51.37
2015-03-05,55.57,51.15
2015-03-06,55.19,50.46
2015-03-09,55.05,50.53
2015-03-10,54.29,49.76
2015-03-11,54.04,49.7
2015-03-12,54.86,50.32
2015-03-13,54.69,49.84
2015-03-16,54.83,49.76
2015-03-17,54.73,49.21
2015-03-18,55.13,49.96
2015-03-19,54.25,49.1
2015-03-20,55.34,49.23
2015-03-23,54.66,49.23
2015-03-24,54.6,49.07
2015-03-25,53.9,48.52
2015-03-26,54.21,48.63
2015-03-27,54.42,48.61
2015-03-30,55.21,49.27
2015-03-31,55.49,48.78
2015-04-01,54.9,48.92
2015-04-02,54.67,48.97
2015-04-06,54.31,49.36
2015-04-07,53.97,49.28
2015-04-08,54.49,49.42
2015-04-09,54.49,49.56
2015-04-10,56.28,49.7
2015-04-13,55.62,49.5
2015-04-14,55.0,49.71
2015-04-15,54.73,50.19
2015-04-16,54.67,50.08
2015-04-17,54.05,49.62
2015-04-20,54.65,49.98
2015-04-21,52.52,49.61
2015-04-22,53.04,49.71
2015-04-23,52.88,49.84
2015-04-24,53.67,50.26
2015-04-27,53.32,50.7
2015-04-28,53.46,50.77
2015-04-29,53.07,50.74
2015-04-30,53.72,50.42
2015-05-01,54.03,51.25
2015-05-04,53.74,51.11
2015-05-05,50.95,50.53
2015-05-06,51.81,50.54
2015-05-07,52.0,50.76
2015-05-08,52.49,51.57
2015-05-11,52.86,51.33
2015-05-12,52.12,50.79
2015-05-13,52.56,50.73
2015-05-14,53.62,51.26
2015-05-15,53.27,51.51
2015-05-18,53.62,51.28
2015-05-19,53.62,51.03
2015-05-20,53.24,51.0
2015-05-21,53.1,51.18
2015-05-22,53.1,51.12
2015-05-26,52.52,50.48
2015-05-27,52.91,50.81
2015-05-28,52.71,50.94
2015-05-29,51.83,50.61
2015-06-01,51.82,50.63
2015-06-02,51.17,50.79
2015-06-03,51.24,50.84
2015-06-04,51.15,50.24
2015-06-05,51.17,50.01
2015-06-08,50.53,49.83
2015-06-09,50.36,49.86
2015-06-10,50.9,50.38
2015-06-11,51.55,50.5
2015-06-12,51.15,50.2
2015-06-15,50.57,49.89
2015-06-16,50.54,50.15
2015-06-17,50.92,50.36
2015-06-18,51.04,50.78
2015-06-19,51.14,50.21
2015-06-22,49.67,50.4
2015-06-23,49.3,50.26
2015-06-24,49.09,49.62
2015-06-25,48.37,49.58
2015-06-26,48.25,49.39
2015-06-29,47.7,48.24
2015-06-30,47.59,48.39
2015-07-01,48.55,48.66
2015-07-02,47.96,48.51
2015-07-06,47.67,48.11
2015-07-07,48.0,47.95
2015-07-08,46.82,46.9
2015-07-09,46.6,47.04
2015-07-10,46.94,47.7
2015-07-13,47.8,48.22
2015-07-14,47.75,48.49
2015-07-15,47.22,48.11
2015-07-16,48.11,47.99
2015-07-17,47.64,47.66
2015-07-20,48.65,47.26
2015-07-21,48.09,46.97
2015-07-22,48.81,46.77
2015-07-23,48.61,46.09
2015-07-24,47.75,45.08
2015-07-27,47.36,44.58
2015-07-28,48.73,45.51
2015-07-29,46.99,45.84
2015-07-30,47.47,46.07
2015-07-31,47.87,45.95
2015-08-03,47.34,45.59
2015-08-04,47.41,45.79
2015-08-05,47.79,46.02
2015-08-06,47.27,45.86
2015-08-07,47.54,45.22
2015-08-10,47.99,46.33
2015-08-11,47.27,45.47
2015-08-12,47.15,45.64
2015-08-13,46.87,45.51
2015-08-14,47.31,45.72
2015-08-17,48.16,45.98
2015-08-18,47.6,45.68
2015-08-19,47.02,45.12
2015-08-20,46.02,44.27
2015-08-21,44.31,43.19
2015-08-24,42.01,41.38
2015-08-25,40.68,40.73
2015-08-26,42.01,41.83
2015-08-27,43.15,43.35
2015-08-28,43.73,43.6
2015-08-31,43.14,43.36
2015-09-01,41.69,42.04
2015-09-02,41.98,42.64
2015-09-03,42.15,42.9
2015-09-04,41.7,42.05
2015-09-08,42.94,43.1
2015-09-09,41.99,42.77
2015-09-10,41.82,42.87
2015-09-11,41.64,42.81
2015-09-14,41.5,42.3
2015-09-15,41.1,42.61
2015-09-16,41.21,43.22
2015-09-17,40.91,43.02
2015-09-18,40.42,41.88
2015-09-21,40.34,42.02
2015-09-22,39.57,41.24
2015-09-23,39.26,40.36
2015-09-24,38.93,40.25
2015-09-25,38.7,40.2
2015-09-28,37.48,38.95
2015-09-29,37.39,39.1
2015-09-30,37.79,39.92
2015-10-01,38.35,40.37
2015-10-02,38.92,41.36
2015-10-05,39.75,42.44
2015-10-06,39.85,42.99
2015-10-07,40.29,43.56
2015-10-08,41.09,44.17
2015-10-09,43.23,44.15
2015-10-12,41.95,43.77
2015-10-13,42.03,43.6
2015-10-14,42.11,43.95
2015-10-15,42.15,44.07
2015-10-16,42.13,44.09
2015-10-19,41.51,43.78
2015-10-20,41.44,43.85
2015-10-21,41.2,43.46
2015-10-22,42.69,44.65
2015-10-23,43.85,45.02
2015-10-26,43.46,44.65
2015-10-27,43.01,44.46
2015-10-28,43.93,45.13
2015-10-29,42.98,45.22
2015-10-30,42.69,45.28
2015-11-02,43.42,45.56
2015-11-03,42.78,45.74
2015-11-04,42.51,45.44
2015-11-05,42.04,45.21
2015-11-06,42.55,45.33
2015-11-09,42.11,45.02
2015-11-10,41.95,44.69
2015-11-11,42.32,44.74
2015-11-12,40.24,43.84
2015-11-13,40.19,44.4
2015-11-16,39.99,44.97
2015-11-17,39.87,44.92
2015-11-18,41.06,45.72
2015-11-19,41.26,45.67
2015-11-20,41.22,45.53
2015-11-23,41.19,45.59
2015-11-24,41.83,45.97
2015-11-25,41.64,45.68
2015-11-27,41.85,45.62
2015-11-30,41.83,45.73
2015-12-01,41.22,46.05
2015-12-02,40.07,45.43
2015-12-03,39.61,45.03
2015-12-04,40.23,45.82
2015-12-07,39.78,45.0
2015-12-08,39.3,44.15
2015-12-09,39.4,45.48
2015-12-10,38.76,45.14
2015-12-11,38.13,43.94
2015-12-14,37.57,43.36
2015-12-15,38.16,43.6
2015-12-16,38.58,44.05
2015-12-17,37.72,43.17
2015-12-18,36.8,42.27
2015-12-21,37.3,42.65
2015-12-22,37.65,43.19
2015-12-23,38.33,44.21
2015-12-24,38.52,44.11
2015-12-28,38.12,43.8
2015-12-29,38.65,44.21
2015-12-30,38.2,43.8
2015-12-31,37.7,43.42
2016-01-04,37.67,42.74
2016-01-05,37.99,42.72
2016-01-06,37.39,41.6
2016-01-07,36.29,40.47
2016-01-08,35.9,40.06
2016-01-11,36.4,39.38
2016-01-12,36.35,39.44
2016-01-13,36.05,38.53
2016-01-14,36.54,39.05
2016-01-15,36.42,38.25
2016-01-19,35.64,37.78
2016-01-20,35.29,37.5
2016-01-21,35.46,37.83
2016-01-22,36.45,38.51
2016-01-25,32.58,37.28
2016-01-26,32.87,37.92
2016-01-27,32.91,37.62
2016-01-28,32.65,37.68
2016-01-29,34.21,38.77
2016-02-01,34.09,38.93
2016-02-02,33.86,38.67
2016-02-03,34.17,39.97
2016-02-04,35.07,41.08
2016-02-05,34.97,40.61
2016-02-08,34.36,39.54
2016-02-09,35.13,40.03
2016-02-10,34.78,39.65
2016-02-11,33.12,38.79
2016-02-12,34.16,39.94
2016-02-16,35.1,40.55
2016-02-17,35.58,41.35
2016-02-18,35.32,41.23
2016-02-19,34.01,40.75
2016-02-22,34.35,41.53
2016-02-23,34.19,40.51
2016-02-24,34.71,40.93
2016-02-25,34.79,41.46
2016-02-26,35.24,42.06
2016-02-29,35.7,41.8
2016-03-01,36.64,42.87
2016-03-02,36.78,42.7
2016-03-03,38.31,42.96
2016-03-04,38.73,43.46
2016-03-07,38.92,43.96
2016-03-08,37.83,43.1
2016-03-09,38.55,43.37
2016-03-10,39.25,43.6
2016-03-11,39.9,44.4
2016-03-14,40.01,44.1
2016-03-15,39.47,44.2
2016-03-16,40.39,44.57
2016-03-17,41.27,45.39
2016-03-18,40.94,45.42
2016-03-21,41.46,45.63
2016-03-22,41.28,45.11
2016-03-23,40.71,44.55
2016-03-24,40.79,44.55
2016-03-28,40.86,44.74
2016-03-29,41.34,44.99
2016-03-30,41.0,45.19
2016-03-31,41.04,44.81
2016-04-01,40.97,45.24
2016-04-04,40.56,44.65
2016-04-05,39.87,44.37
2016-04-06,40.2,44.88
2016-04-07,39.6,44.23
2016-04-08,40.22,44.52
2016-04-11,40.18,44.72
2016-04-12,40.52,45.34
2016-04-13,41.32,45.79
2016-04-14,40.99,45.82
2016-04-15,41.72,46.03
2016-04-18,42.02,46.24
2016-04-19,42.92,47.23
2016-04-20,42.55,47.09
2016-04-21,42.57,46.88
2016-04-22,43.36,47.21
2016-04-25,42.85,47.05
2016-04-26,43.37,47.43
2016-04-27,44.18,47.83
2016-04-28,43.57,47.38
2016-04-29,43.27,47.1
2016-05-02,43.46,47.27
2016-05-03,42.18,46.49
2016-05-04,41.77,46.02
2016-05-05,41.5,45.79
2016-05-06,42.1,46.16
2016-05-09,42.52,45.6
2016-05-10,43.09,46.36
2016-05-11,42.81,46.2
2016-05-12,42.6,46.4
2016-05-13,41.97,45.95
2016-05-16,42.21,46.74
2016-05-17,41.19,46.5
2016-05-18,40.29,45.79
2016-05-19,40.26,45.95
2016-05-20,40.43,46.28
2016-05-23,40.93,46.82
2016-05-24,41.42,47.13
2016-05-25,42.13,47.71
2016-05-26,41.84,47.2
2016-05-27,42.09,47.18
2016-05-31,42.16,46.94
2016-06-01,42.11,47.0
2016-06-02,42.9,47.26
2016-06-03,42.93,47.66
2016-06-06,43.12,48.15
2016-06-07,43.91,48.17
2016-06-08,44.11,48.45
2016-06-09,43.59,48.1
2016-06-10,43.18,47.74
2016-06-13,41.98,47.21
2016-06-14,41.73,46.86
2016-06-15,41.59,47.07
2016-06-16,41.73,47.23
2016-06-17,41.96,47.2
2016-06-20,42.68,47.47
2016-06-21,42.45,47.34
2016-06-22,42.37,47.39
2016-06-23,43.29,48.12
2016-06-24,41.37,46.02
2016-06-27,39.64,44.47
2016-06-28,40.26,44.85
2016-06-29,41.17,45.61
2016-06-30,42.38,46.34
2016-07-01,42.71,46.36
2016-07-05,41.76,45.52
2016-07-06,41.96,45.7
2016-07-07,41.9,45.82
2016-07-08,42.75,46.96
2016-07-11,43.03,47.19
2016-07-12,44.17,48.05
2016-07-13,44.24,48.18
2016-07-14,44.05,48.61
2016-07-15,45.47,48.78
2016-07-18,45.53,49.1
2016-07-19,44.97,48.81
2016-07-20,45.01,48.83
2016-07-21,44.88,48.53
2016-07-22,45.12,48.66
2016-07-25,45.12,48.58
2016-07-26,45.68,48.95
2016-07-27,45.59,49.01
2016-07-28,45.73,48.94
2016-07-29,45.81,48.69
2016-08-01,45.5,48.42
2016-08-02,45.39,48.29
2016-08-03,45.74,48.41
2016-08-04,45.82,48.61
2016-08-05,45.98,48.77
2016-08-08,46.18,48.87
2016-08-09,46.06,48.72
2016-08-10,46.79,48.73
2016-08-11,46.93,48.94
2016-08-12,46.5,48.42
2016-08-15,46.32,48.91
2016-08-16,46.66,48.65
2016-08-17,47.31,48.61
2016-08-18,47.61,48.92
2016-08-19,47.46,48.99
2016-08-22,46.56,48.92
2016-08-23,46.96,49.34
2016-08-24,46.56,48.77
2016-08-25,48.39,49.01
2016-08-26,48.89,48.73
2016-08-29,48.9,49.17
2016-08-30,48.99,49.05
2016-08-31,48.49,48.56
2016-09-01,48.71,48.76
2016-09-02,49.12,49.25
2016-09-06,49.35,49.14
2016-09-07,49.48,49.07
2016-09-08,49.07,48.86
2016-09-09,47.71,47.44
2016-09-12,48.21,47.89
2016-09-13,47.73,47.0
2016-09-14,47.53,46.89
2016-09-15,48.25,47.19
2016-09-16,49.19,46.76
2016-09-19,48.99,46.83
2016-09-20,48.02,46.69
2016-09-21,48.49,47.4
2016-09-22,47.91,47.55
2016-09-23,48.41,47.31
2016-09-26,47.36,47.09
2016-09-27,47.5,47.23
2016-09-28,48.11,47.77
2016-09-29,47.32,47.4
2016-09-30,47.98,47.75
2016-10-03,47.8,47.69
2016-10-04,47.09,47.04
2016-10-05,46.71,47.36
2016-10-06,47.3,47.75
2016-10-07,46.82,46.86
2016-10-10,46.78,47.14
2016-10-11,45.72,46.5
2016-10-12,46.39,46.41
2016-10-13,45.82,46.17
2016-10-14,46.73,46.32
2016-10-17,47.2,46.36
2016-10-18,47.03,46.78
2016-10-19,48.28,47.12
2016-10-20,47.18,47.08
2016-10-21,47.0,47.06
2016-10-24,46.71,47.17
2016-10-25,46.6,46.74
2016-10-26,46.16,46.67
2016-10-27,45.14,46.61
2016-10-28,45.01,46.73
2016-10-31,45.03,46.75
2016-11-01,44.22,46.48
2016-11-02,44.18,46.23
2016-11-03,43.6,46.24
2016-11-04,43.98,46.4
2016-11-07,44.47,47.11
2016-11-08,44.75,47.26
2016-11-09,45.65,48.26
2016-11-10,45.81,48.82
2016-11-11,45.66,48.15
2016-11-14,47.21,48.26
2016-11-15,47.75,48.46
2016-11-16,47.94,48.37
2016-11-17,48.32,48.39
2016-11-18,48.45,48.32
2016-11-21,48.31,48.89
2016-11-22,48.58,49.19
2016-11-23,48.72,49.41
2016-11-25,48.85,49.56
2016-11-28,48.69,49.36
2016-11-29,48.84,49.41
2016-11-30,48.72,49.94
2016-12-01,49.73,49.96
2016-12-02,50.46,49.98
2016-12-05,51.41,50.37
2016-12-06,51.77,50.43
2016-12-07,53.3,51.15
2016-12-08,53.66,51.49
2016-12-09,53.83,51.5
2016-12-12,53.6,51.27
2016-12-13,53.29,51.19
2016-12-14,52.92,50.58
2016-12-15,53.6,50.91
2016-12-16,53.75,50.42
2016-12-19,53.68,50.32
2016-12-20,53.99,50.36
2016-12-21,53.95,50.38
2016-12-22,53.79,50.17
2016-12-23,54.03,50.27
2016-12-27,54.28,50.54
2016-12-28,53.38,50.03
2016-12-29,53.37,50.03
2016-12-30,53.06,49.7
2017-01-03,53.39,49.99
2017-01-04,54.05,50.72
2017-01-05,53.61,50.57
2017-01-06,53.72,50.62
2017-01-09,53.62,50.61
2017-01-10,53.78,50.64
2017-01-11,54.14,51.05
2017-01-12,53.67,50.95
2017-01-13,53.55,50.87
2017-01-17,52.99,50.64
2017-01-18,53.03,50.96
2017-01-19,52.68,50.64
2017-01-20,53.69,51.09
2017-01-23,54.31,51.19
2017-01-24,55.9,52.51
2017-01-25,57.99,52.86
2017-01-26,57.51,53.0
2017-01-27,57.34,52.81
2017-01-30,56.89,52.27
2017-01-31,56.6,51.96
2017-02-01,56.5,52.22
2017-02-02,53.35,51.99
2017-02-03,53.01,52.08
2017-02-06,51.6,51.94
2017-02-07,52.13,51.53
2017-02-08,53.1,51.65
2017-02-09,52.16,51.63
2017-02-10,52.89,52.1
2017-02-13,52.68,52.53
2017-02-14,52.88,52.52
2017-02-15,52.76,52.45
2017-02-16,53.38,52.45
2017-02-17,52.15,52.3
2017-02-21,52.76,52.47
2017-02-22,52.03,52.61
2017-02-23,52.22,52.32
2017-02-24,52.62,52.43
2017-02-27,52.89,52.3
2017-02-28,52.7,52.25
2017-03-01,53.67,53.27
2017-03-02,53.72,52.7
2017-03-03,54.0,52.66
2017-03-06,52.33,52.32
2017-03-07,51.48,52.03
2017-03-08,51.54,52.03
2017-03-09,50.73,51.87
2017-03-10,50.7,52.11
2017-03-13,50.69,52.26
2017-03-14,50.68,51.81
2017-03-15,51.36,52.64
2017-03-16,51.46,52.28
2017-03-17,51.36,52.34
2017-03-20,52.22,52.6217
2017-03-21,50.92,51.75
2017-03-22,51.17,51.9
2017-03-23,51.31,52.12
2017-03-24,50.81,51.66
2017-03-27,50.27,51.77
2017-03-28,50.93,52.37
2017-03-29,50.74,52.41
2017-03-30,51.14,52.42
2017-03-31,50.78,52.41
2017-04-03,50.19,52.21
2017-04-04,50.7,52.4
2017-04-05,50.58,52.36
2017-04-06,50.95,52.64
2017-04-07,50.51,52.59
2017-04-10,50.45,52.6
2017-04-11,50.26,52.46
2017-04-12,50.04,51.81
2017-04-13,49.64,51.31
2017-04-17,50.47,51.68
2017-04-18,51.45,51.62
2017-04-19,52.33,51.69
2017-04-20,53.02,52.26
2017-04-21,52.78,52.2
2017-04-24,53.21,52.8
2017-04-25,53.69,53.65
2017-04-26,54.07,53.64
2017-04-27,54.92,53.52
2017-04-28,53.97,53.07
2017-05-01,53.78,53.1
2017-05-02,53.69,53.19
2017-05-03,53.28,52.67
2017-05-04,53.15,52.73
2017-05-05,53.44,53.48
2017-05-08,52.94,53.05
2017-05-09,52.54,52.65
2017-05-10,53.07,52.82
2017-05-11,52.55,52.74
2017-05-12,52.29,52.61
2017-05-15,53.06,53.07
2017-05-16,52.88,53.08
2017-05-17,51.66,51.96
2017-05-18,50.82,51.99
2017-05-19,51.11,52.44
2017-05-22,51.67,52.5
2017-05-23,51.97,52.54
2017-05-24,52.17,52.89
2017-05-25,52.16,52.83
2017-05-26,52.42,52.93
2017-05-30,53.28,52.92
2017-05-31,52.88,53.08
2017-06-01,53.88,53.72
2017-06-02,54.39,53.85
2017-06-05,54.14,53.68
2017-06-06,53.85,53.71
2017-06-07,54.0,53.78
2017-06-08,53.67,53.94
2017-06-09,54.89,54.63
2017-06-12,55.09,54.42
2017-06-13,55.86,55.1
2017-06-14,55.89,54.52
2017-06-15,55.81,54.04
2017-06-16,56.51,54.02
2017-06-19,56.94,54.45
2017-06-20,56.69,54.15
2017-06-21,56.21,53.58
2017-06-22,56.44,53.64
2017-06-23,56.85,53.85
2017-06-26,56.73,54.01
2017-06-27,56.18,53.68
2017-06-28,55.98,54.17
2017-06-29,55.68,53.52
2017-06-30,56.61,53.81
2017-07-03,56.98,54.28
2017-07-05,56.75,54.1
2017-07-06,56.13,53.86
2017-07-07,56.37,54.14
2017-07-10,57.24,54.48
2017-07-11,57.04,54.4
2017-07-12,57.21,55.03
2017-07-13,58.15,54.97
2017-07-14,58.15,55.25
2017-07-17,58.17,55.36
2017-07-18,57.63,55.13
2017-07-19,57.51,55.66
2017-07-20,56.92,55.25
2017-07-21,56.64,55.26
2017-07-24,56.75,55.21
2017-07-25,56.9,55.8
2017-07-26,56.39,55.46
2017-07-27,57.49,55.26
2017-07-28,54.74,55.06
2017-07-31,54.98,54.64
2017-08-01,55.33,54.68
2017-08-02,54.53,54.73
2017-08-03,53.66,54.32
2017-08-04,53.93,54.58
2017-08-07,54.3,54.61
2017-08-08,53.99,54.18
2017-08-09,53.41,54.23
2017-08-10,52.21,53.61
2017-08-11,52.59,53.48
2017-08-14,53.64,53.98
2017-08-15,53.43,53.99
2017-08-16,54.4,54.52
2017-08-17,53.94,53.69
2017-08-18,54.29,53.71
2017-08-21,53.18,53.76
2017-08-22,53.75,54.46
2017-08-23,53.67,54.36
2017-08-24,53.89,54.26
2017-08-25,54.59,54.43
2017-08-28,53.86,54.51
2017-08-29,53.2,54.25
2017-08-30,53.86,54.65
2017-08-31,53.87,55.07
2017-09-01,54.91,55.43
2017-09-05,54.79,54.8
2017-09-06,54.88,54.94
2017-09-07,54.69,55.03
2017-09-08,54.78,55.01
2017-09-11,56.1,55.73
2017-09-12,56.02,56.2
2017-09-13,56.15,56.18
2017-09-14,56.26,56.37
2017-09-15,56.23,56.07
2017-09-18,57.05,56.38
2017-09-19,57.5,56.67
2017-09-20,57.84,56.87
2017-09-21,57.29,56.75
2017-09-22,56.05,56.55
2017-09-25,55.67,56.65
2017-09-26,55.9,56.4
2017-09-27,56.65,56.4
2017-09-28,56.87,56.8
2017-09-29,56.82,56.8
2017-10-02,57.38,57.42
2017-10-03,57.39,57.66
2017-10-04,57.78,57.68
2017-10-05,57.71,58.03
2017-10-06,57.45,57.9
2017-10-09,57.03,57.89
2017-10-10,57.64,57.93
2017-10-11,57.39,57.96
2017-10-12,57.23,58.07
2017-10-13,57.45,58.35
2017-10-16,57.72,58.31
2017-10-17,58.14,58.16
2017-10-18,58.02,58.02
2017-10-19,57.61,58.24
2017-10-20,58.21,58.74
2017-10-23,58.25,58.63
2017-10-24,58.67,58.96
2017-10-25,57.99,58.65
2017-10-26,58.0,59.43
2017-10-27,57.95,59.12
2017-10-30,57.19,58.84
2017-10-31,57.27,59.0
2017-11-01,57.72,59.29
2017-11-02,57.5,58.86
2017-11-03,57.12,58.83
2017-11-06,55.81,58.58
2017-11-07,55.25,58.64
2017-11-08,55.28,58.7
2017-11-09,54.93,58.2
2017-11-10,54.85,58.11
2017-11-13,54.39,58.41
2017-11-14,54.33,57.88
2017-11-15,53.89,57.53
2017-11-16,54.07,58.23
2017-11-17,54.21,58.31
2017-11-20,54.15,58.39
2017-11-21,54.71,58.7
2017-11-22,54.75,58.54
2017-11-24,54.92,58.84
2017-11-27,55.04,58.49
2017-11-28,55.58,59.14
2017-11-29,55.52,59.23
2017-11-30,56.61,59.56
2017-12-01,55.63,59.07
2017-12-04,56.88,59.68
2017-12-05,56.92,59.38
2017-12-06,56.8,59.03
2017-12-07,56.8,59.43
2017-12-08,56.91,59.43
2017-12-11,57.32,59.51
2017-12-12,56.63,59.52
2017-12-13,56.48,59.68
2017-12-14,55.18,59.02
2017-12-15,56.25,59.08
2017-12-18,57.41,59.95
2017-12-19,57.76,59.88
2017-12-20,57.97,59.9
2017-12-21,57.48,60.11
2017-12-22,57.98,60.34
2017-12-26,57.49,60.29
2017-12-27,57.65,60.37
2017-12-28,57.83,60.64
2017-12-29,57.94,60.53
2018-01-02,59.77,61.39
2018-01-03,60.56,61.82
2018-01-04,61.58,62.36
2018-01-05,61.7,62.86
2018-01-08,62.13,62.95
2018-01-09,61.49,62.85
2018-01-10,61.62,62.47
2018-01-11,62.23,63.29
2018-01-12,62.26,63.39
2018-01-16,61.23,62.65
2018-01-17,61.49,62.94
2018-01-18,62.62,62.9
2018-01-19,63.5,63.28
2018-01-22,63.46,63.13
2018-01-23,63.32,63.12
2018-01-24,63.66,63.39
2018-01-25,63.4,63.81
2018-01-26,64.75,64.09
2018-01-29,65.08,63.36
2018-01-30,64.2,62.9
2018-01-31,62.86,62.95
2018-02-01,61.67,62.09
2018-02-02,62.17,60.46
2018-02-05,59.44,58.15
2018-02-06,59.57,60.05
2018-02-07,59.25,59.51
2018-02-08,56.05,57.42
2018-02-09,57.2,58.42
2018-02-12,57.88,59.6
2018-02-13,58.03,59.45
2018-02-14,58.38,60.25
2018-02-15,58.6,60.7
2018-02-16,58.94,60.48
2018-02-20,58.0,60.21
2018-02-21,58.4,60.0
2018-02-22,58.31,60.4
2018-02-23,59.5,61.29
2018-02-26,60.57,61.56
2018-02-27,60.16,60.71
2018-02-28,59.59,59.63
2018-03-01,58.36,59.02
2018-03-02,58.47,58.96
2018-03-05,58.94,59.74
2018-03-06,57.7,60.4
2018-03-07,55.0,60.18
2018-03-08,54.9,60.23
2018-03-09,55.24,61.32
2018-03-12,54.98,61.17
2018-03-13,55.0,60.92
2018-03-14,54.75,60.17
2018-03-15,54.42,59.38
2018-03-16,54.57,59.15
2018-03-19,53.22,58.3
2018-03-20,53.2,58.24
2018-03-21,53.53,58.9
2018-03-22,51.41,57.14
2018-03-23,50.15,56.02
2018-03-26,52.37,57.17
2018-03-27,52.13,56.59
2018-03-28,52.38,55.87
2018-03-29,53.43,56.94
2018-04-02,51.13,55.7
2018-04-03,52.51,56.49
2018-04-04,53.17,56.86
2018-04-05,53.43,57.92
2018-04-06,52.17,56.51
2018-04-09,51.99,56.82
2018-04-10,52.51,57.99
2018-04-11,52.44,57.56
2018-04-12,52.59,58.17
2018-04-13,53.22,58.11
2018-04-16,53.75,58.89
2018-04-17,53.52,59.56
2018-04-18,54.07,59.99
2018-04-19,53.59,59.32
2018-04-20,53.41,59.0
2018-04-23,53.71,58.83
2018-04-24,52.76,57.24
2018-04-25,53.48,57.55
2018-04-26,52.38,57.91
2018-04-27,52.58,57.76
2018-04-30,51.56,57.01
2018-05-01,51.11,56.96
2018-05-02,50.18,56.83
2018-05-03,51.17,57.09
2018-05-04,52.19,57.8
2018-05-07,51.89,57.78
2018-05-08,51.71,57.66
2018-05-09,52.19,58.49
2018-05-10,52.84,58.91
2018-05-11,53.65,58.89
2018-05-14,54.21,59.12
2018-05-15,53.81,58.94
2018-05-16,55.03,59.64
2018-05-17,55.06,59.78
2018-05-18,54.96,59.86
2018-05-21,55.24,60.18
2018-05-22,55.69,59.68
2018-05-23,55.25,59.54
2018-05-24,54.6,59.33
2018-05-25,54.13,59.01
2018-05-29,52.94,57.99
2018-05-30,53.89,58.67
2018-05-31,53.5,58.18
2018-06-01,55.24,59.07
2018-06-04,57.27,59.41
2018-06-05,57.19,59.86
2018-06-06,58.99,60.97
2018-06-07,58.61,60.66
2018-06-08,58.81,60.83
2018-06-11,59.01,60.92
2018-06-12,58.66,61.0
2018-06-13,57.2,60.34
2018-06-14,56.84,60.43
2018-06-15,55.43,59.73
2018-06-18,55.86,59.58
2018-06-19,54.78,58.49
2018-06-20,54.17,58.3
2018-06-21,52.87,57.68
2018-06-22,53.0,58.52
2018-06-25,53.04,57.61
2018-06-26,53.2,57.83
2018-06-27,52.87,57.65
2018-06-28,52.44,57.87
2018-06-29,52.08,58.07
2018-07-02,51.68,57.76
2018-07-03,51.61,57.66
2018-07-05,52.19,58.16
2018-07-06,52.36,58.45
2018-07-09,53.05,58.97
2018-07-10,53.47,59.47
2018-07-11,52.87,58.47
2018-07-12,53.32,58.61
2018-07-13,53.15,58.58
2018-07-16,52.46,58.11
2018-07-17,53.12,58.87
2018-07-18,53.05,58.32
2018-07-19,53.31,58.53
2018-07-20,52.84,58.29
2018-07-23,52.69,57.97
2018-07-24,53.05,58.72
2018-07-25,53.04,59.18
2018-07-26,52.04,59.52
2018-07-27,52.02,59.3
2018-07-30,52.75,59.19
2018-07-31,53.73,59.73
2018-08-01,52.43,59.12
2018-08-02,52.03,58.73
2018-08-03,52.55,59.29
2018-08-06,52.9,59.27
2018-08-07,53.6,59.47
2018-08-08,52.95,59.22
2018-08-09,53.16,59.54
2018-08-10,52.12,58.68
2018-08-13,51.6,58.09
2018-08-14,51.82,58.58
2018-08-15,51.0,57.65
2018-08-16,51.61,58.0
2018-08-17,51.97,58.43
2018-08-20,52.0,58.84
2018-08-21,52.37,59.07
2018-08-22,51.66,58.77
2018-08-23,51.21,58.37
2018-08-24,51.83,59.13
2018-08-27,52.52,59.94
2018-08-28,52.2,59.71
2018-08-29,52.44,60.16
2018-08-30,51.73,59.45
2018-08-31,51.14,59.27
2018-09-04,50.95,58.86
2018-09-05,51.43,59.25
2018-09-06,51.83,59.37
2018-09-07,51.71,58.98
2018-09-10,51.9,59.05
2018-09-11,51.6,59.17
2018-09-12,52.37,59.2
2018-09-13,52.73,59.43
2018-09-14,53.24,59.41
2018-09-17,53.62,59.62
2018-09-18,53.72,59.68
2018-09-19,54.22,60.33
2018-09-20,54.58,60.98
2018-09-21,54.12,60.56
2018-09-24,52.34,59.71
2018-09-25,51.08,59.4
2018-09-26,50.95,58.81
2018-09-27,50.23,58.3
2018-09-28,49.15,57.93
2018-10-01,49.97,58.51
2018-10-02,50.3,58.76
2018-10-03,48.24,58.34
2018-10-04,48.78,58.07
2018-10-05,48.78,57.64
2018-10-08,47.33,57.61
2018-10-09,44.64,55.7
2018-10-10,43.53,54.24
2018-10-11,42.82,53.61
2018-10-12,42.67,53.76
2018-10-15,42.7,53.58
2018-10-16,43.39,54.44
2018-10-17,43.2,54.09
2018-10-18,42.06,53.48
2018-10-19,42.24,53.1
2018-10-22,40.93,52.68
2018-10-23,41.38,52.16
2018-10-24,39.69,50.51
2018-10-25,43.76,51.16
2018-10-26,44.85,50.86
2018-10-29,43.64,50.74
2018-10-30,45.38,51.9
2018-10-31,45.36,52.61
2018-11-01,46.08,54.09
2018-11-02,45.54,53.96
2018-11-05,46.17,54.12
2018-11-06,46.63,55.01
2018-11-07,47.39,56.0
2018-11-08,46.99,55.76
2018-11-09,46.22,54.98
2018-11-12,45.62,54.17
2018-11-13,45.9,54.01
2018-11-14,45.59,53.95
2018-11-15,45.82,54.69
2018-11-16,46.18,55.24
2018-11-19,46.23,54.45
2018-11-20,45.74,53.46
2018-11-21,45.65,53.89
2018-11-23,44.91,53.31
2018-11-26,45.71,53.92
2018-11-27,45.56,53.26
2018-11-28,44.95,54.08
2018-11-29,45.74,54.47
2018-11-30,46.19,54.61
2018-12-03,47.31,55.57
2018-12-04,45.94,53.92
2018-12-06,45.12,53.19
2018-12-07,44.76,51.91
2018-12-10,44.31,52.05
2018-12-11,44.14,51.88
2018-12-12,44.26,52.33
2018-12-13,43.08,51.72
2018-12-14,43.44,51.32
2018-12-17,41.35,50.44
2018-12-18,41.16,50.72
2018-12-19,40.6,50.03
2018-12-20,39.56,49.36
2018-12-21,39.12,48.6
2018-12-24,37.56,47.34
2018-12-26,39.62,49.46
2018-12-27,40.38,50.37
2018-12-28,39.81,50.1
2018-12-31,40.36,50.52
2019-01-02,41.02,50.78
2019-01-03,40.36,49.34
2019-01-04,42.26,51.28
2019-01-07,42.77,51.46
2019-01-08,43.36,52.0
2019-01-09,42.71,52.02
2019-01-10,44.81,52.48
2019-01-11,45.24,52.27
2019-01-14,44.24,51.87
2019-01-15,44.71,51.53
2019-01-16,44.43,51.73
2019-01-17,45.0,52.64
2019-01-18,45.68,53.51
2019-01-22,45.74,52.77
2019-01-23,45.83,52.41
2019-01-24,46.27,52.13
2019-01-25,46.97,53.12
2019-01-28,46.85,53.04
2019-01-29,47.33,53.59
2019-01-30,47.31,54.16
2019-01-31,47.43,53.35
2019-02-01,46.34,53.51
2019-02-04,46.41,53.42
2019-02-05,46.78,53.81
2019-02-06,47.12,53.49
2019-02-07,46.31,52.75
2019-02-08,45.99,52.7
2019-02-11,45.62,52.78
2019-02-12,47.03,53.96
2019-02-13,46.76,54.03
2019-02-14,46.5,53.75
2019-02-15,47.15,54.48
2019-02-19,47.43,54.82
2019-02-20,47.74,55.76
2019-02-21,46.75,55.54
2019-02-22,46.74,55.78
2019-02-25,47.59,56.14
2019-02-26,47.15,55.82
2019-02-27,46.65,55.73
2019-02-28,45.82,55.05
2019-03-01,46.24,54.98
2019-03-04,45.94,55.23
2019-03-05,46.03,54.97
2019-03-06,45.98,55.09
2019-03-07,45.86,54.64
2019-03-08,45.77,54.73
2019-03-11,46.48,55.51
2019-03-12,46.85,55.72
2019-03-13,47.31,55.99
2019-03-14,46.96,55.57
2019-03-15,45.51,55.4
2019-03-18,46.23,55.53
2019-03-19,46.17,55.46
2019-03-20,45.17,55.41
2019-03-21,45.75,56.0
2019-03-22,44.4,54.33
2019-03-25,44.36,54.23
2019-03-26,45.21,54.56
2019-03-27,45.44,54.49
2019-03-28,46.0,55.02
2019-03-29,46.27,55.5
2019-04-01,47.65,56.33
2019-04-02,47.13,56.52
2019-04-03,47.7,57.26
2019-04-04,47.31,57.84
2019-04-05,47.37,57.82
2019-04-08,47.36,57.84
2019-04-09,47.13,57.42
2019-04-10,46.93,57.39
2019-04-11,47.06,57.36
2019-04-12,47.76,58.12
2019-04-15,47.08,57.85
2019-04-16,44.91,58.11
2019-04-17,43.96,57.75
2019-04-18,44.43,57.82
2019-04-22,44.19,57.43
2019-04-23,44.69,57.69
2019-04-24,44.29,57.33
2019-04-25,45.53,56.6
2019-04-26,45.99,57.07
2019-04-29,46.49,56.96
2019-04-30,46.81,57.45
2019-05-01,46.02,56.41
2019-05-02,46.34,56.12
2019-05-03,47.1,56.67
2019-05-06,46.56,55.86
2019-05-07,46.02,54.88
2019-05-08,45.62,54.83
2019-05-09,45.71,54.4
2019-05-10,45.65,55.14
2019-05-13,44.16,53.9
2019-05-14,44.74,54.36
2019-05-15,44.82,54.22
2019-05-16,45.36,54.98
2019-05-17,45.07,54.65
2019-05-20,43.2,53.87
2019-05-21,44.51,54.7
2019-05-22,43.89,54.32
2019-05-23,43.37,53.49
2019-05-24,42.77,53.79
2019-05-28,42.53,53.25
2019-05-29,42.0,53.26
2019-05-30,41.74,53.35
2019-05-31,41.47,52.75
2019-06-03,41.96,54.41
2019-06-04,43.89,55.94
2019-06-05,44.2,56.35
2019-06-06,44.64,57.02
2019-06-07,44.97,57.53
2019-06-10,43.7,57.63
2019-06-11,43.96,57.59
2019-06-12,43.52,57.78
2019-06-13,43.92,58.12
2019-06-14,42.99,57.87
2019-06-17,42.47,57.34
2019-06-18,42.68,57.79
2019-06-19,42.96,57.47
2019-06-20,43.57,58.2
2019-06-21,43.61,57.67
2019-06-24,42.33,57.89
2019-06-25,42.66,57.92
2019-06-26,42.54,57.82
2019-06-27,42.92,58.01
2019-06-28,43.32,58.5
2019-07-01,43.75,58.95
2019-07-02,43.77,58.89
2019-07-03,44.11,59.19
2019-07-05,43.87,58.92
2019-07-08,43.31,58.24
2019-07-09,43.22,57.67
2019-07-10,43.15,57.55
2019-07-11,42.55,57.8
2019-07-12,42.77,58.37
2019-07-15,41.98,58.41
2019-07-16,42.6,58.55
2019-07-17,42.26,58.03
2019-07-18,42.5,58.28
2019-07-19,43.24,58.41
2019-07-22,42.74,58.26
2019-07-23,43.53,59.46
2019-07-24,44.12,59.42
2019-07-25,45.99,58.99
2019-07-26,45.3,59.06
2019-07-29,45.03,58.86
2019-07-30,45.06,59.25
2019-07-31,43.91,58.34
2019-08-01,42.72,58.01
2019-08-02,42.14,57.33
2019-08-05,40.2,56.25
2019-08-06,39.97,56.32
2019-08-07,40.18,57.1
2019-08-08,40.95,58.19
2019-08-09,39.85,57.73
2019-08-12,38.54,56.83
2019-08-13,40.05,57.44
2019-08-14,38.65,55.62
2019-08-15,38.63,55.64
2019-08-16,38.99,56.62
2019-08-19,39.32,57.07
2019-08-20,38.67,56.4
2019-08-21,39.02,56.69
2019-08-22,38.86,56.31
2019-08-23,37.43,54.95
2019-08-26,37.76,55.13
2019-08-27,36.74,55.17
2019-08-28,37.39,55.6
2019-08-29,38.62,56.31
2019-08-30,39.1,56.69
2019-09-03,38.06,56.24
2019-09-04,38.66,56.93
2019-09-05,39.37,57.02
2019-09-06,39.43,57.24
2019-09-09,40.16,56.94
2019-09-10,41.23,57.5
2019-09-11,41.84,58.05
2019-09-12,42.33,58.5
2019-09-13,42.78,59.14
2019-09-16,42.48,58.17
2019-09-17,41.77,58.64
2019-09-18,41.19,58.67
2019-09-19,40.76,58.77
2019-09-20,40.7,58.34
2019-09-23,41.07,58.2
2019-09-24,40.67,57.7
2019-09-25,41.36,58.0
2019-09-26,41.32,57.87
2019-09-27,41.66,57.71
2019-09-30,41.82,58.2
2019-10-01,40.12,56.83
2019-10-02,39.46,55.81
2019-10-03,39.32,56.01
2019-10-04,39.18,56.31
2019-10-07,39.12,56.11
2019-10-08,38.43,55.13
2019-10-09,39.31,55.75
2019-10-10,40.23,56.26
2019-10-11,41.56,57.35
2019-10-14,41.13,56.94
2019-10-15,41.42,57.34
2019-10-16,41.89,57.46
2019-10-17,41.87,57.61
2019-10-18,42.26,57.51
2019-10-21,42.28,57.33
2019-10-22,42.86,57.09
2019-10-23,43.39,57.45
2019-10-24,42.19,57.63
2019-10-25,43.0,58.26
2019-10-28,43.2,58.44
2019-10-29,42.69,58.8
2019-10-30,42.65,58.85
2019-10-31,43.68,58.19
2019-11-01,43.96,59.01
2019-11-04,44.56,59.47
2019-11-05,45.24,59.57
2019-11-06,45.4,59.53
2019-11-07,45.45,59.93
2019-11-08,46.21,60.17
2019-11-11,45.95,60.08
2019-11-12,46.22,60.39
2019-11-13,45.85,60.04
2019-11-14,45.51,60.41
2019-11-15,45.65,60.36
2019-11-18,45.88,60.21
2019-11-19,45.97,60.08
2019-11-20,45.24,59.33
2019-11-21,44.69,59.23
2019-11-22,45.12,59.33
2019-11-25,46.07,59.72
2019-11-26,46.23,60.02
2019-11-27,46.44,60.26
2019-11-29,46.34,60.04
2019-12-02,46.24,59.44
2019-12-03,46.08,59.06
2019-12-04,45.96,59.19
2019-12-05,46.52,59.49
2019-12-06,47.26,60.1
2019-12-09,47.42,59.98
2019-12-10,46.25,59.62
2019-12-11,46.18,60.07
2019-12-12,46.56,60.91
2019-12-13,46.36,60.44
2019-12-16,46.2,60.7
2019-12-17,46.59,60.79
2019-12-18,46.29,60.71
2019-12-19,45.97,60.92
2019-12-20,46.14,60.88
2019-12-23,46.27,61.05
2019-12-24,46.08,61.12
2019-12-26,46.19,61.39
2019-12-27,45.89,61.16
2019-12-30,45.9,60.97
2019-12-31,46.05,61.42
2020-01-02,45.52,60.7
2020-01-03,44.72,59.72
2020-01-06,43.95,59.46
2020-01-07,43.48,59.39
2020-01-08,43.99,59.6
2020-01-09,44.11,59.82
2020-01-10,43.99,59.58
2020-01-13,44.44,60.35
2020-01-14,44.42,60.1
2020-01-15,44.5,60.51
2020-01-16,45.35,60.87
2020-01-17,45.75,61.14
2020-01-21,44.54,60.48
2020-01-22,44.51,60.24
2020-01-23,44.66,60.17
2020-01-24,43.53,59.74
2020-01-27,42.58,58.45
2020-01-28,42.85,59.11
2020-01-29,43.37,59.3
2020-01-30,42.19,58.93
2020-01-31,40.72,57.63
2020-02-03,41.25,58.84
2020-02-04,41.76,59.88
2020-02-05,44.04,60.99
2020-02-06,44.25,60.96
2020-02-07,43.56,60.09
2020-02-10,43.74,60.06
2020-02-11,44.37,60.39
2020-02-12,44.5,60.72
2020-02-13,43.45,60.5
2020-02-14,43.19,60.51
2020-02-18,43.23,60.36
2020-02-19,42.7,60.52
2020-02-20,42.95,60.62
2020-02-21,43.27,60.34
2020-02-24,41.35,58.64
2020-02-25,39.23,56.11
2020-02-26,38.82,55.92
2020-02-27,37.06,53.3
2020-02-28,36.96,52.72
2020-03-02,38.23,54.98
2020-03-03,37.06,54.5
2020-03-04,37.92,56.76
2020-03-05,36.53,54.96
2020-03-06,35.71,53.53
2020-03-09,32.28,48.52
2020-03-10,34.17,50.49
2020-03-11,32.23,48.09
2020-03-12,28.62,43.46
2020-03-13,33.44,46.51
2020-03-16,29.72,41.39
2020-03-17,33.49,43.95
2020-03-18,30.95,41.14
2020-03-19,30.13,42.19
2020-03-20,29.51,40.68
2020-03-23,26.47,38.35
2020-03-24,27.91,42.86
2020-03-25,28.8,43.86
2020-03-26,31.01,45.92
2020-03-27,30.62,44.26
2020-03-30,31.33,45.67
2020-03-31,31.13,45.04
2020-04-01,30.15,43.01
2020-04-02,30.48,43.66
2020-04-03,29.37,42.61
2020-04-06,31.53,45.78
2020-04-07,30.89,47.0
2020-04-08,33.12,49.3
2020-04-09,34.17,51.42
2020-04-13,34.41,50.29
2020-04-14,33.58,50.94
2020-04-15,31.8,48.6
2020-04-16,30.47,48.32
2020-04-17,31.85,50.26
2020-04-20,30.78,49.02
2020-04-21,30.12,47.81
2020-04-22,29.97,48.75
2020-04-23,30.54,49.09
2020-04-24,31.13,49.86
2020-04-27,32.81,51.19
2020-04-28,35.75,52.14
2020-04-29,36.52,53.47
2020-04-30,34.25,51.88
2020-05-01,33.91,50.79
2020-05-04,33.37,50.97
2020-05-05,33.1,51.1
2020-05-06,32.17,50.22
2020-05-07,32.6,51.25
2020-05-08,34.35,52.48
2020-05-11,33.07,51.68
2020-05-12,32.12,50.89
2020-05-13,30.85,49.82
2020-05-14,31.57,50.43
2020-05-15,31.05,50.87
2020-05-18,32.8,53.19
2020-05-19,32.01,52.68
2020-05-20,33.0,53.52
2020-05-21,32.93,53.01
2020-05-22,32.64,52.93
2020-05-26,34.33,54.38
2020-05-27,35.84,54.93
2020-05-28,35.09,55.44
2020-05-29,34.05,55.45
2020-06-01,34.73,55.83
2020-06-02,35.23,56.84
2020-06-03,36.92,58.13
2020-06-04,37.83,58.34
2020-06-05,39.03,59.83
2020-06-08,39.69,59.91
2020-06-09,38.31,59.18
2020-06-10,36.77,58.51
2020-06-11,33.92,53.99
2020-06-12,34.92,55.04
2020-06-15,35.06,55.62
2020-06-16,35.71,56.78
2020-06-17,35.18,56.31
2020-06-18,35.08,56.35
2020-06-19,34.86,56.18
2020-06-22,34.42,56.08
2020-06-23,34.85,56.21
2020-06-24,33.58,54.57
2020-06-25,33.78,55.25
2020-06-26,33.8,54.49
2020-06-29,35.01,55.55
2020-06-30,35.21,56.35
2020-07-01,34.81,56.47
2020-07-02,35.35,57.53
2020-07-06,35.94,58.35
2020-07-07,35.24,58.37
2020-07-08,34.14,57.54
2020-07-09,33.11,57.0
2020-07-10,34.54,57.99
2020-07-13,34.65,57.99
2020-07-14,35.46,59.45
2020-07-15,36.31,60.45
2020-07-16,37.39,60.65
2020-07-17,36.92,61.16
2020-07-20,36.35,60.63
2020-07-21,36.61,61.16
2020-07-22,36.65,61.87
2020-07-23,36.63,61.68
2020-07-24,36.32,61.47
2020-07-27,36.85,62.36
2020-07-28,36.17,60.99
2020-07-29,36.75,61.49
2020-07-30,35.76,60.3
2020-07-31,34.79,60.36
2020-08-03,35.44,60.02
2020-08-04,35.28,60.87
2020-08-05,35.58,61.76
2020-08-06,35.27,61.5
2020-08-07,35.49,61.71
2020-08-10,36.31,62.31
2020-08-11,37.02,62.2
2020-08-12,36.72,62.57
2020-08-13,36.49,62.56
2020-08-14,37.27,62.63
2020-08-17,36.63,62.91
2020-08-18,36.24,62.65
2020-08-19,36.2,62.47
2020-08-20,35.68,62.25
2020-08-21,35.18,61.89
2020-08-24,37.27,62.98
2020-08-25,36.21,62.73
2020-08-26,36.17,63.39
2020-08-27,36.6,63.22
2020-08-28,36.93,63.97
2020-08-31,36.27,62.99
2020-09-01,37.52,64.76
2020-09-02,38.84,66.23
2020-09-03,38.34,64.4
2020-09-04,39.03,64.44
2020-09-08,37.31,63.23
2020-09-09,38.29,64.86
2020-09-10,37.97,64.25
2020-09-11,38.92,65.07
2020-09-14,40.79,66.01
2020-09-15,41.66,66.33
2020-09-16,41.92,66.38
2020-09-17,42.89,66.87
2020-09-18,42.05,65.72
2020-09-21,41.04,63.21
2020-09-22,40.78,63.33
2020-09-23,39.27,61.47
2020-09-24,39.21,61.91
2020-09-25,41.16,62.46
2020-09-28,41.17,63.47
2020-09-29,40.28,63.0
2020-09-30,40.54,63.64
2020-10-01,39.95,62.74
2020-10-02,40.48,63.3
2020-10-05,41.43,64.51
2020-10-06,40.67,63.7
2020-10-07,41.81,65.34
2020-10-08,42.49,66.0
2020-10-09,42.67,66.51
2020-10-12,44.47,66.4
2020-10-13,44.01,65.81
2020-10-14,44.66,66.0
2020-10-15,45.55,65.81
2020-10-16,46.54,66.27
2020-10-19,46.69,65.5
2020-10-20,46.4,65.65
2020-10-21,46.48,65.4
2020-10-22,46.59,65.76
2020-10-23,46.4,66.0
2020-10-26,45.29,64.35
2020-10-27,44.37,63.74
2020-10-28,43.0,61.94
2020-10-29,43.84,63.22
2020-10-30,43.75,63.18
2020-11-02,45.05,65.28
2020-11-03,46.52,66.3
2020-11-04,45.09,65.17
2020-11-05,46.89,67.83
2020-11-06,46.49,68.0
2020-11-09,47.36,69.53
2020-11-10,48.82,70.35
2020-11-11,48.67,69.3
2020-11-12,47.09,67.84
2020-11-13,47.89,69.01
2020-11-16,49.96,70.37
2020-11-17,50.09,70.11
2020-11-18,49.56,69.53
2020-11-19,49.23,69.82
2020-11-20,49.43,69.76
2020-11-23,50.01,70.34
2020-11-24,51.87,72.09
2020-11-25,51.07,71.34
2020-11-27,50.69,71.71
2020-11-30,49.48,70.99
2020-12-01,49.85,71.77
2020-12-02,49.86,70.85
2020-12-03,48.24,70.36
2020-12-04,48.87,71.78
2020-12-07,48.67,71.31
2020-12-08,49.09,71.71
2020-12-09,49.54,71.75
2020-12-10,48.64,71.31
2020-12-11,48.63,70.9
2020-12-14,48.01,70.0
2020-12-15,49.15,71.27
2020-12-16,49.31,71.07
2020-12-17,49.75,71.89
2020-12-18,49.98,72.21
2020-12-21,49.48,71.47
2020-12-22,49.4,71.03
2020-12-23,49.55,71.13
2020-12-24,49.76,71.58
2020-12-28,49.39,71.3
2020-12-29,48.97,71.13
2020-12-30,49.64,72.11
2020-12-31,49.72,72.39
2021-01-04,48.49,71.7
2021-01-05,49.74,73.31
2021-01-06,52.84,76.31
2021-01-07,52.07,76.88
2021-01-08,51.48,76.51
2021-01-11,52.1,76.51
2021-01-12,52.63,77.48
2021-01-13,50.8,76.69
2021-01-14,49.98,76.43
2021-01-15,50.25,75.34
2021-01-19,50.38,75.6
2021-01-20,50.99,75.85
2021-01-21,51.66,74.74
2021-01-22,51.63,74.38
2021-01-25,51.83,73.99
2021-01-26,51.65,72.97
2021-01-27,50.42,70.82
2021-01-28,50.15,72.04
2021-01-29,50.31,70.64
2021-02-01,49.79,71.47
2021-02-02,50.33,72.41
2021-02-03,50.62,72.55
2021-02-04,46.75,72.29
2021-02-05,47.03,73.53
2021-02-08,47.84,74.14
2021-02-09,48.1,73.59
2021-02-10,48.4,73.51
2021-02-11,48.17,73.58
2021-02-12,49.18,74.34
2021-02-16,49.19,74.2
2021-02-17,48.5,74.16
2021-02-18,47.84,73.7
2021-02-19,48.95,75.05
2021-02-22,49.4,75.34
2021-02-23,50.17,75.6
2021-02-24,50.8,76.26
2021-02-25,50.41,74.5
2021-02-26,49.65,73.55
2021-03-01,51.76,75.41
2021-03-02,52.27,75.83
2021-03-03,53.22,75.08
2021-03-04,52.05,73.62
2021-03-05,54.15,75.31
2021-03-08,55.7,76.32
2021-03-09,54.79,76.79
2021-03-10,54.62,78.06
2021-03-11,53.91,78.48
2021-03-12,54.02,78.69
2021-03-15,53.45,78.78
2021-03-16,53.05,78.13
2021-03-17,54.16,78.83
2021-03-18,53.92,78.39
2021-03-19,53.58,78.0
2021-03-22,52.63,77.72
2021-03-23,51.54,76.1
2021-03-24,52.2,76.65
2021-03-25,54.34,77.76
2021-03-26,55.11,79.69
2021-03-29,54.53,79.42
2021-03-30,55.0,79.19
2021-03-31,54.07,78.8
2021-04-01,54.29,79.49
2021-04-05,54.7,80.47
2021-04-06,55.2,80.65
2021-04-07,54.94,79.26
2021-04-08,54.62,79.36
2021-04-09,54.94,80.05
2021-04-12,55.94,80.33
2021-04-13,55.28,80.14
2021-04-14,55.65,80.72
2021-04-15,56.67,81.67
2021-04-16,57.37,82.66
2021-04-19,57.18,82.28
2021-04-20,56.41,81.49
2021-04-21,56.91,82.97
2021-04-22,55.88,81.57
2021-04-23,56.78,82.91
2021-04-26,56.92,83.4
2021-04-27,57.09,83.18
2021-04-28,57.66,83.41
2021-04-29,58.1,83.93
2021-04-30,58.0,83.04
2021-05-03,58.94,84.28
2021-05-04,60.38,85.2
2021-05-05,60.72,86.28
2021-05-06,61.74,87.01
2021-05-07,61.64,87.87
2021-05-10,62.08,87.48
2021-05-11,62.68,87.77
2021-05-12,60.94,85.56
2021-05-13,62.52,86.87
2021-05-14,62.65,87.91
2021-05-17,64.1,88.68
2021-05-18,63.42,87.7
2021-05-19,62.91,86.36
2021-05-20,62.87,86.41
2021-05-21,63.53,86.6
2021-05-24,64.4,87.37
2021-05-25,63.58,86.63
2021-05-26,63.35,86.66
2021-05-27,63.79,87.35
2021-05-28,63.1,87.26
2021-06-01,63.83,88.48
2021-06-02,63.23,87.74
2021-06-03,64.19,87.72
2021-06-04,64.65,87.91
2021-06-07,63.73,86.84
2021-06-08,64.15,87.0
2021-06-09,63.28,86.32
2021-06-10,62.83,85.8
2021-06-11,63.65,86.12
2021-06-14,62.3,85.06
2021-06-15,63.19,84.88
2021-06-16,62.23,83.94
2021-06-17,60.23,82.07
2021-06-18,59.23,80.74
2021-06-21,61.04,82.06
2021-06-22,61.06,82.39
2021-06-23,60.79,81.86
2021-06-24,60.78,82.12
2021-06-25,60.68,82.13
2021-06-28,60.71,82.13
2021-06-29,60.69,82.09
2021-06-30,61.31,82.31
2021-07-01,61.48,82.76
2021-07-02,61.32,82.88
2021-07-06,60.38,81.65
2021-07-07,61.42,82.5
2021-07-08,61.33,81.38
2021-07-09,62.24,82.98
2021-07-12,62.23,83.25
2021-07-13,61.44,82.49
2021-07-14,61.45,82.32
2021-07-15,59.89,82.33
2021-07-16,59.13,81.09
2021-07-19,57.77,79.35
2021-07-20,58.25,80.25
2021-07-21,58.47,81.13
2021-07-22,57.86,81.16
2021-07-23,58.08,81.73
2021-07-26,58.44,82.42
2021-07-27,58.74,82.53
2021-07-28,58.5,82.77
2021-07-29,58.04,83.68
2021-07-30,57.76,84.02
2021-08-02,57.51,83.0
2021-08-03,58.71,83.86
2021-08-04,57.72,83.06
2021-08-05,57.42,82.94
2021-08-06,57.89,84.14
2021-08-09,58.63,84.04
2021-08-10,59.62,85.31
2021-08-11,60.06,86.51
2021-08-12,59.92,86.37
2021-08-13,59.22,86.45
2021-08-16,59.48,86.02
2021-08-17,58.94,85.03
2021-08-18,58.55,84.04
2021-08-19,58.16,83.29
2021-08-20,58.76,83.78
2021-08-23,58.46,84.5
2021-08-24,58.91,85.03
2021-08-25,59.47,85.42
2021-08-26,59.07,84.83
2021-08-27,60.13,85.95
2021-08-30,59.37,85.86
2021-08-31,60.09,85.61
2021-09-01,59.84,85.39
2021-09-02,60.3,85.94
2021-09-03,59.92,85.37
2021-09-07,58.7,84.81
2021-09-08,58.47,84.0
2021-09-09,58.58,84.03
2021-09-10,58.35,84.01
2021-09-13,58.6,83.99
2021-09-14,57.75,83.07
2021-09-15,57.94,83.95
2021-09-16,57.86,83.04
2021-09-17,56.6,81.33
2021-09-20,55.88,79.42
2021-09-21,55.22,79.23
2021-09-22,56.13,80.05
2021-09-23,57.1,81.19
2021-09-24,56.97,81.07
2021-09-27,57.33,81.7
2021-09-28,57.02,80.69
2021-09-29,57.16,80.36
2021-09-30,55.92,79.11
2021-10-01,53.26,80.37
2021-10-04,53.83,80.02
2021-10-05,54.34,80.73
2021-10-06,54.03,80.58
2021-10-07,54.26,81.63
2021-10-08,54.39,81.18
2021-10-11,55.75,81.19
2021-10-12,55.74,81.3
2021-10-13,55.28,81.91
2021-10-14,55.81,83.9
2021-10-15,53.28,84.15
2021-10-18,52.87,84.09
2021-10-19,52.06,84.53
2021-10-20,53.53,85.21
2021-10-21,53.16,84.99
2021-10-22,53.03,84.83
2021-10-25,52.98,85.68
2021-10-26,53.04,85.92
2021-10-27,50.18,84.69
2021-10-28,49.69,85.53
2021-10-29,49.67,85.12
2021-11-01,49.1,85.32
2021-11-02,48.95,86.29
2021-11-03,49.91,87.19
2021-11-04,48.75,87.14
2021-11-05,48.87,87.82
2021-11-08,49.34,88.92
2021-11-09,49.28,89.33
2021-11-10,49.7,88.72
2021-11-11,50.15,89.43
2021-11-12,49.28,90.1
2021-11-15,49.45,89.69
2021-11-16,49.27,89.44
2021-11-17,48.93,88.85
2021-11-18,48.57,88.47
2021-11-19,47.58,88.31
2021-11-22,48.44,88.45
2021-11-23,48.31,88.54
2021-11-24,47.55,87.91
2021-11-26,47.53,86.4
2021-11-29,47.22,86.8
2021-11-30,45.52,84.65
2021-12-01,45.13,83.79
2021-12-02,45.88,85.5
2021-12-03,46.45,85.31
2021-12-06,47.05,86.56
2021-12-07,46.65,87.88
2021-12-08,46.4,88.25
2021-12-09,46.17,87.76
2021-12-10,45.89,88.3
2021-12-13,45.84,87.77
2021-12-14,45.54,87.68
2021-12-15,46.2,87.87
2021-12-16,47.01,88.77
2021-12-17,45.84,87.66
2021-12-20,44.57,85.66
2021-12-21,45.32,86.74
2021-12-22,45.27,87.43
2021-12-23,45.84,88.31
2021-12-27,46.33,89.64
2021-12-28,46.67,90.16
2021-12-29,46.72,90.53
2021-12-30,46.68,90.21
2021-12-31,46.98,90.61
2022-01-03,46.79,89.43
2022-01-04,48.47,90.53
2022-01-05,48.69,90.52
2022-01-06,48.34,89.38
2022-01-07,48.87,89.3
2022-01-10,48.57,88.39
2022-01-11,48.52,89.36
2022-01-12,48.49,90.26
2022-01-13,49.3,89.56
2022-01-14,49.5,88.8
2022-01-18,49.31,87.63
2022-01-19,49.35,87.41
2022-01-20,48.17,86.14
2022-01-21,47.29,84.04
2022-01-24,48.23,84.09
2022-01-25,47.74,83.33
2022-01-26,47.31,82.46
2022-01-27,46.39,82.74
2022-01-28,47.18,83.22
2022-01-31,48.25,84.45
2022-02-01,48.05,85.75
2022-02-02,47.71,86.02
2022-02-03,47.56,84.52
2022-02-04,46.79,83.12
2022-02-07,46.66,82.71
2022-02-08,47.14,83.99
2022-02-09,47.16,85.82
2022-02-10,46.61,85.32
2022-02-11,46.56,84.0
2022-02-14,46.23,83.31
2022-02-15,46.73,84.84
2022-02-16,46.57,85.46
2022-02-17,46.12,84.0
2022-02-18,46.74,83.86
2022-02-22,46.91,82.67
2022-02-23,45.11,81.61
2022-02-24,44.19,81.37
2022-02-25,45.42,84.34
2022-02-28,43.53,83.38
2022-03-01,41.27,81.46
2022-03-02,42.01,83.25
2022-03-03,42.23,83.35
2022-03-04,42.21,83.06
2022-03-07,40.98,80.18
2022-03-08,41.61,79.77
2022-03-09,42.17,82.24
2022-03-10,42.04,82.46
2022-03-11,42.43,81.85
2022-03-14,42.54,81.73
2022-03-15,43.19,82.67
2022-03-16,44.16,83.97
2022-03-17,44.97,85.58
2022-03-18,45.01,86.1
2022-03-21,44.76,86.49
2022-03-22,45.09,86.96
2022-03-23,44.63,86.56
2022-03-24,45.24,88.3
2022-03-25,46.32,89.29
2022-03-28,46.12,88.89
2022-03-29,46.69,89.64
2022-03-30,46.39,89.34
2022-03-31,46.15,88.15
2022-04-01,46.3,89.08
2022-04-04,45.9,89.1
2022-04-05,45.78,88.39
2022-04-06,45.69,87.37
2022-04-07,45.38,87.94
2022-04-08,46.7,88.48
2022-04-11,46.67,88.04
2022-04-12,46.64,88.06
2022-04-13,47.05,89.36
2022-04-14,47.43,89.06
2022-04-18,47.46,89.14
2022-04-19,48.65,89.98
2022-04-20,49.41,90.55
2022-04-21,49.69,89.07
2022-04-22,47.72,85.74
2022-04-25,47.49,85.5
2022-04-26,47.02,84.18
2022-04-27,47.36,85.42
2022-04-28,47.48,86.77
2022-04-29,46.28,85.03
2022-05-02,46.55,84.77
2022-05-03,46.82,85.72
2022-05-04,48.49,88.5
2022-05-05,48.11,85.76
2022-05-06,48.16,84.53
2022-05-09,47.81,81.86
2022-05-10,47.85,81.35
2022-05-11,47.67,81.39
2022-05-12,47.58,81.24
2022-05-13,47.79,82.49
2022-05-16,47.89,82.34
2022-05-17,49.18,84.67
2022-05-18,48.33,82.04
2022-05-19,47.82,82.62
2022-05-20,47.48,82.42
2022-05-23,48.14,83.93
2022-05-24,47.19,83.45
2022-05-25,47.89,83.82
2022-05-26,48.68,85.36
2022-05-27,49.31,87.36
2022-05-31,48.45,86.03
2022-06-01,47.45,85.17
2022-06-02,47.5,87.52
2022-06-03,47.09,86.67
2022-06-06,47.26,87.49
2022-06-07,47.93,88.12
2022-06-08,47.28,86.29
2022-06-09,46.28,84.25
2022-06-10,45.0,81.67
2022-06-13,43.14,78.48
2022-06-14,43.62,77.88
2022-06-15,44.05,77.86
2022-06-16,42.71,75.05
2022-06-17,42.35,74.92
2022-06-21,41.88,75.53
2022-06-22,41.24,74.56
2022-06-23,41.12,73.54
2022-06-24,42.84,76.46
2022-06-27,42.81,75.83
2022-06-28,42.34,75.02
2022-06-29,42.44,74.48
2022-06-30,41.83,73.6
2022-07-01,41.98,74.12
2022-07-05,41.61,72.63
2022-07-06,41.87,73.09
2022-07-07,43.06,73.74
2022-07-08,42.71,73.02
2022-07-11,42.23,72.82
2022-07-12,42.77,72.68
2022-07-13,42.14,72.26
2022-07-14,41.78,70.93
2022-07-15,41.92,72.04
2022-07-18,41.42,72.21
2022-07-19,42.61,74.41
2022-07-20,42.94,74.54
2022-07-21,43.27,75.6
2022-07-22,43.19,75.06
2022-07-25,43.46,75.37
2022-07-26,41.78,74.86
2022-07-27,42.62,75.76
2022-07-28,43.02,77.1
2022-07-29,42.77,78.13
2022-08-01,42.82,77.5
2022-08-02,42.34,76.71
2022-08-03,42.61,76.79
2022-08-04,41.87,76.84
2022-08-05,41.79,77.11
2022-08-08,42.48,77.54
2022-08-09,42.51,77.16
2022-08-10,43.41,79.35
2022-08-11,43.8,79.62
2022-08-12,44.51,81.12
2022-08-15,44.49,81.07
2022-08-16,44.98,81.52
2022-08-17,44.4,80.4
2022-08-18,44.14,80.65
2022-08-19,43.59,79.17
2022-08-22,42.5,77.91
2022-08-23,42.78,78.68
2022-08-24,42.61,78.85
2022-08-25,43.87,80.64
2022-08-26,42.62,78.17
2022-08-29,42.15,77.62
2022-08-30,42.1,76.35
2022-08-31,41.62,75.41
2022-09-01,41.31,74.42
2022-09-02,40.93,74.35
2022-09-06,40.33,74.12
2022-09-07,41.06,76.17
2022-09-08,41.57,76.91
2022-09-09,41.72,78.07
2022-09-12,42.17,78.8
2022-09-13,40.49,75.99
2022-09-14,39.68,75.06
2022-09-15,39.68,74.07
2022-09-16,35.23,72.9
2022-09-19,36.52,73.69
2022-09-20,34.83,72.29
2022-09-21,34.26,70.71
2022-09-22,33.81,69.86
2022-09-23,33.1,68.43
2022-09-26,31.77,67.32
2022-09-27,31.9,67.47
2022-09-28,32.71,69.21
2022-09-29,32.09,68.19
2022-09-30,31.7,68.01
2022-10-03,32.54,70.22
2022-10-04,33.25,72.8
2022-10-05,32.87,71.98
2022-10-06,32.2,71.22
2022-10-07,31.56,69.46
2022-10-10,31.57,69.61
2022-10-11,31.58,69.07
2022-10-12,31.5,68.55
2022-10-13,32.78,70.56
2022-10-14,32.62,68.18
2022-10-17,33.23,69.88
2022-10-18,33.54,71.25
2022-10-19,32.56,70.41
2022-10-20,31.91,69.9
2022-10-21,33.08,72.32
2022-10-24,32.97,71.9
2022-10-25,33.44,73.68
2022-10-26,33.22,74.2
2022-10-27,32.99,74.01
2022-10-28,33.82,74.75
2022-10-31,33.61,74.08
2022-11-01,33.53,74.27
2022-11-02,32.72,72.34
2022-11-03,32.69,72.89
2022-11-04,33.67,75.42
2022-11-07,33.59,76.01
2022-11-08,33.52,77.32
2022-11-09,33.22,76.07
2022-11-10,35.14,80.28
2022-11-11,36.63,81.25
2022-11-14,36.21,81.14
2022-11-15,36.51,81.02
2022-11-16,35.78,80.23
2022-11-17,35.74,79.46
2022-11-18,35.77,79.99
2022-11-21,36.19,80.26
2022-11-22,36.71,82.08
2022-11-23,36.81,82.4
2022-11-25,36.72,82.37
2022-11-28,35.78,80.53
2022-11-29,36.33,80.8
2022-11-30,37.12,82.75
2022-12-01,37.39,82.85
2022-12-02,37.1,83.76
2022-12-05,36.52,82.1
2022-12-06,36.42,81.37
2022-12-07,36.15,81.19
2022-12-08,36.17,81.79
2022-12-09,36.08,80.98
2022-12-12,36.8,81.68
2022-12-13,37.22,82.81
2022-12-14,37.1,81.92
2022-12-15,36.54,79.42
2022-12-16,35.61,79.08
2022-12-19,34.92,77.55
2022-12-20,34.68,78.06
2022-12-21,34.66,78.74
2022-12-22,34.43,77.98
2022-12-23,34.73,78.52
2022-12-27,34.91,78.59
2022-12-28,34.36,77.39
2022-12-29,34.77,78.23
2022-12-30,34.63,77.68
2023-01-03,35.41,77.6
2023-01-04,36.83,78.95
2023-01-05,36.2,77.7
2023-01-06,36.64,80.37
2023-01-09,37.01,80.88
2023-01-10,37.62,81.69
2023-01-11,37.61,82.97
2023-01-12,37.82,83.28
2023-01-13,38.25,83.79
2023-01-17,37.54,82.95
2023-01-18,36.91,81.78
2023-01-19,36.63,81.15
2023-01-20,37.53,82.78
2023-01-23,37.47,83.05
2023-01-24,36.75,83.1
2023-01-25,36.32,83.27
2023-01-26,37.23,83.67
2023-01-27,38.11,83.4
2023-01-30,37.79,82.83
2023-01-31,41.82,84.65
2023-02-01,40.85,85.21
2023-02-02,41.53,84.94
2023-02-03,41.36,83.41
2023-02-06,40.54,82.49
2023-02-07,40.28,83.6
2023-02-08,39.44,82.93
2023-02-09,38.37,81.73
2023-02-10,38.63,82.03
2023-02-13,39.19,82.46
2023-02-14,39.15,82.65
2023-02-15,39.28,83.01
2023-02-16,38.64,82.07
2023-02-17,38.27,81.3
2023-02-21,36.11,79.96
2023-02-22,36.28,80.56
2023-02-23,36.55,80.65
2023-02-24,36.49,81.19
2023-02-27,36.58,81.46
2023-02-28,36.39,81.83
2023-03-01,36.69,82.47
2023-03-02,37.52,83.41
2023-03-03,37.77,84.6
2023-03-06,36.62,83.23
2023-03-07,36.29,81.59
2023-03-08,36.82,81.99
2023-03-09,36.2,79.88
2023-03-10,35.52,78.18
2023-03-13,34.85,77.38
2023-03-14,35.44,78.37
2023-03-15,34.48,75.83
2023-03-16,34.67,76.7
2023-03-17,34.06,75.51
2023-03-20,34.83,76.73
2023-03-21,35.24,77.66
2023-03-22,34.4,76.28
2023-03-23,34.11,76.19
2023-03-24,34.48,76.81
2023-03-27,34.5,77.38
2023-03-28,34.66,77.75
2023-03-29,35.07,78.83
2023-03-30,35.24,79.37
2023-03-31,36.06,80.66
2023-04-03,35.96,81.17
2023-04-04,35.36,80.0
2023-04-05,35.47,79.82
2023-04-06,35.78,79.63
2023-04-10,35.89,80.01
2023-04-11,36.54,80.63
2023-04-12,36.47,80.69
2023-04-13,36.4,81.52
2023-04-14,35.91,80.93
2023-04-17,36.34,81.4
2023-04-18,36.49,81.74
2023-04-19,36.57,81.51
2023-04-20,36.55,81.42
2023-04-21,36.04,80.7
2023-04-24,36.38,81.25
2023-04-25,34.69,79.49
2023-04-26,34.56,78.55
2023-04-27,33.01,79.62
2023-04-28,33.11,80.55
2023-05-01,33.24,80.51
2023-05-02,32.32,79.73
2023-05-03,32.3,78.85
2023-05-04,31.79,78.34
2023-05-05,32.35,79.66
2023-05-08,32.38,79.4
2023-05-09,32.12,78.68
2023-05-10,31.89,78.73
2023-05-11,31.69,77.96
2023-05-12,31.76,78.1
2023-05-15,31.82,78.76
2023-05-16,31.48,77.46
2023-05-17,32.1,77.97
2023-05-18,32.03,78.43
2023-05-19,31.96,78.63
2023-05-22,31.73,78.22
2023-05-23,31.96,77.01
2023-05-24,31.46,76.13
2023-05-25,30.61,75.86
2023-05-26,30.62,76.24
2023-05-30,30.14,75.83
2023-05-31,29.44,75.02
2023-06-01,29.17,76.02
2023-06-02,30.38,78.57
2023-06-05,30.28,78.51
2023-06-06,30.83,79.01
2023-06-07,32.13,79.95
2023-06-08,31.75,79.66
2023-06-09,31.68,79.0
2023-06-12,31.33,79.36
2023-06-13,31.55,81.2
2023-06-14,31.8,80.86
2023-06-15,31.81,81.55
2023-06-16,31.98,81.75
2023-06-20,31.52,80.25
2023-06-21,31.12,80.51
2023-06-22,30.74,80.32
2023-06-23,30.6,79.67
2023-06-26,31.34,80.5
2023-06-27,31.67,81.64
2023-06-28,31.37,81.08
2023-06-29,31.68,82.1
2023-06-30,31.81,82.87
2023-07-03,32.03,83.18
2023-07-05,31.33,81.13
2023-07-06,31.3,80.54
2023-07-07,31.8,81.24
2023-07-10,31.22,81.22
2023-07-11,31.7,82.02
2023-07-12,31.81,83.1
2023-07-13,31.83,83.75
2023-07-14,31.4,83.26
2023-07-17,30.99,83.34
2023-07-18,31.36,83.99
2023-07-19,31.56,83.54
2023-07-20,31.61,83.74
2023-07-21,31.85,83.75
2023-07-24,32.37,84.01
2023-07-25,33.93,85.52
2023-07-26,33.77,85.23
2023-07-27,35.4,84.68
2023-07-28,35.74,85.27
2023-07-31,36.06,85.72
2023-08-01,35.94,85.34
2023-08-02,36.59,84.28
2023-08-03,36.62,83.76
2023-08-04,36.26,83.57
2023-08-07,36.14,84.12
2023-08-08,35.85,83.23
2023-08-09,35.71,82.89
2023-08-10,35.55,82.95
2023-08-11,35.42,82.72
2023-08-14,34.7,82.9
2023-08-15,34.3,81.55
2023-08-16,34.03,81.0
2023-08-17,34.23,80.84
2023-08-18,34.51,80.83
2023-08-21,34.06,80.84
2023-08-22,33.77,80.77
2023-08-23,33.88,80.9
2023-08-24,33.74,80.56
2023-08-25,33.93,80.8
2023-08-28,34.45,81.39
2023-08-29,34.68,82.74
2023-08-30,34.81,82.93
2023-08-31,34.92,82.89
2023-09-01,35.19,83.82
2023-09-05,34.32,82.27
2023-09-06,33.88,82.09
2023-09-07,33.58,81.72
2023-09-08,34.63,81.8
2023-09-11,34.6,82.15
2023-09-12,34.5,81.96
2023-09-13,33.81,81.48
2023-09-14,34.61,82.63
2023-09-15,34.24,81.71
2023-09-18,34.16,80.98
2023-09-19,34.1,80.91
2023-09-20,33.72,80.06
2023-09-21,34.13,78.45
2023-09-22,34.07,78.37
2023-09-25,34.81,78.99
2023-09-26,34.53,77.85
2023-09-27,34.95,77.84
2023-09-28,35.35,78.68
2023-09-29,35.47,78.55
2023-10-02,35.47,77.51
2023-10-03,35.15,77.3
2023-10-04,35.44,78.21
2023-10-05,34.95,77.26
2023-10-06,34.55,77.99
2023-10-09,35.16,78.09
2023-10-10,35.37,78.92
2023-10-11,35.43,79.11
2023-10-12,35.12,77.93
2023-10-13,35.15,77.64
2023-10-16,35.01,78.4
2023-10-17,35.51,79.17
2023-10-18,35.26,77.12
2023-10-19,34.26,76.22
2023-10-20,33.33,75.3
2023-10-23,32.41,74.46
2023-10-24,33.26,75.34
2023-10-25,33.12,74.46
2023-10-26,32.88,74.98
2023-10-27,33.14,74.95
2023-10-30,33.39,75.72
2023-10-31,33.73,76.06
2023-11-01,33.61,76.1
2023-11-02,34.05,77.57
2023-11-03,34.6,78.79
2023-11-06,34.35,78.4
2023-11-07,33.85,76.88
2023-11-08,33.56,77.12
2023-11-09,33.26,76.46
2023-11-10,33.09,77.36
2023-11-13,32.43,77.25
2023-11-14,33.52,79.53
2023-11-15,34.07,79.88
2023-11-16,33.62,80.12
2023-11-17,33.38,80.27
2023-11-20,32.58,80.41
2023-11-21,32.49,80.72
2023-11-22,32.92,80.77
2023-11-24,32.93,81.12
2023-11-27,34.12,81.02
2023-11-28,34.26,81.18
2023-11-29,35.79,81.6
2023-11-30,36.94,82.41
2023-12-01,37.19,83.35
2023-12-04,37.36,82.38
2023-12-05,36.44,81.25
2023-12-06,36.55,81.08
2023-12-07,36.82,81.63
2023-12-08,36.84,81.93
2023-12-11,36.91,82.51
2023-12-12,36.05,82.99
2023-12-13,36.91,84.0
2023-12-14,37.67,85.39
2023-12-15,37.43,85.17
2023-12-18,36.84,84.71
2023-12-19,36.86,85.49
2023-12-20,36.59,84.18
2023-12-21,36.58,85.07
2023-12-22,36.64,85.6
2023-12-26,36.58,86.0
2023-12-27,36.47,86.21
2023-12-28,36.25,85.88
2023-12-29,36.15,85.54
