date,IVZ,KCE
2010-01-04,23.34,37.71
2010-01-05,23.47,37.94
2010-01-06,22.98,37.76
2010-01-07,23.05,37.94
2010-01-08,22.92,37.94
2010-01-11,23.63,37.91
2010-01-12,23.29,37.41
2010-01-13,23.38,37.74
2010-01-14,23.0,37.63
2010-01-15,22.71,37.12
2010-01-19,23.03,37.57
2010-01-20,22.41,37.51
2010-01-21,21.45,36.7964
2010-01-22,20.83,35.59
2010-01-25,21.17,35.86
2010-01-26,20.33,35.0634
2010-01-27,21.69,35.68
2010-01-28,20.21,35.18
2010-01-29,19.3,34.66
2010-02-01,20.05,35.13
2010-02-02,20.24,35.4
2010-02-03,19.57,35.22
2010-02-04,18.59,33.64
2010-02-05,18.58,34.15
2010-02-08,18.32,33.65
2010-02-09,18.61,33.97
2010-02-10,18.75,34.32
2010-02-11,18.51,34.46
2010-02-12,18.44,34.66
2010-02-16,19.14,35.14
2010-02-17,19.16,34.99
2010-02-18,19.49,35.01
2010-02-19,19.54,35.34
2010-02-22,19.62,35.36
2010-02-23,19.05,34.82
2010-02-24,19.55,35.14
2010-02-25,19.75,35.0
2010-02-26,19.6,35.31
2010-03-01,20.08,35.54
2010-03-02,20.33,35.84
2010-03-03,20.5,35.87
2010-03-04,20.91,36.35
2010-03-05,21.36,37.05
2010-03-08,21.08,37.32
2010-03-09,19.99,37.23
2010-03-10,19.97,37.33
2010-03-11,19.91,37.54
2010-03-12,20.37,37.44
2010-03-15,20.31,37.35
2010-03-16,20.69,37.62
2010-03-17,21.41,38.07
2010-03-18,21.17,37.95
2010-03-19,20.45,37.59
2010-03-22,20.66,37.58
2010-03-23,20.78,37.71
2010-03-24,20.57,37.51
2010-03-25,20.6,37.59
2010-03-26,21.07,37.36
2010-03-29,21.47,37.49
2010-03-30,21.71,37.41
2010-03-31,21.91,37.21
2010-04-01,22.09,37.58
2010-04-05,22.15,37.97
2010-04-06,22.66,38.3
2010-04-07,22.23,38.26
2010-04-08,22.07,38.38
2010-04-09,22.5,38.57
2010-04-12,22.11,38.85
2010-04-13,22.2,38.96
2010-04-14,22.66,39.75
2010-04-15,22.68,39.79
2010-04-16,21.8,38.49
2010-04-19,22.07,38.75
2010-04-20,22.53,38.78
2010-04-21,22.04,38.81
2010-04-22,22.03,39.06
2010-04-23,22.18,39.3
2010-04-26,21.58,38.81
2010-04-27,20.73,37.91
2010-04-28,21.61,38.06
2010-04-29,23.66,39.05
2010-04-30,22.99,38.38
2010-05-03,23.4,38.87
2010-05-04,22.51,37.7
2010-05-05,21.54,37.58
2010-05-06,20.87,36.25
2010-05-07,20.11,35.41
2010-05-10,21.52,36.99
2010-05-11,21.19,36.877
2010-05-12,21.84,37.19
2010-05-13,21.82,36.93
2010-05-14,20.82,36.08
2010-05-17,20.5,36.16
2010-05-18,19.85,35.21
2010-05-19,19.95,35.2
2010-05-20,18.58,33.71
2010-05-21,19.17,34.73
2010-05-24,18.48,33.86
2010-05-25,18.6,34.02
2010-05-26,18.41,33.81
2010-05-27,19.02,35.04
2010-05-28,18.56,34.47
2010-06-01,18.14,33.68
2010-06-02,18.85,34.67
2010-06-03,18.72,34.73
2010-06-04,17.84,33.61
2010-06-07,17.13,32.98
2010-06-08,17.85,33.1
2010-06-09,17.65,32.69
2010-06-10,18.47,33.69
2010-06-11,18.9,34.12
2010-06-14,18.92,33.79
2010-06-15,19.55,34.4
2010-06-16,19.47,34.36
2010-06-17,19.14,33.99
2010-06-18,19.21,33.92
2010-06-21,19.3,33.76
2010-06-22,18.85,33.39
2010-06-23,18.72,33.16
2010-06-24,17.9,32.45
2010-06-25,18.48,33.03
2010-06-28,18.43,32.95
2010-06-29,17.28,31.49
2010-06-30,16.83,31.07
2010-07-01,16.96,30.81
2010-07-02,16.63,30.59
2010-07-06,16.92,30.57
2010-07-07,17.61,31.72
2010-07-08,17.88,31.95
2010-07-09,18.56,32.4
2010-07-12,18.25,32.25
2010-07-13,19.43,33.06
2010-07-14,19.26,32.68
2010-07-15,19.2,32.77
2010-07-16,18.14,31.94
2010-07-19,18.25,32.1
2010-07-20,18.7,32.51
2010-07-21,18.3,32.16
2010-07-22,19.26,32.97
2010-07-23,19.45,33.24
2010-07-26,19.83,33.74
2010-07-27,19.46,33.6
2010-07-28,19.34,33.37
2010-07-29,19.64,33.61
2010-07-30,19.54,33.33
2010-08-02,20.12,34.18
2010-08-03,19.68,33.99
2010-08-04,19.71,34.55
2010-08-05,19.61,34.49
2010-08-06,19.32,34.2
2010-08-09,19.82,34.45
2010-08-10,19.82,33.9
2010-08-11,18.65,32.65
2010-08-12,18.46,32.49
2010-08-13,18.51,32.17
2010-08-16,18.55,32.08
2010-08-17,18.88,32.7
2010-08-18,19.01,32.68
2010-08-19,18.35,31.92
2010-08-20,18.5,32.1
2010-08-23,18.21,31.91
2010-08-24,17.58,31.2
2010-08-25,17.62,31.27
2010-08-26,17.92,30.85
2010-08-27,18.36,31.36
2010-08-30,18.17,30.5
2010-08-31,18.14,30.45
2010-09-01,19.0,31.56
2010-09-02,19.28,31.82
2010-09-03,19.75,32.74
2010-09-07,19.51,32.0534
2010-09-08,19.86,32.4
2010-09-09,20.09,32.81
2010-09-10,20.09,32.96
2010-09-13,20.63,33.75
2010-09-14,20.56,33.572
2010-09-15,20.86,33.64
2010-09-16,21.01,33.47
2010-09-17,20.98,33.42
2010-09-20,21.6,34.02
2010-09-21,21.54,33.56
2010-09-22,21.54,32.83
2010-09-23,20.75,32.29
2010-09-24,21.9,33.31
2010-09-27,21.63,33.05
2010-09-28,21.67,33.14
2010-09-29,21.31,32.92
2010-09-30,21.23,32.91
2010-10-01,21.37,33.23
2010-10-04,21.06,32.87
2010-10-05,21.81,33.89
2010-10-06,21.93,33.88
2010-10-07,22.19,33.61
2010-10-08,22.41,33.8118
2010-10-11,22.5,33.72
2010-10-12,22.44,34.01
2010-10-13,22.87,34.22
2010-10-14,22.94,33.97
2010-10-15,22.86,34.05
2010-10-18,22.99,34.74
2010-10-19,22.43,34.41
2010-10-20,22.66,34.78
2010-10-21,22.29,34.61
2010-10-22,22.32,34.73
2010-10-25,22.11,34.67
2010-10-26,22.36,34.7
2010-10-27,22.52,34.93
2010-10-28,22.47,35.02
2010-10-29,23.0,35.14
2010-11-01,22.87,35.09
2010-11-02,23.43,35.39
2010-11-03,23.38,35.64
2010-11-04,24.0,36.68
2010-11-05,24.24,37.46
2010-11-08,23.57,37.17
2010-11-09,23.2,36.7
2010-11-10,22.29,36.9
2010-11-11,22.45,36.76
2010-11-12,22.13,36.2
2010-11-15,22.18,36.38
2010-11-16,21.69,35.75
2010-11-17,21.51,35.68
2010-11-18,21.81,36.14
2010-11-19,21.93,36.14
2010-11-22,21.71,35.61
2010-11-23,21.16,35.02
2010-11-24,21.95,35.78
2010-11-26,21.71,35.55
2010-11-29,21.69,35.43
2010-11-30,21.74,35.17
2010-12-01,22.46,36.11
2010-12-02,22.87,37.35
2010-12-03,22.99,37.4
2010-12-06,22.82,37.56
2010-12-07,22.98,37.6
2010-12-08,23.08,37.99
2010-12-09,23.17,38.17
2010-12-10,23.23,38.32
2010-12-13,23.03,38.34
2010-12-14,22.83,38.09
2010-12-15,22.64,38.02
2010-12-16,22.61,38.21
2010-12-17,22.78,37.89
2010-12-20,22.82,37.9
2010-12-21,23.59,38.47
2010-12-22,23.75,38.75
2010-12-23,23.68,38.49
2010-12-27,23.72,38.75
2010-12-28,23.68,38.72
2010-12-29,23.74,38.54
2010-12-30,23.67,38.43
2010-12-31,24.06,38.39
2011-01-03,24.46,38.89
2011-01-04,24.41,38.52
2011-01-05,24.39,38.81
2011-01-06,24.35,38.89
2011-01-07,24.33,38.54
2011-01-10,24.25,38.75
2011-01-11,24.76,38.72
2011-01-12,24.88,39.49
2011-01-13,24.73,39.65
2011-01-14,25.0,40.06
2011-01-18,24.98,40.04
2011-01-19,24.59,38.93
2011-01-20,23.92,39.12
2011-01-21,23.92,39.41
2011-01-24,24.11,39.47
2011-01-25,23.9,39.14
2011-01-26,23.77,39.16
2011-01-27,24.83,39.53
2011-01-28,24.66,38.7
2011-01-31,24.74,38.99
2011-02-01,25.31,39.66
2011-02-02,24.98,39.64
2011-02-03,25.01,39.38
2011-02-04,25.4,39.48
2011-02-07,25.6,40.05
2011-02-08,25.39,40.04
2011-02-09,25.1,40.18
2011-02-10,25.25,40.48
2011-02-11,25.75,40.84
2011-02-14,26.02,40.98
2011-02-15,26.5,40.89
2011-02-16,27.34,41.2
2011-02-17,27.42,41.32
2011-02-18,27.35,41.4
2011-02-22,26.14,40.01
2011-02-23,25.72,39.65
2011-02-24,25.63,39.66
2011-02-25,26.4,40.36
2011-02-28,26.84,40.36
2011-03-01,25.95,39.66
2011-03-02,26.11,39.68
2011-03-03,27.23,40.41
2011-03-04,26.6,39.82
2011-03-07,26.19,39.59
2011-03-08,26.55,40.05
2011-03-09,26.5,39.75
2011-03-10,25.62,38.81
2011-03-11,25.84,38.98
2011-03-14,25.42,38.62
2011-03-15,24.91,38.05
2011-03-16,24.09,37.33
2011-03-17,24.68,37.62
2011-03-18,24.85,37.98
2011-03-21,25.45,38.75
2011-03-22,25.36,38.69
2011-03-23,25.43,38.802
2011-03-24,25.93,39.08
2011-03-25,25.62,39.11
2011-03-28,25.37,38.9
2011-03-29,25.46,38.955
2011-03-30,25.59,39.39
2011-03-31,25.56,39.39
2011-04-01,26.0,40.075
2011-04-04,25.97,39.88
2011-04-05,25.75,39.88
2011-04-06,25.75,40.315
2011-04-07,25.79,40.115
2011-04-08,25.93,39.84
2011-04-11,25.47,39.66
2011-04-12,24.84,39.4
2011-04-13,24.59,39.245
2011-04-14,24.58,39.09
2011-04-15,24.98,39.36
2011-04-18,24.43,38.67
2011-04-19,24.34,38.48
2011-04-20,24.69,39.11
2011-04-21,24.8,39.34
2011-04-25,24.6,38.99
2011-04-26,24.85,39.31
2011-04-27,24.82,39.29
2011-04-28,24.97,39.16
2011-04-29,24.87,39.127
2011-05-02,25.15,39.07
2011-05-03,25.06,38.66
2011-05-04,24.57,38.28
2011-05-05,24.14,37.92
2011-05-06,24.27,38.15
2011-05-09,24.41,38.14
2011-05-10,24.5,38.57
2011-05-11,24.54,38.0
2011-05-12,25.2,38.03
2011-05-13,25.01,37.52
2011-05-16,24.64,37.07
2011-05-17,24.31,36.79
2011-05-18,24.69,37.36
2011-05-19,24.68,37.42
2011-05-20,25.0,37.08
2011-05-23,24.29,36.48
2011-05-24,24.04,36.34
2011-05-25,24.01,36.42
2011-05-26,24.23,36.44
2011-05-27,24.33,36.76
2011-05-31,24.67,37.27
2011-06-01,23.5,35.7168
2011-06-02,23.55,35.7
2011-06-03,23.06,35.24
2011-06-06,22.55,34.63
2011-06-07,22.78,34.65
2011-06-08,22.7,34.198
2011-06-09,23.17,34.75
2011-06-10,22.94,34.44
2011-06-13,22.96,34.56
2011-06-14,23.26,35.02
2011-06-15,22.91,34.41
2011-06-16,23.0,34.42
2011-06-17,23.04,34.66
2011-06-20,23.11,34.71
2011-06-21,23.37,35.21
2011-06-22,23.08,34.86
2011-06-23,22.65,34.46
2011-06-24,21.92,33.95
2011-06-27,22.32,34.31
2011-06-28,22.71,34.46
2011-06-29,23.36,35.32
2011-06-30,23.4,35.47
2011-07-01,23.56,36.15
2011-07-05,23.4,35.85
2011-07-06,23.28,35.59
2011-07-07,23.9,36.3
2011-07-08,23.57,35.76
2011-07-11,22.54,34.53
2011-07-12,22.2,34.45
2011-07-13,22.68,34.56
2011-07-14,22.33,34.19
2011-07-15,22.19,34.05
2011-07-18,21.43,33.52
2011-07-19,21.89,33.85
2011-07-20,21.84,34.34
2011-07-21,22.64,35.38
2011-07-22,22.71,35.24
2011-07-25,22.59,35.04
2011-07-26,23.04,34.97
2011-07-27,22.26,33.78
2011-07-28,22.37,33.83
2011-07-29,22.18,33.75
2011-08-01,22.18,33.66
2011-08-02,21.13,32.54
2011-08-03,21.41,32.82
2011-08-04,19.94,30.94
2011-08-05,19.56,30.6
2011-08-08,16.93,27.82
2011-08-09,18.69,29.65
2011-08-10,16.62,27.53
2011-08-11,18.2,29.51
2011-08-12,17.77,28.95
2011-08-15,18.33,29.7
2011-08-16,17.93,29.07
2011-08-17,17.86,29.09
2011-08-18,16.22,27.38
2011-08-19,16.11,26.88
2011-08-22,16.01,26.845
2011-08-23,17.1,27.93
2011-08-24,17.78,28.62
2011-08-25,17.05,28.01
2011-08-26,17.08,28.48
2011-08-29,18.11,29.79
2011-08-30,17.94,29.63
2011-08-31,18.3,29.82
2011-09-01,18.09,29.04
2011-09-02,17.01,27.88
2011-09-06,16.83,27.41
2011-09-07,17.96,28.73
2011-09-08,17.25,27.9
2011-09-09,16.46,27.2
2011-09-12,16.62,27.45
2011-09-13,16.7,27.86
2011-09-14,17.43,28.32
2011-09-15,18.41,29.34
2011-09-16,18.67,29.19
2011-09-19,18.02,28.15
2011-09-20,17.84,27.91
2011-09-21,16.9,26.76
2011-09-22,15.91,25.9
2011-09-23,15.78,26.22
2011-09-26,16.34,26.97
2011-09-27,16.53,27.51
2011-09-28,15.83,26.37
2011-09-29,16.46,27.11
2011-09-30,15.51,25.77
2011-10-03,14.85,24.47
2011-10-04,15.94,25.97
2011-10-05,16.41,26.47
2011-10-06,16.87,27.15
2011-10-07,16.2,26.18
2011-10-10,17.11,27.57
2011-10-11,16.94,27.44
2011-10-12,17.98,28.1
2011-10-13,17.7,27.71
2011-10-14,18.15,27.97
2011-10-17,17.55,27.33
2011-10-18,18.41,28.53
2011-10-19,17.78,27.87
2011-10-20,18.09,28.31
2011-10-21,18.74,28.88
2011-10-24,19.67,29.77
2011-10-25,18.8,28.33
2011-10-26,19.22,28.84
2011-10-27,20.84,31.27
2011-10-28,20.9,31.14
2011-10-31,20.07,29.68
2011-11-01,18.82,28.1
2011-11-02,19.58,29.01
2011-11-03,20.45,29.74
2011-11-04,20.03,29.43
2011-11-07,19.96,29.54
2011-11-08,20.28,29.97
2011-11-09,18.94,28.25
2011-11-10,19.74,28.45
2011-11-11,20.34,29.13
2011-11-14,20.1,28.56
2011-11-15,20.27,28.84
2011-11-16,19.68,28.04
2011-11-17,19.3,27.56
2011-11-18,19.39,27.59
2011-11-21,18.64,27.03
2011-11-22,18.23,26.56
2011-11-23,17.8,25.92
2011-11-25,17.91,25.85
2011-11-28,18.86,26.93
2011-11-29,18.97,26.76
2011-11-30,20.25,28.63
2011-12-01,20.23,28.23
2011-12-02,20.28,28.62
2011-12-05,20.71,29.16
2011-12-06,20.67,29.19
2011-12-07,20.96,29.48
2011-12-08,20.17,28.23
2011-12-09,20.78,28.96
2011-12-12,20.02,28.16
2011-12-13,19.32,27.7
2011-12-14,19.11,27.16
2011-12-15,19.04,27.25
2011-12-16,19.24,26.9
2011-12-19,18.67,26.26
2011-12-20,19.6,27.5
2011-12-21,19.66,27.58
2011-12-22,19.9,28.08
2011-12-23,20.22,28.2503
2011-12-27,20.1,28.28
2011-12-28,19.67,27.53
2011-12-29,20.1,28.03
2011-12-30,20.09,27.95
2012-01-03,20.56,28.78
2012-01-04,20.35,28.67
2012-01-05,20.57,28.94
2012-01-06,20.77,28.96
2012-01-09,20.89,29.07
2012-01-10,21.62,29.81
2012-01-11,21.29,29.77
2012-01-12,21.72,29.96
2012-01-13,21.62,29.737
2012-01-17,21.63,29.61
2012-01-18,21.97,30.01
2012-01-19,22.17,30.9
2012-01-20,22.44,31.14
2012-01-23,22.4,31.24
2012-01-24,22.39,31.16
2012-01-25,22.18,31.07
2012-01-26,22.78,31.06
2012-01-27,22.99,31.07
2012-01-30,22.55,30.7
2012-01-31,22.57,30.661
2012-02-01,23.18,31.3677
2012-02-02,23.15,31.44
2012-02-03,23.88,32.39
2012-02-06,23.89,32.3
2012-02-07,24.28,32.24
2012-02-08,24.32,32.05
2012-02-09,24.44,32.099
2012-02-10,24.1,31.753
2012-02-13,24.36,31.99
2012-02-14,23.95,31.76
2012-02-15,23.85,31.69
2012-02-16,24.73,31.89
2012-02-17,24.7,32.56
2012-02-21,24.8,32.47
2012-02-22,24.76,32.289
2012-02-23,24.95,32.572
2012-02-24,24.88,32.608
2012-02-27,24.77,32.69
2012-02-28,24.96,32.9
2012-02-29,24.77,32.74
2012-03-01,24.88,33.11
2012-03-02,24.77,32.75
2012-03-05,24.42,32.5
2012-03-06,23.88,31.73
2012-03-07,24.26,32.23
2012-03-08,24.6,32.53
2012-03-09,24.87,32.96
2012-03-12,25.06,32.79
2012-03-13,25.99,33.9111
2012-03-14,25.97,33.81
2012-03-15,26.37,34.47
2012-03-16,26.14,34.26
2012-03-19,26.3,34.52
2012-03-20,26.06,34.45
2012-03-21,26.38,34.41
2012-03-22,25.78,33.89
2012-03-23,26.29,34.24
2012-03-26,26.84,34.78
2012-03-27,26.47,34.47
2012-03-28,26.31,34.18
2012-03-29,26.13,33.8
2012-03-30,26.67,34.01
2012-04-02,26.77,34.32
2012-04-03,26.59,34.3
2012-04-04,25.98,33.64
2012-04-05,26.02,33.54
2012-04-09,25.19,32.89
2012-04-10,24.45,32.01
2012-04-11,24.81,32.32
2012-04-12,25.37,33.02
2012-04-13,24.71,32.09
2012-04-16,24.68,32.19
2012-04-17,25.07,32.68
2012-04-18,24.5,32.32
2012-04-19,24.29,32.24
2012-04-20,24.18,32.25
2012-04-23,23.72,31.91
2012-04-24,24.03,32.0529
2012-04-25,24.45,32.57
2012-04-26,25.06,32.92
2012-04-27,25.1,33.03
2012-04-30,24.84,32.92
2012-05-01,25.18,32.94
2012-05-02,24.75,32.58
2012-05-03,24.34,32.13
2012-05-04,23.7,31.69
2012-05-07,23.63,31.75
2012-05-08,23.42,31.54
2012-05-09,23.23,31.27
2012-05-10,22.74,31.23
2012-05-11,23.25,31.13
2012-05-14,22.56,30.55
2012-05-15,22.49,30.33
2012-05-16,22.06,30.0
2012-05-17,21.61,29.48
2012-05-18,21.13,29.0
2012-05-21,21.48,29.54
2012-05-22,21.36,29.56
2012-05-23,21.63,29.67
2012-05-24,21.6,29.79
2012-05-25,21.54,29.79
2012-05-29,21.96,30.27
2012-05-30,21.55,29.75
2012-05-31,21.75,29.83
2012-06-01,20.85,28.79
2012-06-04,20.79,28.5
2012-06-05,21.54,28.8748
2012-06-06,22.46,29.82
2012-06-07,22.48,30.171
2012-06-08,22.82,30.11
2012-06-11,22.35,29.71
2012-06-12,21.97,29.92
2012-06-13,21.66,29.79
2012-06-14,21.91,30.09
2012-06-15,22.03,30.3
2012-06-18,21.79,30.19
2012-06-19,22.36,30.77
2012-06-20,22.2,30.7
2012-06-21,21.52,29.92
2012-06-22,21.72,30.21
2012-06-25,21.18,29.42
2012-06-26,21.49,29.6
2012-06-27,21.62,29.98
2012-06-28,21.81,30.1
2012-06-29,22.6,30.95
2012-07-02,22.56,31.25
2012-07-03,22.88,31.48
2012-07-05,22.26,31.19
2012-07-06,22.14,30.86
2012-07-09,21.88,30.57
2012-07-10,22.03,30.46
2012-07-11,22.19,30.44
2012-07-12,21.87,30.14
2012-07-13,22.65,30.87
2012-07-16,22.11,30.85
2012-07-17,22.13,30.88
2012-07-18,22.32,30.86
2012-07-19,22.34,30.52
2012-07-20,21.54,29.91
2012-07-23,21.21,29.58
2012-07-24,20.69,29.25
2012-07-25,20.49,29.33
2012-07-26,20.91,29.71
2012-07-27,22.12,30.47
2012-07-30,22.27,30.44
2012-07-31,22.13,30.24
2012-08-01,21.9,29.77
2012-08-02,21.71,29.19
2012-08-03,22.61,30.23
2012-08-06,22.52,30.25
2012-08-07,23.11,30.8452
2012-08-08,23.11,30.7
2012-08-09,23.59,30.921
2012-08-10,23.7,30.96
2012-08-13,23.74,30.98
2012-08-14,23.63,30.92
2012-08-15,23.79,31.07
2012-08-16,24.06,31.38
2012-08-17,24.04,31.46
2012-08-20,23.8,31.5
2012-08-21,23.89,31.61
2012-08-22,23.92,31.53
2012-08-23,23.66,31.24
2012-08-24,23.8,31.41
2012-08-27,23.65,31.23
2012-08-28,23.83,31.48
2012-08-29,23.7,31.61
2012-08-30,23.49,31.42
2012-08-31,23.68,31.58
2012-09-04,23.82,31.85
2012-09-05,23.85,31.84
2012-09-06,24.77,32.59
2012-09-07,25.01,32.93
2012-09-10,24.6,32.8
2012-09-11,24.79,32.92
2012-09-12,24.98,33.18
2012-09-13,25.65,33.77
2012-09-14,25.82,34.14
2012-09-17,25.85,33.89
2012-09-18,25.71,33.681
2012-09-19,25.58,33.61
2012-09-20,25.46,33.28
2012-09-21,25.39,33.21
2012-09-24,25.35,32.98
2012-09-25,24.86,32.3
2012-09-26,24.6,32.0965
2012-09-27,25.1,32.47
2012-09-28,24.99,32.34
2012-10-01,25.11,32.531
2012-10-02,25.07,32.45
2012-10-03,25.37,32.51
2012-10-04,25.68,32.88
2012-10-05,25.51,33.27
2012-10-08,25.49,32.873
2012-10-09,25.18,32.6334
2012-10-10,24.97,32.47
2012-10-11,25.01,32.66
2012-10-12,24.71,32.21
2012-10-15,24.74,32.5
2012-10-16,25.02,32.95
2012-10-17,25.3,33.565
2012-10-18,25.19,33.34
2012-10-19,24.63,32.74
2012-10-22,24.53,32.553
2012-10-23,24.06,32.24
2012-10-24,24.08,32.33
2012-10-25,24.19,32.59
2012-10-26,24.25,32.67
2012-10-31,24.32,32.809
2012-11-01,24.74,33.45
2012-11-02,24.4,33.11
2012-11-05,24.47,33.3104
2012-11-06,24.67,33.54
2012-11-07,23.9,32.43
2012-11-08,23.75,32.25
2012-11-09,23.9,32.201
2012-11-12,24.07,32.361
2012-11-13,23.94,32.12
2012-11-14,23.32,31.29
2012-11-15,23.21,31.64
2012-11-16,23.4,31.69
2012-11-19,24.04,32.52
2012-11-20,24.25,32.68
2012-11-21,24.32,32.66
2012-11-23,24.83,32.882
2012-11-26,24.77,32.978
2012-11-27,24.74,32.97
2012-11-28,24.78,33.1499
2012-11-29,25.03,33.23
2012-11-30,24.99,33.13
2012-12-03,24.75,33.2
2012-12-04,24.6,33.01
2012-12-05,24.46,33.1835
2012-12-06,24.77,33.23
2012-12-07,24.86,33.3466
2012-12-10,24.85,33.21
2012-12-11,24.97,33.642
2012-12-12,25.42,33.6725
2012-12-13,25.25,33.52
2012-12-14,25.46,33.56
2012-12-17,25.78,34.29
2012-12-18,26.3,34.78
2012-12-19,26.08,34.942
2012-12-20,26.34,35.11
2012-12-21,26.23,34.2
2012-12-24,26.26,34.11
2012-12-26,26.15,33.93
2012-12-27,25.97,33.69
2012-12-28,25.78,33.61
2012-12-31,26.09,34.11
2013-01-02,26.96,35.1301
2013-01-03,27.01,35.1399
2013-01-04,27.56,35.732
2013-01-07,27.48,35.7848
2013-01-08,27.23,35.56
2013-01-09,27.37,35.73
2013-01-10,27.56,36.08
2013-01-11,27.74,36.26
2013-01-14,27.34,36.17
2013-01-15,27.53,36.26
2013-01-16,27.23,36.12
2013-01-17,27.48,36.4799
2013-01-18,27.66,36.86
2013-01-22,27.89,37.27
2013-01-23,27.59,37.17
2013-01-24,27.77,37.16
2013-01-25,28.2,37.44
2013-01-28,27.99,37.44
2013-01-29,28.33,37.8
2013-01-30,28.28,37.79
2013-01-31,27.25,37.94
2013-02-01,27.77,38.31
2013-02-04,27.28,37.964
2013-02-05,27.59,38.3899
2013-02-06,27.5,38.54
2013-02-07,27.34,38.44
2013-02-08,27.31,38.65
2013-02-11,27.43,38.74
2013-02-12,27.71,39.0134
2013-02-13,27.63,39.16
2013-02-14,27.78,39.47
2013-02-15,27.36,39.42
2013-02-19,27.66,39.78
2013-02-20,27.16,38.9868
2013-02-21,26.3,38.19
2013-02-22,26.59,38.8
2013-02-25,25.93,37.94
2013-02-26,25.64,38.0
2013-02-27,26.44,38.59
2013-02-28,26.79,38.52
2013-03-01,26.83,38.39
2013-03-04,27.46,38.75
2013-03-05,27.7,39.24
2013-03-06,27.78,39.4726
2013-03-07,27.94,39.72
2013-03-08,28.11,39.96
2013-03-11,28.25,40.15
2013-03-12,28.12,39.93
2013-03-13,28.45,40.3
2013-03-14,28.83,40.43
2013-03-15,29.13,40.18
2013-03-18,28.91,39.7359
2013-03-19,28.35,39.18
2013-03-20,28.6,39.64
2013-03-21,28.27,39.0599
2013-03-22,28.39,39.04
2013-03-25,28.32,38.9
2013-03-26,28.74,39.12
2013-03-27,28.65,39.0919
2013-03-28,28.96,39.27
2013-04-01,28.37,38.67
2013-04-02,28.83,38.96
2013-04-03,28.14,37.9431
2013-04-04,28.69,38.15
2013-04-05,28.37,37.94
2013-04-08,28.76,38.38
2013-04-09,28.88,38.52
2013-04-10,29.88,39.4
2013-04-11,30.18,39.49
2013-04-12,30.13,39.14
2013-04-15,28.95,37.87
2013-04-16,29.51,38.3
2013-04-17,28.68,37.49
2013-04-18,28.32,36.86
2013-04-19,28.89,37.34
2013-04-22,29.2,37.58
2013-04-23,29.69,38.3
2013-04-24,29.68,38.31
2013-04-25,29.7,38.39
2013-04-26,29.55,38.3
2013-04-29,29.71,38.66
2013-04-30,31.74,39.1
2013-05-01,31.44,38.2
2013-05-02,31.8,38.72
2013-05-03,32.46,39.37
2013-05-06,32.58,39.67
2013-05-07,32.61,39.839
2013-05-08,33.0,40.21
2013-05-09,32.97,40.12
2013-05-10,34.11,40.35
2013-05-13,34.04,40.62
2013-05-14,34.48,41.49
2013-05-15,34.6,41.71
2013-05-16,34.3,41.87
2013-05-17,34.59,42.29
2013-05-20,34.6,42.3552
2013-05-21,34.44,42.26
2013-05-22,34.04,41.52
2013-05-23,33.54,41.26
2013-05-24,33.56,41.23
2013-05-28,34.49,42.14
2013-05-29,34.17,41.9636
2013-05-30,34.64,42.36
2013-05-31,33.74,41.7
2013-06-03,33.46,41.33
2013-06-04,33.3,41.23
2013-06-05,32.58,40.15
2013-06-06,33.14,40.84
2013-06-07,34.44,41.74
2013-06-10,34.26,41.789
2013-06-11,33.62,40.98
2013-06-12,33.16,40.42
2013-06-13,34.01,41.35
2013-06-14,33.52,40.89
2013-06-17,34.35,41.7
2013-06-18,34.54,41.99
2013-06-19,34.01,41.35
2013-06-20,32.8,39.99
2013-06-21,32.81,39.53
2013-06-24,31.3,38.61
2013-06-25,31.5,39.34
2013-06-26,31.92,39.55
2013-06-27,32.51,40.292
2013-06-28,31.8,39.96
2013-07-01,31.75,40.25
2013-07-02,31.49,40.19
2013-07-03,31.45,39.97
2013-07-05,31.92,40.7
2013-07-08,31.93,40.97
2013-07-09,32.05,41.43
2013-07-10,31.34,41.4
2013-07-11,32.07,41.89
2013-07-12,31.75,42.14
2013-07-15,32.13,42.54
2013-07-16,31.94,42.03
2013-07-17,31.82,42.11
2013-07-18,32.52,42.75
2013-07-19,32.49,42.78
2013-07-22,33.0,43.14
2013-07-23,32.98,43.33
2013-07-24,32.69,42.88
2013-07-25,32.8,43.33
2013-07-26,32.85,43.35
2013-07-29,32.23,42.89
2013-07-30,32.24,43.1
2013-07-31,32.19,43.26
2013-08-01,33.04,44.12
2013-08-02,33.1,44.14
2013-08-05,33.12,44.07
2013-08-06,33.01,43.59
2013-08-07,32.67,43.23
2013-08-08,32.6,43.35
2013-08-09,32.57,43.37
2013-08-12,32.3,43.02
2013-08-13,33.12,43.3801
2013-08-14,32.88,43.206
2013-08-15,32.11,42.4
2013-08-16,32.04,42.44
2013-08-19,31.2,41.81
2013-08-20,31.46,42.36
2013-08-21,31.09,42.02
2013-08-22,31.6,42.61
2013-08-23,31.57,42.63
2013-08-26,31.23,42.55
2013-08-27,30.32,41.29
2013-08-28,30.49,41.33
2013-08-29,30.86,41.78
2013-08-30,30.36,41.24
2013-09-03,30.59,41.53
2013-09-04,30.99,42.21
2013-09-05,30.76,42.3
2013-09-06,30.45,42.49
2013-09-09,30.83,42.93
2013-09-10,31.37,43.69
2013-09-11,31.23,43.51
2013-09-12,31.05,43.23
2013-09-13,31.06,43.4059
2013-09-16,31.61,43.81
2013-09-17,31.67,44.2
2013-09-18,32.55,44.26
2013-09-19,32.63,44.13
2013-09-20,32.63,43.54
2013-09-23,32.48,43.15
2013-09-24,32.2,43.05
2013-09-25,32.06,43.09
2013-09-26,32.23,43.04
2013-09-27,32.09,42.98
2013-09-30,31.9,42.7
2013-10-01,32.22,43.1052
2013-10-02,32.36,42.6945
2013-10-03,32.04,42.35
2013-10-04,32.38,42.78
2013-10-07,31.92,42.17
2013-10-08,31.5,41.33
2013-10-09,32.16,41.63
2013-10-10,33.92,42.79
2013-10-11,34.35,43.2
2013-10-14,34.65,43.4
2013-10-15,32.42,43.18
2013-10-16,32.07,43.7703
2013-10-17,32.46,44.39
2013-10-18,32.77,44.89
2013-10-21,32.53,44.82
2013-10-22,32.5,44.85
2013-10-23,32.46,44.76
2013-10-24,32.65,45.24
2013-10-25,32.87,45.59
2013-10-28,32.75,45.58
2013-10-29,33.36,45.94
2013-10-30,32.91,45.68
2013-10-31,33.75,45.41
2013-11-01,33.84,45.3601
2013-11-04,33.36,45.57
2013-11-05,32.91,45.52
2013-11-06,33.06,45.9
2013-11-07,32.37,44.96
2013-11-08,33.32,46.14
2013-11-11,33.57,46.36
2013-11-12,33.21,46.03
2013-11-13,33.28,46.52
2013-11-14,34.07,46.73
2013-11-15,33.84,46.85
2013-11-18,33.71,46.9247
2013-11-19,33.6,46.57
2013-11-20,33.48,46.7
2013-11-21,33.78,47.43
2013-11-22,33.9,47.76
2013-11-25,34.26,47.85
2013-11-26,34.52,47.93
2013-11-27,35.03,48.04
2013-11-29,34.85,48.1399
2013-12-02,35.14,47.86
2013-12-03,34.99,47.5
2013-12-04,34.92,47.56
2013-12-05,34.39,47.25
2013-12-06,35.46,47.99
2013-12-09,35.67,48.18
2013-12-10,35.38,47.99
2013-12-11,34.64,47.34
2013-12-12,34.39,47.33
2013-12-13,34.58,47.51
2013-12-16,35.07,48.3
2013-12-17,34.47,48.13
2013-12-18,35.36,49.47
2013-12-19,35.25,49.15
2013-12-20,35.83,49.48
2013-12-23,36.25,49.89
2013-12-24,36.43,49.97
2013-12-26,36.55,50.1
2013-12-27,36.49,49.91
2013-12-30,36.35,49.78
2013-12-31,36.4,50.1
2014-01-02,35.87,49.54
2014-01-03,36.12,50.02
2014-01-06,36.37,49.94
2014-01-07,36.69,50.33
2014-01-08,36.53,50.23
2014-01-09,36.04,50.2699
2014-01-10,35.85,50.18
2014-01-13,35.05,49.35
2014-01-14,35.22,49.86
2014-01-15,35.46,50.61
2014-01-16,35.2,50.61
2014-01-17,35.01,50.5
2014-01-21,35.04,50.82
2014-01-22,35.85,51.22
2014-01-23,34.99,50.21
2014-01-24,33.48,48.45
2014-01-27,33.08,47.43
2014-01-28,33.43,48.19
2014-01-29,33.05,47.25
2014-01-30,33.5,47.87
2014-01-31,33.25,47.28
2014-02-03,31.89,45.43
2014-02-04,32.46,46.27
2014-02-05,31.77,45.77
2014-02-06,32.75,46.32
2014-02-07,32.88,46.99
2014-02-10,34.1,47.2878
2014-02-11,34.35,47.67
2014-02-12,34.35,47.95
2014-02-13,34.53,48.34
2014-02-14,34.36,48.05
2014-02-18,34.14,48.57
2014-02-19,33.82,47.81
2014-02-20,33.69,48.13
2014-02-21,33.54,48.09
2014-02-24,33.83,48.67
2014-02-25,33.34,48.07
2014-02-26,33.11,47.87
2014-02-27,34.12,48.2936
2014-02-28,34.3,48.4
2014-03-03,33.35,47.76
2014-03-04,34.45,49.06
2014-03-05,34.42,49.035
2014-03-06,34.38,49.27
2014-03-07,34.52,49.329
2014-03-10,34.86,49.39
2014-03-11,34.75,48.8524
2014-03-12,35.58,48.89
2014-03-13,34.81,48.3401
2014-03-14,34.53,48.08
2014-03-17,34.9,48.68
2014-03-18,35.09,49.075
2014-03-19,34.92,48.81
2014-03-20,36.25,49.94
2014-03-21,36.15,49.3
2014-03-24,36.19,49.18
2014-03-25,36.24,48.951
2014-03-26,36.28,48.63
2014-03-27,36.13,48.0499
2014-03-28,36.44,48.18
2014-03-31,37.0,49.02
2014-04-01,37.46,49.486
2014-04-02,37.68,49.879
2014-04-03,36.65,49.17
2014-04-04,35.65,47.6
2014-04-07,34.63,46.53
2014-04-08,35.13,46.71
2014-04-09,35.55,47.25
2014-04-10,34.72,45.9201
2014-04-11,34.09,45.03
2014-04-14,34.41,45.3101
2014-04-15,34.63,45.64
2014-04-16,35.18,46.45
2014-04-17,35.22,46.85
2014-04-21,35.34,46.8
2014-04-22,35.71,47.51
2014-04-23,35.77,47.57
2014-04-24,35.38,47.38
2014-04-25,34.88,46.58
2014-04-28,34.79,46.06
2014-04-29,35.22,46.7
2014-04-30,35.21,47.2
2014-05-01,36.02,47.18
2014-05-02,35.96,47.32
2014-05-05,35.78,47.15
2014-05-06,35.26,46.27
2014-05-07,35.72,46.81
2014-05-08,35.52,46.82
2014-05-09,35.85,46.76
2014-05-12,36.17,47.85
2014-05-13,36.04,47.49
2014-05-14,35.58,46.8
2014-05-15,34.62,45.58
2014-05-16,34.69,45.62
2014-05-19,35.12,46.2
2014-05-20,34.94,45.48
2014-05-21,35.3,46.18
2014-05-22,35.42,46.54
2014-05-23,35.67,46.78
2014-05-27,36.05,47.17
2014-05-28,35.94,46.93
2014-05-29,36.63,47.04
2014-05-30,36.7,46.92
2014-06-02,36.81,47.01
2014-06-03,37.08,47.16
2014-06-04,37.27,47.61
2014-06-05,37.66,48.12
2014-06-06,38.18,48.67
2014-06-09,38.2,48.9
2014-06-10,37.97,48.53
2014-06-11,37.87,48.09
2014-06-12,37.68,47.89
2014-06-13,37.24,47.89
2014-06-16,37.07,47.9
2014-06-17,37.35,48.84
2014-06-18,37.31,49.15
2014-06-19,37.2,48.86
2014-06-20,37.24,49.17
2014-06-23,37.55,49.24
2014-06-24,37.08,48.6
2014-06-25,37.49,48.93
2014-06-26,37.32,48.7
2014-06-27,37.74,48.91
2014-06-30,37.75,49.23
2014-07-01,38.35,49.48
2014-07-02,38.21,49.2
2014-07-03,38.66,49.75
2014-07-07,38.7,49.29
2014-07-08,38.09,48.4899
2014-07-09,38.36,48.38
2014-07-10,37.74,47.86
2014-07-11,37.96,47.94
2014-07-14,38.1,48.166
2014-07-15,38.08,48.14
2014-07-16,38.23,48.08
2014-07-17,37.63,47.686
2014-07-18,38.05,48.21
2014-07-21,38.09,48.07
2014-07-22,38.73,48.44
2014-07-23,38.61,48.54
2014-07-24,38.55,48.899
2014-07-25,38.41,48.44
2014-07-28,38.43,48.47
2014-07-29,38.19,48.96
2014-07-30,38.38,48.95
2014-07-31,37.63,47.645
2014-08-01,37.82,47.21
2014-08-04,38.27,47.23
2014-08-05,37.54,46.83
2014-08-06,38.06,47.237
2014-08-07,37.81,46.81
2014-08-08,37.85,47.35
2014-08-11,38.37,47.59
2014-08-12,38.72,47.42
2014-08-13,38.82,47.68
2014-08-14,39.26,47.77
2014-08-15,38.92,47.61
2014-08-18,39.49,48.226
2014-08-19,39.56,48.19
2014-08-20,40.09,48.54
2014-08-21,40.38,48.83
2014-08-22,40.0,48.964
2014-08-25,40.61,49.45
2014-08-26,41.07,49.94
2014-08-27,40.78,49.39
2014-08-28,40.58,49.2
2014-08-29,40.84,49.452
2014-09-02,40.96,49.76
2014-09-03,40.72,49.6352
2014-09-04,40.65,49.239
2014-09-05,40.97,49.228
2014-09-08,40.96,49.41
2014-09-09,40.33,48.87
2014-09-10,40.47,49.23
2014-09-11,40.73,49.238
2014-09-12,40.8,49.35
2014-09-15,40.41,48.88
2014-09-16,40.61,49.05
2014-09-17,40.85,49.482
2014-09-18,41.25,49.94
2014-09-19,40.99,49.152
2014-09-22,40.63,48.46
2014-09-23,40.27,48.12
2014-09-24,40.53,48.32
2014-09-25,39.65,47.71
2014-09-26,40.2,48.69
2014-09-29,39.6,48.265
2014-09-30,39.48,48.0
2014-10-01,38.83,47.19
2014-10-02,39.0,47.5
2014-10-03,39.63,47.9439
2014-10-06,39.57,47.789
2014-10-07,38.56,46.63
2014-10-08,38.9,47.52
2014-10-09,37.57,46.03
2014-10-10,37.0,45.206
2014-10-13,36.06,44.873
2014-10-14,35.73,44.509
2014-10-15,35.56,44.66
2014-10-16,35.85,45.04
2014-10-17,36.69,45.46
2014-10-20,36.7,45.628
2014-10-21,37.78,46.66
2014-10-22,37.12,45.92
2014-10-23,37.8,46.6
2014-10-24,38.06,46.96
2014-10-27,37.94,46.8999
2014-10-28,39.1,47.6
2014-10-29,38.84,47.85
2014-10-30,39.68,47.9
2014-10-31,40.47,48.94
2014-11-03,40.17,48.8
2014-11-04,40.15,48.6999
2014-11-05,40.43,49.11
2014-11-06,40.95,49.1099
2014-11-07,41.28,49.08
2014-11-10,41.17,49.2
2014-11-11,41.05,49.34
2014-11-12,40.86,49.51
2014-11-13,40.69,49.53
2014-11-14,40.15,49.27
2014-11-17,39.81,48.91
2014-11-18,39.8,49.18
2014-11-19,39.46,48.9299
2014-11-20,39.9,49.02
2014-11-21,40.26,49.3
2014-11-24,40.47,49.54
2014-11-25,40.43,49.71
2014-11-26,40.46,49.642
2014-11-28,40.36,49.49
2014-12-01,40.29,48.97
2014-12-02,40.5,49.36
2014-12-03,40.44,49.9
2014-12-04,40.46,49.88
2014-12-05,41.15,50.59
2014-12-08,41.06,50.748
2014-12-09,41.09,50.8201
2014-12-10,40.26,49.73
2014-12-11,40.02,49.8
2014-12-12,38.56,48.42
2014-12-15,38.58,48.15
2014-12-16,38.17,47.64
2014-12-17,39.24,49.4139
2014-12-18,40.46,50.39
2014-12-19,40.17,50.5
2014-12-22,40.25,50.4
2014-12-23,40.53,50.97
2014-12-24,40.37,51.0437
2014-12-26,40.32,51.11
2014-12-29,40.35,51.0
2014-12-30,39.96,50.91
2014-12-31,39.52,50.86
2015-01-02,39.14,50.46
2015-01-05,38.0,49.18
2015-01-06,37.21,48.07
2015-01-07,37.7,48.74
2015-01-08,38.36,49.25
2015-01-09,37.65,48.82
2015-01-12,37.43,48.13
2015-01-13,37.33,48.16
2015-01-14,36.55,47.3402
2015-01-15,35.93,46.75
2015-01-16,36.34,46.39
2015-01-20,35.98,46.4296
2015-01-21,36.31,46.69
2015-01-22,37.32,48.15
2015-01-23,37.03,47.96
2015-01-26,37.4,48.37
2015-01-27,37.13,47.88
2015-01-28,36.34,46.87
2015-01-29,37.77,47.196
2015-01-30,36.73,46.53
2015-02-02,37.42,47.34
2015-02-03,38.67,48.34
2015-02-04,38.46,48.13
2015-02-05,38.93,49.01
2015-02-06,38.85,49.53
2015-02-09,38.75,49.1601
2015-02-10,39.37,49.59
2015-02-11,39.37,49.5
2015-02-12,39.58,50.0199
2015-02-13,39.52,50.37
2015-02-17,39.51,50.77
2015-02-18,39.18,50.24
2015-02-19,39.18,50.51
2015-02-20,40.03,50.8899
2015-02-23,39.74,50.54
2015-02-24,40.2,51.14
2015-02-25,40.19,50.95
2015-02-26,40.33,50.72
2015-02-27,40.27,50.09
2015-03-02,40.46,50.54
2015-03-03,40.27,50.23
2015-03-04,40.34,49.975
2015-03-05,40.61,50.35
2015-03-06,40.14,50.3
2015-03-09,40.4,50.34
2015-03-10,39.45,49.63
2015-03-11,39.79,50.03
2015-03-12,40.59,50.952
2015-03-13,40.37,50.344
2015-03-16,41.37,51.298
2015-03-17,41.03,51.22
2015-03-18,41.78,51.02
2015-03-19,41.09,50.57
2015-03-20,41.85,51.33
2015-03-23,41.38,51.29
2015-03-24,40.93,51.0614
2015-03-25,40.08,50.13
2015-03-26,39.91,50.25
2015-03-27,39.68,49.93
2015-03-30,40.0,50.516
2015-03-31,39.69,50.31
2015-04-01,39.78,50.36
2015-04-02,39.87,50.56
2015-04-06,40.14,50.59
2015-04-07,39.76,50.16
2015-04-08,40.04,50.52
2015-04-09,40.2,50.65
2015-04-10,40.0,50.2899
2015-04-13,40.27,50.7445
2015-04-14,40.3,50.28
2015-04-15,40.57,50.671
2015-04-16,40.5,50.82
2015-04-17,39.88,50.02
2015-04-20,40.31,50.4964
2015-04-21,40.06,50.56
2015-04-22,40.39,50.98
2015-04-23,40.81,51.14
2015-04-24,40.82,50.9517
2015-04-27,40.52,50.84
2015-04-28,41.11,51.02
2015-04-29,40.74,50.8
2015-04-30,41.42,50.55
2015-05-01,41.61,50.39
2015-05-04,41.73,50.87
2015-05-05,41.11,50.27
2015-05-06,40.72,49.9
2015-05-07,41.01,50.373
2015-05-08,41.43,50.6
2015-05-11,41.28,50.561
2015-05-12,40.82,50.1988
2015-05-13,40.3,50.1556
2015-05-14,40.99,50.5999
2015-05-15,40.54,50.25
2015-05-18,40.68,50.9068
2015-05-19,40.37,50.82
2015-05-20,40.91,50.82
2015-05-21,40.62,50.7855
2015-05-22,40.52,50.63
2015-05-26,39.99,50.3399
2015-05-27,40.39,50.91
2015-05-28,40.34,50.9996
2015-05-29,39.83,50.695
2015-06-01,39.87,50.62
2015-06-02,39.86,50.95
2015-06-03,39.83,51.65
2015-06-04,39.18,51.22
2015-06-05,39.2,51.83
2015-06-08,39.33,51.7672
2015-06-09,39.0,51.4899
2015-06-10,39.12,52.1199
2015-06-11,39.36,52.26
2015-06-12,39.47,51.99
2015-06-15,39.42,51.83
2015-06-16,39.54,52.1199
2015-06-17,39.23,52.16
2015-06-18,39.5,52.38
2015-06-19,38.9,52.09
2015-06-22,38.93,52.42
2015-06-23,39.15,52.48
2015-06-24,38.85,51.98
2015-06-25,38.54,51.8
2015-06-26,38.56,51.99
2015-06-29,37.4,50.39
2015-06-30,37.49,50.76
2015-07-01,37.81,50.91
2015-07-02,37.62,50.9
2015-07-06,37.26,50.43
2015-07-07,37.15,50.47
2015-07-08,36.22,49.27
2015-07-09,36.45,49.5891
2015-07-10,36.93,50.24
2015-07-13,37.49,50.9201
2015-07-14,38.0,51.03
2015-07-15,37.95,51.1068
2015-07-16,38.6,51.64
2015-07-17,38.49,51.42
2015-07-20,38.34,51.327
2015-07-21,38.42,51.0618
2015-07-22,38.5,51.11
2015-07-23,38.0,50.76
2015-07-24,37.48,50.02
2015-07-27,36.94,49.39
2015-07-28,37.27,49.7404
2015-07-29,37.71,50.22
2015-07-30,38.99,50.29
2015-07-31,38.6,50.496
2015-08-03,38.55,50.4699
2015-08-04,38.41,50.56
2015-08-05,38.73,50.28
2015-08-06,38.6,49.62
2015-08-07,38.21,49.42
2015-08-10,38.87,50.27
2015-08-11,38.33,49.44
2015-08-12,37.84,48.87
2015-08-13,37.46,49.0497
2015-08-14,37.51,49.2532
2015-08-17,37.66,49.35
2015-08-18,37.22,49.1601
2015-08-19,36.66,48.55
2015-08-20,35.89,47.07
2015-08-21,34.6,45.6994
2015-08-24,32.88,43.72
2015-08-25,32.04,43.46
2015-08-26,33.19,44.11
2015-08-27,34.56,44.95
2015-08-28,34.61,45.1896
2015-08-31,34.11,45.02
2015-09-01,32.91,43.26
2015-09-02,32.96,43.53
2015-09-03,32.9,43.66
2015-09-04,31.95,43.13
2015-09-08,32.92,44.21
2015-09-09,32.53,43.72
2015-09-10,32.74,43.75
2015-09-11,32.88,43.7
2015-09-14,32.66,43.57
2015-09-15,33.26,44.18
2015-09-16,33.71,44.7063
2015-09-17,33.47,44.31
2015-09-18,32.49,42.85
2015-09-21,32.85,43.34
2015-09-22,32.08,42.7416
2015-09-23,31.89,42.69
2015-09-24,31.95,42.3699
2015-09-25,32.02,42.64
2015-09-28,30.92,41.04
2015-09-29,30.82,40.8
2015-09-30,31.23,41.48
2015-10-01,31.48,41.33
2015-10-02,31.55,41.31
2015-10-05,32.5,42.56
2015-10-06,32.5,42.24
2015-10-07,33.0,42.91
2015-10-08,33.14,42.93
2015-10-09,32.88,42.71
2015-10-12,32.63,42.55
2015-10-13,31.46,41.96
2015-10-14,31.12,41.55
2015-10-15,32.0,42.79
2015-10-16,32.4,43.17
2015-10-19,31.75,42.81
2015-10-20,31.9,43.1
2015-10-21,31.46,42.3448
2015-10-22,32.98,43.5
2015-10-23,33.9,44.2405
2015-10-26,33.71,44.03
2015-10-27,33.27,43.3091
2015-10-28,34.35,44.95
2015-10-29,33.49,44.52
2015-10-30,33.17,44.495
2015-11-02,33.46,45.59
2015-11-03,33.67,45.88
2015-11-04,33.54,45.55
2015-11-05,33.89,46.0121
2015-11-06,34.1,46.92
2015-11-09,33.44,46.09
2015-11-10,32.97,45.8
2015-11-11,33.31,45.87
2015-11-12,32.48,45.28
2015-11-13,31.72,44.57
2015-11-16,32.18,45.13
2015-11-17,32.16,45.0
2015-11-18,33.06,46.05
2015-11-19,33.19,46.04
2015-11-20,33.2,46.2
2015-11-23,33.08,46.13
2015-11-24,33.19,46.17
2015-11-25,33.59,46.56
2015-11-27,33.6,46.685
2015-11-30,33.69,46.668
2015-12-01,33.9,46.933
2015-12-02,33.61,46.4298
2015-12-03,33.17,45.5
2015-12-04,33.83,46.43
2015-12-07,33.56,45.68
2015-12-08,32.85,45.14
2015-12-09,32.37,44.3
2015-12-10,32.79,44.68
2015-12-11,31.42,42.82
2015-12-14,30.39,42.23
2015-12-15,31.34,43.34
2015-12-16,31.9,44.1
2015-12-17,31.19,43.39
2015-12-18,30.74,42.19
2015-12-21,31.65,42.51
2015-12-22,31.73,43.02
2015-12-23,33.12,43.801
2015-12-24,32.92,43.77
2015-12-28,32.96,43.72
2015-12-29,33.57,44.08
2015-12-30,33.38,43.61
2015-12-31,33.48,43.6
2016-01-04,33.19,42.47
2016-01-05,33.1,42.24
2016-01-06,32.53,41.04
2016-01-07,31.51,39.4399
2016-01-08,30.13,38.67
2016-01-11,29.93,38.6
2016-01-12,29.8,38.66
2016-01-13,29.09,36.946
2016-01-14,29.63,37.71
2016-01-15,28.76,36.54
2016-01-19,28.82,36.52
2016-01-20,28.21,36.0356
2016-01-21,28.43,35.66
2016-01-22,29.48,36.82
2016-01-25,28.65,35.72
2016-01-26,29.18,36.44
2016-01-27,28.98,35.96
2016-01-28,28.55,35.81
2016-01-29,29.93,36.6801
2016-02-01,29.12,36.49
2016-02-02,27.79,34.91
2016-02-03,27.57,34.85
2016-02-04,27.96,35.66
2016-02-05,27.08,35.06
2016-02-08,25.78,33.91
2016-02-09,25.65,33.79
2016-02-10,26.31,34.18
2016-02-11,25.38,33.0
2016-02-12,26.5,33.7415
2016-02-16,26.7,34.86
2016-02-17,27.45,35.65
2016-02-18,27.04,35.2601
2016-02-19,26.3,35.13
2016-02-22,27.18,35.652
2016-02-23,26.34,35.08
2016-02-24,26.17,34.74
2016-02-25,26.88,35.43
2016-02-26,27.1,36.25
2016-02-29,26.74,36.0101
2016-03-01,27.88,37.3301
2016-03-02,28.22,37.5932
2016-03-03,28.6,38.1816
2016-03-04,29.09,38.63
2016-03-07,29.01,38.58
2016-03-08,28.2,37.77
2016-03-09,28.19,37.67
2016-03-10,28.33,37.53
2016-03-11,30.0,38.91
2016-03-14,29.96,38.73
2016-03-15,29.6,37.94
2016-03-16,30.13,38.22
2016-03-17,30.92,39.16
2016-03-18,31.01,39.36
2016-03-21,30.97,39.3401
2016-03-22,30.82,39.18
2016-03-23,30.4,38.53
2016-03-24,30.33,38.2
2016-03-28,30.49,38.15
2016-03-29,30.87,38.73
2016-03-30,31.26,39.12
2016-03-31,30.77,38.94
2016-04-01,31.38,39.28
2016-04-04,31.09,38.67
2016-04-05,30.69,37.9075
2016-04-06,30.76,38.2499
2016-04-07,29.6,36.89
2016-04-08,29.6,36.96
2016-04-11,29.62,37.3399
2016-04-12,30.08,38.05
2016-04-13,31.22,39.75
2016-04-14,31.31,39.89
2016-04-15,31.24,39.54
2016-04-18,31.53,39.79
2016-04-19,31.79,40.1501
2016-04-20,32.38,40.9199
2016-04-21,32.31,41.02
2016-04-22,32.36,41.42
2016-04-25,31.82,40.92
2016-04-26,32.43,41.15
2016-04-27,32.73,41.25
2016-04-28,31.49,40.13
2016-04-29,31.01,39.83
2016-05-02,31.06,40.06
2016-05-03,30.13,39.09
2016-05-04,29.72,38.48
2016-05-05,29.47,38.38
2016-05-06,29.66,38.51
2016-05-09,29.54,38.58
2016-05-10,29.99,39.4901
2016-05-11,29.05,38.8601
2016-05-12,29.06,38.85
2016-05-13,28.38,38.17
2016-05-16,28.45,38.44
2016-05-17,28.41,38.3
2016-05-18,28.99,39.274
2016-05-19,28.79,38.69
2016-05-20,29.54,39.32
2016-05-23,29.87,39.39
2016-05-24,30.73,40.38
2016-05-25,31.37,40.97
2016-05-26,31.1,40.73
2016-05-27,31.45,41.2
2016-05-31,31.4,41.27
2016-06-01,31.31,41.22
2016-06-02,30.83,41.18
2016-06-03,30.41,40.33
2016-06-06,30.61,41.0
2016-06-07,29.85,40.68
2016-06-08,29.59,40.6
2016-06-09,29.07,39.95
2016-06-10,28.42,38.99
2016-06-13,27.95,38.66
2016-06-14,27.4,37.87
2016-06-15,27.4,38.1
2016-06-16,27.51,38.0401
2016-06-17,27.73,37.9111
2016-06-20,28.63,38.43
2016-06-21,28.65,38.37
2016-06-22,28.77,38.41
2016-06-23,29.62,39.52
2016-06-24,25.57,36.26
2016-06-27,23.16,34.01
2016-06-28,23.99,34.4848
2016-06-29,24.85,35.4387
2016-06-30,25.54,36.16
2016-07-01,25.33,35.98
2016-07-05,24.77,35.05
2016-07-06,24.99,35.28
2016-07-07,25.16,35.58
2016-07-08,25.63,36.48
2016-07-11,25.82,36.9388
2016-07-12,26.86,38.05
2016-07-13,26.68,37.79
2016-07-14,27.16,38.36
2016-07-15,27.42,38.5324
2016-07-18,27.68,38.8333
2016-07-19,27.6,38.61
2016-07-20,28.01,38.94
2016-07-21,28.11,38.74
2016-07-22,28.45,39.031
2016-07-25,28.41,38.866
2016-07-26,28.37,38.97
2016-07-27,28.61,39.1499
2016-07-28,28.92,39.235
2016-07-29,29.18,39.2199
2016-08-01,29.04,38.99
2016-08-02,28.27,38.295
2016-08-03,29.02,39.054
2016-08-04,28.92,39.1367
2016-08-05,29.55,40.1673
2016-08-08,29.7,40.1247
2016-08-09,29.48,39.9501
2016-08-10,29.39,39.77
2016-08-11,29.7,40.0499
2016-08-12,29.76,39.7748
2016-08-15,29.93,40.34
2016-08-16,29.73,40.2166
2016-08-17,29.95,40.1667
2016-08-18,30.17,40.3166
2016-08-19,30.29,40.39
2016-08-22,30.28,40.23
2016-08-23,30.6,40.5757
2016-08-24,30.68,40.4264
2016-08-25,30.74,40.3178
2016-08-26,30.88,40.6186
2016-08-29,30.96,40.87
2016-08-30,31.19,41.3
2016-08-31,31.19,41.1948
2016-09-01,31.1,40.8
2016-09-02,31.48,41.14
2016-09-06,31.33,40.9042
2016-09-07,31.47,41.21
2016-09-08,31.49,41.36
2016-09-09,30.78,40.56
2016-09-12,31.61,41.25
2016-09-13,30.51,40.39
2016-09-14,30.32,40.253
2016-09-15,30.7,41.06
2016-09-16,30.18,40.428
2016-09-19,30.3,40.57
2016-09-20,30.48,40.47
2016-09-21,30.84,40.84
2016-09-22,31.1,41.075
2016-09-23,30.54,40.8788
2016-09-26,30.28,39.97
2016-09-27,30.71,40.07
2016-09-28,30.98,40.21
2016-09-29,30.44,39.91
2016-09-30,31.27,40.51
2016-10-03,31.46,40.49
2016-10-04,31.39,40.4587
2016-10-05,31.97,41.1001
2016-10-06,31.83,41.0367
2016-10-07,31.13,40.8399
2016-10-10,31.25,40.9196
2016-10-11,30.54,40.28
2016-10-12,30.8,40.24
2016-10-13,30.31,39.79
2016-10-14,29.91,40.01
2016-10-17,29.57,39.608
2016-10-18,29.59,39.905
2016-10-19,29.75,40.22
2016-10-20,29.82,40.006
2016-10-21,29.83,40.105
2016-10-24,30.1,40.235
2016-10-25,29.58,39.88
2016-10-26,29.7,39.8696
2016-10-27,29.09,39.55
2016-10-28,28.54,39.39
2016-10-31,28.09,39.27
2016-11-01,28.04,39.02
2016-11-02,27.67,38.55
2016-11-03,27.85,38.8
2016-11-04,27.86,39.04
2016-11-07,28.48,39.62
2016-11-08,28.4,39.59
2016-11-09,30.09,41.507
2016-11-10,31.0,42.6208
2016-11-11,31.2,42.882
2016-11-14,31.97,43.7
2016-11-15,32.31,43.8679
2016-11-16,31.78,43.6865
2016-11-17,31.9,44.17
2016-11-18,31.52,44.3192
2016-11-21,31.78,44.53
2016-11-22,31.73,44.5568
2016-11-23,31.67,44.919
2016-11-25,31.66,44.8894
2016-11-28,31.23,44.36
2016-11-29,30.94,44.3708
2016-11-30,31.31,44.77
2016-12-01,31.62,45.26
2016-12-02,31.42,44.8129
2016-12-05,31.72,45.2347
2016-12-06,32.24,45.5766
2016-12-07,32.73,46.36
2016-12-08,33.16,46.9672
2016-12-09,32.79,46.8682
2016-12-12,32.31,46.29
2016-12-13,31.74,46.2275
2016-12-14,31.52,45.85
2016-12-15,31.65,46.0
2016-12-16,31.4,45.27
2016-12-19,31.4,45.3099
2016-12-20,31.83,45.93
2016-12-21,31.44,45.73
2016-12-22,31.05,45.25
2016-12-23,30.86,45.32
2016-12-27,31.16,45.51
2016-12-28,30.35,44.925
2016-12-29,30.1,44.82
2016-12-30,30.34,44.88
2017-01-03,30.93,45.397
2017-01-04,31.77,46.5
2017-01-05,31.52,46.1
2017-01-06,31.53,46.41
2017-01-09,30.85,45.8
2017-01-10,30.67,45.9005
2017-01-11,31.11,45.95
2017-01-12,31.05,45.76
2017-01-13,31.1,46.0452
2017-01-17,30.55,45.1775
2017-01-18,30.55,45.417
2017-01-19,30.17,45.3281
2017-01-20,30.52,45.54
2017-01-23,30.46,45.53
2017-01-24,30.85,46.1705
2017-01-25,31.09,46.438
2017-01-26,30.0,46.1901
2017-01-27,29.51,45.88
2017-01-30,29.22,45.9
2017-01-31,28.92,45.945
2017-02-01,29.59,46.19
2017-02-02,29.55,45.7999
2017-02-03,30.9,46.6
2017-02-06,30.46,46.59
2017-02-07,30.43,46.64
2017-02-08,30.52,46.2889
2017-02-09,31.5,46.92
2017-02-10,31.84,47.1012
2017-02-13,32.11,47.4701
2017-02-14,32.0,47.709
2017-02-15,32.71,48.2177
2017-02-16,32.55,47.95
2017-02-17,32.54,48.07
2017-02-21,33.15,48.36
2017-02-22,33.35,48.3545
2017-02-23,33.0,48.29
2017-02-24,32.66,48.085
2017-02-27,32.65,48.312
2017-02-28,32.19,47.71
2017-03-01,32.45,48.66
2017-03-02,32.38,48.0
2017-03-03,32.33,48.0264
2017-03-06,32.19,47.68
2017-03-07,31.96,47.45
2017-03-08,32.21,47.45
2017-03-09,32.26,47.48
2017-03-10,31.79,47.52
2017-03-13,31.67,47.667
2017-03-14,31.58,47.42
2017-03-15,32.5,47.94
2017-03-16,32.68,48.3908
2017-03-17,31.23,47.4
2017-03-20,31.09,47.1
2017-03-21,30.28,46.018
2017-03-22,30.1,45.83
2017-03-23,30.22,45.9359
2017-03-24,30.1,45.8079
2017-03-27,30.0,45.4374
2017-03-28,30.77,46.2293
2017-03-29,30.59,46.0583
2017-03-30,30.72,46.7099
2017-03-31,30.63,46.736
2017-04-03,30.59,46.35
2017-04-04,30.49,46.0808
2017-04-05,30.28,46.25
2017-04-06,30.59,46.0666
2017-04-07,30.37,46.01
2017-04-10,30.75,45.826
2017-04-11,30.81,45.7453
2017-04-12,30.48,45.567
2017-04-13,30.03,45.28
2017-04-17,30.73,45.5074
2017-04-18,30.64,45.7958
2017-04-19,31.01,45.9578
2017-04-20,31.52,46.5201
2017-04-21,31.28,46.3496
2017-04-24,32.03,47.03
2017-04-25,32.17,47.1
2017-04-26,32.44,47.215
2017-04-27,33.12,47.074
2017-04-28,32.94,46.9019
2017-05-01,32.69,46.8209
2017-05-02,32.61,46.77
2017-05-03,32.67,46.96
2017-05-04,32.41,46.9477
2017-05-05,32.38,46.7411
2017-05-08,32.35,46.69
2017-05-09,32.56,46.81
2017-05-10,32.39,47.0328
2017-05-11,32.15,46.6312
2017-05-12,32.12,46.5092
2017-05-15,32.22,46.9329
2017-05-16,32.18,46.995
2017-05-17,30.66,45.7326
2017-05-18,31.24,45.88
2017-05-19,31.62,46.2
2017-05-22,31.85,46.3796
2017-05-23,31.25,46.3784
2017-05-24,31.18,46.2211
2017-05-25,31.95,46.68
2017-05-26,32.0,46.664
2017-05-30,31.62,46.3553
2017-05-31,31.7,46.05
2017-06-01,32.92,47.134
2017-06-02,32.93,47.2305
2017-06-05,33.34,47.3643
2017-06-06,33.41,47.17
2017-06-07,33.41,47.399
2017-06-08,33.88,47.8
2017-06-09,34.32,48.43
2017-06-12,34.45,48.699
2017-06-13,34.49,49.0666
2017-06-14,34.68,49.085
2017-06-15,34.58,49.03
2017-06-16,34.61,48.581
2017-06-19,35.4,49.2172
2017-06-20,35.07,48.9636
2017-06-21,34.8,48.4204
2017-06-22,34.99,48.43
2017-06-23,34.97,48.2005
2017-06-26,35.01,48.4807
2017-06-27,34.77,48.84
2017-06-28,35.31,49.3458
2017-06-29,35.0,49.1338
2017-06-30,35.19,49.2001
2017-07-03,35.51,49.65
2017-07-05,35.5,49.7
2017-07-06,35.16,49.212
2017-07-07,35.92,49.65
2017-07-10,36.47,49.95
2017-07-11,35.72,49.64
2017-07-12,36.11,49.87
2017-07-13,35.9,50.35
2017-07-14,36.11,50.274
2017-07-17,36.17,50.13
2017-07-18,35.94,50.14
2017-07-19,36.2,50.48
2017-07-20,36.14,50.6577
2017-07-21,36.05,50.5783
2017-07-24,36.27,50.7872
2017-07-25,36.53,51.6
2017-07-26,36.44,51.46
2017-07-27,34.6,50.5874
2017-07-28,34.36,50.6265
2017-07-31,34.77,51.01
2017-08-01,35.2,51.1599
2017-08-02,34.63,50.4
2017-08-03,34.53,50.38
2017-08-04,34.57,50.4944
2017-08-07,34.76,50.5
2017-08-08,34.61,50.42
2017-08-09,34.57,50.16
2017-08-10,33.54,49.24
2017-08-11,33.99,49.2799
2017-08-14,34.0,49.9505
2017-08-15,33.82,50.015
2017-08-16,33.66,49.785
2017-08-17,32.77,48.8387
2017-08-18,32.86,48.7605
2017-08-21,32.88,48.59
2017-08-22,33.25,49.2699
2017-08-23,32.87,49.255
2017-08-24,32.58,49.3112
2017-08-25,32.77,49.4411
2017-08-28,32.45,49.2306
2017-08-29,32.23,48.98
2017-08-30,32.44,49.3298
2017-08-31,32.78,49.61
2017-09-01,33.12,49.87
2017-09-05,32.26,48.758
2017-09-06,32.05,48.604
2017-09-07,31.75,48.13
2017-09-08,31.69,48.39
2017-09-11,32.1,49.1124
2017-09-12,32.51,49.592
2017-09-13,32.73,49.5201
2017-09-14,32.79,49.6899
2017-09-15,33.08,49.43
2017-09-18,33.44,49.86
2017-09-19,33.51,50.08
2017-09-20,33.45,50.3461
2017-09-21,33.56,50.4687
2017-09-22,34.2,50.73
2017-09-25,34.23,50.7305
2017-09-26,34.09,51.0695
2017-09-27,34.4,51.96
2017-09-28,34.28,52.125
2017-09-29,35.04,52.39
2017-10-02,35.53,52.789
2017-10-03,35.76,53.2192
2017-10-04,35.59,53.2654
2017-10-05,35.8,53.62
2017-10-06,35.77,53.385
2017-10-09,35.73,53.33
2017-10-10,36.08,53.5
2017-10-11,36.29,53.5197
2017-10-12,36.29,53.65
2017-10-13,36.15,53.6274
2017-10-16,36.32,53.6142
2017-10-17,36.19,53.2245
2017-10-18,36.79,53.7821
2017-10-19,36.88,53.4967
2017-10-20,37.34,54.05
2017-10-23,37.26,53.711
2017-10-24,37.41,53.98
2017-10-25,36.84,53.45
2017-10-26,37.15,53.9
2017-10-27,36.89,53.75
2017-10-30,36.04,53.29
2017-10-31,35.79,53.37
2017-11-01,35.76,53.32
2017-11-02,36.16,53.85
2017-11-03,36.05,53.28
2017-11-06,35.87,53.52
2017-11-07,35.61,53.049
2017-11-08,35.69,53.3376
2017-11-09,35.5,53.1543
2017-11-10,35.15,53.24
2017-11-13,34.52,53.3349
2017-11-14,34.47,53.3701
2017-11-15,34.48,53.32
2017-11-16,34.57,53.6566
2017-11-17,34.98,53.7044
2017-11-20,35.46,54.308
2017-11-21,35.63,54.8355
2017-11-22,35.23,54.7345
2017-11-24,35.09,54.63
2017-11-27,35.2,54.71
2017-11-28,36.0,55.53
2017-11-29,36.1,56.27
2017-11-30,36.17,56.64
2017-12-01,36.21,56.72
2017-12-04,36.88,57.63
2017-12-05,36.63,57.0848
2017-12-06,37.09,57.01
2017-12-07,37.34,57.33
2017-12-08,37.67,57.7701
2017-12-11,37.39,57.42
2017-12-12,37.17,57.86
2017-12-13,36.96,57.35
2017-12-14,36.29,56.85
2017-12-15,36.56,57.34
2017-12-18,36.81,57.75
2017-12-19,36.61,57.56
2017-12-20,36.52,57.56
2017-12-21,36.61,57.94
2017-12-22,36.64,57.9099
2017-12-26,36.6,57.79
2017-12-27,36.54,57.6295
2017-12-28,36.77,57.9
2017-12-29,36.54,57.94
2018-01-02,36.35,57.45
2018-01-03,36.53,57.79
2018-01-04,36.83,58.38
2018-01-05,37.28,58.78
2018-01-08,36.84,59.0
2018-01-09,37.2,59.46
2018-01-10,36.82,59.53
2018-01-11,37.3,60.01
2018-01-12,37.86,60.6726
2018-01-16,37.2,60.1161
2018-01-17,38.08,60.66
2018-01-18,37.86,60.282
2018-01-19,38.13,61.01
2018-01-22,37.87,61.18
2018-01-23,37.61,61.2276
2018-01-24,37.61,61.349
2018-01-25,37.59,60.765
2018-01-26,38.4,61.56
2018-01-29,37.48,60.98
2018-01-30,36.68,60.09
2018-01-31,36.13,59.94
2018-02-01,36.03,60.82
2018-02-02,35.16,59.25
2018-02-05,33.17,56.85
2018-02-06,33.61,57.7789
2018-02-07,33.46,57.88
2018-02-08,31.92,55.93
2018-02-09,32.44,56.3339
2018-02-12,32.52,57.5802
2018-02-13,32.51,57.68
2018-02-14,33.17,59.04
2018-02-15,33.19,59.14
2018-02-16,33.92,59.6021
2018-02-20,33.21,59.34
2018-02-21,33.22,59.33
2018-02-22,32.94,58.69
2018-02-23,33.19,59.67
2018-02-26,33.84,60.35
2018-02-27,33.02,60.17
2018-02-28,32.54,60.3002
2018-03-01,31.81,58.51
2018-03-02,32.21,58.7286
2018-03-05,32.67,59.85
2018-03-06,33.12,60.45
2018-03-07,33.34,60.41
2018-03-08,33.9,60.81
2018-03-09,34.52,62.39
2018-03-12,34.52,62.28
2018-03-13,34.11,61.62
2018-03-14,33.27,61.07
2018-03-15,32.92,60.791
2018-03-16,33.2,61.1586
2018-03-19,32.64,60.26
2018-03-20,32.53,60.696
2018-03-21,32.94,61.0865
2018-03-22,31.45,58.5494
2018-03-23,30.72,56.92
2018-03-26,32.13,58.801
2018-03-27,31.36,57.4211
2018-03-28,31.48,57.5594
2018-03-29,32.01,58.309
2018-04-02,30.84,57.16
2018-04-03,31.31,57.7
2018-04-04,31.72,58.44
2018-04-05,31.78,58.6892
2018-04-06,30.7,57.2754
2018-04-09,30.65,57.5525
2018-04-10,31.27,58.2274
2018-04-11,30.6,57.63
2018-04-12,30.82,58.47
2018-04-13,30.53,57.76
2018-04-16,30.85,58.52
2018-04-17,31.13,58.9738
2018-04-18,31.11,58.93
2018-04-19,31.22,59.2571
2018-04-20,31.06,59.03
2018-04-23,31.0,58.855
2018-04-24,30.65,58.272
2018-04-25,30.74,58.633
2018-04-26,29.85,59.015
2018-04-27,29.59,58.75
2018-04-30,28.97,59.0723
2018-05-01,28.44,58.3589
2018-05-02,28.14,58.2
2018-05-03,27.96,57.8352
2018-05-04,28.39,58.674
2018-05-07,28.47,59.1987
2018-05-08,28.14,59.5589
2018-05-09,27.98,60.2211
2018-05-10,28.14,60.65
2018-05-11,28.2,60.539
2018-05-14,28.55,60.471
2018-05-15,28.41,60.5203
2018-05-16,28.51,61.08
2018-05-17,28.65,61.1489
2018-05-18,28.63,61.0816
2018-05-21,28.61,61.5588
2018-05-22,28.8,61.61
2018-05-23,28.43,61.06
2018-05-24,28.29,61.02
2018-05-25,28.25,60.881
2018-05-29,27.08,59.36
2018-05-30,27.48,60.325
2018-05-31,27.32,59.8179
2018-06-01,27.72,60.29
2018-06-04,27.5,60.5
2018-06-05,27.46,60.5689
2018-06-06,27.83,61.485
2018-06-07,27.76,61.5467
2018-06-08,27.93,61.84
2018-06-11,27.93,61.9248
2018-06-12,27.96,61.4291
2018-06-13,27.26,61.616
2018-06-14,27.21,61.3791
2018-06-15,27.51,60.905
2018-06-18,26.82,60.8558
2018-06-19,26.98,60.805
2018-06-20,27.14,61.01
2018-06-21,27.03,60.3512
2018-06-22,27.63,60.4
2018-06-25,27.39,59.38
2018-06-26,27.15,58.94
2018-06-27,26.51,58.2111
2018-06-28,26.59,58.05
2018-06-29,26.56,58.0301
2018-07-02,26.79,58.0264
2018-07-03,26.45,58.1069
2018-07-05,26.54,57.76
2018-07-06,26.44,58.1585
2018-07-09,27.04,59.21
2018-07-10,27.23,59.1341
2018-07-11,26.64,58.83
2018-07-12,26.04,58.7945
2018-07-13,25.62,58.5809
2018-07-16,25.5,58.8551
2018-07-17,25.46,59.3483
2018-07-18,26.13,60.1566
2018-07-19,25.69,59.5206
2018-07-20,25.46,59.2128
2018-07-23,26.02,59.77
2018-07-24,26.23,59.6837
2018-07-25,26.36,59.7933
2018-07-26,25.72,59.9099
2018-07-27,25.97,59.2502
2018-07-30,27.36,58.9496
2018-07-31,26.99,59.2724
2018-08-01,25.82,58.33
2018-08-02,24.96,58.14
2018-08-03,25.15,57.99
2018-08-06,25.31,58.3535
2018-08-07,25.44,58.7399
2018-08-08,25.6,58.64
2018-08-09,25.49,58.3361
2018-08-10,24.7,57.79
2018-08-13,24.79,57.52
2018-08-14,24.99,58.13
2018-08-15,24.2,57.58
2018-08-16,24.59,58.13
2018-08-17,24.48,58.14
2018-08-20,24.6,58.44
2018-08-21,24.79,58.59
2018-08-22,24.63,58.486
2018-08-23,24.29,58.148
2018-08-24,24.14,58.438
2018-08-27,24.74,59.0
2018-08-28,24.71,58.97
2018-08-29,24.7,59.0
2018-08-30,24.26,58.5591
2018-08-31,24.1,58.6835
2018-09-04,23.98,58.6316
2018-09-05,24.6,58.38
2018-09-06,24.22,57.8691
2018-09-07,24.05,57.5205
2018-09-10,24.35,57.75
2018-09-11,23.99,57.8866
2018-09-12,24.05,57.4988
2018-09-13,23.36,57.4412
2018-09-14,23.75,58.1285
2018-09-17,23.71,57.377
2018-09-18,23.68,57.58
2018-09-19,24.29,58.385
2018-09-20,24.41,58.7693
2018-09-21,24.31,58.67
2018-09-24,23.69,57.804
2018-09-25,22.97,57.4
2018-09-26,22.98,56.8
2018-09-27,23.06,56.6
2018-09-28,22.88,56.26
2018-10-01,23.01,56.1733
2018-10-02,22.98,55.8384
2018-10-03,23.06,56.3882
2018-10-04,23.22,56.39
2018-10-05,23.24,56.332
2018-10-08,22.41,55.98
2018-10-09,21.8,55.64
2018-10-10,21.14,53.88
2018-10-11,20.07,52.71
2018-10-12,19.94,52.1125
2018-10-15,20.42,53.207
2018-10-16,20.54,53.82
2018-10-17,20.94,54.0306
2018-10-18,21.26,52.95
2018-10-19,21.98,53.03
2018-10-22,21.11,52.33
2018-10-23,21.17,51.53
2018-10-24,21.08,50.13
2018-10-25,21.54,51.2283
2018-10-26,21.05,50.721
2018-10-29,21.24,50.2279
2018-10-30,21.92,51.6
2018-10-31,21.71,52.28
2018-11-01,21.98,52.44
2018-11-02,21.62,52.42
2018-11-05,21.72,52.65
2018-11-06,21.7,53.03
2018-11-07,21.59,54.07
2018-11-08,21.78,54.22
2018-11-09,20.88,53.4835
2018-11-12,20.48,52.685
2018-11-13,19.85,52.4816
2018-11-14,19.71,51.7845
2018-11-15,20.06,52.65
2018-11-16,20.07,53.08
2018-11-19,20.11,52.5513
2018-11-20,19.88,51.671
2018-11-21,20.13,52.25
2018-11-23,20.26,52.3938
2018-11-26,20.75,53.1351
2018-11-27,20.47,52.75
2018-11-28,20.68,53.4045
2018-11-29,20.25,53.05
2018-11-30,20.35,53.3
2018-12-03,20.65,53.5997
2018-12-04,19.53,51.43
2018-12-06,18.87,50.9417
2018-12-07,18.52,50.13
2018-12-10,17.95,49.76
2018-12-11,17.4,49.5118
2018-12-12,17.64,50.09
2018-12-13,17.24,49.5537
2018-12-14,16.95,48.7664
2018-12-17,17.0,48.0814
2018-12-18,16.97,47.85
2018-12-19,16.42,47.0175
2018-12-20,16.29,46.48
2018-12-21,16.0,45.8182
2018-12-24,15.71,44.8405
2018-12-26,16.48,46.6729
2018-12-27,16.71,47.0514
2018-12-28,16.55,47.2785
2018-12-31,16.74,47.77
2019-01-02,16.84,47.9687
2019-01-03,16.43,47.0
2019-01-04,17.26,48.7117
2019-01-07,17.47,48.8267
2019-01-08,17.28,49.1335
2019-01-09,17.32,49.5
2019-01-10,17.55,49.695
2019-01-11,17.38,49.55
2019-01-14,17.55,49.6412
2019-01-15,17.8,50.1621
2019-01-16,18.31,51.5077
2019-01-17,18.46,51.5727
2019-01-18,18.84,52.4838
2019-01-22,18.71,51.6622
2019-01-23,18.61,51.6331
2019-01-24,18.78,51.7864
2019-01-25,19.02,52.279
2019-01-28,19.42,52.31
2019-01-29,19.06,51.8318
2019-01-30,18.59,51.6666
2019-01-31,18.22,51.934
2019-02-01,18.36,52.342
2019-02-04,18.58,52.6478
2019-02-05,18.72,53.04
2019-02-06,18.58,52.8894
2019-02-07,18.37,52.7428
2019-02-08,18.0,52.4211
2019-02-11,18.19,52.7855
2019-02-12,18.57,53.3634
2019-02-13,18.47,53.5203
2019-02-14,18.27,53.0766
2019-02-15,18.86,53.9137
2019-02-19,18.91,54.2475
2019-02-20,19.04,54.4953
2019-02-21,18.83,54.2314
2019-02-22,19.05,54.7166
2019-02-25,18.98,54.7089
2019-02-26,19.05,54.8116
2019-02-27,19.3,54.9735
2019-02-28,19.35,54.8291
2019-03-01,19.51,55.3981
2019-03-04,19.45,54.8179
2019-03-05,19.47,54.6201
2019-03-06,19.22,53.8948
2019-03-07,18.66,52.9253
2019-03-08,18.64,52.7845
2019-03-11,18.97,53.4603
2019-03-12,18.97,53.6399
2019-03-13,19.33,53.9915
2019-03-14,19.35,53.9959
2019-03-15,19.78,54.1936
2019-03-18,20.24,54.5624
2019-03-19,19.94,54.29
2019-03-20,19.73,53.4158
2019-03-21,19.79,53.63
2019-03-22,19.06,52.0121
2019-03-25,18.78,51.943
2019-03-26,19.28,52.7388
2019-03-27,19.32,52.6264
2019-03-28,19.37,53.0436
2019-03-29,19.31,53.2007
2019-04-01,19.97,54.5827
2019-04-02,19.85,54.67
2019-04-03,20.12,54.8302
2019-04-04,20.19,55.2186
2019-04-05,20.49,55.4842
2019-04-08,20.52,55.44
2019-04-09,20.3,54.7945
2019-04-10,20.79,55.3509
2019-04-11,20.85,55.5381
2019-04-12,21.32,56.35
2019-04-15,21.07,56.1529
2019-04-16,21.53,57.0138
2019-04-17,21.66,56.887
2019-04-18,21.53,56.89
2019-04-22,21.38,56.69
2019-04-23,21.62,57.2605
2019-04-24,21.54,57.26
2019-04-25,21.94,57.2085
2019-04-26,21.77,57.31
2019-04-29,21.89,57.6249
2019-04-30,21.97,57.3939
2019-05-01,21.78,56.9343
2019-05-02,21.2,56.78
2019-05-03,21.92,57.5522
2019-05-06,21.63,57.3776
2019-05-07,21.32,56.2928
2019-05-08,21.25,56.07
2019-05-09,20.81,55.91
2019-05-10,21.34,56.08
2019-05-13,19.82,54.1751
2019-05-14,20.38,54.82
2019-05-15,20.59,54.6559
2019-05-16,20.68,55.1509
2019-05-17,20.44,54.5952
2019-05-20,20.65,54.5273
2019-05-21,20.88,55.2003
2019-05-22,20.75,54.87
2019-05-23,20.22,54.0
2019-05-24,20.42,54.5077
2019-05-28,20.11,53.9431
2019-05-29,20.42,53.9554
2019-05-30,20.38,53.64
2019-05-31,19.54,52.6662
2019-06-03,19.99,52.8038
2019-06-04,20.7,54.3784
2019-06-05,20.62,54.71
2019-06-06,20.76,55.0819
2019-06-07,20.58,55.3749
2019-06-10,20.48,55.7603
2019-06-11,20.61,55.4197
2019-06-12,20.47,55.1544
2019-06-13,20.59,55.1682
2019-06-14,20.64,55.1135
2019-06-17,20.15,54.4785
2019-06-18,20.35,55.1391
2019-06-19,20.34,55.1746
2019-06-20,20.74,55.6489
2019-06-21,20.59,55.504
2019-06-24,20.46,54.5746
2019-06-25,20.01,54.11
2019-06-26,20.1,54.2367
2019-06-27,20.36,54.98
2019-06-28,20.46,55.48
2019-07-01,20.54,55.81
2019-07-02,20.54,55.7766
2019-07-03,20.82,56.37
2019-07-05,20.97,56.64
2019-07-08,20.59,55.73
2019-07-09,20.63,56.1606
2019-07-10,20.43,56.1338
2019-07-11,19.8,56.5127
2019-07-12,20.13,57.0628
2019-07-15,20.12,56.7494
2019-07-16,19.9,56.837
2019-07-17,19.45,56.3224
2019-07-18,19.67,56.8455
2019-07-19,19.77,56.9131
2019-07-22,19.52,56.7415
2019-07-23,19.67,57.205
2019-07-24,20.06,57.74
2019-07-25,19.53,57.36
2019-07-26,19.61,57.96
2019-07-29,19.33,57.3733
2019-07-30,19.37,57.32
2019-07-31,19.19,56.9271
2019-08-01,18.02,55.57
2019-08-02,17.84,55.25
2019-08-05,17.17,53.34
2019-08-06,17.23,54.1613
2019-08-07,16.85,53.68
2019-08-08,17.07,54.3113
2019-08-09,16.37,53.72
2019-08-12,16.06,52.604
2019-08-13,16.16,53.3782
2019-08-14,15.32,51.67
2019-08-15,15.2,51.79
2019-08-16,15.65,52.8026
2019-08-19,15.71,53.4069
2019-08-20,15.45,52.99
2019-08-21,15.57,53.4771
2019-08-22,15.9,53.6769
2019-08-23,15.62,52.1344
2019-08-26,15.68,52.4658
2019-08-27,15.31,52.25
2019-08-28,15.43,52.77
2019-08-29,15.62,53.6124
2019-08-30,15.7,53.9183
2019-09-03,15.53,53.1787
2019-09-04,15.6,53.7749
2019-09-05,16.05,55.0188
2019-09-06,15.98,55.1053
2019-09-09,16.41,55.7635
2019-09-10,17.04,56.024
2019-09-11,17.57,56.8314
2019-09-12,17.26,57.1028
2019-09-13,17.4,57.1886
2019-09-16,17.23,57.0368
2019-09-17,17.04,57.0818
2019-09-18,16.94,57.0794
2019-09-19,17.05,56.896
2019-09-20,16.87,56.38
2019-09-23,17.0,56.1185
2019-09-24,16.71,55.2314
2019-09-25,16.95,55.8665
2019-09-26,16.86,55.1837
2019-09-27,17.02,54.6974
2019-09-30,16.94,54.7495
2019-10-01,16.26,52.8153
2019-10-02,15.71,51.67
2019-10-03,15.77,51.6
2019-10-04,15.89,52.3557
2019-10-07,15.73,52.2264
2019-10-08,15.38,51.2934
2019-10-09,15.39,51.828
2019-10-10,15.35,52.2543
2019-10-11,15.84,53.2229
2019-10-14,15.71,53.13
2019-10-15,15.79,53.7144
2019-10-16,15.65,53.4711
2019-10-17,15.63,53.9231
2019-10-18,15.89,54.1561
2019-10-21,16.15,54.64
2019-10-22,16.03,54.1927
2019-10-23,17.28,54.6206
2019-10-24,16.94,54.5431
2019-10-25,17.05,54.7099
2019-10-28,17.34,55.5921
2019-10-29,17.05,55.854
2019-10-30,16.88,55.8844
2019-10-31,16.82,55.6973
2019-11-01,17.21,56.4645
2019-11-04,17.78,57.278
2019-11-05,18.12,57.3323
2019-11-06,18.04,57.2428
2019-11-07,18.18,57.5443
2019-11-08,17.82,57.4831
2019-11-11,17.64,57.4777
2019-11-12,17.6,57.6076
2019-11-13,17.42,57.36
2019-11-14,17.28,57.44
2019-11-15,17.45,57.8297
2019-11-18,17.37,57.8722
2019-11-19,17.52,58.3116
2019-11-20,17.19,58.3369
2019-11-21,17.07,58.18
2019-11-22,17.33,58.5922
2019-11-25,17.75,59.64
2019-11-26,17.55,59.332
2019-11-27,17.7,59.5313
2019-11-29,17.56,59.3456
2019-12-02,17.29,58.85
2019-12-03,16.69,58.29
2019-12-04,16.76,58.7549
2019-12-05,16.61,58.9983
2019-12-06,16.79,59.56
2019-12-09,16.66,59.3228
2019-12-10,16.85,58.9586
2019-12-11,17.09,59.007
2019-12-12,17.71,59.7321
2019-12-13,17.62,59.455
2019-12-16,17.9,59.78
2019-12-17,18.22,60.0
2019-12-18,18.36,59.79
2019-12-19,18.43,60.16
2019-12-20,17.98,60.0
2019-12-23,18.18,59.4178
2019-12-24,17.79,59.5149
2019-12-26,17.93,59.65
2019-12-27,17.83,59.5432
2019-12-30,17.93,59.3303
2019-12-31,17.98,59.27
2020-01-02,17.99,59.7792
2020-01-03,17.67,59.2963
2020-01-06,17.79,59.39
2020-01-07,17.76,59.4907
2020-01-08,17.82,59.851
2020-01-09,18.01,60.2489
2020-01-10,17.7,59.9382
2020-01-13,18.06,60.6607
2020-01-14,17.9,60.4
2020-01-15,18.0,60.5401
2020-01-16,18.26,61.4449
2020-01-17,18.32,61.4716
2020-01-21,18.31,61.2996
2020-01-22,18.51,61.5046
2020-01-23,18.47,61.3889
2020-01-24,18.17,60.583
2020-01-27,17.7,59.7715
2020-01-28,17.97,60.4012
2020-01-29,17.63,60.7536
2020-01-30,17.63,61.5
2020-01-31,17.3,60.5432
2020-02-03,17.28,61.0956
2020-02-04,17.85,62.1956
2020-02-05,18.39,62.8893
2020-02-06,18.2,62.925
2020-02-07,18.22,62.4299
2020-02-10,18.58,62.7599
2020-02-11,18.89,63.33
2020-02-12,18.58,63.5736
2020-02-13,18.01,63.3419
2020-02-14,17.78,63.2891
2020-02-18,17.62,63.6678
2020-02-19,17.69,64.4794
2020-02-20,18.03,64.6789
2020-02-21,17.48,63.5844
2020-02-24,16.78,61.5872
2020-02-25,15.86,59.5312
2020-02-26,15.46,59.3615
2020-02-27,14.6,57.2122
2020-02-28,14.4,55.3728
2020-03-02,14.78,58.0265
2020-03-03,14.29,56.5615
2020-03-04,14.62,57.7034
2020-03-05,13.42,55.071
2020-03-06,13.12,53.7834
2020-03-09,11.59,49.3466
2020-03-10,12.47,51.2039
2020-03-11,11.16,48.4447
2020-03-12,9.45,43.4966
2020-03-13,10.8,47.3381
2020-03-16,8.75,43.115
2020-03-17,10.18,44.4586
2020-03-18,9.83,39.9846
2020-03-19,9.84,42.08
2020-03-20,8.55,40.318
2020-03-23,7.61,37.9184
2020-03-24,8.52,41.8568
2020-03-25,8.98,43.4846
2020-03-26,9.81,46.32
2020-03-27,9.37,45.0572
2020-03-30,9.56,46.2339
2020-03-31,9.08,45.44
2020-04-01,8.01,43.5362
2020-04-02,8.22,44.61
2020-04-03,7.81,44.12
2020-04-06,8.96,47.1
2020-04-07,9.14,47.25
2020-04-08,9.47,48.5516
2020-04-09,9.86,50.0869
2020-04-13,9.57,48.5731
2020-04-14,9.81,49.2242
2020-04-15,8.96,47.9172
2020-04-16,8.71,48.1956
2020-04-17,9.07,49.4665
2020-04-20,9.09,48.9862
2020-04-21,8.93,47.8422
2020-04-22,9.18,48.462
2020-04-23,7.24,48.1137
2020-04-24,7.8,48.4536
2020-04-27,7.95,50.7938
2020-04-28,8.51,51.2903
2020-04-29,8.62,52.7867
2020-04-30,8.62,51.9487
2020-05-01,7.99,50.3846
2020-05-04,8.09,50.5446
2020-05-05,7.86,50.8929
2020-05-06,7.62,50.3185
2020-05-07,7.67,51.5454
2020-05-08,7.98,52.5429
2020-05-11,7.82,52.6792
2020-05-12,7.24,51.005
2020-05-13,6.77,49.6964
2020-05-14,6.99,50.38
2020-05-15,6.7,50.452
2020-05-18,7.29,52.701
2020-05-19,7.24,51.4883
2020-05-20,7.37,52.2815
2020-05-21,7.35,52.1025
2020-05-22,7.27,52.2158
2020-05-26,8.09,54.113
2020-05-27,8.37,55.608
2020-05-28,8.13,54.9997
2020-05-29,7.97,54.9698
2020-06-01,8.22,55.8492
2020-06-02,8.37,56.1797
2020-06-03,9.15,57.7929
2020-06-04,9.56,58.121
2020-06-05,10.41,59.3968
2020-06-08,11.55,60.2105
2020-06-09,11.14,59.8638
2020-06-10,10.32,58.6449
2020-06-11,9.82,54.77
2020-06-12,10.34,55.9617
2020-06-15,10.74,56.6795
2020-06-16,11.14,57.4675
2020-06-17,11.22,57.5732
2020-06-18,11.33,57.48
2020-06-19,11.09,57.2475
2020-06-22,11.33,56.8575
2020-06-23,11.41,56.8568
2020-06-24,10.72,54.956
2020-06-25,10.73,56.155
2020-06-26,10.0,53.885
2020-06-29,10.39,54.8018
2020-06-30,10.76,56.1526
2020-07-01,10.26,55.6881
2020-07-02,10.55,55.8596
2020-07-06,10.76,56.8134
2020-07-07,10.34,55.9387
2020-07-08,10.6,56.9392
2020-07-09,10.04,55.5849
2020-07-10,10.53,56.8975
2020-07-13,10.62,56.649
2020-07-14,10.49,57.11
2020-07-15,10.93,58.6657
2020-07-16,10.73,58.2902
2020-07-17,10.49,58.5565
2020-07-20,10.29,58.61
2020-07-21,10.74,59.4341
2020-07-22,10.53,59.0885
2020-07-23,10.68,58.615
2020-07-24,10.44,58.0793
2020-07-27,10.71,58.5519
2020-07-28,10.37,57.7478
2020-07-29,10.6,58.5706
2020-07-30,10.1,57.7646
2020-07-31,10.04,57.7823
2020-08-03,10.0,58.29
2020-08-04,9.77,58.0301
2020-08-05,10.27,59.0565
2020-08-06,10.32,58.864
2020-08-07,10.78,59.744
2020-08-10,10.79,59.58
2020-08-11,10.94,59.9763
2020-08-12,11.39,60.3656
2020-08-13,10.7,59.9828
2020-08-14,10.68,60.0826
2020-08-17,10.57,59.93
2020-08-18,10.28,59.7612
2020-08-19,10.33,59.8907
2020-08-20,10.02,59.23
2020-08-21,10.14,59.23
2020-08-24,10.6,60.072
2020-08-25,10.7,60.0802
2020-08-26,10.57,60.09
2020-08-27,10.82,60.66
2020-08-28,10.73,60.6595
2020-08-31,10.2,60.3445
2020-09-01,10.18,60.662
2020-09-02,10.63,61.4048
2020-09-03,11.14,59.9833
2020-09-04,11.39,59.6487
2020-09-08,10.7,57.655
2020-09-09,10.69,58.419
2020-09-10,10.26,57.2864
2020-09-11,10.7,57.5022
2020-09-14,10.68,58.3774
2020-09-15,10.53,58.0749
2020-09-16,10.89,58.8692
2020-09-17,11.15,58.3729
2020-09-18,10.98,58.3756
2020-09-21,10.22,56.5536
2020-09-22,10.19,56.5917
2020-09-23,10.42,55.4947
2020-09-24,10.8,55.4235
2020-09-25,10.81,56.2102
2020-09-28,11.49,57.7713
2020-09-29,11.43,57.5259
2020-09-30,11.41,58.0151
2020-10-01,11.25,58.134
2020-10-02,11.85,59.1752
2020-10-05,11.87,60.0511
2020-10-06,11.85,59.7483
2020-10-07,12.62,60.6462
2020-10-08,12.95,62.7226
2020-10-09,13.11,63.1781
2020-10-12,13.4,63.9091
2020-10-13,13.83,63.8092
2020-10-14,14.03,63.7577
2020-10-15,14.25,64.4526
2020-10-16,14.04,64.4803
2020-10-19,13.91,63.5264
2020-10-20,14.09,63.9663
2020-10-21,13.82,63.45
2020-10-22,14.05,63.806
2020-10-23,13.98,63.9305
2020-10-26,13.79,62.5961
2020-10-27,13.97,62.1177
2020-10-28,13.33,60.3494
2020-10-29,13.4,60.829
2020-10-30,13.11,60.44
2020-11-02,13.48,61.3036
2020-11-03,13.98,62.7238
2020-11-04,13.75,63.4629
2020-11-05,14.43,64.7785
2020-11-06,13.88,64.0657
2020-11-09,14.84,66.4752
2020-11-10,14.53,66.8211
2020-11-11,15.28,66.9626
2020-11-12,14.96,65.898
2020-11-13,15.53,67.1739
2020-11-16,15.99,68.2796
2020-11-17,16.3,68.6502
2020-11-18,16.01,67.9061
2020-11-19,15.96,67.6839
2020-11-20,15.72,67.715
2020-11-23,16.33,68.9342
2020-11-24,17.13,70.0335
2020-11-25,17.03,70.0313
2020-11-27,17.01,70.2162
2020-11-30,16.23,69.0123
2020-12-01,16.46,70.2383
2020-12-02,16.76,70.7425
2020-12-03,17.8,72.4422
2020-12-04,17.79,73.438
2020-12-07,18.02,73.6191
2020-12-08,18.07,74.1904
2020-12-09,17.7,73.86
2020-12-10,17.51,73.6534
2020-12-11,17.86,73.4653
2020-12-14,17.1,72.9743
2020-12-15,17.59,74.1298
2020-12-16,17.45,74.5454
2020-12-17,17.48,75.15
2020-12-18,17.45,74.9421
2020-12-21,17.42,74.18
2020-12-22,16.98,74.1647
2020-12-23,17.55,74.55
2020-12-24,17.61,74.73
2020-12-28,17.2,75.04
2020-12-29,17.01,74.1902
2020-12-30,17.34,74.6546
2020-12-31,17.43,75.3057
2021-01-04,16.95,74.27
2021-01-05,17.46,74.5668
2021-01-06,18.41,77.1824
2021-01-07,18.33,78.15
2021-01-08,18.65,78.37
2021-01-11,18.94,78.4987
2021-01-12,19.58,79.3535
2021-01-13,19.52,79.0525
2021-01-14,20.27,79.1906
2021-01-15,20.0,78.5324
2021-01-19,20.25,79.092
2021-01-20,21.57,79.1733
2021-01-21,20.9,78.43
2021-01-22,20.97,77.94
2021-01-25,21.04,77.1669
2021-01-26,20.94,76.8554
2021-01-27,20.78,74.33
2021-01-28,21.53,76.0709
2021-01-29,20.59,74.5214
2021-02-01,21.4,76.68
2021-02-02,21.39,78.04
2021-02-03,21.83,77.9179
2021-02-04,21.78,78.8778
2021-02-05,21.96,79.3
2021-02-08,22.28,80.2713
2021-02-09,22.67,80.6098
2021-02-10,22.72,80.8773
2021-02-11,22.59,80.8481
2021-02-12,22.67,81.7773
2021-02-16,22.84,82.65
2021-02-17,22.58,82.0009
2021-02-18,21.86,81.19
2021-02-19,22.47,81.89
2021-02-22,22.73,81.6332
2021-02-23,22.58,81.51
2021-02-24,23.26,82.79
2021-02-25,22.38,81.4206
2021-02-26,22.42,80.6321
2021-03-01,24.74,83.22
2021-03-02,23.95,82.27
2021-03-03,23.66,82.16
2021-03-04,23.32,80.69
2021-03-05,23.76,82.1065
2021-03-08,24.07,82.8262
2021-03-09,24.48,83.61
2021-03-10,25.19,84.64
2021-03-11,25.33,85.3127
2021-03-12,25.71,85.96
2021-03-15,26.0,86.3494
2021-03-16,25.25,85.5518
2021-03-17,25.51,86.2
2021-03-18,25.13,85.01
2021-03-19,25.45,85.2113
2021-03-22,25.11,84.609
2021-03-23,23.66,82.87
2021-03-24,23.25,82.4
2021-03-25,23.98,82.981
2021-03-26,24.76,84.3151
2021-03-29,24.35,83.8496
2021-03-30,24.89,83.8727
2021-03-31,25.22,84.39
2021-04-01,25.75,86.2264
2021-04-05,25.93,87.33
2021-04-06,25.83,86.98
2021-04-07,25.95,86.51
2021-04-08,25.88,86.7467
2021-04-09,26.32,87.4039
2021-04-12,26.71,88.0557
2021-04-13,25.91,87.4
2021-04-14,26.12,88.0649
2021-04-15,26.83,88.44
2021-04-16,26.57,88.73
2021-04-19,26.48,88.4891
2021-04-20,25.79,87.1292
2021-04-21,26.35,88.11
2021-04-22,25.69,87.38
2021-04-23,26.51,89.33
2021-04-26,26.53,89.6488
2021-04-27,26.46,89.98
2021-04-28,27.23,90.1505
2021-04-29,27.63,90.713
2021-04-30,27.0,89.7118
2021-05-03,27.42,90.28
2021-05-04,27.54,90.106
2021-05-05,27.7,91.28
2021-05-06,28.25,91.6585
2021-05-07,28.38,92.42
2021-05-10,28.22,91.55
2021-05-11,27.26,90.3
2021-05-12,26.37,88.2738
2021-05-13,27.13,90.1739
2021-05-14,27.96,91.79
2021-05-17,27.76,91.41
2021-05-18,27.25,90.2535
2021-05-19,26.8,89.89
2021-05-20,26.64,90.3965
2021-05-21,26.88,91.2911
2021-05-24,27.0,91.6878
2021-05-25,26.55,90.8538
2021-05-26,27.04,91.6238
2021-05-27,28.46,92.4347
2021-05-28,28.53,92.7479
2021-06-01,27.19,92.9
2021-06-02,28.48,92.98
2021-06-03,29.33,93.1488
2021-06-04,29.27,93.1976
2021-06-07,28.99,92.953
2021-06-08,29.14,93.2699
2021-06-09,28.7,92.38
2021-06-10,28.81,92.2037
2021-06-11,29.3,93.0938
2021-06-14,28.77,92.82
2021-06-15,29.0,93.3309
2021-06-16,28.71,93.7836
2021-06-17,27.21,92.4384
2021-06-18,26.25,90.26
2021-06-21,26.9,92.1154
2021-06-22,26.56,92.12
2021-06-23,26.68,92.61
2021-06-24,27.2,93.4848
2021-06-25,27.42,94.58
2021-06-28,27.13,93.5789
2021-06-29,26.52,93.9584
2021-06-30,26.73,94.04
2021-07-01,26.95,94.61
2021-07-02,26.43,94.6798
2021-07-06,26.02,94.13
2021-07-07,26.12,94.3349
2021-07-08,25.17,92.3132
2021-07-09,26.33,94.28
2021-07-12,26.71,95.3
2021-07-13,26.43,94.238
2021-07-14,26.02,93.0303
2021-07-15,25.83,92.8744
2021-07-16,25.02,92.0767
2021-07-19,24.28,89.9073
2021-07-20,25.13,92.2861
2021-07-21,25.66,94.0314
2021-07-22,25.13,93.3183
2021-07-23,24.82,93.8084
2021-07-26,25.07,94.3182
2021-07-27,24.26,93.545
2021-07-28,24.14,94.1207
2021-07-29,24.35,95.5642
2021-07-30,24.38,95.2973
2021-08-02,24.42,95.59
2021-08-03,24.5,95.44
2021-08-04,24.02,95.4938
2021-08-05,24.35,97.0597
2021-08-06,24.82,98.14
2021-08-09,24.84,98.51
2021-08-10,24.9,98.46
2021-08-11,25.67,98.9125
2021-08-12,25.11,98.8511
2021-08-13,24.85,98.552
2021-08-16,25.2,98.5381
2021-08-17,24.65,97.34
2021-08-18,24.11,96.0879
2021-08-19,23.42,95.03
2021-08-20,23.99,96.37
2021-08-23,24.5,97.53
2021-08-24,24.99,98.2398
2021-08-25,25.34,99.0662
2021-08-26,24.96,98.365
2021-08-27,25.69,100.3603
2021-08-30,25.13,99.59
2021-08-31,25.32,99.5734
2021-09-01,25.16,99.89
2021-09-02,25.32,100.3692
2021-09-03,24.88,100.06
2021-09-07,24.74,98.8638
2021-09-08,24.54,98.31
2021-09-09,24.78,98.45
2021-09-10,24.6,97.7865
2021-09-13,24.97,98.01
2021-09-14,24.95,97.0829
2021-09-15,25.55,98.23
2021-09-16,24.89,97.79
2021-09-17,26.25,97.5817
2021-09-20,23.97,94.11
2021-09-21,23.72,93.99
2021-09-22,24.29,95.3343
2021-09-23,24.85,97.27
2021-09-24,24.94,97.5164
2021-09-27,25.56,98.3976
2021-09-28,24.92,96.25
2021-09-29,24.6,96.48
2021-09-30,24.11,95.4037
2021-10-01,24.59,96.6557
2021-10-04,24.1,95.6047
2021-10-05,25.37,97.7054
2021-10-06,25.33,97.95
2021-10-07,25.37,99.185
2021-10-08,25.03,99.6955
2021-10-11,24.8,99.02
2021-10-12,24.23,98.79
2021-10-13,24.46,99.04
2021-10-14,25.17,100.9681
2021-10-15,25.08,101.84
2021-10-18,24.73,102.2
2021-10-19,25.0,103.42
2021-10-20,25.42,104.14
2021-10-21,25.0,104.37
2021-10-22,25.12,105.4
2021-10-25,24.75,106.09
2021-10-26,25.57,106.07
2021-10-27,24.94,103.9
2021-10-28,25.49,105.93
2021-10-29,25.41,106.72
2021-11-01,26.53,108.18
2021-11-02,26.29,108.84
2021-11-03,26.47,110.05
2021-11-04,25.93,109.37
2021-11-05,25.98,109.62
2021-11-08,26.26,109.61
2021-11-09,26.01,109.39
2021-11-10,25.53,108.04
2021-11-11,25.81,109.1786
2021-11-12,26.16,109.925
2021-11-15,26.11,110.02
2021-11-16,25.69,109.8937
2021-11-17,24.94,108.63
2021-11-18,24.54,108.15
2021-11-19,24.15,107.454
2021-11-22,24.32,107.154
2021-11-23,24.46,107.9
2021-11-24,24.41,107.81
2021-11-26,23.13,104.25
2021-11-29,23.24,105.41
2021-11-30,22.33,102.23
2021-12-01,21.97,101.12
2021-12-02,22.75,103.728
2021-12-03,22.43,101.56
2021-12-06,22.77,102.46
2021-12-07,23.39,104.89
2021-12-08,23.61,104.83
2021-12-09,23.21,103.23
2021-12-10,23.14,103.02
2021-12-13,22.82,101.5922
2021-12-14,22.71,101.8
2021-12-15,22.9,102.66
2021-12-16,22.71,102.58
2021-12-17,22.61,101.5972
2021-12-20,21.76,98.4692
2021-12-21,22.74,100.84
2021-12-22,22.8,102.25
2021-12-23,23.34,103.74
2021-12-27,23.55,105.33
2021-12-28,23.53,104.883
2021-12-29,23.36,104.16
2021-12-30,23.21,103.9
2021-12-31,23.02,103.7
2022-01-03,23.29,103.4467
2022-01-04,24.31,104.6184
2022-01-05,23.69,101.43
2022-01-06,24.14,102.42
2022-01-07,24.54,102.57
2022-01-10,24.16,101.9765
2022-01-11,24.82,103.99
2022-01-12,24.71,103.26
2022-01-13,24.77,101.79
2022-01-14,24.89,100.55
2022-01-18,24.05,97.65
2022-01-19,23.25,95.96
2022-01-20,22.64,95.1
2022-01-21,21.94,92.61
2022-01-24,21.57,92.89
2022-01-25,21.34,91.5
2022-01-26,21.28,91.13
2022-01-27,21.58,90.86
2022-01-28,21.72,92.49
2022-01-31,22.66,95.36
2022-02-01,22.41,96.33
2022-02-02,22.24,96.18
2022-02-03,22.25,94.71
2022-02-04,22.83,96.17
2022-02-07,22.98,96.38
2022-02-08,23.09,97.15
2022-02-09,23.63,98.82
2022-02-10,23.4,97.06
2022-02-11,22.83,95.1
2022-02-14,22.82,94.22
2022-02-15,23.33,96.35
2022-02-16,23.58,96.81
2022-02-17,22.39,93.63
2022-02-18,22.47,93.06
2022-02-22,21.77,91.6418
2022-02-23,21.14,89.86
2022-02-24,21.02,90.45
2022-02-25,21.79,93.11
2022-02-28,21.24,92.18
2022-03-01,19.71,89.4
2022-03-02,20.54,91.8693
2022-03-03,20.06,90.61
2022-03-04,18.95,88.36
2022-03-07,18.64,84.49
2022-03-08,19.37,84.12
2022-03-09,20.07,87.4181
2022-03-10,20.06,86.58
2022-03-11,20.04,85.83
2022-03-14,20.31,86.13
2022-03-15,20.29,87.26
2022-03-16,21.27,90.97
2022-03-17,21.3,91.67
2022-03-18,21.4,92.87
2022-03-21,21.29,91.1
2022-03-22,21.63,92.62
2022-03-23,21.5,90.58
2022-03-24,21.83,91.55
2022-03-25,22.1,91.54
2022-03-28,22.39,91.89
2022-03-29,23.34,94.05
2022-03-30,23.42,92.64
2022-03-31,23.06,91.35
2022-04-01,23.31,91.72
2022-04-04,23.2,91.77
2022-04-05,22.61,90.28
2022-04-06,21.66,87.88
2022-04-07,21.34,87.37
2022-04-08,21.61,87.37
2022-04-11,21.48,86.55
2022-04-12,21.11,85.71
2022-04-13,21.47,87.05
2022-04-14,21.0,85.92
2022-04-18,21.15,85.39
2022-04-19,21.74,88.01
2022-04-20,21.74,88.56
2022-04-21,21.3,85.8768
2022-04-22,20.63,83.39
2022-04-25,20.79,84.2
2022-04-26,19.03,81.25
2022-04-27,18.7,81.22
2022-04-28,19.3,82.28
2022-04-29,18.38,78.92
2022-05-02,18.8,80.146
2022-05-03,19.23,80.93
2022-05-04,19.95,82.9
2022-05-05,18.85,79.59
2022-05-06,18.46,78.2503
2022-05-09,17.71,75.79
2022-05-10,17.67,75.62
2022-05-11,17.04,74.0
2022-05-12,17.28,74.68
2022-05-13,17.84,77.03
2022-05-16,17.69,76.38
2022-05-17,18.64,78.87
2022-05-18,17.98,76.03
2022-05-19,18.02,76.36
2022-05-20,18.57,77.285
2022-05-23,18.7,78.1804
2022-05-24,18.45,77.4388
2022-05-25,18.62,78.67
2022-05-26,19.24,80.7605
2022-05-27,19.54,82.68
2022-05-31,19.34,82.02
2022-06-01,19.07,80.56
2022-06-02,19.24,82.6634
2022-06-03,18.7,81.31
2022-06-06,18.93,81.86
2022-06-07,19.1,82.2414
2022-06-08,18.52,80.6383
2022-06-09,18.06,78.9734
2022-06-10,17.28,76.05
2022-06-13,15.93,72.79
2022-06-14,16.24,72.7481
2022-06-15,16.42,73.88
2022-06-16,15.97,71.31
2022-06-17,16.12,71.76
2022-06-21,16.56,72.92
2022-06-22,16.6,72.9158
2022-06-23,16.69,73.93
2022-06-24,17.36,76.6289
2022-06-27,17.35,76.15
2022-06-28,17.1,75.2321
2022-06-29,16.46,73.95
2022-06-30,16.13,72.93
2022-07-01,16.42,73.75
2022-07-05,16.39,75.1541
2022-07-06,15.98,74.2016
2022-07-07,16.39,75.53
2022-07-08,16.21,75.152
2022-07-11,15.69,73.7648
2022-07-12,15.9,73.6546
2022-07-13,15.64,72.86
2022-07-14,15.66,72.1971
2022-07-15,16.24,74.43
2022-07-18,16.19,73.9574
2022-07-19,16.86,76.5878
2022-07-20,17.16,77.8194
2022-07-21,17.18,78.6696
2022-07-22,17.11,78.29
2022-07-25,17.21,78.1232
2022-07-26,16.77,76.8841
2022-07-27,16.67,78.4834
2022-07-28,17.25,80.54
2022-07-29,17.74,81.6226
2022-08-01,18.05,81.4349
2022-08-02,17.66,81.05
2022-08-03,17.9,82.9734
2022-08-04,17.8,83.6863
2022-08-05,17.92,83.6876
2022-08-08,18.1,84.24
2022-08-09,17.85,83.3209
2022-08-10,18.38,85.6896
2022-08-11,18.49,85.9042
2022-08-12,19.07,87.69
2022-08-15,18.94,87.86
2022-08-16,18.94,87.94
2022-08-17,18.63,87.2799
2022-08-18,18.68,87.3964
2022-08-19,18.1,84.89
2022-08-22,17.62,83.1036
2022-08-23,17.65,82.96
2022-08-24,17.7,83.335
2022-08-25,17.97,84.48
2022-08-26,17.26,81.6977
2022-08-29,16.98,80.7795
2022-08-30,16.76,80.2334
2022-08-31,16.47,80.0624
2022-09-01,16.37,79.9
2022-09-02,16.25,78.9496
2022-09-06,16.43,79.23
2022-09-07,16.57,80.6617
2022-09-08,17.36,81.965
2022-09-09,17.58,83.62
2022-09-12,17.82,84.19
2022-09-13,16.52,80.7005
2022-09-14,16.32,80.49
2022-09-15,16.38,80.2471
2022-09-16,16.09,79.2511
2022-09-19,16.86,79.65
2022-09-20,16.37,78.2113
2022-09-21,16.01,77.2321
2022-09-22,15.61,75.6
2022-09-23,15.22,73.71
2022-09-26,14.82,72.8942
2022-09-27,14.55,72.23
2022-09-28,14.73,73.64
2022-09-29,14.13,72.0786
2022-09-30,13.7,71.57
2022-10-03,14.35,73.49
2022-10-04,15.32,76.9129
2022-10-05,15.25,76.5244
2022-10-06,14.97,75.89
2022-10-07,14.37,73.5462
2022-10-10,14.43,73.2901
2022-10-11,14.13,72.224
2022-10-12,13.87,72.1101
2022-10-13,14.51,74.07
2022-10-14,14.28,71.56
2022-10-17,14.71,73.52
2022-10-18,14.93,74.4323
2022-10-19,14.64,73.3
2022-10-20,14.41,72.39
2022-10-21,14.89,74.52
2022-10-24,15.05,75.2
2022-10-25,15.05,76.9323
2022-10-26,15.1,77.5102
2022-10-27,15.15,78.1664
2022-10-28,15.41,80.1225
2022-10-31,15.32,79.5015
2022-11-01,15.56,80.04
2022-11-02,15.43,78.9587
2022-11-03,15.06,77.7952
2022-11-04,15.73,79.4491
2022-11-07,16.19,80.39
2022-11-08,16.51,80.88
2022-11-09,15.91,79.1713
2022-11-10,18.75,84.9
2022-11-11,19.77,86.26
2022-11-14,19.11,84.27
2022-11-15,19.33,85.31
2022-11-16,18.8,83.9393
2022-11-17,18.78,82.8335
2022-11-18,18.94,83.0504
2022-11-21,18.91,83.2154
2022-11-22,19.19,84.22
2022-11-23,19.31,84.4974
2022-11-25,19.41,84.7092
2022-11-28,18.69,83.0105
2022-11-29,18.84,83.2251
2022-11-30,19.11,85.2
2022-12-01,19.43,85.6126
2022-12-02,19.09,85.64
2022-12-05,18.59,83.6858
2022-12-06,18.51,82.74
2022-12-07,18.36,82.3758
2022-12-08,18.51,82.5299
2022-12-09,18.35,82.1361
2022-12-12,18.89,82.9969
2022-12-13,19.61,83.89
2022-12-14,19.52,82.55
2022-12-15,19.0,80.3062
2022-12-16,18.39,79.56
2022-12-19,18.1,78.15
2022-12-20,18.01,78.35
2022-12-21,18.55,79.86
2022-12-22,18.27,78.49
2022-12-23,18.38,78.83
2022-12-27,18.32,78.42
2022-12-28,17.88,77.6081
2022-12-29,18.3,79.5134
2022-12-30,17.99,78.85
2023-01-03,18.22,79.48
2023-01-04,18.98,80.8166
2023-01-05,18.68,79.9811
2023-01-06,19.17,82.0651
2023-01-09,19.27,83.2299
2023-01-10,19.52,84.5
2023-01-11,19.77,85.63
2023-01-12,19.57,86.4426
2023-01-13,19.39,87.0046
2023-01-17,19.15,87.15
2023-01-18,19.03,86.46
2023-01-19,18.58,85.0874
2023-01-20,18.97,86.83
2023-01-23,18.9,87.6099
2023-01-24,18.52,87.2189
2023-01-25,18.0,87.1694
2023-01-26,18.47,88.0285
2023-01-27,18.3,88.8505
2023-01-30,18.08,87.8602
2023-01-31,18.51,89.34
2023-02-01,18.92,90.64
2023-02-02,20.21,92.85
2023-02-03,20.04,92.52
2023-02-06,19.41,91.12
2023-02-07,19.61,91.8853
2023-02-08,18.99,91.1589
2023-02-09,18.49,89.5692
2023-02-10,18.74,89.9423
2023-02-13,19.21,91.4
2023-02-14,19.0,91.26
2023-02-15,18.78,92.21
2023-02-16,18.46,91.17
2023-02-17,18.71,91.2002
2023-02-21,17.72,88.47
2023-02-22,17.61,88.25
2023-02-23,17.74,88.4001
2023-02-24,17.53,87.1744
2023-02-27,17.47,87.6044
2023-02-28,17.66,88.1966
2023-03-01,17.53,87.9025
2023-03-02,17.55,87.73
2023-03-03,17.9,89.02
2023-03-06,17.57,88.2821
2023-03-07,17.17,86.7926
2023-03-08,17.34,87.3
2023-03-09,17.03,84.2716
2023-03-10,16.41,80.3098
2023-03-13,16.03,78.7741
2023-03-14,16.24,80.81
2023-03-15,16.02,79.8086
2023-03-16,16.05,81.4128
2023-03-17,15.56,80.14
2023-03-20,15.45,80.3219
2023-03-21,16.02,82.8782
2023-03-22,15.46,80.83
2023-03-23,15.04,80.2499
2023-03-24,15.05,79.7781
2023-03-27,15.34,80.5899
2023-03-28,15.62,80.5654
2023-03-29,16.06,81.62
2023-03-30,16.11,81.48
2023-03-31,16.4,83.07
2023-04-03,16.2,82.2637
2023-04-04,15.8,81.23
2023-04-05,15.71,80.3436
2023-04-06,15.82,80.6142
2023-04-10,15.98,81.0039
2023-04-11,16.32,82.08
2023-04-12,16.13,81.8403
2023-04-13,16.63,82.8926
2023-04-14,16.89,83.2869
2023-04-17,17.19,83.61
2023-04-18,17.41,84.1201
2023-04-19,17.47,84.64
2023-04-20,17.2,83.9953
2023-04-21,17.07,83.8897
2023-04-24,16.85,83.4
2023-04-25,16.8,81.3
2023-04-26,16.94,79.9621
2023-04-27,17.23,80.83
2023-04-28,17.13,81.7048
2023-05-01,16.78,81.0928
2023-05-02,16.42,79.09
2023-05-03,16.46,78.02
2023-05-04,16.04,76.3862
2023-05-05,16.57,78.7396
2023-05-08,16.29,78.5397
2023-05-09,16.19,78.4836
2023-05-10,15.93,78.8694
2023-05-11,15.4,78.4675
2023-05-12,15.22,78.1339
2023-05-15,15.21,78.9153
2023-05-16,14.98,77.9612
2023-05-17,15.21,79.4473
2023-05-18,15.33,79.8296
2023-05-19,15.24,79.5991
2023-05-22,15.19,80.5183
2023-05-23,15.06,79.7046
2023-05-24,14.78,78.6755
2023-05-25,14.7,78.8081
2023-05-26,14.89,79.8025
2023-05-30,14.82,80.0069
2023-05-31,14.38,79.08
2023-06-01,14.74,79.9639
2023-06-02,15.26,82.1778
2023-06-05,15.39,81.5822
2023-06-06,15.79,82.7552
2023-06-07,15.94,83.7
2023-06-08,16.07,84.1
2023-06-09,16.14,83.9331
2023-06-12,15.96,83.2565
2023-06-13,16.5,84.55
2023-06-14,16.56,84.97
2023-06-15,16.9,86.213
2023-06-16,16.78,85.415
2023-06-20,16.54,84.5998
2023-06-21,16.51,83.85
2023-06-22,16.18,82.5841
2023-06-23,16.01,81.69
2023-06-26,16.13,81.82
2023-06-27,16.5,83.11
2023-06-28,16.56,83.46
2023-06-29,16.75,84.6417
2023-06-30,16.81,84.8837
2023-07-03,17.13,85.6873
2023-07-05,16.88,84.51
2023-07-06,16.63,83.5006
2023-07-07,16.92,84.1488
2023-07-10,17.37,84.9883
2023-07-11,17.56,86.6224
2023-07-12,18.4,87.8889
2023-07-13,18.33,90.07
2023-07-14,17.73,89.2222
2023-07-17,17.6,89.8899
2023-07-18,17.89,91.66
2023-07-19,18.04,92.6362
2023-07-20,17.91,92.499
2023-07-21,17.84,92.2
2023-07-24,17.96,92.55
2023-07-25,16.62,92.6005
2023-07-26,16.44,92.72
2023-07-27,16.15,91.28
2023-07-28,16.6,91.52
2023-07-31,16.8,91.65
2023-08-01,16.83,91.442
2023-08-02,16.36,90.38
2023-08-03,16.65,90.28
2023-08-04,16.65,90.1634
2023-08-07,16.98,91.1759
2023-08-08,16.75,89.9322
2023-08-09,16.71,89.13
2023-08-10,16.23,89.1389
2023-08-11,16.39,89.0735
2023-08-14,16.2,88.9012
2023-08-15,15.58,87.4821
2023-08-16,15.32,87.1
2023-08-17,15.39,86.9343
2023-08-18,15.24,87.0694
2023-08-21,14.99,86.9538
2023-08-22,14.95,86.3262
2023-08-23,15.33,87.421
2023-08-24,15.13,87.0
2023-08-25,15.19,87.28
2023-08-28,15.39,88.27
2023-08-29,15.72,89.69
2023-08-30,15.73,89.87
2023-08-31,15.92,89.81
2023-09-01,16.03,90.3781
2023-09-05,15.69,89.2
2023-09-06,15.55,88.79
2023-09-07,15.34,88.7898
2023-09-08,15.45,89.46
2023-09-11,15.41,89.7031
2023-09-12,15.56,90.01
2023-09-13,15.31,89.665
2023-09-14,15.51,90.69
2023-09-15,15.57,90.6783
2023-09-18,15.23,90.25
2023-09-19,15.28,89.768
2023-09-20,15.05,89.2064
2023-09-21,14.63,87.63
2023-09-22,14.49,87.01
2023-09-25,14.36,87.2147
2023-09-26,14.09,85.7432
2023-09-27,14.09,85.94
2023-09-28,14.47,87.156
2023-09-29,14.52,86.7571
2023-10-02,14.21,85.821
2023-10-03,13.6,83.7184
2023-10-04,13.66,84.62
2023-10-05,13.65,85.4474
2023-10-06,13.56,86.26
2023-10-09,13.63,86.4813
2023-10-10,13.88,86.72
2023-10-11,13.81,86.84
2023-10-12,13.32,85.3
2023-10-13,13.17,84.6
2023-10-16,13.34,85.6377
2023-10-17,13.44,86.221
2023-10-18,13.05,84.1889
2023-10-19,12.8,82.6575
2023-10-20,12.7,81.74
2023-10-23,12.52,81.5
2023-10-24,13.03,82.0037
2023-10-25,12.59,80.4077
2023-10-26,12.9,81.4047
2023-10-27,12.76,80.2992
2023-10-30,12.95,81.5756
2023-10-31,12.97,82.0817
2023-11-01,13.07,82.79
2023-11-02,13.54,84.8936
2023-11-03,13.88,86.71
2023-11-06,13.5,85.97
2023-11-07,13.3,85.93
2023-11-08,13.28,85.69
2023-11-09,12.78,85.33
2023-11-10,13.08,86.07
2023-11-13,12.96,85.6164
2023-11-14,13.7,88.0957
2023-11-15,13.74,88.62
2023-11-16,13.71,88.01
2023-11-17,13.84,88.63
2023-11-20,13.96,88.9591
2023-11-21,13.75,88.67
2023-11-22,13.85,89.36
2023-11-24,13.81,89.73
2023-11-27,13.77,89.59
2023-11-28,13.77,89.4633
2023-11-29,14.28,90.549
2023-11-30,14.27,91.3
2023-12-01,14.86,92.64
2023-12-04,15.03,93.55
2023-12-05,15.0,93.12
2023-12-06,15.0,92.91
2023-12-07,15.13,93.52
2023-12-08,15.21,94.57
2023-12-11,15.24,94.88
2023-12-12,15.52,95.419
2023-12-13,16.34,97.42
2023-12-14,17.58,100.304
2023-12-15,17.54,99.8647
2023-12-18,17.34,99.37
2023-12-19,17.6,100.6918
2023-12-20,17.08,99.24
2023-12-21,17.48,100.6746
2023-12-22,17.7,101.146
2023-12-26,17.96,101.8734
2023-12-27,18.04,102.67
2023-12-28,18.07,102.8064
2023-12-29,17.84,101.9717
