date,JCI,XHB
2010-01-04,27.8,15.32
2010-01-05,28.58,15.43
2010-01-06,28.84,15.51
2010-01-07,28.85,16.15
2010-01-08,28.63,16.22
2010-01-11,28.98,16.17
2010-01-12,29.97,15.95
2010-01-13,29.84,15.98
2010-01-14,29.84,15.94
2010-01-15,29.31,15.63
2010-01-19,29.61,15.86
2010-01-20,29.13,15.55
2010-01-21,28.85,15.23
2010-01-22,29.48,14.95
2010-01-25,30.42,15.11
2010-01-26,29.7,15.1
2010-01-27,28.99,15.15
2010-01-28,28.24,15.15
2010-01-29,27.83,15.11
2010-02-01,28.73,15.16
2010-02-02,29.02,15.89
2010-02-03,29.65,15.68
2010-02-04,28.47,15.19
2010-02-05,28.06,15.02
2010-02-08,27.72,15.17
2010-02-09,28.13,15.45
2010-02-10,27.89,15.39
2010-02-11,28.17,15.76
2010-02-12,28.54,15.88
2010-02-16,29.08,16.17
2010-02-17,29.08,16.0
2010-02-18,29.65,16.04
2010-02-19,29.89,16.08
2010-02-22,30.6,16.15
2010-02-23,30.57,15.74
2010-02-24,30.8,15.72
2010-02-25,30.98,15.72
2010-02-26,31.1,15.91
2010-03-01,31.88,16.25
2010-03-02,31.62,16.15
2010-03-03,31.86,16.32
2010-03-04,32.07,16.26
2010-03-05,32.38,16.57
2010-03-08,32.0,16.81
2010-03-09,31.8,16.73
2010-03-10,31.19,16.76
2010-03-11,31.55,16.87
2010-03-12,31.62,16.82
2010-03-15,31.52,16.81
2010-03-16,31.71,16.96
2010-03-17,32.2,16.93
2010-03-18,32.01,16.86
2010-03-19,31.82,16.54
2010-03-22,32.39,16.8
2010-03-23,33.37,16.94
2010-03-24,33.11,16.9
2010-03-25,33.13,16.88
2010-03-26,32.89,16.96
2010-03-29,32.75,17.01
2010-03-30,32.88,17.03
2010-03-31,32.99,16.82
2010-04-01,33.38,16.98
2010-04-05,33.1,17.3
2010-04-06,32.9,17.17
2010-04-07,31.77,16.92
2010-04-08,32.08,17.27
2010-04-09,32.11,17.44
2010-04-12,32.35,17.66
2010-04-13,32.09,17.76
2010-04-14,33.11,18.31
2010-04-15,33.48,18.12
2010-04-16,32.69,17.86
2010-04-19,32.71,17.88
2010-04-20,34.25,18.17
2010-04-21,34.4,18.61
2010-04-22,35.01,19.31
2010-04-23,34.5,19.64
2010-04-26,34.67,19.5
2010-04-27,33.31,18.68
2010-04-28,33.12,18.92
2010-04-29,34.52,19.47
2010-04-30,33.59,19.1
2010-05-03,33.9,19.51
2010-05-04,32.16,18.86
2010-05-05,31.2,18.36
2010-05-06,30.22,17.66
2010-05-07,29.68,17.1
2010-05-10,31.88,18.39
2010-05-11,31.58,18.38
2010-05-12,32.13,18.89
2010-05-13,31.54,18.34
2010-05-14,30.62,17.96
2010-05-17,30.44,17.94
2010-05-18,29.53,17.63
2010-05-19,28.71,17.36
2010-05-20,27.68,16.62
2010-05-21,28.19,16.74
2010-05-24,27.68,16.58
2010-05-25,27.54,16.71
2010-05-26,27.98,16.78
2010-05-27,29.29,17.42
2010-05-28,28.53,17.22
2010-06-01,27.96,16.58
2010-06-02,28.91,16.86
2010-06-03,29.16,16.9
2010-06-04,27.53,16.03
2010-06-07,26.6,15.43
2010-06-08,26.13,15.38
2010-06-09,25.9,15.42
2010-06-10,27.01,16.13
2010-06-11,27.56,16.12
2010-06-14,27.98,16.23
2010-06-15,29.53,16.59
2010-06-16,29.01,16.41
2010-06-17,28.9,16.02
2010-06-18,28.87,15.82
2010-06-21,28.89,15.61
2010-06-22,28.15,15.23
2010-06-23,28.33,15.41
2010-06-24,27.71,15.11
2010-06-25,27.76,15.15
2010-06-28,27.75,15.12
2010-06-29,26.85,14.49
2010-06-30,26.87,14.32
2010-07-01,26.95,14.19
2010-07-02,26.88,14.02
2010-07-06,26.86,13.88
2010-07-07,27.91,14.51
2010-07-08,28.49,14.54
2010-07-09,28.62,14.88
2010-07-12,28.33,14.66
2010-07-13,29.62,15.23
2010-07-14,29.66,14.91
2010-07-15,29.7,14.95
2010-07-16,28.51,14.24
2010-07-19,28.63,14.2
2010-07-20,29.07,14.73
2010-07-21,28.51,14.51
2010-07-22,30.48,15.04
2010-07-23,29.11,15.42
2010-07-26,28.87,15.82
2010-07-27,28.12,15.27
2010-07-28,29.0,14.84
2010-07-29,28.62,14.94
2010-07-30,28.81,15.07
2010-08-02,29.26,15.46
2010-08-03,29.05,15.06
2010-08-04,29.21,15.02
2010-08-05,29.6,14.89
2010-08-06,29.55,14.99
2010-08-09,30.22,15.41
2010-08-10,29.45,14.96
2010-08-11,28.51,14.43
2010-08-12,27.91,14.188
2010-08-13,27.37,14.15
2010-08-16,28.01,14.11
2010-08-17,28.75,14.49
2010-08-18,29.14,14.81
2010-08-19,28.39,14.39
2010-08-20,28.03,14.35
2010-08-23,27.92,14.05
2010-08-24,26.87,13.96
2010-08-25,26.88,14.37
2010-08-26,26.72,14.14
2010-08-27,27.24,14.55
2010-08-30,26.78,14.19
2010-08-31,26.53,14.1525
2010-09-01,27.81,14.7225
2010-09-02,28.3,15.16
2010-09-03,29.17,15.36
2010-09-07,28.29,14.94
2010-09-08,27.92,15.01
2010-09-09,28.38,15.07
2010-09-10,28.43,15.18
2010-09-13,29.15,15.51
2010-09-14,28.85,15.39
2010-09-15,28.71,15.3
2010-09-16,29.05,15.13
2010-09-17,28.92,15.07
2010-09-20,29.42,15.57
2010-09-21,29.59,15.64
2010-09-22,29.33,15.4
2010-09-23,28.89,15.17
2010-09-24,29.88,15.71
2010-09-27,29.97,15.73
2010-09-28,30.63,15.91
2010-09-29,30.62,15.82
2010-09-30,30.5,15.8
2010-10-01,30.54,15.8
2010-10-04,30.32,15.59
2010-10-05,31.76,15.82
2010-10-06,31.29,15.82
2010-10-07,31.4,15.71
2010-10-08,31.8,15.91
2010-10-11,31.64,15.82
2010-10-12,31.54,15.84
2010-10-13,32.29,15.92
2010-10-14,32.6,15.75
2010-10-15,32.74,15.61
2010-10-18,32.76,15.54
2010-10-19,32.51,15.41
2010-10-20,33.55,15.5
2010-10-21,33.93,15.7
2010-10-22,34.18,15.66
2010-10-25,34.74,15.75
2010-10-26,34.49,15.67
2010-10-27,35.0,15.56
2010-10-28,34.95,15.45
2010-10-29,35.12,15.5
2010-11-01,35.02,15.52
2010-11-02,35.17,15.93
2010-11-03,35.94,15.87
2010-11-04,36.5,16.53
2010-11-05,36.8,16.66
2010-11-08,37.34,16.63
2010-11-09,36.85,16.26
2010-11-10,36.99,16.49
2010-11-11,37.11,16.55
2010-11-12,36.45,16.17
2010-11-15,36.48,15.89
2010-11-16,35.5,15.61
2010-11-17,35.88,15.6
2010-11-18,36.92,15.55
2010-11-19,36.67,15.56
2010-11-22,37.39,15.6
2010-11-23,36.9,15.4
2010-11-24,37.3,15.78
2010-11-26,37.09,15.59
2010-11-29,36.71,15.58
2010-11-30,36.44,15.64
2010-12-01,37.85,16.2
2010-12-02,38.95,16.65
2010-12-03,39.19,16.8
2010-12-06,39.5,16.89
2010-12-07,39.0,16.93
2010-12-08,38.33,16.96
2010-12-09,37.93,17.02
2010-12-10,37.96,17.15
2010-12-13,37.8,17.23
2010-12-14,38.29,17.13
2010-12-15,38.08,17.02
2010-12-16,38.85,17.25
2010-12-17,38.65,17.11
2010-12-20,39.07,17.36
2010-12-21,39.06,17.56
2010-12-22,38.64,17.6525
2010-12-23,38.34,17.46
2010-12-27,38.16,17.61
2010-12-28,37.99,17.43
2010-12-29,38.36,17.42
2010-12-30,38.24,17.43
2010-12-31,38.2,17.39
2011-01-03,39.56,17.65
2011-01-04,39.68,17.3275
2011-01-05,40.6,17.57
2011-01-06,40.34,17.69
2011-01-07,40.36,17.7675
2011-01-10,40.9,17.71
2011-01-11,40.39,17.94
2011-01-12,40.74,18.1325
2011-01-13,40.21,18.02
2011-01-14,40.45,18.3675
2011-01-18,40.64,18.32
2011-01-19,40.13,17.88
2011-01-20,38.8,17.86
2011-01-21,38.52,17.66
2011-01-24,38.97,17.93
2011-01-25,38.61,17.9625
2011-01-26,38.84,18.3125
2011-01-27,39.39,18.33
2011-01-28,37.69,17.81
2011-01-31,38.39,17.69
2011-02-01,38.44,18.0
2011-02-02,37.37,17.76
2011-02-03,37.49,17.6825
2011-02-04,38.19,17.7375
2011-02-07,39.1,18.0175
2011-02-08,39.95,18.355
2011-02-09,40.18,18.48
2011-02-10,40.64,18.42
2011-02-11,41.41,18.47
2011-02-14,41.4,18.35
2011-02-15,41.58,18.12
2011-02-16,42.12,18.46
2011-02-17,42.07,18.73
2011-02-18,42.4,18.6825
2011-02-22,41.64,17.9
2011-02-23,39.94,17.6
2011-02-24,40.08,17.57
2011-02-25,40.68,17.9
2011-02-28,40.8,17.85
2011-03-01,39.9,17.33
2011-03-02,40.24,17.5375
2011-03-03,40.59,17.9025
2011-03-04,41.31,17.74
2011-03-07,41.02,17.51
2011-03-08,41.29,18.1275
2011-03-09,41.88,18.25
2011-03-10,41.35,17.75
2011-03-11,40.76,17.87
2011-03-14,40.61,17.6
2011-03-15,39.88,17.94
2011-03-16,38.91,17.535
2011-03-17,39.79,17.6
2011-03-18,39.5,17.78
2011-03-21,40.46,18.0525
2011-03-22,39.94,17.89
2011-03-23,40.1,17.99
2011-03-24,41.26,18.13
2011-03-25,41.4,18.25
2011-03-28,41.2,18.14
2011-03-29,41.93,18.16
2011-03-30,41.6,18.23
2011-03-31,41.57,18.21
2011-04-01,42.08,18.35
2011-04-04,41.76,18.22
2011-04-05,41.38,18.27
2011-04-06,41.36,18.39
2011-04-07,40.77,18.61
2011-04-08,40.3,18.49
2011-04-11,39.95,18.44
2011-04-12,39.31,18.33
2011-04-13,39.46,18.32
2011-04-14,38.98,18.34
2011-04-15,39.16,18.53
2011-04-18,38.1,18.42
2011-04-19,38.32,18.61
2011-04-20,40.13,18.82
2011-04-21,40.73,18.82
2011-04-25,39.6,18.79
2011-04-26,40.72,18.91
2011-04-27,41.16,19.0
2011-04-28,41.26,19.05
2011-04-29,41.0,19.05
2011-05-02,40.69,18.88
2011-05-03,40.5,18.69
2011-05-04,39.7,18.58
2011-05-05,39.47,18.7
2011-05-06,39.62,18.72
2011-05-09,39.74,18.72
2011-05-10,39.64,18.93
2011-05-11,39.03,18.63
2011-05-12,39.38,18.75
2011-05-13,38.62,18.56
2011-05-16,38.23,18.36
2011-05-17,38.23,18.24
2011-05-18,38.75,18.51
2011-05-19,38.83,18.53
2011-05-20,38.35,18.43
2011-05-23,37.92,18.2
2011-05-24,37.35,18.12
2011-05-25,37.85,18.32
2011-05-26,37.99,18.53
2011-05-27,39.06,18.7
2011-05-31,39.6,18.9
2011-06-01,37.94,18.41
2011-06-02,37.79,18.22
2011-06-03,37.65,17.9
2011-06-06,37.43,17.55
2011-06-07,36.88,17.47
2011-06-08,36.08,17.2
2011-06-09,36.57,17.4
2011-06-10,35.81,17.07
2011-06-13,36.07,17.17
2011-06-14,37.11,17.59
2011-06-15,36.26,17.195
2011-06-16,36.28,17.29
2011-06-17,37.11,17.43
2011-06-20,37.39,17.68
2011-06-21,38.54,18.01
2011-06-22,38.88,17.89
2011-06-23,39.17,18.1
2011-06-24,39.17,17.89
2011-06-27,39.52,17.92
2011-06-28,40.16,18.14
2011-06-29,41.36,18.01
2011-06-30,41.66,18.06
2011-07-01,42.4,18.45
2011-07-05,42.25,18.39
2011-07-06,41.99,18.35
2011-07-07,42.71,18.51
2011-07-08,42.47,18.3
2011-07-11,41.26,17.83
2011-07-12,41.14,17.769
2011-07-13,41.07,17.83
2011-07-14,40.76,17.68
2011-07-15,40.85,17.58
2011-07-18,40.59,17.31
2011-07-19,41.51,17.77
2011-07-20,39.69,17.74
2011-07-21,40.0,17.86
2011-07-22,40.01,17.7
2011-07-25,39.52,17.5
2011-07-26,38.8,17.265
2011-07-27,37.2,16.85
2011-07-28,37.21,16.72
2011-07-29,36.95,16.78
2011-08-01,37.51,16.58
2011-08-02,36.03,15.851
2011-08-03,36.34,15.88
2011-08-04,34.29,14.96
2011-08-05,33.15,14.84
2011-08-08,30.35,13.57
2011-08-09,31.85,14.13
2011-08-10,30.31,13.4
2011-08-11,32.05,14.03
2011-08-12,32.45,14.26
2011-08-15,32.89,14.67
2011-08-16,32.34,14.54
2011-08-17,31.89,14.33
2011-08-18,29.72,13.47
2011-08-19,28.83,13.18
2011-08-22,28.92,13.17
2011-08-23,30.08,13.49
2011-08-24,30.95,13.86
2011-08-25,29.68,13.89
2011-08-26,30.25,14.31
2011-08-29,31.52,15.0
2011-08-30,31.39,15.17
2011-08-31,31.88,15.07
2011-09-01,30.82,14.77
2011-09-02,29.86,14.22
2011-09-06,29.81,14.16
2011-09-07,30.61,14.65
2011-09-08,29.77,14.305
2011-09-09,28.9,13.86
2011-09-12,28.7,14.0
2011-09-13,28.74,14.1
2011-09-14,29.24,14.5
2011-09-15,30.43,14.62
2011-09-16,30.19,14.59
2011-09-19,30.11,14.44
2011-09-20,29.4,14.33
2011-09-21,27.93,13.81
2011-09-22,26.6,13.26
2011-09-23,26.73,13.44
2011-09-26,27.27,13.88
2011-09-27,28.1,14.02
2011-09-28,26.71,13.575
2011-09-29,27.4,13.83
2011-09-30,26.37,13.29
2011-10-03,25.45,12.55
2011-10-04,27.56,13.2
2011-10-05,27.98,13.66
2011-10-06,28.96,14.06
2011-10-07,28.54,13.83
2011-10-10,29.79,14.49
2011-10-11,30.14,14.51
2011-10-12,31.72,14.77
2011-10-13,31.33,14.71
2011-10-14,32.34,15.03
2011-10-17,31.25,14.49
2011-10-18,32.34,15.35
2011-10-19,31.79,15.18
2011-10-20,31.57,15.4
2011-10-21,32.69,16.025
2011-10-24,33.24,16.49
2011-10-25,32.38,16.03
2011-10-26,32.6,16.38
2011-10-27,33.25,16.98
2011-10-28,33.62,16.58
2011-10-31,32.93,16.14
2011-11-01,31.17,15.52
2011-11-02,31.75,15.87
2011-11-03,32.81,16.16
2011-11-04,32.55,16.17
2011-11-07,32.47,16.26
2011-11-08,32.62,16.62
2011-11-09,30.56,15.817
2011-11-10,30.85,16.0
2011-11-11,31.85,16.49
2011-11-14,31.72,16.31
2011-11-15,31.53,16.48
2011-11-16,31.1,16.35
2011-11-17,29.78,16.07
2011-11-18,29.76,15.99
2011-11-21,28.76,15.61
2011-11-22,28.63,15.56
2011-11-23,27.77,15.07
2011-11-25,27.59,14.96
2011-11-28,29.13,15.51
2011-11-29,28.9,15.72
2011-11-30,31.48,16.54
2011-12-01,31.1,16.63
2011-12-02,31.73,16.79
2011-12-05,32.42,17.12
2011-12-06,32.28,17.15
2011-12-07,32.48,17.22
2011-12-08,31.44,16.66
2011-12-09,31.95,17.14
2011-12-12,31.46,16.92
2011-12-13,29.99,16.33
2011-12-14,28.87,15.83
2011-12-15,28.85,16.04
2011-12-16,28.96,16.13
2011-12-19,28.39,15.95
2011-12-20,29.48,16.79
2011-12-21,29.88,17.03
2011-12-22,30.42,17.095
2011-12-23,31.05,17.085
2011-12-27,31.01,17.005
2011-12-28,30.65,16.65
2011-12-29,31.04,17.25
2011-12-30,31.26,17.1
2012-01-03,32.22,17.37
2012-01-04,32.5,17.58
2012-01-05,32.9,18.03
2012-01-06,33.17,17.93
2012-01-09,33.23,18.03
2012-01-10,34.36,18.35
2012-01-11,34.52,18.65
2012-01-12,35.1,18.65
2012-01-13,35.05,18.43
2012-01-17,34.92,18.47
2012-01-18,35.58,19.12
2012-01-19,32.46,19.17
2012-01-20,31.5,18.68
2012-01-23,31.34,18.6
2012-01-24,31.75,18.9
2012-01-25,31.92,19.3
2012-01-26,31.67,19.05
2012-01-27,31.66,19.2
2012-01-30,31.87,18.94
2012-01-31,31.77,18.67
2012-02-01,31.99,19.24
2012-02-02,32.44,19.45
2012-02-03,33.62,20.29
2012-02-06,33.54,20.23
2012-02-07,33.0,20.155
2012-02-08,32.5,20.21
2012-02-09,33.07,20.25
2012-02-10,32.95,19.955
2012-02-13,33.38,20.35
2012-02-14,33.27,20.12
2012-02-15,33.3,19.86
2012-02-16,34.44,20.02
2012-02-17,35.16,20.1
2012-02-21,35.13,19.85
2012-02-22,34.65,19.56
2012-02-23,33.47,19.94
2012-02-24,33.19,19.65
2012-02-27,33.27,19.97
2012-02-28,33.18,19.91
2012-02-29,32.63,20.125
2012-03-01,33.41,20.07
2012-03-02,33.26,19.805
2012-03-05,32.71,19.9
2012-03-06,31.06,19.3
2012-03-07,31.26,19.75
2012-03-08,31.96,20.21
2012-03-09,32.31,20.61
2012-03-12,31.7,20.74
2012-03-13,32.06,21.41
2012-03-14,32.07,21.29
2012-03-15,32.91,21.83
2012-03-16,32.66,21.51
2012-03-19,32.56,21.54
2012-03-20,32.38,21.37
2012-03-21,32.34,21.6
2012-03-22,31.66,21.33
2012-03-23,32.08,21.23
2012-03-26,32.78,21.485
2012-03-27,32.53,21.67
2012-03-28,32.13,21.72
2012-03-29,32.27,21.57
2012-03-30,32.48,21.35
2012-04-02,32.85,21.19
2012-04-03,32.6,21.19
2012-04-04,31.82,20.99
2012-04-05,31.72,20.99
2012-04-09,31.33,20.82
2012-04-10,30.65,19.94
2012-04-11,30.86,20.51
2012-04-12,31.83,21.03
2012-04-13,32.57,20.73
2012-04-16,32.4,20.8
2012-04-17,33.16,21.08
2012-04-18,32.84,20.79
2012-04-19,32.35,20.525
2012-04-20,31.96,20.5
2012-04-23,31.31,20.24
2012-04-24,31.02,20.53
2012-04-25,31.66,20.94
2012-04-26,32.02,21.35
2012-04-27,32.33,21.9
2012-04-30,31.97,21.515
2012-05-01,32.38,21.78
2012-05-02,32.42,22.21
2012-05-03,32.54,21.84
2012-05-04,31.61,21.47
2012-05-07,31.56,21.46
2012-05-08,31.77,21.19
2012-05-09,31.61,21.35
2012-05-10,31.79,21.27
2012-05-11,31.82,21.54
2012-05-14,31.76,21.11
2012-05-15,31.38,21.23
2012-05-16,31.3,21.06
2012-05-17,30.43,19.97
2012-05-18,29.55,19.73
2012-05-21,30.32,20.13
2012-05-22,30.36,20.47
2012-05-23,30.84,20.68
2012-05-24,30.83,20.95
2012-05-25,30.54,21.04
2012-05-29,31.26,21.52
2012-05-30,30.52,20.77
2012-05-31,30.14,20.71
2012-06-01,29.03,19.54
2012-06-04,28.6,19.06
2012-06-05,28.86,19.53
2012-06-06,29.6,19.91
2012-06-07,29.45,19.98
2012-06-08,29.46,20.38
2012-06-11,28.34,19.7
2012-06-12,28.6,20.025
2012-06-13,27.98,19.59
2012-06-14,27.98,20.09
2012-06-15,28.21,20.23
2012-06-18,28.04,20.63
2012-06-19,28.75,20.85
2012-06-20,28.41,20.66
2012-06-21,27.37,19.705
2012-06-22,26.95,19.85
2012-06-25,26.57,19.55
2012-06-26,26.69,19.97
2012-06-27,26.88,20.32
2012-06-28,26.69,20.52
2012-06-29,27.71,21.345
2012-07-02,27.04,21.53
2012-07-03,27.81,21.61
2012-07-05,27.74,21.85
2012-07-06,27.03,21.69
2012-07-09,26.75,21.58
2012-07-10,26.77,21.15
2012-07-11,26.89,20.94
2012-07-12,26.64,21.24
2012-07-13,27.56,21.62
2012-07-16,27.43,21.395
2012-07-17,27.49,21.42
2012-07-18,28.32,21.56
2012-07-19,26.07,21.71
2012-07-20,25.28,21.63
2012-07-23,24.51,21.57
2012-07-24,23.51,21.115
2012-07-25,23.68,20.89
2012-07-26,24.14,21.52
2012-07-27,25.06,21.875
2012-07-30,24.71,21.5
2012-07-31,24.65,21.04
2012-08-01,24.31,20.84
2012-08-02,23.83,20.97
2012-08-03,24.59,21.44
2012-08-06,24.95,21.59
2012-08-07,26.02,21.99
2012-08-08,25.53,22.17
2012-08-09,25.91,22.43
2012-08-10,26.11,22.14
2012-08-13,26.13,22.2
2012-08-14,26.23,22.3
2012-08-15,26.35,22.37
2012-08-16,27.0,23.09
2012-08-17,27.38,23.43
2012-08-20,27.27,23.0
2012-08-21,26.99,22.91
2012-08-22,27.11,23.27
2012-08-23,26.91,23.16
2012-08-24,26.98,23.42
2012-08-27,26.93,23.29
2012-08-28,27.03,23.33
2012-08-29,27.15,23.48
2012-08-30,27.15,23.3
2012-08-31,27.21,23.59
2012-09-04,26.85,23.86
2012-09-05,26.7,23.78
2012-09-06,27.49,24.35
2012-09-07,27.77,24.39
2012-09-10,27.71,24.28
2012-09-11,28.14,24.39
2012-09-12,28.51,24.87
2012-09-13,28.78,25.295
2012-09-14,29.2,25.87
2012-09-17,28.71,25.47
2012-09-18,28.43,25.215
2012-09-19,29.08,25.66
2012-09-20,28.69,25.71
2012-09-21,28.45,25.93
2012-09-24,28.49,25.621
2012-09-25,27.49,25.175
2012-09-26,27.42,24.6
2012-09-27,27.62,25.04
2012-09-28,27.4,24.83
2012-10-01,27.65,24.7
2012-10-02,27.55,24.83
2012-10-03,27.55,25.38
2012-10-04,27.88,25.56
2012-10-05,27.85,25.84
2012-10-08,27.61,25.64
2012-10-09,26.85,25.01
2012-10-10,26.07,24.93
2012-10-11,26.23,24.74
2012-10-12,25.87,24.62
2012-10-15,26.0,25.18
2012-10-16,26.28,25.39
2012-10-17,26.33,25.88
2012-10-18,26.75,26.17
2012-10-19,26.19,26.11
2012-10-22,26.42,26.01
2012-10-23,26.17,25.89
2012-10-24,25.86,25.91
2012-10-25,26.16,25.62
2012-10-26,25.81,25.52
2012-10-31,25.75,26.04
2012-11-01,26.04,26.83
2012-11-02,26.25,26.36
2012-11-05,26.5,26.74
2012-11-06,26.72,26.7
2012-11-07,25.92,26.43
2012-11-08,25.59,25.96
2012-11-09,25.52,25.67
2012-11-12,25.54,25.29
2012-11-13,25.17,25.3
2012-11-14,24.94,24.61
2012-11-15,25.11,24.35
2012-11-16,25.09,24.89
2012-11-19,26.03,25.39
2012-11-20,26.19,25.97
2012-11-21,26.76,26.03
2012-11-23,27.22,26.37
2012-11-26,27.08,26.23
2012-11-27,26.97,26.22
2012-11-28,27.56,26.27
2012-11-29,27.67,26.28
2012-11-30,27.54,26.32
2012-12-03,27.28,26.21
2012-12-04,27.61,26.29
2012-12-05,27.41,25.65
2012-12-06,27.58,25.57
2012-12-07,28.14,25.58
2012-12-10,28.59,25.5487
2012-12-11,28.74,25.43
2012-12-12,28.65,25.85
2012-12-13,28.37,25.8
2012-12-14,28.2,25.6
2012-12-17,28.69,26.34
2012-12-18,29.22,26.89
2012-12-19,29.76,26.77
2012-12-20,30.01,26.86
2012-12-21,30.12,26.45
2012-12-24,30.15,26.29
2012-12-26,30.23,26.03
2012-12-27,30.38,26.03
2012-12-28,30.11,25.9
2012-12-31,30.67,26.6
2013-01-02,31.49,27.31
2013-01-03,31.8,27.39
2013-01-04,31.39,27.61
2013-01-07,31.53,27.42
2013-01-08,31.19,27.51
2013-01-09,31.42,27.75
2013-01-10,31.49,27.73
2013-01-11,31.67,27.77
2013-01-14,31.73,27.66
2013-01-15,31.82,27.87
2013-01-16,31.57,27.64
2013-01-17,31.96,28.15
2013-01-18,31.01,28.21
2013-01-22,30.85,28.31
2013-01-23,30.73,28.53
2013-01-24,30.88,28.84
2013-01-25,30.94,29.11
2013-01-28,30.89,28.81
2013-01-29,31.11,29.1
2013-01-30,31.05,28.82
2013-01-31,31.09,28.82
2013-02-01,31.24,28.75
2013-02-04,30.83,28.41
2013-02-05,31.37,28.63
2013-02-06,31.34,28.59
2013-02-07,30.62,28.31
2013-02-08,31.15,28.42
2013-02-11,31.17,28.38
2013-02-12,31.42,29.24
2013-02-13,31.65,29.26
2013-02-14,31.83,29.15
2013-02-15,32.14,29.08
2013-02-19,32.46,29.02
2013-02-20,31.84,27.73
2013-02-21,31.67,27.59
2013-02-22,31.31,27.94
2013-02-25,30.67,26.97
2013-02-26,30.83,27.77
2013-02-27,31.41,28.37
2013-02-28,31.47,28.3
2013-03-01,31.49,28.39
2013-03-04,31.49,28.75
2013-03-05,32.0,29.19
2013-03-06,32.63,29.2484
2013-03-07,33.41,29.19
2013-03-08,33.73,29.51
2013-03-11,33.97,29.68
2013-03-12,34.28,29.39
2013-03-13,34.47,29.53
2013-03-14,34.93,29.8
2013-03-15,34.97,29.7
2013-03-18,34.73,29.78
2013-03-19,34.77,29.8
2013-03-20,35.05,30.52
2013-03-21,34.86,29.93
2013-03-22,34.79,30.01
2013-03-25,34.61,29.89
2013-03-26,35.05,29.96
2013-03-27,35.09,30.13
2013-03-28,35.07,30.06
2013-04-01,34.43,29.55
2013-04-02,34.21,29.35
2013-04-03,33.78,28.52
2013-04-04,33.34,28.7
2013-04-05,33.02,28.91
2013-04-08,33.29,29.49
2013-04-09,33.5,29.27
2013-04-10,33.96,29.45
2013-04-11,33.98,29.56
2013-04-12,34.07,29.64
2013-04-15,33.04,28.17
2013-04-16,33.42,28.74
2013-04-17,32.54,28.38
2013-04-18,32.17,28.02
2013-04-19,32.64,28.7
2013-04-22,33.15,28.91
2013-04-23,33.49,29.65
2013-04-24,34.24,29.98
2013-04-25,35.11,30.4
2013-04-26,35.09,30.49
2013-04-29,35.1,30.5
2013-04-30,35.01,30.29
2013-05-01,34.49,29.83
2013-05-02,34.37,30.48
2013-05-03,34.89,30.86
2013-05-06,35.32,31.17
2013-05-07,35.75,31.28
2013-05-08,35.78,31.4
2013-05-09,36.24,31.47
2013-05-10,36.47,31.91
2013-05-13,36.82,31.92
2013-05-14,37.22,32.35
2013-05-15,36.75,32.44
2013-05-16,36.63,31.9
2013-05-17,37.54,32.42
2013-05-20,37.69,32.13
2013-05-21,37.57,32.06
2013-05-22,37.38,31.62
2013-05-23,37.17,31.79
2013-05-24,37.03,31.72
2013-05-28,38.06,31.93
2013-05-29,38.02,31.2
2013-05-30,37.81,31.22
2013-05-31,37.36,30.8999
2013-06-03,37.52,30.63
2013-06-04,37.16,29.98
2013-06-05,36.31,29.6
2013-06-06,36.75,30.29
2013-06-07,37.62,30.51
2013-06-10,37.58,30.26
2013-06-11,37.08,29.81
2013-06-12,36.52,29.75
2013-06-13,37.9,30.83
2013-06-14,37.57,30.83
2013-06-17,37.63,31.29
2013-06-18,37.49,31.57
2013-06-19,36.69,30.85
2013-06-20,35.36,29.365
2013-06-21,35.29,28.87
2013-06-24,34.8,28.42
2013-06-25,35.36,28.83
2013-06-26,35.72,29.09
2013-06-27,36.03,29.81
2013-06-28,35.79,29.42
2013-07-01,35.91,29.72
2013-07-02,35.74,29.45
2013-07-03,35.54,29.61
2013-07-05,35.61,29.45
2013-07-08,36.0,29.22
2013-07-09,36.25,30.03
2013-07-10,36.04,30.06
2013-07-11,36.5,31.14
2013-07-12,36.91,31.15
2013-07-15,37.24,30.85
2013-07-16,37.15,30.57
2013-07-17,37.34,30.66
2013-07-18,40.43,30.58
2013-07-19,40.95,30.79
2013-07-22,40.92,30.7
2013-07-23,41.06,30.83
2013-07-24,41.07,30.19
2013-07-25,41.23,29.77
2013-07-26,40.96,29.61
2013-07-29,41.09,29.41
2013-07-30,40.46,29.7
2013-07-31,40.21,30.09
2013-08-01,41.12,30.34
2013-08-02,41.3,30.8
2013-08-05,40.92,30.61
2013-08-06,40.42,29.91
2013-08-07,40.04,29.43
2013-08-08,41.01,29.62
2013-08-09,41.43,29.53
2013-08-12,41.45,29.69
2013-08-13,41.48,29.44
2013-08-14,41.83,28.93
2013-08-15,40.68,28.97
2013-08-16,40.54,28.991
2013-08-19,40.16,28.32
2013-08-20,40.51,29.07
2013-08-21,40.58,28.98
2013-08-22,41.35,29.49
2013-08-23,41.63,29.08
2013-08-26,41.67,29.27
2013-08-27,40.11,28.62
2013-08-28,40.47,28.58
2013-08-29,40.85,28.92
2013-08-30,40.53,28.55
2013-09-03,40.73,28.57
2013-09-04,41.39,28.7
2013-09-05,41.37,28.64
2013-09-06,41.02,29.0
2013-09-09,41.66,29.99
2013-09-10,42.52,30.03
2013-09-11,42.74,30.24
2013-09-12,42.33,30.13
2013-09-13,42.17,30.225
2013-09-16,42.73,30.46
2013-09-17,42.78,30.76
2013-09-18,43.06,31.725
2013-09-19,42.95,31.335
2013-09-20,42.67,30.74
2013-09-23,42.51,30.4
2013-09-24,42.98,30.78
2013-09-25,42.93,30.82
2013-09-26,42.99,30.88
2013-09-27,42.53,30.65
2013-09-30,41.5,30.599
2013-10-01,41.46,30.81
2013-10-02,41.47,30.86
2013-10-03,41.07,30.43
2013-10-04,41.14,30.26
2013-10-07,40.74,29.85
2013-10-08,39.89,29.16
2013-10-09,40.18,29.095
2013-10-10,41.6,29.71
2013-10-11,42.1,30.21
2013-10-14,42.28,29.97
2013-10-15,41.7,29.35
2013-10-16,42.15,29.62
2013-10-17,42.64,29.88
2013-10-18,43.11,29.88
2013-10-21,43.02,29.71
2013-10-22,43.26,30.41
2013-10-23,42.8,30.55
2013-10-24,42.99,31.25
2013-10-25,43.01,31.17
2013-10-28,42.82,31.03
2013-10-29,45.05,31.36
2013-10-30,45.05,30.985
2013-10-31,46.15,30.515
2013-11-01,45.94,30.34
2013-11-04,46.55,30.72
2013-11-05,46.36,30.47
2013-11-06,46.62,30.48
2013-11-07,46.02,30.17
2013-11-08,47.66,30.2
2013-11-11,47.5,30.18
2013-11-12,48.0,30.33
2013-11-13,48.53,30.73
2013-11-14,49.07,31.23
2013-11-15,49.45,31.39
2013-11-18,49.26,31.12
2013-11-19,48.37,31.06
2013-11-20,48.22,30.95
2013-11-21,50.35,31.609
2013-11-22,50.68,31.38
2013-11-25,50.38,31.37
2013-11-26,50.17,32.02
2013-11-27,50.46,32.03
2013-11-29,50.51,31.94
2013-12-02,50.01,31.34
2013-12-03,49.88,31.13
2013-12-04,49.9,30.98
2013-12-05,49.93,30.87
2013-12-06,50.41,31.3
2013-12-09,50.91,31.42
2013-12-10,51.45,31.25
2013-12-11,50.16,30.78
2013-12-12,49.99,30.79
2013-12-13,50.0,30.79
2013-12-16,50.95,31.02
2013-12-17,51.32,31.08
2013-12-18,51.34,32.02
2013-12-19,50.16,31.76
2013-12-20,50.31,32.14
2013-12-23,50.77,32.87
2013-12-24,51.03,32.88
2013-12-26,51.06,32.96
2013-12-27,50.66,32.97
2013-12-30,50.89,33.13
2013-12-31,51.3,33.3
2014-01-02,50.78,33.1
2014-01-03,50.52,33.15
2014-01-06,50.31,32.53
2014-01-07,50.61,32.54
2014-01-08,51.19,32.81
2014-01-09,51.26,32.43
2014-01-10,51.59,32.82
2014-01-13,51.19,32.08
2014-01-14,51.92,32.3
2014-01-15,51.39,32.24
2014-01-16,51.29,32.26
2014-01-17,51.06,31.84
2014-01-21,51.55,31.83
2014-01-22,51.56,32.17
2014-01-23,49.3,32.2
2014-01-24,48.21,31.2
2014-01-27,47.24,31.05
2014-01-28,47.33,31.62
2014-01-29,46.31,31.29
2014-01-30,46.92,31.27
2014-01-31,46.12,31.57
2014-02-03,44.05,30.58
2014-02-04,44.75,30.96
2014-02-05,44.63,30.87
2014-02-06,45.74,31.73
2014-02-07,46.67,31.99
2014-02-10,46.43,31.8
2014-02-11,47.26,31.93
2014-02-12,48.32,32.17
2014-02-13,48.95,32.32
2014-02-14,49.0,32.54
2014-02-18,49.27,32.47
2014-02-19,49.3,32.3
2014-02-20,49.86,32.59
2014-02-21,49.72,32.83
2014-02-24,49.72,32.9
2014-02-25,49.72,33.09
2014-02-26,49.9,33.97
2014-02-27,49.67,34.21
2014-02-28,49.4,34.03
2014-03-03,48.61,33.69
2014-03-04,49.26,34.0
2014-03-05,48.84,33.94
2014-03-06,48.81,33.84
2014-03-07,48.98,33.66
2014-03-10,48.59,33.33
2014-03-11,47.22,33.21
2014-03-12,46.88,33.17
2014-03-13,45.56,32.61
2014-03-14,45.81,32.67
2014-03-17,46.58,33.01
2014-03-18,46.94,33.3
2014-03-19,46.58,33.26
2014-03-20,46.98,32.88
2014-03-21,47.01,32.44
2014-03-24,46.17,32.2
2014-03-25,45.77,32.3
2014-03-26,45.63,31.73
2014-03-27,45.68,31.68
2014-03-28,46.55,32.24
2014-03-31,47.32,32.55
2014-04-01,48.21,32.88
2014-04-02,49.11,33.02
2014-04-03,48.48,32.94
2014-04-04,47.63,32.66
2014-04-07,46.18,31.77
2014-04-08,46.5,31.89
2014-04-09,47.51,32.14
2014-04-10,46.32,31.58
2014-04-11,45.64,31.25
2014-04-14,46.11,31.23
2014-04-15,45.96,31.18
2014-04-16,46.73,31.53
2014-04-17,46.83,31.43
2014-04-21,47.38,31.5
2014-04-22,48.25,31.81
2014-04-23,46.46,31.38
2014-04-24,45.77,31.71
2014-04-25,44.49,31.01
2014-04-28,43.64,30.99
2014-04-29,44.14,30.96
2014-04-30,45.14,31.0
2014-05-01,45.18,31.3
2014-05-02,45.21,31.76
2014-05-05,45.05,31.35
2014-05-06,44.16,30.725
2014-05-07,44.44,30.71
2014-05-08,44.86,30.69
2014-05-09,44.5,30.97
2014-05-12,45.32,31.65
2014-05-13,45.08,31.48
2014-05-14,45.31,30.8
2014-05-15,44.63,30.55
2014-05-16,44.78,30.87
2014-05-19,46.69,30.87
2014-05-20,46.68,30.59
2014-05-21,47.61,30.7
2014-05-22,47.78,31.28
2014-05-23,48.24,31.78
2014-05-27,48.86,31.85
2014-05-28,48.56,31.62
2014-05-29,48.42,31.63
2014-05-30,48.36,31.5
2014-06-02,48.65,31.51
2014-06-03,48.75,31.56
2014-06-04,49.04,31.64
2014-06-05,49.82,31.91
2014-06-06,50.31,32.41
2014-06-09,50.05,32.77
2014-06-10,49.95,32.54
2014-06-11,49.74,32.12
2014-06-12,49.42,31.92
2014-06-13,49.64,31.78
2014-06-16,49.82,32.06
2014-06-17,49.84,32.2
2014-06-18,50.27,32.3
2014-06-19,49.93,32.33
2014-06-20,50.61,32.15
2014-06-23,50.29,32.21
2014-06-24,49.81,32.21
2014-06-25,50.06,32.46
2014-06-26,50.03,32.35
2014-06-27,50.07,32.52
2014-06-30,49.93,32.75
2014-07-01,50.98,33.02
2014-07-02,50.92,32.71
2014-07-03,51.43,33.0
2014-07-07,50.95,32.46
2014-07-08,50.43,32.27
2014-07-09,50.73,32.03
2014-07-10,50.41,31.5
2014-07-11,50.73,31.37
2014-07-14,51.41,31.37
2014-07-15,50.93,31.11
2014-07-16,50.39,31.35
2014-07-17,49.88,30.73
2014-07-18,49.16,30.95
2014-07-21,49.65,30.99
2014-07-22,49.23,31.4
2014-07-23,48.91,31.58
2014-07-24,48.61,31.06
2014-07-25,48.59,30.75
2014-07-28,48.65,30.27
2014-07-29,48.44,30.15
2014-07-30,48.21,30.02
2014-07-31,47.24,29.46
2014-08-01,46.67,29.51
2014-08-04,47.76,29.765
2014-08-05,47.45,29.66
2014-08-06,47.54,29.71
2014-08-07,47.56,29.59
2014-08-08,48.28,30.34
2014-08-11,48.24,30.42
2014-08-12,47.97,30.17
2014-08-13,47.59,30.32
2014-08-14,47.66,30.8
2014-08-15,47.33,30.58
2014-08-18,48.14,31.14
2014-08-19,48.62,31.77
2014-08-20,48.81,31.77
2014-08-21,48.62,31.74
2014-08-22,48.45,31.85
2014-08-25,48.89,31.68
2014-08-26,48.65,31.77
2014-08-27,48.49,31.79
2014-08-28,48.5,31.5
2014-08-29,48.81,31.55
2014-09-02,48.71,31.55
2014-09-03,48.3,31.18
2014-09-04,48.1,31.36
2014-09-05,47.95,31.47
2014-09-08,47.73,31.41
2014-09-09,47.05,31.24
2014-09-10,46.97,31.34
2014-09-11,46.97,31.34
2014-09-12,46.58,31.0
2014-09-15,46.02,30.94
2014-09-16,46.01,31.1
2014-09-17,46.37,31.49
2014-09-18,46.54,31.18
2014-09-19,46.5,30.84
2014-09-22,45.7,30.27
2014-09-23,45.3,30.15
2014-09-24,45.32,30.33
2014-09-25,44.65,30.02
2014-09-26,45.02,30.11
2014-09-29,44.39,29.96
2014-09-30,44.0,29.59
2014-10-01,44.07,29.16
2014-10-02,44.68,29.45
2014-10-03,44.82,29.77
2014-10-06,44.72,29.78
2014-10-07,43.72,29.37
2014-10-08,44.22,29.75
2014-10-09,42.28,29.14
2014-10-10,41.27,28.61
2014-10-13,40.24,28.02
2014-10-14,40.34,28.29
2014-10-15,39.9,28.74
2014-10-16,40.69,28.89
2014-10-17,40.92,29.36
2014-10-20,40.79,29.99
2014-10-21,41.99,30.49
2014-10-22,41.68,30.22
2014-10-23,42.76,30.69
2014-10-24,43.57,30.76
2014-10-27,43.74,30.76
2014-10-28,44.4,31.1
2014-10-29,44.42,30.75
2014-10-30,45.79,31.02
2014-10-31,47.25,31.13
2014-11-03,47.83,31.28
2014-11-04,47.69,31.03
2014-11-05,48.56,31.13
2014-11-06,49.41,31.71
2014-11-07,48.76,31.82
2014-11-10,49.17,31.93
2014-11-11,49.58,32.31
2014-11-12,49.54,32.3
2014-11-13,49.41,32.2
2014-11-14,49.41,32.27
2014-11-17,49.72,32.17
2014-11-18,50.23,32.25
2014-11-19,50.19,32.41
2014-11-20,50.07,33.1
2014-11-21,50.17,33.27
2014-11-24,50.52,33.6
2014-11-25,50.27,33.5
2014-11-26,49.89,33.33
2014-11-28,50.0,33.47
2014-12-01,49.18,33.12
2014-12-02,49.94,33.22
2014-12-03,50.34,33.35
2014-12-04,49.9,33.19
2014-12-05,49.6,33.26
2014-12-08,48.89,33.1
2014-12-09,48.17,33.19
2014-12-10,46.8,32.36
2014-12-11,47.3,32.63
2014-12-12,46.12,32.3
2014-12-15,45.64,32.24
2014-12-16,44.9,31.925
2014-12-17,45.68,32.83
2014-12-18,47.2,33.31
2014-12-19,48.22,33.28
2014-12-22,48.5,33.42
2014-12-23,48.73,33.61
2014-12-24,48.5,33.61
2014-12-26,48.87,33.69
2014-12-29,48.97,34.01
2014-12-30,48.4,34.0
2014-12-31,48.34,34.12
2015-01-02,48.0,33.81
2015-01-05,46.31,33.45
2015-01-06,45.78,33.16
2015-01-07,46.38,34.07
2015-01-08,47.25,34.89
2015-01-09,46.76,34.93
2015-01-12,46.09,35.08
2015-01-13,45.91,34.55
2015-01-14,45.22,34.46
2015-01-15,44.95,33.04
2015-01-16,45.39,33.65
2015-01-20,45.24,33.09
2015-01-21,45.85,33.42
2015-01-22,48.03,33.84
2015-01-23,47.6,33.82
2015-01-26,47.4,34.35
2015-01-27,46.48,34.4
2015-01-28,46.05,34.33
2015-01-29,47.02,35.01
2015-01-30,46.47,34.29
2015-02-02,47.44,34.55
2015-02-03,48.49,35.1
2015-02-04,48.11,35.64
2015-02-05,48.37,35.26
2015-02-06,48.63,35.45
2015-02-09,48.19,35.41
2015-02-10,48.22,35.88
2015-02-11,47.84,35.78
2015-02-12,48.0,36.27
2015-02-13,48.5,36.36
2015-02-17,48.85,36.53
2015-02-18,49.81,36.46
2015-02-19,49.9,36.44
2015-02-20,50.58,36.61
2015-02-23,50.23,36.59
2015-02-24,50.79,37.01
2015-02-25,51.34,36.35
2015-02-26,50.96,36.29
2015-02-27,50.81,36.34
2015-03-02,51.9,36.4
2015-03-03,51.45,35.94
2015-03-04,50.7,35.93
2015-03-05,50.58,35.97
2015-03-06,49.86,35.31
2015-03-09,49.96,35.37
2015-03-10,49.19,35.12
2015-03-11,48.42,35.36
2015-03-12,49.13,35.83
2015-03-13,48.82,35.51
2015-03-16,49.73,35.6
2015-03-17,49.47,35.39
2015-03-18,50.28,35.85
2015-03-19,49.76,35.86
2015-03-20,50.4,36.43
2015-03-23,50.59,36.2
2015-03-24,49.85,36.55
2015-03-25,48.82,35.96
2015-03-26,49.19,35.68
2015-03-27,49.08,36.2
2015-03-30,49.83,36.85
2015-03-31,50.44,36.86
2015-04-01,49.57,36.54
2015-04-02,50.16,36.99
2015-04-06,50.49,36.85
2015-04-07,50.21,36.38
2015-04-08,50.63,36.8
2015-04-09,50.55,36.42
2015-04-10,50.09,36.5
2015-04-13,49.6,36.31
2015-04-14,49.78,36.53
2015-04-15,50.0,36.67
2015-04-16,50.26,36.02
2015-04-17,50.54,35.61
2015-04-20,51.11,35.73
2015-04-21,51.03,36.07
2015-04-22,51.33,35.91
2015-04-23,52.9,35.35
2015-04-24,52.48,35.95
2015-04-27,52.06,35.51
2015-04-28,51.81,35.61
2015-04-29,51.18,35.19
2015-04-30,50.38,34.6
2015-05-01,51.1,35.25
2015-05-04,51.06,35.26
2015-05-05,50.18,34.92
2015-05-06,49.61,34.87
2015-05-07,49.6,35.32
2015-05-08,50.22,35.7999
2015-05-11,50.34,35.56
2015-05-12,49.94,35.33
2015-05-13,49.96,35.33
2015-05-14,50.45,35.66
2015-05-15,50.48,35.95
2015-05-18,50.46,36.31
2015-05-19,49.99,36.53
2015-05-20,50.51,36.36
2015-05-21,51.3,36.4
2015-05-22,51.23,36.2
2015-05-26,51.04,35.94
2015-05-27,51.46,36.22
2015-05-28,53.0,36.27
2015-05-29,52.02,35.94
2015-06-01,52.7,36.04
2015-06-02,52.8,36.13
2015-06-03,52.87,36.38
2015-06-04,52.54,35.94
2015-06-05,52.18,36.06
2015-06-08,51.55,35.77
2015-06-09,51.56,35.67
2015-06-10,53.59,36.23
2015-06-11,52.97,36.41
2015-06-12,52.35,36.48
2015-06-15,51.58,36.42
2015-06-16,51.69,36.46
2015-06-17,51.84,36.43
2015-06-18,51.96,36.68
2015-06-19,51.36,36.84
2015-06-22,51.8,37.19
2015-06-23,52.01,37.24
2015-06-24,51.15,37.28
2015-06-25,51.06,37.22
2015-06-26,51.11,37.32
2015-06-29,49.85,36.49
2015-06-30,49.53,36.62
2015-07-01,50.23,36.9
2015-07-02,49.44,36.7
2015-07-06,50.54,36.61
2015-07-07,50.95,36.77
2015-07-08,48.59,36.24
2015-07-09,48.72,36.4
2015-07-10,49.03,36.77
2015-07-13,49.42,37.13
2015-07-14,49.31,37.17
2015-07-15,48.67,36.91
2015-07-16,47.53,36.95
2015-07-17,47.6,36.66
2015-07-20,47.43,36.54
2015-07-21,47.11,36.48
2015-07-22,46.43,37.19
2015-07-23,46.34,37.07
2015-07-24,44.24,36.45
2015-07-27,44.0,36.12
2015-07-28,44.44,36.6
2015-07-29,45.15,37.08
2015-07-30,45.59,37.3
2015-07-31,45.56,37.58
2015-08-03,45.99,37.26
2015-08-04,45.89,37.19
2015-08-05,46.4,37.02
2015-08-06,46.26,36.77
2015-08-07,46.41,36.97
2015-08-10,47.32,37.52
2015-08-11,45.62,37.51
2015-08-12,45.38,37.55
2015-08-13,45.18,37.92
2015-08-14,45.5,38.14
2015-08-17,45.68,38.57
2015-08-18,45.52,39.05
2015-08-19,44.62,39.08
2015-08-20,43.18,38.12
2015-08-21,42.06,37.26
2015-08-24,40.21,35.635
2015-08-25,38.95,34.89
2015-08-26,40.21,35.69
2015-08-27,41.15,36.18
2015-08-28,41.49,36.17
2015-08-31,41.14,36.23
2015-09-01,39.37,35.3
2015-09-02,39.68,36.14
2015-09-03,39.98,36.47
2015-09-04,39.68,35.93
2015-09-08,41.04,37.12
2015-09-09,40.59,36.73
2015-09-10,40.21,36.63
2015-09-11,40.28,37.08
2015-09-14,40.18,36.9
2015-09-15,40.94,37.12
2015-09-16,41.96,37.27
2015-09-17,41.45,37.53
2015-09-18,40.5,36.7
2015-09-21,40.67,36.5
2015-09-22,39.75,35.78
2015-09-23,39.98,35.83
2015-09-24,40.03,35.69
2015-09-25,39.95,35.75
2015-09-28,39.29,34.34
2015-09-29,39.8,33.71
2015-09-30,41.36,34.23
2015-10-01,41.5,34.64
2015-10-02,42.33,34.78
2015-10-05,43.05,35.78
2015-10-06,43.06,35.29
2015-10-07,43.86,35.91
2015-10-08,44.39,36.35
2015-10-09,44.3,36.33
2015-10-12,44.07,36.43
2015-10-13,43.34,35.96
2015-10-14,43.69,35.19
2015-10-15,44.21,35.62
2015-10-16,43.85,35.82
2015-10-19,44.03,36.07
2015-10-20,44.38,36.35
2015-10-21,44.1,36.18
2015-10-22,45.11,36.3
2015-10-23,45.01,36.11
2015-10-26,45.0,36.26
2015-10-27,44.44,35.63
2015-10-28,44.98,36.27
2015-10-29,44.4,35.73
2015-10-30,45.18,35.74
2015-11-02,45.17,36.15
2015-11-03,44.96,36.24
2015-11-04,45.0,36.14
2015-11-05,45.19,36.13
2015-11-06,45.24,35.93
2015-11-09,44.65,35.37
2015-11-10,44.5,35.77
2015-11-11,44.5,35.96
2015-11-12,43.93,35.3
2015-11-13,43.08,34.7
2015-11-16,44.12,35.34
2015-11-17,43.91,35.32
2015-11-18,45.51,35.97
2015-11-19,45.7,35.95
2015-11-20,46.02,36.1
2015-11-23,45.89,36.21
2015-11-24,45.51,36.49
2015-11-25,45.47,36.83
2015-11-27,45.7,36.78
2015-11-30,46.0,36.35
2015-12-01,45.47,36.75
2015-12-02,42.93,36.3
2015-12-03,42.57,35.58
2015-12-04,43.15,36.28
2015-12-07,42.15,36.12
2015-12-08,41.25,35.63
2015-12-09,40.71,34.83
2015-12-10,40.96,35.02
2015-12-11,40.18,34.5
2015-12-14,39.67,34.2
2015-12-15,39.38,34.42
2015-12-16,39.7,35.19
2015-12-17,38.89,34.45
2015-12-18,38.75,33.66
2015-12-21,39.24,33.92
2015-12-22,39.66,34.19
2015-12-23,40.7,34.43
2015-12-24,40.5,34.49
2015-12-28,39.89,34.46
2015-12-29,40.52,34.66
2015-12-30,40.23,34.5
2015-12-31,39.49,34.18
2016-01-04,39.08,33.53
2016-01-05,38.58,33.45
2016-01-06,37.34,32.63
2016-01-07,35.84,31.61
2016-01-08,35.35,31.06
2016-01-11,35.37,30.94
2016-01-12,35.9,31.22
2016-01-13,34.66,30.15
2016-01-14,35.21,30.07
2016-01-15,34.71,29.73
2016-01-19,34.72,29.4
2016-01-20,34.68,29.08
2016-01-21,35.24,29.48
2016-01-22,35.6,30.25
2016-01-25,34.21,29.55
2016-01-26,35.21,30.16
2016-01-27,35.13,29.77
2016-01-28,34.66,29.65
2016-01-29,35.87,30.52
2016-02-01,35.01,30.37
2016-02-02,35.25,29.65
2016-02-03,35.6,29.59
2016-02-04,36.44,29.8
2016-02-05,35.78,29.12
2016-02-08,35.4,28.26
2016-02-09,35.33,28.51
2016-02-10,34.9,28.72
2016-02-11,34.21,27.98
2016-02-12,34.81,28.72
2016-02-16,35.48,29.53
2016-02-17,36.11,30.0
2016-02-18,35.7,29.89
2016-02-19,34.88,29.92
2016-02-22,35.83,30.47
2016-02-23,35.47,30.56
2016-02-24,35.77,30.85
2016-02-25,36.43,30.93
2016-02-26,37.0,31.23
2016-02-29,36.46,30.87
2016-03-01,37.46,31.66
2016-03-02,37.52,31.76
2016-03-03,37.79,32.13
2016-03-04,37.97,32.18
2016-03-07,37.67,32.22
2016-03-08,36.76,31.82
2016-03-09,36.86,31.93
2016-03-10,36.51,31.87
2016-03-11,37.46,32.49
2016-03-14,37.6,32.48
2016-03-15,37.66,32.37
2016-03-16,38.26,32.79
2016-03-17,38.74,33.04
2016-03-18,38.86,33.46
2016-03-21,38.82,33.26
2016-03-22,38.48,33.16
2016-03-23,38.09,32.75
2016-03-24,38.32,32.78
2016-03-28,38.18,33.11
2016-03-29,38.25,33.67
2016-03-30,38.88,33.62
2016-03-31,38.97,33.84
2016-04-01,39.15,34.09
2016-04-04,38.76,33.66
2016-04-05,37.89,33.69
2016-04-06,38.02,34.17
2016-04-07,37.83,33.81
2016-04-08,38.43,33.9
2016-04-11,38.55,33.88
2016-04-12,38.71,34.17
2016-04-13,39.46,34.91
2016-04-14,39.52,34.71
2016-04-15,39.17,34.84
2016-04-18,39.14,34.9
2016-04-19,39.2,34.72
2016-04-20,39.73,34.85
2016-04-21,41.58,34.73
2016-04-22,41.93,34.74
2016-04-25,41.68,34.51
2016-04-26,42.21,34.83
2016-04-27,42.5,34.84
2016-04-28,41.92,33.79
2016-04-29,41.4,33.66
2016-05-02,41.1,34.0
2016-05-03,40.86,33.46
2016-05-04,40.6,33.38
2016-05-05,40.5,33.3
2016-05-06,40.79,33.5
2016-05-09,40.75,33.52
2016-05-10,41.18,33.83
2016-05-11,41.0,33.17
2016-05-12,41.32,33.14
2016-05-13,40.81,32.82
2016-05-16,42.59,33.05
2016-05-17,42.5,32.93
2016-05-18,42.4,32.82
2016-05-19,42.33,32.77
2016-05-20,42.93,33.23
2016-05-23,42.74,32.98
2016-05-24,43.88,33.99
2016-05-25,44.21,34.13
2016-05-26,44.05,34.01
2016-05-27,44.1,34.29
2016-05-31,44.15,34.18
2016-06-01,44.75,34.41
2016-06-02,44.97,34.39
2016-06-03,44.71,34.2
2016-06-06,44.64,34.23
2016-06-07,44.85,34.68
2016-06-08,44.64,34.96
2016-06-09,44.89,34.42
2016-06-10,44.46,33.7
2016-06-13,44.43,33.16
2016-06-14,44.5,32.94
2016-06-15,44.14,33.14
2016-06-16,44.25,33.16
2016-06-17,44.23,33.38
2016-06-20,44.43,33.71
2016-06-21,44.2,33.59
2016-06-22,44.39,33.54
2016-06-23,44.99,33.92
2016-06-24,42.73,32.64
2016-06-27,41.33,31.69
2016-06-28,42.47,32.5
2016-06-29,43.23,33.05
2016-06-30,44.26,33.54
2016-07-01,44.1,33.75
2016-07-05,42.79,33.31
2016-07-06,42.7,33.95
2016-07-07,42.77,34.06
2016-07-08,43.84,34.88
2016-07-11,43.88,35.12
2016-07-12,44.11,35.28
2016-07-13,44.2,35.2
2016-07-14,44.13,35.15
2016-07-15,43.98,35.17
2016-07-18,44.12,35.33
2016-07-19,44.19,35.27
2016-07-20,44.32,35.6
2016-07-21,45.53,35.36
2016-07-22,46.14,35.63
2016-07-25,45.67,35.78
2016-07-26,46.07,36.09
2016-07-27,46.26,35.9
2016-07-28,45.71,36.49
2016-07-29,45.92,36.08
2016-08-01,45.92,36.14
2016-08-02,45.23,35.69
2016-08-03,45.12,35.82
2016-08-04,44.84,35.7
2016-08-05,45.52,36.15
2016-08-08,45.33,36.12
2016-08-09,44.93,36.07
2016-08-10,44.8,35.89
2016-08-11,44.75,36.16
2016-08-12,44.1,36.07
2016-08-15,44.32,36.32
2016-08-16,44.13,36.01
2016-08-17,44.32,35.62
2016-08-18,44.99,35.75
2016-08-19,45.03,35.78
2016-08-22,44.44,35.9
2016-08-23,45.06,36.54
2016-08-24,44.27,36.23
2016-08-25,44.1,36.31
2016-08-26,43.89,35.97
2016-08-29,44.31,36.27
2016-08-30,44.03,36.28
2016-08-31,43.88,36.14
2016-09-01,45.04,36.02
2016-09-02,45.45,36.14
2016-09-06,48.9,36.07
2016-09-07,47.22,36.3
2016-09-08,47.86,35.94
2016-09-09,45.7,34.3
2016-09-12,46.1,34.76
2016-09-13,44.85,34.16
2016-09-14,44.53,34.07
2016-09-15,44.28,34.3
2016-09-16,44.55,33.85
2016-09-19,44.2,34.12
2016-09-20,43.94,33.81
2016-09-21,44.55,34.16
2016-09-22,44.96,34.54
2016-09-23,44.39,34.44
2016-09-26,44.29,34.15
2016-09-27,44.98,34.32
2016-09-28,46.21,34.09
2016-09-29,45.91,33.65
2016-09-30,46.53,33.94
2016-10-03,46.34,33.7
2016-10-04,45.47,33.66
2016-10-05,45.95,33.85
2016-10-06,45.65,34.13
2016-10-07,45.29,33.5
2016-10-10,44.74,33.62
2016-10-11,44.24,33.05
2016-10-12,44.19,33.24
2016-10-13,43.49,32.92
2016-10-14,43.88,32.91
2016-10-17,43.74,32.85
2016-10-18,43.97,32.92
2016-10-19,44.38,32.87
2016-10-20,44.19,32.64
2016-10-21,44.06,32.63
2016-10-24,44.39,32.92
2016-10-25,43.91,31.8
2016-10-26,44.09,31.64
2016-10-27,44.01,31.24
2016-10-28,43.76,31.58
2016-10-31,40.32,31.62
2016-11-01,41.26,31.23
2016-11-02,41.35,31.06
2016-11-03,40.81,30.95
2016-11-04,40.88,31.38
2016-11-07,41.57,31.93
2016-11-08,43.94,31.88
2016-11-09,43.84,32.29
2016-11-10,45.25,33.12
2016-11-11,44.16,33.11
2016-11-14,44.07,33.52
2016-11-15,44.5,33.52
2016-11-16,44.51,33.22
2016-11-17,44.74,33.89
2016-11-18,44.71,33.88
2016-11-21,44.85,34.11
2016-11-22,45.25,34.24
2016-11-23,45.61,34.35
2016-11-25,45.89,34.6
2016-11-28,44.97,34.16
2016-11-29,45.38,34.34
2016-11-30,44.98,33.85
2016-12-01,45.73,33.53
2016-12-02,45.32,33.63
2016-12-05,44.63,34.04
2016-12-06,44.1,34.37
2016-12-07,44.27,35.25
2016-12-08,43.65,35.65
2016-12-09,43.73,35.51
2016-12-12,43.39,35.31
2016-12-13,43.44,35.39
2016-12-14,42.99,34.96
2016-12-15,42.42,34.58
2016-12-16,42.08,34.58
2016-12-19,42.31,34.71
2016-12-20,42.87,34.86
2016-12-21,42.81,35.03
2016-12-22,42.61,34.35
2016-12-23,42.5,34.28
2016-12-27,42.37,34.54
2016-12-28,41.86,34.15
2016-12-29,41.68,34.1
2016-12-30,41.19,33.85
2017-01-03,42.43,34.16
2017-01-04,42.49,34.69
2017-01-05,41.94,34.51
2017-01-06,42.79,34.23
2017-01-09,42.6,34.02
2017-01-10,43.61,34.18
2017-01-11,44.08,34.31
2017-01-12,43.79,34.2
2017-01-13,43.66,34.36
2017-01-17,43.11,34.28
2017-01-18,43.09,34.28
2017-01-19,42.87,34.05
2017-01-20,42.9,34.21
2017-01-23,43.24,34.32
2017-01-24,43.95,35.33
2017-01-25,44.19,35.73
2017-01-26,44.3,35.49
2017-01-27,43.73,35.11
2017-01-30,43.77,34.67
2017-01-31,43.98,34.5
2017-02-01,42.5,34.5
2017-02-02,42.3,34.32
2017-02-03,42.66,34.61
2017-02-06,42.3,34.39
2017-02-07,41.23,34.36
2017-02-08,41.01,34.44
2017-02-09,41.31,34.79
2017-02-10,41.85,35.21
2017-02-13,41.75,35.19
2017-02-14,41.49,35.17
2017-02-15,41.62,35.44
2017-02-16,41.68,35.38
2017-02-17,41.91,35.4
2017-02-21,42.63,35.83
2017-02-22,42.17,35.85
2017-02-23,41.49,35.68
2017-02-24,41.82,35.83
2017-02-27,42.24,36.38
2017-02-28,41.94,36.02
2017-03-01,42.68,36.85
2017-03-02,42.27,36.63
2017-03-03,42.06,36.75
2017-03-06,41.76,36.38
2017-03-07,41.47,36.37
2017-03-08,41.14,36.72
2017-03-09,40.82,36.63
2017-03-10,41.23,37.01
2017-03-13,41.24,36.93
2017-03-14,40.89,36.78
2017-03-15,41.93,37.29
2017-03-16,41.77,37.58
2017-03-17,41.97,37.44
2017-03-20,42.27,37.3439
2017-03-21,41.38,36.73
2017-03-22,41.81,36.71
2017-03-23,41.5,36.85
2017-03-24,41.22,36.77
2017-03-27,41.36,36.76
2017-03-28,41.74,37.03
2017-03-29,42.25,37.15
2017-03-30,42.14,37.22
2017-03-31,42.12,37.23
2017-04-03,41.17,36.96
2017-04-04,41.3,36.78
2017-04-05,40.98,36.56
2017-04-06,41.18,36.83
2017-04-07,40.99,36.75
2017-04-10,41.12,36.92
2017-04-11,41.22,37.21
2017-04-12,40.9,36.8
2017-04-13,40.6,36.7
2017-04-17,41.09,37.09
2017-04-18,41.35,37.17
2017-04-19,41.28,37.31
2017-04-20,41.73,37.45
2017-04-21,42.04,37.52
2017-04-24,42.91,37.72
2017-04-25,43.2,37.9
2017-04-26,43.05,38.27
2017-04-27,42.16,38.24
2017-04-28,41.57,37.81
2017-05-01,41.51,37.63
2017-05-02,41.46,37.58
2017-05-03,41.61,37.47
2017-05-04,41.47,37.55
2017-05-05,41.97,37.8
2017-05-08,42.02,37.71
2017-05-09,42.01,38.07
2017-05-10,42.41,38.1
2017-05-11,41.91,37.96
2017-05-12,42.04,37.62
2017-05-15,42.45,38.02
2017-05-16,42.07,37.96
2017-05-17,41.33,37.32
2017-05-18,41.77,37.34
2017-05-19,42.6,37.74
2017-05-22,42.64,37.89
2017-05-23,41.98,37.63
2017-05-24,42.02,37.76
2017-05-25,42.16,37.65
2017-05-26,42.03,37.51
2017-05-30,41.98,37.44
2017-05-31,41.76,37.49
2017-06-01,42.18,37.9
2017-06-02,42.25,38.26
2017-06-05,42.04,38.01
2017-06-06,41.26,37.74
2017-06-07,41.16,37.8
2017-06-08,41.27,37.87
2017-06-09,42.07,38.04
2017-06-12,41.47,38.28
2017-06-13,41.92,38.7
2017-06-14,41.86,38.96
2017-06-15,41.94,38.7
2017-06-16,41.86,38.5
2017-06-19,42.54,38.9
2017-06-20,42.01,38.74
2017-06-21,41.45,38.62
2017-06-22,41.82,38.51
2017-06-23,41.82,38.26
2017-06-26,42.31,38.51
2017-06-27,42.15,38.19
2017-06-28,42.88,38.61
2017-06-29,42.55,38.09
2017-06-30,43.36,38.53
2017-07-03,43.25,38.53
2017-07-05,43.57,38.58
2017-07-06,43.05,38.06
2017-07-07,43.16,38.63
2017-07-10,43.38,38.74
2017-07-11,43.08,38.46
2017-07-12,43.4,38.63
2017-07-13,43.55,38.81
2017-07-14,43.87,38.84
2017-07-17,44.09,38.85
2017-07-18,44.0,38.6
2017-07-19,44.15,38.93
2017-07-20,44.11,38.46
2017-07-21,44.19,38.68
2017-07-24,44.0,38.47
2017-07-25,44.18,38.65
2017-07-26,43.32,38.64
2017-07-27,40.14,38.7
2017-07-28,39.64,38.41
2017-07-31,38.95,38.35
2017-08-01,38.75,38.69
2017-08-02,39.37,38.67
2017-08-03,39.46,38.55
2017-08-04,39.17,38.85
2017-08-07,39.78,38.98
2017-08-08,39.61,38.92
2017-08-09,39.45,38.75
2017-08-10,38.89,37.94
2017-08-11,38.67,38.13
2017-08-14,38.65,38.57
2017-08-15,37.83,38.22
2017-08-16,37.55,38.39
2017-08-17,36.89,37.77
2017-08-18,37.05,37.44
2017-08-21,38.27,37.52
2017-08-22,38.62,37.66
2017-08-23,38.56,37.33
2017-08-24,38.59,37.23
2017-08-25,38.83,37.51
2017-08-28,38.84,37.51
2017-08-29,38.75,37.46
2017-08-30,39.14,37.74
2017-08-31,39.59,38.18
2017-09-01,39.89,38.36
2017-09-05,40.0,38.24
2017-09-06,39.62,38.4
2017-09-07,39.21,38.31
2017-09-08,39.16,38.85
2017-09-11,39.4,38.88
2017-09-12,40.0,39.47
2017-09-13,39.9,39.03
2017-09-14,40.1,38.89
2017-09-15,39.81,38.77
2017-09-18,39.57,38.68
2017-09-19,39.04,38.7
2017-09-20,39.75,38.37
2017-09-21,39.98,38.38
2017-09-22,39.89,38.47
2017-09-25,40.12,38.65
2017-09-26,40.94,38.99
2017-09-27,40.45,39.3
2017-09-28,40.06,39.59
2017-09-29,40.29,39.82
2017-10-02,40.45,40.04
2017-10-03,40.47,40.33
2017-10-04,40.95,40.56
2017-10-05,41.2,40.44
2017-10-06,41.07,40.49
2017-10-09,40.6,40.43
2017-10-10,41.49,40.36
2017-10-11,41.35,40.39
2017-10-12,41.39,40.31
2017-10-13,41.69,40.3
2017-10-16,41.75,40.29
2017-10-17,41.2,40.28
2017-10-18,40.66,40.28
2017-10-19,41.24,40.72
2017-10-20,41.62,41.19
2017-10-23,41.61,41.23
2017-10-24,41.96,41.44
2017-10-25,41.2,40.84
2017-10-26,42.17,41.17
2017-10-27,42.41,41.18
2017-10-30,42.14,41.1
2017-10-31,41.39,41.36
2017-11-01,41.2,41.45
2017-11-02,40.65,40.42
2017-11-03,40.68,40.41
2017-11-06,41.09,40.7
2017-11-07,40.99,40.51
2017-11-08,41.0,40.96
2017-11-09,38.51,40.83
2017-11-10,36.93,40.85
2017-11-13,36.0,41.0
2017-11-14,35.89,41.3
2017-11-15,35.73,41.03
2017-11-16,36.14,41.47
2017-11-17,36.39,41.56
2017-11-20,36.06,41.79
2017-11-21,36.0,42.17
2017-11-22,36.79,42.19
2017-11-24,36.91,42.23
2017-11-27,37.09,42.19
2017-11-28,38.42,42.99
2017-11-29,38.09,43.57
2017-11-30,37.64,43.83
2017-12-01,37.42,43.64
2017-12-04,37.43,44.14
2017-12-05,37.13,43.42
2017-12-06,37.24,42.96
2017-12-07,37.36,43.29
2017-12-08,37.41,43.61
2017-12-11,37.71,43.33
2017-12-12,38.25,43.21
2017-12-13,37.66,43.36
2017-12-14,37.41,43.04
2017-12-15,37.26,43.28
2017-12-18,37.51,43.97
2017-12-19,37.46,43.83
2017-12-20,37.65,44.19
2017-12-21,38.0,44.24
2017-12-22,38.11,44.15
2017-12-26,37.9,44.37
2017-12-27,37.92,44.38
2017-12-28,38.18,44.55
2017-12-29,38.11,44.26
2018-01-02,38.23,44.45
2018-01-03,38.96,45.13
2018-01-04,39.85,45.02
2018-01-05,38.42,45.42
2018-01-08,38.94,45.59
2018-01-09,38.75,45.55
2018-01-10,39.06,45.02
2018-01-11,39.56,45.85
2018-01-12,39.8,46.21
2018-01-16,40.17,45.67
2018-01-17,39.53,46.3
2018-01-18,39.29,46.07
2018-01-19,38.9,46.58
2018-01-22,39.2,46.75
2018-01-23,40.47,46.74
2018-01-24,40.6,46.73
2018-01-25,40.79,46.25
2018-01-26,41.43,46.31
2018-01-29,40.46,45.42
2018-01-30,39.84,45.04
2018-01-31,39.13,44.75
2018-02-01,39.81,44.45
2018-02-02,39.53,43.17
2018-02-05,37.52,41.47
2018-02-06,37.62,42.59
2018-02-07,37.6,42.65
2018-02-08,36.55,41.0
2018-02-09,36.29,41.22
2018-02-12,37.41,41.87
2018-02-13,37.39,41.81
2018-02-14,37.51,42.51
2018-02-15,38.19,42.75
2018-02-16,38.42,42.94
2018-02-20,37.87,42.41
2018-02-21,37.85,42.26
2018-02-22,37.98,42.11
2018-02-23,38.82,42.48
2018-02-26,38.74,42.44
2018-02-27,38.02,41.49
2018-02-28,36.87,40.54
2018-03-01,35.9,40.15
2018-03-02,36.27,40.26
2018-03-05,36.92,40.7
2018-03-06,37.39,41.36
2018-03-07,37.07,41.2
2018-03-08,37.63,41.2
2018-03-09,38.54,42.04
2018-03-12,38.7,42.09
2018-03-13,38.88,42.17
2018-03-14,37.22,41.68
2018-03-15,37.05,41.32
2018-03-16,36.7,41.54
2018-03-19,36.41,41.17
2018-03-20,35.85,40.99
2018-03-21,36.33,41.43
2018-03-22,35.5,40.59
2018-03-23,34.33,39.89
2018-03-26,34.94,40.93
2018-03-27,34.32,40.31
2018-03-28,34.29,40.23
2018-03-29,35.24,40.79
2018-04-02,33.93,39.5
2018-04-03,34.43,40.04
2018-04-04,35.0,41.36
2018-04-05,34.6,41.76
2018-04-06,33.64,40.81
2018-04-09,33.26,40.48
2018-04-10,33.72,40.87
2018-04-11,34.3,40.6
2018-04-12,34.21,40.06
2018-04-13,34.08,39.99
2018-04-16,34.7,40.36
2018-04-17,34.29,40.71
2018-04-18,34.44,40.95
2018-04-19,34.01,39.93
2018-04-20,34.27,39.48
2018-04-23,34.15,39.6
2018-04-24,33.27,39.1
2018-04-25,33.79,39.33
2018-04-26,34.34,39.67
2018-04-27,34.47,39.76
2018-04-30,33.87,38.96
2018-05-01,35.94,39.47
2018-05-02,35.31,39.02
2018-05-03,35.39,39.12
2018-05-04,36.25,39.57
2018-05-07,36.65,39.59
2018-05-08,36.29,39.68
2018-05-09,36.27,39.25
2018-05-10,36.72,39.53
2018-05-11,36.3,39.73
2018-05-14,36.48,39.62
2018-05-15,36.27,38.79
2018-05-16,36.42,38.98
2018-05-17,36.51,39.32
2018-05-18,35.95,39.67
2018-05-21,35.73,39.83
2018-05-22,35.19,39.04
2018-05-23,34.22,39.52
2018-05-24,34.42,39.5
2018-05-25,34.64,39.87
2018-05-29,34.06,39.88
2018-05-30,34.41,39.92
2018-05-31,33.56,39.28
2018-06-01,33.73,39.38
2018-06-04,34.08,39.85
2018-06-05,34.51,40.11
2018-06-06,34.57,40.36
2018-06-07,34.94,40.56
2018-06-08,35.14,41.33
2018-06-11,35.09,41.39
2018-06-12,35.19,41.88
2018-06-13,34.92,40.86
2018-06-14,34.89,41.0
2018-06-15,35.04,40.88
2018-06-18,34.54,40.51
2018-06-19,34.5,40.42
2018-06-20,35.25,40.5
2018-06-21,34.33,40.09
2018-06-22,33.99,39.85
2018-06-25,34.36,39.36
2018-06-26,34.16,39.67
2018-06-27,33.53,39.23
2018-06-28,33.29,39.23
2018-06-29,33.45,39.55
2018-07-02,33.32,39.52
2018-07-03,33.63,39.64
2018-07-05,34.22,40.13
2018-07-06,34.64,40.24
2018-07-09,34.96,40.78
2018-07-10,34.87,40.71
2018-07-11,34.16,40.36
2018-07-12,34.74,40.49
2018-07-13,35.12,40.72
2018-07-16,34.76,40.55
2018-07-17,35.31,41.14
2018-07-18,35.42,41.08
2018-07-19,35.85,41.46
2018-07-20,36.14,41.0
2018-07-23,35.56,40.55
2018-07-24,35.52,39.85
2018-07-25,35.46,39.11
2018-07-26,35.72,39.37
2018-07-27,36.06,39.17
2018-07-30,36.46,39.14
2018-07-31,37.51,39.62
2018-08-01,37.68,39.38
2018-08-02,37.81,39.37
2018-08-03,37.94,39.49
2018-08-06,37.69,39.59
2018-08-07,37.86,39.97
2018-08-08,37.32,39.73
2018-08-09,37.33,39.84
2018-08-10,36.9,39.33
2018-08-13,36.65,38.63
2018-08-14,36.99,39.05
2018-08-15,37.55,39.05
2018-08-16,37.62,39.24
2018-08-17,38.25,39.47
2018-08-20,38.74,39.6
2018-08-21,40.01,40.62
2018-08-22,39.61,40.49
2018-08-23,39.14,40.47
2018-08-24,39.21,40.39
2018-08-27,39.72,40.63
2018-08-28,38.93,40.45
2018-08-29,38.42,40.33
2018-08-30,37.65,39.99
2018-08-31,37.77,40.02
2018-09-04,37.77,40.15
2018-09-05,38.27,40.48
2018-09-06,38.83,40.36
2018-09-07,38.3,40.0
2018-09-10,38.4,40.31
2018-09-11,37.6,40.45
2018-09-12,37.57,40.63
2018-09-13,37.94,40.23
2018-09-14,38.0,40.37
2018-09-17,37.25,40.09
2018-09-18,37.11,40.24
2018-09-19,37.0,40.22
2018-09-20,37.37,40.1
2018-09-21,36.96,39.91
2018-09-24,36.24,39.39
2018-09-25,35.78,39.31
2018-09-26,35.68,38.96
2018-09-27,35.55,38.67
2018-09-28,35.0,38.44
2018-10-01,35.18,38.3
2018-10-02,35.57,38.08
2018-10-03,35.79,37.94
2018-10-04,36.37,37.46
2018-10-05,36.31,37.18
2018-10-08,36.51,37.27
2018-10-09,35.01,36.2
2018-10-10,34.21,35.54
2018-10-11,33.73,34.98
2018-10-12,32.96,34.86
2018-10-15,33.15,34.85
2018-10-16,33.99,35.63
2018-10-17,33.86,34.95
2018-10-18,33.19,34.2
2018-10-19,32.93,33.63
2018-10-22,32.66,33.27
2018-10-23,32.58,33.81
2018-10-24,31.37,32.64
2018-10-25,32.1,33.59
2018-10-26,31.32,32.59
2018-10-29,31.28,32.18
2018-10-30,31.81,33.8
2018-10-31,31.97,33.99
2018-11-01,33.34,35.11
2018-11-02,32.5,34.96
2018-11-05,33.08,35.33
2018-11-06,33.26,35.23
2018-11-07,33.4,35.45
2018-11-08,34.48,35.05
2018-11-09,34.35,34.65
2018-11-12,34.19,34.21
2018-11-13,34.78,34.63
2018-11-14,33.41,34.27
2018-11-15,33.52,33.97
2018-11-16,33.44,34.21
2018-11-19,33.45,34.09
2018-11-20,33.34,33.96
2018-11-21,33.25,34.42
2018-11-23,33.39,34.53
2018-11-26,33.78,34.88
2018-11-27,33.5,34.83
2018-11-28,34.0,35.69
2018-11-29,34.27,35.42
2018-11-30,34.78,35.51
2018-12-03,35.04,36.07
2018-12-04,33.89,34.39
2018-12-06,33.39,34.69
2018-12-07,32.66,34.26
2018-12-10,32.35,33.68
2018-12-11,32.23,33.43
2018-12-12,32.6,33.85
2018-12-13,32.14,33.52
2018-12-14,31.97,33.14
2018-12-17,31.06,32.72
2018-12-18,31.79,33.17
2018-12-19,30.83,32.76
2018-12-20,30.49,32.41
2018-12-21,29.47,31.44
2018-12-24,28.51,30.74
2018-12-26,29.74,32.2
2018-12-27,29.71,32.41
2018-12-28,29.61,32.37
2018-12-31,29.65,32.52
2019-01-02,30.5,32.81
2019-01-03,30.01,32.41
2019-01-04,31.21,33.66
2019-01-07,31.72,34.42
2019-01-08,31.94,34.69
2019-01-09,31.97,35.42
2019-01-10,31.88,35.34
2019-01-11,32.18,35.39
2019-01-14,32.37,35.14
2019-01-15,31.71,35.07
2019-01-16,31.67,34.72
2019-01-17,32.26,34.96
2019-01-18,32.73,35.28
2019-01-22,32.55,34.67
2019-01-23,32.04,34.53
2019-01-24,32.27,35.03
2019-01-25,32.71,35.22
2019-01-28,32.69,35.35
2019-01-29,32.82,35.74
2019-01-30,33.09,36.03
2019-01-31,33.77,36.68
2019-02-01,33.25,36.59
2019-02-04,33.82,36.82
2019-02-05,34.04,37.02
2019-02-06,34.12,36.64
2019-02-07,33.89,36.96
2019-02-08,34.0,37.01
2019-02-11,34.07,37.2
2019-02-12,34.61,38.51
2019-02-13,34.83,38.36
2019-02-14,34.65,38.29
2019-02-15,35.1,38.68
2019-02-19,34.91,38.87
2019-02-20,35.43,38.72
2019-02-21,35.59,38.88
2019-02-22,35.77,39.21
2019-02-25,35.83,39.05
2019-02-26,35.58,38.84
2019-02-27,35.51,38.85
2019-02-28,35.27,38.37
2019-03-01,35.29,38.62
2019-03-04,35.31,38.89
2019-03-05,35.23,38.38
2019-03-06,35.16,38.08
2019-03-07,35.67,38.08
2019-03-08,35.88,38.08
2019-03-11,36.14,38.48
2019-03-12,36.09,38.53
2019-03-13,36.27,38.36
2019-03-14,36.01,38.15
2019-03-15,35.83,37.97
2019-03-18,36.42,38.21
2019-03-19,36.37,37.8
2019-03-20,36.38,37.57
2019-03-21,36.96,38.32
2019-03-22,36.13,37.68
2019-03-25,36.16,38.17
2019-03-26,36.56,38.2
2019-03-27,36.47,38.57
2019-03-28,36.9,38.56
2019-03-29,36.94,38.55
2019-04-01,36.92,38.93
2019-04-02,36.5,38.91
2019-04-03,36.01,39.2
2019-04-04,36.14,39.75
2019-04-05,36.19,40.33
2019-04-08,36.4,40.39
2019-04-09,35.87,39.81
2019-04-10,35.82,40.2
2019-04-11,35.81,40.47
2019-04-12,36.08,40.59
2019-04-15,36.6,40.63
2019-04-16,36.86,40.83
2019-04-17,36.59,40.88
2019-04-18,36.75,41.08
2019-04-22,36.65,40.77
2019-04-23,36.96,41.23
2019-04-24,37.1,40.87
2019-04-25,36.65,40.26
2019-04-26,37.19,40.48
2019-04-29,37.32,40.73
2019-04-30,37.5,40.66
2019-05-01,39.29,40.6
2019-05-02,38.98,41.02
2019-05-03,39.58,41.54
2019-05-06,39.59,41.22
2019-05-07,39.25,40.52
2019-05-08,39.38,40.23
2019-05-09,39.59,40.28
2019-05-10,39.68,40.42
2019-05-13,39.1,39.52
2019-05-14,39.25,40.09
2019-05-15,39.05,40.2
2019-05-16,39.18,40.5
2019-05-17,38.95,40.04
2019-05-20,39.09,39.65
2019-05-21,39.49,40.38
2019-05-22,39.21,39.8
2019-05-23,38.76,39.26
2019-05-24,38.51,39.77
2019-05-28,38.46,39.18
2019-05-29,38.25,38.67
2019-05-30,38.93,38.94
2019-05-31,38.52,38.36
2019-06-03,39.0,38.91
2019-06-04,39.55,40.08
2019-06-05,39.46,40.32
2019-06-06,39.45,40.43
2019-06-07,39.11,40.68
2019-06-10,38.81,40.86
2019-06-11,38.87,40.69
2019-06-12,39.53,40.65
2019-06-13,40.27,41.34
2019-06-14,39.95,41.47
2019-06-17,39.17,41.17
2019-06-18,39.66,41.36
2019-06-19,39.06,41.13
2019-06-20,39.7,41.6
2019-06-21,40.09,41.1
2019-06-24,40.44,40.97
2019-06-25,40.58,40.48
2019-06-26,40.62,40.58
2019-06-27,40.53,41.2
2019-06-28,41.31,41.68
2019-07-01,41.89,42.02
2019-07-02,41.64,42.02
2019-07-03,41.83,42.34
2019-07-05,41.87,42.07
2019-07-08,41.69,41.92
2019-07-09,41.65,41.63
2019-07-10,41.33,41.8
2019-07-11,41.33,41.75
2019-07-12,41.54,42.52
2019-07-15,41.82,42.47
2019-07-16,42.06,42.82
2019-07-17,41.06,42.42
2019-07-18,41.17,42.37
2019-07-19,41.32,41.97
2019-07-22,41.0,41.7
2019-07-23,41.06,41.48
2019-07-24,41.4,41.68
2019-07-25,41.12,41.98
2019-07-26,41.2,41.66
2019-07-29,40.91,41.22
2019-07-30,41.27,41.99
2019-07-31,42.44,41.65
2019-08-01,42.01,41.11
2019-08-02,41.93,40.9
2019-08-05,41.4,40.14
2019-08-06,41.87,40.7
2019-08-07,41.88,41.04
2019-08-08,42.6,41.63
2019-08-09,42.31,41.1
2019-08-12,41.85,40.56
2019-08-13,42.87,41.16
2019-08-14,41.51,40.05
2019-08-15,41.54,40.05
2019-08-16,42.33,40.61
2019-08-19,42.64,41.25
2019-08-20,42.37,41.44
2019-08-21,42.9,42.05
2019-08-22,42.13,42.13
2019-08-23,41.29,40.94
2019-08-26,41.59,41.18
2019-08-27,41.99,40.93
2019-08-28,42.54,41.38
2019-08-29,42.62,41.86
2019-08-30,42.69,42.05
2019-09-03,42.01,41.28
2019-09-04,42.4,41.84
2019-09-05,42.85,42.3
2019-09-06,42.82,42.41
2019-09-09,42.89,42.79
2019-09-10,42.97,43.06
2019-09-11,44.12,43.66
2019-09-12,44.3,43.67
2019-09-13,44.04,43.62
2019-09-16,43.71,43.3
2019-09-17,43.86,43.39
2019-09-18,44.11,43.41
2019-09-19,44.03,43.34
2019-09-20,43.91,43.07
2019-09-23,44.24,43.12
2019-09-24,43.46,43.05
2019-09-25,43.7,43.48
2019-09-26,43.59,43.65
2019-09-27,43.67,43.54
2019-09-30,43.89,44.08
2019-10-01,42.95,43.47
2019-10-02,41.86,42.76
2019-10-03,42.03,42.9
2019-10-04,42.44,43.59
2019-10-07,42.24,43.45
2019-10-08,41.31,43.01
2019-10-09,41.6,43.16
2019-10-10,41.79,43.35
2019-10-11,42.72,43.95
2019-10-14,42.24,43.96
2019-10-15,42.2,44.48
2019-10-16,42.0,44.84
2019-10-17,42.58,45.26
2019-10-18,41.85,45.42
2019-10-21,42.39,45.4
2019-10-22,42.69,45.57
2019-10-23,42.37,45.39
2019-10-24,42.3,45.75
2019-10-25,42.56,46.0
2019-10-28,42.67,45.68
2019-10-29,43.36,45.43
2019-10-30,43.21,45.56
2019-10-31,43.33,45.53
2019-11-01,43.82,46.07
2019-11-04,44.46,45.71
2019-11-05,43.89,45.45
2019-11-06,44.23,45.68
2019-11-07,42.29,45.17
2019-11-08,42.52,45.22
2019-11-11,42.24,45.59
2019-11-12,42.56,45.74
2019-11-13,41.85,45.78
2019-11-14,42.3,45.97
2019-11-15,42.39,45.68
2019-11-18,42.53,45.88
2019-11-19,42.91,45.38
2019-11-20,42.41,45.39
2019-11-21,42.23,45.09
2019-11-22,42.7,45.24
2019-11-25,42.62,45.73
2019-11-26,42.95,46.42
2019-11-27,43.11,46.3
2019-11-29,42.83,45.92
2019-12-02,42.27,45.3
2019-12-03,41.79,44.95
2019-12-04,42.13,45.34
2019-12-05,41.75,45.79
2019-12-06,42.09,45.99
2019-12-09,42.0,45.87
2019-12-10,42.09,45.6
2019-12-11,42.7,46.0
2019-12-12,42.01,45.92
2019-12-13,40.44,45.79
2019-12-16,40.6,45.89
2019-12-17,40.68,45.79
2019-12-18,40.6,45.58
2019-12-19,40.76,45.4
2019-12-20,41.22,45.76
2019-12-23,41.21,45.41
2019-12-24,41.12,45.69
2019-12-26,41.11,45.64
2019-12-27,41.06,45.55
2019-12-30,40.65,45.44
2019-12-31,40.71,45.51
2020-01-02,41.4,45.65
2020-01-03,40.66,45.41
2020-01-06,41.18,45.75
2020-01-07,40.75,45.54
2020-01-08,41.08,45.98
2020-01-09,41.33,46.08
2020-01-10,40.98,46.14
2020-01-13,41.16,46.52
2020-01-14,40.98,46.69
2020-01-15,40.93,47.25
2020-01-16,41.04,47.61
2020-01-17,40.99,47.6
2020-01-21,41.03,47.98
2020-01-22,41.37,48.17
2020-01-23,41.75,48.74
2020-01-24,41.35,48.1
2020-01-27,40.3,47.71
2020-01-28,40.81,48.64
2020-01-29,40.49,48.2
2020-01-30,40.51,48.14
2020-01-31,39.45,46.98
2020-02-03,39.29,47.28
2020-02-04,39.24,47.5
2020-02-05,39.81,48.43
2020-02-06,39.92,48.23
2020-02-07,39.81,47.92
2020-02-10,40.54,48.36
2020-02-11,40.76,48.81
2020-02-12,41.79,49.04
2020-02-13,41.13,48.99
2020-02-14,41.96,49.21
2020-02-18,41.99,48.88
2020-02-19,41.97,48.92
2020-02-20,42.24,49.23
2020-02-21,42.45,48.97
2020-02-24,41.63,47.76
2020-02-25,39.45,46.07
2020-02-26,39.31,44.94
2020-02-27,37.9,43.81
2020-02-28,36.57,42.66
2020-03-02,38.07,44.19
2020-03-03,37.45,43.8
2020-03-04,39.35,45.97
2020-03-05,38.82,44.33
2020-03-06,38.16,43.17
2020-03-09,35.72,39.55
2020-03-10,37.55,41.06
2020-03-11,35.21,37.97
2020-03-12,30.52,33.66
2020-03-13,32.81,35.19
2020-03-16,30.6,28.72
2020-03-17,29.53,28.63
2020-03-18,26.32,25.7
2020-03-19,26.08,26.99
2020-03-20,24.91,25.6
2020-03-23,23.5,24.72
2020-03-24,25.36,28.54
2020-03-25,26.13,30.57
2020-03-26,27.0,31.92
2020-03-27,25.94,30.61
2020-03-30,26.49,30.81
2020-03-31,26.96,29.79
2020-04-01,25.16,27.34
2020-04-02,26.05,27.24
2020-04-03,25.47,26.48
2020-04-06,27.41,29.82
2020-04-07,28.27,30.58
2020-04-08,29.31,32.56
2020-04-09,30.6,33.8
2020-04-13,29.36,32.28
2020-04-14,30.8,33.18
2020-04-15,29.1,31.33
2020-04-16,28.5,31.24
2020-04-17,29.54,32.74
2020-04-20,28.47,31.69
2020-04-21,27.59,30.99
2020-04-22,27.75,31.33
2020-04-23,27.85,31.68
2020-04-24,27.91,32.66
2020-04-27,29.05,34.4
2020-04-28,29.73,35.73
2020-04-29,30.63,37.56
2020-04-30,29.11,36.05
2020-05-01,27.86,35.37
2020-05-04,28.53,35.54
2020-05-05,28.65,36.24
2020-05-06,28.31,36.1
2020-05-07,28.52,36.51
2020-05-08,29.8,37.94
2020-05-11,28.56,37.35
2020-05-12,27.91,36.06
2020-05-13,27.22,34.82
2020-05-14,28.59,35.58
2020-05-15,28.46,36.13
2020-05-18,29.53,39.0
2020-05-19,29.0,38.5
2020-05-20,28.74,38.87
2020-05-21,29.41,39.5
2020-05-22,29.53,39.97
2020-05-26,31.07,41.53
2020-05-27,31.87,43.31
2020-05-28,31.53,41.9
2020-05-29,31.41,42.15
2020-06-01,31.77,42.24
2020-06-02,32.35,42.88
2020-06-03,33.57,44.25
2020-06-04,34.41,43.98
2020-06-05,36.05,45.6
2020-06-08,36.81,45.69
2020-06-09,35.74,45.15
2020-06-10,34.43,44.61
2020-06-11,33.62,41.23
2020-06-12,34.45,41.96
2020-06-15,35.35,43.32
2020-06-16,35.43,44.52
2020-06-17,35.25,44.45
2020-06-18,34.71,43.82
2020-06-19,34.32,43.24
2020-06-22,34.93,43.58
2020-06-23,34.79,44.08
2020-06-24,33.29,42.51
2020-06-25,33.46,42.46
2020-06-26,33.36,41.78
2020-06-29,33.82,43.24
2020-06-30,34.14,43.9
2020-07-01,33.89,43.25
2020-07-02,34.34,43.44
2020-07-06,34.73,44.52
2020-07-07,34.25,44.12
2020-07-08,34.15,45.05
2020-07-09,33.38,43.9
2020-07-10,33.87,44.43
2020-07-13,34.0,43.81
2020-07-14,34.97,45.23
2020-07-15,36.44,46.45
2020-07-16,37.17,46.97
2020-07-17,37.67,47.06
2020-07-20,36.8,47.08
2020-07-21,36.71,47.19
2020-07-22,37.05,48.6
2020-07-23,37.35,48.55
2020-07-24,36.8,48.49
2020-07-27,37.07,49.92
2020-07-28,36.58,48.73
2020-07-29,37.99,50.06
2020-07-30,37.24,49.85
2020-07-31,38.48,49.61
2020-08-03,38.92,50.27
2020-08-04,38.36,50.1
2020-08-05,38.34,50.66
2020-08-06,38.39,50.68
2020-08-07,39.05,51.01
2020-08-10,40.1,51.75
2020-08-11,40.79,51.59
2020-08-12,41.06,52.33
2020-08-13,40.65,52.41
2020-08-14,40.86,52.41
2020-08-17,40.73,53.38
2020-08-18,40.33,53.22
2020-08-19,40.23,53.12
2020-08-20,40.11,52.9
2020-08-21,40.59,53.71
2020-08-24,40.99,54.31
2020-08-25,41.2,54.04
2020-08-26,41.07,54.06
2020-08-27,40.9,53.4
2020-08-28,41.3,53.43
2020-08-31,40.73,52.75
2020-09-01,41.18,53.9
2020-09-02,42.18,54.29
2020-09-03,40.54,52.03
2020-09-04,41.31,51.31
2020-09-08,40.74,51.04
2020-09-09,41.21,52.29
2020-09-10,41.13,51.87
2020-09-11,41.67,52.49
2020-09-14,42.51,53.44
2020-09-15,42.29,53.35
2020-09-16,42.9,54.2
2020-09-17,42.97,53.81
2020-09-18,42.78,53.16
2020-09-21,40.91,52.08
2020-09-22,41.33,53.09
2020-09-23,40.35,51.5
2020-09-24,40.93,51.83
2020-09-25,40.49,51.97
2020-09-28,41.44,53.63
2020-09-29,40.96,53.22
2020-09-30,40.85,53.88
2020-10-01,40.68,54.69
2020-10-02,41.59,55.1
2020-10-05,42.15,55.85
2020-10-06,41.65,54.8
2020-10-07,42.5,55.51
2020-10-08,43.21,56.63
2020-10-09,42.97,56.94
2020-10-12,43.26,57.31
2020-10-13,42.44,57.23
2020-10-14,42.51,57.16
2020-10-15,42.62,57.57
2020-10-16,43.02,57.32
2020-10-19,42.42,56.19
2020-10-20,43.1,56.54
2020-10-21,43.72,55.48
2020-10-22,44.48,54.99
2020-10-23,44.4,55.82
2020-10-26,42.96,54.01
2020-10-27,42.18,53.39
2020-10-28,41.14,52.63
2020-10-29,42.31,52.67
2020-10-30,42.21,51.98
2020-11-02,43.94,53.8
2020-11-03,44.22,54.9
2020-11-04,41.8,56.37
2020-11-05,43.48,57.21
2020-11-06,43.74,56.71
2020-11-09,44.42,53.51
2020-11-10,44.42,54.74
2020-11-11,44.0,55.56
2020-11-12,43.82,54.72
2020-11-13,44.65,56.05
2020-11-16,45.36,56.93
2020-11-17,44.71,57.05
2020-11-18,45.96,56.8
2020-11-19,45.71,57.22
2020-11-20,45.29,57.15
2020-11-23,45.65,58.42
2020-11-24,46.66,58.22
2020-11-25,46.41,58.03
2020-11-27,45.97,57.92
2020-11-30,46.04,57.23
2020-12-01,46.27,56.91
2020-12-02,45.89,55.8
2020-12-03,45.73,56.9
2020-12-04,45.89,56.73
2020-12-07,45.25,57.12
2020-12-08,45.26,56.61
2020-12-09,45.79,56.91
2020-12-10,45.69,56.78
2020-12-11,45.55,56.54
2020-12-14,45.1,56.51
2020-12-15,46.04,57.74
2020-12-16,45.77,57.66
2020-12-17,46.45,59.09
2020-12-18,46.24,59.41
2020-12-21,45.95,59.04
2020-12-22,45.64,59.16
2020-12-23,45.92,58.75
2020-12-24,45.93,59.37
2020-12-28,46.11,58.41
2020-12-29,45.9,57.93
2020-12-30,46.42,58.15
2020-12-31,46.59,57.64
2021-01-04,46.18,56.77
2021-01-05,47.52,57.0
2021-01-06,49.75,58.27
2021-01-07,51.18,59.65
2021-01-08,51.3,58.65
2021-01-11,50.99,59.45
2021-01-12,51.84,60.42
2021-01-13,52.01,60.31
2021-01-14,52.45,60.6
2021-01-15,51.81,60.49
2021-01-19,51.63,61.11
2021-01-20,52.39,62.73
2021-01-21,52.16,63.17
2021-01-22,52.35,63.56
2021-01-25,51.46,63.47
2021-01-26,50.36,62.6
2021-01-27,48.4,61.43
2021-01-28,49.34,61.41
2021-01-29,49.82,60.3
2021-02-01,50.91,61.24
2021-02-02,50.71,61.84
2021-02-03,50.62,61.69
2021-02-04,51.2,62.47
2021-02-05,51.05,63.61
2021-02-08,51.71,65.09
2021-02-09,51.6,64.52
2021-02-10,52.04,64.53
2021-02-11,52.89,65.25
2021-02-12,53.58,65.06
2021-02-16,53.0,63.51
2021-02-17,55.2,63.55
2021-02-18,55.67,63.18
2021-02-19,56.02,64.4
2021-02-22,56.32,63.44
2021-02-23,55.98,63.37
2021-02-24,56.1,63.79
2021-02-25,55.6,61.21
2021-02-26,55.79,62.04
2021-03-01,57.18,63.35
2021-03-02,57.45,63.43
2021-03-03,57.95,62.24
2021-03-04,57.27,60.87
2021-03-05,59.2,63.18
2021-03-08,60.22,64.41
2021-03-09,59.22,64.33
2021-03-10,60.23,65.88
2021-03-11,61.09,66.15
2021-03-12,61.81,66.09
2021-03-15,62.29,67.41
2021-03-16,60.57,66.81
2021-03-17,60.52,68.05
2021-03-18,61.52,67.19
2021-03-19,60.0,68.08
2021-03-22,59.96,68.32
2021-03-23,58.44,66.62
2021-03-24,58.59,66.4
2021-03-25,59.38,68.35
2021-03-26,59.99,70.84
2021-03-29,60.47,69.55
2021-03-30,60.73,70.69
2021-03-31,59.67,70.37
2021-04-01,59.9,71.59
2021-04-05,60.89,72.4
2021-04-06,60.97,73.03
2021-04-07,60.15,72.04
2021-04-08,60.45,72.08
2021-04-09,61.76,73.75
2021-04-12,62.03,73.93
2021-04-13,61.46,73.39
2021-04-14,61.39,73.18
2021-04-15,62.14,73.52
2021-04-16,62.49,75.11
2021-04-19,62.32,74.64
2021-04-20,61.2,72.98
2021-04-21,61.88,73.93
2021-04-22,62.29,73.7
2021-04-23,62.9,75.12
2021-04-26,62.81,75.49
2021-04-27,63.4,76.2
2021-04-28,63.1,75.82
2021-04-29,63.28,76.67
2021-04-30,62.34,75.35
2021-05-03,63.89,77.04
2021-05-04,63.64,77.26
2021-05-05,64.47,77.42
2021-05-06,64.87,78.11
2021-05-07,65.7,79.38
2021-05-10,65.83,79.38
2021-05-11,64.13,76.63
2021-05-12,63.07,72.74
2021-05-13,64.31,74.9
2021-05-14,65.55,75.98
2021-05-17,65.91,75.15
2021-05-18,63.83,73.42
2021-05-19,63.25,72.63
2021-05-20,64.23,73.07
2021-05-21,64.5,72.59
2021-05-24,64.74,73.0
2021-05-25,64.94,73.74
2021-05-26,65.94,74.67
2021-05-27,66.22,75.11
2021-05-28,66.54,74.97
2021-06-01,67.03,75.01
2021-06-02,66.39,73.95
2021-06-03,66.6,72.95
2021-06-04,66.73,73.56
2021-06-07,66.2,73.46
2021-06-08,67.24,73.9
2021-06-09,66.86,72.82
2021-06-10,66.98,71.97
2021-06-11,67.04,72.56
2021-06-14,66.16,71.58
2021-06-15,67.31,71.83
2021-06-16,67.26,70.96
2021-06-17,65.93,70.56
2021-06-18,64.44,70.13
2021-06-21,66.33,71.53
2021-06-22,66.72,71.81
2021-06-23,66.44,71.46
2021-06-24,66.58,71.74
2021-06-25,67.09,72.2
2021-06-28,67.56,72.7
2021-06-29,68.37,73.22
2021-06-30,68.63,73.24
2021-07-01,69.01,74.29
2021-07-02,69.18,73.96
2021-07-06,68.35,72.94
2021-07-07,69.53,74.18
2021-07-08,68.91,72.11
2021-07-09,70.06,73.21
2021-07-12,70.69,73.42
2021-07-13,69.62,71.82
2021-07-14,69.85,71.58
2021-07-15,70.12,71.5
2021-07-16,69.73,70.93
2021-07-19,68.03,70.21
2021-07-20,69.74,72.19
2021-07-21,70.56,73.36
2021-07-22,70.16,72.75
2021-07-23,70.92,74.35
2021-07-26,70.64,73.65
2021-07-27,70.77,73.57
2021-07-28,70.29,73.36
2021-07-29,71.6,75.52
2021-07-30,71.42,75.39
2021-08-02,70.7,75.29
2021-08-03,72.29,76.53
2021-08-04,71.36,75.7
2021-08-05,71.89,76.2
2021-08-06,72.07,75.76
2021-08-09,71.73,75.41
2021-08-10,72.34,76.35
2021-08-11,72.99,78.14
2021-08-12,73.0,77.7
2021-08-13,72.82,77.51
2021-08-16,73.51,77.93
2021-08-17,73.0,75.42
2021-08-18,72.44,75.29
2021-08-19,73.03,75.01
2021-08-20,73.4,76.21
2021-08-23,74.17,76.21
2021-08-24,74.62,77.27
2021-08-25,75.13,78.18
2021-08-26,74.77,77.6
2021-08-27,74.73,78.64
2021-08-30,74.97,78.72
2021-08-31,74.8,78.1
2021-09-01,74.32,78.61
2021-09-02,75.11,78.88
2021-09-03,75.02,78.34
2021-09-07,73.35,77.09
2021-09-08,74.7,76.43
2021-09-09,75.63,76.86
2021-09-10,75.07,76.59
2021-09-13,74.74,76.55
2021-09-14,74.37,75.4
2021-09-15,75.77,76.01
2021-09-16,75.31,76.27
2021-09-17,74.59,75.94
2021-09-20,72.73,74.5
2021-09-21,72.25,74.1
2021-09-22,72.82,74.95
2021-09-23,74.08,75.19
2021-09-24,73.57,75.03
2021-09-27,71.92,75.6
2021-09-28,70.44,73.73
2021-09-29,70.49,74.11
2021-09-30,68.08,71.76
2021-10-01,69.02,72.01
2021-10-04,68.59,71.78
2021-10-05,69.27,71.94
2021-10-06,69.48,72.16
2021-10-07,70.29,73.42
2021-10-08,69.01,72.54
2021-10-11,68.79,72.38
2021-10-12,68.16,72.39
2021-10-13,68.95,72.77
2021-10-14,71.25,74.78
2021-10-15,71.3,74.72
2021-10-18,72.1,75.86
2021-10-19,72.48,75.67
2021-10-20,73.12,76.73
2021-10-21,73.93,76.93
2021-10-22,73.87,77.22
2021-10-25,73.95,77.45
2021-10-26,73.07,76.8
2021-10-27,71.73,76.49
2021-10-28,73.43,77.97
2021-10-29,73.37,77.58
2021-11-01,73.58,78.52
2021-11-02,74.23,78.17
2021-11-03,72.46,78.72
2021-11-04,73.8,79.46
2021-11-05,74.63,80.06
2021-11-08,74.47,80.12
2021-11-09,76.41,81.63
2021-11-10,76.15,80.41
2021-11-11,76.18,80.84
2021-11-12,78.2,82.45
2021-11-15,78.33,82.14
2021-11-16,79.69,83.73
2021-11-17,79.59,83.62
2021-11-18,80.34,83.86
2021-11-19,80.85,84.05
2021-11-22,79.65,84.03
2021-11-23,79.2,83.98
2021-11-24,78.89,83.84
2021-11-26,77.42,82.31
2021-11-29,78.36,82.37
2021-11-30,74.76,80.32
2021-12-01,74.97,80.13
2021-12-02,76.66,82.88
2021-12-03,77.95,82.59
2021-12-06,78.19,84.25
2021-12-07,79.15,85.37
2021-12-08,79.54,85.82
2021-12-09,78.98,85.48
2021-12-10,79.32,86.27
2021-12-13,78.9,84.64
2021-12-14,77.78,83.57
2021-12-15,78.64,84.85
2021-12-16,79.1,83.5
2021-12-17,77.05,81.56
2021-12-20,75.94,79.58
2021-12-21,77.17,81.67
2021-12-22,77.67,82.87
2021-12-23,78.11,83.33
2021-12-27,79.74,84.55
2021-12-28,80.39,84.78
2021-12-29,80.99,85.57
2021-12-30,81.0,85.05
2021-12-31,81.31,85.78
2022-01-03,79.35,84.1
2022-01-04,80.34,85.09
2022-01-05,79.03,82.76
2022-01-06,80.38,82.55
2022-01-07,79.27,79.71
2022-01-10,78.41,79.49
2022-01-11,79.56,80.92
2022-01-12,80.03,80.89
2022-01-13,78.43,80.56
2022-01-14,76.56,78.88
2022-01-18,74.74,76.63
2022-01-19,73.71,75.21
2022-01-20,72.7,73.66
2022-01-21,72.72,72.83
2022-01-24,73.79,75.18
2022-01-25,72.99,73.77
2022-01-26,72.5,72.02
2022-01-27,71.55,70.94
2022-01-28,72.16,72.64
2022-01-31,72.67,74.44
2022-02-01,72.31,74.44
2022-02-02,72.32,74.89
2022-02-03,68.88,73.09
2022-02-04,67.47,71.53
2022-02-07,66.68,71.62
2022-02-08,67.46,72.74
2022-02-09,69.39,74.44
2022-02-10,68.34,71.75
2022-02-11,66.45,70.64
2022-02-14,66.5,70.56
2022-02-15,67.7,71.96
2022-02-16,67.49,72.23
2022-02-17,65.82,70.34
2022-02-18,65.37,70.29
2022-02-22,65.22,68.04
2022-02-23,63.83,66.19
2022-02-24,63.81,67.92
2022-02-25,65.43,70.06
2022-02-28,64.96,70.05
2022-03-01,62.58,69.14
2022-03-02,64.53,71.16
2022-03-03,64.64,70.39
2022-03-04,62.92,69.28
2022-03-07,60.31,65.57
2022-03-08,60.17,65.67
2022-03-09,62.81,68.12
2022-03-10,61.46,67.64
2022-03-11,60.48,66.97
2022-03-14,60.57,66.25
2022-03-15,61.49,68.45
2022-03-16,64.62,69.88
2022-03-17,64.87,70.96
2022-03-18,65.61,71.88
2022-03-21,65.89,69.7
2022-03-22,65.64,69.74
2022-03-23,64.76,66.99
2022-03-24,65.58,66.26
2022-03-25,66.24,65.57
2022-03-28,65.99,66.11
2022-03-29,67.12,68.22
2022-03-30,67.0,65.76
2022-03-31,65.57,63.2
2022-04-01,66.49,63.71
2022-04-04,66.64,64.39
2022-04-05,66.2,63.06
2022-04-06,65.86,61.59
2022-04-07,65.51,61.27
2022-04-08,64.5,61.47
2022-04-11,63.34,61.78
2022-04-12,62.15,61.58
2022-04-13,62.67,62.63
2022-04-14,61.53,61.45
2022-04-18,61.86,60.9
2022-04-19,63.53,63.21
2022-04-20,65.1,63.89
2022-04-21,65.14,63.08
2022-04-22,62.93,61.34
2022-04-25,62.71,62.96
2022-04-26,60.38,61.49
2022-04-27,60.84,61.39
2022-04-28,61.5,63.09
2022-04-29,59.87,61.29
2022-05-02,61.55,62.64
2022-05-03,61.91,63.36
2022-05-04,56.52,65.46
2022-05-05,54.18,62.27
2022-05-06,53.26,61.36
2022-05-09,51.77,61.1
2022-05-10,51.2,60.26
2022-05-11,51.03,58.1
2022-05-12,51.01,60.09
2022-05-13,52.21,61.3
2022-05-16,51.81,60.66
2022-05-17,52.37,62.29
2022-05-18,51.42,58.87
2022-05-19,51.89,59.31
2022-05-20,51.11,59.12
2022-05-23,51.73,59.14
2022-05-24,50.95,57.59
2022-05-25,51.77,59.62
2022-05-26,53.6,61.96
2022-05-27,54.71,63.22
2022-05-31,54.51,62.41
2022-06-01,54.0,61.79
2022-06-02,55.57,63.23
2022-06-03,54.41,62.59
2022-06-06,55.0,62.89
2022-06-07,55.45,63.16
2022-06-08,54.85,61.92
2022-06-09,53.72,61.63
2022-06-10,51.92,58.98
2022-06-13,50.23,55.96
2022-06-14,49.6,55.52
2022-06-15,49.86,55.71
2022-06-16,47.37,52.03
2022-06-17,47.23,52.27
2022-06-21,47.4,52.49
2022-06-22,47.44,52.84
2022-06-23,47.41,54.73
2022-06-24,48.95,56.26
2022-06-27,48.65,56.34
2022-06-28,48.44,55.17
2022-06-29,48.68,54.94
2022-06-30,47.88,54.71
2022-07-01,48.48,56.56
2022-07-05,48.14,57.95
2022-07-06,47.82,57.58
2022-07-07,47.43,58.41
2022-07-08,47.27,58.38
2022-07-11,47.09,58.09
2022-07-12,47.04,58.5
2022-07-13,47.28,58.6
2022-07-14,46.3,57.96
2022-07-15,46.91,58.66
2022-07-18,46.69,58.4
2022-07-19,48.66,60.37
2022-07-20,49.17,60.7
2022-07-21,50.76,61.97
2022-07-22,50.78,62.18
2022-07-25,50.62,61.39
2022-07-26,50.38,60.77
2022-07-27,51.71,62.03
2022-07-28,52.8,63.31
2022-07-29,53.91,64.0
2022-08-01,54.12,64.43
2022-08-02,53.76,62.46
2022-08-03,54.28,62.83
2022-08-04,54.63,63.92
2022-08-05,55.1,64.12
2022-08-08,55.05,64.87
2022-08-09,54.11,62.74
2022-08-10,55.45,64.92
2022-08-11,56.36,65.46
2022-08-12,58.05,66.7
2022-08-15,58.79,66.77
2022-08-16,59.0,67.45
2022-08-17,58.53,66.33
2022-08-18,58.93,66.59
2022-08-19,57.26,64.67
2022-08-22,55.4,62.96
2022-08-23,55.22,62.77
2022-08-24,55.47,63.24
2022-08-25,57.02,64.37
2022-08-26,54.61,61.39
2022-08-29,54.43,61.0
2022-08-30,54.49,60.54
2022-08-31,54.14,59.79
2022-09-01,55.65,59.78
2022-09-02,54.89,59.38
2022-09-06,54.99,58.77
2022-09-07,56.96,60.43
2022-09-08,57.46,60.99
2022-09-09,58.15,62.06
2022-09-12,58.86,62.63
2022-09-13,56.44,58.96
2022-09-14,56.29,58.28
2022-09-15,55.89,58.06
2022-09-16,53.61,57.79
2022-09-19,54.31,58.68
2022-09-20,53.09,57.27
2022-09-21,52.55,56.65
2022-09-22,51.24,55.45
2022-09-23,50.67,55.36
2022-09-26,49.68,53.98
2022-09-27,49.29,54.21
2022-09-28,51.28,56.81
2022-09-29,49.47,55.11
2022-09-30,49.22,54.69
2022-10-03,51.51,56.85
2022-10-04,53.55,59.32
2022-10-05,53.34,58.82
2022-10-06,52.45,58.9
2022-10-07,50.44,57.17
2022-10-10,50.67,57.29
2022-10-11,51.05,57.41
2022-10-12,51.03,56.65
2022-10-13,52.44,56.79
2022-10-14,50.84,54.79
2022-10-17,52.45,56.2
2022-10-18,53.22,57.47
2022-10-19,52.41,54.73
2022-10-20,51.29,53.4
2022-10-21,53.04,55.06
2022-10-24,54.95,55.92
2022-10-25,57.18,58.35
2022-10-26,56.92,57.77
2022-10-27,57.68,57.99
2022-10-28,58.7,58.98
2022-10-31,57.84,58.34
2022-11-01,58.0,58.09
2022-11-02,57.11,55.86
2022-11-03,60.39,54.92
2022-11-04,63.81,56.05
2022-11-07,64.13,56.8
2022-11-08,64.88,57.21
2022-11-09,63.85,56.21
2022-11-10,66.66,62.02
2022-11-11,66.39,62.83
2022-11-14,65.58,61.02
2022-11-15,66.4,62.3
2022-11-16,65.82,61.45
2022-11-17,65.77,60.59
2022-11-18,66.98,60.95
2022-11-21,66.65,60.58
2022-11-22,67.58,61.71
2022-11-23,66.95,62.02
2022-11-25,66.85,62.07
2022-11-28,65.84,60.75
2022-11-29,65.4,61.16
2022-11-30,66.44,62.28
2022-12-01,66.9,63.06
2022-12-02,68.12,62.63
2022-12-05,67.21,61.19
2022-12-06,66.1,60.35
2022-12-07,66.39,61.46
2022-12-08,66.77,61.85
2022-12-09,65.77,61.38
2022-12-12,65.64,62.18
2022-12-13,66.58,63.29
2022-12-14,66.55,62.95
2022-12-15,64.82,62.57
2022-12-16,63.35,61.6
2022-12-19,63.46,60.38
2022-12-20,63.25,60.05
2022-12-21,64.62,61.17
2022-12-22,64.13,60.64
2022-12-23,64.1,60.83
2022-12-27,64.3,60.66
2022-12-28,63.22,59.46
2022-12-29,64.46,60.91
2022-12-30,64.0,60.32
2023-01-03,64.74,61.13
2023-01-04,65.8,62.63
2023-01-05,65.03,62.16
2023-01-06,67.15,63.62
2023-01-09,66.78,63.65
2023-01-10,67.31,64.31
2023-01-11,67.59,65.96
2023-01-12,68.38,66.16
2023-01-13,68.83,66.57
2023-01-17,67.77,66.04
2023-01-18,66.16,65.4
2023-01-19,64.83,63.42
2023-01-20,66.05,64.98
2023-01-23,66.73,65.81
2023-01-24,68.06,66.08
2023-01-25,68.1,66.35
2023-01-26,68.82,66.53
2023-01-27,68.85,67.15
2023-01-30,68.26,66.29
2023-01-31,69.57,69.45
2023-02-01,66.36,70.89
2023-02-02,64.57,72.27
2023-02-03,65.72,71.21
2023-02-06,65.82,69.96
2023-02-07,64.52,70.29
2023-02-08,65.06,69.29
2023-02-09,64.69,68.92
2023-02-10,64.59,68.71
2023-02-13,65.7,70.41
2023-02-14,65.19,70.15
2023-02-15,65.2,70.59
2023-02-16,64.45,69.72
2023-02-17,64.71,68.96
2023-02-21,62.69,66.29
2023-02-22,62.49,66.71
2023-02-23,63.12,67.39
2023-02-24,62.55,66.74
2023-02-27,62.74,67.18
2023-02-28,62.72,67.52
2023-03-01,63.19,66.96
2023-03-02,63.69,67.42
2023-03-03,65.21,68.81
2023-03-06,65.55,68.12
2023-03-07,65.11,67.43
2023-03-08,65.02,68.12
2023-03-09,63.3,67.0
2023-03-10,61.46,65.47
2023-03-13,60.53,65.25
2023-03-14,62.57,66.16
2023-03-15,58.99,64.73
2023-03-16,59.45,65.93
2023-03-17,57.3,64.93
2023-03-20,58.54,65.38
2023-03-21,59.67,66.32
2023-03-22,58.88,65.18
2023-03-23,58.71,65.16
2023-03-24,58.23,65.19
2023-03-27,58.56,65.3
2023-03-28,58.91,65.68
2023-03-29,59.56,66.21
2023-03-30,59.44,66.12
2023-03-31,60.22,67.76
2023-04-03,60.4,67.84
2023-04-04,57.28,65.9
2023-04-05,55.7,64.93
2023-04-06,55.98,64.48
2023-04-10,56.36,65.4
2023-04-11,56.67,66.72
2023-04-12,57.37,66.66
2023-04-13,57.5,66.91
2023-04-14,57.49,67.12
2023-04-17,58.23,67.78
2023-04-18,58.19,68.96
2023-04-19,58.87,69.15
2023-04-20,58.59,69.65
2023-04-21,58.61,69.41
2023-04-24,58.42,69.59
2023-04-25,58.3,68.56
2023-04-26,57.29,67.59
2023-04-27,59.37,69.89
2023-04-28,59.84,70.92
2023-05-01,59.61,70.6
2023-05-02,59.89,70.3
2023-05-03,58.98,70.73
2023-05-04,58.51,69.58
2023-05-05,62.09,70.77
2023-05-08,63.09,71.19
2023-05-09,62.98,71.32
2023-05-10,62.3,71.18
2023-05-11,62.06,71.13
2023-05-12,62.03,70.79
2023-05-15,62.42,71.39
2023-05-16,60.8,70.51
2023-05-17,61.97,71.64
2023-05-18,63.19,72.89
2023-05-19,63.22,71.64
2023-05-22,63.0,70.94
2023-05-23,61.97,69.8
2023-05-24,60.75,69.57
2023-05-25,61.04,69.78
2023-05-26,61.88,70.2
2023-05-30,61.68,70.34
2023-05-31,59.7,68.89
2023-06-01,59.96,69.84
2023-06-02,62.39,72.66
2023-06-05,61.79,71.97
2023-06-06,62.55,74.06
2023-06-07,63.83,75.27
2023-06-08,63.55,75.01
2023-06-09,63.51,74.69
2023-06-12,63.55,75.54
2023-06-13,64.73,76.54
2023-06-14,64.5,75.53
2023-06-15,65.65,76.76
2023-06-16,65.47,76.47
2023-06-20,65.7,76.75
2023-06-21,66.48,77.14
2023-06-22,65.34,76.72
2023-06-23,64.99,76.86
2023-06-26,66.0,77.33
2023-06-27,66.95,79.55
2023-06-28,66.8,79.25
2023-06-29,67.32,79.76
2023-06-30,68.14,80.3
2023-07-03,67.67,80.05
2023-07-05,67.15,79.29
2023-07-06,66.86,77.67
2023-07-07,66.9,77.95
2023-07-10,68.04,80.16
2023-07-11,68.34,81.23
2023-07-12,68.8,82.91
2023-07-13,68.79,83.2
2023-07-14,68.71,83.5
2023-07-17,69.37,83.77
2023-07-18,69.45,84.36
2023-07-19,69.47,84.32
2023-07-20,68.77,82.6
2023-07-21,68.97,82.49
2023-07-24,68.9,82.8
2023-07-25,68.83,83.63
2023-07-26,68.75,83.76
2023-07-27,69.32,83.66
2023-07-28,69.19,84.45
2023-07-31,69.55,84.51
2023-08-01,70.03,85.02
2023-08-02,63.55,84.23
2023-08-03,62.04,83.31
2023-08-04,62.76,83.87
2023-08-07,62.57,84.84
2023-08-08,61.38,84.65
2023-08-09,60.59,83.89
2023-08-10,59.66,83.32
2023-08-11,59.39,83.24
2023-08-14,59.42,83.71
2023-08-15,59.13,83.48
2023-08-16,59.28,82.35
2023-08-17,59.16,79.38
2023-08-18,59.29,79.57
2023-08-21,58.85,78.98
2023-08-22,58.65,79.23
2023-08-23,59.29,80.87
2023-08-24,58.37,79.62
2023-08-25,58.53,79.33
2023-08-28,58.63,80.17
2023-08-29,58.96,82.07
2023-08-30,59.03,82.82
2023-08-31,59.06,83.07
2023-09-01,59.78,84.26
2023-09-05,58.35,80.99
2023-09-06,57.58,81.36
2023-09-07,57.0,81.62
2023-09-08,57.35,81.25
2023-09-11,57.17,82.16
2023-09-12,57.33,80.65
2023-09-13,57.18,79.74
2023-09-14,57.12,80.66
2023-09-15,57.13,78.9
2023-09-18,57.56,78.89
2023-09-19,57.26,78.94
2023-09-20,56.51,78.01
2023-09-21,55.22,76.1
2023-09-22,55.15,76.18
2023-09-25,55.09,76.78
2023-09-26,54.18,75.64
2023-09-27,54.54,76.14
2023-09-28,53.19,77.09
2023-09-29,53.21,76.57
2023-10-02,52.38,75.63
2023-10-03,51.97,73.68
2023-10-04,52.16,74.75
2023-10-05,51.33,74.33
2023-10-06,52.35,74.95
2023-10-09,52.62,75.72
2023-10-10,52.63,76.59
2023-10-11,53.41,77.54
2023-10-12,52.36,74.61
2023-10-13,51.64,74.17
2023-10-16,52.64,75.23
2023-10-17,52.81,75.39
2023-10-18,50.54,72.93
2023-10-19,49.2,71.49
2023-10-20,48.71,70.86
2023-10-23,48.4,71.07
2023-10-24,48.72,70.93
2023-10-25,48.1,69.36
2023-10-26,48.89,69.97
2023-10-27,48.21,69.78
2023-10-30,48.62,70.74
2023-10-31,49.02,71.62
2023-11-01,49.78,73.82
2023-11-02,50.86,75.42
2023-11-03,51.48,77.45
2023-11-06,51.16,76.44
2023-11-07,50.92,76.94
2023-11-08,50.62,76.93
2023-11-09,50.25,75.94
2023-11-10,51.25,77.52
2023-11-13,50.79,77.23
2023-11-14,52.44,81.77
2023-11-15,51.87,81.57
2023-11-16,51.92,81.54
2023-11-17,52.24,82.41
2023-11-20,52.4,82.57
2023-11-21,52.53,81.81
2023-11-22,52.72,82.23
2023-11-24,52.4,82.56
2023-11-27,52.43,82.43
2023-11-28,52.27,81.9
2023-11-29,52.76,82.75
2023-11-30,52.8,82.95
2023-12-01,53.89,85.46
2023-12-04,54.26,86.03
2023-12-05,54.42,85.63
2023-12-06,55.04,86.68
2023-12-07,55.5,87.4
2023-12-08,56.08,88.47
2023-12-11,56.57,88.7
2023-12-12,53.19,88.45
2023-12-13,53.29,90.69
2023-12-14,54.1,95.74
2023-12-15,52.44,94.71
2023-12-18,53.52,93.71
2023-12-19,54.12,94.99
2023-12-20,54.71,93.97
2023-12-21,55.97,95.26
2023-12-22,56.74,95.6
2023-12-26,57.63,96.14
2023-12-27,57.68,96.47
2023-12-28,57.7,96.18
2023-12-29,57.64,95.66
