date,JPM,XLF
2010-01-04,42.85,14.69
2010-01-05,43.68,14.96
2010-01-06,43.92,14.99
2010-01-07,44.79,15.31
2010-01-08,44.68,15.22
2010-01-11,44.53,15.23
2010-01-12,43.49,15.01
2010-01-13,44.25,15.18
2010-01-14,44.69,15.25
2010-01-15,43.68,14.94
2010-01-19,43.28,15.13
2010-01-20,43.4,15.09
2010-01-21,40.54,14.66
2010-01-22,39.16,14.182
2010-01-25,39.21,14.26
2010-01-26,38.44,14.01
2010-01-27,39.33,14.35
2010-01-28,39.48,14.28
2010-01-29,38.94,14.18
2010-02-01,39.63,14.42
2010-02-02,40.55,14.558
2010-02-03,40.29,14.4
2010-02-04,38.35,13.78
2010-02-05,38.3,13.94
2010-02-08,37.7,13.66
2010-02-09,38.39,13.8
2010-02-10,38.87,13.91
2010-02-11,39.02,13.94
2010-02-12,38.95,13.95
2010-02-16,40.07,14.24
2010-02-17,40.04,14.29
2010-02-18,40.41,14.38
2010-02-19,40.03,14.46
2010-02-22,40.85,14.65
2010-02-23,39.88,14.38
2010-02-24,40.85,14.63
2010-02-25,40.64,14.59
2010-02-26,41.97,14.68
2010-03-01,41.83,14.72
2010-03-02,41.62,14.77
2010-03-03,41.53,14.78
2010-03-04,41.92,14.93
2010-03-05,42.81,15.22
2010-03-08,42.59,15.25
2010-03-09,42.42,15.3
2010-03-10,42.93,15.47
2010-03-11,43.18,15.6
2010-03-12,43.15,15.54
2010-03-15,43.07,15.54
2010-03-16,43.24,15.729
2010-03-17,43.79,15.92
2010-03-18,43.64,15.83
2010-03-19,43.45,15.69
2010-03-22,43.74,15.77
2010-03-23,44.58,15.9
2010-03-24,44.94,15.91
2010-03-25,44.94,15.98
2010-03-26,45.02,16.0
2010-03-29,44.86,16.02
2010-03-30,44.58,15.92
2010-03-31,44.75,15.95
2010-04-01,45.18,16.08
2010-04-05,45.34,16.24
2010-04-06,45.84,16.41
2010-04-07,45.32,16.35
2010-04-08,45.76,16.48
2010-04-09,45.98,16.541
2010-04-12,46.14,16.61
2010-04-13,45.87,16.62
2010-04-14,47.73,17.05
2010-04-15,47.81,16.98
2010-04-16,45.55,16.36
2010-04-19,45.39,16.52
2010-04-20,45.88,16.74
2010-04-21,45.35,16.64
2010-04-22,44.74,16.73
2010-04-23,44.94,16.78
2010-04-26,43.89,16.5175
2010-04-27,42.41,15.959
2010-04-28,43.46,16.19
2010-04-29,44.0,16.56
2010-04-30,42.58,16.159
2010-05-03,43.53,16.47
2010-05-04,42.47,16.02
2010-05-05,42.63,15.9325
2010-05-06,40.81,15.26
2010-05-07,40.76,15.09
2010-05-10,41.95,15.931
2010-05-11,41.55,15.87
2010-05-12,41.69,16.05
2010-05-13,40.81,15.76
2010-05-14,39.89,15.35
2010-05-17,39.84,15.36
2010-05-18,39.02,14.92
2010-05-19,39.38,14.94
2010-05-20,37.83,14.245
2010-05-21,40.05,14.75
2010-05-24,38.62,14.33
2010-05-25,38.94,14.46
2010-05-26,38.78,14.36
2010-05-27,40.42,15.01
2010-05-28,39.58,14.68
2010-06-01,38.54,14.37
2010-06-02,39.55,14.82
2010-06-03,39.1,14.739
2010-06-04,37.62,14.15
2010-06-07,36.72,13.87
2010-06-08,37.78,14.16
2010-06-09,37.12,14.01
2010-06-10,38.29,14.47
2010-06-11,38.09,14.51
2010-06-14,37.33,14.45
2010-06-15,38.25,14.7925
2010-06-16,38.52,14.8
2010-06-17,38.44,14.78
2010-06-18,39.18,14.83
2010-06-21,38.87,14.81
2010-06-22,38.33,14.575
2010-06-23,38.89,14.51
2010-06-24,38.03,14.25
2010-06-25,39.44,14.635
2010-06-28,38.54,14.5
2010-06-29,37.06,13.98
2010-06-30,36.61,13.81
2010-07-01,36.08,13.68
2010-07-02,35.83,13.52
2010-07-06,36.33,13.6
2010-07-07,38.15,14.2
2010-07-08,38.16,14.31
2010-07-09,38.85,14.51
2010-07-12,39.19,14.53
2010-07-13,40.48,14.89
2010-07-14,40.35,14.78
2010-07-15,40.46,14.75
2010-07-16,39.0,14.129
2010-07-19,39.04,14.12
2010-07-20,39.63,14.27
2010-07-21,38.42,14.039
2010-07-22,39.35,14.45
2010-07-23,39.83,14.56
2010-07-26,40.33,14.76
2010-07-27,40.69,14.8
2010-07-28,40.32,14.67
2010-07-29,40.21,14.72
2010-07-30,40.28,14.71
2010-08-02,41.64,15.08
2010-08-03,41.08,14.91
2010-08-04,41.29,14.97
2010-08-05,41.27,14.91
2010-08-06,40.44,14.78
2010-08-09,39.82,14.86
2010-08-10,39.17,14.73
2010-08-11,37.77,14.21
2010-08-12,37.81,14.11
2010-08-13,37.5,14.07
2010-08-16,37.69,14.03
2010-08-17,37.48,14.14
2010-08-18,37.89,14.2
2010-08-19,37.07,13.87
2010-08-20,37.14,13.83
2010-08-23,36.88,13.74
2010-08-24,36.21,13.51
2010-08-25,36.23,13.55
2010-08-26,35.63,13.44
2010-08-27,36.6,13.73
2010-08-30,35.85,13.44
2010-08-31,36.36,13.5545
2010-09-01,37.74,14.0815
2010-09-02,38.16,14.22
2010-09-03,39.17,14.519
2010-09-07,38.28,14.185
2010-09-08,39.12,14.33
2010-09-09,40.1,14.51
2010-09-10,39.76,14.53
2010-09-13,41.12,14.84
2010-09-14,40.72,14.71
2010-09-15,40.98,14.76
2010-09-16,40.99,14.715
2010-09-17,40.06,14.6105
2010-09-20,41.19,14.885
2010-09-21,40.59,14.75
2010-09-22,39.94,14.5095
2010-09-23,39.1,14.23
2010-09-24,39.7525,14.605
2010-09-27,39.08,14.445
2010-09-28,38.95,14.48
2010-09-29,38.41,14.37
2010-09-30,38.06,14.3445
2010-10-01,38.81,14.5
2010-10-04,38.95,14.4
2010-10-05,39.64,14.73
2010-10-06,39.9,14.72
2010-10-07,39.52,14.66
2010-10-08,39.31,14.7
2010-10-11,39.73,14.68
2010-10-12,40.4,14.845
2010-10-13,39.84,14.859
2010-10-14,38.72,14.595
2010-10-15,37.15,14.345
2010-10-18,38.2,14.67
2010-10-19,37.69,14.4655
2010-10-20,38.1,14.61
2010-10-21,37.7,14.6055
2010-10-22,37.7,14.6015
2010-10-25,37.07,14.55
2010-10-26,37.2,14.57
2010-10-27,37.54,14.58
2010-10-28,37.51,14.575
2010-10-29,37.63,14.559
2010-11-01,37.42,14.56
2010-11-02,36.96,14.595
2010-11-03,37.72,14.74
2010-11-04,39.8,15.231
2010-11-05,40.94,15.58
2010-11-08,40.51,15.4595
2010-11-09,39.9,15.17
2010-11-10,40.62,15.34
2010-11-11,40.02,15.19
2010-11-12,39.61,14.94
2010-11-15,40.08,15.005
2010-11-16,39.61,14.755
2010-11-17,39.18,14.6555
2010-11-18,39.66,14.86
2010-11-19,39.41,14.8545
2010-11-22,38.51,14.64
2010-11-23,37.63,14.41
2010-11-24,38.16,14.63
2010-11-26,37.59,14.42
2010-11-29,37.91,14.54
2010-11-30,37.4,14.46
2010-12-01,38.15,14.7525
2010-12-02,39.31,15.13
2010-12-03,39.61,15.1805
2010-12-06,39.905,15.155
2010-12-07,39.25,15.18
2010-12-08,40.26,15.425
2010-12-09,40.81,15.615
2010-12-10,41.43,15.7545
2010-12-13,41.51,15.7445
2010-12-14,40.79,15.605
2010-12-15,40.21,15.48
2010-12-16,40.0125,15.5
2010-12-17,39.67,15.53
2010-12-20,39.95,15.54
2010-12-21,41.0,15.81
2010-12-22,42.16,15.985
2010-12-23,42.08,15.87
2010-12-27,42.67,16.01
2010-12-28,42.61,16.012
2010-12-29,42.36,15.98
2010-12-30,42.23,15.93
2010-12-31,42.42,15.95
2011-01-03,43.58,16.3
2011-01-04,44.16,16.275
2011-01-05,44.7,16.47
2011-01-06,44.48,16.362
2011-01-07,43.64,16.215
2011-01-10,43.4,16.1745
2011-01-11,43.6,16.24
2011-01-12,44.71,16.513
2011-01-13,44.45,16.4555
2011-01-14,44.91,16.72
2011-01-18,44.75,16.62
2011-01-19,43.71,16.25
2011-01-20,44.75,16.33
2011-01-21,45.29,16.4615
2011-01-24,45.02,16.4435
2011-01-25,44.87,16.41
2011-01-26,44.98,16.395
2011-01-27,45.1,16.5385
2011-01-28,44.54,16.25
2011-01-31,44.94,16.4
2011-02-01,45.93,16.74
2011-02-02,45.45,16.61
2011-02-03,45.46,16.615
2011-02-04,44.59,16.6075
2011-02-07,45.5,16.85
2011-02-08,45.74,16.97
2011-02-09,45.11,16.851
2011-02-10,45.53,16.85
2011-02-11,46.57,17.081
2011-02-14,46.54,17.09
2011-02-15,46.82,17.0675
2011-02-16,47.94,17.16
2011-02-17,47.82,17.14
2011-02-18,48.0,17.1785
2011-02-22,46.01,16.6525
2011-02-23,45.96,16.58
2011-02-24,45.91,16.54
2011-02-25,46.68,16.771
2011-02-28,46.69,16.85
2011-03-01,45.6,16.49
2011-03-02,45.21,16.39
2011-03-03,46.08,16.725
2011-03-04,45.52,16.52
2011-03-07,45.19,16.41
2011-03-08,46.4,16.77
2011-03-09,46.56,16.7665
2011-03-10,45.53,16.43
2011-03-11,45.74,16.54
2011-03-14,45.3,16.39
2011-03-15,44.61,16.2
2011-03-16,43.81,15.8995
2011-03-17,44.56,16.09
2011-03-18,45.74,16.27
2011-03-21,45.63,16.345
2011-03-22,45.47,16.259
2011-03-23,45.6,16.215
2011-03-24,45.73,16.295
2011-03-25,45.86,16.34
2011-03-28,45.96,16.2855
2011-03-29,46.02,16.32
2011-03-30,46.45,16.45
2011-03-31,46.1,16.39
2011-04-01,46.35,16.53
2011-04-04,46.34,16.5065
2011-04-05,46.58,16.5
2011-04-06,47.64,16.69
2011-04-07,47.4,16.61
2011-04-08,46.84,16.46
2011-04-11,46.86,16.46
2011-04-12,46.64,16.4
2011-04-13,46.25,16.2775
2011-04-14,44.97,16.13
2011-04-15,44.89,16.14
2011-04-18,43.96,15.92
2011-04-19,44.6501,15.97
2011-04-20,44.56,16.01
2011-04-21,44.68,16.1
2011-04-25,44.61,16.08
2011-04-26,45.12,16.18
2011-04-27,45.5,16.28
2011-04-28,45.85,16.41
2011-04-29,45.63,16.38
2011-05-02,45.18,16.31
2011-05-03,45.92,16.38
2011-05-04,45.5,16.24
2011-05-05,45.17,16.03
2011-05-06,45.04,16.11
2011-05-09,44.96,16.07
2011-05-10,45.16,16.22
2011-05-11,44.23,16.0
2011-05-12,44.09,16.0
2011-05-13,43.15,15.77
2011-05-16,42.88,15.75
2011-05-17,43.81,15.87
2011-05-18,44.08,15.94
2011-05-19,44.0,15.94
2011-05-20,43.13,15.72
2011-05-23,42.55,15.5
2011-05-24,42.34,15.48
2011-05-25,42.27,15.49
2011-05-26,42.45,15.57
2011-05-27,42.79,15.68
2011-05-31,43.24,15.84
2011-06-01,41.76,15.305
2011-06-02,41.61,15.32
2011-06-03,41.57,15.22
2011-06-06,40.53,14.93
2011-06-07,40.72,14.895
2011-06-08,40.39,14.76
2011-06-09,40.98,14.93
2011-06-10,41.05,14.83
2011-06-13,41.67,14.98
2011-06-14,41.605,15.055
2011-06-15,40.68,14.73
2011-06-16,40.36,14.81
2011-06-17,40.8,14.891
2011-06-20,40.48,14.88
2011-06-21,40.91,15.09
2011-06-22,40.69,15.0
2011-06-23,40.07,14.85
2011-06-24,39.49,14.76
2011-06-27,39.88,14.91
2011-06-28,39.54,14.98
2011-06-29,40.45,15.29
2011-06-30,40.94,15.35
2011-07-01,41.58,15.63
2011-07-05,41.03,15.49
2011-07-06,40.56,15.41
2011-07-07,41.32,15.66
2011-07-08,40.74,15.46
2011-07-11,39.43,15.04
2011-07-12,39.39,14.98
2011-07-13,39.62,14.99
2011-07-14,40.35,14.88
2011-07-15,39.98,14.85
2011-07-18,39.83,14.65
2011-07-19,40.39,14.831
2011-07-20,40.96,15.0
2011-07-21,42.29,15.36
2011-07-22,42.19,15.32
2011-07-25,41.69,15.21
2011-07-26,41.44,15.19
2011-07-27,40.67,14.83
2011-07-28,40.68,14.84
2011-07-29,40.45,14.795
2011-08-01,40.44,14.75
2011-08-02,39.84,14.349
2011-08-03,39.9,14.42
2011-08-04,37.92,13.69
2011-08-05,37.6,13.43
2011-08-08,34.06,12.157
2011-08-09,36.4,13.1
2011-08-10,34.37,12.19
2011-08-11,36.69,12.87
2011-08-12,35.91,12.78
2011-08-15,36.88,13.19
2011-08-16,36.03,12.93
2011-08-17,36.57,13.01
2011-08-18,35.19,12.38
2011-08-19,34.35,12.13
2011-08-22,33.41,11.98
2011-08-23,34.78,12.368
2011-08-24,35.83,12.7
2011-08-25,35.72,12.66
2011-08-26,36.21,12.77
2011-08-29,37.64,13.3
2011-08-30,37.06,13.21
2011-08-31,37.56,13.38
2011-09-01,36.3,13.08
2011-09-02,34.63,12.54
2011-09-06,33.44,12.32
2011-09-07,34.82,12.91
2011-09-08,33.51,12.63
2011-09-09,32.08,12.23
2011-09-12,32.42,12.37
2011-09-13,32.49,12.45
2011-09-14,32.8,12.6
2011-09-15,33.81,12.92
2011-09-16,33.43,12.905
2011-09-19,32.49,12.56
2011-09-20,32.25,12.52
2011-09-21,30.34,11.9
2011-09-22,29.27,11.56
2011-09-23,29.59,11.68
2011-09-26,31.65,12.2
2011-09-27,31.57,12.26
2011-09-28,30.47,11.905
2011-09-29,31.39,12.24
2011-09-30,30.12,11.81
2011-10-03,28.65,11.28
2011-10-04,30.26,11.73
2011-10-05,30.84,11.9
2011-10-06,32.38,12.27
2011-10-07,30.7,11.83
2011-10-10,32.3,12.44
2011-10-11,32.3,12.43
2011-10-12,33.2,12.745
2011-10-13,31.6,12.45
2011-10-14,31.89,12.6
2011-10-17,31.04,12.21
2011-10-18,32.87,12.79
2011-10-19,32.25,12.61
2011-10-20,33.13,12.8
2011-10-21,33.42,13.13
2011-10-24,34.57,13.42
2011-10-25,33.49,13.02
2011-10-26,34.18,13.25
2011-10-27,37.02,14.04
2011-10-28,36.69,14.05
2011-10-31,34.76,13.495
2011-11-01,32.71,12.86
2011-11-02,33.64,13.24
2011-11-03,34.38,13.47
2011-11-04,33.97,13.285
2011-11-07,34.24,13.36
2011-11-08,35.02,13.61
2011-11-09,32.54,12.87
2011-11-10,32.74,12.93
2011-11-11,33.28,13.235
2011-11-14,32.55,12.972
2011-11-15,32.7,13.03
2011-11-16,31.47,12.71
2011-11-17,30.49,12.46
2011-11-18,30.62,12.5
2011-11-21,29.91,12.19
2011-11-22,29.41,12.08
2011-11-23,28.38,11.75
2011-11-25,28.48,11.78
2011-11-28,29.16,12.13
2011-11-29,28.56,12.065
2011-11-30,30.97,12.81
2011-12-01,30.46,12.74
2011-12-02,32.33,12.91
2011-12-05,33.51,13.17
2011-12-06,33.23,13.18
2011-12-07,34.0,13.34
2011-12-08,32.22,12.82
2011-12-09,33.18,13.1
2011-12-12,32.04,12.79
2011-12-13,31.29,12.61
2011-12-14,31.51,12.56
2011-12-15,31.76,12.57
2011-12-16,31.89,12.54
2011-12-19,30.7,12.255
2011-12-20,32.21,12.72
2011-12-21,32.32,12.79
2011-12-22,33.45,13.055
2011-12-23,33.57,13.15
2011-12-27,33.03,13.075
2011-12-28,32.65,12.865
2011-12-29,33.42,13.07
2011-12-30,33.25,13.0
2012-01-03,34.98,13.34
2012-01-04,34.95,13.3
2012-01-05,35.68,13.48
2012-01-06,35.36,13.395
2012-01-09,35.3,13.465
2012-01-10,36.05,13.71
2012-01-11,36.66,13.865
2012-01-12,36.85,13.92
2012-01-13,35.92,13.815
2012-01-17,34.91,13.71
2012-01-18,36.54,13.92
2012-01-19,36.93,14.05
2012-01-20,37.36,14.14
2012-01-23,37.66,14.19
2012-01-24,37.66,14.17
2012-01-25,37.6,14.2
2012-01-26,37.49,14.079
2012-01-27,37.21,14.13
2012-01-30,37.01,14.0
2012-01-31,37.3,14.055
2012-02-01,37.6,14.28
2012-02-02,37.55,14.35
2012-02-03,38.28,14.735
2012-02-06,38.14,14.665
2012-02-07,37.87,14.66
2012-02-08,38.3,14.77
2012-02-09,37.86,14.71
2012-02-10,37.61,14.565
2012-02-13,38.3,14.7
2012-02-14,37.92,14.56
2012-02-15,37.4,14.47
2012-02-16,38.0,14.695
2012-02-17,38.47,14.79
2012-02-21,38.46,14.775
2012-02-22,38.07,14.585
2012-02-23,38.49,14.72
2012-02-24,38.28,14.67
2012-02-27,39.06,14.78
2012-02-28,39.21,14.82
2012-02-29,39.24,14.76
2012-03-01,40.37,14.92
2012-03-02,40.63,14.865
2012-03-05,40.4,14.81
2012-03-06,39.32,14.445
2012-03-07,39.95,14.63
2012-03-08,40.44,14.77
2012-03-09,41.03,14.89
2012-03-12,40.54,14.85
2012-03-13,43.39,15.42
2012-03-14,43.58,15.4399
2012-03-15,44.7,15.71
2012-03-16,44.57,15.72
2012-03-19,45.0,15.8001
2012-03-20,45.38,15.875
2012-03-21,45.12,15.805
2012-03-22,44.65,15.595
2012-03-23,45.16,15.73
2012-03-26,46.17,15.9772
2012-03-27,45.89,15.83
2012-03-28,46.27,15.87
2012-03-29,45.67,15.71
2012-03-30,45.98,15.795
2012-04-02,46.13,15.92
2012-04-03,45.42,15.83
2012-04-04,44.41,15.5799
2012-04-05,44.34,15.535
2012-04-09,43.89,15.3
2012-04-10,42.96,14.97
2012-04-11,44.01,15.205
2012-04-12,44.84,15.49
2012-04-13,43.21,15.13
2012-04-16,43.33,15.24
2012-04-17,43.9,15.44
2012-04-18,43.29,15.34
2012-04-19,43.22,15.265
2012-04-20,42.72,15.185
2012-04-23,42.85,15.08
2012-04-24,43.28,15.25
2012-04-25,43.16,15.38
2012-04-26,43.8,15.51
2012-04-27,43.34,15.52
2012-04-30,42.98,15.43
2012-05-01,43.79,15.59
2012-05-02,43.2,15.465
2012-05-03,43.01,15.34
2012-05-04,41.75,15.1
2012-05-07,41.78,15.185
2012-05-08,41.38,15.085
2012-05-09,40.64,14.92
2012-05-10,40.74,14.98
2012-05-11,36.96,14.81
2012-05-14,35.79,14.505
2012-05-15,36.24,14.43
2012-05-16,35.46,14.22
2012-05-17,33.93,13.93
2012-05-18,33.49,13.771
2012-05-21,32.51,13.9
2012-05-22,34.01,14.01
2012-05-23,34.26,14.06
2012-05-24,33.97,14.07
2012-05-25,33.5,14.02
2012-05-29,33.63,14.22
2012-05-30,32.96,13.8885
2012-05-31,33.15,14.01
2012-06-01,31.93,13.49
2012-06-04,31.0,13.36
2012-06-05,31.99,13.58
2012-06-06,33.07,13.975
2012-06-07,32.81,13.97
2012-06-08,33.68,14.137
2012-06-11,32.82,13.88
2012-06-12,33.77,14.085
2012-06-13,34.3,14.04
2012-06-14,34.65,14.205
2012-06-15,35.03,14.34
2012-06-18,34.62,14.26
2012-06-19,35.38,14.5
2012-06-20,36.45,14.53
2012-06-21,35.51,14.205
2012-06-22,35.99,14.335
2012-06-25,35.32,14.04
2012-06-26,35.71,14.11
2012-06-27,36.78,14.28
2012-06-28,35.88,14.27
2012-06-29,35.73,14.635
2012-07-02,36.28,14.725
2012-07-03,35.88,14.81
2012-07-05,34.38,14.59
2012-07-06,33.9,14.47
2012-07-09,33.96,14.45
2012-07-10,34.25,14.34
2012-07-11,34.59,14.46
2012-07-12,34.04,14.31
2012-07-13,36.07,14.705
2012-07-16,35.09,14.68
2012-07-17,34.99,14.76
2012-07-18,34.96,14.69
2012-07-19,34.46,14.595
2012-07-20,33.9,14.375
2012-07-23,34.44,14.26
2012-07-24,34.73,14.215
2012-07-25,35.17,14.27
2012-07-26,35.81,14.485
2012-07-27,36.89,14.76
2012-07-30,36.14,14.73
2012-07-31,36.0,14.66
2012-08-01,36.0,14.59
2012-08-02,35.17,14.48
2012-08-03,36.09,14.82
2012-08-06,36.3,14.88
2012-08-07,37.01,14.94
2012-08-08,37.16,14.94
2012-08-09,36.92,14.93
2012-08-10,36.97,14.94
2012-08-13,36.99,14.95
2012-08-14,37.1,14.93
2012-08-15,37.07,14.98
2012-08-16,37.1,15.08
2012-08-17,36.98,15.13
2012-08-20,37.37,15.17
2012-08-21,38.04,15.22
2012-08-22,37.83,15.2
2012-08-23,37.23,15.05
2012-08-24,37.17,15.13
2012-08-27,37.23,15.12
2012-08-28,37.13,15.1
2012-08-29,37.3,15.13
2012-08-30,36.9,15.05
2012-08-31,37.14,15.16
2012-09-04,37.01,15.16
2012-09-05,37.11,15.16
2012-09-06,38.69,15.52
2012-09-07,39.3,15.68
2012-09-10,38.76,15.55
2012-09-11,39.6,15.68
2012-09-12,39.92,15.74
2012-09-13,41.4,16.15
2012-09-14,41.57,16.28
2012-09-17,41.19,16.13
2012-09-18,41.26,16.05
2012-09-19,41.34,16.04
2012-09-20,41.25,15.95
2012-09-21,40.88,15.83
2012-09-24,41.23,15.835
2012-09-25,40.55,15.595
2012-09-26,40.24,15.495
2012-09-27,40.68,15.64
2012-09-28,40.48,15.59
2012-10-01,40.97,15.66
2012-10-02,40.92,15.69
2012-10-03,40.86,15.83
2012-10-04,41.82,16.065
2012-10-05,41.71,16.06
2012-10-08,41.66,16.05
2012-10-09,41.38,15.95
2012-10-10,41.77,15.94
2012-10-11,42.1,16.03
2012-10-12,41.62,15.81
2012-10-15,42.38,15.99
2012-10-16,42.83,16.09
2012-10-17,43.32,16.295
2012-10-18,43.01,16.33
2012-10-19,42.32,16.11
2012-10-22,42.09,16.11
2012-10-23,41.33,15.84
2012-10-24,41.71,15.84
2012-10-25,41.67,15.88
2012-10-26,41.16,15.8
2012-10-31,41.68,15.8993
2012-11-01,42.84,16.095
2012-11-02,42.42,16.0001
2012-11-05,42.27,15.97
2012-11-06,42.88,16.15
2012-11-07,40.48,15.61
2012-11-08,40.4,15.4782
2012-11-09,40.62,15.5
2012-11-12,40.58,15.525
2012-11-13,40.04,15.42
2012-11-14,39.29,15.145
2012-11-15,39.39,15.18
2012-11-16,39.53,15.28
2012-11-19,40.59,15.5687
2012-11-20,40.7,15.65
2012-11-21,40.73,15.65
2012-11-23,41.09,15.84
2012-11-26,40.88,15.78
2012-11-27,40.75,15.64
2012-11-28,40.83,15.7
2012-11-29,41.22,15.7795
2012-11-30,41.08,15.76
2012-12-03,40.81,15.7
2012-12-04,40.57,15.66
2012-12-05,41.2,15.85
2012-12-06,41.47,15.9
2012-12-07,42.56,16.025
2012-12-10,42.31,15.99
2012-12-11,42.64,16.07
2012-12-12,42.77,16.14
2012-12-13,42.78,16.06
2012-12-14,42.81,16.0
2012-12-17,43.48,16.33
2012-12-18,43.87,16.57
2012-12-19,43.53,16.47
2012-12-20,44.53,16.7
2012-12-21,44.0,16.4
2012-12-24,43.92,16.37
2012-12-26,43.96,16.365
2012-12-27,43.63,16.31
2012-12-28,43.24,16.18
2012-12-31,43.9691,16.39
2013-01-02,44.66,16.865
2013-01-03,44.57,16.85
2013-01-04,45.36,17.05
2013-01-07,45.41,17.01
2013-01-08,45.5,16.96
2013-01-09,45.47,16.935
2013-01-10,46.15,17.15
2013-01-11,46.14,17.11
2013-01-14,45.88,17.06
2013-01-15,46.35,17.13
2013-01-16,46.82,17.14
2013-01-17,46.44,17.13
2013-01-18,46.46,17.15
2013-01-22,46.54,17.31
2013-01-23,46.23,17.3
2013-01-24,46.37,17.39
2013-01-25,47.16,17.47
2013-01-28,46.64,17.4
2013-01-29,47.12,17.47
2013-01-30,47.13,17.39
2013-01-31,47.05,17.38
2013-02-01,47.85,17.61
2013-02-04,47.68,17.41
2013-02-05,48.79,17.58
2013-02-06,48.61,17.61
2013-02-07,48.23,17.56
2013-02-08,48.63,17.6
2013-02-11,48.66,17.68
2013-02-12,49.14,17.815
2013-02-13,48.68,17.78
2013-02-14,49.22,17.838
2013-02-15,48.88,17.76
2013-02-19,49.45,17.93
2013-02-20,48.61,17.66
2013-02-21,48.25,17.52
2013-02-22,48.91,17.74
2013-02-25,47.7,17.26
2013-02-26,47.6,17.35
2013-02-27,49.28,17.62
2013-02-28,48.92,17.59
2013-03-01,48.91,17.64
2013-03-04,49.1,17.79
2013-03-05,49.49,17.94
2013-03-06,50.03,18.06
2013-03-07,50.63,18.19
2013-03-08,50.2,18.24
2013-03-11,50.48,18.38
2013-03-12,50.28,18.28
2013-03-13,50.16,18.33
2013-03-14,51.0,18.45
2013-03-15,50.02,18.445
2013-03-18,49.51,18.27
2013-03-19,49.2,18.165
2013-03-20,49.12,18.289
2013-03-21,48.35,18.07
2013-03-22,48.78,18.175
2013-03-25,48.52,18.13
2013-03-26,48.64,18.245
2013-03-27,47.77,18.16
2013-03-28,47.46,18.209
2013-04-01,47.83,18.12
2013-04-02,48.28,18.225
2013-04-03,46.85,17.925
2013-04-04,47.49,18.085
2013-04-05,47.91,18.03
2013-04-08,48.58,18.21
2013-04-09,48.68,18.26
2013-04-10,49.25,18.505
2013-04-11,49.31,18.55
2013-04-12,49.01,18.47
2013-04-15,47.93,18.08
2013-04-16,48.49,18.36
2013-04-17,46.79,18.015
2013-04-18,46.64,17.83
2013-04-19,47.23,18.08
2013-04-22,47.35,18.1
2013-04-23,48.17,18.425
2013-04-24,48.72,18.54
2013-04-25,49.0,18.65
2013-04-26,48.88,18.565
2013-04-29,48.92,18.65
2013-04-30,49.01,18.7
2013-05-01,48.01,18.49
2013-05-02,48.08,18.65
2013-05-03,47.57,18.85
2013-05-06,48.18,19.05
2013-05-07,49.14,19.15
2013-05-08,49.76,19.305
2013-05-09,49.04,19.17
2013-05-10,48.96,19.25
2013-05-13,49.67,19.31
2013-05-14,50.23,19.64
2013-05-15,51.09,19.82
2013-05-16,50.97,19.69
2013-05-17,52.3,19.95
2013-05-20,52.29,19.99
2013-05-21,53.02,20.04
2013-05-22,53.63,19.83
2013-05-23,53.35,19.71
2013-05-24,53.66,19.73
2013-05-28,54.6,19.931
2013-05-29,54.67,19.93
2013-05-30,55.62,20.17
2013-05-31,54.59,19.8401
2013-06-03,54.49,19.86
2013-06-04,54.04,19.68
2013-06-05,53.03,19.36
2013-06-06,53.5,19.63
2013-06-07,54.27,19.97
2013-06-10,54.36,19.98
2013-06-11,53.49,19.65
2013-06-12,53.18,19.44
2013-06-13,54.17,19.805
2013-06-14,53.13,19.55
2013-06-17,53.85,19.74
2013-06-18,54.11,19.865
2013-06-19,53.55,19.6
2013-06-20,52.48,19.175
2013-06-21,51.96,19.115
2013-06-24,50.92,18.775
2013-06-25,52.08,19.125
2013-06-26,52.5,19.32
2013-06-27,53.15,19.57
2013-06-28,52.79,19.445
2013-07-01,52.49,19.51
2013-07-02,52.8,19.53
2013-07-03,52.77,19.47
2013-07-05,53.99,19.82
2013-07-08,54.7,19.965
2013-07-09,54.89,20.135
2013-07-10,54.83,20.02
2013-07-11,55.14,20.21
2013-07-12,54.97,20.35
2013-07-15,54.89,20.44
2013-07-16,55.01,20.36
2013-07-17,55.27,20.445
2013-07-18,56.37,20.72
2013-07-19,56.16,20.73
2013-07-22,56.56,20.87
2013-07-23,56.67,20.79
2013-07-24,56.63,20.64
2013-07-25,56.5,20.66
2013-07-26,56.05,20.64
2013-07-29,55.69,20.49
2013-07-30,55.33,20.48
2013-07-31,55.73,20.49
2013-08-01,56.54,20.815
2013-08-02,56.49,20.81
2013-08-05,56.1,20.765
2013-08-06,55.49,20.58
2013-08-07,55.3,20.44
2013-08-08,54.83,20.49
2013-08-09,54.52,20.42
2013-08-12,54.09,20.34
2013-08-13,54.29,20.44
2013-08-14,54.15,20.36
2013-08-15,53.29,20.06
2013-08-16,53.29,20.025
2013-08-19,51.83,19.76
2013-08-20,52.12,19.95
2013-08-21,51.63,19.81
2013-08-22,52.21,20.04
2013-08-23,52.32,20.06
2013-08-26,51.8,19.935
2013-08-27,50.6,19.45
2013-08-28,50.58,19.485
2013-08-29,50.7,19.53
2013-08-30,50.53,19.44
2013-09-03,51.13,19.601
2013-09-04,51.87,19.755
2013-09-05,52.11,19.8
2013-09-06,52.56,19.8
2013-09-09,52.86,20.03
2013-09-10,53.67,20.265
2013-09-11,53.26,20.29
2013-09-12,52.24,20.145
2013-09-13,52.59,20.195
2013-09-16,53.14,20.42
2013-09-17,53.09,20.52
2013-09-18,53.41,20.7
2013-09-19,52.75,20.62
2013-09-20,52.8,20.425
2013-09-23,51.46,20.135
2013-09-24,50.32,20.01
2013-09-25,51.7,20.12
2013-09-26,51.89,20.12
2013-09-27,52.24,20.045
2013-09-30,51.69,19.905
2013-10-01,51.96,20.045
2013-10-02,52.09,20.04
2013-10-03,51.94,19.889
2013-10-04,52.67,20.05
2013-10-07,51.83,19.82
2013-10-08,50.87,19.57
2013-10-09,50.75,19.635
2013-10-10,52.52,20.195
2013-10-11,52.51,20.311
2013-10-14,52.71,20.41
2013-10-15,52.31,20.26
2013-10-16,54.0,20.685
2013-10-17,54.21,20.871
2013-10-18,54.3,20.911
2013-10-21,54.27,20.87
2013-10-22,53.62,20.91
2013-10-23,52.75,20.74
2013-10-24,52.48,20.77
2013-10-25,52.77,20.86
2013-10-28,52.68,20.81
2013-10-29,52.73,20.87
2013-10-30,52.6,20.785
2013-10-31,51.54,20.565
2013-11-01,52.51,20.619
2013-11-04,52.04,20.629
2013-11-05,51.95,20.52
2013-11-06,52.1,20.615
2013-11-07,51.65,20.385
2013-11-08,53.96,20.86
2013-11-11,54.1,20.865
2013-11-12,53.97,20.67
2013-11-13,54.14,20.845
2013-11-14,54.4,21.03
2013-11-15,54.87,21.13
2013-11-18,55.74,21.12
2013-11-19,56.15,21.15
2013-11-20,56.1,21.085
2013-11-21,57.22,21.389
2013-11-22,57.46,21.49
2013-11-25,57.65,21.52
2013-11-26,57.17,21.5
2013-11-27,57.48,21.56
2013-11-29,57.22,21.48
2013-12-02,56.98,21.47
2013-12-03,56.86,21.25
2013-12-04,57.19,21.3
2013-12-05,55.82,21.1
2013-12-06,56.06,21.39
2013-12-09,56.51,21.48
2013-12-10,56.7,21.4
2013-12-11,56.07,21.11
2013-12-12,56.31,21.11
2013-12-13,56.17,21.13
2013-12-16,56.42,21.26
2013-12-17,55.72,21.12
2013-12-18,57.24,21.61
2013-12-19,57.23,21.58
2013-12-20,57.7,21.605
2013-12-23,58.24,21.71
2013-12-24,58.25,21.75
2013-12-26,58.2,21.8
2013-12-27,58.14,21.79
2013-12-30,57.95,21.75
2013-12-31,58.48,21.86
2014-01-02,58.21,21.74
2014-01-03,58.66,21.89
2014-01-06,59.0,21.91
2014-01-07,58.32,21.915
2014-01-08,58.87,21.99
2014-01-09,58.76,22.07
2014-01-10,58.49,22.03
2014-01-13,57.7,21.7
2014-01-14,57.74,21.88
2014-01-15,59.49,22.14
2014-01-16,58.99,22.0
2014-01-17,58.11,21.93
2014-01-21,58.17,21.95
2014-01-22,57.59,21.96
2014-01-23,56.47,21.6
2014-01-24,55.09,21.11
2014-01-27,55.09,20.98
2014-01-28,55.74,21.26
2014-01-29,55.53,21.01
2014-01-30,56.0,21.31
2014-01-31,55.36,21.06
2014-02-03,54.31,20.53
2014-02-04,54.95,20.73
2014-02-05,55.21,20.71
2014-02-06,56.48,21.03
2014-02-07,56.62,21.29
2014-02-10,56.74,21.31
2014-02-11,57.43,21.53
2014-02-12,57.52,21.53
2014-02-13,58.03,21.61
2014-02-14,58.15,21.64
2014-02-18,58.49,21.68
2014-02-19,57.26,21.38
2014-02-20,57.58,21.44
2014-02-21,57.61,21.48
2014-02-24,58.03,21.64
2014-02-25,57.03,21.51
2014-02-26,56.75,21.48
2014-02-27,56.69,21.59
2014-02-28,56.82,21.7
2014-03-03,56.21,21.53
2014-03-04,57.26,21.97
2014-03-05,58.16,22.2
2014-03-06,58.9,22.27
2014-03-07,59.4,22.37
2014-03-10,59.2,22.38
2014-03-11,58.19,22.23
2014-03-12,57.92,22.19
2014-03-13,57.42,21.94
2014-03-14,56.8,21.8
2014-03-17,57.58,22.03
2014-03-18,58.06,22.14
2014-03-19,58.3,22.13
2014-03-20,60.11,22.48
2014-03-21,60.17,22.4
2014-03-24,61.07,22.39
2014-03-25,60.93,22.37
2014-03-26,59.9,22.14
2014-03-27,59.92,22.02
2014-03-28,60.04,22.11
2014-03-31,60.71,22.34
2014-04-01,60.67,22.38
2014-04-02,60.48,22.43
2014-04-03,60.66,22.39
2014-04-04,59.81,22.17
2014-04-07,59.0,21.83
2014-04-08,58.85,21.86
2014-04-09,59.27,22.05
2014-04-10,57.4,21.54
2014-04-11,55.3,21.28
2014-04-14,54.96,21.45
2014-04-15,54.8,21.65
2014-04-16,55.26,21.82
2014-04-17,55.22,21.86
2014-04-21,55.03,21.84
2014-04-22,55.81,21.9901
2014-04-23,56.05,22.04
2014-04-24,56.19,22.03
2014-04-25,55.7,21.85
2014-04-28,55.49,21.72
2014-04-29,56.1,21.93
2014-04-30,55.98,21.96
2014-05-01,55.72,22.0
2014-05-02,55.58,21.99
2014-05-05,54.22,21.9
2014-05-06,53.34,21.59
2014-05-07,54.05,21.88
2014-05-08,54.36,21.94
2014-05-09,54.01,21.93
2014-05-12,54.65,22.15
2014-05-13,54.62,22.13
2014-05-14,54.36,21.97
2014-05-15,53.51,21.72
2014-05-16,53.31,21.745
2014-05-19,53.83,21.86
2014-05-20,53.72,21.73
2014-05-21,54.12,21.87
2014-05-22,54.55,21.97
2014-05-23,54.53,22.04
2014-05-27,55.14,22.23
2014-05-28,55.45,22.19
2014-05-29,55.72,22.24
2014-05-30,55.57,22.29
2014-06-02,55.35,22.35
2014-06-03,55.6,22.38
2014-06-04,55.68,22.44
2014-06-05,56.63,22.65
2014-06-06,56.97,22.8
2014-06-09,57.42,22.9
2014-06-10,57.9,22.89
2014-06-11,57.27,22.74
2014-06-12,57.04,22.6
2014-06-13,57.04,22.61
2014-06-16,56.87,22.5
2014-06-17,57.42,22.73
2014-06-18,57.78,22.86
2014-06-19,57.3,22.83
2014-06-20,57.55,22.83
2014-06-23,58.19,22.88
2014-06-24,57.42,22.73
2014-06-25,57.53,22.75
2014-06-26,57.39,22.67
2014-06-27,57.53,22.76
2014-06-30,57.62,22.74
2014-07-01,57.57,22.88
2014-07-02,56.97,22.86
2014-07-03,57.05,23.04
2014-07-07,56.67,22.94
2014-07-08,55.76,22.74
2014-07-09,56.02,22.8
2014-07-10,55.56,22.65
2014-07-11,55.8,22.69
2014-07-14,56.29,22.83
2014-07-15,58.27,22.99
2014-07-16,58.71,22.95
2014-07-17,57.86,22.65
2014-07-18,58.23,22.91
2014-07-21,58.24,22.85
2014-07-22,58.67,22.92
2014-07-23,59.0,22.97
2014-07-24,59.17,23.02
2014-07-25,59.01,22.89
2014-07-28,59.19,22.9
2014-07-29,58.64,22.78
2014-07-30,58.91,22.88
2014-07-31,57.67,22.41
2014-08-01,56.48,22.22
2014-08-04,56.65,22.4
2014-08-05,56.06,22.17
2014-08-06,56.23,22.26
2014-08-07,55.91,22.16
2014-08-08,56.34,22.38
2014-08-11,56.32,22.4
2014-08-12,56.35,22.45
2014-08-13,56.72,22.55
2014-08-14,56.98,22.69
2014-08-15,56.75,22.58
2014-08-18,57.23,22.83
2014-08-19,57.56,22.87
2014-08-20,57.64,22.93
2014-08-21,58.5,23.2
2014-08-22,58.49,23.12
2014-08-25,59.34,23.32
2014-08-26,59.74,23.37
2014-08-27,59.59,23.32
2014-08-28,59.16,23.25
2014-08-29,59.45,23.36
2014-09-02,59.67,23.45
2014-09-03,59.7,23.41
2014-09-04,59.71,23.43
2014-09-05,59.91,23.46
2014-09-08,59.89,23.47
2014-09-09,59.06,23.23
2014-09-10,59.22,23.35
2014-09-11,59.76,23.41
2014-09-12,60.03,23.39
2014-09-15,59.94,23.38
2014-09-16,59.99,23.48
2014-09-17,60.31,23.58
2014-09-18,61.32,23.81
2014-09-19,61.11,23.65
2014-09-22,60.91,23.49
2014-09-23,60.94,23.33
2014-09-24,61.63,23.46
2014-09-25,60.15,23.07
2014-09-26,60.56,23.29
2014-09-29,60.33,23.21
2014-09-30,60.24,23.17
2014-10-01,59.77,22.89
2014-10-02,58.84,22.95
2014-10-03,60.3,23.28
2014-10-06,60.18,23.21
2014-10-07,59.27,22.8166
2014-10-08,60.4,23.25
2014-10-09,59.08,22.76
2014-10-10,58.52,22.58
2014-10-13,58.16,22.38
2014-10-14,57.99,22.47
2014-10-15,55.53,22.04
2014-10-16,55.08,22.04
2014-10-17,56.2,22.32
2014-10-20,56.63,22.45
2014-10-21,57.93,22.87
2014-10-22,57.45,22.66
2014-10-23,58.06,22.88
2014-10-24,58.74,23.1
2014-10-27,58.64,23.13
2014-10-28,59.63,23.38
2014-10-29,59.29,23.44
2014-10-30,59.39,23.57
2014-10-31,60.48,23.84
2014-11-03,60.88,23.93
2014-11-04,60.25,23.94
2014-11-05,61.15,24.1
2014-11-06,61.23,24.14
2014-11-07,61.47,24.15
2014-11-10,61.93,24.28
2014-11-11,61.37,24.2
2014-11-12,60.56,24.15
2014-11-13,60.23,24.14
2014-11-14,60.28,24.06
2014-11-17,60.38,24.06
2014-11-18,60.53,24.14
2014-11-19,60.6,24.09
2014-11-20,60.12,24.09
2014-11-21,60.45,24.21
2014-11-24,60.96,24.37
2014-11-25,60.3,24.35
2014-11-26,60.34,24.38
2014-11-28,60.16,24.4
2014-12-01,60.0,24.225
2014-12-02,61.08,24.455
2014-12-03,61.54,24.565
2014-12-04,61.38,24.6
2014-12-05,62.7,24.82
2014-12-08,62.67,24.94
2014-12-09,62.45,24.88
2014-12-10,60.68,24.56
2014-12-11,61.14,24.62
2014-12-12,60.04,24.14
2014-12-15,59.16,23.92
2014-12-16,58.43,23.69
2014-12-17,59.77,24.229
2014-12-18,61.48,24.79
2014-12-19,61.93,24.68
2014-12-22,61.94,24.85
2014-12-23,62.48,24.99
2014-12-24,62.48,24.95
2014-12-26,62.55,24.95
2014-12-29,62.96,25.04
2014-12-30,63.15,25.01
2014-12-31,62.58,24.73
2015-01-02,62.49,24.73
2015-01-05,60.55,24.21
2015-01-06,58.98,23.84
2015-01-07,59.07,24.09
2015-01-08,60.39,24.45
2015-01-09,59.34,24.12
2015-01-12,58.83,23.92
2015-01-13,58.84,23.84
2015-01-14,56.81,23.5
2015-01-15,54.99,23.21
2015-01-16,55.93,23.49
2015-01-20,55.71,23.39
2015-01-21,55.89,23.45
2015-01-22,57.59,24.03
2015-01-23,56.68,23.77
2015-01-26,56.77,23.89
2015-01-27,56.2,23.63
2015-01-28,54.75,23.2
2015-01-29,55.67,23.39
2015-01-30,54.38,23.01
2015-02-02,55.47,23.38
2015-02-03,56.72,23.77
2015-02-04,56.38,23.71
2015-02-05,56.77,23.95
2015-02-06,57.89,24.14
2015-02-09,57.82,24.02
2015-02-10,58.46,24.21
2015-02-11,58.37,24.21
2015-02-12,59.57,24.45
2015-02-13,59.67,24.43
2015-02-17,60.1,24.51
2015-02-18,59.37,24.36
2015-02-19,59.23,24.26
2015-02-20,59.8,24.44
2015-02-23,59.35,24.38
2015-02-24,60.82,24.5
2015-02-25,61.14,24.5
2015-02-26,61.58,24.44
2015-02-27,61.28,24.35
2015-03-02,61.77,24.53
2015-03-03,61.97,24.46
2015-03-04,62.13,24.31
2015-03-05,62.0,24.41
2015-03-06,60.89,24.23
2015-03-09,61.5,24.34
2015-03-10,59.96,23.82
2015-03-11,60.24,23.97
2015-03-12,61.37,24.49
2015-03-13,61.0,24.32
2015-03-16,61.85,24.62
2015-03-17,61.61,24.56
2015-03-18,61.75,24.7
2015-03-19,61.2,24.47
2015-03-20,61.75,24.71
2015-03-23,61.14,24.57
2015-03-24,60.46,24.37
2015-03-25,59.61,23.98
2015-03-26,59.54,23.96
2015-03-27,59.55,23.93
2015-03-30,60.96,24.28
2015-03-31,60.58,24.11
2015-04-01,59.95,24.09
2015-04-02,60.52,24.21
2015-04-06,60.47,24.25
2015-04-07,60.85,24.12
2015-04-08,61.05,24.21
2015-04-09,61.47,24.245
2015-04-10,61.7,24.24
2015-04-13,62.07,24.33
2015-04-14,63.04,24.33
2015-04-15,64.21,24.42
2015-04-16,63.81,24.455
2015-04-17,62.84,24.13
2015-04-20,63.24,24.23
2015-04-21,62.31,24.11
2015-04-22,62.94,24.28
2015-04-23,62.8,24.32
2015-04-24,62.6,24.28
2015-04-27,62.34,24.19
2015-04-28,62.76,24.33
2015-04-29,63.6,24.32
2015-04-30,63.26,24.13
2015-05-01,63.61,24.34
2015-05-04,64.72,24.58
2015-05-05,64.4,24.36
2015-05-06,63.92,24.24
2015-05-07,64.5,24.41
2015-05-08,65.49,24.76
2015-05-11,65.45,24.67
2015-05-12,65.36,24.58
2015-05-13,65.52,24.59
2015-05-14,66.05,24.81
2015-05-15,65.88,24.7
2015-05-18,66.42,24.84
2015-05-19,67.01,24.98
2015-05-20,66.48,24.91
2015-05-21,66.65,24.85
2015-05-22,66.47,24.86
2015-05-26,65.73,24.58
2015-05-27,66.47,24.85
2015-05-28,66.2,24.82
2015-05-29,65.78,24.6
2015-06-01,66.08,24.62
2015-06-02,66.02,24.66
2015-06-03,66.7,24.87
2015-06-04,66.33,24.65
2015-06-05,67.42,24.79
2015-06-08,66.89,24.64
2015-06-09,67.18,24.7
2015-06-10,68.26,25.05
2015-06-11,68.52,25.15
2015-06-12,68.25,25.04
2015-06-15,67.99,24.93
2015-06-16,68.37,25.07
2015-06-17,68.14,25.04
2015-06-18,68.78,25.27
2015-06-19,68.08,24.74
2015-06-22,68.96,25.12
2015-06-23,69.75,25.17
2015-06-24,69.02,24.96
2015-06-25,68.65,24.81
2015-06-26,68.95,24.89
2015-06-29,67.2,24.29
2015-06-30,67.76,24.38
2015-07-01,68.07,24.75
2015-07-02,67.52,24.64
2015-07-06,67.33,24.54
2015-07-07,66.8,24.59
2015-07-08,65.43,24.16
2015-07-09,66.11,24.35
2015-07-10,67.05,24.64
2015-07-13,68.09,24.94
2015-07-14,69.04,25.0
2015-07-15,69.19,25.21
2015-07-16,69.56,25.46
2015-07-17,69.21,25.39
2015-07-20,69.26,25.42
2015-07-21,69.1,25.39
2015-07-22,70.08,25.58
2015-07-23,69.64,25.36
2015-07-24,68.91,25.12
2015-07-27,68.01,24.94
2015-07-28,68.05,25.04
2015-07-29,68.94,25.29
2015-07-30,69.04,25.29
2015-07-31,68.53,25.21
2015-08-03,68.53,25.18
2015-08-04,68.46,25.14
2015-08-05,68.73,25.24
2015-08-06,68.25,25.15
2015-08-07,68.05,25.2
2015-08-10,68.89,25.44
2015-08-11,68.23,25.21
2015-08-12,67.24,24.98
2015-08-13,67.55,25.07
2015-08-14,67.89,25.25
2015-08-17,68.07,25.3
2015-08-18,68.21,25.28
2015-08-19,67.6,25.05
2015-08-20,65.94,24.52
2015-08-21,63.6,23.64
2015-08-24,60.25,22.65
2015-08-25,59.91,22.33
2015-08-26,62.91,23.17
2015-08-27,64.48,23.74
2015-08-28,64.13,23.63
2015-08-31,64.1,23.43
2015-09-01,61.45,22.67
2015-09-02,62.57,22.98
2015-09-03,62.68,23.11
2015-09-04,61.5,22.65
2015-09-08,63.16,23.23
2015-09-09,62.18,22.91
2015-09-10,62.66,23.02
2015-09-11,62.56,23.12
2015-09-14,62.38,23.07
2015-09-15,63.58,23.4
2015-09-16,64.14,23.55
2015-09-17,62.65,23.22
2015-09-18,60.94,22.66
2015-09-21,61.45,22.92
2015-09-22,60.91,22.63
2015-09-23,60.64,22.64
2015-09-24,60.22,22.48
2015-09-25,61.47,22.81
2015-09-28,59.98,22.28
2015-09-29,59.84,22.32
2015-09-30,60.97,22.66
2015-10-01,61.42,22.67
2015-10-02,60.81,22.7
2015-10-05,62.02,23.18
2015-10-06,62.05,23.07
2015-10-07,62.13,23.25
2015-10-08,62.13,23.39
2015-10-09,61.93,23.24
2015-10-12,61.72,23.26
2015-10-13,61.55,23.08
2015-10-14,59.99,22.89
2015-10-15,61.89,23.41
2015-10-16,62.43,23.55
2015-10-19,62.22,23.53
2015-10-20,62.52,23.67
2015-10-21,62.06,23.5
2015-10-22,63.19,23.88
2015-10-23,63.87,24.14
2015-10-26,63.9,24.04
2015-10-27,63.64,23.9
2015-10-28,65.5,24.46
2015-10-29,65.21,24.43
2015-10-30,64.25,24.08
2015-11-02,65.54,24.41
2015-11-03,65.78,24.45
2015-11-04,65.85,24.38
2015-11-05,66.44,24.48
2015-11-06,68.46,24.73
2015-11-09,67.39,24.46
2015-11-10,67.68,24.57
2015-11-11,67.35,24.49
2015-11-12,66.0,24.12
2015-11-13,65.56,23.92
2015-11-16,66.51,24.21
2015-11-17,66.13,24.16
2015-11-18,67.45,24.59
2015-11-19,67.66,24.63
2015-11-20,67.54,24.67
2015-11-23,66.88,24.57
2015-11-24,66.78,24.5
2015-11-25,66.86,24.52
2015-11-27,67.17,24.58
2015-11-30,66.68,24.56
2015-12-01,67.61,24.83
2015-12-02,66.66,24.54
2015-12-03,65.8,24.14
2015-12-04,67.89,24.78
2015-12-07,67.0,24.55
2015-12-08,65.96,24.24
2015-12-09,65.46,23.96
2015-12-10,65.61,23.98
2015-12-11,64.07,23.45
2015-12-14,64.27,23.5
2015-12-15,66.1,24.05
2015-12-16,67.53,24.44
2015-12-17,66.28,24.09
2015-12-18,64.4,23.3
2015-12-21,65.54,23.53
2015-12-22,65.68,23.75
2015-12-23,66.73,24.03
2015-12-24,66.6,24.01
2015-12-28,66.38,23.99
2015-12-29,67.07,24.24
2015-12-30,66.59,24.07
2015-12-31,66.03,23.83
2016-01-04,63.62,23.37
2016-01-05,63.73,23.46
2016-01-06,62.81,23.1
2016-01-07,60.27,22.45
2016-01-08,58.92,22.1
2016-01-11,58.83,22.13
2016-01-12,58.96,22.3
2016-01-13,57.34,21.72
2016-01-14,58.2,21.91
2016-01-15,57.04,21.42
2016-01-19,57.01,21.41
2016-01-20,55.51,20.99
2016-01-21,55.25,20.9
2016-01-22,56.95,21.28
2016-01-25,55.66,20.85
2016-01-26,57.08,21.2
2016-01-27,57.04,21.12
2016-01-28,57.28,21.13
2016-01-29,59.5,21.72
2016-02-01,58.86,21.63
2016-02-02,57.03,21.03
2016-02-03,57.41,21.05
2016-02-04,58.4,21.23
2016-02-05,57.75,20.95
2016-02-08,56.54,20.42
2016-02-09,56.2,20.39
2016-02-10,55.52,20.28
2016-02-11,53.07,19.66
2016-02-12,57.49,20.49
2016-02-16,58.35,20.82
2016-02-17,58.77,21.1
2016-02-18,57.81,20.98
2016-02-19,57.82,20.98
2016-02-22,58.57,21.31
2016-02-23,56.12,20.93
2016-02-24,56.14,20.88
2016-02-25,57.01,21.17
2016-02-26,57.54,21.32
2016-02-29,56.3,21.09
2016-03-01,59.2,21.8
2016-03-02,59.76,22.04
2016-03-03,59.96,22.19
2016-03-04,60.05,22.28
2016-03-07,59.94,22.27
2016-03-08,58.78,21.91
2016-03-09,59.12,21.94
2016-03-10,58.61,21.92
2016-03-11,59.34,22.49
2016-03-14,59.12,22.42
2016-03-15,59.2,22.41
2016-03-16,58.92,22.36
2016-03-17,58.75,22.63
2016-03-18,60.48,22.73
2016-03-21,60.46,22.69
2016-03-22,60.24,22.62
2016-03-23,59.94,22.45
2016-03-24,59.48,22.31
2016-03-28,59.4,22.38
2016-03-29,59.03,22.42
2016-03-30,59.71,22.55
2016-03-31,59.22,22.5
2016-04-01,59.87,22.7
2016-04-04,59.2,22.59
2016-04-05,58.36,22.27
2016-04-06,58.81,22.39
2016-04-07,57.32,21.97
2016-04-08,57.74,22.05
2016-04-11,58.2,22.14
2016-04-12,59.28,22.42
2016-04-13,61.79,22.93
2016-04-14,62.59,22.98
2016-04-15,61.87,22.9
2016-04-18,62.27,23.07
2016-04-19,63.32,23.36
2016-04-20,64.24,23.54
2016-04-21,63.6,23.33
2016-04-22,63.97,23.55
2016-04-25,63.6,23.5
2016-04-26,63.93,23.65
2016-04-27,64.11,23.69
2016-04-28,63.6,23.44
2016-04-29,63.2,23.31
2016-05-02,63.79,23.52
2016-05-03,62.56,23.22
2016-05-04,61.57,23.04
2016-05-05,61.24,23.03
2016-05-06,61.6,23.13
2016-05-09,61.21,23.07
2016-05-10,62.04,23.4
2016-05-11,61.81,23.15
2016-05-12,61.77,23.16
2016-05-13,61.2,22.88
2016-05-16,61.66,23.0
2016-05-17,61.66,22.87
2016-05-18,64.04,23.27
2016-05-19,63.39,23.05
2016-05-20,63.51,23.21
2016-05-23,63.46,23.19
2016-05-24,64.54,23.54
2016-05-25,65.52,23.79
2016-05-26,65.03,23.65
2016-05-27,65.43,23.81
2016-05-31,65.27,23.75
2016-06-01,65.69,23.8
2016-06-02,65.81,23.85
2016-06-03,64.64,23.51
2016-06-06,65.28,23.65
2016-06-07,65.06,23.6
2016-06-08,65.25,23.62
2016-06-09,64.75,23.45
2016-06-10,63.84,23.16
2016-06-13,63.27,23.0
2016-06-14,62.08,22.66
2016-06-15,61.97,22.69
2016-06-16,62.22,22.75
2016-06-17,62.28,22.61
2016-06-20,62.37,22.74
2016-06-21,62.95,22.87
2016-06-22,62.71,22.85
2016-06-23,64.05,23.33
2016-06-24,59.6,22.08
2016-06-27,57.61,21.45
2016-06-28,59.52,22.0
2016-06-29,61.2,22.5
2016-06-30,62.14,22.855
2016-07-01,61.26,22.74
2016-07-05,59.55,22.4
2016-07-06,60.19,22.46
2016-07-07,60.58,22.49
2016-07-08,61.83,22.92
2016-07-11,62.27,23.05
2016-07-12,63.2,23.34
2016-07-13,63.16,23.34
2016-07-14,64.12,23.56
2016-07-15,64.18,23.52
2016-07-18,63.96,23.6
2016-07-19,63.86,23.61
2016-07-20,63.93,23.65
2016-07-21,63.69,23.53
2016-07-22,64.04,23.68
2016-07-25,63.87,23.63
2016-07-26,64.13,23.65
2016-07-27,64.33,23.64
2016-07-28,64.1,23.69
2016-07-29,63.97,23.65
2016-08-01,63.8,23.59
2016-08-02,63.65,23.39
2016-08-03,64.66,23.63
2016-08-04,64.56,23.57
2016-08-05,66.3,24.02
2016-08-08,66.1,24.05
2016-08-09,65.87,24.07
2016-08-10,65.28,23.88
2016-08-11,65.46,23.93
2016-08-12,65.32,23.86
2016-08-15,65.72,24.02
2016-08-16,65.71,23.96
2016-08-17,65.89,24.04
2016-08-18,65.95,24.02
2016-08-19,65.86,24.01
2016-08-22,65.8,24.01
2016-08-23,65.77,24.04
2016-08-24,65.95,24.03
2016-08-25,66.07,24.08
2016-08-26,66.22,24.11
2016-08-29,66.95,24.32
2016-08-30,67.5,24.54
2016-08-31,67.5,24.56
2016-09-01,67.21,24.46
2016-09-02,67.49,24.57
2016-09-06,67.44,24.53
2016-09-07,67.16,24.52
2016-09-08,67.25,24.5
2016-09-09,66.65,24.04
2016-09-12,67.06,24.31
2016-09-13,66.53,23.88
2016-09-14,66.4,23.82
2016-09-15,66.64,23.96
2016-09-16,65.82,23.62
2016-09-19,66.19,19.31
2016-09-20,66.46,19.32
2016-09-21,66.84,19.44
2016-09-22,67.39,19.48
2016-09-23,67.25,19.38
2016-09-26,65.78,19.07
2016-09-27,66.36,19.22
2016-09-28,66.71,19.31
2016-09-29,65.65,19.04
2016-09-30,66.59,19.3
2016-10-03,66.51,19.21
2016-10-04,66.6,19.29
2016-10-05,67.69,19.6
2016-10-06,67.87,19.63
2016-10-07,68.11,19.62
2016-10-10,68.64,19.72
2016-10-11,68.31,19.54
2016-10-12,68.13,19.52
2016-10-13,67.74,19.33
2016-10-14,67.52,19.42
2016-10-17,67.17,19.33
2016-10-18,67.7,19.49
2016-10-19,68.35,19.66
2016-10-20,68.26,19.66
2016-10-21,68.49,19.65
2016-10-24,68.87,19.71
2016-10-25,68.8,19.69
2016-10-26,69.13,19.81
2016-10-27,69.23,19.86
2016-10-28,69.11,19.77
2016-10-31,69.26,19.74
2016-11-01,68.97,19.66
2016-11-02,68.68,19.53
2016-11-03,68.38,19.55
2016-11-04,67.76,19.49
2016-11-07,69.88,19.98
2016-11-08,70.03,19.99
2016-11-09,73.25,20.84
2016-11-10,76.65,21.61
2016-11-11,76.69,21.67
2016-11-14,79.51,22.2
2016-11-15,79.36,22.18
2016-11-16,77.4,21.86
2016-11-17,78.02,22.16
2016-11-18,77.71,22.16
2016-11-21,78.05,22.24
2016-11-22,78.53,22.25
2016-11-23,78.86,22.38
2016-11-25,78.83,22.41
2016-11-28,78.32,22.15
2016-11-29,78.92,22.21
2016-11-30,80.17,22.51
2016-12-01,81.79,22.9
2016-12-02,81.6,22.65
2016-12-05,83.26,22.92
2016-12-06,83.69,23.12
2016-12-07,84.07,23.48
2016-12-08,85.12,23.7
2016-12-09,85.49,23.75
2016-12-12,84.73,23.52
2016-12-13,84.76,23.58
2016-12-14,84.73,23.47
2016-12-15,86.0,23.67
2016-12-16,84.94,23.36
2016-12-19,85.43,23.37
2016-12-20,86.53,23.66
2016-12-21,86.75,23.6
2016-12-22,86.89,23.54
2016-12-23,87.05,23.58
2016-12-27,87.13,23.61
2016-12-28,86.5,23.37
2016-12-29,85.89,23.2
2016-12-30,86.29,23.25
2017-01-03,87.23,23.51
2017-01-04,86.91,23.7
2017-01-05,86.11,23.46
2017-01-06,86.12,23.54
2017-01-09,86.18,23.38
2017-01-10,86.43,23.43
2017-01-11,87.08,23.58
2017-01-12,86.24,23.38
2017-01-13,86.7,23.51
2017-01-17,83.55,22.95
2017-01-18,83.94,23.14
2017-01-19,83.3,23.04
2017-01-20,83.67,23.15
2017-01-23,83.71,23.0
2017-01-24,84.72,23.29
2017-01-25,86.03,23.68
2017-01-26,86.75,23.74
2017-01-27,86.93,23.65
2017-01-30,86.03,23.46
2017-01-31,84.63,23.31
2017-02-01,84.95,23.34
2017-02-02,84.59,23.25
2017-02-03,87.18,23.72
2017-02-06,86.77,23.61
2017-02-07,86.72,23.55
2017-02-08,85.96,23.39
2017-02-09,87.2,23.71
2017-02-10,87.0,23.78
2017-02-13,88.15,24.05
2017-02-14,89.56,24.33
2017-02-15,90.59,24.52
2017-02-16,90.53,24.46
2017-02-17,90.23,24.47
2017-02-21,91.01,24.59
2017-02-22,91.06,24.61
2017-02-23,91.13,24.61
2017-02-24,90.33,24.42
2017-02-27,90.43,24.55
2017-02-28,90.62,24.54
2017-03-01,93.6,25.24
2017-03-02,92.14,24.85
2017-03-03,92.8,24.97
2017-03-06,91.92,24.78
2017-03-07,91.41,24.71
2017-03-08,91.21,24.72
2017-03-09,91.57,24.81
2017-03-10,91.28,24.79
2017-03-13,91.36,24.85
2017-03-14,91.51,24.78
2017-03-15,91.73,24.74
2017-03-16,91.64,24.78
2017-03-17,90.68,24.45
2017-03-20,90.03,24.271
2017-03-21,87.39,23.57
2017-03-22,87.53,23.52
2017-03-23,87.39,23.57
2017-03-24,87.29,23.54
2017-03-27,87.24,23.45
2017-03-28,88.6,23.77
2017-03-29,88.27,23.62
2017-03-30,89.03,23.93
2017-03-31,87.84,23.73
2017-04-03,87.52,23.68
2017-04-04,87.31,23.65
2017-04-05,86.19,23.47
2017-04-06,86.48,23.62
2017-04-07,86.18,23.52
2017-04-10,85.88,23.46
2017-04-11,85.73,23.39
2017-04-12,85.4,23.2
2017-04-13,84.4,22.9
2017-04-17,85.86,23.3
2017-04-18,85.16,23.08
2017-04-19,84.46,23.01
2017-04-20,85.55,23.4
2017-04-21,84.52,23.16
2017-04-24,87.5,23.68
2017-04-25,88.26,23.89
2017-04-26,88.43,23.87
2017-04-27,87.61,23.76
2017-04-28,87.0,23.53
2017-05-01,87.06,23.68
2017-05-02,86.5,23.65
2017-05-03,87.0,23.84
2017-05-04,87.1,23.88
2017-05-05,87.0,23.84
2017-05-08,87.1,23.82
2017-05-09,86.75,23.73
2017-05-10,87.43,23.81
2017-05-11,87.16,23.66
2017-05-12,86.92,23.56
2017-05-15,87.34,23.74
2017-05-16,87.61,23.81
2017-05-17,84.27,23.06
2017-05-18,83.96,23.15
2017-05-19,84.78,23.35
2017-05-22,84.7,23.41
2017-05-23,85.76,23.59
2017-05-24,85.71,23.58
2017-05-25,85.35,23.62
2017-05-26,85.36,23.61
2017-05-30,83.9,23.45
2017-05-31,82.15,23.25
2017-06-01,83.06,23.54
2017-06-02,82.64,23.45
2017-06-05,82.79,23.49
2017-06-06,82.96,23.39
2017-06-07,83.91,23.57
2017-06-08,84.95,23.84
2017-06-09,86.96,24.29
2017-06-12,86.98,24.34
2017-06-13,87.27,24.47
2017-06-14,87.09,24.51
2017-06-15,86.57,24.41
2017-06-16,86.18,24.29
2017-06-19,88.07,24.54
2017-06-20,87.52,24.33
2017-06-21,87.12,24.13
2017-06-22,87.02,23.98
2017-06-23,86.86,23.89
2017-06-26,87.24,24.02
2017-06-27,88.05,24.14
2017-06-28,89.82,24.52
2017-06-29,91.15,24.69
2017-06-30,91.4,24.67
2017-07-03,92.75,25.03
2017-07-05,93.68,25.07
2017-07-06,93.38,24.88
2017-07-07,93.85,25.05
2017-07-10,93.19,25.02
2017-07-11,92.83,24.8
2017-07-12,92.51,24.88
2017-07-13,93.1,25.03
2017-07-14,92.25,24.92
2017-07-17,91.39,24.84
2017-07-18,91.07,24.8
2017-07-19,91.2,24.81
2017-07-20,91.2,24.8
2017-07-21,90.89,24.8
2017-07-24,91.28,24.91
2017-07-25,92.8,25.22
2017-07-26,91.93,25.05
2017-07-27,91.55,24.91
2017-07-28,91.28,24.91
2017-07-31,91.8,25.09
2017-08-01,93.03,25.27
2017-08-02,93.11,25.31
2017-08-03,92.5,25.22
2017-08-04,93.66,25.39
2017-08-07,94.02,25.35
2017-08-08,93.68,25.28
2017-08-09,93.53,25.28
2017-08-10,92.19,24.83
2017-08-11,91.42,24.73
2017-08-14,92.49,25.07
2017-08-15,92.73,25.09
2017-08-16,92.09,25.04
2017-08-17,90.65,24.61
2017-08-18,90.74,24.62
2017-08-21,90.63,24.55
2017-08-22,91.56,24.82
2017-08-23,91.67,24.74
2017-08-24,91.52,24.74
2017-08-25,91.89,24.81
2017-08-28,91.6,24.65
2017-08-29,91.1,24.57
2017-08-30,91.31,24.67
2017-08-31,90.89,24.7
2017-09-01,91.7,24.77
2017-09-05,89.51,24.24
2017-09-06,90.11,24.3
2017-09-07,88.53,23.88
2017-09-08,88.42,24.1
2017-09-11,89.79,24.52
2017-09-12,90.89,24.81
2017-09-13,91.15,24.85
2017-09-14,90.97,24.8
2017-09-15,91.62,24.77
2017-09-18,92.92,25.06
2017-09-19,93.94,25.25
2017-09-20,94.6,25.4
2017-09-21,95.03,25.46
2017-09-22,94.83,25.43
2017-09-25,94.12,25.4
2017-09-26,93.7,25.39
2017-09-27,95.18,25.7
2017-09-28,95.38,25.74
2017-09-29,95.51,25.86
2017-10-02,96.84,26.08
2017-10-03,97.35,26.17
2017-10-04,96.36,26.05
2017-10-05,97.09,26.32
2017-10-06,96.92,26.35
2017-10-09,96.41,26.25
2017-10-10,97.13,26.37
2017-10-11,96.84,26.32
2017-10-12,95.99,26.12
2017-10-13,95.86,26.13
2017-10-16,97.84,26.3
2017-10-17,97.62,26.17
2017-10-18,97.99,26.31
2017-10-19,98.11,26.33
2017-10-20,99.51,26.64
2017-10-23,99.34,26.62
2017-10-24,100.92,26.81
2017-10-25,101.02,26.65
2017-10-26,101.74,26.8
2017-10-27,101.77,26.78
2017-10-30,101.41,26.67
2017-10-31,100.61,26.6
2017-11-01,100.92,26.64
2017-11-02,101.59,26.89
2017-11-03,101.41,26.78
2017-11-06,100.78,26.75
2017-11-07,98.75,26.38
2017-11-08,97.64,26.25
2017-11-09,97.63,26.16
2017-11-10,97.51,26.08
2017-11-13,97.86,26.12
2017-11-14,97.27,26.11
2017-11-15,98.19,26.18
2017-11-16,98.47,26.19
2017-11-17,98.14,26.16
2017-11-20,99.01,26.28
2017-11-21,98.93,26.36
2017-11-22,98.64,26.23
2017-11-24,98.32,26.22
2017-11-27,97.93,26.2
2017-11-28,101.36,26.88
2017-11-29,103.73,27.34
2017-11-30,104.52,27.52
2017-12-01,104.79,27.58
2017-12-04,106.95,28.0
2017-12-05,105.72,27.85
2017-12-06,104.93,27.75
2017-12-07,104.62,27.84
2017-12-08,105.93,28.01
2017-12-11,105.62,27.94
2017-12-12,106.85,28.22
2017-12-13,105.51,27.87
2017-12-14,104.66,27.69
2017-12-15,106.14,27.81
2017-12-18,106.96,28.06
2017-12-19,106.51,27.94
2017-12-20,106.14,27.89
2017-12-21,107.83,28.13
2017-12-22,107.45,28.05
2017-12-26,107.02,27.97
2017-12-27,107.22,28.0
2017-12-28,107.79,28.11
2017-12-29,106.94,27.91
2018-01-02,107.95,27.92
2018-01-03,108.06,28.07
2018-01-04,109.04,28.33
2018-01-05,108.34,28.41
2018-01-08,108.5,28.37
2018-01-09,109.05,28.59
2018-01-10,110.25,28.83
2018-01-11,110.84,28.97
2018-01-12,112.67,29.23
2018-01-16,112.27,29.15
2018-01-17,112.99,29.37
2018-01-18,113.26,29.33
2018-01-19,113.01,29.54
2018-01-22,114.33,29.78
2018-01-23,114.21,29.81
2018-01-24,115.67,30.01
2018-01-25,115.7,29.95
2018-01-26,116.32,30.17
2018-01-29,116.2,30.05
2018-01-30,115.11,29.66
2018-01-31,115.67,29.74
2018-02-01,116.87,30.02
2018-02-02,114.28,29.36
2018-02-05,108.8,27.88
2018-02-06,112.11,28.39
2018-02-07,112.87,28.41
2018-02-08,107.88,27.16
2018-02-09,110.04,27.68
2018-02-12,111.74,28.07
2018-02-13,112.43,28.19
2018-02-14,115.03,28.86
2018-02-15,115.51,29.02
2018-02-16,114.68,28.98
2018-02-20,114.71,28.89
2018-02-21,115.19,28.93
2018-02-22,114.98,28.69
2018-02-23,117.31,29.12
2018-02-26,118.77,29.56
2018-02-27,117.36,29.28
2018-02-28,115.5,28.87
2018-03-01,113.43,28.37
2018-03-02,113.32,28.44
2018-03-05,115.06,28.84
2018-03-06,115.16,28.96
2018-03-07,114.73,28.91
2018-03-08,114.74,29.0
2018-03-09,118.04,29.7
2018-03-12,117.66,29.6
2018-03-13,116.25,29.27
2018-03-14,114.95,28.94
2018-03-15,115.24,28.95
2018-03-16,115.44,28.87
2018-03-19,114.53,28.66
2018-03-20,114.64,28.73
2018-03-21,114.74,28.72
2018-03-22,109.95,27.66
2018-03-23,107.01,26.82
2018-03-26,110.31,27.69
2018-03-27,108.17,27.15
2018-03-28,108.0,27.2
2018-03-29,109.97,27.57
2018-04-02,107.85,26.96
2018-04-03,109.33,27.33
2018-04-04,110.99,27.62
2018-04-05,111.88,27.84
2018-04-06,109.09,27.17
2018-04-09,110.4,27.32
2018-04-10,112.51,27.73
2018-04-11,110.62,27.4
2018-04-12,113.37,27.88
2018-04-13,110.3,27.46
2018-04-16,110.21,27.58
2018-04-17,110.21,27.58
2018-04-18,109.32,27.45
2018-04-19,111.72,27.87
2018-04-20,111.47,27.88
2018-04-23,110.93,27.85
2018-04-24,110.41,27.67
2018-04-25,109.99,27.65
2018-04-26,110.1,27.66
2018-04-27,109.4,27.7
2018-04-30,108.78,27.45
2018-05-01,108.78,27.46
2018-05-02,107.92,27.15
2018-05-03,107.24,26.92
2018-05-04,108.43,27.27
2018-05-07,109.37,27.45
2018-05-08,110.99,27.64
2018-05-09,113.41,28.05
2018-05-10,114.29,28.28
2018-05-11,113.86,28.26
2018-05-14,113.9,28.24
2018-05-15,113.03,28.19
2018-05-16,113.34,28.24
2018-05-17,112.96,28.18
2018-05-18,111.13,27.95
2018-05-21,112.15,28.15
2018-05-22,113.01,28.34
2018-05-23,112.49,28.16
2018-05-24,111.23,27.94
2018-05-25,110.66,27.85
2018-05-29,105.93,26.92
2018-05-30,108.35,27.41
2018-05-31,107.01,27.18
2018-06-01,108.4,27.48
2018-06-04,108.45,27.57
2018-06-05,107.84,27.45
2018-06-06,110.36,27.95
2018-06-07,110.8,28.04
2018-06-08,111.11,28.08
2018-06-11,110.83,28.02
2018-06-12,110.19,27.95
2018-06-13,109.97,27.85
2018-06-14,108.03,27.59
2018-06-15,107.9,27.47
2018-06-18,108.18,27.42
2018-06-19,107.55,27.35
2018-06-20,107.54,27.28
2018-06-21,107.51,27.2
2018-06-22,105.75,27.07
2018-06-25,104.79,26.78
2018-06-26,104.86,26.69
2018-06-27,103.24,26.36
2018-06-28,104.93,26.59
2018-06-29,104.2,26.59
2018-07-02,105.08,26.72
2018-07-03,103.61,26.48
2018-07-05,103.72,26.54
2018-07-06,104.06,26.67
2018-07-09,107.28,27.28
2018-07-10,106.62,27.18
2018-07-11,106.39,27.05
2018-07-12,106.85,27.1
2018-07-13,106.36,26.98
2018-07-16,110.58,27.46
2018-07-17,110.5,27.49
2018-07-18,111.53,27.93
2018-07-19,109.89,27.51
2018-07-20,111.28,27.56
2018-07-23,113.35,27.94
2018-07-24,114.15,28.02
2018-07-25,115.18,28.08
2018-07-26,114.85,28.07
2018-07-27,116.03,28.13
2018-07-30,116.73,28.15
2018-07-31,114.95,27.95
2018-08-01,115.66,27.95
2018-08-02,116.15,27.96
2018-08-03,117.09,28.12
2018-08-06,117.12,28.27
2018-08-07,117.55,28.4
2018-08-08,117.79,28.47
2018-08-09,116.88,28.3
2018-08-10,115.73,27.97
2018-08-13,113.89,27.7
2018-08-14,114.65,27.96
2018-08-15,113.7,27.74
2018-08-16,114.77,28.11
2018-08-17,114.77,28.17
2018-08-20,114.62,28.26
2018-08-21,115.32,28.37
2018-08-22,114.97,28.27
2018-08-23,114.73,28.14
2018-08-24,114.68,28.24
2018-08-27,116.71,28.62
2018-08-28,116.14,28.59
2018-08-29,115.76,28.58
2018-08-30,115.19,28.36
2018-08-31,114.58,28.33
2018-09-04,115.15,28.47
2018-09-05,114.59,28.49
2018-09-06,114.1,28.36
2018-09-07,114.32,28.33
2018-09-10,113.71,28.3
2018-09-11,114.43,28.33
2018-09-12,113.08,28.07
2018-09-13,113.52,28.03
2018-09-14,113.5,28.23
2018-09-17,113.84,28.11
2018-09-18,114.3,28.25
2018-09-19,117.62,28.73
2018-09-20,118.63,28.98
2018-09-21,117.85,28.74
2018-09-24,116.72,28.42
2018-09-25,116.39,28.31
2018-09-26,115.02,27.97
2018-09-27,114.52,27.87
2018-09-28,112.84,27.58
2018-10-01,113.5,27.69
2018-10-02,113.97,27.69
2018-10-03,115.04,27.95
2018-10-04,115.27,28.14
2018-10-05,114.62,28.0
2018-10-08,115.32,28.19
2018-10-09,114.52,28.08
2018-10-10,111.47,27.21
2018-10-11,108.13,26.4
2018-10-12,106.95,26.43
2018-10-15,106.34,26.31
2018-10-16,108.62,26.75
2018-10-17,109.83,27.02
2018-10-18,108.09,26.57
2018-10-19,107.91,26.67
2018-10-22,106.36,26.1
2018-10-23,105.25,25.89
2018-10-24,103.29,25.24
2018-10-25,104.86,25.63
2018-10-26,103.42,25.26
2018-10-29,104.85,25.48
2018-10-30,106.7,25.92
2018-10-31,109.02,26.28
2018-11-01,108.98,26.4
2018-11-02,108.38,26.38
2018-11-05,109.09,26.8
2018-11-06,109.6,26.94
2018-11-07,111.48,27.29
2018-11-08,112.38,27.37
2018-11-09,111.29,27.12
2018-11-12,108.95,26.58
2018-11-13,109.59,26.73
2018-11-14,107.33,26.37
2018-11-15,110.07,26.76
2018-11-16,109.99,26.79
2018-11-19,110.83,26.78
2018-11-20,108.45,26.19
2018-11-21,107.64,26.21
2018-11-23,106.65,26.0
2018-11-26,109.26,26.53
2018-11-27,109.72,26.55
2018-11-28,110.94,27.06
2018-11-29,110.06,26.83
2018-11-30,111.19,26.97
2018-12-03,112.24,27.14
2018-12-04,107.23,25.96
2018-12-06,105.19,25.6
2018-12-07,103.29,25.11
2018-12-10,101.36,24.76
2018-12-11,100.37,24.52
2018-12-12,101.02,24.66
2018-12-13,101.12,24.48
2018-12-14,100.29,24.24
2018-12-17,99.01,24.0
2018-12-18,98.54,23.91
2018-12-19,97.29,23.61
2018-12-20,96.45,23.4
2018-12-21,94.17,22.79
2018-12-24,92.14,22.31
2018-12-26,95.96,23.32
2018-12-27,97.04,23.6
2018-12-28,96.83,23.59
2018-12-31,97.62,23.82
2019-01-02,99.31,24.02
2019-01-03,97.11,23.48
2019-01-04,100.69,24.26
2019-01-07,100.76,24.29
2019-01-08,100.57,24.31
2019-01-09,100.4,24.43
2019-01-10,100.39,24.44
2019-01-11,99.91,24.5
2019-01-14,100.94,24.67
2019-01-15,101.68,24.89
2019-01-16,102.5,25.42
2019-01-17,102.92,25.56
2019-01-18,104.59,26.0
2019-01-22,102.94,25.7
2019-01-23,102.68,25.73
2019-01-24,102.74,25.79
2019-01-25,103.39,26.0
2019-01-28,103.88,25.92
2019-01-29,104.17,25.83
2019-01-30,104.41,25.98
2019-01-31,103.5,25.94
2019-02-01,103.88,26.05
2019-02-04,104.25,26.16
2019-02-05,103.79,26.09
2019-02-06,103.74,26.06
2019-02-07,102.38,25.8
2019-02-08,101.36,25.67
2019-02-11,100.88,25.75
2019-02-12,102.6,26.13
2019-02-13,103.09,26.2
2019-02-14,102.42,25.88
2019-02-15,105.55,26.43
2019-02-19,105.18,26.47
2019-02-20,105.69,26.64
2019-02-21,105.47,26.5
2019-02-22,105.0,26.46
2019-02-25,106.1,26.57
2019-02-26,105.29,26.49
2019-02-27,105.16,26.59
2019-02-28,104.36,26.52
2019-03-01,104.43,26.69
2019-03-04,104.19,26.52
2019-03-05,104.11,26.42
2019-03-06,103.72,26.25
2019-03-07,102.97,25.98
2019-03-08,103.01,25.97
2019-03-11,104.35,26.24
2019-03-12,104.04,26.3
2019-03-13,104.39,26.48
2019-03-14,105.34,26.58
2019-03-15,106.55,26.63
2019-03-18,107.19,26.9
2019-03-19,106.8,26.69
2019-03-20,104.52,26.14
2019-03-21,102.87,26.06
2019-03-22,99.76,25.34
2019-03-25,98.93,25.23
2019-03-26,99.92,25.53
2019-03-27,99.58,25.42
2019-03-28,100.71,25.64
2019-03-29,101.23,25.71
2019-04-01,104.64,26.34
2019-04-02,105.14,26.32
2019-04-03,105.35,26.4
2019-04-04,105.56,26.56
2019-04-05,105.31,26.6
2019-04-08,105.65,26.63
2019-04-09,104.87,26.41
2019-04-10,105.34,26.49
2019-04-11,106.23,26.65
2019-04-12,111.21,27.14
2019-04-15,109.94,26.97
2019-04-16,111.1,27.35
2019-04-17,114.3,27.42
2019-04-18,113.46,27.34
2019-04-22,113.6,27.26
2019-04-23,113.74,27.43
2019-04-24,113.55,27.4
2019-04-25,113.61,27.45
2019-04-26,114.47,27.7
2019-04-29,116.12,27.98
2019-04-30,116.05,28.02
2019-05-01,115.16,27.79
2019-05-02,115.41,27.82
2019-05-03,116.12,28.07
2019-05-06,115.09,27.88
2019-05-07,113.21,27.42
2019-05-08,112.61,27.36
2019-05-09,112.52,27.3
2019-05-10,112.51,27.48
2019-05-13,109.45,26.68
2019-05-14,110.32,26.89
2019-05-15,109.9,26.79
2019-05-16,111.31,27.06
2019-05-17,110.77,26.88
2019-05-20,111.35,26.91
2019-05-21,111.73,27.19
2019-05-22,110.82,27.03
2019-05-23,108.64,26.65
2019-05-24,109.71,26.86
2019-05-28,108.52,26.55
2019-05-29,108.22,26.5
2019-05-30,107.06,26.41
2019-05-31,105.96,26.01
2019-06-03,106.46,26.18
2019-06-04,109.74,26.89
2019-06-05,110.13,27.06
2019-06-06,110.37,27.16
2019-06-07,109.16,27.12
2019-06-10,110.34,27.35
2019-06-11,110.68,27.36
2019-06-12,109.27,27.09
2019-06-13,109.54,27.18
2019-06-14,109.82,27.24
2019-06-17,109.22,26.99
2019-06-18,110.71,27.35
2019-06-19,109.91,27.3
2019-06-20,110.19,27.42
2019-06-21,109.44,27.22
2019-06-24,108.66,27.11
2019-06-25,107.76,27.02
2019-06-26,108.48,26.97
2019-06-27,108.84,27.21
2019-06-28,111.8,27.6
2019-07-01,113.68,27.93
2019-07-02,113.8,27.86
2019-07-03,112.82,28.08
2019-07-05,113.49,28.16
2019-07-08,112.87,28.02
2019-07-09,113.35,28.07
2019-07-10,113.02,27.97
2019-07-11,114.1,28.13
2019-07-12,115.3,28.32
2019-07-15,113.9,28.16
2019-07-16,115.12,28.09
2019-07-17,113.99,27.85
2019-07-18,114.67,28.06
2019-07-19,113.54,27.94
2019-07-22,114.27,28.0
2019-07-23,116.36,28.29
2019-07-24,116.83,28.58
2019-07-25,115.71,28.38
2019-07-26,116.22,28.69
2019-07-29,115.85,28.47
2019-07-30,115.59,28.39
2019-07-31,116.0,28.25
2019-08-01,112.94,27.61
2019-08-02,112.93,27.6
2019-08-05,109.57,26.68
2019-08-06,110.43,27.11
2019-08-07,108.03,26.75
2019-08-08,109.86,27.26
2019-08-09,109.74,27.17
2019-08-12,107.68,26.65
2019-08-13,109.34,26.98
2019-08-14,104.8,25.98
2019-08-15,105.2,26.11
2019-08-16,107.72,26.57
2019-08-19,108.69,26.84
2019-08-20,107.31,26.48
2019-08-21,107.61,26.6
2019-08-22,108.72,26.78
2019-08-23,106.02,26.1
2019-08-26,106.87,26.35
2019-08-27,105.74,26.19
2019-08-28,106.8,26.43
2019-08-29,109.22,26.83
2019-08-30,109.86,26.92
2019-09-03,108.56,26.64
2019-09-04,109.87,26.9
2019-09-05,112.37,27.45
2019-09-06,112.61,27.44
2019-09-09,115.4,27.86
2019-09-10,116.87,27.96
2019-09-11,117.19,28.12
2019-09-12,117.91,28.27
2019-09-13,120.23,28.49
2019-09-16,119.16,28.39
2019-09-17,118.57,28.42
2019-09-18,119.76,28.52
2019-09-19,119.38,28.39
2019-09-20,118.9,28.08
2019-09-23,118.88,28.13
2019-09-24,117.33,27.86
2019-09-25,118.0,28.09
2019-09-26,117.03,27.96
2019-09-27,117.72,28.07
2019-09-30,117.69,28.0
2019-10-01,115.55,27.41
2019-10-02,113.25,26.85
2019-10-03,112.19,26.96
2019-10-04,114.62,27.46
2019-10-07,114.37,27.32
2019-10-08,111.82,26.78
2019-10-09,112.63,27.03
2019-10-10,114.21,27.31
2019-10-11,116.14,27.65
2019-10-14,116.45,27.69
2019-10-15,119.96,28.09
2019-10-16,119.68,28.02
2019-10-17,120.35,28.04
2019-10-18,120.56,28.11
2019-10-21,123.55,28.5
2019-10-22,124.79,28.42
2019-10-23,125.12,28.54
2019-10-24,125.03,28.5
2019-10-25,126.03,28.64
2019-10-28,126.51,28.79
2019-10-29,126.43,28.86
2019-10-30,125.73,28.84
2019-10-31,124.92,28.7
2019-11-01,127.8,29.12
2019-11-04,128.82001,29.37
2019-11-05,129.10001,29.48
2019-11-06,129.3,29.63
2019-11-07,130.0,29.85
2019-11-08,130.38,29.84
2019-11-11,129.92,29.76
2019-11-12,129.16,29.8
2019-11-13,128.48,29.61
2019-11-14,128.60001,29.67
2019-11-15,129.53,29.75
2019-11-18,130.62,29.81
2019-11-19,130.58,29.87
2019-11-20,129.63,29.73
2019-11-21,129.92999,29.7
2019-11-22,130.78999,29.92
2019-11-25,131.49001,30.11
2019-11-26,131.67,30.08
2019-11-27,132.06,30.2
2019-11-29,131.75999,30.15
2019-12-02,131.47,29.96
2019-12-03,129.78,29.54
2019-12-04,132.34,29.82
2019-12-05,133.06,29.96
2019-12-06,135.03999,30.36
2019-12-09,134.41,30.29
2019-12-10,134.5,30.3
2019-12-11,134.17999,30.23
2019-12-12,138.02,30.82
2019-12-13,136.81,30.71
2019-12-16,137.34,30.82
2019-12-17,138.17999,30.94
2019-12-18,138.03999,30.81
2019-12-19,137.35001,30.8
2019-12-20,137.24001,30.68
2019-12-23,137.2,30.61
2019-12-24,137.58,30.68
2019-12-26,139.03999,30.85
2019-12-27,139.14,30.77
2019-12-30,138.63,30.68
2019-12-31,139.39999,30.78
2020-01-02,141.09,31.08
2020-01-03,138.34,30.75
2020-01-06,138.23,30.73
2020-01-07,135.88,30.53
2020-01-08,136.94,30.73
2020-01-09,137.44,30.92
2020-01-10,136.07001,30.69
2020-01-13,137.2,30.9
2020-01-14,138.8,30.84
2020-01-15,136.72,30.67
2020-01-16,137.25,30.94
2020-01-17,138.2,31.03
2020-01-21,136.84,30.77
2020-01-22,136.67999,30.86
2020-01-23,136.53999,30.78
2020-01-24,133.14999,30.39
2020-01-27,132.03,29.92
2020-01-28,134.42999,30.27
2020-01-29,134.23,30.22
2020-01-30,135.89,30.6
2020-01-31,132.36,29.96
2020-02-03,133.37,30.17
2020-02-04,135.28999,30.46
2020-02-05,137.59,31.07
2020-02-06,137.61,31.03
2020-02-07,137.17,30.92
2020-02-10,137.74001,31.01
2020-02-11,138.0,31.12
2020-02-12,138.0,31.14
2020-02-13,137.88,31.13
2020-02-14,137.46001,31.17
2020-02-18,135.64,30.9
2020-02-19,137.49001,31.13
2020-02-20,137.49001,31.07
2020-02-21,135.81,30.77
2020-02-24,132.16,29.77
2020-02-25,126.26,28.76
2020-02-26,126.64,28.55
2020-02-27,121.37,27.33
2020-02-28,116.11,26.59
2020-03-02,121.52,27.95
2020-03-03,116.96,26.9
2020-03-04,119.85,27.79
2020-03-05,113.97,26.45
2020-03-06,108.08,25.55
2020-03-09,93.44,22.81
2020-03-10,100.7,24.15
2020-03-11,95.96,22.84
2020-03-12,88.05,20.37
2020-03-13,103.91,23.05
2020-03-16,88.36,19.89
2020-03-17,93.76,20.97
2020-03-18,83.89,19.19
2020-03-19,85.3,19.61
2020-03-20,83.5,18.91
2020-03-23,79.03,17.66
2020-03-24,88.43,19.85
2020-03-25,91.73,20.39
2020-03-26,98.12,21.67
2020-03-27,91.13,21.01
2020-03-30,93.5,21.41
2020-03-31,90.03,20.82
2020-04-01,84.36,19.55
2020-04-02,87.51,20.04
2020-04-03,84.05,19.64
2020-04-06,89.46,21.05
2020-04-07,90.64,21.26
2020-04-08,94.3,22.19
2020-04-09,102.76,23.38
2020-04-13,98.19,22.53
2020-04-14,95.5,22.63
2020-04-15,90.79,21.65
2020-04-16,87.33,21.27
2020-04-17,95.18,22.39
2020-04-20,91.71,22.0
2020-04-21,89.05,21.29
2020-04-22,89.34,21.52
2020-04-23,89.39,21.43
2020-04-24,90.71,21.74
2020-04-27,94.62,22.48
2020-04-28,95.29,22.72
2020-04-29,97.86,23.38
2020-04-30,95.76,22.79
2020-05-01,93.25,22.06
2020-05-04,92.14,21.86
2020-05-05,92.0,21.79
2020-05-06,90.27,21.32
2020-05-07,91.21,21.82
2020-05-08,92.7,22.29
2020-05-11,89.97,21.86
2020-05-12,87.03,21.29
2020-05-13,84.03,20.66
2020-05-14,87.52,21.19
2020-05-15,85.9,21.05
2020-05-18,90.45,22.13
2020-05-19,88.67,21.59
2020-05-20,91.33,22.07
2020-05-21,90.17,22.0
2020-05-22,89.47,21.92
2020-05-26,95.82,23.06
2020-05-27,101.37,24.06
2020-05-28,99.86,23.68
2020-05-29,97.31,23.41
2020-06-01,98.6,23.68
2020-06-02,98.93,23.87
2020-06-03,104.27,24.76
2020-06-04,106.44,25.3
2020-06-05,111.23,26.24
2020-06-08,113.45,26.74
2020-06-09,110.54,26.17
2020-06-10,106.06,25.19
2020-06-11,97.21,23.13
2020-06-12,99.87,23.83
2020-06-15,101.25,24.16
2020-06-16,102.06,24.54
2020-06-17,99.48,24.17
2020-06-18,98.94,24.14
2020-06-19,97.81,23.98
2020-06-22,96.75,23.71
2020-06-23,97.93,23.82
2020-06-24,94.66,22.98
2020-06-25,97.96,23.59
2020-06-26,92.59,22.58
2020-06-29,93.0,22.83
2020-06-30,94.06,23.14
2020-07-01,93.26,22.94
2020-07-02,92.66,22.97
2020-07-06,95.0,23.41
2020-07-07,92.32,22.93
2020-07-08,93.3,23.17
2020-07-09,91.28,22.68
2020-07-10,96.27,23.46
2020-07-13,97.65,23.56
2020-07-14,98.21,23.68
2020-07-15,99.73,24.15
2020-07-16,100.01,24.15
2020-07-17,98.16,23.95
2020-07-20,97.3,23.84
2020-07-21,99.41,24.31
2020-07-22,98.69,24.31
2020-07-23,98.98,24.33
2020-07-24,98.28,24.27
2020-07-27,96.9,24.07
2020-07-28,97.32,24.01
2020-07-29,99.68,24.46
2020-07-30,97.02,24.02
2020-07-31,96.64,24.03
2020-08-03,96.1,24.1
2020-08-04,95.55,24.0
2020-08-05,97.21,24.33
2020-08-06,97.24,24.32
2020-08-07,99.38,24.84
2020-08-10,100.64,25.02
2020-08-11,103.82,25.31
2020-08-12,102.94,25.24
2020-08-13,102.37,25.08
2020-08-14,102.41,25.18
2020-08-17,99.71,24.76
2020-08-18,98.32,24.6
2020-08-19,98.55,24.59
2020-08-20,97.37,24.36
2020-08-21,97.32,24.31
2020-08-24,100.06,24.89
2020-08-25,100.5,24.96
2020-08-26,99.09,24.84
2020-08-27,102.35,25.26
2020-08-28,102.77,25.36
2020-08-31,100.19,25.06
2020-09-01,100.14,25.13
2020-09-02,101.65,25.49
2020-09-03,101.33,25.1
2020-09-04,103.52,25.29
2020-09-08,99.92,24.64
2020-09-09,100.87,24.89
2020-09-10,99.83,24.54
2020-09-11,101.07,24.71
2020-09-14,102.47,25.05
2020-09-15,99.28,24.71
2020-09-16,99.7,24.99
2020-09-17,98.56,24.73
2020-09-18,98.35,24.68
2020-09-21,95.31,23.93
2020-09-22,94.27,23.73
2020-09-23,92.74,23.2
2020-09-24,92.66,23.25
2020-09-25,93.47,23.49
2020-09-28,96.16,24.05
2020-09-29,95.35,23.75
2020-09-30,96.27,24.07
2020-10-01,96.97,24.11
2020-10-02,97.89,24.3
2020-10-05,99.04,24.7
2020-10-06,98.02,24.45
2020-10-07,99.73,24.86
2020-10-08,101.78,25.2
2020-10-09,101.2,25.23
2020-10-12,102.44,25.51
2020-10-13,100.78,25.02
2020-10-14,100.22,24.78
2020-10-15,101.72,24.97
2020-10-16,101.51,24.99
2020-10-19,99.8,24.61
2020-10-20,100.37,24.81
2020-10-21,99.37,24.68
2020-10-22,102.88,25.17
2020-10-23,103.81,25.25
2020-10-26,101.24,24.68
2020-10-27,99.33,24.23
2020-10-28,96.54,23.61
2020-10-29,97.17,23.79
2020-10-30,98.04,23.86
2020-11-02,100.25,24.31
2020-11-03,103.41,24.85
2020-11-04,100.25,24.56
2020-11-05,104.35,25.16
2020-11-06,102.96,24.96
2020-11-09,116.9,27.01
2020-11-10,116.52,27.15
2020-11-11,114.78,27.04
2020-11-12,113.37,26.59
2020-11-13,114.08,27.03
2020-11-16,117.3,27.63
2020-11-17,116.11,27.59
2020-11-18,115.25,27.33
2020-11-19,115.56,27.42
2020-11-20,114.57,27.18
2020-11-23,117.87,27.69
2020-11-24,123.32,28.66
2020-11-25,122.03,28.56
2020-11-27,121.22,28.47
2020-11-30,117.88,27.88
2020-12-01,119.74,28.31
2020-12-02,122.04,28.62
2020-12-03,121.24,28.63
2020-12-04,122.34,28.98
2020-12-07,121.88,28.78
2020-12-08,122.0,28.77
2020-12-09,121.05,28.7
2020-12-10,120.27,28.75
2020-12-11,119.56,28.46
2020-12-14,118.3,28.13
2020-12-15,120.32,28.61
2020-12-16,120.67,28.66
2020-12-17,119.67,28.74
2020-12-18,119.08,28.49
2020-12-21,123.55,28.72
2020-12-22,121.67,28.44
2020-12-23,125.07,28.91
2020-12-24,124.52,28.95
2020-12-28,125.34,29.09
2020-12-29,125.01,28.99
2020-12-30,125.36,29.12
2020-12-31,127.07,29.48
2021-01-04,125.87,29.08
2021-01-05,125.65,29.21
2021-01-06,131.55,30.5
2021-01-07,135.87,30.94
2021-01-08,136.02,30.92
2021-01-11,138.05,31.02
2021-01-12,140.22,31.34
2021-01-13,140.35001,31.32
2021-01-14,141.17,31.46
2021-01-15,138.64,30.94
2021-01-19,138.03999,31.02
2021-01-20,135.97,30.89
2021-01-21,134.83,30.56
2021-01-22,133.78999,30.34
2021-01-25,132.12,30.12
2021-01-26,131.58,29.88
2021-01-27,127.86,29.0
2021-01-28,130.11,29.54
2021-01-29,128.67,28.95
2021-02-01,129.62,29.33
2021-02-02,133.61,30.04
2021-02-03,135.14,30.21
2021-02-04,138.25,30.88
2021-02-05,137.98,30.89
2021-02-08,140.14,31.29
2021-02-09,139.58,31.3
2021-02-10,139.66,31.3
2021-02-11,139.27,31.2
2021-02-12,141.25,31.52
2021-02-16,144.64999,32.06
2021-02-17,145.10001,32.22
2021-02-18,145.59,32.03
2021-02-19,148.02,32.41
2021-02-22,149.41,32.71
2021-02-23,150.61,32.91
2021-02-24,153.25999,33.55
2021-02-25,151.17999,32.94
2021-02-26,147.17,32.31
2021-03-01,150.5,33.32
2021-03-02,150.00999,33.2
2021-03-03,152.91,33.46
2021-03-04,150.56,33.08
2021-03-05,150.91,33.71
2021-03-08,152.91,34.14
2021-03-09,151.83,33.83
2021-03-10,155.13,34.52
2021-03-11,154.32001,34.42
2021-03-12,156.14999,34.77
2021-03-15,155.37,34.57
2021-03-16,153.50999,34.21
2021-03-17,155.09,34.44
2021-03-18,157.64999,34.62
2021-03-19,155.14,34.22
2021-03-22,150.97,33.63
2021-03-23,149.46001,33.16
2021-03-24,150.62,33.28
2021-03-25,152.55,33.84
2021-03-26,155.09,34.37
2021-03-29,152.67999,34.07
2021-03-30,154.48,34.31
2021-03-31,152.23,34.05
2021-04-01,153.71001,34.47
2021-04-05,153.62,34.74
2021-04-06,152.53999,34.67
2021-04-07,154.92999,34.84
2021-04-08,155.12,34.85
2021-04-09,156.28,35.15
2021-04-12,155.95,35.3
2021-04-13,154.09,34.97
2021-04-14,151.21001,35.18
2021-04-15,152.17,35.15
2021-04-16,153.3,35.4
2021-04-19,152.64999,35.3
2021-04-20,149.27,34.64
2021-04-21,150.53999,35.12
2021-04-22,147.37,34.73
2021-04-23,150.19,35.38
2021-04-26,150.56,35.52
2021-04-27,151.25,35.8
2021-04-28,152.23,35.94
2021-04-29,155.19,36.58
2021-04-30,153.81,36.26
2021-05-03,153.36,36.44
2021-05-04,155.48,36.73
2021-05-05,157.52,37.03
2021-05-06,160.69,37.58
2021-05-07,161.24001,37.78
2021-05-10,161.22,37.75
2021-05-11,158.53999,37.08
2021-05-12,157.45,36.7
2021-05-13,161.5,37.29
2021-05-14,164.00999,37.88
2021-05-17,164.67,37.95
2021-05-18,162.35001,37.42
2021-05-19,161.11,37.19
2021-05-20,160.83,37.21
2021-05-21,162.66,37.58
2021-05-24,163.53999,37.76
2021-05-25,161.85001,37.38
2021-05-26,161.83,37.49
2021-05-27,164.35001,37.92
2021-05-28,164.24001,37.99
2021-06-01,166.05,38.22
2021-06-02,166.06,38.28
2021-06-03,166.17,38.37
2021-06-04,166.44,38.47
2021-06-07,165.66,38.22
2021-06-08,165.0,38.12
2021-06-09,162.94,37.76
2021-06-10,160.39999,37.32
2021-06-11,160.28999,37.56
2021-06-14,157.57001,37.17
2021-06-15,155.17999,37.24
2021-06-16,156.27,37.2
2021-06-17,151.75999,36.1
2021-06-18,147.92,35.23
2021-06-21,150.42999,35.91
2021-06-22,150.21001,35.97
2021-06-23,151.12,36.04
2021-06-24,152.50999,36.49
2021-06-25,154.05,36.93
2021-06-28,154.33,36.66
2021-06-29,154.14,36.53
2021-06-30,155.53999,36.69
2021-07-01,157.08,36.98
2021-07-02,156.03,36.94
2021-07-06,153.41,36.36
2021-07-07,153.59,36.41
2021-07-08,150.94,35.68
2021-07-09,155.77,36.71
2021-07-12,158.0,37.07
2021-07-13,155.64999,36.67
2021-07-14,155.12,36.5
2021-07-15,155.46001,36.62
2021-07-16,151.91,36.12
2021-07-19,146.97,35.11
2021-07-20,149.71001,35.98
2021-07-21,152.86,36.6
2021-07-22,150.92999,36.2
2021-07-23,150.64,36.26
2021-07-26,151.64999,36.47
2021-07-27,151.45,36.46
2021-07-28,151.7,36.41
2021-07-29,153.0,36.81
2021-07-30,151.78,36.52
2021-08-02,151.17,36.53
2021-08-03,152.89,36.94
2021-08-04,151.24001,36.63
2021-08-05,153.14999,37.11
2021-08-06,157.5,37.86
2021-08-09,157.33,37.96
2021-08-10,159.25999,38.36
2021-08-11,161.16,38.8
2021-08-12,161.78999,38.87
2021-08-13,159.98,38.58
2021-08-16,158.92999,38.48
2021-08-17,157.00999,38.21
2021-08-18,155.58,37.74
2021-08-19,154.28,37.46
2021-08-20,154.72,37.69
2021-08-23,156.7,38.0
2021-08-24,157.67,38.23
2021-08-25,160.92,38.68
2021-08-26,161.75,38.49
2021-08-27,163.05,39.0
2021-08-30,160.44,38.45
2021-08-31,159.95,38.4
2021-09-01,159.72,38.18
2021-09-02,160.46001,38.31
2021-09-03,159.49001,38.07
2021-09-07,159.21001,37.84
2021-09-08,158.5,37.75
2021-09-09,159.19,37.86
2021-09-10,157.36,37.58
2021-09-13,159.86,38.01
2021-09-14,157.07001,37.5
2021-09-15,158.16,37.86
2021-09-16,158.09,37.75
2021-09-17,157.67999,37.58
2021-09-20,152.96001,36.55
2021-09-21,152.98,36.5
2021-09-22,155.91,37.11
2021-09-23,161.17999,38.02
2021-09-24,163.03999,38.22
2021-09-27,166.98,38.74
2021-09-28,166.08,38.1
2021-09-29,165.95,38.13
2021-09-30,163.69,37.53
2021-10-01,167.13,38.15
2021-10-04,166.95,37.82
2021-10-05,168.66,38.56
2021-10-06,169.02,38.6
2021-10-07,170.09,38.83
2021-10-08,170.22,39.02
2021-10-11,166.64,38.63
2021-10-12,165.36,38.51
2021-10-13,161.0,38.29
2021-10-14,163.47,38.93
2021-10-15,166.61,39.51
2021-10-18,166.55,39.52
2021-10-19,168.57001,39.91
2021-10-20,170.84,40.23
2021-10-21,169.5,40.06
2021-10-22,171.78,40.62
2021-10-25,170.94,40.57
2021-10-26,171.39999,40.6
2021-10-27,167.83,39.93
2021-10-28,170.36,40.42
2021-10-29,169.89,40.26
2021-11-01,169.8,40.28
2021-11-02,170.47,40.38
2021-11-03,170.53,40.53
2021-11-04,168.28999,40.0
2021-11-05,168.05,40.02
2021-11-08,169.06,40.24
2021-11-09,167.78,40.02
2021-11-10,167.62,39.95
2021-11-11,167.61,40.06
2021-11-12,166.86,40.15
2021-11-15,166.56,40.15
2021-11-16,165.36,40.11
2021-11-17,164.47,39.65
2021-11-18,163.05,39.45
2021-11-19,160.92,39.02
2021-11-22,164.35001,39.57
2021-11-23,168.28,40.19
2021-11-24,166.96001,40.1
2021-11-26,161.92999,38.77
2021-11-29,161.23,38.89
2021-11-30,158.83,37.96
2021-12-01,157.89,37.54
2021-12-02,161.21001,38.66
2021-12-03,158.28999,38.03
2021-12-06,160.16,38.61
2021-12-07,162.57001,39.3
2021-12-08,160.71001,39.09
2021-12-09,160.46001,39.01
2021-12-10,159.82001,39.05
2021-12-13,157.92,38.63
2021-12-14,159.13,38.86
2021-12-15,157.94,38.97
2021-12-16,160.41,39.46
2021-12-17,156.75999,38.59
2021-12-20,153.94,37.66
2021-12-21,156.09,38.44
2021-12-22,156.7,38.62
2021-12-23,157.25999,38.82
2021-12-27,158.16,39.22
2021-12-28,158.64,39.24
2021-12-29,158.56,39.19
2021-12-30,158.48,39.12
2021-12-31,158.35001,39.05
2022-01-03,161.7,39.53
2022-01-04,167.83,40.57
2022-01-05,163.78,40.1
2022-01-06,165.52,40.69
2022-01-07,167.16,41.17
2022-01-10,167.32001,41.03
2022-01-11,167.49001,41.39
2022-01-12,168.44,41.42
2022-01-13,168.23,41.26
2022-01-14,157.89,40.83
2022-01-18,151.27,39.92
2022-01-19,148.92999,39.25
2022-01-20,147.66,39.0
2022-01-21,145.08,38.2
2022-01-24,144.95,38.31
2022-01-25,146.53,38.47
2022-01-26,147.92,38.57
2022-01-27,145.31,38.22
2022-01-28,146.61,38.72
2022-01-31,148.60001,39.06
2022-02-01,151.14999,39.6
2022-02-02,149.94,39.87
2022-02-03,148.7,39.43
2022-02-04,152.56,40.1
2022-02-07,153.07001,40.22
2022-02-08,155.95,40.78
2022-02-09,156.60001,41.04
2022-02-10,155.95,40.68
2022-02-11,153.92,40.11
2022-02-14,152.49001,39.66
2022-02-15,154.72,40.2
2022-02-16,155.0,40.23
2022-02-17,151.42999,39.23
2022-02-18,152.14,39.22
2022-02-22,151.87,39.02
2022-02-23,148.69,38.34
2022-02-24,144.55,37.88
2022-02-25,147.97,39.1
2022-02-28,141.8,38.52
2022-03-01,136.45,37.1
2022-03-02,139.28,38.06
2022-03-03,138.28999,37.94
2022-03-04,134.39999,37.23
2022-03-07,129.21001,35.87
2022-03-08,128.3,35.66
2022-03-09,133.44,36.97
2022-03-10,131.86,36.66
2022-03-11,128.89,36.4
2022-03-14,130.17,36.86
2022-03-15,132.48,37.38
2022-03-16,138.39999,38.43
2022-03-17,140.14999,38.91
2022-03-18,140.10001,39.0
2022-03-21,139.64999,38.81
2022-03-22,142.62,39.44
2022-03-23,139.78,38.71
2022-03-24,140.69,39.02
2022-03-25,141.92,39.52
2022-03-28,140.87,39.41
2022-03-29,141.17999,39.5
2022-03-30,140.53999,39.22
2022-03-31,136.32001,38.32
2022-04-01,135.31,38.22
2022-04-04,135.91,38.05
2022-04-05,133.34,37.81
2022-04-06,131.49001,37.55
2022-04-07,131.09,37.51
2022-04-08,133.49001,37.89
2022-04-11,133.0,37.72
2022-04-12,131.53999,37.31
2022-04-13,127.3,37.31
2022-04-14,126.12,36.89
2022-04-18,128.46001,37.11
2022-04-19,131.12,37.62
2022-04-20,131.58,37.88
2022-04-21,130.56,37.28
2022-04-22,126.81,36.17
2022-04-25,126.77,36.23
2022-04-26,123.02,35.32
2022-04-27,121.42,35.29
2022-04-28,123.34,35.74
2022-04-29,119.36,34.51
2022-05-02,120.45,34.52
2022-05-03,123.03,34.97
2022-05-04,127.1,36.04
2022-05-05,123.92,34.99
2022-05-06,123.72,34.74
2022-05-09,121.86,33.91
2022-05-10,118.89,33.61
2022-05-11,118.14,33.3
2022-05-12,118.04,33.05
2022-05-13,119.09,33.53
2022-05-16,118.26,33.25
2022-05-17,122.18,34.14
2022-05-18,120.09,33.2
2022-05-19,118.31,32.98
2022-05-20,117.34,32.92
2022-05-23,124.6,33.99
2022-05-24,126.36,33.92
2022-05-25,127.24,34.19
2022-05-26,129.44,34.98
2022-05-27,131.27,35.57
2022-05-31,132.23,35.47
2022-06-01,129.91,34.9
2022-06-02,132.0,35.38
2022-06-03,130.16,34.87
2022-06-06,129.73,34.97
2022-06-07,130.07001,35.24
2022-06-08,128.0,34.62
2022-06-09,125.31,33.75
2022-06-10,119.55,32.53
2022-06-13,115.99,31.56
2022-06-14,114.06,31.29
2022-06-15,115.41,31.64
2022-06-16,113.43,30.84
2022-06-17,113.03,30.93
2022-06-21,115.83,31.38
2022-06-22,115.18,31.31
2022-06-23,113.92,31.19
2022-06-24,117.32,32.34
2022-06-27,116.38,32.23
2022-06-28,115.82,31.91
2022-06-29,115.3,31.73
2022-06-30,112.61,31.45
2022-07-01,114.05,31.88
2022-07-05,112.62,31.77
2022-07-06,111.89,31.69
2022-07-07,114.72,32.15
2022-07-08,114.36,32.08
2022-07-11,112.86,31.82
2022-07-12,112.97,31.62
2022-07-13,111.91,31.34
2022-07-14,108.0,30.74
2022-07-15,112.95,31.78
2022-07-18,111.79,31.66
2022-07-19,114.56,32.61
2022-07-20,114.54,32.73
2022-07-21,115.32,32.94
2022-07-22,114.76,32.75
2022-07-25,115.22,32.96
2022-07-26,113.42,32.5
2022-07-27,115.24,33.0
2022-07-28,114.81,33.24
2022-07-29,115.36,33.71
2022-08-01,114.21,33.43
2022-08-02,112.43,33.06
2022-08-03,113.61,33.56
2022-08-04,112.36,33.45
2022-08-05,115.76,33.69
2022-08-08,114.35,33.67
2022-08-09,115.38,33.84
2022-08-10,118.39,34.6
2022-08-11,120.14,35.01
2022-08-12,122.13,35.56
2022-08-15,122.46,35.55
2022-08-16,123.63,35.81
2022-08-17,122.59,35.63
2022-08-18,121.64,35.67
2022-08-19,118.63,34.96
2022-08-22,116.67,34.19
2022-08-23,115.52,34.05
2022-08-24,115.8,34.23
2022-08-25,118.55,34.76
2022-08-26,114.67,33.72
2022-08-29,114.39,33.48
2022-08-30,114.41,33.3
2022-08-31,113.73,33.05
2022-09-01,114.51,33.15
2022-09-02,113.71,32.89
2022-09-06,113.74,32.81
2022-09-07,115.9,33.46
2022-09-08,118.6,34.05
2022-09-09,119.17,34.36
2022-09-12,120.58,34.64
2022-09-13,116.39,33.35
2022-09-14,116.12,33.25
2022-09-15,117.87,33.36
2022-09-16,117.08,33.06
2022-09-19,118.16,33.26
2022-09-20,115.83,32.77
2022-09-21,112.49,32.09
2022-09-22,111.21,31.55
2022-09-23,109.14,31.05
2022-09-26,106.79,30.56
2022-09-27,105.85,30.43
2022-09-28,107.99,31.03
2022-09-29,106.16,30.64
2022-09-30,104.5,30.36
2022-10-03,107.73,31.18
2022-10-04,112.77,32.34
2022-10-05,110.39,32.09
2022-10-06,108.14,31.64
2022-10-07,105.98,30.89
2022-10-10,104.99,30.75
2022-10-11,101.96,30.36
2022-10-12,103.61,30.29
2022-10-13,109.37,31.54
2022-10-14,111.19,31.01
2022-10-17,115.86,31.79
2022-10-18,118.84,32.3
2022-10-19,116.51,31.77
2022-10-20,116.13,31.26
2022-10-21,122.23,32.19
2022-10-24,122.38,32.62
2022-10-25,122.7,33.01
2022-10-26,124.11,33.09
2022-10-27,124.6,33.36
2022-10-28,126.08,34.19
2022-10-31,125.88,33.98
2022-11-01,128.14999,34.07
2022-11-02,126.97,33.64
2022-11-03,127.2,33.3
2022-11-04,130.67999,33.91
2022-11-07,131.37,34.25
2022-11-08,131.45,34.45
2022-11-09,129.74001,33.87
2022-11-10,135.08,35.58
2022-11-11,135.3,35.87
2022-11-14,133.91,35.36
2022-11-15,132.94,35.44
2022-11-16,133.12,35.27
2022-11-17,132.53999,35.08
2022-11-18,133.84,35.37
2022-11-21,133.05,35.48
2022-11-22,135.03999,35.84
2022-11-23,136.48,35.99
2022-11-25,136.74001,36.11
2022-11-28,134.35001,35.49
2022-11-29,136.56,35.7
2022-11-30,138.17999,36.31
2022-12-01,136.24001,36.1
2022-12-02,135.16,35.93
2022-12-05,131.37,35.04
2022-12-06,131.59,34.73
2022-12-07,131.5,34.59
2022-12-08,132.88,34.62
2022-12-09,132.16,34.53
2022-12-12,134.21001,34.99
2022-12-13,134.08,35.08
2022-12-14,133.41,34.64
2022-12-15,130.10001,33.96
2022-12-16,129.28999,33.7
2022-12-19,130.06,33.4
2022-12-20,130.69,33.54
2022-12-21,132.16,34.06
2022-12-22,130.66,33.76
2022-12-23,131.28,33.95
2022-12-27,131.74001,33.94
2022-12-28,132.46001,33.82
2022-12-29,133.22,34.29
2022-12-30,134.10001,34.2
2023-01-03,135.12,34.32
2023-01-04,136.38,34.87
2023-01-05,135.35001,34.61
2023-01-06,137.94,35.38
2023-01-09,137.37,35.25
2023-01-10,138.60001,35.45
2023-01-11,139.63,35.78
2023-01-12,139.49001,35.85
2023-01-13,143.00999,36.12
2023-01-17,140.8,35.88
2023-01-18,136.57001,35.21
2023-01-19,134.75,34.8
2023-01-20,135.08,35.35
2023-01-23,137.27,35.76
2023-01-24,138.45,35.78
2023-01-25,139.12,36.06
2023-01-26,139.98,36.25
2023-01-27,140.32001,36.25
2023-01-30,139.13,36.07
2023-01-31,139.96001,36.56
2023-02-01,139.59,36.56
2023-02-02,138.94,36.66
2023-02-03,141.09,36.59
2023-02-06,141.92,36.58
2023-02-07,143.64999,37.0
2023-02-08,142.64,36.78
2023-02-09,140.42,36.37
2023-02-10,141.03999,36.49
2023-02-13,142.57001,36.91
2023-02-14,143.2,36.71
2023-02-15,143.8,36.75
2023-02-16,141.82001,36.38
2023-02-17,142.24001,36.39
2023-02-21,139.63,35.64
2023-02-22,138.56,35.6
2023-02-23,139.67,35.63
2023-02-24,140.92999,35.66
2023-02-27,142.16,35.65
2023-02-28,143.35001,35.72
2023-03-01,142.55,35.6
2023-03-02,141.07001,35.43
2023-03-03,143.66,35.99
2023-03-06,142.82001,36.02
2023-03-07,138.62,35.09
2023-03-08,137.8,34.96
2023-03-09,130.34,33.54
2023-03-10,133.64999,32.93
2023-03-13,131.25,31.63
2023-03-14,134.62,32.27
2023-03-15,128.25999,31.41
2023-03-16,130.75,32.01
2023-03-17,125.81,30.98
2023-03-20,127.14,31.17
2023-03-21,130.55,31.96
2023-03-22,127.18,31.22
2023-03-23,126.84,31.01
2023-03-24,124.91,30.99
2023-03-27,128.49001,31.42
2023-03-28,128.88,31.41
2023-03-29,129.14,31.87
2023-03-30,128.75,31.8
2023-03-31,130.31,32.15
2023-04-03,130.16,32.21
2023-04-04,128.42,31.91
2023-04-05,127.61,31.87
2023-04-06,127.47,31.99
2023-04-10,127.89,32.06
2023-04-11,128.52,32.34
2023-04-12,128.5,32.27
2023-04-13,128.99001,32.56
2023-04-14,138.73,32.88
2023-04-17,139.83,33.26
2023-04-18,141.39999,33.36
2023-04-19,141.22,33.44
2023-04-20,140.81,33.34
2023-04-21,140.53999,33.22
2023-04-24,140.73,33.14
2023-04-25,137.67,32.57
2023-04-26,135.23,32.26
2023-04-27,137.05,32.78
2023-04-28,138.24001,33.17
2023-05-01,141.2,33.08
2023-05-02,138.92,32.33
2023-05-03,135.98,31.96
2023-05-04,134.12,31.55
2023-05-05,136.74001,32.33
2023-05-08,137.07001,32.38
2023-05-09,136.41,32.26
2023-05-10,136.48,32.08
2023-05-11,136.05,32.03
2023-05-12,134.10001,31.9
2023-05-15,135.23,32.16
2023-05-16,134.32001,31.86
2023-05-17,138.45,32.5
2023-05-18,139.5,32.74
2023-05-19,139.17999,32.6
2023-05-22,138.03,32.66
2023-05-23,136.59,32.28
2023-05-24,135.34,31.86
2023-05-25,135.67,31.85
2023-05-26,136.94,32.11
2023-05-30,137.46001,32.1
2023-05-31,135.71001,31.76
2023-06-01,137.58,32.1
2023-06-02,140.47,32.8
2023-06-05,139.09,32.63
2023-06-06,139.34,33.04
2023-06-07,140.69,33.17
2023-06-08,140.73,33.14
2023-06-09,141.00999,33.15
2023-06-12,141.0,33.14
2023-06-13,142.02,33.34
2023-06-14,141.49001,33.21
2023-06-15,143.09,33.65
2023-06-16,143.25999,33.58
2023-06-20,142.53,33.18
2023-06-21,142.32001,33.14
2023-06-22,139.58,32.88
2023-06-23,138.85001,32.74
2023-06-26,139.19,32.67
2023-06-27,139.2,32.93
2023-06-28,138.59,32.85
2023-06-29,143.42999,33.42
2023-06-30,145.44,33.71
2023-07-03,146.61,33.9
2023-07-05,144.64,33.83
2023-07-06,143.21001,33.54
2023-07-07,144.34,33.59
2023-07-10,145.14999,33.74
2023-07-11,147.42,34.14
2023-07-12,148.14999,34.36
2023-07-13,148.87,34.48
2023-07-14,149.77,34.25
2023-07-17,153.38,34.58
2023-07-18,153.66,34.97
2023-07-19,154.25,35.12
2023-07-20,156.14999,35.38
2023-07-21,154.95,35.26
2023-07-24,158.0,35.6
2023-07-25,156.82001,35.37
2023-07-26,157.75999,35.58
2023-07-27,156.02,35.13
2023-07-28,156.91,35.2
2023-07-31,157.96001,35.33
2023-08-01,157.17999,35.33
2023-08-02,155.39999,35.03
2023-08-03,156.35001,35.05
2023-08-04,156.02,34.91
2023-08-07,156.75999,35.4
2023-08-08,155.88,35.08
2023-08-09,153.78999,34.82
2023-08-10,153.56,34.85
2023-08-11,154.45,34.92
2023-08-14,154.77,34.85
2023-08-15,150.83,34.21
2023-08-16,150.19,34.16
2023-08-17,148.63,33.99
2023-08-18,148.97,33.98
2023-08-21,149.48,33.94
2023-08-22,146.38,33.62
2023-08-23,147.37,33.95
2023-08-24,147.23,33.83
2023-08-25,147.05,33.99
2023-08-28,147.56,34.18
2023-08-29,148.75999,34.49
2023-08-30,148.16,34.51
2023-08-31,146.33,34.38
2023-09-01,146.82001,34.69
2023-09-05,145.2,34.34
2023-09-06,144.96001,34.32
2023-09-07,143.72,34.23
2023-09-08,143.83,34.3
2023-09-11,144.46001,34.46
2023-09-12,146.34,34.69
2023-09-13,146.41,34.69
2023-09-14,149.25,35.01
2023-09-15,148.81,34.83
2023-09-18,149.12,34.77
2023-09-19,148.92999,34.73
2023-09-20,148.3,34.49
2023-09-21,147.14,33.92
2023-09-22,145.73,33.66
2023-09-25,146.45,33.74
2023-09-26,144.92999,33.29
2023-09-27,145.78,33.24
2023-09-28,147.59,33.48
2023-09-29,145.02,33.17
2023-10-02,143.77,32.89
2023-10-03,142.71001,32.37
2023-10-04,143.35001,32.61
2023-10-05,142.89999,32.76
2023-10-06,145.10001,33.04
2023-10-09,144.77,33.06
2023-10-10,145.64999,33.3
2023-10-11,146.14999,33.35
2023-10-12,145.81,33.14
2023-10-13,148.0,33.21
2023-10-16,147.85001,33.56
2023-10-17,147.53,33.72
2023-10-18,145.91,33.14
2023-10-19,145.28999,32.7
2023-10-20,142.95,32.2
2023-10-23,141.0,32.0
2023-10-24,141.17,32.22
2023-10-25,140.39999,32.1
2023-10-26,140.75999,32.03
2023-10-27,135.69,31.45
2023-10-30,137.42,32.01
2023-10-31,139.06,32.36
2023-11-01,138.94,32.57
2023-11-02,141.42,33.34
2023-11-03,143.0,33.78
2023-11-06,144.08,33.68
2023-11-07,144.00999,33.63
2023-11-08,144.72,33.67
2023-11-09,144.28999,33.53
2023-11-10,146.42999,33.91
2023-11-13,145.78,33.86
2023-11-14,148.44,34.5
2023-11-15,149.74001,34.69
2023-11-16,151.45,34.83
2023-11-17,152.82001,35.01
2023-11-20,153.28999,35.15
2023-11-21,152.97,35.13
2023-11-22,153.33,35.27
2023-11-24,153.53999,35.38
2023-11-27,153.19,35.26
2023-11-28,153.53999,35.25
2023-11-29,154.32001,35.5
2023-11-30,156.08,35.9
2023-12-01,156.84,36.17
2023-12-04,157.99001,36.13
2023-12-05,157.97,35.95
2023-12-06,156.31,35.77
2023-12-07,156.78999,35.94
2023-12-08,158.52,36.13
2023-12-11,159.10001,36.35
2023-12-12,160.52,36.61
2023-12-13,161.06,37.2
2023-12-14,163.99001,37.57
2023-12-15,165.23,37.35
2023-12-18,166.23,37.29
2023-12-19,168.45,37.57
2023-12-20,166.55,36.9
2023-12-21,167.5,37.26
2023-12-22,167.39999,37.34
2023-12-26,168.39,37.49
2023-12-27,169.39999,37.61
2023-12-28,170.3,37.72
2023-12-29,170.10001,37.6
