date,LAZ,KCE
2010-01-04,40.06,37.71
2010-01-05,41.02,37.94
2010-01-06,40.74,37.76
2010-01-07,40.66,37.94
2010-01-08,40.8,37.94
2010-01-11,40.44,37.91
2010-01-12,38.96,37.41
2010-01-13,39.6,37.74
2010-01-14,39.92,37.63
2010-01-15,39.83,37.12
2010-01-19,41.0,37.57
2010-01-20,40.22,37.51
2010-01-21,40.99,36.7964
2010-01-22,39.4,35.59
2010-01-25,39.02,35.86
2010-01-26,37.5,35.0634
2010-01-27,39.18,35.68
2010-01-28,39.45,35.18
2010-01-29,38.54,34.66
2010-02-01,38.69,35.13
2010-02-02,41.0,35.4
2010-02-03,39.89,35.22
2010-02-04,37.18,33.64
2010-02-05,37.24,34.15
2010-02-08,36.82,33.65
2010-02-09,36.35,33.97
2010-02-10,36.1,34.32
2010-02-11,36.28,34.46
2010-02-12,35.92,34.66
2010-02-16,36.57,35.14
2010-02-17,36.2,34.99
2010-02-18,36.2,35.01
2010-02-19,36.09,35.34
2010-02-22,35.83,35.36
2010-02-23,34.77,34.82
2010-02-24,34.24,35.14
2010-02-25,35.08,35.0
2010-02-26,35.93,35.31
2010-03-01,36.09,35.54
2010-03-02,37.56,35.84
2010-03-03,38.22,35.87
2010-03-04,38.27,36.35
2010-03-05,38.46,37.05
2010-03-08,38.81,37.32
2010-03-09,38.7,37.23
2010-03-10,36.95,37.33
2010-03-11,37.95,37.54
2010-03-12,37.22,37.44
2010-03-15,37.14,37.35
2010-03-16,37.59,37.62
2010-03-17,37.15,38.07
2010-03-18,37.08,37.95
2010-03-19,36.92,37.59
2010-03-22,36.62,37.58
2010-03-23,36.19,37.71
2010-03-24,36.47,37.51
2010-03-25,36.26,37.59
2010-03-26,35.67,37.36
2010-03-29,36.38,37.49
2010-03-30,35.82,37.41
2010-03-31,35.7,37.21
2010-04-01,36.15,37.58
2010-04-05,36.53,37.97
2010-04-06,36.75,38.3
2010-04-07,36.4,38.26
2010-04-08,36.9,38.38
2010-04-09,38.13,38.57
2010-04-12,38.78,38.85
2010-04-13,38.35,38.96
2010-04-14,38.76,39.75
2010-04-15,39.13,39.79
2010-04-16,38.35,38.49
2010-04-19,38.25,38.75
2010-04-20,38.75,38.78
2010-04-21,38.88,38.81
2010-04-22,38.33,39.06
2010-04-23,38.62,39.3
2010-04-26,38.21,38.81
2010-04-27,38.78,37.91
2010-04-28,39.23,38.06
2010-04-29,39.23,39.05
2010-04-30,38.66,38.38
2010-05-03,39.65,38.87
2010-05-04,38.48,37.7
2010-05-05,37.41,37.58
2010-05-06,37.01,36.25
2010-05-07,34.58,35.41
2010-05-10,36.35,36.99
2010-05-11,35.71,36.877
2010-05-12,36.13,37.19
2010-05-13,36.12,36.93
2010-05-14,35.0,36.08
2010-05-17,35.0,36.16
2010-05-18,34.52,35.21
2010-05-19,33.63,35.2
2010-05-20,31.89,33.71
2010-05-21,32.27,34.73
2010-05-24,31.4,33.86
2010-05-25,32.51,34.02
2010-05-26,32.01,33.81
2010-05-27,32.96,35.04
2010-05-28,31.54,34.47
2010-06-01,30.64,33.68
2010-06-02,31.51,34.67
2010-06-03,31.96,34.73
2010-06-04,31.56,33.61
2010-06-07,31.53,32.98
2010-06-08,31.28,33.1
2010-06-09,30.54,32.69
2010-06-10,32.02,33.69
2010-06-11,32.03,34.12
2010-06-14,30.9,33.79
2010-06-15,31.76,34.4
2010-06-16,31.97,34.36
2010-06-17,31.63,33.99
2010-06-18,31.73,33.92
2010-06-21,30.73,33.76
2010-06-22,30.66,33.39
2010-06-23,29.33,33.16
2010-06-24,28.32,32.45
2010-06-25,27.96,33.03
2010-06-28,28.95,32.95
2010-06-29,27.48,31.49
2010-06-30,26.71,31.07
2010-07-01,26.43,30.81
2010-07-02,26.5,30.59
2010-07-06,26.86,30.57
2010-07-07,27.74,31.72
2010-07-08,28.33,31.95
2010-07-09,29.33,32.4
2010-07-12,28.54,32.25
2010-07-13,29.5,33.06
2010-07-14,29.36,32.68
2010-07-15,29.07,32.77
2010-07-16,28.45,31.94
2010-07-19,28.77,32.1
2010-07-20,28.25,32.51
2010-07-21,28.5,32.16
2010-07-22,29.47,32.97
2010-07-23,29.54,33.24
2010-07-26,30.33,33.74
2010-07-27,30.19,33.6
2010-07-28,29.83,33.37
2010-07-29,30.07,33.61
2010-07-30,29.67,33.33
2010-08-02,30.52,34.18
2010-08-03,31.54,33.99
2010-08-04,32.71,34.55
2010-08-05,32.19,34.49
2010-08-06,32.5,34.2
2010-08-09,32.67,34.45
2010-08-10,32.32,33.9
2010-08-11,31.02,32.65
2010-08-12,31.2,32.49
2010-08-13,31.72,32.17
2010-08-16,31.05,32.08
2010-08-17,31.98,32.7
2010-08-18,31.8,32.68
2010-08-19,31.56,31.92
2010-08-20,32.72,32.1
2010-08-23,33.35,31.91
2010-08-24,32.41,31.2
2010-08-25,33.42,31.27
2010-08-26,32.17,30.85
2010-08-27,32.22,31.36
2010-08-30,30.97,30.5
2010-08-31,31.26,30.45
2010-09-01,32.7,31.56
2010-09-02,32.07,31.82
2010-09-03,33.34,32.74
2010-09-07,32.04,32.0534
2010-09-08,33.15,32.4
2010-09-09,32.42,32.81
2010-09-10,32.7,32.96
2010-09-13,34.22,33.75
2010-09-14,34.36,33.572
2010-09-15,34.32,33.64
2010-09-16,34.38,33.47
2010-09-17,35.88,33.42
2010-09-20,36.17,34.02
2010-09-21,35.71,33.56
2010-09-22,34.92,32.83
2010-09-23,34.6,32.29
2010-09-24,35.48,33.31
2010-09-27,35.07,33.05
2010-09-28,35.47,33.14
2010-09-29,35.48,32.92
2010-09-30,35.08,32.91
2010-10-01,35.16,33.23
2010-10-04,35.11,32.87
2010-10-05,36.35,33.89
2010-10-06,35.95,33.88
2010-10-07,35.69,33.61
2010-10-08,35.84,33.8118
2010-10-11,35.7,33.72
2010-10-12,35.84,34.01
2010-10-13,35.89,34.22
2010-10-14,34.98,33.97
2010-10-15,34.69,34.05
2010-10-18,35.19,34.74
2010-10-19,35.03,34.41
2010-10-20,35.28,34.78
2010-10-21,35.51,34.61
2010-10-22,35.5,34.73
2010-10-25,35.94,34.67
2010-10-26,36.24,34.7
2010-10-27,36.83,34.93
2010-10-28,37.52,35.02
2010-10-29,36.9,35.14
2010-11-01,36.37,35.09
2010-11-02,36.16,35.39
2010-11-03,36.25,35.64
2010-11-04,36.72,36.68
2010-11-05,37.91,37.46
2010-11-08,38.38,37.17
2010-11-09,37.56,36.7
2010-11-10,38.28,36.9
2010-11-11,37.56,36.76
2010-11-12,36.92,36.2
2010-11-15,37.26,36.38
2010-11-16,36.35,35.75
2010-11-17,36.32,35.68
2010-11-18,36.91,36.14
2010-11-19,37.03,36.14
2010-11-22,36.68,35.61
2010-11-23,35.75,35.02
2010-11-24,36.33,35.78
2010-11-26,35.95,35.55
2010-11-29,36.6,35.43
2010-11-30,35.81,35.17
2010-12-01,36.65,36.11
2010-12-02,37.56,37.35
2010-12-03,37.91,37.4
2010-12-06,38.18,37.56
2010-12-07,37.8,37.6
2010-12-08,38.03,37.99
2010-12-09,38.32,38.17
2010-12-10,38.57,38.32
2010-12-13,39.26,38.34
2010-12-14,39.1,38.09
2010-12-15,38.76,38.02
2010-12-16,39.26,38.21
2010-12-17,39.09,37.89
2010-12-20,38.73,37.9
2010-12-21,39.14,38.47
2010-12-22,39.25,38.75
2010-12-23,38.75,38.49
2010-12-27,39.49,38.75
2010-12-28,39.44,38.72
2010-12-29,39.46,38.54
2010-12-30,39.46,38.43
2010-12-31,39.49,38.39
2011-01-03,39.67,38.89
2011-01-04,39.42,38.52
2011-01-05,40.77,38.81
2011-01-06,41.56,38.89
2011-01-07,41.04,38.54
2011-01-10,41.56,38.75
2011-01-11,40.97,38.72
2011-01-12,42.08,39.49
2011-01-13,42.27,39.65
2011-01-14,42.68,40.06
2011-01-18,43.16,40.04
2011-01-19,41.72,38.93
2011-01-20,42.49,39.12
2011-01-21,43.6,39.41
2011-01-24,43.03,39.47
2011-01-25,42.48,39.14
2011-01-26,42.45,39.16
2011-01-27,41.7,39.53
2011-01-28,41.11,38.7
2011-01-31,41.72,38.99
2011-02-01,42.76,39.66
2011-02-02,44.25,39.64
2011-02-03,45.35,39.38
2011-02-04,45.0,39.48
2011-02-07,45.1,40.05
2011-02-08,44.6,40.04
2011-02-09,45.26,40.18
2011-02-10,45.0,40.48
2011-02-11,44.52,40.84
2011-02-14,44.8,40.98
2011-02-15,45.55,40.89
2011-02-16,45.95,41.2
2011-02-17,45.68,41.32
2011-02-18,45.46,41.4
2011-02-22,43.8,40.01
2011-02-23,42.94,39.65
2011-02-24,42.72,39.66
2011-02-25,43.56,40.36
2011-02-28,44.0,40.36
2011-03-01,43.89,39.66
2011-03-02,43.62,39.68
2011-03-03,45.0,40.41
2011-03-04,44.12,39.82
2011-03-07,43.16,39.59
2011-03-08,43.67,40.05
2011-03-09,43.36,39.75
2011-03-10,42.53,38.81
2011-03-11,43.0,38.98
2011-03-14,42.25,38.62
2011-03-15,41.42,38.05
2011-03-16,39.52,37.33
2011-03-17,39.71,37.62
2011-03-18,40.78,37.98
2011-03-21,41.75,38.75
2011-03-22,42.1,38.69
2011-03-23,42.46,38.802
2011-03-24,42.4,39.08
2011-03-25,43.61,39.11
2011-03-28,43.15,38.9
2011-03-29,42.34,38.955
2011-03-30,41.95,39.39
2011-03-31,41.58,39.39
2011-04-01,42.03,40.075
2011-04-04,41.83,39.88
2011-04-05,42.52,39.88
2011-04-06,43.25,40.315
2011-04-07,43.34,40.115
2011-04-08,42.81,39.84
2011-04-11,42.25,39.66
2011-04-12,41.78,39.4
2011-04-13,42.01,39.245
2011-04-14,41.8,39.09
2011-04-15,41.47,39.36
2011-04-18,40.67,38.67
2011-04-19,40.2,38.48
2011-04-20,41.78,39.11
2011-04-21,41.58,39.34
2011-04-25,41.32,38.99
2011-04-26,41.11,39.31
2011-04-27,41.03,39.29
2011-04-28,40.86,39.16
2011-04-29,41.0,39.127
2011-05-02,41.72,39.07
2011-05-03,41.75,38.66
2011-05-04,40.83,38.28
2011-05-05,39.81,37.92
2011-05-06,39.96,38.15
2011-05-09,39.21,38.14
2011-05-10,39.93,38.57
2011-05-11,39.52,38.0
2011-05-12,39.76,38.03
2011-05-13,39.65,37.52
2011-05-16,39.54,37.07
2011-05-17,38.29,36.79
2011-05-18,38.4,37.36
2011-05-19,38.5,37.42
2011-05-20,38.42,37.08
2011-05-23,37.19,36.48
2011-05-24,37.57,36.34
2011-05-25,38.43,36.42
2011-05-26,38.21,36.44
2011-05-27,39.07,36.76
2011-05-31,38.95,37.27
2011-06-01,37.23,35.7168
2011-06-02,37.31,35.7
2011-06-03,36.5,35.24
2011-06-06,36.0,34.63
2011-06-07,36.02,34.65
2011-06-08,35.42,34.198
2011-06-09,36.27,34.75
2011-06-10,36.15,34.44
2011-06-13,35.71,34.56
2011-06-14,36.61,35.02
2011-06-15,36.2,34.41
2011-06-16,36.11,34.42
2011-06-17,36.91,34.66
2011-06-20,37.21,34.71
2011-06-21,38.06,35.21
2011-06-22,37.44,34.86
2011-06-23,37.11,34.46
2011-06-24,35.73,33.95
2011-06-27,35.65,34.31
2011-06-28,35.56,34.46
2011-06-29,37.11,35.32
2011-06-30,37.1,35.47
2011-07-01,37.98,36.15
2011-07-05,37.29,35.85
2011-07-06,36.45,35.59
2011-07-07,36.7,36.3
2011-07-08,36.5,35.76
2011-07-11,34.95,34.53
2011-07-12,33.67,34.45
2011-07-13,34.22,34.56
2011-07-14,34.03,34.19
2011-07-15,33.76,34.05
2011-07-18,33.42,33.52
2011-07-19,33.93,33.85
2011-07-20,35.46,34.34
2011-07-21,36.5,35.38
2011-07-22,36.6,35.24
2011-07-25,36.17,35.04
2011-07-26,36.12,34.97
2011-07-27,34.7,33.78
2011-07-28,34.52,33.83
2011-07-29,33.6,33.75
2011-08-01,33.37,33.66
2011-08-02,31.64,32.54
2011-08-03,32.32,32.82
2011-08-04,30.3,30.94
2011-08-05,29.47,30.6
2011-08-08,26.1,27.82
2011-08-09,29.37,29.65
2011-08-10,27.77,27.53
2011-08-11,28.25,29.51
2011-08-12,27.86,28.95
2011-08-15,28.96,29.7
2011-08-16,28.93,29.07
2011-08-17,28.89,29.09
2011-08-18,27.29,27.38
2011-08-19,26.0,26.88
2011-08-22,25.95,26.845
2011-08-23,27.03,27.93
2011-08-24,27.81,28.62
2011-08-25,26.96,28.01
2011-08-26,27.73,28.48
2011-08-29,29.34,29.79
2011-08-30,29.17,29.63
2011-08-31,29.17,29.82
2011-09-01,28.37,29.04
2011-09-02,27.16,27.88
2011-09-06,26.45,27.41
2011-09-07,27.16,28.73
2011-09-08,25.8,27.9
2011-09-09,24.48,27.2
2011-09-12,24.22,27.45
2011-09-13,24.13,27.86
2011-09-14,25.43,28.32
2011-09-15,26.17,29.34
2011-09-16,26.0,29.19
2011-09-19,25.39,28.15
2011-09-20,24.74,27.91
2011-09-21,23.92,26.76
2011-09-22,22.94,25.9
2011-09-23,23.83,26.22
2011-09-26,23.38,26.97
2011-09-27,24.34,27.51
2011-09-28,22.61,26.37
2011-09-29,22.4,27.11
2011-09-30,21.1,25.77
2011-10-03,19.65,24.47
2011-10-04,21.12,25.97
2011-10-05,22.19,26.47
2011-10-06,23.16,27.15
2011-10-07,22.47,26.18
2011-10-10,23.71,27.57
2011-10-11,23.44,27.44
2011-10-12,24.82,28.1
2011-10-13,24.36,27.71
2011-10-14,24.34,27.97
2011-10-17,23.34,27.33
2011-10-18,24.26,28.53
2011-10-19,23.52,27.87
2011-10-20,24.06,28.31
2011-10-21,25.36,28.88
2011-10-24,25.34,29.77
2011-10-25,23.87,28.33
2011-10-26,24.78,28.84
2011-10-27,28.89,31.27
2011-10-28,28.22,31.14
2011-10-31,27.34,29.68
2011-11-01,25.81,28.1
2011-11-02,27.13,29.01
2011-11-03,28.1,29.74
2011-11-04,27.77,29.43
2011-11-07,27.24,29.54
2011-11-08,27.26,29.97
2011-11-09,25.17,28.25
2011-11-10,25.46,28.45
2011-11-11,25.58,29.13
2011-11-14,25.16,28.56
2011-11-15,25.0,28.84
2011-11-16,24.34,28.04
2011-11-17,23.94,27.56
2011-11-18,24.42,27.59
2011-11-21,23.81,27.03
2011-11-22,23.36,26.56
2011-11-23,22.79,25.92
2011-11-25,22.56,25.85
2011-11-28,23.82,26.93
2011-11-29,24.15,26.76
2011-11-30,25.82,28.63
2011-12-01,25.35,28.23
2011-12-02,25.27,28.62
2011-12-05,25.22,29.16
2011-12-06,24.91,29.19
2011-12-07,25.31,29.48
2011-12-08,24.06,28.23
2011-12-09,24.05,28.96
2011-12-12,22.96,28.16
2011-12-13,22.8,27.7
2011-12-14,21.72,27.16
2011-12-15,22.92,27.25
2011-12-16,23.37,26.9
2011-12-19,23.01,26.26
2011-12-20,23.74,27.5
2011-12-21,24.52,27.58
2011-12-22,25.81,28.08
2011-12-23,26.25,28.2503
2011-12-27,25.97,28.28
2011-12-28,25.56,27.53
2011-12-29,25.81,28.03
2011-12-30,26.11,27.95
2012-01-03,27.03,28.78
2012-01-04,26.86,28.67
2012-01-05,26.85,28.94
2012-01-06,27.39,28.96
2012-01-09,27.48,29.07
2012-01-10,28.19,29.81
2012-01-11,27.53,29.77
2012-01-12,27.03,29.96
2012-01-13,26.28,29.737
2012-01-17,26.45,29.61
2012-01-18,26.81,30.01
2012-01-19,27.29,30.9
2012-01-20,27.83,31.14
2012-01-23,27.84,31.24
2012-01-24,27.74,31.16
2012-01-25,27.73,31.07
2012-01-26,28.25,31.06
2012-01-27,28.24,31.07
2012-01-30,28.09,30.7
2012-01-31,28.72,30.661
2012-02-01,29.73,31.3677
2012-02-02,28.77,31.44
2012-02-03,28.89,32.39
2012-02-06,27.67,32.3
2012-02-07,26.97,32.24
2012-02-08,27.4,32.05
2012-02-09,27.57,32.099
2012-02-10,27.39,31.753
2012-02-13,27.34,31.99
2012-02-14,27.32,31.76
2012-02-15,27.89,31.69
2012-02-16,28.8,31.89
2012-02-17,29.91,32.56
2012-02-21,29.96,32.47
2012-02-22,30.0,32.289
2012-02-23,30.38,32.572
2012-02-24,30.33,32.608
2012-02-27,30.56,32.69
2012-02-28,30.86,32.9
2012-02-29,30.46,32.74
2012-03-01,30.74,33.11
2012-03-02,30.42,32.75
2012-03-05,30.09,32.5
2012-03-06,29.51,31.73
2012-03-07,30.0,32.23
2012-03-08,30.5,32.53
2012-03-09,30.57,32.96
2012-03-12,30.28,32.79
2012-03-13,30.84,33.9111
2012-03-14,31.03,33.81
2012-03-15,30.14,34.47
2012-03-16,30.05,34.26
2012-03-19,30.16,34.52
2012-03-20,29.98,34.45
2012-03-21,29.9,34.41
2012-03-22,29.27,33.89
2012-03-23,29.55,34.24
2012-03-26,29.48,34.78
2012-03-27,29.24,34.47
2012-03-28,29.06,34.18
2012-03-29,28.34,33.8
2012-03-30,28.56,34.01
2012-04-02,29.02,34.32
2012-04-03,29.23,34.3
2012-04-04,28.15,33.64
2012-04-05,27.62,33.54
2012-04-09,26.94,32.89
2012-04-10,26.49,32.01
2012-04-11,26.48,32.32
2012-04-12,27.51,33.02
2012-04-13,26.81,32.09
2012-04-16,26.39,32.19
2012-04-17,26.27,32.68
2012-04-18,25.87,32.32
2012-04-19,25.79,32.24
2012-04-20,25.71,32.25
2012-04-23,25.64,31.91
2012-04-24,25.51,32.0529
2012-04-25,26.46,32.57
2012-04-26,26.78,32.92
2012-04-27,27.6,33.03
2012-04-30,27.51,32.92
2012-05-01,27.35,32.94
2012-05-02,26.74,32.58
2012-05-03,25.9,32.13
2012-05-04,25.62,31.69
2012-05-07,26.04,31.75
2012-05-08,25.71,31.54
2012-05-09,25.31,31.27
2012-05-10,25.41,31.23
2012-05-11,25.0,31.13
2012-05-14,24.34,30.55
2012-05-15,24.08,30.33
2012-05-16,23.18,30.0
2012-05-17,23.24,29.48
2012-05-18,22.91,29.0
2012-05-21,23.28,29.54
2012-05-22,23.3,29.56
2012-05-23,23.19,29.67
2012-05-24,23.16,29.79
2012-05-25,23.1,29.79
2012-05-29,23.39,30.27
2012-05-30,23.02,29.75
2012-05-31,23.06,29.83
2012-06-01,22.77,28.79
2012-06-04,22.33,28.5
2012-06-05,22.79,28.8748
2012-06-06,23.82,29.82
2012-06-07,23.32,30.171
2012-06-08,23.26,30.11
2012-06-11,22.81,29.71
2012-06-12,22.96,29.92
2012-06-13,22.84,29.79
2012-06-14,22.94,30.09
2012-06-15,23.09,30.3
2012-06-18,24.25,30.19
2012-06-19,25.86,30.77
2012-06-20,25.77,30.7
2012-06-21,25.23,29.92
2012-06-22,25.16,30.21
2012-06-25,24.54,29.42
2012-06-26,24.93,29.6
2012-06-27,25.5,29.98
2012-06-28,25.3,30.1
2012-06-29,25.99,30.95
2012-07-02,26.83,31.25
2012-07-03,26.76,31.48
2012-07-05,26.31,31.19
2012-07-06,26.16,30.86
2012-07-09,25.52,30.57
2012-07-10,25.17,30.46
2012-07-11,24.86,30.44
2012-07-12,24.47,30.14
2012-07-13,25.09,30.87
2012-07-16,24.79,30.85
2012-07-17,24.86,30.88
2012-07-18,24.83,30.86
2012-07-19,25.04,30.52
2012-07-20,24.72,29.91
2012-07-23,24.28,29.58
2012-07-24,24.06,29.25
2012-07-25,24.4,29.33
2012-07-26,25.64,29.71
2012-07-27,26.64,30.47
2012-07-30,26.85,30.44
2012-07-31,26.85,30.24
2012-08-01,26.9,29.77
2012-08-02,26.7,29.19
2012-08-03,27.0,30.23
2012-08-06,26.93,30.25
2012-08-07,28.19,30.8452
2012-08-08,27.96,30.7
2012-08-09,28.3,30.921
2012-08-10,28.22,30.96
2012-08-13,28.42,30.98
2012-08-14,28.55,30.92
2012-08-15,28.59,31.07
2012-08-16,28.64,31.38
2012-08-17,28.89,31.46
2012-08-20,29.0,31.5
2012-08-21,29.0,31.61
2012-08-22,28.79,31.53
2012-08-23,28.44,31.24
2012-08-24,28.51,31.41
2012-08-27,28.56,31.23
2012-08-28,28.57,31.48
2012-08-29,28.41,31.61
2012-08-30,28.13,31.42
2012-08-31,28.49,31.58
2012-09-04,28.65,31.85
2012-09-05,28.64,31.84
2012-09-06,29.65,32.59
2012-09-07,29.84,32.93
2012-09-10,29.82,32.8
2012-09-11,30.02,32.92
2012-09-12,29.77,33.18
2012-09-13,30.69,33.77
2012-09-14,30.98,34.14
2012-09-17,30.76,33.89
2012-09-18,30.84,33.681
2012-09-19,30.7,33.61
2012-09-20,30.0,33.28
2012-09-21,30.19,33.21
2012-09-24,30.21,32.98
2012-09-25,29.01,32.3
2012-09-26,28.7,32.0965
2012-09-27,29.13,32.47
2012-09-28,29.23,32.34
2012-10-01,29.68,32.531
2012-10-02,29.82,32.45
2012-10-03,30.04,32.51
2012-10-04,30.2,32.88
2012-10-05,30.48,33.27
2012-10-08,30.42,32.873
2012-10-09,29.41,32.6334
2012-10-10,28.89,32.47
2012-10-11,28.85,32.66
2012-10-12,28.18,32.21
2012-10-15,28.52,32.5
2012-10-16,28.8,32.95
2012-10-17,29.07,33.565
2012-10-18,29.05,33.34
2012-10-19,28.64,32.74
2012-10-22,28.79,32.553
2012-10-23,28.71,32.24
2012-10-24,28.28,32.33
2012-10-25,29.14,32.59
2012-10-26,28.78,32.67
2012-10-31,29.46,32.809
2012-11-01,30.17,33.45
2012-11-02,30.03,33.11
2012-11-05,30.12,33.3104
2012-11-06,29.98,33.54
2012-11-07,28.62,32.43
2012-11-08,28.15,32.25
2012-11-09,27.97,32.201
2012-11-12,27.9,32.361
2012-11-13,27.58,32.12
2012-11-14,26.69,31.29
2012-11-15,27.33,31.64
2012-11-16,27.5,31.69
2012-11-19,28.41,32.52
2012-11-20,28.16,32.68
2012-11-21,28.26,32.66
2012-11-23,28.76,32.882
2012-11-26,29.01,32.978
2012-11-27,29.36,32.97
2012-11-28,29.55,33.1499
2012-11-29,29.44,33.23
2012-11-30,29.45,33.13
2012-12-03,29.62,33.2
2012-12-04,29.52,33.01
2012-12-05,29.88,33.1835
2012-12-06,30.42,33.23
2012-12-07,30.72,33.3466
2012-12-10,30.46,33.21
2012-12-11,30.78,33.642
2012-12-12,30.37,33.6725
2012-12-13,30.32,33.52
2012-12-14,29.86,33.56
2012-12-17,30.13,34.29
2012-12-18,31.08,34.78
2012-12-19,31.49,34.942
2012-12-20,30.93,35.11
2012-12-21,30.76,34.2
2012-12-24,30.39,34.11
2012-12-26,30.13,33.93
2012-12-27,30.25,33.69
2012-12-28,29.78,33.61
2012-12-31,29.84,34.11
2013-01-02,31.27,35.1301
2013-01-03,31.8,35.1399
2013-01-04,32.93,35.732
2013-01-07,32.86,35.7848
2013-01-08,33.25,35.56
2013-01-09,33.48,35.73
2013-01-10,33.96,36.08
2013-01-11,33.89,36.26
2013-01-14,33.77,36.17
2013-01-15,33.91,36.26
2013-01-16,33.67,36.12
2013-01-17,34.01,36.4799
2013-01-18,33.98,36.86
2013-01-22,34.76,37.27
2013-01-23,34.72,37.17
2013-01-24,34.94,37.16
2013-01-25,35.16,37.44
2013-01-28,35.4,37.44
2013-01-29,34.71,37.8
2013-01-30,34.72,37.79
2013-01-31,34.65,37.94
2013-02-01,35.66,38.31
2013-02-04,35.73,37.964
2013-02-05,35.97,38.3899
2013-02-06,36.68,38.54
2013-02-07,37.55,38.44
2013-02-08,37.37,38.65
2013-02-11,36.5,38.74
2013-02-12,36.56,39.0134
2013-02-13,36.75,39.16
2013-02-14,37.45,39.47
2013-02-15,37.6,39.42
2013-02-19,37.62,39.78
2013-02-20,36.71,38.9868
2013-02-21,35.34,38.19
2013-02-22,36.03,38.8
2013-02-25,35.46,37.94
2013-02-26,35.38,38.0
2013-02-27,36.01,38.59
2013-02-28,35.9,38.52
2013-03-01,36.0,38.39
2013-03-04,35.88,38.75
2013-03-05,36.33,39.24
2013-03-06,36.64,39.4726
2013-03-07,36.67,39.72
2013-03-08,36.78,39.96
2013-03-11,36.69,40.15
2013-03-12,36.11,39.93
2013-03-13,36.32,40.3
2013-03-14,36.03,40.43
2013-03-15,35.68,40.18
2013-03-18,35.12,39.7359
2013-03-19,34.79,39.18
2013-03-20,35.7,39.64
2013-03-21,34.59,39.0599
2013-03-22,33.92,39.04
2013-03-25,33.23,38.9
2013-03-26,33.82,39.12
2013-03-27,33.63,39.0919
2013-03-28,34.13,39.27
2013-04-01,33.8,38.67
2013-04-02,34.01,38.96
2013-04-03,33.49,37.9431
2013-04-04,33.35,38.15
2013-04-05,32.91,37.94
2013-04-08,32.96,38.38
2013-04-09,33.29,38.52
2013-04-10,34.77,39.4
2013-04-11,34.43,39.49
2013-04-12,34.05,39.14
2013-04-15,33.52,37.87
2013-04-16,33.75,38.3
2013-04-17,32.29,37.49
2013-04-18,31.62,36.86
2013-04-19,32.22,37.34
2013-04-22,32.48,37.58
2013-04-23,33.43,38.3
2013-04-24,33.64,38.31
2013-04-25,33.16,38.39
2013-04-26,33.3,38.3
2013-04-29,33.03,38.66
2013-04-30,33.9,39.1
2013-05-01,32.29,38.2
2013-05-02,32.65,38.72
2013-05-03,32.68,39.37
2013-05-06,32.66,39.67
2013-05-07,32.75,39.839
2013-05-08,33.24,40.21
2013-05-09,34.05,40.12
2013-05-10,34.56,40.35
2013-05-13,34.28,40.62
2013-05-14,34.92,41.49
2013-05-15,34.6,41.71
2013-05-16,34.12,41.87
2013-05-17,34.42,42.29
2013-05-20,34.18,42.3552
2013-05-21,34.17,42.26
2013-05-22,33.93,41.52
2013-05-23,33.75,41.26
2013-05-24,33.23,41.23
2013-05-28,34.48,42.14
2013-05-29,34.3,41.9636
2013-05-30,34.54,42.36
2013-05-31,33.88,41.7
2013-06-03,33.18,41.33
2013-06-04,33.18,41.23
2013-06-05,32.66,40.15
2013-06-06,33.46,40.84
2013-06-07,33.97,41.74
2013-06-10,33.62,41.789
2013-06-11,32.41,40.98
2013-06-12,32.11,40.42
2013-06-13,33.03,41.35
2013-06-14,33.26,40.89
2013-06-17,35.38,41.7
2013-06-18,35.23,41.99
2013-06-19,34.4,41.35
2013-06-20,33.17,39.99
2013-06-21,33.04,39.53
2013-06-24,32.02,38.61
2013-06-25,31.65,39.34
2013-06-26,31.68,39.55
2013-06-27,32.89,40.292
2013-06-28,32.15,39.96
2013-07-01,31.82,40.25
2013-07-02,31.03,40.19
2013-07-03,31.14,39.97
2013-07-05,31.98,40.7
2013-07-08,32.38,40.97
2013-07-09,32.62,41.43
2013-07-10,32.26,41.4
2013-07-11,32.46,41.89
2013-07-12,32.55,42.14
2013-07-15,32.75,42.54
2013-07-16,32.64,42.03
2013-07-17,32.63,42.11
2013-07-18,33.38,42.75
2013-07-19,33.0,42.78
2013-07-22,33.77,43.14
2013-07-23,34.08,43.33
2013-07-24,34.53,42.88
2013-07-25,36.31,43.33
2013-07-26,36.72,43.35
2013-07-29,35.81,42.89
2013-07-30,36.01,43.1
2013-07-31,36.36,43.26
2013-08-01,36.62,44.12
2013-08-02,36.14,44.14
2013-08-05,36.06,44.07
2013-08-06,35.93,43.59
2013-08-07,36.11,43.23
2013-08-08,37.06,43.35
2013-08-09,36.69,43.37
2013-08-12,36.5,43.02
2013-08-13,36.85,43.3801
2013-08-14,36.11,43.206
2013-08-15,36.03,42.4
2013-08-16,36.36,42.44
2013-08-19,35.81,41.81
2013-08-20,35.85,42.36
2013-08-21,35.49,42.02
2013-08-22,35.38,42.61
2013-08-23,35.2,42.63
2013-08-26,35.01,42.55
2013-08-27,33.87,41.29
2013-08-28,34.74,41.33
2013-08-29,35.24,41.78
2013-08-30,35.42,41.24
2013-09-03,35.72,41.53
2013-09-04,36.6,42.21
2013-09-05,36.14,42.3
2013-09-06,36.79,42.49
2013-09-09,37.03,42.93
2013-09-10,37.58,43.69
2013-09-11,37.35,43.51
2013-09-12,37.26,43.23
2013-09-13,37.98,43.4059
2013-09-16,38.79,43.81
2013-09-17,39.18,44.2
2013-09-18,38.85,44.26
2013-09-19,38.33,44.13
2013-09-20,38.01,43.54
2013-09-23,37.15,43.15
2013-09-24,37.6,43.05
2013-09-25,36.76,43.09
2013-09-26,36.45,43.04
2013-09-27,36.58,42.98
2013-09-30,36.02,42.7
2013-10-01,36.4,43.1052
2013-10-02,36.0,42.6945
2013-10-03,36.15,42.35
2013-10-04,36.03,42.78
2013-10-07,36.25,42.17
2013-10-08,35.48,41.33
2013-10-09,35.54,41.63
2013-10-10,36.4,42.79
2013-10-11,37.41,43.2
2013-10-14,37.37,43.4
2013-10-15,37.24,43.18
2013-10-16,37.99,43.7703
2013-10-17,38.71,44.39
2013-10-18,39.09,44.89
2013-10-21,38.47,44.82
2013-10-22,38.27,44.85
2013-10-23,37.69,44.76
2013-10-24,39.71,45.24
2013-10-25,40.0,45.59
2013-10-28,39.39,45.58
2013-10-29,39.18,45.94
2013-10-30,38.8,45.68
2013-10-31,38.65,45.41
2013-11-01,39.05,45.3601
2013-11-04,38.99,45.57
2013-11-05,39.43,45.52
2013-11-06,40.36,45.9
2013-11-07,40.1,44.96
2013-11-08,40.93,46.14
2013-11-11,40.51,46.36
2013-11-12,40.55,46.03
2013-11-13,40.67,46.52
2013-11-14,40.68,46.73
2013-11-15,40.94,46.85
2013-11-18,41.26,46.9247
2013-11-19,41.21,46.57
2013-11-20,41.81,46.7
2013-11-21,41.99,47.43
2013-11-22,42.37,47.76
2013-11-25,42.51,47.85
2013-11-26,41.71,47.93
2013-11-27,41.6,48.04
2013-11-29,41.73,48.1399
2013-12-02,41.06,47.86
2013-12-03,41.55,47.5
2013-12-04,41.22,47.56
2013-12-05,41.22,47.25
2013-12-06,41.77,47.99
2013-12-09,42.87,48.18
2013-12-10,42.3,47.99
2013-12-11,42.89,47.34
2013-12-12,42.04,47.33
2013-12-13,42.64,47.51
2013-12-16,42.83,48.3
2013-12-17,43.01,48.13
2013-12-18,43.49,49.47
2013-12-19,43.86,49.15
2013-12-20,44.58,49.48
2013-12-23,44.72,49.89
2013-12-24,44.9,49.97
2013-12-26,44.93,50.1
2013-12-27,44.97,49.91
2013-12-30,45.05,49.78
2013-12-31,45.32,50.1
2014-01-02,44.77,49.54
2014-01-03,45.2,50.02
2014-01-06,45.11,49.94
2014-01-07,45.35,50.33
2014-01-08,45.41,50.23
2014-01-09,45.06,50.2699
2014-01-10,45.15,50.18
2014-01-13,44.7,49.35
2014-01-14,45.79,49.86
2014-01-15,47.0,50.61
2014-01-16,47.24,50.61
2014-01-17,47.05,50.5
2014-01-21,47.22,50.82
2014-01-22,46.95,51.22
2014-01-23,46.15,50.21
2014-01-24,43.74,48.45
2014-01-27,42.55,47.43
2014-01-28,43.63,48.19
2014-01-29,42.41,47.25
2014-01-30,42.67,47.87
2014-01-31,42.76,47.28
2014-02-03,41.37,45.43
2014-02-04,42.99,46.27
2014-02-05,43.49,45.77
2014-02-06,43.48,46.32
2014-02-07,43.55,46.99
2014-02-10,43.24,47.2878
2014-02-11,43.0,47.67
2014-02-12,42.89,47.95
2014-02-13,44.16,48.34
2014-02-14,44.35,48.05
2014-02-18,45.15,48.57
2014-02-19,44.78,47.81
2014-02-20,44.46,48.13
2014-02-21,44.09,48.09
2014-02-24,44.13,48.67
2014-02-25,44.1,48.07
2014-02-26,43.62,47.87
2014-02-27,44.9,48.2936
2014-02-28,44.99,48.4
2014-03-03,44.23,47.76
2014-03-04,46.11,49.06
2014-03-05,46.35,49.035
2014-03-06,46.12,49.27
2014-03-07,45.81,49.329
2014-03-10,46.69,49.39
2014-03-11,46.55,48.8524
2014-03-12,46.61,48.89
2014-03-13,46.0,48.3401
2014-03-14,45.46,48.08
2014-03-17,45.99,48.68
2014-03-18,45.93,49.075
2014-03-19,45.46,48.81
2014-03-20,46.38,49.94
2014-03-21,46.2,49.3
2014-03-24,45.73,49.18
2014-03-25,46.13,48.951
2014-03-26,46.74,48.63
2014-03-27,45.73,48.0499
2014-03-28,45.8,48.18
2014-03-31,47.09,49.02
2014-04-01,48.31,49.486
2014-04-02,49.0,49.879
2014-04-03,48.44,49.17
2014-04-04,46.82,47.6
2014-04-07,46.31,46.53
2014-04-08,46.26,46.71
2014-04-09,47.65,47.25
2014-04-10,45.86,45.9201
2014-04-11,44.2,45.03
2014-04-14,44.78,45.3101
2014-04-15,44.24,45.64
2014-04-16,44.98,46.45
2014-04-17,45.8,46.85
2014-04-21,45.69,46.8
2014-04-22,47.31,47.51
2014-04-23,47.79,47.57
2014-04-24,49.01,47.38
2014-04-25,47.37,46.58
2014-04-28,46.42,46.06
2014-04-29,47.24,46.7
2014-04-30,47.05,47.2
2014-05-01,48.99,47.18
2014-05-02,50.11,47.32
2014-05-05,50.15,47.15
2014-05-06,48.64,46.27
2014-05-07,49.36,46.81
2014-05-08,48.9,46.82
2014-05-09,48.77,46.76
2014-05-12,49.65,47.85
2014-05-13,50.08,47.49
2014-05-14,49.42,46.8
2014-05-15,48.23,45.58
2014-05-16,49.02,45.62
2014-05-19,50.17,46.2
2014-05-20,49.08,45.48
2014-05-21,49.78,46.18
2014-05-22,49.94,46.54
2014-05-23,49.97,46.78
2014-05-27,50.61,47.17
2014-05-28,50.7,46.93
2014-05-29,50.29,47.04
2014-05-30,50.5,46.92
2014-06-02,51.05,47.01
2014-06-03,51.4,47.16
2014-06-04,51.44,47.61
2014-06-05,50.97,48.12
2014-06-06,51.51,48.67
2014-06-09,51.25,48.9
2014-06-10,51.79,48.53
2014-06-11,51.39,48.09
2014-06-12,51.19,47.89
2014-06-13,51.0,47.89
2014-06-16,51.62,47.9
2014-06-17,52.39,48.84
2014-06-18,52.27,49.15
2014-06-19,51.9,48.86
2014-06-20,52.49,49.17
2014-06-23,52.36,49.24
2014-06-24,51.38,48.6
2014-06-25,51.89,48.93
2014-06-26,50.28,48.7
2014-06-27,50.45,48.91
2014-06-30,51.56,49.23
2014-07-01,51.34,49.48
2014-07-02,51.43,49.2
2014-07-03,51.68,49.75
2014-07-07,51.29,49.29
2014-07-08,50.38,48.4899
2014-07-09,51.05,48.38
2014-07-10,51.15,47.86
2014-07-11,50.89,47.94
2014-07-14,51.11,48.166
2014-07-15,50.95,48.14
2014-07-16,51.23,48.08
2014-07-17,50.72,47.686
2014-07-18,51.35,48.21
2014-07-21,50.9,48.07
2014-07-22,51.24,48.44
2014-07-23,50.88,48.54
2014-07-24,52.32,48.899
2014-07-25,53.13,48.44
2014-07-28,53.63,48.47
2014-07-29,53.49,48.96
2014-07-30,53.83,48.95
2014-07-31,52.3,47.645
2014-08-01,51.11,47.21
2014-08-04,52.6,47.23
2014-08-05,52.1,46.83
2014-08-06,50.99,47.237
2014-08-07,49.91,46.81
2014-08-08,50.11,47.35
2014-08-11,50.76,47.59
2014-08-12,50.94,47.42
2014-08-13,50.95,47.68
2014-08-14,51.27,47.77
2014-08-15,51.76,47.61
2014-08-18,52.07,48.226
2014-08-19,52.88,48.19
2014-08-20,53.56,48.54
2014-08-21,53.96,48.83
2014-08-22,53.62,48.964
2014-08-25,53.97,49.45
2014-08-26,53.92,49.94
2014-08-27,53.64,49.39
2014-08-28,54.08,49.2
2014-08-29,54.66,49.452
2014-09-02,54.68,49.76
2014-09-03,54.26,49.6352
2014-09-04,54.12,49.239
2014-09-05,54.22,49.228
2014-09-08,54.24,49.41
2014-09-09,54.28,48.87
2014-09-10,54.31,49.23
2014-09-11,53.79,49.238
2014-09-12,53.86,49.35
2014-09-15,53.7,48.88
2014-09-16,54.24,49.05
2014-09-17,54.96,49.482
2014-09-18,54.86,49.94
2014-09-19,54.03,49.152
2014-09-22,52.87,48.46
2014-09-23,51.42,48.12
2014-09-24,51.17,48.32
2014-09-25,51.37,47.71
2014-09-26,51.34,48.69
2014-09-29,50.4,48.265
2014-09-30,50.7,48.0
2014-10-01,49.6,47.19
2014-10-02,50.33,47.5
2014-10-03,50.66,47.9439
2014-10-06,51.11,47.789
2014-10-07,49.93,46.63
2014-10-08,50.89,47.52
2014-10-09,49.28,46.03
2014-10-10,47.82,45.206
2014-10-13,46.66,44.873
2014-10-14,46.52,44.509
2014-10-15,45.67,44.66
2014-10-16,46.58,45.04
2014-10-17,47.49,45.46
2014-10-20,47.75,45.628
2014-10-21,49.19,46.66
2014-10-22,48.71,45.92
2014-10-23,48.93,46.6
2014-10-24,49.25,46.96
2014-10-27,48.78,46.8999
2014-10-28,49.94,47.6
2014-10-29,50.09,47.85
2014-10-30,48.83,47.9
2014-10-31,49.21,48.94
2014-11-03,48.97,48.8
2014-11-04,48.98,48.6999
2014-11-05,50.09,49.11
2014-11-06,50.03,49.1099
2014-11-07,49.3,49.08
2014-11-10,49.36,49.2
2014-11-11,49.28,49.34
2014-11-12,49.82,49.51
2014-11-13,50.4,49.53
2014-11-14,49.93,49.27
2014-11-17,48.1,48.91
2014-11-18,49.38,49.18
2014-11-19,48.83,48.9299
2014-11-20,49.43,49.02
2014-11-21,51.21,49.3
2014-11-24,50.91,49.54
2014-11-25,50.61,49.71
2014-11-26,50.58,49.642
2014-11-28,51.52,49.49
2014-12-01,50.1,48.97
2014-12-02,50.59,49.36
2014-12-03,50.91,49.9
2014-12-04,51.04,49.88
2014-12-05,51.29,50.59
2014-12-08,52.59,50.748
2014-12-09,51.8,50.8201
2014-12-10,50.27,49.73
2014-12-11,49.79,49.8
2014-12-12,48.43,48.42
2014-12-15,48.03,48.15
2014-12-16,47.09,47.64
2014-12-17,48.19,49.4139
2014-12-18,49.96,50.39
2014-12-19,50.01,50.5
2014-12-22,50.35,50.4
2014-12-23,51.32,50.97
2014-12-24,50.95,51.0437
2014-12-26,50.82,51.11
2014-12-29,50.3,51.0
2014-12-30,49.87,50.91
2014-12-31,50.03,50.86
2015-01-02,50.13,50.46
2015-01-05,48.62,49.18
2015-01-06,46.43,48.07
2015-01-07,47.98,48.74
2015-01-08,48.76,49.25
2015-01-09,47.44,48.82
2015-01-12,46.8,48.13
2015-01-13,46.71,48.16
2015-01-14,45.59,47.3402
2015-01-15,43.96,46.75
2015-01-16,43.55,46.39
2015-01-20,44.29,46.4296
2015-01-21,44.49,46.69
2015-01-22,46.63,48.15
2015-01-23,46.89,47.96
2015-01-26,47.93,48.37
2015-01-27,47.75,47.88
2015-01-28,46.24,46.87
2015-01-29,46.01,47.196
2015-01-30,45.8,46.53
2015-02-02,46.95,47.34
2015-02-03,47.86,48.34
2015-02-04,48.87,48.13
2015-02-05,50.91,49.01
2015-02-06,50.81,49.53
2015-02-09,49.96,49.1601
2015-02-10,50.26,49.59
2015-02-11,49.85,49.5
2015-02-12,50.72,50.0199
2015-02-13,50.9,50.37
2015-02-17,50.99,50.77
2015-02-18,51.05,50.24
2015-02-19,50.99,50.51
2015-02-20,51.1,50.8899
2015-02-23,51.09,50.54
2015-02-24,51.6,51.14
2015-02-25,51.45,50.95
2015-02-26,51.51,50.72
2015-02-27,50.88,50.09
2015-03-02,51.71,50.54
2015-03-03,50.95,50.23
2015-03-04,50.08,49.975
2015-03-05,50.24,50.35
2015-03-06,50.53,50.3
2015-03-09,50.18,50.34
2015-03-10,48.95,49.63
2015-03-11,49.04,50.03
2015-03-12,50.17,50.952
2015-03-13,49.31,50.344
2015-03-16,49.47,51.298
2015-03-17,49.68,51.22
2015-03-18,50.39,51.02
2015-03-19,49.57,50.57
2015-03-20,50.64,51.33
2015-03-23,50.52,51.29
2015-03-24,50.78,51.0614
2015-03-25,51.9,50.13
2015-03-26,53.16,50.25
2015-03-27,52.86,49.93
2015-03-30,53.06,50.516
2015-03-31,52.59,50.31
2015-04-01,52.87,50.36
2015-04-02,53.41,50.56
2015-04-06,53.66,50.59
2015-04-07,53.08,50.16
2015-04-08,54.12,50.52
2015-04-09,55.45,50.65
2015-04-10,55.56,50.2899
2015-04-13,55.16,50.7445
2015-04-14,55.34,50.28
2015-04-15,56.02,50.671
2015-04-16,56.78,50.82
2015-04-17,56.28,50.02
2015-04-20,56.27,50.4964
2015-04-21,56.64,50.56
2015-04-22,56.56,50.98
2015-04-23,56.21,51.14
2015-04-24,55.89,50.9517
2015-04-27,54.31,50.84
2015-04-28,54.45,51.02
2015-04-29,53.84,50.8
2015-04-30,53.03,50.55
2015-05-01,53.7,50.39
2015-05-04,53.98,50.87
2015-05-05,53.91,50.27
2015-05-06,54.59,49.9
2015-05-07,54.8,50.373
2015-05-08,55.52,50.6
2015-05-11,55.17,50.561
2015-05-12,55.17,50.1988
2015-05-13,55.17,50.1556
2015-05-14,55.88,50.5999
2015-05-15,55.84,50.25
2015-05-18,56.35,50.9068
2015-05-19,55.18,50.82
2015-05-20,55.75,50.82
2015-05-21,56.45,50.7855
2015-05-22,56.25,50.63
2015-05-26,55.9,50.3399
2015-05-27,56.27,50.91
2015-05-28,56.05,50.9996
2015-05-29,55.56,50.695
2015-06-01,55.53,50.62
2015-06-02,55.66,50.95
2015-06-03,56.33,51.65
2015-06-04,55.75,51.22
2015-06-05,56.38,51.83
2015-06-08,55.32,51.7672
2015-06-09,54.5,51.4899
2015-06-10,55.46,52.1199
2015-06-11,55.92,52.26
2015-06-12,55.1,51.99
2015-06-15,56.61,51.83
2015-06-16,57.09,52.1199
2015-06-17,57.42,52.16
2015-06-18,58.43,52.38
2015-06-19,58.16,52.09
2015-06-22,57.9,52.42
2015-06-23,57.92,52.48
2015-06-24,56.82,51.98
2015-06-25,56.93,51.8
2015-06-26,57.96,51.99
2015-06-29,54.18,50.39
2015-06-30,56.24,50.76
2015-07-01,56.33,50.91
2015-07-02,55.82,50.9
2015-07-06,55.52,50.43
2015-07-07,54.67,50.47
2015-07-08,53.21,49.27
2015-07-09,52.76,49.5891
2015-07-10,53.95,50.24
2015-07-13,56.09,50.9201
2015-07-14,55.85,51.03
2015-07-15,56.88,51.1068
2015-07-16,57.25,51.64
2015-07-17,58.03,51.42
2015-07-20,57.14,51.327
2015-07-21,58.78,51.0618
2015-07-22,58.28,51.11
2015-07-23,56.72,50.76
2015-07-24,56.65,50.02
2015-07-27,55.07,49.39
2015-07-28,54.61,49.7404
2015-07-29,56.18,50.22
2015-07-30,55.71,50.29
2015-07-31,55.41,50.496
2015-08-03,54.98,50.4699
2015-08-04,54.31,50.56
2015-08-05,54.28,50.28
2015-08-06,53.62,49.62
2015-08-07,53.81,49.42
2015-08-10,54.0,50.27
2015-08-11,53.22,49.44
2015-08-12,53.52,48.87
2015-08-13,54.58,49.0497
2015-08-14,54.5,49.2532
2015-08-17,53.65,49.35
2015-08-18,52.86,49.1601
2015-08-19,52.74,48.55
2015-08-20,51.7,47.07
2015-08-21,49.17,45.6994
2015-08-24,45.72,43.72
2015-08-25,46.54,43.46
2015-08-26,48.91,44.11
2015-08-27,50.37,44.95
2015-08-28,50.67,45.1896
2015-08-31,49.73,45.02
2015-09-01,46.74,43.26
2015-09-02,46.27,43.53
2015-09-03,47.54,43.66
2015-09-04,47.06,43.13
2015-09-08,47.34,44.21
2015-09-09,46.37,43.72
2015-09-10,46.36,43.75
2015-09-11,46.66,43.7
2015-09-14,45.48,43.57
2015-09-15,45.92,44.18
2015-09-16,47.25,44.7063
2015-09-17,48.76,44.31
2015-09-18,47.26,42.85
2015-09-21,49.07,43.34
2015-09-22,47.76,42.7416
2015-09-23,46.96,42.69
2015-09-24,46.04,42.3699
2015-09-25,45.83,42.64
2015-09-28,43.54,41.04
2015-09-29,42.08,40.8
2015-09-30,43.3,41.48
2015-10-01,42.83,41.33
2015-10-02,44.13,41.31
2015-10-05,45.16,42.56
2015-10-06,43.56,42.24
2015-10-07,45.79,42.91
2015-10-08,46.53,42.93
2015-10-09,47.3,42.71
2015-10-12,47.66,42.55
2015-10-13,45.95,41.96
2015-10-14,45.62,41.55
2015-10-15,45.94,42.79
2015-10-16,46.47,43.17
2015-10-19,46.86,42.81
2015-10-20,46.45,43.1
2015-10-21,45.24,42.3448
2015-10-22,47.66,43.5
2015-10-23,48.73,44.2405
2015-10-26,48.85,44.03
2015-10-27,47.34,43.3091
2015-10-28,48.43,44.95
2015-10-29,46.68,44.52
2015-10-30,46.32,44.495
2015-11-02,49.4,45.59
2015-11-03,48.64,45.88
2015-11-04,47.85,45.55
2015-11-05,49.01,46.0121
2015-11-06,47.94,46.92
2015-11-09,45.93,46.09
2015-11-10,44.94,45.8
2015-11-11,44.56,45.87
2015-11-12,42.89,45.28
2015-11-13,43.73,44.57
2015-11-16,42.94,45.13
2015-11-17,42.71,45.0
2015-11-18,45.72,46.05
2015-11-19,44.13,46.04
2015-11-20,44.89,46.2
2015-11-23,45.63,46.13
2015-11-24,45.94,46.17
2015-11-25,46.69,46.56
2015-11-27,46.87,46.685
2015-11-30,46.47,46.668
2015-12-01,46.44,46.933
2015-12-02,45.4,46.4298
2015-12-03,45.09,45.5
2015-12-04,46.14,46.43
2015-12-07,44.92,45.68
2015-12-08,45.71,45.14
2015-12-09,44.81,44.3
2015-12-10,44.99,44.68
2015-12-11,42.75,42.82
2015-12-14,41.47,42.23
2015-12-15,44.68,43.34
2015-12-16,47.41,44.1
2015-12-17,45.95,43.39
2015-12-18,44.88,42.19
2015-12-21,44.64,42.51
2015-12-22,45.28,43.02
2015-12-23,46.58,43.801
2015-12-24,46.39,43.77
2015-12-28,45.67,43.72
2015-12-29,46.01,44.08
2015-12-30,45.38,43.61
2015-12-31,45.01,43.6
2016-01-04,44.51,42.47
2016-01-05,43.49,42.24
2016-01-06,41.75,41.04
2016-01-07,39.04,39.4399
2016-01-08,37.48,38.67
2016-01-11,36.47,38.6
2016-01-12,35.51,38.66
2016-01-13,33.24,36.946
2016-01-14,35.02,37.71
2016-01-15,34.48,36.54
2016-01-19,34.72,36.52
2016-01-20,34.89,36.0356
2016-01-21,34.21,35.66
2016-01-22,36.09,36.82
2016-01-25,35.13,35.72
2016-01-26,35.4,36.44
2016-01-27,34.95,35.96
2016-01-28,34.46,35.81
2016-01-29,35.99,36.6801
2016-02-01,36.06,36.49
2016-02-02,33.31,34.91
2016-02-03,31.98,34.85
2016-02-04,33.73,35.66
2016-02-05,32.91,35.06
2016-02-08,33.24,33.91
2016-02-09,30.48,33.79
2016-02-10,30.42,34.18
2016-02-11,30.08,33.0
2016-02-12,31.47,33.7415
2016-02-16,31.94,34.86
2016-02-17,32.5,35.65
2016-02-18,31.43,35.2601
2016-02-19,31.46,35.13
2016-02-22,32.82,35.652
2016-02-23,32.4,35.08
2016-02-24,32.34,34.74
2016-02-25,32.5,35.43
2016-02-26,34.3,36.25
2016-02-29,35.18,36.0101
2016-03-01,37.34,37.3301
2016-03-02,36.95,37.5932
2016-03-03,37.28,38.1816
2016-03-04,37.3,38.63
2016-03-07,37.27,38.58
2016-03-08,37.05,37.77
2016-03-09,37.69,37.67
2016-03-10,37.8,37.53
2016-03-11,39.22,38.91
2016-03-14,37.99,38.73
2016-03-15,36.74,37.94
2016-03-16,37.4,38.22
2016-03-17,39.56,39.16
2016-03-18,40.15,39.36
2016-03-21,39.79,39.3401
2016-03-22,39.89,39.18
2016-03-23,38.55,38.53
2016-03-24,38.18,38.2
2016-03-28,38.22,38.15
2016-03-29,38.93,38.73
2016-03-30,39.9,39.12
2016-03-31,38.8,38.94
2016-04-01,39.65,39.28
2016-04-04,38.46,38.67
2016-04-05,36.82,37.9075
2016-04-06,37.61,38.2499
2016-04-07,35.45,36.89
2016-04-08,34.71,36.96
2016-04-11,34.67,37.3399
2016-04-12,35.49,38.05
2016-04-13,37.74,39.75
2016-04-14,37.93,39.89
2016-04-15,37.9,39.54
2016-04-18,38.21,39.79
2016-04-19,38.97,40.1501
2016-04-20,39.56,40.9199
2016-04-21,38.75,41.02
2016-04-22,37.31,41.42
2016-04-25,36.46,40.92
2016-04-26,37.12,41.15
2016-04-27,37.43,41.25
2016-04-28,36.74,40.13
2016-04-29,36.05,39.83
2016-05-02,35.57,40.06
2016-05-03,34.64,39.09
2016-05-04,34.29,38.48
2016-05-05,33.84,38.38
2016-05-06,33.78,38.51
2016-05-09,33.5,38.58
2016-05-10,34.68,39.4901
2016-05-11,34.01,38.8601
2016-05-12,33.65,38.85
2016-05-13,32.84,38.17
2016-05-16,33.28,38.44
2016-05-17,33.58,38.3
2016-05-18,34.17,39.274
2016-05-19,33.51,38.69
2016-05-20,34.01,39.32
2016-05-23,33.45,39.39
2016-05-24,34.61,40.38
2016-05-25,35.03,40.97
2016-05-26,34.68,40.73
2016-05-27,35.14,41.2
2016-05-31,35.18,41.27
2016-06-01,34.85,41.22
2016-06-02,34.56,41.18
2016-06-03,34.36,40.33
2016-06-06,34.61,41.0
2016-06-07,34.11,40.68
2016-06-08,34.21,40.6
2016-06-09,33.53,39.95
2016-06-10,33.03,38.99
2016-06-13,32.76,38.66
2016-06-14,31.65,37.87
2016-06-15,32.98,38.1
2016-06-16,32.85,38.0401
2016-06-17,33.2,37.9111
2016-06-20,33.84,38.43
2016-06-21,33.22,38.37
2016-06-22,33.49,38.41
2016-06-23,34.94,39.52
2016-06-24,31.21,36.26
2016-06-27,27.0,34.01
2016-06-28,28.11,34.4848
2016-06-29,29.53,35.4387
2016-06-30,29.78,36.16
2016-07-01,29.92,35.98
2016-07-05,29.54,35.05
2016-07-06,29.39,35.28
2016-07-07,30.24,35.58
2016-07-08,30.54,36.48
2016-07-11,31.05,36.9388
2016-07-12,32.09,38.05
2016-07-13,31.81,37.79
2016-07-14,32.43,38.36
2016-07-15,32.77,38.5324
2016-07-18,33.88,38.8333
2016-07-19,32.95,38.61
2016-07-20,32.87,38.94
2016-07-21,33.13,38.74
2016-07-22,33.57,39.031
2016-07-25,33.5,38.866
2016-07-26,33.67,38.97
2016-07-27,33.41,39.1499
2016-07-28,34.5,39.235
2016-07-29,35.74,39.2199
2016-08-01,35.16,38.99
2016-08-02,33.75,38.295
2016-08-03,34.25,39.054
2016-08-04,34.07,39.1367
2016-08-05,34.35,40.1673
2016-08-08,34.74,40.1247
2016-08-09,34.87,39.9501
2016-08-10,35.2,39.77
2016-08-11,35.27,40.0499
2016-08-12,35.45,39.7748
2016-08-15,35.86,40.34
2016-08-16,36.16,40.2166
2016-08-17,35.96,40.1667
2016-08-18,36.64,40.3166
2016-08-19,37.0,40.39
2016-08-22,36.93,40.23
2016-08-23,37.61,40.5757
2016-08-24,37.01,40.4264
2016-08-25,36.79,40.3178
2016-08-26,36.6,40.6186
2016-08-29,36.7,40.87
2016-08-30,37.19,41.3
2016-08-31,37.03,41.1948
2016-09-01,36.8,40.8
2016-09-02,37.33,41.14
2016-09-06,36.73,40.9042
2016-09-07,37.38,41.21
2016-09-08,37.91,41.36
2016-09-09,36.8,40.56
2016-09-12,36.94,41.25
2016-09-13,35.86,40.39
2016-09-14,35.93,40.253
2016-09-15,36.7,41.06
2016-09-16,36.05,40.428
2016-09-19,36.5,40.57
2016-09-20,35.94,40.47
2016-09-21,36.44,40.84
2016-09-22,36.57,41.075
2016-09-23,36.64,40.8788
2016-09-26,35.98,39.97
2016-09-27,36.01,40.07
2016-09-28,36.04,40.21
2016-09-29,35.21,39.91
2016-09-30,36.36,40.51
2016-10-03,35.51,40.49
2016-10-04,35.95,40.4587
2016-10-05,35.98,41.1001
2016-10-06,35.89,41.0367
2016-10-07,35.67,40.8399
2016-10-10,35.45,40.9196
2016-10-11,34.91,40.28
2016-10-12,34.46,40.24
2016-10-13,34.34,39.79
2016-10-14,34.37,40.01
2016-10-17,34.18,39.608
2016-10-18,34.75,39.905
2016-10-19,35.6,40.22
2016-10-20,35.45,40.006
2016-10-21,36.03,40.105
2016-10-24,35.87,40.235
2016-10-25,36.07,39.88
2016-10-26,36.76,39.8696
2016-10-27,37.21,39.55
2016-10-28,37.04,39.39
2016-10-31,36.46,39.27
2016-11-01,36.9,39.02
2016-11-02,37.3,38.55
2016-11-03,38.03,38.8
2016-11-04,37.98,39.04
2016-11-07,38.48,39.62
2016-11-08,38.39,39.59
2016-11-09,38.76,41.507
2016-11-10,38.29,42.6208
2016-11-11,38.24,42.882
2016-11-14,39.54,43.7
2016-11-15,39.97,43.8679
2016-11-16,39.73,43.6865
2016-11-17,40.06,44.17
2016-11-18,39.88,44.3192
2016-11-21,40.04,44.53
2016-11-22,40.49,44.5568
2016-11-23,40.05,44.919
2016-11-25,40.06,44.8894
2016-11-28,38.86,44.36
2016-11-29,38.74,44.3708
2016-11-30,38.85,44.77
2016-12-01,41.02,45.26
2016-12-02,41.47,44.8129
2016-12-05,42.64,45.2347
2016-12-06,43.75,45.5766
2016-12-07,43.58,46.36
2016-12-08,43.92,46.9672
2016-12-09,43.01,46.8682
2016-12-12,42.39,46.29
2016-12-13,42.4,46.2275
2016-12-14,41.04,45.85
2016-12-15,41.28,46.0
2016-12-16,41.24,45.27
2016-12-19,41.33,45.3099
2016-12-20,42.18,45.93
2016-12-21,42.07,45.73
2016-12-22,41.46,45.25
2016-12-23,41.67,45.32
2016-12-27,41.38,45.51
2016-12-28,40.81,44.925
2016-12-29,40.99,44.82
2016-12-30,41.09,44.88
2017-01-03,41.64,45.397
2017-01-04,42.63,46.5
2017-01-05,41.59,46.1
2017-01-06,41.0,46.41
2017-01-09,41.01,45.8
2017-01-10,40.65,45.9005
2017-01-11,40.65,45.95
2017-01-12,40.8,45.76
2017-01-13,41.09,46.0452
2017-01-17,40.7,45.1775
2017-01-18,41.39,45.417
2017-01-19,40.92,45.3281
2017-01-20,40.61,45.54
2017-01-23,40.74,45.53
2017-01-24,41.0,46.1705
2017-01-25,41.33,46.438
2017-01-26,42.01,46.1901
2017-01-27,41.76,45.88
2017-01-30,41.47,45.9
2017-01-31,42.48,45.945
2017-02-01,43.04,46.19
2017-02-02,43.14,45.7999
2017-02-03,43.47,46.6
2017-02-06,43.92,46.59
2017-02-07,43.76,46.64
2017-02-08,43.64,46.2889
2017-02-09,42.98,46.92
2017-02-10,43.21,47.1012
2017-02-13,43.4,47.4701
2017-02-14,43.71,47.709
2017-02-15,43.93,48.2177
2017-02-16,43.59,47.95
2017-02-17,43.41,48.07
2017-02-21,43.37,48.36
2017-02-22,43.04,48.3545
2017-02-23,42.58,48.29
2017-02-24,42.41,48.085
2017-02-27,43.04,48.312
2017-02-28,43.06,47.71
2017-03-01,44.09,48.66
2017-03-02,43.07,48.0
2017-03-03,43.01,48.0264
2017-03-06,42.58,47.68
2017-03-07,43.03,47.45
2017-03-08,42.92,47.45
2017-03-09,43.37,47.48
2017-03-10,43.59,47.52
2017-03-13,45.71,47.667
2017-03-14,45.51,47.42
2017-03-15,45.92,47.94
2017-03-16,45.96,48.3908
2017-03-17,45.25,47.4
2017-03-20,45.04,47.1
2017-03-21,43.99,46.018
2017-03-22,44.61,45.83
2017-03-23,45.12,45.9359
2017-03-24,45.01,45.8079
2017-03-27,44.78,45.4374
2017-03-28,45.43,46.2293
2017-03-29,45.42,46.0583
2017-03-30,45.85,46.7099
2017-03-31,45.99,46.736
2017-04-03,45.59,46.35
2017-04-04,45.23,46.0808
2017-04-05,44.53,46.25
2017-04-06,45.54,46.0666
2017-04-07,45.4,46.01
2017-04-10,45.77,45.826
2017-04-11,45.95,45.7453
2017-04-12,44.9,45.567
2017-04-13,44.61,45.28
2017-04-17,45.27,45.5074
2017-04-18,45.09,45.7958
2017-04-19,45.85,45.9578
2017-04-20,46.03,46.5201
2017-04-21,44.76,46.3496
2017-04-24,45.16,47.03
2017-04-25,44.54,47.1
2017-04-26,44.3,47.215
2017-04-27,43.17,47.074
2017-04-28,42.94,46.9019
2017-05-01,43.11,46.8209
2017-05-02,43.4,46.77
2017-05-03,44.17,46.96
2017-05-04,43.15,46.9477
2017-05-05,42.86,46.7411
2017-05-08,43.12,46.69
2017-05-09,43.7,46.81
2017-05-10,44.55,47.0328
2017-05-11,44.65,46.6312
2017-05-12,44.63,46.5092
2017-05-15,45.55,46.9329
2017-05-16,45.31,46.995
2017-05-17,43.53,45.7326
2017-05-18,43.56,45.88
2017-05-19,44.2,46.2
2017-05-22,44.16,46.3796
2017-05-23,43.91,46.3784
2017-05-24,43.94,46.2211
2017-05-25,44.38,46.68
2017-05-26,44.96,46.664
2017-05-30,44.62,46.3553
2017-05-31,44.5,46.05
2017-06-01,45.19,47.134
2017-06-02,44.84,47.2305
2017-06-05,45.03,47.3643
2017-06-06,44.99,47.17
2017-06-07,44.9,47.399
2017-06-08,44.87,47.8
2017-06-09,44.86,48.43
2017-06-12,45.14,48.699
2017-06-13,45.17,49.0666
2017-06-14,44.81,49.085
2017-06-15,44.82,49.03
2017-06-16,45.35,48.581
2017-06-19,46.01,49.2172
2017-06-20,45.47,48.9636
2017-06-21,45.95,48.4204
2017-06-22,45.54,48.43
2017-06-23,45.76,48.2005
2017-06-26,45.85,48.4807
2017-06-27,46.31,48.84
2017-06-28,46.81,49.3458
2017-06-29,46.59,49.1338
2017-06-30,46.33,49.2001
2017-07-03,47.32,49.65
2017-07-05,46.81,49.7
2017-07-06,46.55,49.212
2017-07-07,46.59,49.65
2017-07-10,47.1,49.95
2017-07-11,46.17,49.64
2017-07-12,45.74,49.87
2017-07-13,46.0,50.35
2017-07-14,46.25,50.274
2017-07-17,47.06,50.13
2017-07-18,46.82,50.14
2017-07-19,47.23,50.48
2017-07-20,47.02,50.6577
2017-07-21,47.4,50.5783
2017-07-24,48.01,50.7872
2017-07-25,47.89,51.6
2017-07-26,47.91,51.46
2017-07-27,46.11,50.5874
2017-07-28,46.02,50.6265
2017-07-31,46.71,51.01
2017-08-01,46.64,51.1599
2017-08-02,46.0,50.4
2017-08-03,45.63,50.38
2017-08-04,45.48,50.4944
2017-08-07,45.75,50.5
2017-08-08,45.5,50.42
2017-08-09,44.73,50.16
2017-08-10,42.96,49.24
2017-08-11,43.14,49.2799
2017-08-14,44.32,49.9505
2017-08-15,43.85,50.015
2017-08-16,43.42,49.785
2017-08-17,42.42,48.8387
2017-08-18,42.42,48.7605
2017-08-21,42.67,48.59
2017-08-22,43.08,49.2699
2017-08-23,42.76,49.255
2017-08-24,42.15,49.3112
2017-08-25,42.19,49.4411
2017-08-28,42.53,49.2306
2017-08-29,42.2,48.98
2017-08-30,42.59,49.3298
2017-08-31,42.89,49.61
2017-09-01,43.06,49.87
2017-09-05,41.87,48.758
2017-09-06,41.45,48.604
2017-09-07,40.91,48.13
2017-09-08,40.66,48.39
2017-09-11,41.49,49.1124
2017-09-12,41.57,49.592
2017-09-13,41.63,49.5201
2017-09-14,41.58,49.6899
2017-09-15,41.7,49.43
2017-09-18,42.45,49.86
2017-09-19,43.11,50.08
2017-09-20,43.28,50.3461
2017-09-21,43.0,50.4687
2017-09-22,43.2,50.73
2017-09-25,43.3,50.7305
2017-09-26,43.1,51.0695
2017-09-27,43.91,51.96
2017-09-28,44.93,52.125
2017-09-29,45.22,52.39
2017-10-02,45.02,52.789
2017-10-03,45.72,53.2192
2017-10-04,45.81,53.2654
2017-10-05,45.96,53.62
2017-10-06,45.43,53.385
2017-10-09,44.81,53.33
2017-10-10,45.06,53.5
2017-10-11,44.81,53.5197
2017-10-12,44.96,53.65
2017-10-13,45.36,53.6274
2017-10-16,45.9,53.6142
2017-10-17,45.6,53.2245
2017-10-18,45.99,53.7821
2017-10-19,45.74,53.4967
2017-10-20,46.03,54.05
2017-10-23,45.54,53.711
2017-10-24,45.63,53.98
2017-10-25,45.27,53.45
2017-10-26,45.57,53.9
2017-10-27,47.2,53.75
2017-10-30,47.38,53.29
2017-10-31,47.54,53.37
2017-11-01,47.4,53.32
2017-11-02,46.87,53.85
2017-11-03,47.01,53.28
2017-11-06,47.11,53.52
2017-11-07,46.39,53.049
2017-11-08,47.44,53.3376
2017-11-09,48.16,53.1543
2017-11-10,47.29,53.24
2017-11-13,47.69,53.3349
2017-11-14,46.5,53.3701
2017-11-15,45.92,53.32
2017-11-16,46.0,53.6566
2017-11-17,46.1,53.7044
2017-11-20,47.11,54.308
2017-11-21,47.49,54.8355
2017-11-22,47.63,54.7345
2017-11-24,47.54,54.63
2017-11-27,47.65,54.71
2017-11-28,47.93,55.53
2017-11-29,48.74,56.27
2017-11-30,49.25,56.64
2017-12-01,49.18,56.72
2017-12-04,50.74,57.63
2017-12-05,50.23,57.0848
2017-12-06,49.98,57.01
2017-12-07,50.47,57.33
2017-12-08,51.28,57.7701
2017-12-11,50.69,57.42
2017-12-12,50.86,57.86
2017-12-13,50.79,57.35
2017-12-14,51.12,56.85
2017-12-15,51.53,57.34
2017-12-18,51.52,57.75
2017-12-19,51.03,57.56
2017-12-20,50.17,57.56
2017-12-21,50.96,57.94
2017-12-22,51.18,57.9099
2017-12-26,51.35,57.79
2017-12-27,51.57,57.6295
2017-12-28,52.09,57.9
2017-12-29,52.5,57.94
2018-01-02,52.6,57.45
2018-01-03,54.08,57.79
2018-01-04,55.66,58.38
2018-01-05,55.87,58.78
2018-01-08,56.09,59.0
2018-01-09,57.03,59.46
2018-01-10,56.56,59.53
2018-01-11,57.27,60.01
2018-01-12,57.71,60.6726
2018-01-16,56.08,60.1161
2018-01-17,56.86,60.66
2018-01-18,56.53,60.282
2018-01-19,57.97,61.01
2018-01-22,58.93,61.18
2018-01-23,58.81,61.2276
2018-01-24,58.96,61.349
2018-01-25,59.39,60.765
2018-01-26,59.14,61.56
2018-01-29,58.04,60.98
2018-01-30,57.69,60.09
2018-01-31,58.57,59.94
2018-02-01,59.4,60.82
2018-02-02,58.12,59.25
2018-02-05,56.66,56.85
2018-02-06,56.8,57.7789
2018-02-07,57.14,57.88
2018-02-08,54.23,55.93
2018-02-09,53.82,56.3339
2018-02-12,54.19,57.5802
2018-02-13,54.51,57.68
2018-02-14,56.48,59.04
2018-02-15,55.83,59.14
2018-02-16,55.4,59.6021
2018-02-20,54.69,59.34
2018-02-21,53.59,59.33
2018-02-22,53.18,58.69
2018-02-23,53.27,59.67
2018-02-26,54.41,60.35
2018-02-27,54.21,60.17
2018-02-28,53.97,60.3002
2018-03-01,53.47,58.51
2018-03-02,52.65,58.7286
2018-03-05,53.97,59.85
2018-03-06,54.46,60.45
2018-03-07,54.38,60.41
2018-03-08,55.19,60.81
2018-03-09,56.07,62.39
2018-03-12,56.82,62.28
2018-03-13,55.68,61.62
2018-03-14,55.94,61.07
2018-03-15,55.39,60.791
2018-03-16,56.11,61.1586
2018-03-19,54.52,60.26
2018-03-20,54.69,60.696
2018-03-21,54.33,61.0865
2018-03-22,52.03,58.5494
2018-03-23,50.77,56.92
2018-03-26,52.54,58.801
2018-03-27,51.77,57.4211
2018-03-28,51.53,57.5594
2018-03-29,52.56,58.309
2018-04-02,51.65,57.16
2018-04-03,51.39,57.7
2018-04-04,52.0,58.44
2018-04-05,53.18,58.6892
2018-04-06,52.3,57.2754
2018-04-09,52.05,57.5525
2018-04-10,52.71,58.2274
2018-04-11,52.62,57.63
2018-04-12,53.22,58.47
2018-04-13,52.77,57.76
2018-04-16,52.81,58.52
2018-04-17,53.74,58.9738
2018-04-18,52.86,58.93
2018-04-19,53.47,59.2571
2018-04-20,52.96,59.03
2018-04-23,52.94,58.855
2018-04-24,52.09,58.272
2018-04-25,51.9,58.633
2018-04-26,53.6,59.015
2018-04-27,53.5,58.75
2018-04-30,54.42,59.0723
2018-05-01,55.06,58.3589
2018-05-02,53.26,58.2
2018-05-03,52.44,57.8352
2018-05-04,52.86,58.674
2018-05-07,53.99,59.1987
2018-05-08,54.36,59.5589
2018-05-09,54.98,60.2211
2018-05-10,55.52,60.65
2018-05-11,55.44,60.539
2018-05-14,55.33,60.471
2018-05-15,55.18,60.5203
2018-05-16,55.62,61.08
2018-05-17,56.05,61.1489
2018-05-18,55.02,61.0816
2018-05-21,54.87,61.5588
2018-05-22,55.18,61.61
2018-05-23,54.72,61.06
2018-05-24,54.07,61.02
2018-05-25,54.28,60.881
2018-05-29,51.45,59.36
2018-05-30,51.8,60.325
2018-05-31,51.44,59.8179
2018-06-01,51.61,60.29
2018-06-04,51.74,60.5
2018-06-05,51.77,60.5689
2018-06-06,53.52,61.485
2018-06-07,52.35,61.5467
2018-06-08,52.35,61.84
2018-06-11,53.05,61.9248
2018-06-12,52.81,61.4291
2018-06-13,54.17,61.616
2018-06-14,53.69,61.3791
2018-06-15,53.96,60.905
2018-06-18,53.45,60.8558
2018-06-19,52.06,60.805
2018-06-20,52.02,61.01
2018-06-21,50.73,60.3512
2018-06-22,50.58,60.4
2018-06-25,50.01,59.38
2018-06-26,49.87,58.94
2018-06-27,48.91,58.2111
2018-06-28,48.74,58.05
2018-06-29,48.91,58.0301
2018-07-02,49.1,58.0264
2018-07-03,49.08,58.1069
2018-07-05,49.39,57.76
2018-07-06,49.9,58.1585
2018-07-09,51.1,59.21
2018-07-10,50.77,59.1341
2018-07-11,50.32,58.83
2018-07-12,50.09,58.7945
2018-07-13,50.03,58.5809
2018-07-16,50.47,58.8551
2018-07-17,51.0,59.3483
2018-07-18,51.78,60.1566
2018-07-19,50.91,59.5206
2018-07-20,50.82,59.2128
2018-07-23,51.42,59.77
2018-07-24,52.13,59.6837
2018-07-25,52.53,59.7933
2018-07-26,53.25,59.9099
2018-07-27,52.84,59.2502
2018-07-30,53.19,58.9496
2018-07-31,54.3,59.2724
2018-08-01,53.47,58.33
2018-08-02,52.78,58.14
2018-08-03,52.91,57.99
2018-08-06,53.13,58.3535
2018-08-07,52.78,58.7399
2018-08-08,52.45,58.64
2018-08-09,52.26,58.3361
2018-08-10,50.66,57.79
2018-08-13,49.78,57.52
2018-08-14,50.18,58.13
2018-08-15,48.75,57.58
2018-08-16,48.87,58.13
2018-08-17,48.98,58.14
2018-08-20,48.31,58.44
2018-08-21,48.63,58.59
2018-08-22,49.21,58.486
2018-08-23,48.4,58.148
2018-08-24,48.42,58.438
2018-08-27,49.03,59.0
2018-08-28,48.65,58.97
2018-08-29,48.42,59.0
2018-08-30,47.7,58.5591
2018-08-31,48.14,58.6835
2018-09-04,47.77,58.6316
2018-09-05,46.95,58.38
2018-09-06,46.55,57.8691
2018-09-07,45.82,57.5205
2018-09-10,46.19,57.75
2018-09-11,46.84,57.8866
2018-09-12,47.41,57.4988
2018-09-13,47.73,57.4412
2018-09-14,48.09,58.1285
2018-09-17,47.45,57.377
2018-09-18,47.65,57.58
2018-09-19,48.24,58.385
2018-09-20,48.6,58.7693
2018-09-21,48.94,58.67
2018-09-24,48.98,57.804
2018-09-25,48.66,57.4
2018-09-26,48.22,56.8
2018-09-27,47.9,56.6
2018-09-28,48.13,56.26
2018-10-01,48.16,56.1733
2018-10-02,47.6,55.8384
2018-10-03,47.77,56.3882
2018-10-04,47.43,56.39
2018-10-05,47.09,56.332
2018-10-08,46.58,55.98
2018-10-09,46.44,55.64
2018-10-10,44.04,53.88
2018-10-11,42.63,52.71
2018-10-12,43.12,52.1125
2018-10-15,42.86,53.207
2018-10-16,43.71,53.82
2018-10-17,43.2,54.0306
2018-10-18,41.75,52.95
2018-10-19,41.96,53.03
2018-10-22,41.48,52.33
2018-10-23,40.25,51.53
2018-10-24,39.36,50.13
2018-10-25,39.95,51.2283
2018-10-26,37.99,50.721
2018-10-29,38.47,50.2279
2018-10-30,38.85,51.6
2018-10-31,39.74,52.28
2018-11-01,41.42,52.44
2018-11-02,41.05,52.42
2018-11-05,41.25,52.65
2018-11-06,41.7,53.03
2018-11-07,41.74,54.07
2018-11-08,41.7,54.22
2018-11-09,40.32,53.4835
2018-11-12,38.6,52.685
2018-11-13,37.75,52.4816
2018-11-14,36.98,51.7845
2018-11-15,38.13,52.65
2018-11-16,38.09,53.08
2018-11-19,37.98,52.5513
2018-11-20,38.13,51.671
2018-11-21,38.82,52.25
2018-11-23,39.59,52.3938
2018-11-26,40.59,53.1351
2018-11-27,39.98,52.75
2018-11-28,40.91,53.4045
2018-11-29,40.21,53.05
2018-11-30,40.12,53.3
2018-12-03,40.41,53.5997
2018-12-04,37.13,51.43
2018-12-06,37.04,50.9417
2018-12-07,35.48,50.13
2018-12-10,35.07,49.76
2018-12-11,35.83,49.5118
2018-12-12,36.99,50.09
2018-12-13,37.29,49.5537
2018-12-14,36.78,48.7664
2018-12-17,35.63,48.0814
2018-12-18,35.94,47.85
2018-12-19,35.18,47.0175
2018-12-20,34.43,46.48
2018-12-21,34.8,45.8182
2018-12-24,33.98,44.8405
2018-12-26,36.05,46.6729
2018-12-27,36.51,47.0514
2018-12-28,36.84,47.2785
2018-12-31,36.91,47.77
2019-01-02,37.67,47.9687
2019-01-03,36.31,47.0
2019-01-04,38.45,48.7117
2019-01-07,38.15,48.8267
2019-01-08,37.58,49.1335
2019-01-09,37.42,49.5
2019-01-10,37.08,49.695
2019-01-11,36.86,49.55
2019-01-14,37.16,49.6412
2019-01-15,37.62,50.1621
2019-01-16,38.87,51.5077
2019-01-17,39.14,51.5727
2019-01-18,39.39,52.4838
2019-01-22,38.16,51.6622
2019-01-23,38.13,51.6331
2019-01-24,38.31,51.7864
2019-01-25,38.93,52.279
2019-01-28,38.75,52.31
2019-01-29,38.91,51.8318
2019-01-30,39.79,51.6666
2019-01-31,39.79,51.934
2019-02-01,40.4,52.342
2019-02-04,41.16,52.6478
2019-02-05,39.66,53.04
2019-02-06,38.84,52.8894
2019-02-07,38.83,52.7428
2019-02-08,38.65,52.4211
2019-02-11,38.81,52.7855
2019-02-12,39.01,53.3634
2019-02-13,38.56,53.5203
2019-02-14,36.65,53.0766
2019-02-15,36.73,53.9137
2019-02-19,36.99,54.2475
2019-02-20,36.85,54.4953
2019-02-21,36.48,54.2314
2019-02-22,36.5,54.7166
2019-02-25,37.04,54.7089
2019-02-26,37.27,54.8116
2019-02-27,37.25,54.9735
2019-02-28,37.43,54.8291
2019-03-01,38.24,55.3981
2019-03-04,37.72,54.8179
2019-03-05,37.46,54.6201
2019-03-06,36.49,53.8948
2019-03-07,35.32,52.9253
2019-03-08,35.77,52.7845
2019-03-11,36.25,53.4603
2019-03-12,36.47,53.6399
2019-03-13,36.55,53.9915
2019-03-14,36.05,53.9959
2019-03-15,36.11,54.1936
2019-03-18,37.45,54.5624
2019-03-19,37.48,54.29
2019-03-20,36.83,53.4158
2019-03-21,37.32,53.63
2019-03-22,35.91,52.0121
2019-03-25,36.38,51.943
2019-03-26,36.17,52.7388
2019-03-27,35.88,52.6264
2019-03-28,35.96,53.0436
2019-03-29,36.14,53.2007
2019-04-01,37.26,54.5827
2019-04-02,37.37,54.67
2019-04-03,37.43,54.8302
2019-04-04,38.2,55.2186
2019-04-05,38.02,55.4842
2019-04-08,37.75,55.44
2019-04-09,37.09,54.7945
2019-04-10,37.58,55.3509
2019-04-11,37.82,55.5381
2019-04-12,38.64,56.35
2019-04-15,38.12,56.1529
2019-04-16,38.21,57.0138
2019-04-17,38.04,56.887
2019-04-18,37.78,56.89
2019-04-22,36.95,56.69
2019-04-23,37.24,57.2605
2019-04-24,37.59,57.26
2019-04-25,40.5,57.2085
2019-04-26,39.42,57.31
2019-04-29,38.62,57.6249
2019-04-30,38.88,57.3939
2019-05-01,38.6,56.9343
2019-05-02,38.18,56.78
2019-05-03,38.68,57.5522
2019-05-06,38.2,57.3776
2019-05-07,37.87,56.2928
2019-05-08,38.0,56.07
2019-05-09,37.91,55.91
2019-05-10,37.05,56.08
2019-05-13,34.94,54.1751
2019-05-14,35.43,54.82
2019-05-15,35.05,54.6559
2019-05-16,35.34,55.1509
2019-05-17,34.68,54.5952
2019-05-20,34.54,54.5273
2019-05-21,34.85,55.2003
2019-05-22,34.15,54.87
2019-05-23,32.82,54.0
2019-05-24,33.27,54.5077
2019-05-28,32.37,53.9431
2019-05-29,32.16,53.9554
2019-05-30,31.96,53.64
2019-05-31,31.16,52.6662
2019-06-03,32.34,52.8038
2019-06-04,33.79,54.3784
2019-06-05,33.93,54.71
2019-06-06,34.3,55.0819
2019-06-07,34.37,55.3749
2019-06-10,34.45,55.7603
2019-06-11,34.8,55.4197
2019-06-12,33.72,55.1544
2019-06-13,33.67,55.1682
2019-06-14,33.53,55.1135
2019-06-17,33.2,54.4785
2019-06-18,33.9,55.1391
2019-06-19,34.2,55.1746
2019-06-20,34.9,55.6489
2019-06-21,35.66,55.504
2019-06-24,34.8,54.5746
2019-06-25,33.9,54.11
2019-06-26,34.23,54.2367
2019-06-27,34.31,54.98
2019-06-28,34.39,55.48
2019-07-01,34.77,55.81
2019-07-02,35.07,55.7766
2019-07-03,34.98,56.37
2019-07-05,34.74,56.64
2019-07-08,34.74,55.73
2019-07-09,35.4,56.1606
2019-07-10,35.14,56.1338
2019-07-11,34.89,56.5127
2019-07-12,35.62,57.0628
2019-07-15,35.78,56.7494
2019-07-16,36.2,56.837
2019-07-17,36.0,56.3224
2019-07-18,36.14,56.8455
2019-07-19,36.39,56.9131
2019-07-22,36.29,56.7415
2019-07-23,36.29,57.205
2019-07-24,37.75,57.74
2019-07-25,38.64,57.36
2019-07-26,38.6,57.96
2019-07-29,38.24,57.3733
2019-07-30,38.64,57.32
2019-07-31,38.71,56.9271
2019-08-01,36.71,55.57
2019-08-02,35.75,55.25
2019-08-05,34.13,53.34
2019-08-06,34.39,54.1613
2019-08-07,33.79,53.68
2019-08-08,34.46,54.3113
2019-08-09,33.79,53.72
2019-08-12,32.25,52.604
2019-08-13,33.24,53.3782
2019-08-14,31.96,51.67
2019-08-15,32.49,51.79
2019-08-16,33.12,52.8026
2019-08-19,34.1,53.4069
2019-08-20,34.01,52.99
2019-08-21,34.18,53.4771
2019-08-22,34.56,53.6769
2019-08-23,33.47,52.1344
2019-08-26,33.96,52.4658
2019-08-27,33.68,52.25
2019-08-28,33.73,52.77
2019-08-29,34.28,53.6124
2019-08-30,34.34,53.9183
2019-09-03,33.69,53.1787
2019-09-04,34.32,53.7749
2019-09-05,35.48,55.0188
2019-09-06,35.8,55.1053
2019-09-09,37.25,55.7635
2019-09-10,38.35,56.024
2019-09-11,38.84,56.8314
2019-09-12,38.83,57.1028
2019-09-13,37.81,57.1886
2019-09-16,37.17,57.0368
2019-09-17,36.57,57.0818
2019-09-18,36.25,57.0794
2019-09-19,35.9,56.896
2019-09-20,35.31,56.38
2019-09-23,35.06,56.1185
2019-09-24,34.37,55.2314
2019-09-25,35.27,55.8665
2019-09-26,34.68,55.1837
2019-09-27,34.66,54.6974
2019-09-30,35.0,54.7495
2019-10-01,34.11,52.8153
2019-10-02,33.95,51.67
2019-10-03,34.28,51.6
2019-10-04,34.58,52.3557
2019-10-07,34.84,52.2264
2019-10-08,34.93,51.2934
2019-10-09,35.09,51.828
2019-10-10,35.66,52.2543
2019-10-11,36.57,53.2229
2019-10-14,36.39,53.13
2019-10-15,37.75,53.7144
2019-10-16,37.42,53.4711
2019-10-17,37.04,53.9231
2019-10-18,37.01,54.1561
2019-10-21,37.17,54.64
2019-10-22,36.93,54.1927
2019-10-23,37.43,54.6206
2019-10-24,37.44,54.5431
2019-10-25,37.54,54.7099
2019-10-28,38.54,55.5921
2019-10-29,38.74,55.854
2019-10-30,38.44,55.8844
2019-10-31,37.33,55.6973
2019-11-01,37.38,56.4645
2019-11-04,38.04,57.278
2019-11-05,38.79,57.3323
2019-11-06,38.38,57.2428
2019-11-07,38.42,57.5443
2019-11-08,38.45,57.4831
2019-11-11,38.55,57.4777
2019-11-12,38.45,57.6076
2019-11-13,37.76,57.36
2019-11-14,37.78,57.44
2019-11-15,37.8,57.8297
2019-11-18,37.59,57.8722
2019-11-19,37.63,58.3116
2019-11-20,37.38,58.3369
2019-11-21,37.16,58.18
2019-11-22,37.58,58.5922
2019-11-25,38.46,59.64
2019-11-26,38.95,59.332
2019-11-27,39.05,59.5313
2019-11-29,38.64,59.3456
2019-12-02,38.77,58.85
2019-12-03,37.86,58.29
2019-12-04,37.92,58.7549
2019-12-05,38.02,58.9983
2019-12-06,38.79,59.56
2019-12-09,38.05,59.3228
2019-12-10,37.84,58.9586
2019-12-11,37.65,59.007
2019-12-12,38.83,59.7321
2019-12-13,38.89,59.455
2019-12-16,39.08,59.78
2019-12-17,39.5,60.0
2019-12-18,38.88,59.79
2019-12-19,38.81,60.16
2019-12-20,38.91,60.0
2019-12-23,39.6,59.4178
2019-12-24,39.75,59.5149
2019-12-26,39.83,59.65
2019-12-27,39.55,59.5432
2019-12-30,39.5,59.3303
2019-12-31,39.96,59.27
2020-01-02,40.76,59.7792
2020-01-03,40.43,59.2963
2020-01-06,41.09,59.39
2020-01-07,41.38,59.4907
2020-01-08,42.56,59.851
2020-01-09,43.36,60.2489
2020-01-10,43.22,59.9382
2020-01-13,44.19,60.6607
2020-01-14,44.15,60.4
2020-01-15,43.99,60.5401
2020-01-16,44.55,61.4449
2020-01-17,44.24,61.4716
2020-01-21,43.3,61.2996
2020-01-22,43.18,61.5046
2020-01-23,42.39,61.3889
2020-01-24,41.92,60.583
2020-01-27,41.27,59.7715
2020-01-28,41.65,60.4012
2020-01-29,42.68,60.7536
2020-01-30,42.8,61.5
2020-01-31,41.96,60.5432
2020-02-03,41.31,61.0956
2020-02-04,42.34,62.1956
2020-02-05,43.77,62.8893
2020-02-06,43.87,62.925
2020-02-07,43.52,62.4299
2020-02-10,43.71,62.7599
2020-02-11,43.15,63.33
2020-02-12,43.53,63.5736
2020-02-13,42.89,63.3419
2020-02-14,42.31,63.2891
2020-02-18,42.35,63.6678
2020-02-19,42.45,64.4794
2020-02-20,41.96,64.6789
2020-02-21,41.42,63.5844
2020-02-24,39.23,61.5872
2020-02-25,38.04,59.5312
2020-02-26,37.8,59.3615
2020-02-27,36.44,57.2122
2020-02-28,35.82,55.3728
2020-03-02,37.95,58.0265
2020-03-03,36.84,56.5615
2020-03-04,37.45,57.7034
2020-03-05,34.83,55.071
2020-03-06,33.89,53.7834
2020-03-09,29.94,49.3466
2020-03-10,32.36,51.2039
2020-03-11,29.62,48.4447
2020-03-12,24.55,43.4966
2020-03-13,28.37,47.3381
2020-03-16,25.5,43.115
2020-03-17,25.83,44.4586
2020-03-18,24.34,39.9846
2020-03-19,24.9,42.08
2020-03-20,22.5,40.318
2020-03-23,21.06,37.9184
2020-03-24,23.8,41.8568
2020-03-25,23.65,43.4846
2020-03-26,25.14,46.32
2020-03-27,24.35,45.0572
2020-03-30,23.73,46.2339
2020-03-31,23.56,45.44
2020-04-01,22.47,43.5362
2020-04-02,22.91,44.61
2020-04-03,22.54,44.12
2020-04-06,23.45,47.1
2020-04-07,25.13,47.25
2020-04-08,26.64,48.5516
2020-04-09,26.86,50.0869
2020-04-13,25.85,48.5731
2020-04-14,26.39,49.2242
2020-04-15,25.32,47.9172
2020-04-16,26.09,48.1956
2020-04-17,27.83,49.4665
2020-04-20,27.74,48.9862
2020-04-21,27.07,47.8422
2020-04-22,26.42,48.462
2020-04-23,26.35,48.1137
2020-04-24,24.12,48.4536
2020-04-27,24.71,50.7938
2020-04-28,26.02,51.2903
2020-04-29,27.8,52.7867
2020-04-30,27.5,51.9487
2020-05-01,25.31,50.3846
2020-05-04,25.06,50.5446
2020-05-05,24.82,50.8929
2020-05-06,24.59,50.3185
2020-05-07,25.9,51.5454
2020-05-08,26.7,52.5429
2020-05-11,26.71,52.6792
2020-05-12,25.47,51.005
2020-05-13,24.66,49.6964
2020-05-14,24.8,50.38
2020-05-15,25.57,50.452
2020-05-18,26.3,52.701
2020-05-19,25.07,51.4883
2020-05-20,25.55,52.2815
2020-05-21,25.58,52.1025
2020-05-22,25.61,52.2158
2020-05-26,26.79,54.113
2020-05-27,28.47,55.608
2020-05-28,27.63,54.9997
2020-05-29,26.86,54.9698
2020-06-01,27.67,55.8492
2020-06-02,28.32,56.1797
2020-06-03,30.77,57.7929
2020-06-04,31.23,58.121
2020-06-05,32.69,59.3968
2020-06-08,33.0,60.2105
2020-06-09,32.39,59.8638
2020-06-10,29.71,58.6449
2020-06-11,27.77,54.77
2020-06-12,28.52,55.9617
2020-06-15,28.85,56.6795
2020-06-16,29.74,57.4675
2020-06-17,30.0,57.5732
2020-06-18,30.31,57.48
2020-06-19,30.1,57.2475
2020-06-22,29.64,56.8575
2020-06-23,29.28,56.8568
2020-06-24,28.26,54.956
2020-06-25,28.27,56.155
2020-06-26,27.23,53.885
2020-06-29,27.86,54.8018
2020-06-30,28.63,56.1526
2020-07-01,28.18,55.6881
2020-07-02,28.83,55.8596
2020-07-06,29.16,56.8134
2020-07-07,28.16,55.9387
2020-07-08,28.42,56.9392
2020-07-09,27.37,55.5849
2020-07-10,28.27,56.8975
2020-07-13,28.31,56.649
2020-07-14,28.56,57.11
2020-07-15,29.31,58.6657
2020-07-16,29.21,58.2902
2020-07-17,28.52,58.5565
2020-07-20,28.1,58.61
2020-07-21,29.15,59.4341
2020-07-22,28.18,59.0885
2020-07-23,28.65,58.615
2020-07-24,27.95,58.0793
2020-07-27,28.26,58.5519
2020-07-28,28.16,57.7478
2020-07-29,28.65,58.5706
2020-07-30,27.7,57.7646
2020-07-31,29.32,57.7823
2020-08-03,30.5,58.29
2020-08-04,30.5,58.0301
2020-08-05,31.22,59.0565
2020-08-06,31.18,58.864
2020-08-07,31.35,59.744
2020-08-10,32.11,59.58
2020-08-11,32.3,59.9763
2020-08-12,32.29,60.3656
2020-08-13,32.28,59.9828
2020-08-14,32.18,60.0826
2020-08-17,32.04,59.93
2020-08-18,31.5,59.7612
2020-08-19,31.33,59.8907
2020-08-20,30.96,59.23
2020-08-21,30.9,59.23
2020-08-24,31.61,60.072
2020-08-25,31.59,60.0802
2020-08-26,31.4,60.09
2020-08-27,31.47,60.66
2020-08-28,31.83,60.6595
2020-08-31,31.67,60.3445
2020-09-01,32.12,60.662
2020-09-02,32.61,61.4048
2020-09-03,31.94,59.9833
2020-09-04,31.69,59.6487
2020-09-08,31.11,57.655
2020-09-09,31.82,58.419
2020-09-10,31.04,57.2864
2020-09-11,32.71,57.5022
2020-09-14,33.76,58.3774
2020-09-15,33.51,58.0749
2020-09-16,33.98,58.8692
2020-09-17,34.41,58.3729
2020-09-18,34.6,58.3756
2020-09-21,32.61,56.5536
2020-09-22,32.72,56.5917
2020-09-23,31.85,55.4947
2020-09-24,31.7,55.4235
2020-09-25,31.17,56.2102
2020-09-28,32.01,57.7713
2020-09-29,32.52,57.5259
2020-09-30,33.05,58.0151
2020-10-01,33.1,58.134
2020-10-02,34.34,59.1752
2020-10-05,34.61,60.0511
2020-10-06,34.5,59.7483
2020-10-07,34.95,60.6462
2020-10-08,36.38,62.7226
2020-10-09,36.51,63.1781
2020-10-12,37.21,63.9091
2020-10-13,36.64,63.8092
2020-10-14,36.8,63.7577
2020-10-15,37.21,64.4526
2020-10-16,36.95,64.4803
2020-10-19,36.61,63.5264
2020-10-20,36.7,63.9663
2020-10-21,36.1,63.45
2020-10-22,36.05,63.806
2020-10-23,35.88,63.9305
2020-10-26,34.73,62.5961
2020-10-27,34.78,62.1177
2020-10-28,33.52,60.3494
2020-10-29,34.12,60.829
2020-10-30,33.67,60.44
2020-11-02,35.2,61.3036
2020-11-03,35.87,62.7238
2020-11-04,35.87,63.4629
2020-11-05,37.37,64.7785
2020-11-06,35.4,64.0657
2020-11-09,36.69,66.4752
2020-11-10,36.63,66.8211
2020-11-11,37.24,66.9626
2020-11-12,36.27,65.898
2020-11-13,36.99,67.1739
2020-11-16,37.62,68.2796
2020-11-17,37.3,68.6502
2020-11-18,36.8,67.9061
2020-11-19,36.45,67.6839
2020-11-20,36.89,67.715
2020-11-23,37.29,68.9342
2020-11-24,38.4,70.0335
2020-11-25,38.6,70.0313
2020-11-27,37.94,70.2162
2020-11-30,37.32,69.0123
2020-12-01,38.51,70.2383
2020-12-02,39.01,70.7425
2020-12-03,40.45,72.4422
2020-12-04,40.79,73.438
2020-12-07,40.5,73.6191
2020-12-08,41.23,74.1904
2020-12-09,40.96,73.86
2020-12-10,40.57,73.6534
2020-12-11,40.75,73.4653
2020-12-14,40.83,72.9743
2020-12-15,41.07,74.1298
2020-12-16,41.26,74.5454
2020-12-17,41.09,75.15
2020-12-18,40.62,74.9421
2020-12-21,40.2,74.18
2020-12-22,39.95,74.1647
2020-12-23,40.69,74.55
2020-12-24,41.6,74.73
2020-12-28,42.16,75.04
2020-12-29,41.84,74.1902
2020-12-30,42.04,74.6546
2020-12-31,42.3,75.3057
2021-01-04,41.66,74.27
2021-01-05,41.96,74.5668
2021-01-06,44.08,77.1824
2021-01-07,45.16,78.15
2021-01-08,45.28,78.37
2021-01-11,45.23,78.4987
2021-01-12,45.05,79.3535
2021-01-13,45.42,79.0525
2021-01-14,46.81,79.1906
2021-01-15,45.61,78.5324
2021-01-19,45.37,79.092
2021-01-20,44.39,79.1733
2021-01-21,43.28,78.43
2021-01-22,43.44,77.94
2021-01-25,42.72,77.1669
2021-01-26,42.35,76.8554
2021-01-27,40.0,74.33
2021-01-28,41.48,76.0709
2021-01-29,41.2,74.5214
2021-02-01,41.72,76.68
2021-02-02,41.37,78.04
2021-02-03,42.11,77.9179
2021-02-04,42.53,78.8778
2021-02-05,42.31,79.3
2021-02-08,41.59,80.2713
2021-02-09,40.78,80.6098
2021-02-10,40.69,80.8773
2021-02-11,41.61,80.8481
2021-02-12,41.92,81.7773
2021-02-16,43.31,82.65
2021-02-17,43.23,82.0009
2021-02-18,41.63,81.19
2021-02-19,41.16,81.89
2021-02-22,41.04,81.6332
2021-02-23,40.67,81.51
2021-02-24,40.11,82.79
2021-02-25,39.84,81.4206
2021-02-26,38.69,80.6321
2021-03-01,40.52,83.22
2021-03-02,40.71,82.27
2021-03-03,40.78,82.16
2021-03-04,39.59,80.69
2021-03-05,40.04,82.1065
2021-03-08,39.72,82.8262
2021-03-09,41.25,83.61
2021-03-10,42.2,84.64
2021-03-11,43.1,85.3127
2021-03-12,43.85,85.96
2021-03-15,44.43,86.3494
2021-03-16,44.33,85.5518
2021-03-17,44.98,86.2
2021-03-18,44.12,85.01
2021-03-19,43.16,85.2113
2021-03-22,43.06,84.609
2021-03-23,41.7,82.87
2021-03-24,42.51,82.4
2021-03-25,43.22,82.981
2021-03-26,43.73,84.3151
2021-03-29,43.31,83.8496
2021-03-30,43.9,83.8727
2021-03-31,43.51,84.39
2021-04-01,44.81,86.2264
2021-04-05,44.88,87.33
2021-04-06,44.74,86.98
2021-04-07,46.25,86.51
2021-04-08,46.56,86.7467
2021-04-09,46.43,87.4039
2021-04-12,46.46,88.0557
2021-04-13,44.37,87.4
2021-04-14,45.57,88.0649
2021-04-15,45.5,88.44
2021-04-16,45.16,88.73
2021-04-19,46.32,88.4891
2021-04-20,45.56,87.1292
2021-04-21,46.21,88.11
2021-04-22,45.46,87.38
2021-04-23,46.45,89.33
2021-04-26,45.99,89.6488
2021-04-27,45.94,89.98
2021-04-28,46.12,90.1505
2021-04-29,46.46,90.713
2021-04-30,44.99,89.7118
2021-05-03,45.06,90.28
2021-05-04,44.94,90.106
2021-05-05,46.02,91.28
2021-05-06,47.2,91.6585
2021-05-07,46.67,92.42
2021-05-10,46.04,91.55
2021-05-11,44.84,90.3
2021-05-12,43.66,88.2738
2021-05-13,45.47,90.1739
2021-05-14,46.64,91.79
2021-05-17,47.19,91.41
2021-05-18,45.68,90.2535
2021-05-19,46.09,89.89
2021-05-20,45.64,90.3965
2021-05-21,46.41,91.2911
2021-05-24,47.05,91.6878
2021-05-25,46.0,90.8538
2021-05-26,45.99,91.6238
2021-05-27,46.59,92.4347
2021-05-28,47.18,92.7479
2021-06-01,48.18,92.9
2021-06-02,47.7,92.98
2021-06-03,47.45,93.1488
2021-06-04,47.52,93.1976
2021-06-07,47.18,92.953
2021-06-08,47.2,93.2699
2021-06-09,46.97,92.38
2021-06-10,46.1,92.2037
2021-06-11,46.61,93.0938
2021-06-14,45.86,92.82
2021-06-15,45.9,93.3309
2021-06-16,45.51,93.7836
2021-06-17,44.15,92.4384
2021-06-18,43.5,90.26
2021-06-21,44.65,92.1154
2021-06-22,44.17,92.12
2021-06-23,44.54,92.61
2021-06-24,44.96,93.4848
2021-06-25,46.0,94.58
2021-06-28,44.15,93.5789
2021-06-29,44.81,93.9584
2021-06-30,45.25,94.04
2021-07-01,46.4,94.61
2021-07-02,46.57,94.6798
2021-07-06,45.91,94.13
2021-07-07,46.32,94.3349
2021-07-08,45.34,92.3132
2021-07-09,46.05,94.28
2021-07-12,46.66,95.3
2021-07-13,46.1,94.238
2021-07-14,44.94,93.0303
2021-07-15,44.57,92.8744
2021-07-16,43.7,92.0767
2021-07-19,43.06,89.9073
2021-07-20,44.31,92.2861
2021-07-21,45.04,94.0314
2021-07-22,44.07,93.3183
2021-07-23,44.11,93.8084
2021-07-26,44.13,94.3182
2021-07-27,43.22,93.545
2021-07-28,44.44,94.1207
2021-07-29,45.79,95.5642
2021-07-30,47.2,95.2973
2021-08-02,48.48,95.59
2021-08-03,47.2,95.44
2021-08-04,47.45,95.4938
2021-08-05,47.88,97.0597
2021-08-06,47.73,98.14
2021-08-09,48.09,98.51
2021-08-10,48.11,98.46
2021-08-11,48.3,98.9125
2021-08-12,48.41,98.8511
2021-08-13,48.64,98.552
2021-08-16,47.87,98.5381
2021-08-17,47.72,97.34
2021-08-18,46.78,96.0879
2021-08-19,45.62,95.03
2021-08-20,46.29,96.37
2021-08-23,46.46,97.53
2021-08-24,47.18,98.2398
2021-08-25,48.58,99.0662
2021-08-26,48.02,98.365
2021-08-27,48.75,100.3603
2021-08-30,48.17,99.59
2021-08-31,47.4,99.5734
2021-09-01,48.19,99.89
2021-09-02,48.76,100.3692
2021-09-03,48.37,100.06
2021-09-07,48.18,98.8638
2021-09-08,47.5,98.31
2021-09-09,47.66,98.45
2021-09-10,47.95,97.7865
2021-09-13,48.0,98.01
2021-09-14,46.68,97.0829
2021-09-15,47.23,98.23
2021-09-16,47.09,97.79
2021-09-17,47.19,97.5817
2021-09-20,46.25,94.11
2021-09-21,45.45,93.99
2021-09-22,46.13,95.3343
2021-09-23,47.04,97.27
2021-09-24,46.48,97.5164
2021-09-27,47.13,98.3976
2021-09-28,45.84,96.25
2021-09-29,46.41,96.48
2021-09-30,45.8,95.4037
2021-10-01,47.68,96.6557
2021-10-04,48.17,95.6047
2021-10-05,48.57,97.7054
2021-10-06,48.24,97.95
2021-10-07,48.8,99.185
2021-10-08,49.08,99.6955
2021-10-11,48.83,99.02
2021-10-12,48.92,98.79
2021-10-13,49.41,99.04
2021-10-14,49.66,100.9681
2021-10-15,50.13,101.84
2021-10-18,50.87,102.2
2021-10-19,51.31,103.42
2021-10-20,51.85,104.14
2021-10-21,52.25,104.37
2021-10-22,52.25,105.4
2021-10-25,52.97,106.09
2021-10-26,52.17,106.07
2021-10-27,51.05,103.9
2021-10-28,52.46,105.93
2021-10-29,48.99,106.72
2021-11-01,48.69,108.18
2021-11-02,47.9,108.84
2021-11-03,48.7,110.05
2021-11-04,48.53,109.37
2021-11-05,47.92,109.62
2021-11-08,47.5,109.61
2021-11-09,47.23,109.39
2021-11-10,47.24,108.04
2021-11-11,48.38,109.1786
2021-11-12,47.84,109.925
2021-11-15,47.06,110.02
2021-11-16,46.99,109.8937
2021-11-17,46.2,108.63
2021-11-18,45.78,108.15
2021-11-19,46.26,107.454
2021-11-22,46.2,107.154
2021-11-23,46.34,107.9
2021-11-24,45.83,107.81
2021-11-26,44.08,104.25
2021-11-29,44.68,105.41
2021-11-30,42.62,102.23
2021-12-01,42.39,101.12
2021-12-02,44.0,103.728
2021-12-03,43.11,101.56
2021-12-06,43.77,102.46
2021-12-07,45.13,104.89
2021-12-08,44.1,104.83
2021-12-09,43.91,103.23
2021-12-10,43.46,103.02
2021-12-13,42.98,101.5922
2021-12-14,43.13,101.8
2021-12-15,43.1,102.66
2021-12-16,43.19,102.58
2021-12-17,42.44,101.5972
2021-12-20,41.73,98.4692
2021-12-21,42.85,100.84
2021-12-22,43.16,102.25
2021-12-23,43.99,103.74
2021-12-27,45.16,105.33
2021-12-28,44.65,104.883
2021-12-29,44.52,104.16
2021-12-30,44.19,103.9
2021-12-31,43.63,103.7
2022-01-03,44.87,103.4467
2022-01-04,45.7,104.6184
2022-01-05,44.58,101.43
2022-01-06,45.77,102.42
2022-01-07,46.0,102.57
2022-01-10,45.82,101.9765
2022-01-11,46.39,103.99
2022-01-12,44.94,103.26
2022-01-13,45.05,101.79
2022-01-14,44.34,100.55
2022-01-18,43.07,97.65
2022-01-19,41.81,95.96
2022-01-20,42.33,95.1
2022-01-21,41.84,92.61
2022-01-24,41.71,92.89
2022-01-25,41.38,91.5
2022-01-26,41.64,91.13
2022-01-27,41.93,90.86
2022-01-28,42.57,92.49
2022-01-31,43.64,95.36
2022-02-01,44.21,96.33
2022-02-02,42.94,96.18
2022-02-03,42.77,94.71
2022-02-04,41.28,96.17
2022-02-07,40.77,96.38
2022-02-08,41.08,97.15
2022-02-09,41.77,98.82
2022-02-10,40.52,97.06
2022-02-11,38.77,95.1
2022-02-14,37.95,94.22
2022-02-15,37.91,96.35
2022-02-16,37.78,96.81
2022-02-17,36.31,93.63
2022-02-18,35.98,93.06
2022-02-22,35.21,91.6418
2022-02-23,34.65,89.86
2022-02-24,34.12,90.45
2022-02-25,34.98,93.11
2022-02-28,34.58,92.18
2022-03-01,33.95,89.4
2022-03-02,35.15,91.8693
2022-03-03,34.89,90.61
2022-03-04,33.73,88.36
2022-03-07,32.95,84.49
2022-03-08,32.17,84.12
2022-03-09,33.43,87.4181
2022-03-10,32.72,86.58
2022-03-11,32.34,85.83
2022-03-14,32.21,86.13
2022-03-15,33.16,87.26
2022-03-16,34.75,90.97
2022-03-17,34.15,91.67
2022-03-18,35.29,92.87
2022-03-21,35.1,91.1
2022-03-22,35.84,92.62
2022-03-23,34.56,90.58
2022-03-24,35.23,91.55
2022-03-25,35.04,91.54
2022-03-28,35.48,91.89
2022-03-29,36.73,94.05
2022-03-30,35.92,92.64
2022-03-31,34.5,91.35
2022-04-01,35.24,91.72
2022-04-04,35.46,91.77
2022-04-05,34.71,90.28
2022-04-06,34.14,87.88
2022-04-07,33.67,87.37
2022-04-08,33.87,87.37
2022-04-11,34.08,86.55
2022-04-12,33.49,85.71
2022-04-13,33.77,87.05
2022-04-14,33.18,85.92
2022-04-18,34.16,85.39
2022-04-19,35.82,88.01
2022-04-20,35.94,88.56
2022-04-21,35.29,85.8768
2022-04-22,34.41,83.39
2022-04-25,34.85,84.2
2022-04-26,33.47,81.25
2022-04-27,33.49,81.22
2022-04-28,34.15,82.28
2022-04-29,32.77,78.92
2022-05-02,33.79,80.146
2022-05-03,34.0,80.93
2022-05-04,34.6,82.9
2022-05-05,34.04,79.59
2022-05-06,32.8,78.2503
2022-05-09,32.87,75.79
2022-05-10,33.05,75.62
2022-05-11,32.01,74.0
2022-05-12,31.92,74.68
2022-05-13,32.18,77.03
2022-05-16,32.33,76.38
2022-05-17,33.99,78.87
2022-05-18,32.91,76.03
2022-05-19,33.07,76.36
2022-05-20,33.74,77.285
2022-05-23,33.71,78.1804
2022-05-24,33.57,77.4388
2022-05-25,34.47,78.67
2022-05-26,34.65,80.7605
2022-05-27,35.57,82.68
2022-05-31,35.26,82.02
2022-06-01,35.02,80.56
2022-06-02,36.12,82.6634
2022-06-03,35.19,81.31
2022-06-06,36.01,81.86
2022-06-07,36.47,82.2414
2022-06-08,35.62,80.6383
2022-06-09,35.03,78.9734
2022-06-10,33.14,76.05
2022-06-13,31.74,72.79
2022-06-14,31.9,72.7481
2022-06-15,32.59,73.88
2022-06-16,31.26,71.31
2022-06-17,31.06,71.76
2022-06-21,31.58,72.92
2022-06-22,31.34,72.9158
2022-06-23,32.15,73.93
2022-06-24,34.0,76.6289
2022-06-27,33.23,76.15
2022-06-28,33.4,75.2321
2022-06-29,33.01,73.95
2022-06-30,32.41,72.93
2022-07-01,32.44,73.75
2022-07-05,33.33,75.1541
2022-07-06,33.27,74.2016
2022-07-07,34.64,75.53
2022-07-08,34.66,75.152
2022-07-11,33.27,73.7648
2022-07-12,33.59,73.6546
2022-07-13,32.67,72.86
2022-07-14,32.11,72.1971
2022-07-15,33.52,74.43
2022-07-18,32.91,73.9574
2022-07-19,34.48,76.5878
2022-07-20,35.15,77.8194
2022-07-21,35.23,78.6696
2022-07-22,35.11,78.29
2022-07-25,34.59,78.1232
2022-07-26,34.03,76.8841
2022-07-27,34.61,78.4834
2022-07-28,36.59,80.54
2022-07-29,37.67,81.6226
2022-08-01,37.83,81.4349
2022-08-02,37.83,81.05
2022-08-03,38.66,82.9734
2022-08-04,38.21,83.6863
2022-08-05,37.27,83.6876
2022-08-08,37.59,84.24
2022-08-09,37.27,83.3209
2022-08-10,38.85,85.6896
2022-08-11,39.1,85.9042
2022-08-12,39.66,87.69
2022-08-15,39.08,87.86
2022-08-16,39.26,87.94
2022-08-17,38.94,87.2799
2022-08-18,38.98,87.3964
2022-08-19,38.06,84.89
2022-08-22,37.16,83.1036
2022-08-23,37.52,82.96
2022-08-24,37.58,83.335
2022-08-25,38.68,84.48
2022-08-26,36.85,81.6977
2022-08-29,36.39,80.7795
2022-08-30,36.26,80.2334
2022-08-31,36.35,80.0624
2022-09-01,36.19,79.9
2022-09-02,35.76,78.9496
2022-09-06,35.89,79.23
2022-09-07,36.79,80.6617
2022-09-08,37.35,81.965
2022-09-09,38.1,83.62
2022-09-12,38.49,84.19
2022-09-13,36.51,80.7005
2022-09-14,36.77,80.49
2022-09-15,37.22,80.2471
2022-09-16,36.05,79.2511
2022-09-19,37.08,79.65
2022-09-20,36.09,78.2113
2022-09-21,35.69,77.2321
2022-09-22,35.29,75.6
2022-09-23,33.47,73.71
2022-09-26,32.95,72.8942
2022-09-27,31.96,72.23
2022-09-28,32.68,73.64
2022-09-29,31.85,72.0786
2022-09-30,31.83,71.57
2022-10-03,32.41,73.49
2022-10-04,34.45,76.9129
2022-10-05,33.99,76.5244
2022-10-06,33.02,75.89
2022-10-07,32.41,73.5462
2022-10-10,32.18,73.2901
2022-10-11,31.84,72.224
2022-10-12,31.28,72.1101
2022-10-13,32.75,74.07
2022-10-14,31.94,71.56
2022-10-17,32.94,73.52
2022-10-18,33.55,74.4323
2022-10-19,33.0,73.3
2022-10-20,32.74,72.39
2022-10-21,34.25,74.52
2022-10-24,34.5,75.2
2022-10-25,34.5,76.9323
2022-10-26,36.2,77.5102
2022-10-27,37.17,78.1664
2022-10-28,38.55,80.1225
2022-10-31,37.71,79.5015
2022-11-01,37.51,80.04
2022-11-02,36.87,78.9587
2022-11-03,35.24,77.7952
2022-11-04,34.97,79.4491
2022-11-07,35.63,80.39
2022-11-08,35.52,80.88
2022-11-09,34.86,79.1713
2022-11-10,38.1,84.9
2022-11-11,38.84,86.26
2022-11-14,38.81,84.27
2022-11-15,38.72,85.31
2022-11-16,37.71,83.9393
2022-11-17,36.84,82.8335
2022-11-18,36.59,83.0504
2022-11-21,36.54,83.2154
2022-11-22,36.74,84.22
2022-11-23,36.94,84.4974
2022-11-25,36.75,84.7092
2022-11-28,36.21,83.0105
2022-11-29,36.47,83.2251
2022-11-30,36.61,85.2
2022-12-01,36.91,85.6126
2022-12-02,36.75,85.64
2022-12-05,34.64,83.6858
2022-12-06,34.05,82.74
2022-12-07,35.62,82.3758
2022-12-08,35.91,82.5299
2022-12-09,35.88,82.1361
2022-12-12,37.75,82.9969
2022-12-13,38.6,83.89
2022-12-14,38.8,82.55
2022-12-15,36.33,80.3062
2022-12-16,35.97,79.56
2022-12-19,35.46,78.15
2022-12-20,35.78,78.35
2022-12-21,36.82,79.86
2022-12-22,35.4,78.49
2022-12-23,35.62,78.83
2022-12-27,35.25,78.42
2022-12-28,34.7,77.6081
2022-12-29,35.23,79.5134
2022-12-30,34.67,78.85
2023-01-03,35.01,79.48
2023-01-04,35.89,80.8166
2023-01-05,35.62,79.9811
2023-01-06,36.57,82.0651
2023-01-09,36.74,83.2299
2023-01-10,37.21,84.5
2023-01-11,38.24,85.63
2023-01-12,38.09,86.4426
2023-01-13,38.65,87.0046
2023-01-17,39.0,87.15
2023-01-18,38.99,86.46
2023-01-19,38.88,85.0874
2023-01-20,39.99,86.83
2023-01-23,40.13,87.6099
2023-01-24,39.57,87.2189
2023-01-25,39.91,87.1694
2023-01-26,40.69,88.0285
2023-01-27,40.89,88.8505
2023-01-30,40.37,87.8602
2023-01-31,40.08,89.34
2023-02-01,41.16,90.64
2023-02-02,40.85,92.85
2023-02-03,40.42,92.52
2023-02-06,39.08,91.12
2023-02-07,38.75,91.8853
2023-02-08,38.21,91.1589
2023-02-09,37.77,89.5692
2023-02-10,37.82,89.9423
2023-02-13,38.29,91.4
2023-02-14,37.85,91.26
2023-02-15,37.87,92.21
2023-02-16,37.19,91.17
2023-02-17,37.68,91.2002
2023-02-21,36.25,88.47
2023-02-22,36.42,88.25
2023-02-23,36.98,88.4001
2023-02-24,36.8,87.1744
2023-02-27,37.22,87.6044
2023-02-28,37.36,88.1966
2023-03-01,38.25,87.9025
2023-03-02,38.0,87.73
2023-03-03,38.02,89.02
2023-03-06,37.63,88.2821
2023-03-07,37.0,86.7926
2023-03-08,37.37,87.3
2023-03-09,35.94,84.2716
2023-03-10,34.29,80.3098
2023-03-13,33.18,78.7741
2023-03-14,33.2,80.81
2023-03-15,32.5,79.8086
2023-03-16,33.41,81.4128
2023-03-17,32.72,80.14
2023-03-20,33.43,80.3219
2023-03-21,34.51,82.8782
2023-03-22,33.76,80.83
2023-03-23,33.5,80.2499
2023-03-24,32.73,79.7781
2023-03-27,33.09,80.5899
2023-03-28,32.31,80.5654
2023-03-29,32.62,81.62
2023-03-30,32.2,81.48
2023-03-31,33.11,83.07
2023-04-03,32.56,82.2637
2023-04-04,31.77,81.23
2023-04-05,31.51,80.3436
2023-04-06,31.34,80.6142
2023-04-10,31.27,81.0039
2023-04-11,32.04,82.08
2023-04-12,32.29,81.8403
2023-04-13,32.73,82.8926
2023-04-14,33.86,83.2869
2023-04-17,34.32,83.61
2023-04-18,34.55,84.1201
2023-04-19,34.84,84.64
2023-04-20,34.7,83.9953
2023-04-21,35.25,83.8897
2023-04-24,34.78,83.4
2023-04-25,33.81,81.3
2023-04-26,32.4,79.9621
2023-04-27,32.31,80.83
2023-04-28,31.3,81.7048
2023-05-01,31.17,81.0928
2023-05-02,30.22,79.09
2023-05-03,29.81,78.02
2023-05-04,29.36,76.3862
2023-05-05,28.88,78.7396
2023-05-08,28.82,78.5397
2023-05-09,28.82,78.4836
2023-05-10,28.89,78.8694
2023-05-11,28.53,78.4675
2023-05-12,28.65,78.1339
2023-05-15,28.79,78.9153
2023-05-16,28.24,77.9612
2023-05-17,28.56,79.4473
2023-05-18,28.72,79.8296
2023-05-19,28.26,79.5991
2023-05-22,29.1,80.5183
2023-05-23,29.08,79.7046
2023-05-24,28.48,78.6755
2023-05-25,28.15,78.8081
2023-05-26,28.76,79.8025
2023-05-30,28.93,80.0069
2023-05-31,28.69,79.08
2023-06-01,29.1,79.9639
2023-06-02,30.78,82.1778
2023-06-05,30.07,81.5822
2023-06-06,30.36,82.7552
2023-06-07,30.92,83.7
2023-06-08,30.64,84.1
2023-06-09,30.32,83.9331
2023-06-12,30.09,83.2565
2023-06-13,30.94,84.55
2023-06-14,31.32,84.97
2023-06-15,32.22,86.213
2023-06-16,32.1,85.415
2023-06-20,32.67,84.5998
2023-06-21,32.37,83.85
2023-06-22,31.63,82.5841
2023-06-23,30.58,81.69
2023-06-26,30.38,81.82
2023-06-27,30.83,83.11
2023-06-28,31.24,83.46
2023-06-29,31.53,84.6417
2023-06-30,32.0,84.8837
2023-07-03,32.73,85.6873
2023-07-05,31.75,84.51
2023-07-06,31.48,83.5006
2023-07-07,31.85,84.1488
2023-07-10,31.75,84.9883
2023-07-11,32.74,86.6224
2023-07-12,34.12,87.8889
2023-07-13,34.81,90.07
2023-07-14,34.3,89.2222
2023-07-17,34.58,89.8899
2023-07-18,34.75,91.66
2023-07-19,35.73,92.6362
2023-07-20,36.22,92.499
2023-07-21,35.76,92.2
2023-07-24,35.84,92.55
2023-07-25,36.41,92.6005
2023-07-26,36.0,92.72
2023-07-27,35.97,91.28
2023-07-28,35.61,91.52
2023-07-31,35.1,91.65
2023-08-01,34.86,91.442
2023-08-02,34.4,90.38
2023-08-03,34.03,90.28
2023-08-04,33.59,90.1634
2023-08-07,33.92,91.1759
2023-08-08,33.31,89.9322
2023-08-09,33.36,89.13
2023-08-10,34.34,89.1389
2023-08-11,34.56,89.0735
2023-08-14,34.4,88.9012
2023-08-15,33.52,87.4821
2023-08-16,33.44,87.1
2023-08-17,33.39,86.9343
2023-08-18,33.47,87.0694
2023-08-21,32.56,86.9538
2023-08-22,31.91,86.3262
2023-08-23,32.42,87.421
2023-08-24,32.62,87.0
2023-08-25,32.63,87.28
2023-08-28,33.63,88.27
2023-08-29,34.55,89.69
2023-08-30,35.09,89.87
2023-08-31,34.74,89.81
2023-09-01,35.07,90.3781
2023-09-05,33.58,89.2
2023-09-06,33.06,88.79
2023-09-07,32.83,88.7898
2023-09-08,33.05,89.46
2023-09-11,32.66,89.7031
2023-09-12,33.29,90.01
2023-09-13,33.02,89.665
2023-09-14,33.17,90.69
2023-09-15,33.5,90.6783
2023-09-18,33.4,90.25
2023-09-19,32.96,89.768
2023-09-20,32.77,89.2064
2023-09-21,31.63,87.63
2023-09-22,31.44,87.01
2023-09-25,31.18,87.2147
2023-09-26,30.35,85.7432
2023-09-27,30.53,85.94
2023-09-28,31.03,87.156
2023-09-29,31.01,86.7571
2023-10-02,30.24,85.821
2023-10-03,29.36,83.7184
2023-10-04,29.3,84.62
2023-10-05,29.57,85.4474
2023-10-06,29.67,86.26
2023-10-09,29.74,86.4813
2023-10-10,29.96,86.72
2023-10-11,30.75,86.84
2023-10-12,29.7,85.3
2023-10-13,29.46,84.6
2023-10-16,29.68,85.6377
2023-10-17,30.3,86.221
2023-10-18,29.44,84.1889
2023-10-19,28.72,82.6575
2023-10-20,28.47,81.74
2023-10-23,28.23,81.5
2023-10-24,28.75,82.0037
2023-10-25,27.55,80.4077
2023-10-26,28.47,81.4047
2023-10-27,28.69,80.2992
2023-10-30,28.48,81.5756
2023-10-31,27.77,82.0817
2023-11-01,27.91,82.79
2023-11-02,28.18,84.8936
2023-11-03,28.75,86.71
2023-11-06,28.31,85.97
2023-11-07,28.5,85.93
2023-11-08,28.49,85.69
2023-11-09,27.92,85.33
2023-11-10,27.05,86.07
2023-11-13,26.4,85.6164
2023-11-14,27.6,88.0957
2023-11-15,27.92,88.62
2023-11-16,26.91,88.01
2023-11-17,26.82,88.63
2023-11-20,26.8,88.9591
2023-11-21,26.65,88.67
2023-11-22,27.32,89.36
2023-11-24,27.57,89.73
2023-11-27,28.6,89.59
2023-11-28,28.91,89.4633
2023-11-29,29.57,90.549
2023-11-30,29.98,91.3
2023-12-01,30.23,92.64
2023-12-04,31.09,93.55
2023-12-05,30.87,93.12
2023-12-06,31.19,92.91
2023-12-07,31.78,93.52
2023-12-08,32.51,94.57
2023-12-11,32.01,94.88
2023-12-12,32.31,95.419
2023-12-13,33.33,97.42
2023-12-14,34.95,100.304
2023-12-15,34.92,99.8647
2023-12-18,34.45,99.37
2023-12-19,35.1,100.6918
2023-12-20,34.86,99.24
2023-12-21,34.87,100.6746
2023-12-22,34.56,101.146
2023-12-26,34.79,101.8734
2023-12-27,35.21,102.67
2023-12-28,34.98,102.8064
2023-12-29,34.8,101.9717
