date,NTRS,KBE
2010-01-04,52.53,21.71
2010-01-05,52.46,22.18
2010-01-06,51.7,22.47
2010-01-07,52.19,23.41
2010-01-08,52.42,23.32
2010-01-11,51.04,23.33
2010-01-12,50.95,22.94
2010-01-13,51.55,23.33
2010-01-14,51.3,23.68
2010-01-15,51.55,23.16
2010-01-19,52.43,23.4
2010-01-20,55.44,23.71
2010-01-21,53.51,23.67
2010-01-22,52.07,22.96
2010-01-25,51.99,23.0
2010-01-26,50.93,22.57
2010-01-27,52.49,23.19
2010-01-28,51.59,23.3
2010-01-29,50.52,23.09
2010-02-01,52.17,23.42
2010-02-02,52.12,23.47
2010-02-03,51.61,22.95
2010-02-04,49.89,21.98
2010-02-05,50.54,22.24
2010-02-08,49.99,21.91
2010-02-09,50.08,22.18
2010-02-10,50.56,22.34
2010-02-11,50.34,22.38
2010-02-12,50.01,22.23
2010-02-16,50.99,22.81
2010-02-17,51.84,22.83
2010-02-18,52.47,22.85
2010-02-19,54.6,23.15
2010-02-22,54.65,23.59
2010-02-23,53.46,23.1
2010-02-24,53.56,23.56
2010-02-25,53.11,23.4
2010-02-26,53.29,23.51
2010-03-01,53.44,23.43
2010-03-02,53.41,23.58
2010-03-03,53.46,23.55
2010-03-04,53.76,23.55
2010-03-05,54.89,24.14
2010-03-08,54.9,24.2
2010-03-09,54.8,24.35
2010-03-10,54.03,24.91
2010-03-11,54.05,25.3
2010-03-12,53.97,25.05
2010-03-15,54.26,25.12
2010-03-16,54.81,25.57
2010-03-17,55.8,26.02
2010-03-18,55.62,25.61
2010-03-19,55.45,25.37
2010-03-22,55.63,25.66
2010-03-23,55.79,25.89
2010-03-24,55.16,26.01
2010-03-25,55.98,26.07
2010-03-26,55.35,26.01
2010-03-29,55.19,25.89
2010-03-30,54.65,25.73
2010-03-31,55.26,25.81
2010-04-01,56.64,25.99
2010-04-05,57.17,26.61
2010-04-06,57.45,27.19
2010-04-07,56.91,27.08
2010-04-08,57.82,27.36
2010-04-09,58.01,27.48
2010-04-12,58.77,27.79
2010-04-13,59.02,27.49
2010-04-14,58.96,28.4
2010-04-15,58.65,28.17
2010-04-16,57.39,27.26
2010-04-19,58.37,27.47
2010-04-20,55.37,28.23
2010-04-21,54.73,28.43
2010-04-22,55.63,28.69
2010-04-23,56.31,28.72
2010-04-26,55.31,27.89
2010-04-27,54.34,27.07
2010-04-28,54.37,27.42
2010-04-29,55.65,28.02
2010-04-30,54.98,27.66
2010-05-03,54.9,28.12
2010-05-04,53.92,27.35
2010-05-05,53.93,27.35
2010-05-06,51.67,26.11
2010-05-07,51.8,25.7
2010-05-10,55.11,27.25
2010-05-11,54.45,27.4
2010-05-12,55.34,27.77
2010-05-13,54.28,27.3
2010-05-14,53.18,26.52
2010-05-17,53.82,26.48
2010-05-18,52.79,25.45
2010-05-19,52.35,25.33
2010-05-20,50.1,24.13
2010-05-21,51.88,25.06
2010-05-24,50.65,24.24
2010-05-25,50.78,24.45
2010-05-26,50.48,24.36
2010-05-27,51.97,25.37
2010-05-28,50.81,24.77
2010-06-01,49.82,24.22
2010-06-02,51.11,24.95
2010-06-03,50.93,24.77
2010-06-04,49.015,23.67
2010-06-07,48.5,23.16
2010-06-08,49.06,23.63
2010-06-09,48.75,23.43
2010-06-10,49.5,24.34
2010-06-11,49.93,24.3
2010-06-14,49.34,24.13
2010-06-15,50.76,24.8
2010-06-16,51.32,24.74
2010-06-17,50.9,24.7
2010-06-18,50.3,24.84
2010-06-21,49.39,24.82
2010-06-22,48.61,24.48
2010-06-23,48.45,24.3
2010-06-24,47.44,23.74
2010-06-25,48.44,24.41
2010-06-28,48.3,24.34
2010-06-29,47.42,23.28
2010-06-30,46.7,22.89
2010-07-01,46.57,22.69
2010-07-02,45.81,22.34
2010-07-06,45.96,22.58
2010-07-07,49.14,23.87
2010-07-08,47.9,23.94
2010-07-09,48.53,24.5
2010-07-12,49.09,24.59
2010-07-13,50.14,25.29
2010-07-14,49.78,24.91
2010-07-15,49.73,24.79
2010-07-16,48.36,23.4
2010-07-19,48.56,23.34
2010-07-20,49.32,23.32
2010-07-21,47.16,22.785
2010-07-22,46.97,23.6
2010-07-23,47.51,23.76
2010-07-26,48.22,24.37
2010-07-27,48.26,24.53
2010-07-28,47.64,24.24
2010-07-29,47.49,24.21
2010-07-30,46.99,24.19
2010-08-02,48.52,24.91
2010-08-03,48.32,24.59
2010-08-04,48.51,24.54
2010-08-05,49.11,24.42
2010-08-06,48.57,24.1
2010-08-09,48.98,24.19
2010-08-10,49.14,24.05
2010-08-11,49.1,23.02
2010-08-12,50.19,22.89
2010-08-13,49.39,22.86
2010-08-16,49.63,22.83
2010-08-17,50.5,22.85
2010-08-18,49.81,22.93
2010-08-19,48.3,22.37
2010-08-20,48.305,22.29
2010-08-23,47.72,22.14
2010-08-24,46.94,21.67
2010-08-25,46.5,21.56
2010-08-26,45.86,21.45
2010-08-27,47.05,21.91
2010-08-30,45.84,21.39
2010-08-31,46.1275,21.6
2010-09-01,47.4,22.47
2010-09-02,47.22,22.73
2010-09-03,48.86,23.13
2010-09-07,47.71,22.49
2010-09-08,47.83,22.79
2010-09-09,47.94,23.16
2010-09-10,47.7,23.17
2010-09-13,48.98,23.83
2010-09-14,48.61,23.56
2010-09-15,48.68,23.56
2010-09-16,49.25,23.42
2010-09-17,49.04,23.23
2010-09-20,49.48,23.76
2010-09-21,48.435,23.45
2010-09-22,47.54,23.04
2010-09-23,46.97,22.63
2010-09-24,48.64,23.27
2010-09-27,47.97,22.91
2010-09-28,48.1,22.99
2010-09-29,47.82,22.88
2010-09-30,48.24,22.95
2010-10-01,48.72,23.17
2010-10-04,47.67,23.09
2010-10-05,48.6,23.77
2010-10-06,48.89,23.68
2010-10-07,48.22,23.58
2010-10-08,48.35,23.53
2010-10-11,48.95,23.52
2010-10-12,49.26,23.83
2010-10-13,49.48,23.66
2010-10-14,49.3,23.04
2010-10-15,48.74,22.46
2010-10-18,50.15,22.97
2010-10-19,49.29,22.89
2010-10-20,48.92,22.72
2010-10-21,47.41,22.765
2010-10-22,47.81,22.81
2010-10-25,48.02,22.595
2010-10-26,50.57,22.63
2010-10-27,50.31,22.67
2010-10-28,50.02,22.61
2010-10-29,49.63,22.59
2010-11-01,49.41,22.48
2010-11-02,50.61,22.43
2010-11-03,50.42,22.85
2010-11-04,51.63,23.62
2010-11-05,51.88,24.19
2010-11-08,51.3,24.05
2010-11-09,50.53,23.63
2010-11-10,51.44,24.0175
2010-11-11,51.2,23.875
2010-11-12,50.6,23.35
2010-11-15,51.3,23.5
2010-11-16,50.59,23.11
2010-11-17,50.43,22.72
2010-11-18,51.05,22.88
2010-11-19,51.17,22.88
2010-11-22,50.86,22.49
2010-11-23,50.34,22.1
2010-11-24,51.17,22.35
2010-11-26,50.73,22.15
2010-11-29,50.59,22.41
2010-11-30,50.3,22.26
2010-12-01,51.52,22.76
2010-12-02,52.99,23.65
2010-12-03,52.82,23.89
2010-12-06,52.64,23.78
2010-12-07,52.51,23.79
2010-12-08,52.55,24.44
2010-12-09,53.6,25.05
2010-12-10,54.1,25.31
2010-12-13,54.46,25.2
2010-12-14,54.5,24.81
2010-12-15,54.15,24.54
2010-12-16,54.7,24.59
2010-12-17,54.26,24.88
2010-12-20,54.25,25.0
2010-12-21,54.9,25.49
2010-12-22,55.73,26.0671
2010-12-23,55.3,25.7
2010-12-27,55.58,25.97
2010-12-28,55.7,26.1
2010-12-29,55.51,26.01
2010-12-30,55.5,25.93
2010-12-31,55.41,25.91
2011-01-03,55.93,26.5
2011-01-04,56.0,26.4225
2011-01-05,56.55,26.81
2011-01-06,56.35,26.48
2011-01-07,55.26,26.23
2011-01-10,54.71,26.19
2011-01-11,54.85,26.32
2011-01-12,55.9,26.7225
2011-01-13,55.5,26.55
2011-01-14,55.88,27.14
2011-01-18,55.64,26.89
2011-01-19,52.49,26.22
2011-01-20,52.91,26.18
2011-01-21,52.91,26.61
2011-01-24,52.56,26.34
2011-01-25,52.59,26.3075
2011-01-26,52.55,26.16
2011-01-27,52.51,26.46
2011-01-28,51.69,26.04
2011-01-31,51.98,26.32
2011-02-01,52.3,26.96
2011-02-02,51.88,26.8075
2011-02-03,52.02,26.8975
2011-02-04,51.84,26.905
2011-02-07,52.12,27.285
2011-02-08,52.49,27.4975
2011-02-09,52.11,27.19
2011-02-10,52.02,27.08
2011-02-11,52.86,27.6175
2011-02-14,52.64,27.62
2011-02-15,52.83,27.52
2011-02-16,54.0,27.62
2011-02-17,54.04,27.38
2011-02-18,54.55,27.415
2011-02-22,52.95,26.47
2011-02-23,52.4,26.42
2011-02-24,52.14,26.245
2011-02-25,52.21,26.63
2011-02-28,51.57,26.5
2011-03-01,51.08,25.92
2011-03-02,51.07,25.87
2011-03-03,51.83,26.375
2011-03-04,51.44,25.98
2011-03-07,50.94,25.78
2011-03-08,51.93,26.48
2011-03-09,52.06,26.49
2011-03-10,50.94,25.88
2011-03-11,50.95,26.12
2011-03-14,50.55,25.9
2011-03-15,49.775,25.69
2011-03-16,49.24,25.3
2011-03-17,49.81,25.65
2011-03-18,49.94,25.81
2011-03-21,50.43,25.815
2011-03-22,50.44,25.68
2011-03-23,50.35,25.52
2011-03-24,51.02,25.6
2011-03-25,50.68,25.71
2011-03-28,50.41,25.63
2011-03-29,50.55,25.69
2011-03-30,51.12,25.9
2011-03-31,50.75,25.82
2011-04-01,51.69,26.04
2011-04-04,51.81,26.03
2011-04-05,51.7,26.03
2011-04-06,52.34,26.43
2011-04-07,52.24,26.3
2011-04-08,52.12,26.08
2011-04-11,52.36,26.025
2011-04-12,51.96,25.99
2011-04-13,51.63,25.7
2011-04-14,51.625,25.46
2011-04-15,51.78,25.4
2011-04-18,51.4,25.1
2011-04-19,48.67,25.11
2011-04-20,49.03,24.99
2011-04-21,49.38,25.09
2011-04-25,48.98,25.1
2011-04-26,49.65,25.3
2011-04-27,49.87,25.56
2011-04-28,49.92,25.68
2011-04-29,49.99,25.61
2011-05-02,49.16,25.54
2011-05-03,49.37,25.75
2011-05-04,49.16,25.55
2011-05-05,48.63,25.19
2011-05-06,48.43,25.21
2011-05-09,48.51,25.16
2011-05-10,49.28,25.38
2011-05-11,48.43,25.15
2011-05-12,48.82,25.08
2011-05-13,48.24,24.63
2011-05-16,48.63,24.669
2011-05-17,49.04,25.07
2011-05-18,49.49,25.14
2011-05-19,49.44,25.16
2011-05-20,48.93,24.75
2011-05-23,48.53,24.38
2011-05-24,48.61,24.35
2011-05-25,48.64,24.335
2011-05-26,48.52,24.42
2011-05-27,48.45,24.77
2011-05-31,48.79,24.95
2011-06-01,47.52,23.93
2011-06-02,47.64,23.97
2011-06-03,47.23,23.75
2011-06-06,47.07,23.26
2011-06-07,46.78,23.235
2011-06-08,46.41,23.1
2011-06-09,47.35,23.38
2011-06-10,46.765,23.28
2011-06-13,47.3,23.52
2011-06-14,47.44,23.65
2011-06-15,46.36,23.27
2011-06-16,46.35,23.37
2011-06-17,46.79,23.56
2011-06-20,46.56,23.43
2011-06-21,46.83,23.69
2011-06-22,46.24,23.48
2011-06-23,45.51,23.24
2011-06-24,44.98,22.99
2011-06-27,45.28,23.32
2011-06-28,45.26,23.36
2011-06-29,46.14,23.94
2011-06-30,45.96,23.99
2011-07-01,46.5,24.44
2011-07-05,45.77,24.17
2011-07-06,46.0,24.0
2011-07-07,46.6,24.4
2011-07-08,45.87,24.03
2011-07-11,44.98,23.34
2011-07-12,45.31,23.285
2011-07-13,45.34,23.35
2011-07-14,44.44,23.08
2011-07-15,44.29,23.07
2011-07-18,43.39,22.7
2011-07-19,43.64,22.99
2011-07-20,44.19,23.29
2011-07-21,45.85,23.85
2011-07-22,45.92,23.77
2011-07-25,45.57,23.65
2011-07-26,45.6,23.58
2011-07-27,44.86,23.02
2011-07-28,44.64,23.0
2011-07-29,44.905,22.88
2011-08-01,44.78,22.84
2011-08-02,43.04,22.09
2011-08-03,43.35,22.24
2011-08-04,41.08,21.09
2011-08-05,41.3,20.62
2011-08-08,37.65,18.45
2011-08-09,39.04,19.7001
2011-08-10,36.13,18.1
2011-08-11,37.16,19.14
2011-08-12,36.71,18.8
2011-08-15,37.63,19.53
2011-08-16,37.22,19.15
2011-08-17,37.25,19.28
2011-08-18,35.345,18.22
2011-08-19,34.78,17.68
2011-08-22,35.1,17.48
2011-08-23,36.21,18.15
2011-08-24,37.47,18.77
2011-08-25,37.18,18.77
2011-08-26,37.23,18.99
2011-08-29,38.82,19.83
2011-08-30,38.57,19.69
2011-08-31,38.42,19.9
2011-09-01,38.02,19.33
2011-09-02,36.53,18.44
2011-09-06,36.01,18.15
2011-09-07,37.41,19.19
2011-09-08,36.43,18.7
2011-09-09,35.51,18.07
2011-09-12,35.92,18.38
2011-09-13,35.75,18.59
2011-09-14,36.56,18.92
2011-09-15,37.19,19.37
2011-09-16,37.0,19.21
2011-09-19,35.67,18.67
2011-09-20,35.64,18.62
2011-09-21,34.83,17.57
2011-09-22,34.03,17.09
2011-09-23,34.28,17.38
2011-09-26,35.07,18.29
2011-09-27,35.6,18.29
2011-09-28,34.79,17.65
2011-09-29,36.01,18.25
2011-09-30,34.98,17.54
2011-10-03,34.01,16.73
2011-10-04,36.02,17.47
2011-10-05,36.37,17.67
2011-10-06,36.71,18.46
2011-10-07,35.67,17.7
2011-10-10,37.44,18.61
2011-10-11,37.31,18.75
2011-10-12,38.03,19.34
2011-10-13,36.85,18.78
2011-10-14,36.93,18.91
2011-10-17,37.15,18.17
2011-10-18,38.78,19.25
2011-10-19,37.93,18.7
2011-10-20,38.61,19.03
2011-10-21,39.99,19.36
2011-10-24,40.61,19.79
2011-10-25,39.38,19.13
2011-10-26,39.85,19.5
2011-10-27,42.42,20.49
2011-10-28,42.02,20.4
2011-10-31,40.47,19.76
2011-11-01,38.7,18.78
2011-11-02,39.71,19.41
2011-11-03,40.58,19.84
2011-11-04,39.67,19.57
2011-11-07,40.02,19.78
2011-11-08,40.8,20.25
2011-11-09,38.52,19.07
2011-11-10,38.82,19.26
2011-11-11,40.02,19.69
2011-11-14,38.82,19.18
2011-11-15,39.09,19.28
2011-11-16,37.87,19.05
2011-11-17,37.09,18.78
2011-11-18,36.94,18.86
2011-11-21,36.65,18.32
2011-11-22,36.0,18.13
2011-11-23,35.1,17.56
2011-11-25,35.08,17.63
2011-11-28,35.58,18.09
2011-11-29,35.39,18.02
2011-11-30,37.63,19.21
2011-12-01,37.33,19.06
2011-12-02,38.27,19.31
2011-12-05,39.39,19.71
2011-12-06,39.91,19.52
2011-12-07,40.52,19.69
2011-12-08,38.97,19.01
2011-12-09,39.74,19.48
2011-12-12,39.25,19.14
2011-12-13,39.16,18.82
2011-12-14,39.25,18.73
2011-12-15,39.24,18.87
2011-12-16,38.98,18.88
2011-12-19,38.29,18.43
2011-12-20,39.44,19.16
2011-12-21,39.62,19.4
2011-12-22,40.53,19.94
2011-12-23,40.69,19.97
2011-12-27,40.26,19.95
2011-12-28,39.46,19.66
2011-12-29,39.94,19.96
2011-12-30,39.66,19.83
2012-01-03,40.66,20.29
2012-01-04,40.61,20.41
2012-01-05,40.96,20.8
2012-01-06,41.01,20.79
2012-01-09,41.41,21.12
2012-01-10,42.0,21.39
2012-01-11,42.26,21.56
2012-01-12,42.52,21.61
2012-01-13,42.17,21.56
2012-01-17,41.93,21.37
2012-01-18,41.22,21.54
2012-01-19,42.12,21.5
2012-01-20,43.07,21.72
2012-01-23,43.17,21.73
2012-01-24,42.79,21.59
2012-01-25,42.26,21.71
2012-01-26,41.08,21.19
2012-01-27,41.67,21.27
2012-01-30,41.36,21.11
2012-01-31,41.17,21.11
2012-02-01,42.145,21.42
2012-02-02,42.4,21.51
2012-02-03,44.09,22.17
2012-02-06,44.15,22.01
2012-02-07,44.17,22.05
2012-02-08,44.19,22.22
2012-02-09,44.06,22.18
2012-02-10,43.63,21.9
2012-02-13,43.65,22.07
2012-02-14,43.41,21.92
2012-02-15,43.18,21.9
2012-02-16,43.85,22.33
2012-02-17,43.88,22.45
2012-02-21,43.73,22.39
2012-02-22,43.02,21.91
2012-02-23,43.88,22.16
2012-02-24,43.86,22.07
2012-02-27,44.43,22.33
2012-02-28,44.39,22.36
2012-02-29,44.41,22.28
2012-03-01,44.96,22.44
2012-03-02,44.93,22.29
2012-03-05,44.33,22.11
2012-03-06,43.49,21.56
2012-03-07,43.64,21.9
2012-03-08,43.97,22.18
2012-03-09,44.28,22.47
2012-03-12,44.62,22.42
2012-03-13,45.57,23.31
2012-03-14,45.94,23.58
2012-03-15,47.2,24.18
2012-03-16,47.27,24.24
2012-03-19,47.62,24.44
2012-03-20,47.61,24.4
2012-03-21,47.4,24.25
2012-03-22,46.95,23.84
2012-03-23,47.26,23.95
2012-03-26,47.9,24.27
2012-03-27,47.48,23.97
2012-03-28,47.53,24.18
2012-03-29,47.1,23.93
2012-03-30,47.45,23.85
2012-04-02,47.83,24.02
2012-04-03,47.9,24.1
2012-04-04,47.04,23.72
2012-04-05,47.1,23.55
2012-04-09,46.22,23.11
2012-04-10,45.3,22.62
2012-04-11,46.02,23.06
2012-04-12,46.79,23.455
2012-04-13,45.7,22.73
2012-04-16,46.16,22.94
2012-04-17,46.87,23.37
2012-04-18,46.55,23.13
2012-04-19,46.46,22.99
2012-04-20,46.32,22.98
2012-04-23,45.81,22.84
2012-04-24,46.42,23.06
2012-04-25,46.91,23.34
2012-04-26,47.17,23.53
2012-04-27,47.58,23.58
2012-04-30,47.56,23.25
2012-05-01,47.82,23.46
2012-05-02,47.12,23.35
2012-05-03,47.04,23.21
2012-05-04,46.61,22.84
2012-05-07,46.73,23.06
2012-05-08,46.23,22.96
2012-05-09,45.16,22.67
2012-05-10,45.37,22.87
2012-05-11,45.12,22.75
2012-05-14,44.19,22.28
2012-05-15,44.37,22.03
2012-05-16,43.97,21.8
2012-05-17,43.57,21.45
2012-05-18,43.17,21.22
2012-05-21,43.31,21.42
2012-05-22,43.37,21.64
2012-05-23,43.52,21.8
2012-05-24,43.66,21.87
2012-05-25,43.49,21.8
2012-05-29,43.94,22.06
2012-05-30,42.85,21.52
2012-05-31,43.18,21.7
2012-06-01,41.72,20.63
2012-06-04,41.59,20.25
2012-06-05,41.475,20.38
2012-06-06,42.39,20.85
2012-06-07,42.76,20.99
2012-06-08,43.27,21.27
2012-06-11,42.82,20.78
2012-06-12,43.69,21.07
2012-06-13,43.03,20.96
2012-06-14,43.64,21.25
2012-06-15,44.35,21.46
2012-06-18,43.995,21.36
2012-06-19,44.64,21.75
2012-06-20,44.53,21.81
2012-06-21,43.29,21.3
2012-06-22,43.94,21.59
2012-06-25,43.46,21.1
2012-06-26,43.73,21.22
2012-06-27,43.95,21.52
2012-06-28,44.01,21.56
2012-06-29,46.02,22.04
2012-07-02,46.35,22.19
2012-07-03,46.62,22.32
2012-07-05,47.05,22.1
2012-07-06,46.49,21.97
2012-07-09,46.44,21.74
2012-07-10,45.8,21.55
2012-07-11,46.66,21.74
2012-07-12,45.82,21.54
2012-07-13,47.05,22.12
2012-07-16,47.03,22.07
2012-07-17,47.07,22.33
2012-07-18,46.24,22.14
2012-07-19,46.0,21.87
2012-07-20,45.3,21.44
2012-07-23,45.06,21.12
2012-07-24,44.815,21.19
2012-07-25,44.57,21.28
2012-07-26,45.44,21.51
2012-07-27,46.25,21.82
2012-07-30,45.71,21.77
2012-07-31,45.4,21.72
2012-08-01,45.05,21.63
2012-08-02,44.09,21.4
2012-08-03,45.48,21.98
2012-08-06,45.3,21.98
2012-08-07,46.01,22.21
2012-08-08,46.08,22.28
2012-08-09,46.17,22.24
2012-08-10,46.22,22.19
2012-08-13,46.23,22.21
2012-08-14,46.33,22.22
2012-08-15,46.49,22.33
2012-08-16,47.18,22.45
2012-08-17,47.24,22.6
2012-08-20,47.1,22.61
2012-08-21,46.95,22.63
2012-08-22,46.88,22.54
2012-08-23,46.18,22.27
2012-08-24,46.47,22.37
2012-08-27,46.27,22.49
2012-08-28,46.31,22.51
2012-08-29,46.385,22.72
2012-08-30,46.17,22.58
2012-08-31,46.44,22.59
2012-09-04,46.75,22.74
2012-09-05,46.74,22.7
2012-09-06,47.91,23.25
2012-09-07,47.99,23.51
2012-09-10,47.1,23.38
2012-09-11,47.44,23.53
2012-09-12,47.94,23.71
2012-09-13,48.88,24.19
2012-09-14,49.13,24.63
2012-09-17,48.64,24.2
2012-09-18,48.52,24.06
2012-09-19,47.83,24.13
2012-09-20,47.75,23.94
2012-09-21,47.835,23.77
2012-09-24,47.755,23.88
2012-09-25,46.96,23.53
2012-09-26,46.41,23.39
2012-09-27,46.55,23.59
2012-09-28,46.415,23.48
2012-10-01,46.885,23.51
2012-10-02,47.2,23.6
2012-10-03,47.47,23.92
2012-10-04,47.71,24.33
2012-10-05,47.35,24.36
2012-10-08,47.11,24.27
2012-10-09,46.75,24.04
2012-10-10,46.8,24.08
2012-10-11,47.05,24.24
2012-10-12,46.29,23.65
2012-10-15,46.66,23.74
2012-10-16,47.53,23.5
2012-10-17,48.2096,23.85
2012-10-18,48.32,23.8597
2012-10-19,47.1,23.7
2012-10-22,47.19,23.78
2012-10-23,46.93,23.5
2012-10-24,47.09,23.49
2012-10-25,47.33,23.68
2012-10-26,47.17,23.52
2012-10-31,47.8,23.65
2012-11-01,48.3,23.91
2012-11-02,47.8,23.68
2012-11-05,48.61,23.62
2012-11-06,48.76,23.95
2012-11-07,47.01,23.09
2012-11-08,46.54,22.8884
2012-11-09,46.64,22.91
2012-11-12,46.98,22.91
2012-11-13,46.66,22.67
2012-11-14,46.09,22.29
2012-11-15,46.52,22.33
2012-11-16,46.85,22.5
2012-11-19,47.35,22.9
2012-11-20,47.67,23.07
2012-11-21,47.81,23.02
2012-11-23,48.29,23.45
2012-11-26,48.2,23.35
2012-11-27,47.885,23.16
2012-11-28,47.95,23.2
2012-11-29,48.13,23.26
2012-11-30,48.02,23.27
2012-12-03,48.06,23.17
2012-12-04,47.57,22.98
2012-12-05,47.44,23.19
2012-12-06,47.65,23.21
2012-12-07,47.85,23.36
2012-12-10,47.73,23.4003
2012-12-11,47.95,23.49
2012-12-12,47.72,23.56
2012-12-13,47.55,23.42
2012-12-14,47.12,23.29
2012-12-17,48.7,23.85
2012-12-18,49.49,24.259
2012-12-19,49.6,24.1799
2012-12-20,50.21,24.4
2012-12-21,50.16,23.93
2012-12-24,50.17,23.83
2012-12-26,49.9,23.76
2012-12-27,49.94,23.67
2012-12-28,49.9477,23.56
2012-12-31,50.16,23.83
2013-01-02,51.81,24.57
2013-01-03,51.79,24.64
2013-01-04,53.42,25.03
2013-01-07,53.09,24.97
2013-01-08,52.14,24.85
2013-01-09,52.15,24.73
2013-01-10,52.41,24.97
2013-01-11,52.57,24.76
2013-01-14,52.52,24.8
2013-01-15,52.81,24.93
2013-01-16,49.78,25.0
2013-01-17,50.05,25.2
2013-01-18,50.25,25.12
2013-01-22,50.66,25.34
2013-01-23,50.57,25.21
2013-01-24,50.88,25.3
2013-01-25,51.32,25.34
2013-01-28,51.54,25.33
2013-01-29,51.77,25.38
2013-01-30,51.97,25.49
2013-01-31,51.48,25.48
2013-02-01,52.05,25.85
2013-02-04,51.28,25.6
2013-02-05,51.74,25.94
2013-02-06,52.39,26.01
2013-02-07,52.58,26.02
2013-02-08,52.7,26.09
2013-02-11,52.69,26.18
2013-02-12,52.93,26.39
2013-02-13,53.22,26.38
2013-02-14,53.09,26.31
2013-02-15,53.47,26.22
2013-02-19,53.91,26.42
2013-02-20,53.26,26.06
2013-02-21,52.52,25.75
2013-02-22,53.23,26.04
2013-02-25,52.18,25.41
2013-02-26,52.48,25.57
2013-02-27,53.29,25.91
2013-02-28,53.19,26.0
2013-03-01,53.28,26.0
2013-03-04,53.84,26.23
2013-03-05,54.37,26.35
2013-03-06,54.05,26.46
2013-03-07,54.41,26.75
2013-03-08,54.93,26.85
2013-03-11,55.1,27.06
2013-03-12,54.79,26.91
2013-03-13,54.85,27.04
2013-03-14,55.19,27.23
2013-03-15,54.55,27.17
2013-03-18,54.25,26.92
2013-03-19,53.99,26.9
2013-03-20,54.55,27.12
2013-03-21,53.81,26.88
2013-03-22,54.77,26.93
2013-03-25,54.42,26.91
2013-03-26,54.86,27.05
2013-03-27,54.65,26.98
2013-03-28,54.559,26.93
2013-04-01,54.38,26.65
2013-04-02,54.78,26.5
2013-04-03,54.24,26.11
2013-04-04,54.34,26.24
2013-04-05,53.76,26.24
2013-04-08,54.58,26.46
2013-04-09,54.75,26.58
2013-04-10,55.63,27.0
2013-04-11,56.09,26.95
2013-04-12,55.64,26.62
2013-04-15,53.81,25.93
2013-04-16,53.4,26.22
2013-04-17,52.73,25.71
2013-04-18,51.99,25.46
2013-04-19,52.5,25.78
2013-04-22,52.35,25.77
2013-04-23,52.86,26.09
2013-04-24,52.91,26.41
2013-04-25,53.12,26.47
2013-04-26,52.89,26.3
2013-04-29,53.34,26.42
2013-04-30,53.92,26.4
2013-05-01,53.18,26.07
2013-05-02,53.21,26.32
2013-05-03,53.6,26.55
2013-05-06,53.84,26.87
2013-05-07,54.2,27.21
2013-05-08,54.38,27.3
2013-05-09,54.54,27.18
2013-05-10,54.43,27.34
2013-05-13,55.11,27.38
2013-05-14,56.67,27.8
2013-05-15,57.06,28.0
2013-05-16,57.18,27.93
2013-05-17,58.27,28.32
2013-05-20,58.23,28.46
2013-05-21,57.96,28.44
2013-05-22,57.6,28.02
2013-05-23,57.11,27.96
2013-05-24,57.31,28.04
2013-05-28,58.84,28.37
2013-05-29,58.57,28.33
2013-05-30,58.84,28.72
2013-05-31,58.15,28.34
2013-06-03,58.38,28.24
2013-06-04,57.81,28.0
2013-06-05,56.69,27.59
2013-06-06,57.45,27.9
2013-06-07,58.23,28.29
2013-06-10,58.63,28.53
2013-06-11,57.49,28.15
2013-06-12,56.8,27.82
2013-06-13,57.66,28.23
2013-06-14,57.12,27.87
2013-06-17,58.05,28.02
2013-06-18,58.36,28.25
2013-06-19,57.9,28.06
2013-06-20,58.11,27.91
2013-06-21,57.99,27.98
2013-06-24,57.08,27.61
2013-06-25,57.15,28.22
2013-06-26,57.3,28.38
2013-06-27,58.31,28.84
2013-06-28,57.9,28.72
2013-07-01,58.76,29.1
2013-07-02,58.63,29.26
2013-07-03,58.83,29.33
2013-07-05,60.34,30.1
2013-07-08,60.6,30.21
2013-07-09,61.13,30.3
2013-07-10,61.16,29.99
2013-07-11,60.89,29.72
2013-07-12,61.51,30.07
2013-07-15,61.73,30.28
2013-07-16,60.75,29.95
2013-07-17,59.41,30.17
2013-07-18,59.13,30.8
2013-07-19,59.14,30.89
2013-07-22,59.42,31.2
2013-07-23,60.11,31.48
2013-07-24,59.11,31.6
2013-07-25,59.15,31.47
2013-07-26,58.96,31.34
2013-07-29,58.39,31.08
2013-07-30,58.29,31.2
2013-07-31,58.54,31.24
2013-08-01,59.51,31.98
2013-08-02,59.21,31.96
2013-08-05,58.5,31.9
2013-08-06,58.34,31.55
2013-08-07,57.64,31.31
2013-08-08,57.68,31.42
2013-08-09,57.86,31.3
2013-08-12,57.06,31.26
2013-08-13,57.57,31.26
2013-08-14,57.32,31.26
2013-08-15,56.6,30.93
2013-08-16,56.62,31.05
2013-08-19,56.04,30.69
2013-08-20,56.5,31.12
2013-08-21,56.04,30.89
2013-08-22,57.06,31.38
2013-08-23,57.03,31.21
2013-08-26,56.37,30.98
2013-08-27,54.77,29.94
2013-08-28,54.99,30.1
2013-08-29,55.1,30.24
2013-08-30,54.87,29.89
2013-09-03,55.2,29.87
2013-09-04,55.5,30.07
2013-09-05,55.47,30.31
2013-09-06,55.47,30.16
2013-09-09,55.6,30.29
2013-09-10,56.019,30.57
2013-09-11,55.41,30.45
2013-09-12,55.005,30.24
2013-09-13,54.81,30.29
2013-09-16,55.3,30.49
2013-09-17,55.61,30.84
2013-09-18,56.01,30.72
2013-09-19,56.02,30.19
2013-09-20,55.64,30.12
2013-09-23,55.21,29.78
2013-09-24,55.09,29.85
2013-09-25,55.52,30.08
2013-09-26,55.29,29.99
2013-09-27,54.78,29.99
2013-09-30,54.38,30.03
2013-10-01,54.73,30.37
2013-10-02,53.68,30.16
2013-10-03,53.15,30.03
2013-10-04,53.63,30.35
2013-10-07,53.125,29.84
2013-10-08,52.41,29.54
2013-10-09,52.99,29.62
2013-10-10,54.73,30.41
2013-10-11,54.79,30.79
2013-10-14,55.25,30.94
2013-10-15,54.48,30.65
2013-10-16,55.04,31.251
2013-10-17,56.51,31.43
2013-10-18,56.52,31.56
2013-10-21,56.36,31.59
2013-10-22,55.96,31.52
2013-10-23,55.53,31.42
2013-10-24,56.005,31.44
2013-10-25,56.4,31.5
2013-10-28,56.85,31.61
2013-10-29,57.18,31.61
2013-10-30,57.1,31.51
2013-10-31,56.42,31.23
2013-11-01,56.58,31.18
2013-11-04,56.65,31.21
2013-11-05,57.14,31.17
2013-11-06,57.18,31.3
2013-11-07,56.23,30.88
2013-11-08,58.4,31.88
2013-11-11,58.1,31.77
2013-11-12,57.7,31.42
2013-11-13,57.64,31.68
2013-11-14,57.2,31.88
2013-11-15,57.15,31.839
2013-11-18,56.99,31.75
2013-11-19,57.24,31.73
2013-11-20,57.4,31.76
2013-11-21,57.94,32.26
2013-11-22,58.1,32.52
2013-11-25,58.59,32.56
2013-11-26,58.66,32.64
2013-11-27,58.94,32.72
2013-11-29,58.99,32.64
2013-12-02,58.7,32.49
2013-12-03,58.35,32.09
2013-12-04,57.87,32.29
2013-12-05,57.75,32.2
2013-12-06,58.75,32.65
2013-12-09,58.95,32.66
2013-12-10,58.27,32.47
2013-12-11,57.17,31.97
2013-12-12,57.14,32.25
2013-12-13,57.58,32.12
2013-12-16,57.82,32.43
2013-12-17,57.5,32.24
2013-12-18,59.37,32.75
2013-12-19,59.28,32.56
2013-12-20,60.81,32.79
2013-12-23,61.29,33.12
2013-12-24,61.3,33.18
2013-12-26,61.71,33.15
2013-12-27,61.45,33.15
2013-12-30,61.72,33.08
2013-12-31,61.89,33.17
2014-01-02,60.89,32.81
2014-01-03,61.3,32.85
2014-01-06,60.92,32.84
2014-01-07,61.7,33.05
2014-01-08,62.02,33.34
2014-01-09,61.49,33.58
2014-01-10,61.12,33.5
2014-01-13,60.43,33.11
2014-01-14,60.6,33.24
2014-01-15,61.2,33.52
2014-01-16,61.05,33.31
2014-01-17,60.71,33.31
2014-01-21,60.61,33.83
2014-01-22,62.61,34.03
2014-01-23,62.6,33.59
2014-01-24,61.13,32.78
2014-01-27,60.55,32.44
2014-01-28,60.76,32.57
2014-01-29,60.7,32.11
2014-01-30,61.12,32.44
2014-01-31,60.22,31.91
2014-02-03,58.4,30.78
2014-02-04,59.78,31.26
2014-02-05,59.16,31.26
2014-02-06,59.75,31.61
2014-02-07,60.73,31.81
2014-02-10,60.85,31.87
2014-02-11,61.77,32.18
2014-02-12,61.87,32.22
2014-02-13,62.04,32.31
2014-02-14,62.25,32.47
2014-02-18,62.22,32.55
2014-02-19,61.43,31.75
2014-02-20,61.54,31.84
2014-02-21,61.9,32.03
2014-02-24,62.45,32.51
2014-02-25,61.86,32.31
2014-02-26,61.72,32.61
2014-02-27,62.18,32.77
2014-02-28,61.85,33.0
2014-03-03,61.33,32.7
2014-03-04,62.29,33.35
2014-03-05,62.13,33.41
2014-03-06,62.82,33.65
2014-03-07,64.02,33.92
2014-03-10,64.12,33.92
2014-03-11,63.14,33.67
2014-03-12,62.7,33.62
2014-03-13,61.795,33.42
2014-03-14,62.04,33.35
2014-03-17,62.75,33.56
2014-03-18,63.08,33.81
2014-03-19,63.92,34.02
2014-03-20,65.58,34.67
2014-03-21,65.77,34.46
2014-03-24,65.65,34.26
2014-03-25,65.31,34.22
2014-03-26,64.67,33.84
2014-03-27,64.32,33.31
2014-03-28,64.91,33.49
2014-03-31,65.56,34.04
2014-04-01,65.75,34.5
2014-04-02,65.64,34.43
2014-04-03,65.47,34.49
2014-04-04,64.16,33.87
2014-04-07,62.83,33.44
2014-04-08,62.58,33.48
2014-04-09,62.78,33.51
2014-04-10,61.56,32.53
2014-04-11,60.59,32.24
2014-04-14,61.22,32.36
2014-04-15,59.63,32.56
2014-04-16,59.04,32.76
2014-04-17,59.39,32.78
2014-04-21,59.91,32.75
2014-04-22,60.29,32.97
2014-04-23,60.84,33.1
2014-04-24,60.24,32.62
2014-04-25,59.47,32.2
2014-04-28,59.2,31.9
2014-04-29,60.02,31.89
2014-04-30,60.25,32.06
2014-05-01,60.06,31.94
2014-05-02,60.49,32.08
2014-05-05,60.15,31.83
2014-05-06,59.44,31.36
2014-05-07,60.64,31.66
2014-05-08,61.04,31.66
2014-05-09,61.11,31.72
2014-05-12,61.76,32.22
2014-05-13,61.72,31.99
2014-05-14,60.88,31.4
2014-05-15,59.62,31.13
2014-05-16,59.81,31.03
2014-05-19,60.08,31.47
2014-05-20,59.57,31.26
2014-05-21,59.88,31.47
2014-05-22,60.33,31.63
2014-05-23,60.36,31.76
2014-05-27,60.84,31.98
2014-05-28,60.78,31.85
2014-05-29,60.49,31.9
2014-05-30,60.4,31.93
2014-06-02,60.83,32.22
2014-06-03,60.94,32.36
2014-06-04,61.29,32.43
2014-06-05,61.63,32.86
2014-06-06,62.21,33.17
2014-06-09,62.64,33.65
2014-06-10,62.69,33.56
2014-06-11,62.1,33.28
2014-06-12,62.2,33.11
2014-06-13,62.21,33.07
2014-06-16,62.25,32.87
2014-06-17,63.89,33.43
2014-06-18,64.39,33.57
2014-06-19,64.12,33.43
2014-06-20,64.29,33.42
2014-06-23,64.11,33.39
2014-06-24,63.88,33.12
2014-06-25,64.15,33.31
2014-06-26,64.07,33.3
2014-06-27,64.45,33.36
2014-06-30,64.21,33.42
2014-07-01,64.5,33.71
2014-07-02,64.06,33.47
2014-07-03,64.89,33.87
2014-07-07,64.8,33.62
2014-07-08,64.12,33.17
2014-07-09,64.02,33.2
2014-07-10,63.83,33.0
2014-07-11,64.41,32.92
2014-07-14,64.43,32.93
2014-07-15,64.48,33.3
2014-07-16,64.48,32.75
2014-07-17,64.34,32.12
2014-07-18,65.02,32.39
2014-07-21,65.49,32.31
2014-07-22,66.07,32.26
2014-07-23,66.39,32.35
2014-07-24,67.11,32.68
2014-07-25,67.13,32.71
2014-07-28,67.18,32.37
2014-07-29,67.11,32.32
2014-07-30,67.88,32.55
2014-07-31,66.89,31.96
2014-08-01,66.14,31.49
2014-08-04,66.5,31.51
2014-08-05,65.68,31.32
2014-08-06,65.9,31.48
2014-08-07,65.69,31.24
2014-08-08,66.13,31.45
2014-08-11,66.25,31.51
2014-08-12,66.44,31.45
2014-08-13,66.78,31.68
2014-08-14,66.98,31.69
2014-08-15,66.59,31.6
2014-08-18,67.15,32.04
2014-08-19,66.96,32.05
2014-08-20,67.23,32.07
2014-08-21,67.99,32.49
2014-08-22,68.26,32.47
2014-08-25,68.94,32.63
2014-08-26,68.935,32.8
2014-08-27,68.97,32.58
2014-08-28,68.8,32.45
2014-08-29,69.35,32.63
2014-09-02,69.49,32.88
2014-09-03,69.395,32.76
2014-09-04,69.07,32.79
2014-09-05,69.12,32.83
2014-09-08,68.62,32.91
2014-09-09,68.27,32.61
2014-09-10,68.85,32.97
2014-09-11,69.07,33.16
2014-09-12,69.55,33.31
2014-09-15,69.34,33.15
2014-09-16,69.18,33.0
2014-09-17,69.895,33.16
2014-09-18,70.33,33.58
2014-09-19,69.63,33.25
2014-09-22,69.53,32.85
2014-09-23,69.05,32.46
2014-09-24,69.21,32.5
2014-09-25,68.08,32.05
2014-09-26,68.65,32.18
2014-09-29,68.23,32.08
2014-09-30,68.03,31.91
2014-10-01,67.26,31.56
2014-10-02,67.37,31.69
2014-10-03,68.12,32.02
2014-10-06,68.22,31.75
2014-10-07,66.66,31.23
2014-10-08,67.38,31.78
2014-10-09,65.44,30.97
2014-10-10,64.55,30.69
2014-10-13,63.8,30.66
2014-10-14,63.79,30.82
2014-10-15,62.59,30.05
2014-10-16,62.76,30.44
2014-10-17,63.3,30.54
2014-10-20,63.61,30.67
2014-10-21,65.47,31.3
2014-10-22,61.9,31.05
2014-10-23,62.86,31.23
2014-10-24,63.64,31.32
2014-10-27,63.64,31.45
2014-10-28,64.18,32.09
2014-10-29,65.1,32.44
2014-10-30,65.23,32.55
2014-10-31,66.3,33.06
2014-11-03,65.79,32.96
2014-11-04,65.91,32.81
2014-11-05,66.29,33.04
2014-11-06,66.83,33.28
2014-11-07,66.9,33.35
2014-11-10,67.23,33.52
2014-11-11,67.58,33.52
2014-11-12,67.86,33.91
2014-11-13,67.52,33.61
2014-11-14,67.79,33.44
2014-11-17,67.83,33.38
2014-11-18,68.12,33.45
2014-11-19,68.135,33.22
2014-11-20,68.31,33.46
2014-11-21,67.92,33.29
2014-11-24,67.74,33.59
2014-11-25,67.85,33.62
2014-11-26,67.61,33.7
2014-11-28,67.73,33.15
2014-12-01,66.78,32.57
2014-12-02,67.67,32.89
2014-12-03,67.84,33.23
2014-12-04,67.53,33.2
2014-12-05,68.36,33.77
2014-12-08,68.67,33.7
2014-12-09,68.38,33.9
2014-12-10,67.09,32.96
2014-12-11,66.86,33.06
2014-12-12,65.9,32.58
2014-12-15,65.65,32.34
2014-12-16,64.73,32.24
2014-12-17,66.36,32.98
2014-12-18,68.03,33.6
2014-12-19,67.3,33.39
2014-12-22,67.86,33.36
2014-12-23,68.7,33.67
2014-12-24,68.33,33.62
2014-12-26,68.15,33.64
2014-12-29,68.31,33.92
2014-12-30,68.08,33.83
2014-12-31,67.4,33.55
2015-01-02,67.55,33.29
2015-01-05,65.07,32.4
2015-01-06,63.24,31.56
2015-01-07,64.26,31.76
2015-01-08,65.26,32.32
2015-01-09,64.11,31.51
2015-01-12,63.34,31.12
2015-01-13,63.46,30.9
2015-01-14,62.25,30.43
2015-01-15,61.79,29.99
2015-01-16,62.3,30.45
2015-01-20,62.44,30.22
2015-01-21,66.32,30.22
2015-01-22,68.0,31.53
2015-01-23,66.88,31.12
2015-01-26,67.61,31.46
2015-01-27,66.305,31.13
2015-01-28,64.84,30.31
2015-01-29,66.405,30.71
2015-01-30,65.38,30.33
2015-02-02,66.615,31.14
2015-02-03,68.14,31.84
2015-02-04,67.75,31.67
2015-02-05,68.505,32.26
2015-02-06,69.615,32.81
2015-02-09,68.94,32.52
2015-02-10,69.9,32.72
2015-02-11,70.58,32.56
2015-02-12,70.59,33.16
2015-02-13,70.08,33.26
2015-02-17,70.21,33.48
2015-02-18,69.18,32.92
2015-02-19,69.63,32.89
2015-02-20,70.08,33.17
2015-02-23,70.14,33.09
2015-02-24,71.09,33.28
2015-02-25,71.115,33.21
2015-02-26,70.18,33.31
2015-02-27,69.83,33.09
2015-03-02,70.51,33.38
2015-03-03,70.17,33.32
2015-03-04,69.37,33.15
2015-03-05,69.48,33.29
2015-03-06,70.36,33.5
2015-03-09,70.51,33.73
2015-03-10,69.38,33.04
2015-03-11,69.82,33.35
2015-03-12,70.9,34.15
2015-03-13,70.87,33.93
2015-03-16,71.87,33.99
2015-03-17,72.09,34.14
2015-03-18,71.31,33.92
2015-03-19,70.93,33.64
2015-03-20,71.35,34.01
2015-03-23,70.72,33.76
2015-03-24,69.63,33.6
2015-03-25,68.85,33.03
2015-03-26,69.62,33.13
2015-03-27,69.33,33.06
2015-03-30,69.93,33.6
2015-03-31,69.65,33.51
2015-04-01,70.05,33.44
2015-04-02,70.7,33.63
2015-04-06,70.435,33.54
2015-04-07,71.0,33.57
2015-04-08,71.18,33.59
2015-04-09,71.205,33.61
2015-04-10,70.86,33.65
2015-04-13,71.455,33.94
2015-04-14,71.34,33.79
2015-04-15,71.15,34.19
2015-04-16,71.005,34.16
2015-04-17,69.83,33.67
2015-04-20,70.23,33.91
2015-04-21,71.89,33.92
2015-04-22,73.845,34.14
2015-04-23,73.79,34.06
2015-04-24,73.1,33.82
2015-04-27,73.01,33.57
2015-04-28,73.54,33.97
2015-04-29,73.74,34.17
2015-04-30,73.15,33.91
2015-05-01,73.7,33.81
2015-05-04,74.55,34.25
2015-05-05,74.56,34.08
2015-05-06,74.23,34.25
2015-05-07,74.64,34.14
2015-05-08,75.25,34.41
2015-05-11,75.05,34.58
2015-05-12,74.64,34.68
2015-05-13,74.73,34.83
2015-05-14,75.01,35.0
2015-05-15,74.72,34.53
2015-05-18,75.7,35.07
2015-05-19,76.15,35.37
2015-05-20,76.155,35.18
2015-05-21,76.03,35.13
2015-05-22,75.56,35.01
2015-05-26,74.79,34.77
2015-05-27,75.51,35.15
2015-05-28,75.65,35.16
2015-05-29,74.55,34.89
2015-06-01,74.25,34.75
2015-06-02,74.4,35.15
2015-06-03,75.1,35.66
2015-06-04,74.265,35.39
2015-06-05,75.25,35.99
2015-06-08,75.66,36.01
2015-06-09,75.88,36.34
2015-06-10,77.26,36.84
2015-06-11,77.5,36.82
2015-06-12,77.59,36.78
2015-06-15,77.24,36.69
2015-06-16,77.33,37.03
2015-06-17,76.88,36.51
2015-06-18,77.7,36.73
2015-06-19,77.56,36.38
2015-06-22,78.21,36.87
2015-06-23,78.4,37.2
2015-06-24,77.71,36.94
2015-06-25,77.69,36.91
2015-06-26,78.64,37.08
2015-06-29,76.275,36.14
2015-06-30,76.46,36.26
2015-07-01,76.95,36.7
2015-07-02,76.68,36.24
2015-07-06,75.99,36.14
2015-07-07,75.87,35.73
2015-07-08,74.05,35.28
2015-07-09,74.74,35.74
2015-07-10,76.38,36.16
2015-07-13,77.16,36.48
2015-07-14,77.24,36.59
2015-07-15,77.71,36.8
2015-07-16,78.66,36.95
2015-07-17,77.92,36.57
2015-07-20,78.34,36.77
2015-07-21,78.05,36.63
2015-07-22,77.97,37.06
2015-07-23,78.0,36.65
2015-07-24,76.97,36.32
2015-07-27,75.77,35.92
2015-07-28,76.5,35.98
2015-07-29,76.75,36.15
2015-07-30,77.26,36.28
2015-07-31,76.49,36.13
2015-08-03,76.62,36.1
2015-08-04,77.2,36.2
2015-08-05,77.21,36.45
2015-08-06,77.15,36.23
2015-08-07,77.66,36.07
2015-08-10,78.53,36.69
2015-08-11,77.67,36.13
2015-08-12,76.6,35.46
2015-08-13,76.99,35.65
2015-08-14,77.7,36.07
2015-08-17,77.63,36.08
2015-08-18,77.6,36.04
2015-08-19,77.34,35.53
2015-08-20,75.03,34.52
2015-08-21,72.52,33.88
2015-08-24,67.16,32.17
2015-08-25,65.25,31.61
2015-08-26,68.02,32.8
2015-08-27,70.07,33.62
2015-08-28,70.14,33.67
2015-08-31,69.84,33.8
2015-09-01,68.0,32.39
2015-09-02,68.93,32.93
2015-09-03,69.43,33.24
2015-09-04,68.28,32.91
2015-09-08,70.55,33.79
2015-09-09,69.67,33.46
2015-09-10,69.9,33.74
2015-09-11,70.03,33.74
2015-09-14,70.02,33.83
2015-09-15,70.79,34.27
2015-09-16,70.79,34.4
2015-09-17,69.42,33.62
2015-09-18,67.13,32.68
2015-09-21,68.39,33.11
2015-09-22,67.34,32.75
2015-09-23,67.49,32.93
2015-09-24,67.12,33.04
2015-09-25,69.05,33.37
2015-09-28,67.15,32.75
2015-09-29,67.25,32.78
2015-09-30,68.16,33.24
2015-10-01,68.21,33.26
2015-10-02,67.39,32.93
2015-10-05,68.78,33.65
2015-10-06,68.35,33.64
2015-10-07,69.0,34.11
2015-10-08,69.12,34.39
2015-10-09,68.48,33.98
2015-10-12,68.8,34.22
2015-10-13,68.44,33.97
2015-10-14,67.68,33.11
2015-10-15,69.45,33.7
2015-10-16,69.11,33.67
2015-10-19,68.34,33.67
2015-10-20,69.57,34.04
2015-10-21,66.55,33.48
2015-10-22,68.1,34.08
2015-10-23,69.17,34.75
2015-10-26,68.9,34.58
2015-10-27,68.93,34.21
2015-10-28,71.44,35.46
2015-10-29,71.02,35.13
2015-10-30,70.39,34.49
2015-11-02,71.29,35.03
2015-11-03,71.73,35.08
2015-11-04,72.17,35.11
2015-11-05,73.28,35.6
2015-11-06,74.97,36.59
2015-11-09,74.04,36.37
2015-11-10,74.82,36.39
2015-11-11,74.95,36.13
2015-11-12,73.95,35.4
2015-11-13,73.23,35.0
2015-11-16,74.01,35.43
2015-11-17,73.98,35.51
2015-11-18,75.76,36.1
2015-11-19,75.4,36.0
2015-11-20,75.64,36.13
2015-11-23,75.2,36.17
2015-11-24,75.1,36.32
2015-11-25,75.0,36.34
2015-11-27,75.54,36.39
2015-11-30,74.94,36.38
2015-12-01,75.02,36.57
2015-12-02,74.2,35.97
2015-12-03,72.77,35.44
2015-12-04,75.53,36.23
2015-12-07,74.61,35.54
2015-12-08,74.32,34.88
2015-12-09,72.48,34.36
2015-12-10,72.13,34.55
2015-12-11,70.11,33.76
2015-12-14,70.03,33.64
2015-12-15,72.68,34.54
2015-12-16,74.05,34.87
2015-12-17,71.97,34.3
2015-12-18,70.06,33.43
2015-12-21,71.15,33.62
2015-12-22,72.04,33.78
2015-12-23,73.1,34.3
2015-12-24,72.96,34.36
2015-12-28,72.9,34.24
2015-12-29,73.58,34.56
2015-12-30,72.83,34.17
2015-12-31,72.09,33.82
2016-01-04,70.59,33.05
2016-01-05,70.69,32.99
2016-01-06,69.01,32.51
2016-01-07,67.18,31.51
2016-01-08,65.93,30.87
2016-01-11,65.89,30.85
2016-01-12,66.31,30.95
2016-01-13,64.75,29.89
2016-01-14,65.74,30.23
2016-01-15,63.78,29.54
2016-01-19,63.93,29.24
2016-01-20,61.43,28.89
2016-01-21,59.01,28.37
2016-01-22,60.42,28.77
2016-01-25,58.79,27.63
2016-01-26,59.85,28.39
2016-01-27,59.81,28.66
2016-01-28,59.77,28.97
2016-01-29,62.08,29.56
2016-02-01,61.25,29.37
2016-02-02,59.24,28.49
2016-02-03,59.46,28.65
2016-02-04,60.34,29.0
2016-02-05,60.02,28.59
2016-02-08,57.72,27.7
2016-02-09,57.99,27.75
2016-02-10,56.9,27.53
2016-02-11,54.5,26.52
2016-02-12,56.85,27.8
2016-02-16,58.25,28.56
2016-02-17,59.61,28.71
2016-02-18,59.08,28.22
2016-02-19,59.38,28.37
2016-02-22,60.9,28.89
2016-02-23,59.74,28.15
2016-02-24,58.72,28.01
2016-02-25,59.52,28.4
2016-02-26,60.24,28.97
2016-02-29,59.38,28.32
2016-03-01,62.5,29.54
2016-03-02,63.23,30.09
2016-03-03,64.43,30.57
2016-03-04,65.66,30.95
2016-03-07,65.89,30.91
2016-03-08,63.96,30.13
2016-03-09,63.64,29.88
2016-03-10,63.6,30.12
2016-03-11,65.71,30.99
2016-03-14,65.45,30.87
2016-03-15,65.0,30.65
2016-03-16,64.69,30.43
2016-03-17,65.16,30.73
2016-03-18,66.04,31.04
2016-03-21,66.13,31.04
2016-03-22,66.11,30.97
2016-03-23,65.63,30.57
2016-03-24,65.22,30.43
2016-03-28,65.06,30.36
2016-03-29,64.97,30.32
2016-03-30,65.48,30.6
2016-03-31,65.17,30.37
2016-04-01,65.85,30.48
2016-04-04,65.68,30.4
2016-04-05,64.56,29.78
2016-04-06,65.18,30.05
2016-04-07,63.02,29.26
2016-04-08,63.26,29.46
2016-04-11,63.88,29.62
2016-04-12,65.16,30.23
2016-04-13,67.61,31.36
2016-04-14,67.98,31.64
2016-04-15,67.58,31.58
2016-04-18,68.29,31.8
2016-04-19,71.84,32.21
2016-04-20,72.25,32.68
2016-04-21,71.78,32.52
2016-04-22,72.36,32.82
2016-04-25,71.67,32.63
2016-04-26,72.47,32.99
2016-04-27,72.27,33.02
2016-04-28,71.61,32.65
2016-04-29,71.08,32.45
2016-05-02,71.86,32.66
2016-05-03,70.28,31.92
2016-05-04,69.33,31.27
2016-05-05,68.99,31.11
2016-05-06,69.02,31.23
2016-05-09,68.72,31.15
2016-05-10,70.28,31.73
2016-05-11,69.42,31.62
2016-05-12,69.46,31.39
2016-05-13,68.47,30.89
2016-05-16,68.99,31.25
2016-05-17,68.93,31.11
2016-05-18,71.53,32.4
2016-05-19,71.0,32.06
2016-05-20,71.88,32.34
2016-05-23,71.32,32.26
2016-05-24,72.63,32.85
2016-05-25,74.06,33.39
2016-05-26,73.77,33.15
2016-05-27,74.24,33.48
2016-05-31,74.1,33.44
2016-06-01,74.02,33.52
2016-06-02,74.35,33.64
2016-06-03,72.32,32.94
2016-06-06,73.31,33.38
2016-06-07,72.61,33.16
2016-06-08,72.68,33.23
2016-06-09,71.87,32.77
2016-06-10,70.98,32.24
2016-06-13,70.67,31.82
2016-06-14,69.43,31.11
2016-06-15,69.73,31.28
2016-06-16,69.28,30.86
2016-06-17,69.28,30.93
2016-06-20,69.49,31.17
2016-06-21,69.53,31.29
2016-06-22,69.39,31.27
2016-06-23,71.54,32.2
2016-06-24,65.5,29.87
2016-06-27,61.67,28.19
2016-06-28,63.57,29.12
2016-06-29,65.27,29.89
2016-06-30,66.26,30.48
2016-07-01,65.23,30.18
2016-07-05,63.55,29.27
2016-07-06,63.47,29.5
2016-07-07,63.52,29.79
2016-07-08,64.53,30.33
2016-07-11,65.03,30.71
2016-07-12,66.29,31.37
2016-07-13,65.87,31.36
2016-07-14,66.78,31.86
2016-07-15,67.02,31.89
2016-07-18,67.42,31.78
2016-07-19,67.11,31.9
2016-07-20,66.47,31.76
2016-07-21,66.73,31.555
2016-07-22,67.08,31.86
2016-07-25,67.11,31.75
2016-07-26,68.08,31.98
2016-07-27,68.48,31.93
2016-07-28,67.74,31.95
2016-07-29,67.59,31.83
2016-08-01,67.09,31.53
2016-08-02,66.21,31.22
2016-08-03,67.01,31.74
2016-08-04,66.78,31.77
2016-08-05,69.14,32.79
2016-08-08,69.2,32.72
2016-08-09,69.19,32.76
2016-08-10,68.36,32.35
2016-08-11,68.63,32.46
2016-08-12,67.83,32.33
2016-08-15,68.34,32.8
2016-08-16,68.18,32.77
2016-08-17,68.32,32.87
2016-08-18,68.28,32.97
2016-08-19,68.57,33.0
2016-08-22,68.63,33.03
2016-08-23,68.67,33.1
2016-08-24,68.38,33.09
2016-08-25,68.83,33.19
2016-08-26,69.35,33.43
2016-08-29,69.89,33.72
2016-08-30,70.82,34.1
2016-08-31,70.59,34.15
2016-09-01,70.41,33.96
2016-09-02,70.65,34.23
2016-09-06,69.86,33.68
2016-09-07,69.69,33.88
2016-09-08,69.83,34.01
2016-09-09,68.95,33.73
2016-09-12,69.72,33.94
2016-09-13,68.78,33.44
2016-09-14,68.46,33.2
2016-09-15,69.38,33.46
2016-09-16,68.36,33.02
2016-09-19,68.51,33.11
2016-09-20,68.63,33.08
2016-09-21,69.16,33.26
2016-09-22,69.4,33.46
2016-09-23,69.31,33.46
2016-09-26,67.46,32.77
2016-09-27,67.55,33.05
2016-09-28,67.59,33.39
2016-09-29,66.7,32.9
2016-09-30,67.99,33.38
2016-10-03,68.15,33.23
2016-10-04,69.83,33.54
2016-10-05,71.9,34.17
2016-10-06,72.04,34.2
2016-10-07,71.95,34.22
2016-10-10,72.07,34.38
2016-10-11,71.07,34.01
2016-10-12,71.11,33.97
2016-10-13,69.81,33.22
2016-10-14,70.59,33.38
2016-10-17,70.27,33.21
2016-10-18,70.95,33.64
2016-10-19,71.13,34.24
2016-10-20,70.98,34.28
2016-10-21,70.98,34.41
2016-10-24,70.98,34.67
2016-10-25,70.32,34.52
2016-10-26,71.46,34.75
2016-10-27,72.4,34.91
2016-10-28,72.4,34.58
2016-10-31,72.42,34.67
2016-11-01,72.72,34.59
2016-11-02,72.02,34.03
2016-11-03,72.38,34.04
2016-11-04,72.08,34.09
2016-11-07,74.0,35.09
2016-11-08,73.98,34.94
2016-11-09,77.15,36.74
2016-11-10,78.52,38.23
2016-11-11,79.88,38.94
2016-11-14,82.82,40.0
2016-11-15,82.97,40.2
2016-11-16,81.04,39.64
2016-11-17,81.5,40.17
2016-11-18,81.5,40.41
2016-11-21,81.89,40.5
2016-11-22,81.91,40.73
2016-11-23,82.02,40.95
2016-11-25,82.15,41.01
2016-11-28,80.59,40.28
2016-11-29,81.14,40.43
2016-11-30,82.15,41.15
2016-12-01,85.42,41.98
2016-12-02,84.51,41.64
2016-12-05,85.4,42.16
2016-12-06,86.38,42.76
2016-12-07,89.31,43.32
2016-12-08,89.77,44.05
2016-12-09,89.37,44.11
2016-12-12,88.81,43.4
2016-12-13,89.0,43.46
2016-12-14,88.5,43.27
2016-12-15,90.06,43.84
2016-12-16,88.46,43.16
2016-12-19,88.67,43.41
2016-12-20,90.15,44.03
2016-12-21,90.08,43.89
2016-12-22,89.7,43.95
2016-12-23,89.53,43.98
2016-12-27,89.84,44.16
2016-12-28,89.21,43.75
2016-12-29,88.63,43.38
2016-12-30,89.05,43.47
2017-01-03,89.64,43.67
2017-01-04,90.49,44.31
2017-01-05,90.1,43.65
2017-01-06,89.84,43.77
2017-01-09,89.03,43.36
2017-01-10,89.27,43.74
2017-01-11,90.02,43.96
2017-01-12,89.79,43.38
2017-01-13,90.19,43.86
2017-01-17,88.15,42.38
2017-01-18,83.99,42.75
2017-01-19,83.52,42.5
2017-01-20,83.36,42.87
2017-01-23,82.67,42.65
2017-01-24,83.49,43.38
2017-01-25,84.07,44.15
2017-01-26,83.95,44.49
2017-01-27,83.68,44.12
2017-01-30,83.15,43.61
2017-01-31,82.96,43.44
2017-02-01,83.31,43.5
2017-02-02,82.82,43.03
2017-02-03,84.4,44.12
2017-02-06,84.55,43.87
2017-02-07,84.36,43.71
2017-02-08,84.0,43.27
2017-02-09,85.51,43.91
2017-02-10,85.37,44.14
2017-02-13,86.28,44.61
2017-02-14,87.58,45.32
2017-02-15,88.66,45.62
2017-02-16,87.34,45.47
2017-02-17,87.2,45.32
2017-02-21,88.06,45.48
2017-02-22,87.5,45.48
2017-02-23,87.69,45.45
2017-02-24,87.05,45.17
2017-02-27,87.53,45.4
2017-02-28,87.35,45.13
2017-03-01,89.41,46.56
2017-03-02,88.34,45.48
2017-03-03,88.71,45.7
2017-03-06,87.71,45.48
2017-03-07,88.39,45.23
2017-03-08,88.92,45.06
2017-03-09,89.4,45.09
2017-03-10,89.3,44.93
2017-03-13,89.81,45.01
2017-03-14,89.72,44.91
2017-03-15,89.53,44.61
2017-03-16,89.99,44.9
2017-03-17,88.68,44.59
2017-03-20,88.02,43.9372
2017-03-21,86.33,41.84
2017-03-22,86.57,41.67
2017-03-23,86.74,41.96
2017-03-24,85.75,42.01
2017-03-27,85.07,41.79
2017-03-28,86.19,42.42
2017-03-29,86.12,42.28
2017-03-30,87.19,43.38
2017-03-31,86.58,42.98
2017-04-03,86.22,42.72
2017-04-04,86.28,42.73
2017-04-05,85.75,42.04
2017-04-06,86.4,42.5
2017-04-07,86.09,42.38
2017-04-10,85.52,42.18
2017-04-11,86.64,42.37
2017-04-12,85.77,41.86
2017-04-13,85.03,41.01
2017-04-17,86.42,41.73
2017-04-18,85.76,41.53
2017-04-19,86.01,41.74
2017-04-20,87.45,42.49
2017-04-21,87.36,42.36
2017-04-24,89.38,43.23
2017-04-25,90.58,43.41
2017-04-26,91.68,43.74
2017-04-27,91.52,43.22
2017-04-28,90.0,42.62
2017-05-01,90.13,42.93
2017-05-02,89.62,42.7
2017-05-03,90.21,43.02
2017-05-04,90.54,43.15
2017-05-05,90.53,43.07
2017-05-08,90.93,43.13
2017-05-09,90.79,42.93
2017-05-10,90.81,43.0
2017-05-11,90.31,42.48
2017-05-12,89.66,42.32
2017-05-15,90.15,42.68
2017-05-16,90.6,42.85
2017-05-17,85.76,41.15
2017-05-18,86.74,41.31
2017-05-19,86.94,41.52
2017-05-22,87.68,41.68
2017-05-23,88.6,42.24
2017-05-24,88.41,42.09
2017-05-25,88.28,42.01
2017-05-26,88.69,41.86
2017-05-30,88.1,41.42
2017-05-31,87.44,41.13
2017-06-01,89.0,41.74
2017-06-02,88.51,41.4
2017-06-05,88.73,41.39
2017-06-06,87.62,41.19
2017-06-07,89.2,41.58
2017-06-08,90.09,42.66
2017-06-09,91.75,43.88
2017-06-12,91.91,43.94
2017-06-13,92.73,44.1
2017-06-14,93.36,44.05
2017-06-15,93.89,43.76
2017-06-16,94.55,43.49
2017-06-19,95.3,43.57
2017-06-20,94.64,43.03
2017-06-21,94.39,42.48
2017-06-22,94.34,42.2
2017-06-23,94.01,41.92
2017-06-26,94.2,42.18
2017-06-27,95.42,42.42
2017-06-28,96.66,43.0
2017-06-29,97.0,43.71
2017-06-30,97.21,43.52
2017-07-03,98.39,44.41
2017-07-05,98.98,44.44
2017-07-06,97.54,43.95
2017-07-07,98.13,44.21
2017-07-10,98.55,44.03
2017-07-11,97.9,43.88
2017-07-12,97.98,43.84
2017-07-13,98.19,44.01
2017-07-14,98.11,43.78
2017-07-17,98.03,43.84
2017-07-18,97.37,43.68
2017-07-19,89.21,43.55
2017-07-20,87.5,43.52
2017-07-21,87.84,43.2
2017-07-24,87.9,43.5
2017-07-25,88.15,44.16
2017-07-26,87.9,43.43
2017-07-27,87.66,43.36
2017-07-28,87.26,43.09
2017-07-31,87.51,43.34
2017-08-01,88.11,43.69
2017-08-02,88.11,43.72
2017-08-03,87.98,43.47
2017-08-04,88.99,43.82
2017-08-07,88.29,43.56
2017-08-08,88.79,43.66
2017-08-09,89.24,43.25
2017-08-10,87.2,42.11
2017-08-11,87.15,41.85
2017-08-14,88.64,42.67
2017-08-15,88.69,42.61
2017-08-16,89.48,42.48
2017-08-17,87.43,41.41
2017-08-18,87.93,41.4
2017-08-21,87.87,41.28
2017-08-22,89.06,41.7
2017-08-23,89.21,41.77
2017-08-24,89.75,41.92
2017-08-25,89.73,42.14
2017-08-28,88.96,41.82
2017-08-29,88.54,41.53
2017-08-30,88.31,41.73
2017-08-31,88.5,41.72
2017-09-01,88.96,42.01
2017-09-05,86.51,40.77
2017-09-06,86.59,40.81
2017-09-07,86.84,39.81
2017-09-08,88.46,40.22
2017-09-11,90.03,41.22
2017-09-12,90.57,42.11
2017-09-13,88.27,42.23
2017-09-14,87.81,41.87
2017-09-15,87.96,41.91
2017-09-18,88.54,42.43
2017-09-19,88.58,42.73
2017-09-20,89.68,43.25
2017-09-21,90.84,43.43
2017-09-22,90.42,43.48
2017-09-25,89.39,43.5
2017-09-26,89.87,43.74
2017-09-27,91.68,44.65
2017-09-28,91.93,44.86
2017-09-29,91.93,45.09
2017-10-02,92.5,45.33
2017-10-03,92.39,45.18
2017-10-04,91.66,44.7
2017-10-05,92.97,45.27
2017-10-06,93.27,45.29
2017-10-09,92.65,45.08
2017-10-10,93.27,45.43
2017-10-11,93.73,45.2
2017-10-12,93.35,44.89
2017-10-13,92.99,44.68
2017-10-16,91.92,44.93
2017-10-17,91.1,44.54
2017-10-18,94.58,44.86
2017-10-19,94.98,45.13
2017-10-20,95.27,45.74
2017-10-23,95.41,45.35
2017-10-24,96.45,45.68
2017-10-25,94.76,45.45
2017-10-26,95.52,45.9
2017-10-27,94.71,46.21
2017-10-30,94.65,45.62
2017-10-31,93.52,45.61
2017-11-01,93.41,45.51
2017-11-02,94.01,45.81
2017-11-03,94.39,45.67
2017-11-06,94.22,45.55
2017-11-07,92.41,44.49
2017-11-08,92.87,44.19
2017-11-09,92.16,43.79
2017-11-10,92.51,43.68
2017-11-13,92.46,44.24
2017-11-14,92.64,44.54
2017-11-15,93.28,44.65
2017-11-16,93.71,44.64
2017-11-17,94.07,44.9
2017-11-20,94.43,45.29
2017-11-21,94.46,45.25
2017-11-22,94.39,45.1
2017-11-24,94.26,44.88
2017-11-27,94.11,44.88
2017-11-28,96.29,46.33
2017-11-29,98.24,47.74
2017-11-30,97.78,47.45
2017-12-01,97.66,47.53
2017-12-04,98.95,48.33
2017-12-05,96.95,47.6
2017-12-06,96.5,47.35
2017-12-07,97.32,47.6
2017-12-08,97.73,47.71
2017-12-11,97.56,47.47
2017-12-12,98.55,47.82
2017-12-13,97.48,47.26
2017-12-14,96.59,46.79
2017-12-15,97.85,47.39
2017-12-18,98.59,48.03
2017-12-19,98.02,47.79
2017-12-20,98.44,47.71
2017-12-21,100.05,48.37
2017-12-22,98.98,48.18
2017-12-26,98.7,47.81
2017-12-27,98.68,47.54
2017-12-28,100.32,47.79
2017-12-29,99.89,47.34
2018-01-02,99.46,47.47
2018-01-03,100.05,47.57
2018-01-04,101.55,47.89
2018-01-05,102.0,48.16
2018-01-08,102.5,48.14
2018-01-09,104.26,48.77
2018-01-10,105.76,49.43
2018-01-11,105.95,50.07
2018-01-12,107.26,50.36
2018-01-16,106.61,49.96
2018-01-17,106.89,50.23
2018-01-18,105.38,50.05
2018-01-19,106.49,50.78
2018-01-22,107.43,51.01
2018-01-23,106.89,51.16
2018-01-24,106.17,50.99
2018-01-25,105.01,50.71
2018-01-26,106.18,50.83
2018-01-29,106.94,50.68
2018-01-30,105.69,50.24
2018-01-31,105.39,50.19
2018-02-01,106.78,50.89
2018-02-02,104.63,50.28
2018-02-05,99.74,48.26
2018-02-06,101.36,48.72
2018-02-07,100.73,48.95
2018-02-08,96.2,47.16
2018-02-09,97.38,48.01
2018-02-12,99.36,48.43
2018-02-13,99.35,48.68
2018-02-14,102.69,50.08
2018-02-15,103.87,50.27
2018-02-16,104.86,50.54
2018-02-20,104.72,50.2
2018-02-21,105.38,50.55
2018-02-22,104.12,49.59
2018-02-23,106.56,50.35
2018-02-26,108.84,50.73
2018-02-27,107.59,50.07
2018-02-28,105.87,49.31
2018-03-01,103.67,49.19
2018-03-02,104.71,49.88
2018-03-05,106.36,50.49
2018-03-06,106.72,51.06
2018-03-07,107.62,51.3
2018-03-08,107.77,50.92
2018-03-09,110.7,51.86
2018-03-12,109.51,51.57
2018-03-13,108.55,51.14
2018-03-14,106.49,50.44
2018-03-15,106.1,50.59
2018-03-16,107.21,50.62
2018-03-19,106.72,50.28
2018-03-20,106.35,50.16
2018-03-21,106.95,50.28
2018-03-22,102.51,48.41
2018-03-23,99.45,46.75
2018-03-26,103.8,48.31
2018-03-27,101.58,47.23
2018-03-28,101.13,47.43
2018-03-29,103.13,47.89
2018-04-02,101.41,46.9
2018-04-03,103.91,47.59
2018-04-04,104.8,48.08
2018-04-05,104.46,48.4
2018-04-06,101.17,47.14
2018-04-09,102.03,46.82
2018-04-10,103.25,47.64
2018-04-11,102.31,47.39
2018-04-12,105.04,48.23
2018-04-13,103.91,47.47
2018-04-16,104.89,47.65
2018-04-17,106.45,47.15
2018-04-18,106.31,46.82
2018-04-19,108.15,47.69
2018-04-20,107.65,48.04
2018-04-23,107.39,48.43
2018-04-24,107.04,48.67
2018-04-25,106.83,48.56
2018-04-26,107.43,48.4
2018-04-27,107.52,48.73
2018-04-30,106.75,47.96
2018-05-01,105.91,48.39
2018-05-02,104.56,48.24
2018-05-03,103.98,47.77
2018-05-04,104.84,48.38
2018-05-07,105.36,48.64
2018-05-08,105.45,49.07
2018-05-09,106.23,49.56
2018-05-10,107.9,49.67
2018-05-11,108.92,49.73
2018-05-14,108.64,49.6
2018-05-15,107.91,49.85
2018-05-16,108.19,50.06
2018-05-17,108.66,50.18
2018-05-18,107.82,49.76
2018-05-21,108.45,50.23
2018-05-22,108.43,50.49
2018-05-23,107.85,50.18
2018-05-24,107.53,49.96
2018-05-25,106.61,49.71
2018-05-29,102.3,48.45
2018-05-30,103.72,49.23
2018-05-31,102.52,48.74
2018-06-01,105.76,49.36
2018-06-04,105.31,49.82
2018-06-05,105.04,49.63
2018-06-06,106.75,50.66
2018-06-07,107.1,50.69
2018-06-08,106.92,50.91
2018-06-11,106.5,50.4
2018-06-12,106.73,50.11
2018-06-13,106.29,49.83
2018-06-14,106.95,49.61
2018-06-15,106.89,49.28
2018-06-18,107.11,49.34
2018-06-19,107.8,49.61
2018-06-20,107.77,49.73
2018-06-21,107.73,49.57
2018-06-22,107.3,49.09
2018-06-25,104.92,48.59
2018-06-26,104.63,48.29
2018-06-27,103.4,47.4
2018-06-28,103.71,47.48
2018-06-29,102.89,47.16
2018-07-02,104.02,47.6
2018-07-03,102.61,47.37
2018-07-05,102.46,47.5
2018-07-06,102.68,47.82
2018-07-09,105.68,48.92
2018-07-10,105.01,48.38
2018-07-11,104.11,48.19
2018-07-12,104.13,47.77
2018-07-13,104.04,47.23
2018-07-16,105.46,47.86
2018-07-17,105.74,47.94
2018-07-18,110.69,48.67
2018-07-19,108.44,48.49
2018-07-20,107.73,48.69
2018-07-23,110.9,49.34
2018-07-24,111.63,48.94
2018-07-25,111.27,48.44
2018-07-26,111.61,48.61
2018-07-27,110.96,48.65
2018-07-30,110.01,48.49
2018-07-31,109.22,48.3
2018-08-01,109.26,48.58
2018-08-02,109.08,49.01
2018-08-03,109.81,48.86
2018-08-06,110.53,48.9
2018-08-07,111.11,49.04
2018-08-08,111.47,49.33
2018-08-09,110.73,49.08
2018-08-10,108.4,48.83
2018-08-13,107.29,48.47
2018-08-14,108.72,49.12
2018-08-15,107.06,48.64
2018-08-16,107.66,49.29
2018-08-17,107.7,49.5
2018-08-20,108.44,49.64
2018-08-21,108.93,50.14
2018-08-22,108.38,50.02
2018-08-23,107.34,49.73
2018-08-24,107.55,49.57
2018-08-27,109.17,49.67
2018-08-28,109.1,49.51
2018-08-29,108.15,49.47
2018-08-30,107.18,49.15
2018-08-31,107.46,49.42
2018-09-04,108.31,49.68
2018-09-05,106.99,49.78
2018-09-06,106.13,49.53
2018-09-07,105.99,49.49
2018-09-10,106.42,49.42
2018-09-11,106.37,49.49
2018-09-12,105.34,48.67
2018-09-13,103.07,48.18
2018-09-14,104.15,48.61
2018-09-17,103.01,48.25
2018-09-18,103.85,48.09
2018-09-19,105.19,48.77
2018-09-20,106.71,49.28
2018-09-21,106.35,48.85
2018-09-24,105.34,48.15
2018-09-25,104.75,48.2
2018-09-26,103.11,47.32
2018-09-27,102.93,46.83
2018-09-28,102.13,46.57
2018-10-01,103.66,46.4
2018-10-02,103.77,46.22
2018-10-03,104.79,47.31
2018-10-04,106.19,47.44
2018-10-05,105.75,46.98
2018-10-08,106.72,47.38
2018-10-09,105.53,47.17
2018-10-10,101.92,46.38
2018-10-11,99.16,44.94
2018-10-12,99.05,44.17
2018-10-15,98.17,44.24
2018-10-16,99.38,44.51
2018-10-17,94.21,44.76
2018-10-18,93.11,43.94
2018-10-19,93.14,43.35
2018-10-22,91.93,42.12
2018-10-23,91.08,42.1
2018-10-24,88.41,40.36
2018-10-25,89.6,41.43
2018-10-26,88.49,41.07
2018-10-29,89.93,41.81
2018-10-30,92.4,42.3
2018-10-31,94.07,42.86
2018-11-01,94.25,43.35
2018-11-02,93.61,43.49
2018-11-05,95.49,43.65
2018-11-06,95.81,43.9
2018-11-07,98.38,44.19
2018-11-08,99.1,44.38
2018-11-09,97.94,44.0
2018-11-12,96.37,43.45
2018-11-13,97.13,43.77
2018-11-14,95.92,42.92
2018-11-15,97.46,43.72
2018-11-16,97.55,43.65
2018-11-19,97.6,43.48
2018-11-20,95.57,42.68
2018-11-21,96.0,42.84
2018-11-23,96.29,42.77
2018-11-26,98.44,43.65
2018-11-27,97.45,43.37
2018-11-28,99.08,43.94
2018-11-29,97.0,43.77
2018-11-30,99.23,44.34
2018-12-03,98.97,44.32
2018-12-04,94.37,41.96
2018-12-06,90.94,41.66
2018-12-07,88.93,41.07
2018-12-10,88.2,40.25
2018-12-11,87.2,39.87
2018-12-12,87.7,40.33
2018-12-13,86.9,39.34
2018-12-14,86.37,38.7
2018-12-17,85.62,38.37
2018-12-18,83.6,37.85
2018-12-19,82.0,36.85
2018-12-20,80.52,36.75
2018-12-21,79.39,35.86
2018-12-24,77.26,35.17
2018-12-26,81.19,36.9
2018-12-27,82.75,36.81
2018-12-28,82.77,37.06
2018-12-31,83.59,37.35
2019-01-02,84.05,37.9
2019-01-03,81.89,37.71
2019-01-04,84.75,38.95
2019-01-07,84.97,39.19
2019-01-08,84.33,39.54
2019-01-09,85.09,39.86
2019-01-10,84.89,39.8
2019-01-11,85.65,39.97
2019-01-14,86.06,40.21
2019-01-15,86.95,40.52
2019-01-16,88.42,41.52
2019-01-17,89.18,41.85
2019-01-18,91.16,42.66
2019-01-22,90.53,42.24
2019-01-23,89.93,42.28
2019-01-24,89.37,42.38
2019-01-25,91.13,42.91
2019-01-28,90.85,43.17
2019-01-29,89.64,43.03
2019-01-30,89.43,43.0
2019-01-31,88.46,42.63
2019-02-01,88.53,42.97
2019-02-04,89.13,43.38
2019-02-05,89.81,43.2
2019-02-06,90.38,43.34
2019-02-07,89.83,43.79
2019-02-08,89.64,43.43
2019-02-11,89.63,43.73
2019-02-12,92.05,44.26
2019-02-13,91.96,44.35
2019-02-14,91.28,43.93
2019-02-15,93.09,44.92
2019-02-19,93.0,45.29
2019-02-20,93.47,45.72
2019-02-21,92.69,45.42
2019-02-22,92.64,45.56
2019-02-25,92.68,45.41
2019-02-26,92.94,44.94
2019-02-27,93.26,45.4
2019-02-28,93.2,45.26
2019-03-01,93.13,45.46
2019-03-04,92.74,45.28
2019-03-05,92.91,45.21
2019-03-06,92.0,44.3
2019-03-07,89.98,43.6
2019-03-08,89.53,43.64
2019-03-11,89.79,43.99
2019-03-12,90.14,43.96
2019-03-13,91.97,44.27
2019-03-14,94.49,44.45
2019-03-15,94.92,44.32
2019-03-18,96.13,44.97
2019-03-19,95.06,44.02
2019-03-20,92.42,42.62
2019-03-21,92.69,42.18
2019-03-22,88.59,40.39
2019-03-25,87.58,40.36
2019-03-26,89.51,41.29
2019-03-27,89.07,41.31
2019-03-28,90.07,41.86
2019-03-29,90.41,41.77
2019-04-01,92.7,42.92
2019-04-02,93.28,42.91
2019-04-03,94.13,43.11
2019-04-04,94.74,43.65
2019-04-05,95.06,43.8
2019-04-08,94.4,43.88
2019-04-09,93.43,43.13
2019-04-10,93.4,43.5
2019-04-11,93.63,43.69
2019-04-12,94.55,44.54
2019-04-15,94.04,43.93
2019-04-16,95.62,44.69
2019-04-17,92.42,44.59
2019-04-18,91.87,44.15
2019-04-22,91.87,43.85
2019-04-23,95.94,44.76
2019-04-24,97.73,44.73
2019-04-25,97.57,44.59
2019-04-26,97.72,45.03
2019-04-29,98.57,45.6
2019-04-30,98.55,45.49
2019-05-01,97.56,44.95
2019-05-02,98.47,45.47
2019-05-03,99.48,46.01
2019-05-06,98.8,45.9
2019-05-07,97.48,45.11
2019-05-08,96.86,44.65
2019-05-09,96.97,44.63
2019-05-10,97.56,44.76
2019-05-13,93.95,42.93
2019-05-14,94.91,43.54
2019-05-15,94.24,43.03
2019-05-16,94.78,43.5
2019-05-17,93.42,43.18
2019-05-20,93.5,43.3
2019-05-21,94.56,43.64
2019-05-22,93.36,43.19
2019-05-23,90.13,42.26
2019-05-24,91.34,42.76
2019-05-28,89.48,42.23
2019-05-29,89.44,42.42
2019-05-30,87.66,41.77
2019-05-31,85.52,40.94
2019-06-03,85.86,41.37
2019-06-04,88.91,42.79
2019-06-05,87.82,42.67
2019-06-06,87.7,42.66
2019-06-07,88.27,42.41
2019-06-10,88.39,42.71
2019-06-11,87.78,42.9
2019-06-12,88.01,42.59
2019-06-13,87.24,42.7
2019-06-14,87.17,42.79
2019-06-17,85.87,42.23
2019-06-18,86.4,42.92
2019-06-19,85.25,42.67
2019-06-20,85.74,42.76
2019-06-21,86.69,42.4
2019-06-24,85.88,41.99
2019-06-25,85.76,41.95
2019-06-26,86.72,42.11
2019-06-27,87.84,42.72
2019-06-28,90.0,43.36
2019-07-01,91.65,43.7
2019-07-02,91.87,43.1
2019-07-03,92.79,43.54
2019-07-05,93.92,44.0
2019-07-08,91.67,43.49
2019-07-09,91.59,43.64
2019-07-10,90.42,43.23
2019-07-11,91.34,43.56
2019-07-12,91.34,43.97
2019-07-15,89.73,43.2
2019-07-16,89.49,43.17
2019-07-17,89.89,42.88
2019-07-18,91.15,43.25
2019-07-19,92.86,43.53
2019-07-22,92.73,43.29
2019-07-23,95.01,43.84
2019-07-24,99.46,44.8
2019-07-25,99.03,44.35
2019-07-26,99.64,44.94
2019-07-29,99.02,44.55
2019-07-30,99.09,44.97
2019-07-31,98.0,44.77
2019-08-01,94.73,43.05
2019-08-02,93.76,42.69
2019-08-05,89.33,41.33
2019-08-06,90.09,41.71
2019-08-07,88.0,41.2
2019-08-08,90.57,42.04
2019-08-09,89.45,41.82
2019-08-12,87.99,40.94
2019-08-13,88.87,41.32
2019-08-14,85.97,39.98
2019-08-15,85.49,39.72
2019-08-16,87.0,40.73
2019-08-19,88.51,41.19
2019-08-20,86.72,40.62
2019-08-21,86.73,40.86
2019-08-22,87.27,41.03
2019-08-23,84.71,39.79
2019-08-26,84.81,40.14
2019-08-27,84.49,39.5
2019-08-28,85.12,39.99
2019-08-29,87.27,40.81
2019-08-30,87.93,40.95
2019-09-03,86.66,40.14
2019-09-04,87.96,40.44
2019-09-05,90.02,41.53
2019-09-06,89.82,41.31
2019-09-09,93.15,42.71
2019-09-10,94.47,43.44
2019-09-11,97.37,43.97
2019-09-12,97.56,44.02
2019-09-13,98.94,44.45
2019-09-16,98.01,44.43
2019-09-17,96.19,43.94
2019-09-18,96.35,44.24
2019-09-19,95.78,43.94
2019-09-20,94.27,43.56
2019-09-23,94.62,43.56
2019-09-24,94.11,43.01
2019-09-25,95.31,43.68
2019-09-26,93.93,43.23
2019-09-27,93.135,43.32
2019-09-30,93.32,43.16
2019-10-01,89.88,42.17
2019-10-02,87.21,41.63
2019-10-03,86.82,41.63
2019-10-04,89.03,42.18
2019-10-07,88.77,42.03
2019-10-08,87.48,41.05
2019-10-09,88.43,41.31
2019-10-10,89.49,41.88
2019-10-11,91.61,42.6
2019-10-14,92.06,42.62
2019-10-15,93.62,43.29
2019-10-16,93.22,43.19
2019-10-17,93.77,43.25
2019-10-18,94.68,43.53
2019-10-21,96.85,44.15
2019-10-22,97.51,44.37
2019-10-23,100.16,44.48
2019-10-24,100.35,44.19
2019-10-25,101.53,44.62
2019-10-28,102.53,44.99
2019-10-29,102.35,45.18
2019-10-30,101.03,44.66
2019-10-31,99.68,44.13
2019-11-01,101.42,44.95
2019-11-04,103.87,45.84
2019-11-05,105.5,46.25
2019-11-06,106.01,46.02
2019-11-07,107.26,46.34
2019-11-08,107.65,46.47
2019-11-11,106.78,46.27
2019-11-12,106.4,46.34
2019-11-13,105.59,45.91
2019-11-14,105.82,45.86
2019-11-15,106.55,45.94
2019-11-18,106.58,45.76
2019-11-19,107.06,45.94
2019-11-20,106.3,45.71
2019-11-21,106.81,45.7
2019-11-22,107.13,45.95
2019-11-25,107.46,46.36
2019-11-26,106.74,46.18
2019-11-27,107.69,46.51
2019-11-29,107.24,46.21
2019-12-02,106.52,45.92
2019-12-03,105.31,45.26
2019-12-04,106.34,45.79
2019-12-05,107.83,46.05
2019-12-06,108.94,46.56
2019-12-09,109.14,46.54
2019-12-10,108.76,46.59
2019-12-11,108.3,46.4
2019-12-12,109.88,47.74
2019-12-13,108.04,47.25
2019-12-16,108.21,47.57
2019-12-17,108.76,48.02
2019-12-18,108.08,47.82
2019-12-19,107.17,47.73
2019-12-20,106.6,47.51
2019-12-23,106.4,47.24
2019-12-24,106.71,47.36
2019-12-26,106.57,47.4
2019-12-27,106.99,47.15
2019-12-30,106.32,47.17
2019-12-31,106.24,47.29
2020-01-02,107.58,47.39
2020-01-03,105.37,46.94
2020-01-06,105.24,46.57
2020-01-07,105.82,46.26
2020-01-08,106.79,46.62
2020-01-09,108.125,46.85
2020-01-10,106.99,46.34
2020-01-13,108.68,46.66
2020-01-14,108.0,46.73
2020-01-15,107.02,46.13
2020-01-16,107.93,46.72
2020-01-17,109.38,46.84
2020-01-21,108.57,46.3
2020-01-22,104.99,46.25
2020-01-23,104.07,46.23
2020-01-24,101.62,45.5
2020-01-27,98.46,44.7
2020-01-28,99.75,45.09
2020-01-29,99.64,44.63
2020-01-30,101.05,45.1
2020-01-31,97.81,44.19
2020-02-03,97.66,44.68
2020-02-04,100.42,45.33
2020-02-05,103.42,46.37
2020-02-06,102.65,45.92
2020-02-07,101.26,45.55
2020-02-10,101.06,45.53
2020-02-11,102.89,45.91
2020-02-12,102.43,45.91
2020-02-13,101.21,46.11
2020-02-14,101.2,45.82
2020-02-18,100.83,45.23
2020-02-19,103.07,45.5
2020-02-20,102.7,45.98
2020-02-21,101.94,45.36
2020-02-24,96.53,43.95
2020-02-25,91.13,42.17
2020-02-26,89.37,41.51
2020-02-27,87.68,39.86
2020-02-28,87.76,38.75
2020-03-02,88.49,40.47
2020-03-03,83.44,38.9
2020-03-04,85.05,39.7
2020-03-05,80.89,37.79
2020-03-06,77.64,36.28
2020-03-09,70.83,30.94
2020-03-10,74.36,32.96
2020-03-11,71.47,30.71
2020-03-12,63.04,27.99
2020-03-13,76.05,31.23
2020-03-16,62.22,27.2
2020-03-17,68.55,28.73
2020-03-18,66.18,25.54
2020-03-19,67.41,27.19
2020-03-20,64.56,25.39
2020-03-23,63.11,23.13
2020-03-24,69.86,25.85
2020-03-25,72.86,26.35
2020-03-26,75.35,28.67
2020-03-27,73.98,27.61
2020-03-30,75.79,27.69
2020-03-31,75.46,26.96
2020-04-01,73.0,25.16
2020-04-02,76.92,25.58
2020-04-03,77.03,24.45
2020-04-06,81.37,26.36
2020-04-07,82.6,27.34
2020-04-08,83.38,28.65
2020-04-09,84.89,30.79
2020-04-13,83.55,29.23
2020-04-14,83.39,28.81
2020-04-15,78.89,26.95
2020-04-16,77.96,26.02
2020-04-17,80.0,28.16
2020-04-20,79.33,27.97
2020-04-21,74.43,27.02
2020-04-22,76.17,27.08
2020-04-23,75.61,27.43
2020-04-24,77.39,28.13
2020-04-27,79.91,29.86
2020-04-28,80.13,30.66
2020-04-29,82.04,32.47
2020-04-30,79.16,31.31
2020-05-01,75.47,29.85
2020-05-04,74.96,29.53
2020-05-05,73.07,29.07
2020-05-06,72.07,28.33
2020-05-07,73.94,28.8
2020-05-08,75.99,30.03
2020-05-11,74.77,28.96
2020-05-12,72.85,27.51
2020-05-13,70.25,26.06
2020-05-14,72.26,26.99
2020-05-15,71.13,26.66
2020-05-18,75.94,29.13
2020-05-19,73.37,28.03
2020-05-20,74.76,29.35
2020-05-21,73.94,29.24
2020-05-22,73.88,28.9
2020-05-26,79.14,31.24
2020-05-27,82.9,33.44
2020-05-28,79.92,32.18
2020-05-29,79.01,31.45
2020-06-01,80.67,31.88
2020-06-02,80.86,31.93
2020-06-03,85.14,33.54
2020-06-04,87.98,34.69
2020-06-05,90.7,36.66
2020-06-08,91.16,37.85
2020-06-09,91.99,36.92
2020-06-10,87.63,34.64
2020-06-11,82.05,31.48
2020-06-12,83.61,32.69
2020-06-15,83.52,33.01
2020-06-16,84.93,34.14
2020-06-17,83.82,33.09
2020-06-18,82.62,33.17
2020-06-19,82.66,32.89
2020-06-22,81.75,32.54
2020-06-23,81.1,32.3
2020-06-24,77.18,30.61
2020-06-25,78.44,31.61
2020-06-26,76.2,29.69
2020-06-29,76.3,30.78
2020-06-30,79.34,31.54
2020-07-01,76.94,30.37
2020-07-02,77.67,30.31
2020-07-06,78.7,30.61
2020-07-07,77.85,29.52
2020-07-08,80.16,29.59
2020-07-09,76.41,28.42
2020-07-10,80.17,29.76
2020-07-13,81.57,30.11
2020-07-14,81.65,29.62
2020-07-15,80.55,31.19
2020-07-16,79.94,31.09
2020-07-17,77.71,30.25
2020-07-20,77.74,29.82
2020-07-21,79.83,31.34
2020-07-22,75.62,31.1
2020-07-23,77.48,31.75
2020-07-24,76.03,31.61
2020-07-27,76.61,30.9
2020-07-28,77.1,30.76
2020-07-29,79.26,31.85
2020-07-30,77.93,31.3
2020-07-31,78.35,31.07
2020-08-03,79.28,30.99
2020-08-04,79.28,30.85
2020-08-05,80.39,31.52
2020-08-06,80.06,31.33
2020-08-07,83.25,32.59
2020-08-10,83.66,33.18
2020-08-11,84.27,33.84
2020-08-12,84.07,33.51
2020-08-13,82.65,32.93
2020-08-14,83.42,33.29
2020-08-17,82.58,32.73
2020-08-18,82.22,31.9
2020-08-19,83.0,32.0
2020-08-20,81.43,31.36
2020-08-21,81.73,31.14
2020-08-24,84.26,32.37
2020-08-25,84.0,32.45
2020-08-26,82.74,31.82
2020-08-27,84.28,32.41
2020-08-28,83.91,32.45
2020-08-31,81.89,31.89
2020-09-01,82.08,31.94
2020-09-02,83.92,32.24
2020-09-03,83.66,32.25
2020-09-04,84.45,32.88
2020-09-08,81.61,31.48
2020-09-09,81.09,31.36
2020-09-10,78.65,30.84
2020-09-11,79.85,31.02
2020-09-14,80.5,31.71
2020-09-15,78.76,31.15
2020-09-16,83.22,31.43
2020-09-17,82.9,31.33
2020-09-18,81.74,31.04
2020-09-21,79.5,29.38
2020-09-22,77.79,28.86
2020-09-23,75.99,28.21
2020-09-24,75.22,28.26
2020-09-25,76.46,28.59
2020-09-28,78.61,29.6
2020-09-29,77.46,29.19
2020-09-30,77.97,29.45
2020-10-01,77.05,29.74
2020-10-02,78.41,30.55
2020-10-05,80.83,31.65
2020-10-06,80.19,31.61
2020-10-07,82.24,32.46
2020-10-08,84.25,32.98
2020-10-09,85.22,32.75
2020-10-12,86.31,33.2
2020-10-13,83.93,32.25
2020-10-14,84.39,31.79
2020-10-15,87.02,32.43
2020-10-16,87.38,32.5
2020-10-19,85.41,32.2
2020-10-20,85.76,32.76
2020-10-21,85.77,32.8
2020-10-22,85.76,34.15
2020-10-23,84.41,34.59
2020-10-26,82.23,33.87
2020-10-27,80.7,32.68
2020-10-28,77.8,32.0
2020-10-29,78.29,32.68
2020-10-30,78.27,33.15
2020-11-02,79.05,34.0
2020-11-03,82.54,34.96
2020-11-04,78.89,33.08
2020-11-05,81.58,34.26
2020-11-06,81.66,33.67
2020-11-09,90.8,38.22
2020-11-10,91.85,38.75
2020-11-11,89.21,37.8
2020-11-12,87.57,37.04
2020-11-13,90.8,37.93
2020-11-16,93.14,39.5
2020-11-17,93.79,39.37
2020-11-18,92.69,38.69
2020-11-19,93.36,38.86
2020-11-20,91.39,38.49
2020-11-23,93.56,39.17
2020-11-24,97.61,41.07
2020-11-25,96.88,40.47
2020-11-27,96.14,39.96
2020-11-30,93.12,38.62
2020-12-01,93.27,39.49
2020-12-02,93.9,40.18
2020-12-03,92.99,40.36
2020-12-04,94.81,41.14
2020-12-07,94.42,41.0
2020-12-08,94.63,40.95
2020-12-09,93.22,41.15
2020-12-10,91.72,41.32
2020-12-11,90.1,40.84
2020-12-14,88.58,40.66
2020-12-15,90.73,41.53
2020-12-16,90.79,41.61
2020-12-17,92.1,41.5
2020-12-18,91.9,40.85
2020-12-21,91.05,40.86
2020-12-22,90.6,40.53
2020-12-23,91.99,41.7
2020-12-24,91.59,41.46
2020-12-28,92.48,41.69
2020-12-29,91.91,41.04
2020-12-30,91.92,41.55
2020-12-31,93.14,41.82
2021-01-04,92.5,41.41
2021-01-05,91.81,41.92
2021-01-06,97.29,44.81
2021-01-07,97.58,45.73
2021-01-08,96.89,45.22
2021-01-11,97.89,45.78
2021-01-12,99.35,46.45
2021-01-13,98.33,46.15
2021-01-14,99.69,47.06
2021-01-15,96.44,46.04
2021-01-19,97.36,46.31
2021-01-20,94.8,45.96
2021-01-21,94.22,45.13
2021-01-22,94.6,45.44
2021-01-25,94.28,45.18
2021-01-26,93.6,44.55
2021-01-27,90.27,43.11
2021-01-28,91.19,43.86
2021-01-29,89.19,42.73
2021-02-01,90.56,43.49
2021-02-02,92.12,44.42
2021-02-03,93.52,44.78
2021-02-04,96.53,46.11
2021-02-05,97.16,46.04
2021-02-08,97.65,46.92
2021-02-09,97.75,47.37
2021-02-10,96.8,47.4
2021-02-11,96.99,47.09
2021-02-12,98.14,47.47
2021-02-16,98.92,48.57
2021-02-17,97.46,48.52
2021-02-18,96.01,48.0
2021-02-19,96.31,49.39
2021-02-22,97.63,50.26
2021-02-23,97.55,50.75
2021-02-24,100.27,52.22
2021-02-25,97.76,50.79
2021-02-26,95.13,49.73
2021-03-01,98.85,51.48
2021-03-02,97.3,51.67
2021-03-03,98.55,51.69
2021-03-04,97.57,50.98
2021-03-05,99.92,52.2
2021-03-08,101.61,53.4
2021-03-09,100.41,52.58
2021-03-10,101.38,53.8
2021-03-11,101.69,54.1
2021-03-12,102.38,55.06
2021-03-15,104.82,54.65
2021-03-16,104.3,53.92
2021-03-17,104.58,54.29
2021-03-18,104.06,54.44
2021-03-19,102.61,53.91
2021-03-22,99.58,52.01
2021-03-23,97.82,50.41
2021-03-24,99.35,50.17
2021-03-25,102.93,51.59
2021-03-26,105.85,52.57
2021-03-29,106.58,51.21
2021-03-30,107.02,52.33
2021-03-31,105.11,51.88
2021-04-01,105.63,52.27
2021-04-05,106.87,52.38
2021-04-06,105.71,52.19
2021-04-07,106.83,52.01
2021-04-08,106.51,52.09
2021-04-09,108.72,52.63
2021-04-12,109.96,52.95
2021-04-13,108.76,52.04
2021-04-14,110.09,52.59
2021-04-15,108.53,52.42
2021-04-16,106.91,52.83
2021-04-19,106.23,52.63
2021-04-20,107.37,50.76
2021-04-21,106.74,51.87
2021-04-22,106.76,51.21
2021-04-23,109.53,53.03
2021-04-26,109.16,53.33
2021-04-27,111.18,53.8
2021-04-28,111.84,53.77
2021-04-29,114.41,54.41
2021-04-30,113.8,53.63
2021-05-03,114.79,53.95
2021-05-04,115.32,54.62
2021-05-05,117.42,54.81
2021-05-06,118.8,54.85
2021-05-07,119.28,54.93
2021-05-10,120.18,54.39
2021-05-11,118.4,53.89
2021-05-12,116.35,52.53
2021-05-13,119.06,54.24
2021-05-14,120.17,55.15
2021-05-17,120.62,55.43
2021-05-18,117.38,54.51
2021-05-19,117.34,54.23
2021-05-20,118.16,54.13
2021-05-21,119.88,54.74
2021-05-24,120.66,54.52
2021-05-25,120.27,53.37
2021-05-26,120.95,54.19
2021-05-27,121.46,55.02
2021-05-28,121.19,54.98
2021-06-01,121.5,55.46
2021-06-02,120.47,54.96
2021-06-03,120.82,55.07
2021-06-04,120.39,55.05
2021-06-07,118.93,55.18
2021-06-08,119.97,55.23
2021-06-09,118.62,54.46
2021-06-10,117.12,53.38
2021-06-11,117.59,53.65
2021-06-14,116.47,52.86
2021-06-15,118.18,53.56
2021-06-16,118.99,54.06
2021-06-17,112.53,51.62
2021-06-18,109.28,49.93
2021-06-21,113.16,51.42
2021-06-22,112.05,51.34
2021-06-23,112.25,51.46
2021-06-24,114.32,52.19
2021-06-25,116.27,52.86
2021-06-28,114.6,51.62
2021-06-29,114.93,51.26
2021-06-30,115.62,51.32
2021-07-01,116.32,51.84
2021-07-02,116.73,51.31
2021-07-06,114.37,49.94
2021-07-07,114.04,49.72
2021-07-08,111.58,48.83
2021-07-09,115.55,50.7
2021-07-12,116.3,50.98
2021-07-13,114.8,49.85
2021-07-14,113.32,49.67
2021-07-15,113.87,50.16
2021-07-16,113.15,48.9
2021-07-19,107.96,47.2
2021-07-20,111.8,48.53
2021-07-21,113.6,49.54
2021-07-22,110.83,48.53
2021-07-23,111.49,48.8
2021-07-26,112.5,49.21
2021-07-27,112.22,48.98
2021-07-28,111.84,49.65
2021-07-29,113.61,50.04
2021-07-30,112.85,49.46
2021-08-02,111.94,49.14
2021-08-03,112.67,49.93
2021-08-04,111.19,49.41
2021-08-05,112.23,50.35
2021-08-06,115.37,51.83
2021-08-09,114.96,51.54
2021-08-10,115.67,52.06
2021-08-11,117.29,52.9
2021-08-12,117.5,52.71
2021-08-13,116.37,52.3
2021-08-16,116.31,52.04
2021-08-17,115.06,51.28
2021-08-18,114.41,50.82
2021-08-19,113.63,50.12
2021-08-20,114.6,50.94
2021-08-23,116.28,51.39
2021-08-24,117.0,51.77
2021-08-25,119.41,52.31
2021-08-26,118.78,51.63
2021-08-27,121.03,52.85
2021-08-30,118.06,51.77
2021-08-31,118.52,52.13
2021-09-01,116.92,51.74
2021-09-02,117.9,51.78
2021-09-03,117.35,51.59
2021-09-07,115.43,51.35
2021-09-08,114.61,50.8
2021-09-09,114.58,50.96
2021-09-10,112.55,50.42
2021-09-13,113.73,51.12
2021-09-14,110.13,50.03
2021-09-15,110.72,50.75
2021-09-16,109.55,50.49
2021-09-17,108.2,50.52
2021-09-20,105.87,49.11
2021-09-21,104.51,48.94
2021-09-22,106.43,49.73
2021-09-23,109.38,51.42
2021-09-24,109.33,51.84
2021-09-27,112.55,53.65
2021-09-28,111.1,53.17
2021-09-29,110.29,53.62
2021-09-30,107.81,52.91
2021-10-01,109.23,54.13
2021-10-04,108.05,54.25
2021-10-05,110.93,54.54
2021-10-06,111.23,54.43
2021-10-07,112.95,54.85
2021-10-08,115.45,55.11
2021-10-11,115.78,54.61
2021-10-12,115.6,54.61
2021-10-13,115.86,54.45
2021-10-14,120.04,55.18
2021-10-15,120.86,55.29
2021-10-18,121.0,55.46
2021-10-19,121.41,55.6
2021-10-20,125.51,56.86
2021-10-21,125.23,56.55
2021-10-22,125.32,56.97
2021-10-25,123.39,57.07
2021-10-26,123.21,56.64
2021-10-27,121.07,54.79
2021-10-28,122.74,55.57
2021-10-29,123.04,55.34
2021-11-01,123.73,56.97
2021-11-02,123.86,56.76
2021-11-03,124.75,57.89
2021-11-04,122.58,57.03
2021-11-05,123.57,57.56
2021-11-08,123.34,57.6
2021-11-09,121.89,57.3
2021-11-10,123.45,57.3
2021-11-11,124.58,57.66
2021-11-12,125.3,57.44
2021-11-15,125.22,57.6
2021-11-16,124.51,57.56
2021-11-17,122.9,56.99
2021-11-18,121.4,56.75
2021-11-19,120.61,56.35
2021-11-22,123.19,57.06
2021-11-23,124.64,57.89
2021-11-24,124.34,57.72
2021-11-26,118.89,55.06
2021-11-29,119.94,55.08
2021-11-30,115.7,53.67
2021-12-01,114.14,53.01
2021-12-02,118.68,54.83
2021-12-03,116.66,53.47
2021-12-06,118.54,54.82
2021-12-07,120.17,55.03
2021-12-08,119.12,54.93
2021-12-09,118.93,54.46
2021-12-10,118.35,54.58
2021-12-13,117.07,53.29
2021-12-14,117.49,53.7
2021-12-15,117.5,53.99
2021-12-16,119.0,54.17
2021-12-17,117.23,52.91
2021-12-20,114.49,51.57
2021-12-21,117.79,53.17
2021-12-22,117.78,53.61
2021-12-23,118.21,54.07
2021-12-27,120.58,54.76
2021-12-28,120.05,54.78
2021-12-29,120.02,54.84
2021-12-30,119.41,54.58
2021-12-31,119.61,54.56
2022-01-03,120.7,55.64
2022-01-04,125.28,57.14
2022-01-05,124.43,56.71
2022-01-06,125.98,58.64
2022-01-07,129.66,59.28
2022-01-10,129.25,59.28
2022-01-11,131.61,59.63
2022-01-12,132.75,59.79
2022-01-13,133.23,60.04
2022-01-14,133.62,60.41
2022-01-18,132.24001,59.22
2022-01-19,125.84,57.57
2022-01-20,120.02,56.24
2022-01-21,113.93,55.12
2022-01-24,116.32,55.7
2022-01-25,115.4,55.82
2022-01-26,115.22,55.45
2022-01-27,114.74,54.28
2022-01-28,115.64,54.58
2022-01-31,116.64,55.03
2022-02-01,119.01,55.87
2022-02-02,120.33,55.73
2022-02-03,119.6,55.38
2022-02-04,121.58,56.37
2022-02-07,122.64,56.7
2022-02-08,125.18,58.15
2022-02-09,126.05,57.76
2022-02-10,125.2,57.65
2022-02-11,123.11,57.29
2022-02-14,121.51,56.79
2022-02-15,125.28,58.2
2022-02-16,126.28,58.35
2022-02-17,118.45,56.52
2022-02-18,118.52,56.52
2022-02-22,117.41,56.09
2022-02-23,113.64,55.17
2022-02-24,112.96,54.26
2022-02-25,117.78,56.58
2022-02-28,113.9,56.62
2022-03-01,106.3,53.78
2022-03-02,110.21,56.03
2022-03-03,110.43,55.65
2022-03-04,107.47,53.61
2022-03-07,104.09,51.35
2022-03-08,104.92,51.63
2022-03-09,108.03,53.43
2022-03-10,105.7,53.24
2022-03-11,105.14,53.18
2022-03-14,109.88,53.43
2022-03-15,111.24,53.59
2022-03-16,116.01,55.24
2022-03-17,115.68,54.66
2022-03-18,115.21,54.59
2022-03-21,114.51,53.94
2022-03-22,117.22,54.87
2022-03-23,115.54,53.18
2022-03-24,116.59,53.65
2022-03-25,119.23,54.5
2022-03-28,118.19,54.07
2022-03-29,119.95,54.95
2022-03-30,120.75,53.44
2022-03-31,116.45,52.35
2022-04-01,115.55,51.88
2022-04-04,115.41,51.62
2022-04-05,115.53,50.97
2022-04-06,113.47,50.1
2022-04-07,113.79,49.48
2022-04-08,115.03,49.52
2022-04-11,114.77,49.66
2022-04-12,113.5,49.15
2022-04-13,113.81,49.84
2022-04-14,110.89,49.37
2022-04-18,110.4,49.56
2022-04-19,111.69,51.07
2022-04-20,113.17,51.47
2022-04-21,110.34,50.57
2022-04-22,106.19,49.3
2022-04-25,105.76,49.38
2022-04-26,107.93,47.91
2022-04-27,107.76,47.9
2022-04-28,107.33,48.59
2022-04-29,103.05,47.06
2022-05-02,104.45,47.72
2022-05-03,105.41,48.5
2022-05-04,108.87,49.81
2022-05-05,106.65,48.3
2022-05-06,105.35,47.77
2022-05-09,104.75,46.96
2022-05-10,103.75,46.34
2022-05-11,101.89,45.5
2022-05-12,102.57,45.5
2022-05-13,104.15,46.08
2022-05-16,103.38,45.64
2022-05-17,105.71,47.41
2022-05-18,102.82,46.28
2022-05-19,102.0,45.92
2022-05-20,103.47,45.92
2022-05-23,106.18,47.08
2022-05-24,106.15,46.73
2022-05-25,107.56,47.41
2022-05-26,109.74,48.53
2022-05-27,112.6,49.27
2022-05-31,111.75,49.2
2022-06-01,108.76,48.55
2022-06-02,111.89,49.48
2022-06-03,110.03,48.81
2022-06-06,110.25,49.02
2022-06-07,111.83,49.47
2022-06-08,109.31,48.65
2022-06-09,106.35,47.19
2022-06-10,101.43,45.56
2022-06-13,98.43,44.06
2022-06-14,93.6,44.25
2022-06-15,93.28,44.53
2022-06-16,91.46,42.82
2022-06-17,91.68,43.41
2022-06-21,93.93,43.85
2022-06-22,93.36,43.88
2022-06-23,93.82,43.44
2022-06-24,97.12,45.0
2022-06-27,98.04,44.94
2022-06-28,98.26,44.66
2022-06-29,98.74,44.29
2022-06-30,96.48,43.88
2022-07-01,97.72,44.62
2022-07-05,96.61,44.78
2022-07-06,95.82,44.44
2022-07-07,97.31,44.98
2022-07-08,96.61,44.85
2022-07-11,95.11,44.39
2022-07-12,96.26,44.46
2022-07-13,95.6,43.79
2022-07-14,94.52,43.11
2022-07-15,99.28,44.65
2022-07-18,97.82,44.82
2022-07-19,101.22,46.22
2022-07-20,97.18,46.79
2022-07-21,97.51,46.97
2022-07-22,97.4,46.5
2022-07-25,97.54,47.19
2022-07-26,95.31,46.74
2022-07-27,96.96,47.72
2022-07-28,97.97,47.91
2022-07-29,99.78,48.55
2022-08-01,98.75,48.64
2022-08-02,98.46,48.04
2022-08-03,99.83,48.65
2022-08-04,99.85,48.37
2022-08-05,99.86,48.81
2022-08-08,99.25,48.81
2022-08-09,98.98,48.94
2022-08-10,102.02,50.19
2022-08-11,102.76,50.87
2022-08-12,104.05,51.63
2022-08-15,103.72,51.82
2022-08-16,103.78,52.32
2022-08-17,102.49,51.72
2022-08-18,102.7,51.88
2022-08-19,100.56,50.96
2022-08-22,98.44,49.71
2022-08-23,98.14,49.55
2022-08-24,98.15,49.43
2022-08-25,99.0,50.21
2022-08-26,95.4,48.83
2022-08-29,95.31,48.14
2022-08-30,95.46,48.02
2022-08-31,95.09,47.68
2022-09-01,94.71,47.3
2022-09-02,93.38,46.99
2022-09-06,93.92,46.27
2022-09-07,96.51,47.2
2022-09-08,98.89,48.2
2022-09-09,99.1,48.91
2022-09-12,98.49,49.45
2022-09-13,94.95,47.81
2022-09-14,94.67,47.88
2022-09-15,95.46,48.39
2022-09-16,93.13,47.92
2022-09-19,95.41,48.38
2022-09-20,93.59,48.03
2022-09-21,91.18,47.41
2022-09-22,89.49,46.32
2022-09-23,88.47,45.49
2022-09-26,86.8,44.92
2022-09-27,85.58,44.47
2022-09-28,87.43,45.27
2022-09-29,86.27,44.52
2022-09-30,85.56,44.29
2022-10-03,88.22,45.45
2022-10-04,90.99,47.51
2022-10-05,90.41,47.14
2022-10-06,88.66,46.63
2022-10-07,85.95,45.56
2022-10-10,85.33,45.34
2022-10-11,84.08,45.08
2022-10-12,83.74,44.96
2022-10-13,87.23,46.85
2022-10-14,84.06,46.2
2022-10-17,86.92,47.44
2022-10-18,87.61,47.57
2022-10-19,79.59,46.54
2022-10-20,77.21,45.11
2022-10-21,79.67,45.79
2022-10-24,79.98,46.56
2022-10-25,82.02,47.32
2022-10-26,82.16,47.24
2022-10-27,82.75,47.3
2022-10-28,84.68,48.53
2022-10-31,84.35,48.55
2022-11-01,84.72,48.62
2022-11-02,84.38,47.51
2022-11-03,82.01,47.03
2022-11-04,84.47,48.14
2022-11-07,85.24,48.49
2022-11-08,85.91,48.41
2022-11-09,84.0,47.57
2022-11-10,90.4,49.99
2022-11-11,94.03,49.79
2022-11-14,90.61,48.95
2022-11-15,91.99,49.24
2022-11-16,91.0,48.46
2022-11-17,90.89,47.79
2022-11-18,92.32,48.17
2022-11-21,92.81,48.4
2022-11-22,93.74,49.0
2022-11-23,93.83,49.0
2022-11-25,94.36,49.36
2022-11-28,91.2,48.27
2022-11-29,91.76,48.64
2022-11-30,93.11,49.52
2022-12-01,93.63,49.18
2022-12-02,91.66,48.97
2022-12-05,89.43,46.67
2022-12-06,88.57,46.19
2022-12-07,87.72,46.19
2022-12-08,87.12,46.3
2022-12-09,87.86,46.1
2022-12-12,89.53,46.55
2022-12-13,90.66,46.01
2022-12-14,88.24,45.25
2022-12-15,86.67,44.42
2022-12-16,86.95,44.06
2022-12-19,87.23,43.77
2022-12-20,87.11,43.99
2022-12-21,88.95,44.79
2022-12-22,87.38,44.51
2022-12-23,88.03,44.79
2022-12-27,87.9,44.82
2022-12-28,87.06,44.47
2022-12-29,89.48,45.39
2022-12-30,88.49,45.15
2023-01-03,89.78,44.97
2023-01-04,91.68,45.48
2023-01-05,91.51,45.04
2023-01-06,94.67,46.25
2023-01-09,94.21,45.96
2023-01-10,94.84,46.3
2023-01-11,96.28,46.7
2023-01-12,97.33,47.15
2023-01-13,98.2,47.27
2023-01-17,99.4,47.09
2023-01-18,98.97,45.7
2023-01-19,90.46,45.6
2023-01-20,93.36,46.82
2023-01-23,94.55,47.45
2023-01-24,94.77,46.99
2023-01-25,94.35,47.21
2023-01-26,96.94,47.72
2023-01-27,97.2,47.99
2023-01-30,95.38,47.52
2023-01-31,96.97,48.77
2023-02-01,96.75,49.39
2023-02-02,98.09,50.42
2023-02-03,98.17,50.38
2023-02-06,97.46,49.83
2023-02-07,99.4,50.43
2023-02-08,98.14,50.05
2023-02-09,97.6,49.27
2023-02-10,97.82,49.27
2023-02-13,99.05,49.77
2023-02-14,97.33,49.63
2023-02-15,97.05,49.94
2023-02-16,95.72,49.29
2023-02-17,96.71,49.48
2023-02-21,94.05,48.21
2023-02-22,93.97,48.06
2023-02-23,93.46,48.32
2023-02-24,93.42,48.3
2023-02-27,94.25,48.34
2023-02-28,95.27,48.26
2023-03-01,94.42,48.02
2023-03-02,92.95,47.21
2023-03-03,94.98,47.91
2023-03-06,95.31,47.6
2023-03-07,92.62,46.19
2023-03-08,92.84,46.01
2023-03-09,86.91,42.66
2023-03-10,84.92,40.88
2023-03-13,82.21,36.81
2023-03-14,86.27,37.52
2023-03-15,84.61,36.76
2023-03-16,85.62,37.89
2023-03-17,81.73,35.78
2023-03-20,84.29,36.08
2023-03-21,87.25,37.98
2023-03-22,83.78,36.02
2023-03-23,83.22,35.12
2023-03-24,83.43,35.91
2023-03-27,84.9,36.7
2023-03-28,84.96,36.68
2023-03-29,87.06,37.22
2023-03-30,86.75,36.66
2023-03-31,88.13,37.07
2023-04-03,87.72,36.76
2023-04-04,87.0,36.03
2023-04-05,87.54,35.8
2023-04-06,86.73,36.21
2023-04-10,87.74,36.46
2023-04-11,89.94,36.72
2023-04-12,88.91,36.39
2023-04-13,89.22,36.9
2023-04-14,87.92,36.49
2023-04-17,85.72,37.32
2023-04-18,85.99,36.82
2023-04-19,86.99,37.95
2023-04-20,85.86,37.32
2023-04-21,85.3,36.87
2023-04-24,86.13,36.7
2023-04-25,78.16,35.35
2023-04-26,76.48,35.5
2023-04-27,77.03,36.14
2023-04-28,78.16,36.63
2023-05-01,77.03,35.82
2023-05-02,74.61,33.96
2023-05-03,73.2,33.41
2023-05-04,71.6,31.9
2023-05-05,73.03,33.65
2023-05-08,73.02,33.27
2023-05-09,72.14,33.09
2023-05-10,71.41,32.85
2023-05-11,70.52,32.34
2023-05-12,69.93,32.34
2023-05-15,70.84,33.26
2023-05-16,69.65,32.75
2023-05-17,72.11,34.78
2023-05-18,72.89,35.01
2023-05-19,72.2,34.44
2023-05-22,73.03,35.25
2023-05-23,72.95,35.48
2023-05-24,71.35,34.86
2023-05-25,71.78,34.63
2023-05-26,72.62,35.01
2023-05-30,73.18,35.05
2023-05-31,71.92,34.07
2023-06-01,73.04,34.78
2023-06-02,75.18,36.57
2023-06-05,74.35,35.77
2023-06-06,75.56,37.33
2023-06-07,75.78,38.23
2023-06-08,74.46,37.93
2023-06-09,74.83,37.55
2023-06-12,73.59,37.26
2023-06-13,74.75,38.04
2023-06-14,74.25,37.14
2023-06-15,75.64,37.78
2023-06-16,74.71,37.36
2023-06-20,73.41,36.67
2023-06-21,72.95,36.24
2023-06-22,71.75,35.27
2023-06-23,71.28,34.81
2023-06-26,71.78,35.16
2023-06-27,72.35,35.7
2023-06-28,72.02,35.57
2023-06-29,73.35,36.2
2023-06-30,74.14,36.0
2023-07-03,75.36,36.69
2023-07-05,74.2,36.24
2023-07-06,73.24,35.66
2023-07-07,74.32,36.35
2023-07-10,73.73,36.63
2023-07-11,74.79,37.14
2023-07-12,74.63,37.8
2023-07-13,76.18,38.45
2023-07-14,71.19,37.71
2023-07-17,70.47,38.36
2023-07-18,71.7,39.71
2023-07-19,81.28,40.8
2023-07-20,79.58,40.75
2023-07-21,78.75,40.26
2023-07-24,79.58,41.07
2023-07-25,78.35,40.56
2023-07-26,79.85,42.07
2023-07-27,79.17,41.44
2023-07-28,80.06,41.94
2023-07-31,80.12,41.96
2023-08-01,80.22,41.54
2023-08-02,80.13,41.32
2023-08-03,80.81,41.77
2023-08-04,80.25,41.89
2023-08-07,80.85,42.33
2023-08-08,79.59,41.77
2023-08-09,79.0,41.19
2023-08-10,79.78,41.17
2023-08-11,79.91,41.33
2023-08-14,78.72,40.69
2023-08-15,76.95,39.43
2023-08-16,76.52,38.96
2023-08-17,76.95,38.92
2023-08-18,76.74,38.95
2023-08-21,76.19,38.68
2023-08-22,74.26,37.72
2023-08-23,75.38,38.23
2023-08-24,75.38,38.34
2023-08-25,74.67,38.18
2023-08-28,75.53,38.66
2023-08-29,76.05,39.13
2023-08-30,76.11,38.94
2023-08-31,76.07,39.06
2023-09-01,77.29,39.84
2023-09-05,76.43,39.11
2023-09-06,76.33,38.29
2023-09-07,75.55,37.82
2023-09-08,76.39,38.17
2023-09-11,77.08,38.12
2023-09-12,71.85,38.51
2023-09-13,71.91,38.08
2023-09-14,73.46,38.69
2023-09-15,72.72,38.55
2023-09-18,71.76,37.75
2023-09-19,70.45,37.6
2023-09-20,69.87,37.28
2023-09-21,69.54,36.74
2023-09-22,69.43,36.55
2023-09-25,69.22,36.99
2023-09-26,68.96,36.37
2023-09-27,68.45,36.22
2023-09-28,69.21,36.61
2023-09-29,69.48,36.85
2023-10-02,67.84,36.05
2023-10-03,66.82,35.32
2023-10-04,66.49,35.62
2023-10-05,66.67,36.18
2023-10-06,67.46,36.31
2023-10-09,67.17,36.35
2023-10-10,67.73,36.86
2023-10-11,68.35,36.98
2023-10-12,67.1,36.49
2023-10-13,67.42,35.98
2023-10-16,68.85,36.81
2023-10-17,70.61,37.53
2023-10-18,65.94,36.58
2023-10-19,65.5,36.14
2023-10-20,64.28,34.87
2023-10-23,64.18,34.75
2023-10-24,63.55,34.67
2023-10-25,63.06,34.5
2023-10-26,64.95,35.41
2023-10-27,63.54,34.67
2023-10-30,65.12,35.12
2023-10-31,65.91,35.32
2023-11-01,66.88,35.49
2023-11-02,70.1,37.25
2023-11-03,71.35,38.45
2023-11-06,70.32,37.91
2023-11-07,69.52,37.59
2023-11-08,69.35,37.21
2023-11-09,69.4,36.66
2023-11-10,70.7,36.97
2023-11-13,70.98,36.98
2023-11-14,73.84,39.29
2023-11-15,74.88,39.82
2023-11-16,74.64,39.37
2023-11-17,75.38,39.94
2023-11-20,75.85,39.9
2023-11-21,75.56,39.21
2023-11-22,76.15,39.4
2023-11-24,76.36,39.5
2023-11-27,76.23,39.37
2023-11-28,76.7,39.38
2023-11-29,78.28,40.18
2023-11-30,79.25,40.35
2023-12-01,80.28,42.04
2023-12-04,80.77,42.56
2023-12-05,80.76,41.98
2023-12-06,80.67,41.97
2023-12-07,79.86,42.69
2023-12-08,80.39,43.16
2023-12-11,80.83,43.14
2023-12-12,80.46,42.94
2023-12-13,82.85,45.06
2023-12-14,85.93,47.03
2023-12-15,85.45,46.4
2023-12-18,85.59,45.73
2023-12-19,85.86,46.31
2023-12-20,83.09,45.32
2023-12-21,83.8,45.76
2023-12-22,83.84,45.97
2023-12-26,84.25,46.58
2023-12-27,84.57,46.54
2023-12-28,84.96,46.62
2023-12-29,84.38,46.02
