date,ORCL,XLK
2010-01-04,24.85,23.27
2010-01-05,24.82,23.24
2010-01-06,24.46,22.98
2010-01-07,24.38,22.89
2010-01-08,24.68,23.04
2010-01-11,24.69,22.95
2010-01-12,24.56,22.7
2010-01-13,24.8,22.92
2010-01-14,25.34,22.98
2010-01-15,25.24,22.66
2010-01-19,25.33,23.05
2010-01-20,25.06,22.68
2010-01-21,24.83,22.44
2010-01-22,24.15,21.66
2010-01-25,24.03,21.84
2010-01-26,23.88,21.78
2010-01-27,23.86,21.96
2010-01-28,23.47,21.33
2010-01-29,23.06,20.959
2010-02-01,23.22,21.2
2010-02-02,23.76,21.41
2010-02-03,23.75,21.46
2010-02-04,23.11,20.86
2010-02-05,23.55,21.07
2010-02-08,23.12,20.98
2010-02-09,23.51,21.16
2010-02-10,23.11,21.1
2010-02-11,23.35,21.32
2010-02-12,23.41,21.36
2010-02-16,23.81,21.68
2010-02-17,24.18,21.74
2010-02-18,24.52,21.88
2010-02-19,24.32,21.82
2010-02-22,24.81,21.78
2010-02-23,24.48,21.51
2010-02-24,24.77,21.72
2010-02-25,24.87,21.66
2010-02-26,24.65,21.69
2010-03-01,24.74,21.97
2010-03-02,24.58,21.94
2010-03-03,24.5,21.95
2010-03-04,24.76,22.04
2010-03-05,24.95,22.31
2010-03-08,24.7,22.43
2010-03-09,24.88,22.53
2010-03-10,24.87,22.68
2010-03-11,25.14,22.77
2010-03-12,25.05,22.75
2010-03-15,25.28,22.73
2010-03-16,25.21,22.9
2010-03-17,25.47,22.97
2010-03-18,25.38,23.0
2010-03-19,25.19,22.79
2010-03-22,25.56,22.96
2010-03-23,25.99,23.18
2010-03-24,25.76,23.07
2010-03-25,26.04,23.11
2010-03-26,25.69,23.0
2010-03-29,25.57,23.07
2010-03-30,25.54,23.17
2010-03-31,25.71,23.1
2010-04-01,25.46,23.06
2010-04-05,25.58,23.33
2010-04-06,25.83,23.35
2010-04-07,25.91,23.26
2010-04-08,25.83,23.3
2010-04-09,26.13,23.48
2010-04-12,26.2,23.53
2010-04-13,26.35,23.6
2010-04-14,26.3825,23.94
2010-04-15,26.2,24.05
2010-04-16,25.95,23.73
2010-04-19,26.19,23.78
2010-04-20,26.15,23.91
2010-04-21,26.29,23.96
2010-04-22,26.24,24.02
2010-04-23,26.4825,24.08
2010-04-26,26.47,24.05
2010-04-27,25.98,23.58
2010-04-28,25.86,23.65
2010-04-29,25.97,23.89
2010-04-30,25.8675,23.389
2010-05-03,26.01,23.71
2010-05-04,24.97,23.03
2010-05-05,24.94,22.93
2010-05-06,23.91,22.24
2010-05-07,23.41,21.75
2010-05-10,24.39,22.75
2010-05-11,24.19,22.6
2010-05-12,24.6,23.19
2010-05-13,24.24,22.85
2010-05-14,23.78,22.41
2010-05-17,23.74,22.52
2010-05-18,23.43,22.18
2010-05-19,23.19,22.01
2010-05-20,22.35,21.31
2010-05-21,22.1625,21.47
2010-05-24,22.28,21.37
2010-05-25,22.2,21.31
2010-05-26,21.9095,21.1
2010-05-27,22.58,21.82
2010-05-28,22.57,21.64
2010-06-01,22.2,21.43
2010-06-02,22.64,21.91
2010-06-03,22.84,22.13
2010-06-04,22.13,21.42
2010-06-07,21.6975,21.11
2010-06-08,21.76,21.15
2010-06-09,21.54,21.04
2010-06-10,22.205,21.55
2010-06-11,22.69,21.74
2010-06-14,22.69,21.7
2010-06-15,23.2,22.27
2010-06-16,23.18,22.33
2010-06-17,23.07,22.41
2010-06-18,23.2,22.33
2010-06-21,23.09,22.17
2010-06-22,22.89,21.98
2010-06-23,22.68,21.94
2010-06-24,22.22,21.5
2010-06-25,22.66,21.475
2010-06-28,22.45,21.52
2010-06-29,21.75,20.72
2010-06-30,21.46,20.4
2010-07-01,21.55,20.32
2010-07-02,21.83,20.29
2010-07-06,22.32,20.49
2010-07-07,23.0875,21.15
2010-07-08,23.22,21.28
2010-07-09,23.37,21.39
2010-07-12,23.38,21.49
2010-07-13,23.71,21.8
2010-07-14,23.94,21.93
2010-07-15,23.83,22.0
2010-07-16,23.27,21.3725
2010-07-19,23.59,21.58
2010-07-20,23.92,21.72
2010-07-21,23.56,21.46
2010-07-22,24.31,22.04
2010-07-23,24.5,22.19
2010-07-26,24.64,22.32
2010-07-27,24.57,22.39
2010-07-28,24.28,22.21
2010-07-29,23.7,22.01
2010-07-30,23.64,21.92
2010-08-02,24.29,22.38
2010-08-03,24.21,22.26
2010-08-04,24.49,22.44
2010-08-05,24.29,22.34
2010-08-06,24.38,22.28
2010-08-09,24.26,22.43
2010-08-10,24.29,22.2
2010-08-11,23.66,21.67
2010-08-12,22.94,21.37
2010-08-13,22.66,21.27
2010-08-16,22.72,21.31
2010-08-17,23.045,21.54
2010-08-18,23.09,21.66
2010-08-19,23.0,21.4
2010-08-20,23.02,21.35
2010-08-23,22.84,21.16
2010-08-24,22.41,20.87
2010-08-25,22.42,21.0
2010-08-26,22.25,20.79
2010-08-27,22.51,21.04
2010-08-30,22.02,20.76
2010-08-31,21.845,20.69
2010-09-01,22.62,21.22
2010-09-02,22.48,21.41
2010-09-03,22.92,21.73
2010-09-07,24.265,21.55
2010-09-08,24.14,21.67
2010-09-09,24.33,21.73
2010-09-10,25.05,21.74
2010-09-13,25.11,22.13
2010-09-14,25.38,22.22
2010-09-15,25.74,22.36
2010-09-16,25.36,22.49
2010-09-17,27.48,22.53
2010-09-20,27.491,22.86
2010-09-21,26.82,22.82
2010-09-22,27.2,22.71
2010-09-23,27.12,22.68
2010-09-24,26.96,23.12
2010-09-27,26.95,23.13
2010-09-28,27.19,23.16
2010-09-29,27.1695,23.11
2010-09-30,26.85,23.02
2010-10-01,27.235,23.03
2010-10-04,26.9,22.84
2010-10-05,27.3,23.29
2010-10-06,27.58,23.18
2010-10-07,27.69,23.18
2010-10-08,28.0,23.31
2010-10-11,27.85,23.35
2010-10-12,27.95,23.49
2010-10-13,28.6,23.68
2010-10-14,28.33,23.69
2010-10-15,28.9,24.09
2010-10-18,29.23,24.25
2010-10-19,29.13,23.82
2010-10-20,28.64,24.02
2010-10-21,28.82,24.04
2010-10-22,28.9925,24.11
2010-10-25,28.84,24.18
2010-10-26,28.63,24.24
2010-10-27,28.7,24.31
2010-10-28,29.36,24.31
2010-10-29,29.38,24.35
2010-11-01,29.13,24.37
2010-11-02,29.5325,24.61
2010-11-03,29.2,24.75
2010-11-04,29.47,25.12
2010-11-05,29.25,25.1
2010-11-08,29.04,25.12
2010-11-09,28.74,25.05
2010-11-10,28.69,25.07
2010-11-11,28.5725,24.685
2010-11-12,28.32,24.34
2010-11-15,28.4,24.27
2010-11-16,27.58,23.83
2010-11-17,27.91,23.84
2010-11-18,28.31,24.24
2010-11-19,28.1525,24.31
2010-11-22,28.05,24.45
2010-11-23,27.19,24.09
2010-11-24,27.74,24.49
2010-11-26,27.49,24.25
2010-11-29,27.22,24.19
2010-11-30,27.045,23.95
2010-12-01,27.65,24.46
2010-12-02,28.1,24.75
2010-12-03,28.81,24.805
2010-12-06,28.7325,24.81
2010-12-07,29.05,24.84
2010-12-08,29.23,25.05
2010-12-09,29.26,25.07
2010-12-10,29.945,25.185
2010-12-13,30.415,25.14
2010-12-14,30.51,25.18
2010-12-15,30.49,25.08
2010-12-16,30.27,25.12
2010-12-17,31.4625,25.08
2010-12-20,31.675,25.1
2010-12-21,31.76,25.25
2010-12-22,31.66,25.22
2010-12-23,31.54,25.21
2010-12-27,31.66,25.26
2010-12-28,31.57,25.23
2010-12-29,31.5,25.28
2010-12-30,31.29,25.22
2010-12-31,31.3,25.19
2011-01-03,31.62,25.47
2011-01-04,31.48,25.57
2011-01-05,31.04,25.72
2011-01-06,31.17,25.87
2011-01-07,31.03,25.75
2011-01-10,31.04,25.7725
2011-01-11,30.99,25.73
2011-01-12,30.945,25.96
2011-01-13,31.18,25.94
2011-01-14,31.245,26.17
2011-01-18,31.53,26.1975
2011-01-19,31.6,26.01
2011-01-20,32.305,25.87
2011-01-21,32.51,25.72
2011-01-24,32.4,26.08
2011-01-25,32.29,26.2
2011-01-26,32.56,26.35
2011-01-27,32.92,26.44
2011-01-28,32.0,25.83
2011-01-31,32.03,25.99
2011-02-01,33.24,26.43
2011-02-02,33.1425,26.4775
2011-02-03,32.99,26.52
2011-02-04,32.62,26.69
2011-02-07,32.98,26.8225
2011-02-08,33.03,26.9325
2011-02-09,32.889,26.88
2011-02-10,33.26,26.76
2011-02-11,33.47,26.9025
2011-02-14,33.29,26.94
2011-02-15,32.76,26.84
2011-02-16,33.11,26.9875
2011-02-17,33.01,27.04
2011-02-18,33.68,27.0
2011-02-22,32.53,26.34
2011-02-23,32.18,26.03
2011-02-24,32.25,26.12
2011-02-25,32.95,26.45
2011-02-28,32.9,26.56
2011-03-01,31.665,26.05
2011-03-02,32.12,26.21
2011-03-03,33.0275,26.63
2011-03-04,32.765,26.415
2011-03-07,32.1,26.08
2011-03-08,32.745,26.2975
2011-03-09,32.79,26.19
2011-03-10,31.8,25.7
2011-03-11,31.91,25.8
2011-03-14,31.59,25.68
2011-03-15,31.17,25.3
2011-03-16,30.2,24.6825
2011-03-17,30.55,24.94
2011-03-18,30.76,24.9
2011-03-21,31.4175,25.3225
2011-03-22,31.125,25.28
2011-03-23,31.41,25.42
2011-03-24,32.14,25.8175
2011-03-25,32.64,25.88
2011-03-28,32.555,25.82
2011-03-29,33.16,26.0
2011-03-30,33.05,26.11
2011-03-31,33.4325,26.0625
2011-04-01,34.02,26.01
2011-04-04,34.14,25.92
2011-04-05,33.92,25.88
2011-04-06,33.58,26.07
2011-04-07,33.72,26.08
2011-04-08,33.54,25.93
2011-04-11,33.785,25.89
2011-04-12,33.4,25.68
2011-04-13,33.7,25.84
2011-04-14,33.8,25.79
2011-04-15,34.18,25.74
2011-04-18,33.63,25.51
2011-04-19,33.67,25.58
2011-04-20,34.11,26.119
2011-04-21,34.75,26.35
2011-04-25,34.83,26.37
2011-04-26,34.97,26.59
2011-04-27,35.25,26.75
2011-04-28,35.29,26.76
2011-04-29,35.96,26.74
2011-05-02,36.37,26.64
2011-05-03,36.14,26.65
2011-05-04,35.25,26.57
2011-05-05,34.67,26.43
2011-05-06,34.87,26.48
2011-05-09,35.2,26.59
2011-05-10,35.62,26.83
2011-05-11,34.98,26.59
2011-05-12,35.73,26.79
2011-05-13,35.19,26.46
2011-05-16,34.18,26.08
2011-05-17,33.94,26.08
2011-05-18,33.91,26.27
2011-05-19,34.5,26.32
2011-05-20,34.27,26.169
2011-05-23,33.16,25.8
2011-05-24,33.04,25.72
2011-05-25,32.99,25.8
2011-05-26,33.4,25.97
2011-05-27,33.7,26.1
2011-05-31,34.22,26.46
2011-06-01,32.88,25.91
2011-06-02,32.72,25.93
2011-06-03,32.33,25.54
2011-06-06,32.19,25.35
2011-06-07,31.84,25.27
2011-06-08,31.25,25.1
2011-06-09,31.63,25.12
2011-06-10,31.18,24.77
2011-06-13,31.63,24.79
2011-06-14,32.08,25.1
2011-06-15,31.16,24.63
2011-06-16,30.8,24.57
2011-06-17,31.185,24.445
2011-06-20,31.91,24.5425
2011-06-21,32.65,24.98
2011-06-22,32.2,24.8
2011-06-23,32.459,24.97
2011-06-24,31.14,24.54
2011-06-27,31.58,24.87
2011-06-28,32.34,25.18
2011-06-29,32.43,25.38
2011-06-30,32.91,25.7
2011-07-01,33.05,26.12
2011-07-05,33.06,26.16
2011-07-06,33.21,26.28
2011-07-07,34.09,26.6
2011-07-08,33.94,26.47
2011-07-11,33.14,26.03
2011-07-12,32.6,25.8
2011-07-13,32.69,25.86
2011-07-14,32.05,25.64
2011-07-15,32.09,25.92
2011-07-18,31.49,25.83
2011-07-19,32.64,26.45
2011-07-20,32.075,26.37
2011-07-21,32.47,26.49
2011-07-22,32.55,26.72
2011-07-25,32.21,26.65
2011-07-26,32.145,26.77
2011-07-27,30.71,26.06
2011-07-28,30.665,26.02
2011-07-29,30.58,25.81
2011-08-01,30.11,25.79
2011-08-02,29.55,25.25
2011-08-03,30.19,25.51
2011-08-04,28.88,24.48
2011-08-05,28.35,24.33
2011-08-08,26.02,22.96
2011-08-09,27.6,24.01
2011-08-10,26.48,23.07
2011-08-11,27.7,23.95
2011-08-12,27.39,24.121
2011-08-15,27.64,24.55
2011-08-16,27.57,24.37
2011-08-17,27.47,24.26
2011-08-18,25.19,23.08
2011-08-19,24.78,22.52
2011-08-22,25.06,22.64
2011-08-23,26.199,23.47
2011-08-24,26.68,23.68
2011-08-25,25.9,23.34
2011-08-26,26.65,23.8
2011-08-29,27.91,24.4
2011-08-30,27.87,24.5
2011-08-31,28.07,24.44
2011-09-01,27.845,24.17
2011-09-02,26.97,23.62
2011-09-06,26.49,23.51
2011-09-07,27.63,24.12
2011-09-08,26.72,24.0
2011-09-09,26.0,23.49
2011-09-12,26.75,23.77
2011-09-13,27.72,24.05
2011-09-14,28.15,24.41
2011-09-15,28.95,24.8
2011-09-16,29.23,24.98
2011-09-19,29.02,24.92
2011-09-20,28.35,24.86
2011-09-21,29.54,24.49
2011-09-22,28.34,23.73
2011-09-23,28.9,24.0
2011-09-26,29.71,24.3
2011-09-27,30.13,24.61
2011-09-28,29.455,24.26
2011-09-29,29.65,24.21
2011-09-30,28.74,23.6
2011-10-03,27.94,23.07
2011-10-04,28.69,23.54
2011-10-05,29.51,24.03
2011-10-06,30.07,24.39
2011-10-07,29.91,24.3
2011-10-10,30.97,25.05
2011-10-11,30.93,25.16
2011-10-12,31.11,25.27
2011-10-13,31.14,25.55
2011-10-14,31.85,26.0
2011-10-17,31.23,25.59
2011-10-18,31.88,25.82
2011-10-19,31.49,25.32
2011-10-20,31.53,25.21
2011-10-21,32.12,25.53
2011-10-24,32.87,25.93
2011-10-25,32.37,25.52
2011-10-26,32.4,25.63
2011-10-27,33.66,26.39
2011-10-28,33.69,26.48
2011-10-31,32.77,26.01
2011-11-01,31.69,25.29
2011-11-02,32.28,25.6
2011-11-03,33.11,26.21
2011-11-04,32.55,26.05
2011-11-07,32.87,26.21
2011-11-08,33.61,26.51
2011-11-09,31.59,25.59
2011-11-10,31.73,25.67
2011-11-11,32.37,26.16
2011-11-14,32.3,25.96
2011-11-15,32.96,26.31
2011-11-16,31.99,25.92
2011-11-17,30.82,25.42
2011-11-18,30.6,25.21
2011-11-21,29.91,24.77
2011-11-22,29.81,24.73
2011-11-23,29.0,24.14
2011-11-25,28.74,24.01
2011-11-28,29.87,24.8
2011-11-29,29.74,24.67
2011-11-30,31.35,25.62
2011-12-01,31.67,25.76
2011-12-02,31.2,25.74
2011-12-05,31.9,26.03
2011-12-06,31.73,26.02
2011-12-07,31.54,26.05
2011-12-08,30.74,25.64
2011-12-09,31.69,26.04
2011-12-12,31.32,25.71
2011-12-13,30.83,25.47
2011-12-14,29.87,25.08
2011-12-15,29.03,25.02
2011-12-16,29.21,24.98
2011-12-19,28.615,24.74
2011-12-20,29.17,25.435
2011-12-21,25.77,25.02
2011-12-22,25.69,25.31
2011-12-23,26.06,25.56
2011-12-27,25.625,25.6
2011-12-28,25.51,25.34
2011-12-29,25.8,25.53
2011-12-30,25.65,25.45
2012-01-03,25.865,25.81
2012-01-04,26.01,25.88
2012-01-05,26.59,25.96
2012-01-06,26.93,25.97
2012-01-09,27.03,25.93
2012-01-10,26.97,26.02
2012-01-11,26.89,26.1
2012-01-12,27.17,26.23
2012-01-13,27.34,26.08
2012-01-17,27.66,26.2
2012-01-18,28.34,26.58
2012-01-19,28.56,26.77
2012-01-20,28.71,26.8
2012-01-23,28.39,26.89
2012-01-24,28.51,26.87
2012-01-25,28.51,27.08
2012-01-26,28.29,26.9
2012-01-27,28.42,26.9
2012-01-30,28.6,26.98
2012-01-31,28.21,27.03
2012-02-01,28.88,27.3
2012-02-02,28.81,27.37
2012-02-03,29.11,27.715
2012-02-06,29.0,27.73
2012-02-07,28.95,27.8
2012-02-08,28.73,27.97
2012-02-09,28.89,28.24
2012-02-10,28.495,28.03
2012-02-13,28.43,28.21
2012-02-14,28.24,28.26
2012-02-15,27.98,28.11
2012-02-16,28.95,28.52
2012-02-17,28.79,28.52
2012-02-21,28.74,28.64
2012-02-22,28.55,28.54
2012-02-23,28.81,28.65
2012-02-24,29.25,28.82
2012-02-27,29.26,28.87
2012-02-28,29.39,29.08
2012-02-29,29.255,28.945
2012-03-01,29.83,29.12
2012-03-02,29.96,29.08
2012-03-05,30.24,28.83
2012-03-06,29.945,28.545
2012-03-07,30.22,28.76
2012-03-08,30.07,29.05
2012-03-09,30.13,29.18
2012-03-12,29.71,29.22
2012-03-13,30.13,29.8
2012-03-14,29.84,29.91
2012-03-15,30.06,29.99
2012-03-16,29.74,29.88
2012-03-19,29.76,30.1
2012-03-20,30.1,30.07
2012-03-21,29.41,30.06
2012-03-22,28.63,29.99
2012-03-23,28.55,29.985
2012-03-26,29.16,30.43
2012-03-27,29.35,30.42
2012-03-28,29.36,30.31
2012-03-29,29.3,30.25
2012-03-30,29.16,30.16
2012-04-02,29.53,30.48
2012-04-03,29.39,30.46
2012-04-04,29.16,30.1
2012-04-05,29.56,30.17
2012-04-09,29.01,29.96
2012-04-10,28.35,29.535
2012-04-11,28.14,29.71
2012-04-12,28.7,30.075
2012-04-13,28.5,29.61
2012-04-16,28.635,29.3
2012-04-17,29.28,29.94
2012-04-18,29.125,29.69
2012-04-19,29.01,29.39
2012-04-20,28.88,29.28
2012-04-23,28.48,29.05
2012-04-24,28.69,28.99
2012-04-25,28.87,29.805
2012-04-26,29.02,30.04
2012-04-27,29.24,30.03
2012-04-30,29.4,29.82
2012-05-01,29.57,29.92
2012-05-02,29.71,29.94
2012-05-03,29.38,29.69
2012-05-04,28.41,29.07
2012-05-07,27.92,28.99
2012-05-08,27.93,28.885
2012-05-09,27.78,28.89
2012-05-10,27.02,28.67
2012-05-11,27.0,28.69
2012-05-14,26.96,28.44
2012-05-15,27.06,28.36
2012-05-16,26.72,28.13
2012-05-17,26.25,27.73
2012-05-18,25.61,27.47
2012-05-21,26.26,28.15
2012-05-22,26.36,28.06
2012-05-23,26.68,28.09
2012-05-24,26.12,27.93
2012-05-25,26.14,27.87
2012-05-29,26.46,28.24
2012-05-30,26.17,28.06
2012-05-31,26.47,27.93
2012-06-01,26.0,27.2
2012-06-04,26.2,27.36
2012-06-05,26.705,27.525
2012-06-06,27.53,28.155
2012-06-07,27.18,28.02
2012-06-08,27.16,28.33
2012-06-11,26.81,27.93
2012-06-12,27.03,28.21
2012-06-13,27.02,28.04
2012-06-14,26.91,28.18
2012-06-15,27.7,28.37
2012-06-18,27.12,28.58
2012-06-19,27.96,28.8
2012-06-20,28.49,28.85
2012-06-21,27.81,28.165
2012-06-22,28.0,28.48
2012-06-25,27.62,27.9
2012-06-26,27.83,28.01
2012-06-27,28.17,28.18
2012-06-28,28.17,27.95
2012-06-29,29.7,28.725
2012-07-02,29.795,28.89
2012-07-03,29.97,29.12
2012-07-05,29.72,29.12
2012-07-06,29.18,28.69
2012-07-09,29.1,28.63
2012-07-10,29.05,28.31
2012-07-11,29.23,28.18
2012-07-12,28.82,27.9
2012-07-13,29.58,28.27
2012-07-16,29.52,28.24
2012-07-17,29.92,28.35
2012-07-18,30.5,28.84
2012-07-19,30.865,29.09
2012-07-20,30.115,28.755
2012-07-23,29.65,28.48
2012-07-24,29.315,28.19
2012-07-25,29.26,28.08
2012-07-26,30.0,28.51
2012-07-27,30.77,29.13
2012-07-30,30.58,29.14
2012-07-31,30.2,29.26
2012-08-01,30.32,29.16
2012-08-02,29.92,28.97
2012-08-03,30.72,29.54
2012-08-06,31.0,29.75
2012-08-07,31.5,29.95
2012-08-08,31.16,29.96
2012-08-09,31.37,30.06
2012-08-10,31.61,30.13
2012-08-13,31.36,30.22
2012-08-14,31.35,30.16
2012-08-15,31.55,30.17
2012-08-16,32.03,30.58
2012-08-17,32.2,30.75
2012-08-20,32.04,30.78
2012-08-21,31.75,30.58
2012-08-22,31.7,30.63
2012-08-23,31.585,30.38
2012-08-24,31.95,30.57
2012-08-27,31.83,30.6
2012-08-28,31.58,30.53
2012-08-29,31.49,30.59
2012-08-30,31.172,30.25
2012-08-31,31.65,30.49
2012-09-04,31.57,30.49
2012-09-05,32.07,30.46
2012-09-06,32.63,31.14
2012-09-07,32.6,31.09
2012-09-10,32.31,30.76
2012-09-11,32.32,30.84
2012-09-12,32.26,31.01
2012-09-13,32.62,31.43
2012-09-14,32.95,31.58
2012-09-17,33.1,31.61
2012-09-18,33.015,31.63
2012-09-19,32.78,31.66
2012-09-20,32.26,31.6
2012-09-21,32.47,31.51
2012-09-24,32.225,31.31
2012-09-25,31.3,30.87
2012-09-26,30.725,30.65
2012-09-27,31.215,31.045
2012-09-28,31.46,30.825
2012-10-01,31.67,30.76
2012-10-02,31.65,30.8
2012-10-03,31.82,30.96
2012-10-04,31.895,31.05
2012-10-05,31.39,30.89
2012-10-08,31.18,30.57
2012-10-09,30.65,30.18
2012-10-10,30.58,30.06
2012-10-11,30.72,29.94
2012-10-12,31.0,29.92
2012-10-15,31.3,30.07
2012-10-16,31.87,30.48
2012-10-17,31.23,30.32
2012-10-18,31.115,29.965
2012-10-19,30.475,29.29
2012-10-22,30.8,29.49
2012-10-23,30.59,29.17
2012-10-24,30.6,29.0
2012-10-25,30.86,28.94
2012-10-26,30.99,28.99
2012-10-31,31.08,28.8705
2012-11-01,31.48,29.34
2012-11-02,31.21,28.96
2012-11-05,31.25,29.12
2012-11-06,31.63,29.25
2012-11-07,30.79,28.52
2012-11-08,30.4201,28.11
2012-11-09,30.35,28.24
2012-11-12,30.3,28.195
2012-11-13,30.02,28.06
2012-11-14,29.58,27.775
2012-11-15,29.9501,27.62
2012-11-16,30.0,27.66
2012-11-19,30.14,28.415
2012-11-20,30.2,28.3
2012-11-21,30.395,28.39
2012-11-23,30.92,28.85
2012-11-26,30.96,28.975
2012-11-27,31.2213,28.8487
2012-11-28,31.8,29.02
2012-11-29,31.84,29.16
2012-11-30,32.175,29.13
2012-12-03,32.31,29.09
2012-12-04,32.38,29.035
2012-12-05,32.0,28.75
2012-12-06,32.03,28.915
2012-12-07,31.92,28.77
2012-12-10,32.07,28.84
2012-12-11,32.34,29.23
2012-12-12,31.94,29.18
2012-12-13,31.61,28.97
2012-12-14,31.96,28.69
2012-12-17,32.32,29.04
2012-12-18,32.88,29.47
2012-12-19,34.09,29.32
2012-12-20,33.9398,29.37
2012-12-21,33.76,28.95
2012-12-24,33.61,28.87
2012-12-26,33.61,28.71
2012-12-27,33.27,28.68
2012-12-28,33.02,28.36
2012-12-31,33.32,28.85
2013-01-02,34.69,29.81
2013-01-03,34.31,29.62
2013-01-04,34.61,29.5
2013-01-07,34.43,29.4612
2013-01-08,34.44,29.35
2013-01-09,34.46,29.4
2013-01-10,34.91,29.55
2013-01-11,34.86,29.59
2013-01-14,34.96,29.4
2013-01-15,34.7,29.21
2013-01-16,34.64,29.31
2013-01-17,34.62,29.43
2013-01-18,35.11,29.39
2013-01-22,34.93,29.47
2013-01-23,34.69,29.78
2013-01-24,34.94,29.27
2013-01-25,35.38,29.3
2013-01-28,35.54,29.4
2013-01-29,35.78,29.44
2013-01-30,35.38,29.35
2013-01-31,35.51,29.4
2013-02-01,36.205,29.73
2013-02-04,35.13,29.34
2013-02-05,35.48,29.68
2013-02-06,35.1,29.67
2013-02-07,34.56,29.67
2013-02-08,34.9,29.93
2013-02-11,34.96,29.99
2013-02-12,35.11,29.89
2013-02-13,34.99,29.88
2013-02-14,34.9,29.802
2013-02-15,34.81,29.78
2013-02-19,35.4,29.975
2013-02-20,35.005,29.57
2013-02-21,34.28,29.33
2013-02-22,34.75,29.69
2013-02-25,34.28,29.27
2013-02-26,34.32,29.442
2013-02-27,34.68,29.69
2013-02-28,34.24,29.63
2013-03-01,34.63,29.68
2013-03-04,35.05,29.77
2013-03-05,35.46,30.18
2013-03-06,35.86,30.16
2013-03-07,35.94,30.23
2013-03-08,35.71,30.29
2013-03-11,35.88,30.36
2013-03-12,35.43,30.25
2013-03-13,35.575,30.23
2013-03-14,36.3,30.445
2013-03-15,36.34,30.2
2013-03-18,36.04,30.21
2013-03-19,35.69,30.17
2013-03-20,35.765,30.32
2013-03-21,32.3,29.975
2013-03-22,31.98,30.172
2013-03-25,31.25,30.1
2013-03-26,31.535,30.29
2013-03-27,31.95,30.21
2013-03-28,32.33,30.27
2013-04-01,32.41,30.07
2013-04-02,32.745,30.19
2013-04-03,32.4,29.95
2013-04-04,32.365,29.96
2013-04-05,32.03,29.73
2013-04-08,32.36,29.86
2013-04-09,33.04,30.07
2013-04-10,33.73,30.6
2013-04-11,33.615,30.5
2013-04-12,33.46,30.365
2013-04-15,32.8,29.87
2013-04-16,33.415,30.24
2013-04-17,32.485,29.62
2013-04-18,32.12,29.31
2013-04-19,32.37,29.35
2013-04-22,32.515,29.575
2013-04-23,32.46,29.9
2013-04-24,32.51,29.95
2013-04-25,32.27,30.05
2013-04-26,32.359,30.04
2013-04-29,32.24,30.47
2013-04-30,32.78,30.8
2013-05-01,33.16,30.53
2013-05-02,33.69,30.92
2013-05-03,33.38,31.21
2013-05-06,33.51,31.36
2013-05-07,33.26,31.34
2013-05-08,33.46,31.59
2013-05-09,33.7,31.5
2013-05-10,34.02,31.59
2013-05-13,33.78,31.51
2013-05-14,33.67,31.61
2013-05-15,33.985,31.71
2013-05-16,34.37,31.88
2013-05-17,35.03,32.2
2013-05-20,34.9,32.2
2013-05-21,35.1,32.1
2013-05-22,34.12,31.75
2013-05-23,34.23,31.74
2013-05-24,34.05,31.69
2013-05-28,34.53,31.84
2013-05-29,34.4,31.76
2013-05-30,34.34,31.96
2013-05-31,33.78,31.66
2013-06-03,34.39,31.82
2013-06-04,34.16,31.68
2013-06-05,34.12,31.37
2013-06-06,33.35,31.44
2013-06-07,33.815,31.73
2013-06-10,34.05,31.8
2013-06-11,33.57,31.47
2013-06-12,33.52,31.26
2013-06-13,34.25,31.615
2013-06-14,33.77,31.38
2013-06-17,34.27,31.67
2013-06-18,34.4,31.92
2013-06-19,34.09,31.55
2013-06-20,33.21,30.85
2013-06-21,30.135,30.51
2013-06-24,30.17,30.14
2013-06-25,29.96,30.39
2013-06-26,30.14,30.57
2013-06-27,30.45,30.72
2013-06-28,30.71,30.585
2013-07-01,30.11,30.75
2013-07-02,30.1,30.8
2013-07-03,30.7,30.98
2013-07-05,31.19,31.18
2013-07-08,31.645,31.16
2013-07-09,31.515,31.28
2013-07-10,31.23,31.38
2013-07-11,31.86,31.91
2013-07-12,31.25,31.93
2013-07-15,32.01,32.02
2013-07-16,32.0,32.045
2013-07-17,32.16,32.07
2013-07-18,32.01,31.99
2013-07-19,31.86,31.445
2013-07-22,31.87,31.54
2013-07-23,32.07,31.411
2013-07-24,32.39,31.62
2013-07-25,32.37,31.64
2013-07-26,32.54,31.73
2013-07-29,32.48,31.68
2013-07-30,32.55,31.84
2013-07-31,32.35,31.73
2013-08-01,32.75,32.07
2013-08-02,32.57,32.21
2013-08-05,32.78,32.28
2013-08-06,33.0,32.11
2013-08-07,32.82,32.03
2013-08-08,33.02,32.135
2013-08-09,32.92,31.97
2013-08-12,33.25,32.18
2013-08-13,33.25,32.4
2013-08-14,33.57,32.37
2013-08-15,32.73,31.85
2013-08-16,32.41,31.815
2013-08-19,32.06,31.72
2013-08-20,32.2,31.77
2013-08-21,32.3,31.7
2013-08-22,32.4,31.84
2013-08-23,31.77,32.07
2013-08-26,32.34,31.92
2013-08-27,31.78,31.36
2013-08-28,31.66,31.38
2013-08-29,31.7,31.55
2013-08-30,31.86,31.4
2013-09-03,32.02,31.431
2013-09-04,32.32,31.735
2013-09-05,32.26,31.75
2013-09-06,32.2,31.77
2013-09-09,32.75,32.15
2013-09-10,32.86,32.35
2013-09-11,33.02,32.2
2013-09-12,32.79,32.225
2013-09-13,32.46,32.255
2013-09-16,32.97,32.21
2013-09-17,33.26,32.37
2013-09-18,33.87,32.779
2013-09-19,33.89,32.805
2013-09-20,34.05,32.415
2013-09-23,33.94,32.51
2013-09-24,33.64,32.37
2013-09-25,33.87,32.32
2013-09-26,33.81,32.44
2013-09-27,33.78,32.24
2013-09-30,33.17,32.04
2013-10-01,33.5,32.32
2013-10-02,33.68,32.33
2013-10-03,33.24,32.05
2013-10-04,33.21,32.18
2013-10-07,32.84,32.04
2013-10-08,32.37,31.53
2013-10-09,32.19,31.65
2013-10-10,32.99,32.18
2013-10-11,33.26,32.45
2013-10-14,33.28,32.56
2013-10-15,32.75,32.36
2013-10-16,33.02,32.67
2013-10-17,32.87,32.68
2013-10-18,32.9,33.24
2013-10-21,32.95,33.42
2013-10-22,32.9,33.41
2013-10-23,32.7,33.25
2013-10-24,33.07,33.33
2013-10-25,33.15,33.5
2013-10-28,33.14,33.61
2013-10-29,33.71,33.825
2013-10-30,33.53,33.76
2013-10-31,33.5,33.65
2013-11-01,33.53,33.66
2013-11-04,33.71,33.79
2013-11-05,33.5,33.7
2013-11-06,34.07,34.04
2013-11-07,34.0,33.595
2013-11-08,34.35,33.9
2013-11-11,34.37,33.94
2013-11-12,34.7,34.03
2013-11-13,35.0,34.32
2013-11-14,34.38,34.225
2013-11-15,34.92,34.3
2013-11-18,34.93,34.17
2013-11-19,34.76,34.05
2013-11-20,34.75,33.94
2013-11-21,34.94,34.23
2013-11-22,34.83,34.16
2013-11-25,34.78,34.16
2013-11-26,34.93,34.28
2013-11-27,35.29,34.55
2013-11-29,35.29,34.69
2013-12-02,35.08,34.58
2013-12-03,35.07,34.66
2013-12-04,35.07,34.69
2013-12-05,34.85,34.58
2013-12-06,35.48,34.82
2013-12-09,35.6,34.93
2013-12-10,34.8,34.86
2013-12-11,34.56,34.54
2013-12-12,33.6,34.31
2013-12-13,33.23,34.2
2013-12-16,33.54,34.54
2013-12-17,33.63,34.53
2013-12-18,34.6,34.8
2013-12-19,36.6,34.86
2013-12-20,36.37,34.96
2013-12-23,36.93,35.42
2013-12-24,37.32,35.52
2013-12-26,37.69,35.61
2013-12-27,37.98,35.58
2013-12-30,37.99,35.51
2013-12-31,38.26,35.74
2014-01-02,37.84,35.39
2014-01-03,37.62,35.22
2014-01-06,37.47,35.16
2014-01-07,37.85,35.48
2014-01-08,37.72,35.48
2014-01-09,37.65,35.25
2014-01-10,38.11,35.32
2014-01-13,37.75,34.94
2014-01-14,38.21,35.53
2014-01-15,38.41,35.96
2014-01-16,38.29,35.95
2014-01-17,38.21,35.75
2014-01-21,38.11,35.93
2014-01-22,37.98,35.89
2014-01-23,38.15,35.82
2014-01-24,37.11,35.13
2014-01-27,36.49,34.8
2014-01-28,37.1,34.59
2014-01-29,36.97,34.32
2014-01-30,37.4,34.74
2014-01-31,36.9,34.82
2014-02-03,35.84,34.09
2014-02-04,35.96,34.22
2014-02-05,35.95,34.25
2014-02-06,36.72,34.63
2014-02-07,37.19,35.1
2014-02-10,37.3,35.17
2014-02-11,37.84,35.6
2014-02-12,38.07,35.74
2014-02-13,38.42,36.0
2014-02-14,37.98,36.07
2014-02-18,37.97,36.09
2014-02-19,37.87,35.97
2014-02-20,38.27,36.09
2014-02-21,38.1,35.95
2014-02-24,38.14,36.09
2014-02-25,38.25,35.99
2014-02-26,38.5,36.02
2014-02-27,38.95,36.31
2014-02-28,39.11,36.35
2014-03-03,38.51,35.96
2014-03-04,39.41,36.43
2014-03-05,39.5,36.48
2014-03-06,39.46,36.53
2014-03-07,38.83,36.42
2014-03-10,38.86,36.36
2014-03-11,38.9,36.28
2014-03-12,38.52,36.34
2014-03-13,37.65,35.85
2014-03-14,37.6,35.63
2014-03-17,38.22,36.05
2014-03-18,38.84,36.52
2014-03-19,38.55,36.37
2014-03-20,38.37,36.65
2014-03-21,37.5,36.31
2014-03-24,38.18,36.28
2014-03-25,38.4,36.5
2014-03-26,39.08,36.06
2014-03-27,39.24,35.93
2014-03-28,39.57,36.07
2014-03-31,40.91,36.35
2014-04-01,41.49,36.78
2014-04-02,41.13,36.8
2014-04-03,40.37,36.62
2014-04-04,39.98,35.92
2014-04-07,39.47,35.64
2014-04-08,40.24,35.96
2014-04-09,40.88,36.44
2014-04-10,39.79,35.6
2014-04-11,38.98,35.2
2014-04-14,39.57,35.55
2014-04-15,39.73,35.73
2014-04-16,40.13,36.08
2014-04-17,40.08,36.03
2014-04-21,40.24,36.17
2014-04-22,40.46,36.32
2014-04-23,39.79,35.93
2014-04-24,39.75,36.21
2014-04-25,39.45,35.75
2014-04-28,40.13,36.09
2014-04-29,40.11,36.34
2014-04-30,40.88,36.45
2014-05-01,40.97,36.49
2014-05-02,40.81,36.39
2014-05-05,41.21,36.58
2014-05-06,41.01,36.17
2014-05-07,41.06,36.19
2014-05-08,40.87,36.29
2014-05-09,41.04,36.33
2014-05-12,41.95,36.82
2014-05-13,41.89,36.84
2014-05-14,41.88,36.67
2014-05-15,41.93,36.45
2014-05-16,41.69,36.68
2014-05-19,42.16,36.92
2014-05-20,41.56,36.71
2014-05-21,41.68,36.96
2014-05-22,41.52,37.03
2014-05-23,42.15,37.34
2014-05-27,41.91,37.66
2014-05-28,41.57,37.56
2014-05-29,42.2,37.78
2014-05-30,42.02,37.82
2014-06-02,41.97,37.76
2014-06-03,41.81,37.7
2014-06-04,41.7,37.77
2014-06-05,42.1,38.02
2014-06-06,42.63,38.19
2014-06-09,42.7,38.31
2014-06-10,42.66,38.33
2014-06-11,42.56,38.24
2014-06-12,42.0,37.91
2014-06-13,42.14,38.13
2014-06-16,42.15,38.13
2014-06-17,42.32,38.22
2014-06-18,42.81,38.42
2014-06-19,42.51,38.35
2014-06-20,40.82,38.09
2014-06-23,41.1,38.2
2014-06-24,40.76,38.0
2014-06-25,40.46,38.15
2014-06-26,40.15,38.11
2014-06-27,40.53,38.34
2014-06-30,40.53,38.35
2014-07-01,40.77,38.74
2014-07-02,40.95,38.78
2014-07-03,41.34,38.95
2014-07-07,40.89,38.99
2014-07-08,40.56,38.64
2014-07-09,40.26,38.83
2014-07-10,40.32,38.72
2014-07-11,40.13,38.92
2014-07-14,40.49,39.2
2014-07-15,40.54,39.13
2014-07-16,40.26,39.49
2014-07-17,39.91,38.98
2014-07-18,40.0,39.4499
2014-07-21,40.01,39.4
2014-07-22,40.43,39.73
2014-07-23,40.31,39.8
2014-07-24,40.47,39.77
2014-07-25,40.33,39.72
2014-07-28,40.55,39.79
2014-07-29,40.63,39.71
2014-07-30,40.96,39.75
2014-07-31,40.39,39.0
2014-08-01,39.61,38.789
2014-08-04,40.1,39.065
2014-08-05,39.96,38.7
2014-08-06,40.16,38.58
2014-08-07,39.67,38.42
2014-08-08,39.94,38.67
2014-08-11,39.92,38.86
2014-08-12,39.9,38.84
2014-08-13,40.24,39.22
2014-08-14,40.22,39.29
2014-08-15,40.28,39.29
2014-08-18,40.64,39.66
2014-08-19,41.41,39.91
2014-08-20,41.25,39.91
2014-08-21,41.58,40.1
2014-08-22,41.63,40.11
2014-08-25,41.74,40.15
2014-08-26,41.84,40.17
2014-08-27,41.64,40.16
2014-08-28,41.27,40.1
2014-08-29,41.53,40.28
2014-09-02,41.66,40.29
2014-09-03,41.9,40.07
2014-09-04,41.55,40.05
2014-09-05,41.27,40.29
2014-09-08,40.64,40.35
2014-09-09,40.71,40.06
2014-09-10,40.71,40.3
2014-09-11,40.68,40.39
2014-09-12,40.5,40.22
2014-09-15,40.66,39.98
2014-09-16,41.19,40.28
2014-09-17,41.14,40.36
2014-09-18,41.55,40.6
2014-09-19,39.8,40.34
2014-09-22,39.58,40.07
2014-09-23,38.83,39.98
2014-09-24,39.42,40.24
2014-09-25,38.76,39.36
2014-09-26,38.95,39.79
2014-09-29,38.44,39.78
2014-09-30,38.28,39.9
2014-10-01,38.09,39.28
2014-10-02,38.27,39.26
2014-10-03,38.89,39.58
2014-10-06,39.08,39.59
2014-10-07,38.46,38.97
2014-10-08,39.02,39.71
2014-10-09,38.74,39.05
2014-10-10,38.1,38.05
2014-10-13,38.23,37.63
2014-10-14,38.46,37.69
2014-10-15,38.3,37.43
2014-10-16,37.56,37.21
2014-10-17,37.87,37.65
2014-10-20,37.8,37.92
2014-10-21,38.35,38.66
2014-10-22,37.64,38.48
2014-10-23,38.23,38.91
2014-10-24,38.73,39.25
2014-10-27,38.43,39.29
2014-10-28,38.65,39.83
2014-10-29,38.58,39.79
2014-10-30,38.5,39.92
2014-10-31,39.05,40.54
2014-11-03,38.99,40.71
2014-11-04,39.13,40.7
2014-11-05,39.29,40.81
2014-11-06,39.81,40.79
2014-11-07,39.94,40.84
2014-11-10,40.45,40.95
2014-11-11,40.47,40.97
2014-11-12,40.14,41.1
2014-11-13,40.72,41.32
2014-11-14,40.84,41.61
2014-11-17,41.16,41.53
2014-11-18,41.26,41.67
2014-11-19,40.92,41.4
2014-11-20,40.92,41.61
2014-11-21,41.44,41.67
2014-11-24,41.43,41.89
2014-11-25,41.15,41.91
2014-11-26,41.87,42.29
2014-11-28,42.41,42.49
2014-12-01,42.08,42.005
2014-12-02,42.18,42.02
2014-12-03,42.06,42.17
2014-12-04,41.89,42.17
2014-12-05,41.93,42.12
2014-12-08,41.37,41.69
2014-12-09,41.87,41.68
2014-12-10,40.92,41.05
2014-12-11,40.76,41.23
2014-12-12,39.95,40.615
2014-12-15,41.11,40.37
2014-12-16,40.63,39.83
2014-12-17,41.16,40.58
2014-12-18,45.35,41.74
2014-12-19,46.0,41.57
2014-12-22,45.65,42.07
2014-12-23,46.01,42.18
2014-12-24,46.21,42.14
2014-12-26,46.1,42.32
2014-12-29,45.61,42.11
2014-12-30,45.34,41.81
2014-12-31,44.97,41.35
2015-01-02,44.33,41.27
2015-01-05,43.59,40.64
2015-01-06,43.14,40.15
2015-01-07,43.15,40.49
2015-01-08,43.41,41.38
2015-01-09,43.39,41.25
2015-01-12,43.27,40.77
2015-01-13,42.93,40.74
2015-01-14,43.06,40.51
2015-01-15,42.63,39.99
2015-01-16,43.51,40.38
2015-01-20,43.9,40.72
2015-01-21,43.49,40.79
2015-01-22,44.05,41.46
2015-01-23,44.19,41.45
2015-01-26,43.9,41.28
2015-01-27,43.4,40.09
2015-01-28,42.69,40.02
2015-01-29,42.86,40.4
2015-01-30,41.89,39.9
2015-02-02,42.68,40.31
2015-02-03,43.04,40.77
2015-02-04,42.42,40.85
2015-02-05,43.16,41.23
2015-02-06,42.98,41.1
2015-02-09,43.4,41.04
2015-02-10,43.99,41.65
2015-02-11,43.36,41.81
2015-02-12,43.89,42.38
2015-02-13,43.93,42.65
2015-02-17,43.84,42.67
2015-02-18,44.1,42.71
2015-02-19,44.11,42.86
2015-02-20,43.77,43.08
2015-02-23,43.78,43.11
2015-02-24,43.88,43.24
2015-02-25,43.73,42.97
2015-02-26,43.89,43.24
2015-02-27,43.82,43.09
2015-03-02,44.03,43.43
2015-03-03,43.38,43.14
2015-03-04,43.61,42.97
2015-03-05,43.8,42.92
2015-03-06,42.38,42.39
2015-03-09,42.69,42.59
2015-03-10,41.82,41.72
2015-03-11,41.47,41.45
2015-03-12,41.62,41.72
2015-03-13,42.38,41.49
2015-03-16,43.41,41.98
2015-03-17,42.87,41.99
2015-03-18,44.13,42.56
2015-03-19,44.16,42.44
2015-03-20,44.41,42.54
2015-03-23,44.25,42.54
2015-03-24,43.71,42.4
2015-03-25,42.93,41.31
2015-03-26,42.99,41.34
2015-03-27,42.64,41.37
2015-03-30,43.44,41.87
2015-03-31,43.15,41.44
2015-04-01,42.94,41.38
2015-04-02,42.62,41.37
2015-04-06,42.96,41.77
2015-04-07,42.96,41.68
2015-04-08,43.11,41.81
2015-04-09,43.2,41.92
2015-04-10,43.51,42.08
2015-04-13,43.08,41.96
2015-04-14,42.73,41.83
2015-04-15,43.99,42.2
2015-04-16,43.46,42.05
2015-04-17,43.0,41.47
2015-04-20,43.32,42.18
2015-04-21,43.42,42.16
2015-04-22,43.55,42.59
2015-04-23,43.39,42.76
2015-04-24,43.08,43.13
2015-04-27,43.61,43.25
2015-04-28,44.5,43.39
2015-04-29,44.73,43.18
2015-04-30,43.62,42.58
2015-05-01,44.37,43.1
2015-05-04,44.59,43.14
2015-05-05,43.92,42.47
2015-05-06,43.26,42.11
2015-05-07,43.48,42.42
2015-05-08,44.01,43.03
2015-05-11,43.84,42.81
2015-05-12,43.57,42.58
2015-05-13,43.79,42.76
2015-05-14,44.38,43.45
2015-05-15,44.15,43.31
2015-05-18,44.24,43.52
2015-05-19,44.32,43.41
2015-05-20,44.29,43.44
2015-05-21,44.28,43.63
2015-05-22,43.93,43.6
2015-05-26,43.33,42.97
2015-05-27,44.14,43.78
2015-05-28,43.86,43.69
2015-05-29,43.49,43.37
2015-06-01,43.79,43.49
2015-06-02,43.7,43.4
2015-06-03,43.97,43.49
2015-06-04,43.77,43.09
2015-06-05,43.81,42.95
2015-06-08,43.1,42.47
2015-06-09,43.07,42.37
2015-06-10,43.94,43.03
2015-06-11,44.28,43.05
2015-06-12,44.34,42.67
2015-06-15,43.72,42.41
2015-06-16,44.64,42.69
2015-06-17,44.91,42.71
2015-06-18,42.74,43.09
2015-06-19,41.59,42.54
2015-06-22,41.49,42.89
2015-06-23,41.71,42.92
2015-06-24,41.2,42.72
2015-06-25,41.06,42.62
2015-06-26,40.99,42.26
2015-06-29,40.42,41.36
2015-06-30,40.3,41.4
2015-07-01,40.24,41.68
2015-07-02,40.36,41.74
2015-07-06,40.15,41.57
2015-07-07,40.16,41.63
2015-07-08,39.77,40.95
2015-07-09,40.18,40.79
2015-07-10,40.36,41.44
2015-07-13,40.8,42.07
2015-07-14,40.78,42.23
2015-07-15,40.79,42.24
2015-07-16,40.96,42.78
2015-07-17,40.4,43.44
2015-07-20,39.93,43.67
2015-07-21,39.57,43.38
2015-07-22,39.42,42.68
2015-07-23,39.0,42.59
2015-07-24,39.0,42.36
2015-07-27,38.51,41.98
2015-07-28,39.28,42.36
2015-07-29,39.79,42.64
2015-07-30,39.65,42.72
2015-07-31,39.94,42.58
2015-08-03,39.71,42.35
2015-08-04,39.66,42.1
2015-08-05,39.64,42.51
2015-08-06,39.32,42.09
2015-08-07,39.56,42.12
2015-08-10,39.89,42.78
2015-08-11,39.17,42.14
2015-08-12,39.28,42.33
2015-08-13,39.31,42.21
2015-08-14,39.41,42.42
2015-08-17,39.72,42.66
2015-08-18,39.83,42.44
2015-08-19,39.53,42.16
2015-08-20,38.63,41.13
2015-08-21,37.55,39.56
2015-08-24,36.08,38.14
2015-08-25,35.45,37.7
2015-08-26,36.91,39.6
2015-08-27,36.82,40.52
2015-08-28,37.46,40.6
2015-08-31,37.09,40.23
2015-09-01,36.01,38.94
2015-09-02,36.75,39.88
2015-09-03,36.9,39.91
2015-09-04,36.27,39.3
2015-09-08,37.68,40.4
2015-09-09,37.09,39.87
2015-09-10,37.61,40.27
2015-09-11,37.92,40.46
2015-09-14,37.56,40.36
2015-09-15,37.99,40.88
2015-09-16,38.27,41.05
2015-09-17,36.74,40.77
2015-09-18,36.38,40.06
2015-09-21,36.83,40.46
2015-09-22,36.19,39.78
2015-09-23,35.99,39.88
2015-09-24,36.06,39.88
2015-09-25,36.05,39.81
2015-09-28,35.44,38.9
2015-09-29,35.51,38.73
2015-09-30,36.12,39.5
2015-10-01,36.24,39.52
2015-10-02,36.89,40.08
2015-10-05,37.59,40.87
2015-10-06,37.73,40.92
2015-10-07,37.66,41.11
2015-10-08,37.89,41.3
2015-10-09,38.1,41.48
2015-10-12,38.04,41.53
2015-10-13,37.82,41.44
2015-10-14,37.26,41.36
2015-10-15,37.55,41.89
2015-10-16,37.37,41.97
2015-10-19,36.87,42.13
2015-10-20,36.86,42.02
2015-10-21,36.62,41.7
2015-10-22,37.79,42.64
2015-10-23,38.07,43.83
2015-10-26,38.37,43.66
2015-10-27,38.34,43.41
2015-10-28,38.88,44.06
2015-10-29,38.86,43.94
2015-10-30,38.84,43.65
2015-11-02,39.75,44.04
2015-11-03,40.2,44.27
2015-11-04,40.48,44.32
2015-11-05,40.35,44.19
2015-11-06,40.62,44.34
2015-11-09,40.1,43.91
2015-11-10,39.92,43.62
2015-11-11,39.04,43.6
2015-11-12,38.63,43.22
2015-11-13,37.3,42.37
2015-11-16,38.12,43.02
2015-11-17,38.13,43.03
2015-11-18,38.7,43.68
2015-11-19,39.02,43.88
2015-11-20,39.34,44.2
2015-11-23,39.14,43.94
2015-11-24,39.46,43.95
2015-11-25,39.26,43.81
2015-11-27,39.18,43.91
2015-11-30,38.97,43.96
2015-12-01,39.23,44.35
2015-12-02,38.7,44.07
2015-12-03,37.81,43.5
2015-12-04,39.16,44.57
2015-12-07,38.82,44.35
2015-12-08,38.73,44.24
2015-12-09,38.58,43.59
2015-12-10,38.19,43.71
2015-12-11,37.21,42.8
2015-12-14,37.65,43.13
2015-12-15,38.21,43.32
2015-12-16,38.91,43.91
2015-12-17,36.93,43.22
2015-12-18,36.35,42.17
2015-12-21,36.42,42.6
2015-12-22,36.59,42.91
2015-12-23,36.93,43.27
2015-12-24,37.01,43.25
2015-12-28,36.79,43.22
2015-12-29,37.04,43.81
2015-12-30,36.92,43.44
2015-12-31,36.53,42.83
2016-01-04,35.75,42.27
2016-01-05,35.64,42.16
2016-01-06,35.82,41.64
2016-01-07,35.04,40.41
2016-01-08,34.65,40.09
2016-01-11,34.94,40.35
2016-01-12,35.37,40.83
2016-01-13,34.08,39.73
2016-01-14,34.79,40.48
2016-01-15,34.12,39.34
2016-01-19,34.55,39.38
2016-01-20,33.94,39.07
2016-01-21,34.12,39.29
2016-01-22,34.8,40.38
2016-01-25,34.34,39.91
2016-01-26,35.23,40.3
2016-01-27,34.91,39.47
2016-01-28,35.33,39.98
2016-01-29,36.31,41.24
2016-02-01,36.32,41.39
2016-02-02,35.35,40.65
2016-02-03,35.69,40.6
2016-02-04,36.45,40.64
2016-02-05,35.7,39.5
2016-02-08,35.61,38.93
2016-02-09,35.08,38.75
2016-02-10,35.2,38.83
2016-02-11,34.84,38.73
2016-02-12,35.54,39.27
2016-02-16,35.7,39.97
2016-02-17,36.63,40.79
2016-02-18,36.63,40.63
2016-02-19,36.78,40.66
2016-02-22,37.11,41.2
2016-02-23,36.55,40.55
2016-02-24,36.63,40.86
2016-02-25,37.29,41.37
2016-02-26,36.96,41.26
2016-02-29,36.78,40.97
2016-03-01,37.99,42.19
2016-03-02,37.76,42.31
2016-03-03,37.89,42.31
2016-03-04,37.89,42.42
2016-03-07,38.36,42.16
2016-03-08,38.15,41.9
2016-03-09,38.48,42.26
2016-03-10,38.05,42.22
2016-03-11,38.95,42.87
2016-03-14,38.7,42.92
2016-03-15,38.74,43.08
2016-03-16,40.22,43.58
2016-03-17,40.61,43.74
2016-03-18,41.48,43.59
2016-03-21,41.61,43.74
2016-03-22,41.38,43.75
2016-03-23,40.75,43.5
2016-03-24,40.97,43.62
2016-03-28,40.62,43.51
2016-03-29,40.7,44.19
2016-03-30,40.97,44.45
2016-03-31,40.91,44.36
2016-04-01,41.16,44.7
2016-04-04,41.07,44.53
2016-04-05,40.53,44.1
2016-04-06,40.75,44.53
2016-04-07,39.97,43.89
2016-04-08,40.36,43.89
2016-04-11,40.39,43.77
2016-04-12,40.42,44.07
2016-04-13,41.31,44.52
2016-04-14,41.24,44.51
2016-04-15,41.02,44.34
2016-04-18,41.24,44.53
2016-04-19,41.06,44.28
2016-04-20,41.1,44.37
2016-04-21,40.99,44.21
2016-04-22,40.7,43.44
2016-04-25,40.78,43.45
2016-04-26,40.65,43.24
2016-04-27,40.85,43.04
2016-04-28,40.33,42.5
2016-04-29,39.86,42.13
2016-05-02,40.3,42.44
2016-05-03,39.68,42.05
2016-05-04,39.29,41.92
2016-05-05,39.23,41.94
2016-05-06,39.41,42.25
2016-05-09,39.36,42.25
2016-05-10,40.02,42.8
2016-05-11,39.65,42.49
2016-05-12,39.82,42.37
2016-05-13,39.61,42.21
2016-05-16,39.97,42.8
2016-05-17,39.6,42.37
2016-05-18,39.47,42.45
2016-05-19,38.84,42.22
2016-05-20,39.41,42.73
2016-05-23,39.18,42.65
2016-05-24,39.9,43.45
2016-05-25,40.13,43.75
2016-05-26,39.95,43.89
2016-05-27,40.07,44.1
2016-05-31,40.2,44.19
2016-06-01,40.26,44.08
2016-06-02,38.66,44.04
2016-06-03,39.1,43.94
2016-06-06,39.44,44.02
2016-06-07,39.13,44.2
2016-06-08,39.28,44.29
2016-06-09,39.05,44.3
2016-06-10,38.74,43.96
2016-06-13,38.62,43.47
2016-06-14,38.83,43.57
2016-06-15,38.44,43.46
2016-06-16,38.64,43.55
2016-06-17,39.68,43.05
2016-06-20,39.73,43.23
2016-06-21,39.99,43.53
2016-06-22,40.01,43.38
2016-06-23,40.83,43.97
2016-06-24,39.23,42.28
2016-06-27,38.48,41.43
2016-06-28,39.13,42.25
2016-06-29,40.55,42.9
2016-06-30,40.93,43.37
2016-07-01,40.86,43.47
2016-07-05,40.4,43.15
2016-07-06,40.53,43.45
2016-07-07,40.53,43.45
2016-07-08,40.87,44.13
2016-07-11,40.78,44.39
2016-07-12,41.42,44.75
2016-07-13,41.46,44.76
2016-07-14,41.67,45.05
2016-07-15,41.77,45.01
2016-07-18,41.64,45.31
2016-07-19,41.08,45.21
2016-07-20,41.25,45.8
2016-07-21,41.07,45.56
2016-07-22,41.08,45.83
2016-07-25,41.16,45.77
2016-07-26,40.94,45.87
2016-07-27,40.93,46.25
2016-07-28,41.19,46.28
2016-07-29,41.04,46.45
2016-08-01,41.15,46.54
2016-08-02,40.71,46.19
2016-08-03,40.71,46.35
2016-08-04,40.9,46.6
2016-08-05,41.13,47.05
2016-08-08,41.16,47.04
2016-08-09,41.1,47.14
2016-08-10,41.09,46.99
2016-08-11,41.28,47.16
2016-08-12,41.09,47.11
2016-08-15,41.39,47.34
2016-08-16,41.32,46.99
2016-08-17,41.21,46.97
2016-08-18,41.14,46.99
2016-08-19,41.32,47.02
2016-08-22,41.22,47.02
2016-08-23,41.5,47.19
2016-08-24,41.07,46.93
2016-08-25,41.1,47.03
2016-08-26,41.26,47.05
2016-08-29,41.31,47.23
2016-08-30,41.31,47.07
2016-08-31,41.22,46.99
2016-09-01,41.16,47.14
2016-09-02,41.25,47.35
2016-09-06,41.25,47.59
2016-09-07,41.25,47.71
2016-09-08,40.72,47.32
2016-09-09,40.03,46.16
2016-09-12,40.68,46.93
2016-09-13,40.18,46.59
2016-09-14,40.25,46.81
2016-09-15,40.86,47.58
2016-09-16,38.92,47.21
2016-09-19,39.23,47.12
2016-09-20,39.07,47.09
2016-09-21,39.51,47.62
2016-09-22,39.51,47.91
2016-09-23,39.23,47.49
2016-09-26,39.03,47.21
2016-09-27,39.3,47.73
2016-09-28,39.44,47.82
2016-09-29,39.12,47.53
2016-09-30,39.28,47.78
2016-10-03,38.99,47.64
2016-10-04,38.87,47.47
2016-10-05,39.15,47.64
2016-10-06,38.87,47.75
2016-10-07,38.71,47.62
2016-10-10,38.62,47.95
2016-10-11,38.01,47.41
2016-10-12,38.05,47.49
2016-10-13,38.03,47.19
2016-10-14,38.41,47.37
2016-10-17,38.29,47.27
2016-10-18,38.42,47.53
2016-10-19,38.35,47.62
2016-10-20,38.09,47.4
2016-10-21,37.93,47.53
2016-10-24,38.27,47.99
2016-10-25,38.36,47.82
2016-10-26,38.31,47.55
2016-10-27,38.22,47.49
2016-10-28,38.17,47.44
2016-10-31,38.42,47.42
2016-11-01,38.46,47.01
2016-11-02,38.03,46.71
2016-11-03,38.31,46.26
2016-11-04,38.28,46.18
2016-11-07,39.09,47.18
2016-11-08,39.13,47.41
2016-11-09,39.55,47.35
2016-11-10,39.58,46.59
2016-11-11,39.45,46.73
2016-11-14,39.3,46.02
2016-11-15,39.17,46.67
2016-11-16,39.7,47.1
2016-11-17,40.25,47.4
2016-11-18,39.86,47.36
2016-11-21,39.89,47.84
2016-11-22,40.09,47.99
2016-11-23,40.1,47.8
2016-11-25,40.27,48.0
2016-11-28,40.3,48.04
2016-11-29,40.55,48.07
2016-11-30,40.19,47.5
2016-12-01,38.7,46.52
2016-12-02,38.5,46.69
2016-12-05,38.97,47.14
2016-12-06,39.47,47.28
2016-12-07,40.32,48.18
2016-12-08,40.35,48.3
2016-12-09,40.52,48.65
2016-12-12,40.51,48.5
2016-12-13,40.76,49.11
2016-12-14,40.88,48.94
2016-12-15,40.86,49.16
2016-12-16,39.1,48.59
2016-12-19,38.9,48.94
2016-12-20,39.0,49.12
2016-12-21,38.83,49.02
2016-12-22,38.96,48.92
2016-12-23,38.78,48.97
2016-12-27,38.82,49.17
2016-12-28,38.68,48.73
2016-12-29,38.69,48.74
2016-12-30,38.45,48.36
2017-01-03,38.55,48.79
2017-01-04,38.74,48.96
2017-01-05,38.64,49.04
2017-01-06,38.45,49.4
2017-01-09,39.03,49.39
2017-01-10,38.66,49.4
2017-01-11,39.11,49.63
2017-01-12,39.2,49.51
2017-01-13,39.26,49.66
2017-01-17,39.1,49.47
2017-01-18,39.19,49.6
2017-01-19,39.21,49.53
2017-01-20,39.87,49.8
2017-01-23,39.68,49.89
2017-01-24,40.1,50.2
2017-01-25,40.15,50.68
2017-01-26,40.13,50.54
2017-01-27,40.23,50.74
2017-01-30,40.23,50.33
2017-01-31,40.11,50.08
2017-02-01,39.84,50.46
2017-02-02,39.98,50.36
2017-02-03,40.43,50.69
2017-02-06,40.1,50.72
2017-02-07,40.07,50.92
2017-02-08,40.02,51.01
2017-02-09,40.23,51.17
2017-02-10,40.79,51.32
2017-02-13,41.09,51.55
2017-02-14,41.1,51.72
2017-02-15,41.41,51.89
2017-02-16,41.59,52.01
2017-02-17,42.06,52.19
2017-02-21,42.27,52.46
2017-02-22,42.51,52.52
2017-02-23,42.96,52.51
2017-02-24,43.17,52.63
2017-02-27,42.7,52.6
2017-02-28,42.59,52.35
2017-03-01,42.92,53.09
2017-03-02,42.89,52.74
2017-03-03,42.69,52.86
2017-03-06,42.57,52.78
2017-03-07,42.6,52.78
2017-03-08,42.61,52.84
2017-03-09,42.44,52.83
2017-03-10,42.68,53.11
2017-03-13,42.58,53.16
2017-03-14,42.79,53.04
2017-03-15,43.05,53.4
2017-03-16,45.73,53.43
2017-03-17,45.66,53.34
2017-03-20,45.23,53.3706
2017-03-21,44.84,52.61
2017-03-22,44.79,52.94
2017-03-23,44.95,52.8
2017-03-24,44.65,52.84
2017-03-27,44.84,52.84
2017-03-28,44.69,53.22
2017-03-29,44.52,53.31
2017-03-30,44.68,53.41
2017-03-31,44.61,53.31
2017-04-03,44.61,53.26
2017-04-04,44.59,53.3
2017-04-05,44.49,53.08
2017-04-06,44.18,53.09
2017-04-07,44.29,53.06
2017-04-10,44.0,52.96
2017-04-11,44.17,52.76
2017-04-12,44.18,52.58
2017-04-13,44.0,52.37
2017-04-17,44.29,52.85
2017-04-18,44.52,52.84
2017-04-19,44.19,52.8
2017-04-20,44.53,53.28
2017-04-21,44.43,53.17
2017-04-24,44.84,53.8
2017-04-25,44.72,54.08
2017-04-26,44.69,54.02
2017-04-27,44.77,54.24
2017-04-28,44.96,54.38
2017-05-01,45.05,54.79
2017-05-02,45.13,54.91
2017-05-03,44.89,54.81
2017-05-04,45.47,54.77
2017-05-05,45.58,54.97
2017-05-08,45.56,55.21
2017-05-09,45.48,55.28
2017-05-10,45.53,55.49
2017-05-11,45.16,55.42
2017-05-12,45.08,55.56
2017-05-15,45.32,55.87
2017-05-16,45.29,56.13
2017-05-17,44.23,54.6
2017-05-18,44.17,54.92
2017-05-19,44.31,55.24
2017-05-22,44.63,55.68
2017-05-23,44.56,55.78
2017-05-24,44.83,56.01
2017-05-25,45.2,56.41
2017-05-26,45.26,56.38
2017-05-30,45.42,56.62
2017-05-31,45.39,56.53
2017-06-01,45.79,56.67
2017-06-02,45.66,57.19
2017-06-05,45.92,57.24
2017-06-06,45.61,57.13
2017-06-07,45.4,57.31
2017-06-08,45.42,57.44
2017-06-09,45.03,56.02
2017-06-12,44.85,55.69
2017-06-13,44.98,56.09
2017-06-14,44.81,55.82
2017-06-15,44.68,55.57
2017-06-16,45.09,55.25
2017-06-19,45.73,56.07
2017-06-20,45.84,55.62
2017-06-21,46.33,55.93
2017-06-22,50.3,55.95
2017-06-23,50.95,56.3
2017-06-26,50.86,56.0
2017-06-27,50.75,55.08
2017-06-28,50.87,55.77
2017-06-29,50.2,54.77
2017-06-30,50.14,54.72
2017-07-03,49.36,54.34
2017-07-05,49.46,54.88
2017-07-06,48.85,54.38
2017-07-07,49.35,55.01
2017-07-10,49.62,55.41
2017-07-11,49.88,55.53
2017-07-12,50.45,56.25
2017-07-13,50.35,56.36
2017-07-14,50.56,56.86
2017-07-17,50.44,56.87
2017-07-18,50.45,57.13
2017-07-19,51.0,57.42
2017-07-20,51.13,57.54
2017-07-21,50.8,57.47
2017-07-24,50.76,57.61
2017-07-25,51.17,57.5
2017-07-26,51.17,57.72
2017-07-27,50.45,57.5
2017-07-28,50.3,57.44
2017-07-31,49.93,57.16
2017-08-01,50.16,57.45
2017-08-02,49.77,57.61
2017-08-03,50.23,57.48
2017-08-04,49.96,57.61
2017-08-07,49.64,57.96
2017-08-08,49.1,57.88
2017-08-09,49.06,57.85
2017-08-10,48.1,56.71
2017-08-11,48.24,57.1
2017-08-14,48.85,58.01
2017-08-15,48.83,58.1
2017-08-16,49.25,58.27
2017-08-17,48.55,57.13
2017-08-18,48.62,57.07
2017-08-21,48.9,57.05
2017-08-22,49.26,57.9
2017-08-23,49.07,57.76
2017-08-24,49.19,57.71
2017-08-25,49.24,57.7
2017-08-28,49.24,57.81
2017-08-29,49.45,58.06
2017-08-30,49.8,58.48
2017-08-31,50.33,58.83
2017-09-01,50.62,58.78
2017-09-05,50.93,58.26
2017-09-06,51.01,58.31
2017-09-07,51.73,58.51
2017-09-08,51.58,58.03
2017-09-11,52.49,58.85
2017-09-12,52.77,58.99
2017-09-13,52.8,58.91
2017-09-14,52.79,58.71
2017-09-15,48.74,58.74
2017-09-18,48.33,58.79
2017-09-19,48.04,59.05
2017-09-20,47.97,58.81
2017-09-21,47.97,58.49
2017-09-22,48.16,58.52
2017-09-25,47.97,57.83
2017-09-26,47.92,58.04
2017-09-27,48.16,58.63
2017-09-28,48.08,58.7
2017-09-29,48.35,59.1
2017-10-02,48.8,59.19
2017-10-03,48.69,59.33
2017-10-04,48.9,59.29
2017-10-05,48.91,59.86
2017-10-06,48.4,59.95
2017-10-09,48.36,60.1
2017-10-10,48.21,60.16
2017-10-11,48.28,60.36
2017-10-12,48.23,60.21
2017-10-13,48.61,60.5
2017-10-16,48.86,60.72
2017-10-17,49.19,60.72
2017-10-18,49.58,60.87
2017-10-19,49.35,60.69
2017-10-20,49.25,61.1
2017-10-23,49.31,60.81
2017-10-24,49.98,60.98
2017-10-25,49.7,60.65
2017-10-26,50.15,60.9
2017-10-27,50.88,62.54
2017-10-30,50.68,62.68
2017-10-31,50.9,62.95
2017-11-01,50.64,62.96
2017-11-02,50.28,62.99
2017-11-03,50.18,63.49
2017-11-06,50.4,63.63
2017-11-07,50.49,63.66
2017-11-08,50.54,64.01
2017-11-09,49.24,63.5
2017-11-10,49.32,63.5
2017-11-13,49.4,63.48
2017-11-14,49.2,63.35
2017-11-15,48.82,62.88
2017-11-16,49.2,63.76
2017-11-17,48.94,63.35
2017-11-20,49.02,63.59
2017-11-21,48.63,64.26
2017-11-22,48.58,64.14
2017-11-24,49.01,64.5
2017-11-27,48.88,64.5
2017-11-28,49.01,64.71
2017-11-29,48.52,63.28
2017-11-30,49.06,63.84
2017-12-01,49.61,63.51
2017-12-04,48.4,62.49
2017-12-05,47.99,62.51
2017-12-06,48.42,62.91
2017-12-07,48.52,63.3
2017-12-08,49.6,63.6
2017-12-11,50.47,64.15
2017-12-12,50.39,64.13
2017-12-13,50.05,64.15
2017-12-14,50.19,64.07
2017-12-15,48.3,64.56
2017-12-18,47.71,65.13
2017-12-19,47.82,64.73
2017-12-20,47.9,64.71
2017-12-21,47.28,64.58
2017-12-22,47.36,64.54
2017-12-26,47.43,64.11
2017-12-27,47.38,64.18
2017-12-28,47.52,64.29
2017-12-29,47.28,63.95
2018-01-02,46.63,64.74
2018-01-03,47.71,65.28
2018-01-04,48.18,65.61
2018-01-05,48.47,66.3
2018-01-08,48.98,66.55
2018-01-09,49.06,66.38
2018-01-10,48.8,66.15
2018-01-11,48.95,66.42
2018-01-12,49.51,66.81
2018-01-16,49.59,66.55
2018-01-17,50.27,67.55
2018-01-18,50.23,67.67
2018-01-19,50.58,67.8
2018-01-22,50.71,68.46
2018-01-23,51.12,68.76
2018-01-24,51.45,68.23
2018-01-25,51.6,68.11
2018-01-26,52.75,69.19
2018-01-29,51.94,68.56
2018-01-30,50.96,67.94
2018-01-31,51.59,68.45
2018-02-01,51.63,68.51
2018-02-02,50.13,66.48
2018-02-05,48.09,63.7
2018-02-06,49.4,65.53
2018-02-07,48.87,64.69
2018-02-08,46.84,62.01
2018-02-09,47.73,63.53
2018-02-12,48.15,64.67
2018-02-13,48.49,64.83
2018-02-14,49.45,66.02
2018-02-15,50.64,67.28
2018-02-16,50.71,67.18
2018-02-20,49.89,67.24
2018-02-21,49.43,66.81
2018-02-22,49.59,66.89
2018-02-23,50.5,68.29
2018-02-26,51.17,69.36
2018-02-27,50.73,68.66
2018-02-28,50.67,68.17
2018-03-01,49.71,67.04
2018-03-02,50.32,67.68
2018-03-05,51.29,68.37
2018-03-06,51.5,68.52
2018-03-07,51.72,68.9
2018-03-08,52.13,69.2
2018-03-09,52.97,70.51
2018-03-12,52.9,70.73
2018-03-13,52.58,69.92
2018-03-14,52.32,69.86
2018-03-15,52.37,69.9
2018-03-16,52.27,69.61
2018-03-19,51.95,68.23
2018-03-20,47.05,68.2
2018-03-21,47.02,67.79
2018-03-22,45.89,66.04
2018-03-23,44.79,64.28
2018-03-26,46.48,66.72
2018-03-27,45.38,64.58
2018-03-28,44.98,64.15
2018-03-29,45.75,65.42
2018-04-02,45.01,63.86
2018-04-03,44.89,64.49
2018-04-04,45.51,65.39
2018-04-05,45.96,65.66
2018-04-06,44.83,64.05
2018-04-09,44.9,64.55
2018-04-10,45.82,66.14
2018-04-11,45.61,65.75
2018-04-12,45.88,66.54
2018-04-13,46.08,66.32
2018-04-16,46.05,66.83
2018-04-17,46.66,68.07
2018-04-18,47.08,67.89
2018-04-19,46.82,67.14
2018-04-20,46.23,66.21
2018-04-23,45.8,65.97
2018-04-24,45.53,64.82
2018-04-25,45.75,64.83
2018-04-26,45.96,66.01
2018-04-27,45.53,65.89
2018-04-30,45.67,65.46
2018-05-01,45.95,66.28
2018-05-02,45.51,66.21
2018-05-03,45.06,66.36
2018-05-04,45.71,67.62
2018-05-07,46.07,68.09
2018-05-08,45.94,68.24
2018-05-09,46.58,69.08
2018-05-10,46.93,69.98
2018-05-11,46.82,69.88
2018-05-14,46.82,69.87
2018-05-15,46.81,69.21
2018-05-16,46.73,69.52
2018-05-17,46.54,69.16
2018-05-18,46.32,68.87
2018-05-21,47.21,69.47
2018-05-22,46.37,69.37
2018-05-23,46.9,69.88
2018-05-24,46.46,69.8
2018-05-25,47.0,69.75
2018-05-29,46.26,69.37
2018-05-30,47.05,69.88
2018-05-31,46.72,69.9
2018-06-01,47.35,71.09
2018-06-04,47.32,71.66
2018-06-05,47.13,71.91
2018-06-06,47.75,72.38
2018-06-07,47.68,71.8
2018-06-08,48.18,71.68
2018-06-11,48.19,71.76
2018-06-12,48.45,72.11
2018-06-13,48.27,71.74
2018-06-14,45.9,72.25
2018-06-15,46.28,71.72
2018-06-18,46.52,71.8
2018-06-19,46.27,71.43
2018-06-20,42.82,71.58
2018-06-21,43.1,71.03
2018-06-22,44.1,70.8
2018-06-25,44.28,69.33
2018-06-26,44.41,69.61
2018-06-27,43.45,68.66
2018-06-28,43.84,69.5
2018-06-29,44.06,69.47
2018-07-02,44.95,70.09
2018-07-03,44.72,69.26
2018-07-05,45.41,70.24
2018-07-06,46.0,71.06
2018-07-09,46.73,71.6
2018-07-10,46.99,71.77
2018-07-11,47.64,71.49
2018-07-12,48.15,72.62
2018-07-13,48.63,72.54
2018-07-16,48.46,72.37
2018-07-17,48.9,72.91
2018-07-18,48.64,72.79
2018-07-19,48.44,72.53
2018-07-20,48.52,72.55
2018-07-23,48.67,72.92
2018-07-24,48.67,73.32
2018-07-25,48.95,74.24
2018-07-26,48.87,73.1
2018-07-27,48.63,71.85
2018-07-30,47.73,70.73
2018-07-31,47.68,70.92
2018-08-01,47.35,71.56
2018-08-02,47.9,72.46
2018-08-03,48.47,72.72
2018-08-06,48.67,73.11
2018-08-07,48.48,73.39
2018-08-08,48.39,73.59
2018-08-09,48.54,73.62
2018-08-10,48.32,73.03
2018-08-13,48.01,72.93
2018-08-14,48.23,73.38
2018-08-15,47.84,72.72
2018-08-16,48.1,73.04
2018-08-17,48.36,73.15
2018-08-20,48.42,73.04
2018-08-21,48.41,73.16
2018-08-22,48.8,73.38
2018-08-23,48.96,73.54
2018-08-24,49.26,74.28
2018-08-27,49.33,74.96
2018-08-28,48.64,75.09
2018-08-29,48.89,75.77
2018-08-30,48.38,75.54
2018-08-31,48.58,75.6
2018-09-04,48.58,75.31
2018-09-05,48.04,74.37
2018-09-06,47.71,73.83
2018-09-07,47.81,73.58
2018-09-10,48.86,73.81
2018-09-11,48.92,74.44
2018-09-12,49.34,74.13
2018-09-13,48.96,75.0
2018-09-14,49.25,74.94
2018-09-17,49.18,74.0
2018-09-18,49.03,74.47
2018-09-19,49.43,74.28
2018-09-20,50.43,75.16
2018-09-21,51.1,74.61
2018-09-24,51.24,74.98
2018-09-25,51.72,74.89
2018-09-26,51.63,74.61
2018-09-27,51.69,75.05
2018-09-28,51.56,75.33
2018-10-01,51.8,75.69
2018-10-02,50.23,75.7
2018-10-03,49.75,75.93
2018-10-04,49.47,74.56
2018-10-05,49.35,73.62
2018-10-08,49.36,72.79
2018-10-09,48.87,73.05
2018-10-10,47.4,69.51
2018-10-11,46.78,68.63
2018-10-12,47.38,70.83
2018-10-15,47.12,69.67
2018-10-16,48.23,71.77
2018-10-17,47.86,71.44
2018-10-18,47.38,70.04
2018-10-19,47.59,70.01
2018-10-22,47.94,70.59
2018-10-23,47.99,70.32
2018-10-24,46.76,67.17
2018-10-25,47.96,69.48
2018-10-26,47.32,68.09
2018-10-29,47.02,66.94
2018-10-30,48.57,67.69
2018-10-31,48.84,69.3
2018-11-01,48.59,70.11
2018-11-02,48.83,68.74
2018-11-05,49.02,68.67
2018-11-06,49.25,69.1
2018-11-07,50.26,71.13
2018-11-08,50.43,71.07
2018-11-09,50.61,69.84
2018-11-12,49.22,67.38
2018-11-13,49.51,67.46
2018-11-14,48.84,66.65
2018-11-15,50.63,68.32
2018-11-16,51.17,68.21
2018-11-19,49.55,65.61
2018-11-20,48.33,64.2
2018-11-21,48.62,64.67
2018-11-23,48.7,64.08
2018-11-26,48.26,65.53
2018-11-27,47.44,65.66
2018-11-28,48.19,67.96
2018-11-29,47.9,67.3
2018-11-30,48.76,67.94
2018-12-03,49.83,69.44
2018-12-04,48.75,66.81
2018-12-06,46.68,66.96
2018-12-07,46.0,64.6
2018-12-10,46.67,65.49
2018-12-11,46.46,65.57
2018-12-12,47.32,66.08
2018-12-13,47.23,66.19
2018-12-14,46.6,64.57
2018-12-17,45.73,63.2
2018-12-18,45.85,63.7
2018-12-19,46.45,62.44
2018-12-20,46.24,61.32
2018-12-21,44.0,59.2
2018-12-24,42.69,57.62
2018-12-26,44.59,61.1
2018-12-27,44.97,61.54
2018-12-28,44.82,61.4
2018-12-31,45.15,61.98
2019-01-02,45.22,62.02
2019-01-03,44.78,58.89
2019-01-04,46.71,61.5
2019-01-07,47.45,62.05
2019-01-08,47.88,62.57
2019-01-09,47.78,63.38
2019-01-10,47.82,63.66
2019-01-11,48.29,63.54
2019-01-14,48.18,62.95
2019-01-15,48.38,63.9
2019-01-16,48.06,63.96
2019-01-17,48.58,64.37
2019-01-18,49.27,65.35
2019-01-22,48.94,64.25
2019-01-23,49.24,64.47
2019-01-24,49.2,65.01
2019-01-25,49.8,65.93
2019-01-28,49.52,65.05
2019-01-29,49.61,64.35
2019-01-30,50.36,66.35
2019-01-31,50.23,66.28
2019-02-01,50.81,66.67
2019-02-04,51.03,67.74
2019-02-05,51.24,68.31
2019-02-06,51.26,68.54
2019-02-07,50.22,67.6
2019-02-08,51.03,67.99
2019-02-11,51.23,67.96
2019-02-12,51.22,68.86
2019-02-13,51.42,68.95
2019-02-14,51.48,69.07
2019-02-15,51.72,69.62
2019-02-19,52.02,69.64
2019-02-20,51.77,69.72
2019-02-21,52.11,69.75
2019-02-22,52.48,70.64
2019-02-25,52.56,70.98
2019-02-26,52.6,71.13
2019-02-27,52.38,71.06
2019-02-28,52.13,70.86
2019-03-01,52.51,71.34
2019-03-04,52.04,71.07
2019-03-05,52.36,70.86
2019-03-06,52.35,70.49
2019-03-07,52.58,69.82
2019-03-08,52.77,69.81
2019-03-11,52.66,71.31
2019-03-12,52.8,71.73
2019-03-13,53.06,72.2
2019-03-14,53.05,72.35
2019-03-15,52.94,72.99
2019-03-18,53.46,73.3
2019-03-19,54.04,73.45
2019-03-20,52.64,73.25
2019-03-21,54.04,75.09
2019-03-22,52.77,73.32
2019-03-25,52.74,73.0
2019-03-26,53.28,73.4
2019-03-27,52.81,72.98
2019-03-28,53.19,73.28
2019-03-29,53.71,74.0
2019-04-01,54.58,75.01
2019-04-02,54.15,75.27
2019-04-03,54.06,75.88
2019-04-04,53.82,75.56
2019-04-05,53.93,75.92
2019-04-08,53.72,76.21
2019-04-09,53.83,75.85
2019-04-10,53.97,76.38
2019-04-11,53.79,76.28
2019-04-12,54.5,76.81
2019-04-15,54.63,76.78
2019-04-16,54.59,77.17
2019-04-17,54.48,77.6
2019-04-18,54.52,77.82
2019-04-22,54.62,78.0
2019-04-23,54.94,78.85
2019-04-24,55.18,78.88
2019-04-25,55.01,78.86
2019-04-26,55.41,78.56
2019-04-29,55.08,78.58
2019-04-30,55.33,78.71
2019-05-01,54.88,78.51
2019-05-02,54.6,78.1
2019-05-03,54.79,78.84
2019-05-06,54.85,78.23
2019-05-07,54.0,76.55
2019-05-08,53.99,76.46
2019-05-09,54.25,75.94
2019-05-10,54.65,76.18
2019-05-13,53.43,73.31
2019-05-14,54.13,74.49
2019-05-15,54.56,75.3
2019-05-16,54.64,75.99
2019-05-17,54.5,75.38
2019-05-20,53.66,74.07
2019-05-21,54.17,74.98
2019-05-22,54.2,74.59
2019-05-23,53.08,73.28
2019-05-24,52.77,73.3
2019-05-28,51.75,73.09
2019-05-29,51.69,72.66
2019-05-30,51.72,73.11
2019-05-31,50.6,71.89
2019-06-03,50.24,70.63
2019-06-04,52.02,72.99
2019-06-05,52.1,73.94
2019-06-06,52.59,74.8
2019-06-07,53.26,76.19
2019-06-10,54.01,76.97
2019-06-11,53.94,76.97
2019-06-12,53.62,76.54
2019-06-13,53.84,76.77
2019-06-14,53.28,76.1
2019-06-17,53.13,76.16
2019-06-18,52.9,77.54
2019-06-19,52.68,77.82
2019-06-20,56.99,78.96
2019-06-21,56.12,78.31
2019-06-24,56.74,78.46
2019-06-25,56.07,77.02
2019-06-26,56.66,77.85
2019-06-27,56.77,78.05
2019-06-28,56.97,78.04
2019-07-01,58.01,79.28
2019-07-02,58.46,79.49
2019-07-03,58.86,80.1
2019-07-05,59.28,79.95
2019-07-08,59.53,79.34
2019-07-09,59.6,79.62
2019-07-10,60.15,80.25
2019-07-11,59.99,80.55
2019-07-12,59.81,81.14
2019-07-15,59.53,81.41
2019-07-16,58.61,80.65
2019-07-17,57.99,80.44
2019-07-18,58.12,81.04
2019-07-19,57.54,80.69
2019-07-22,57.6,81.62
2019-07-23,57.45,82.07
2019-07-24,58.11,82.75
2019-07-25,58.29,82.41
2019-07-26,58.5,82.59
2019-07-29,58.06,82.54
2019-07-30,57.49,82.01
2019-07-31,56.3,80.77
2019-08-01,55.88,80.36
2019-08-02,55.84,79.05
2019-08-05,53.76,75.75
2019-08-06,53.96,77.01
2019-08-07,53.34,77.49
2019-08-08,54.65,79.39
2019-08-09,53.9,78.49
2019-08-12,53.25,77.46
2019-08-13,53.97,79.4
2019-08-14,52.32,76.96
2019-08-15,52.59,76.82
2019-08-16,53.59,78.28
2019-08-19,53.87,79.47
2019-08-20,52.98,79.07
2019-08-21,53.24,80.0
2019-08-22,53.19,79.81
2019-08-23,51.58,77.17
2019-08-26,52.13,78.24
2019-08-27,52.39,78.12
2019-08-28,51.95,78.19
2019-08-29,52.16,79.55
2019-08-30,52.06,79.53
2019-09-03,51.89,78.56
2019-09-04,52.97,79.9
2019-09-05,53.84,81.57
2019-09-06,53.16,81.5
2019-09-09,54.54,80.89
2019-09-10,55.47,80.48
2019-09-11,56.29,81.32
2019-09-12,53.89,81.76
2019-09-13,53.75,81.16
2019-09-16,53.14,80.96
2019-09-17,52.87,81.29
2019-09-18,52.56,81.28
2019-09-19,53.37,81.46
2019-09-20,53.47,80.26
2019-09-23,54.02,80.51
2019-09-24,53.35,79.73
2019-09-25,53.84,80.68
2019-09-26,53.96,80.77
2019-09-27,54.09,79.69
2019-09-30,55.03,80.53
2019-10-01,53.8,79.78
2019-10-02,53.15,78.28
2019-10-03,53.86,79.24
2019-10-04,55.14,80.55
2019-10-07,54.8,80.21
2019-10-08,54.05,78.74
2019-10-09,54.53,79.91
2019-10-10,55.49,80.46
2019-10-11,56.89,81.57
2019-10-14,56.46,81.52
2019-10-15,56.35,82.42
2019-10-16,55.88,81.85
2019-10-17,55.06,81.69
2019-10-18,54.55,80.91
2019-10-21,55.13,81.78
2019-10-22,54.11,80.68
2019-10-23,54.13,80.75
2019-10-24,54.26,81.93
2019-10-25,54.17,82.92
2019-10-28,54.64,83.97
2019-10-29,54.8,83.21
2019-10-30,54.85,83.72
2019-10-31,54.49,83.67
2019-11-01,55.0,84.67
2019-11-04,55.45,85.11
2019-11-05,55.67,85.01
2019-11-06,55.7,84.97
2019-11-07,55.98,85.64
2019-11-08,56.49,86.12
2019-11-11,56.43,86.16
2019-11-12,56.59,86.45
2019-11-13,56.21,86.64
2019-11-14,56.09,86.54
2019-11-15,56.42,87.24
2019-11-18,56.19,87.5
2019-11-19,56.27,87.67
2019-11-20,56.24,87.14
2019-11-21,56.23,86.7
2019-11-22,56.39,86.59
2019-11-25,56.56,87.85
2019-11-26,56.51,87.93
2019-11-27,56.61,88.42
2019-11-29,56.14,88.16
2019-12-02,55.43,86.9
2019-12-03,54.59,86.13
2019-12-04,54.41,86.48
2019-12-05,54.68,86.8
2019-12-06,54.83,87.76
2019-12-09,55.31,87.3
2019-12-10,55.82,87.37
2019-12-11,56.31,87.96
2019-12-12,56.47,88.9
2019-12-13,54.51,89.49
2019-12-16,53.99,90.29
2019-12-17,52.84,90.08
2019-12-18,53.39,90.07
2019-12-19,53.24,90.72
2019-12-20,53.6,90.95
2019-12-23,53.71,91.21
2019-12-24,53.44,91.24
2019-12-26,53.57,91.92
2019-12-27,53.46,91.91
2019-12-30,52.7,91.38
2019-12-31,52.98,91.67
2020-01-02,53.95,93.39
2020-01-03,53.76,92.34
2020-01-06,54.04,92.56
2020-01-07,54.16,92.52
2020-01-08,54.13,93.51
2020-01-09,54.38,94.57
2020-01-10,54.45,94.35
2020-01-13,54.58,95.53
2020-01-14,54.88,95.08
2020-01-15,54.76,95.19
2020-01-16,55.43,96.47
2020-01-17,55.13,97.12
2020-01-21,55.22,97.08
2020-01-22,54.72,97.43
2020-01-23,54.98,97.89
2020-01-24,54.07,97.43
2020-01-27,52.69,95.11
2020-01-28,53.46,96.93
2020-01-29,53.2,97.18
2020-01-30,53.31,98.02
2020-01-31,52.45,95.33
2020-02-03,53.09,96.59
2020-02-04,54.04,99.12
2020-02-05,54.74,99.7
2020-02-06,54.71,100.61
2020-02-07,54.72,99.69
2020-02-10,54.99,101.04
2020-02-11,55.15,100.7
2020-02-12,55.73,101.79
2020-02-13,55.31,101.52
2020-02-14,55.47,101.96
2020-02-18,55.45,101.58
2020-02-19,55.44,102.79
2020-02-20,55.51,101.72
2020-02-21,54.68,99.44
2020-02-24,52.65,95.33
2020-02-25,50.96,92.28
2020-02-26,52.05,92.7
2020-02-27,50.78,87.7
2020-02-28,49.46,88.37
2020-03-02,50.9,93.48
2020-03-03,48.85,89.93
2020-03-04,50.54,93.79
2020-03-05,48.0,90.83
2020-03-06,47.37,88.91
2020-03-09,46.01,82.16
2020-03-10,48.58,87.64
2020-03-11,44.72,83.5
2020-03-12,39.8,75.35
2020-03-13,47.93,84.19
2020-03-16,42.72,72.56
2020-03-17,46.86,77.5
2020-03-18,47.27,74.58
2020-03-19,45.07,74.85
2020-03-20,45.65,71.42
2020-03-23,44.19,70.4
2020-03-24,47.84,77.61
2020-03-25,45.94,77.51
2020-03-26,50.48,82.31
2020-03-27,49.83,78.59
2020-03-30,50.36,81.9
2020-03-31,48.33,80.37
2020-04-01,48.71,76.54
2020-04-02,49.8,78.33
2020-04-03,49.4,77.12
2020-04-06,51.49,83.7
2020-04-07,50.76,82.95
2020-04-08,52.13,85.18
2020-04-09,53.18,85.2
2020-04-13,52.97,85.39
2020-04-14,54.0,88.97
2020-04-15,53.16,87.03
2020-04-16,53.7,88.09
2020-04-17,54.62,89.26
2020-04-20,53.91,87.83
2020-04-21,51.31,84.15
2020-04-22,52.27,87.39
2020-04-23,51.97,86.79
2020-04-24,53.01,88.63
2020-04-27,53.37,89.39
2020-04-28,53.2,88.2
2020-04-29,53.88,91.82
2020-04-30,52.97,91.41
2020-05-01,51.79,88.9
2020-05-04,51.75,90.08
2020-05-05,52.05,91.32
2020-05-06,51.86,92.03
2020-05-07,52.6,93.41
2020-05-08,53.57,94.78
2020-05-11,53.53,95.41
2020-05-12,52.27,93.44
2020-05-13,51.65,91.83
2020-05-14,52.91,93.0
2020-05-15,52.92,93.47
2020-05-18,53.15,95.76
2020-05-19,52.34,95.41
2020-05-20,52.9,97.5
2020-05-21,52.22,96.14
2020-05-22,52.62,96.49
2020-05-26,52.78,96.39
2020-05-27,53.2,96.94
2020-05-28,53.62,96.75
2020-05-29,53.77,97.97
2020-06-01,53.06,97.94
2020-06-02,53.28,98.86
2020-06-03,53.49,99.63
2020-06-04,52.85,98.81
2020-06-05,53.98,101.41
2020-06-08,55.1,101.92
2020-06-09,54.18,102.4
2020-06-10,54.11,104.11
2020-06-11,51.31,98.14
2020-06-12,51.86,99.41
2020-06-15,53.25,100.37
2020-06-16,54.59,102.51
2020-06-17,51.52,102.49
2020-06-18,53.69,102.95
2020-06-19,54.4,102.24
2020-06-22,55.12,103.88
2020-06-23,55.19,104.63
2020-06-24,54.44,102.27
2020-06-25,54.53,103.58
2020-06-26,54.18,101.54
2020-06-29,54.76,102.65
2020-06-30,55.27,104.49
2020-07-01,55.49,104.66
2020-07-02,55.94,105.27
2020-07-06,56.6,107.11
2020-07-07,56.31,105.99
2020-07-08,56.66,107.72
2020-07-09,57.53,108.11
2020-07-10,57.39,108.08
2020-07-13,57.01,105.84
2020-07-14,57.2,107.06
2020-07-15,56.62,107.64
2020-07-16,55.82,106.31
2020-07-17,54.9,106.83
2020-07-20,55.4,109.56
2020-07-21,55.91,108.46
2020-07-22,56.01,109.33
2020-07-23,55.76,106.49
2020-07-24,55.65,105.2
2020-07-27,55.34,106.86
2020-07-28,55.35,105.61
2020-07-29,55.7,107.14
2020-07-30,55.25,107.74
2020-07-31,55.45,110.43
2020-08-03,55.98,113.15
2020-08-04,56.0,113.44
2020-08-05,55.5,113.86
2020-08-06,55.28,115.46
2020-08-07,55.23,113.74
2020-08-10,54.94,113.42
2020-08-11,54.27,111.38
2020-08-12,54.17,113.91
2020-08-13,54.02,113.96
2020-08-14,54.2,113.88
2020-08-17,53.99,114.64
2020-08-18,55.18,115.07
2020-08-19,56.2,114.93
2020-08-20,55.26,116.46
2020-08-21,55.19,117.94
2020-08-24,56.01,118.96
2020-08-25,56.09,119.56
2020-08-26,57.49,121.99
2020-08-27,57.18,122.09
2020-08-28,57.88,123.16
2020-08-31,57.22,123.55
2020-09-01,57.66,125.91
2020-09-02,59.03,127.03
2020-09-03,57.1,119.79
2020-09-04,55.73,118.12
2020-09-08,55.32,112.78
2020-09-09,56.95,116.46
2020-09-10,57.33,113.83
2020-09-11,57.0,112.96
2020-09-14,59.46,115.33
2020-09-15,60.94,116.47
2020-09-16,60.43,114.67
2020-09-17,60.18,113.72
2020-09-18,59.75,111.76
2020-09-21,60.82,112.44
2020-09-22,60.62,114.22
2020-09-23,58.96,110.66
2020-09-24,59.3,111.28
2020-09-25,59.8,113.94
2020-09-28,59.58,116.12
2020-09-29,59.47,115.73
2020-09-30,59.7,116.7
2020-10-01,59.68,117.93
2020-10-02,58.83,114.94
2020-10-05,59.56,117.46
2020-10-06,59.51,115.64
2020-10-07,60.59,117.76
2020-10-08,60.89,118.37
2020-10-09,61.15,120.18
2020-10-12,61.46,123.46
2020-10-13,60.97,122.67
2020-10-14,60.96,122.02
2020-10-15,60.52,121.47
2020-10-16,60.29,121.12
2020-10-19,59.62,118.9
2020-10-20,59.75,119.31
2020-10-21,59.67,119.13
2020-10-22,59.69,118.57
2020-10-23,59.9,118.44
2020-10-26,57.49,115.87
2020-10-27,57.08,116.45
2020-10-28,55.59,111.51
2020-10-29,56.02,113.37
2020-10-30,56.11,110.86
2020-11-02,56.45,111.14
2020-11-03,56.8,113.1
2020-11-04,56.49,117.5
2020-11-05,56.66,121.15
2020-11-06,56.8,121.58
2020-11-09,56.84,120.7
2020-11-10,56.67,118.45
2020-11-11,57.2,121.26
2020-11-12,56.45,120.18
2020-11-13,56.91,121.2
2020-11-16,57.15,122.37
2020-11-17,57.12,121.69
2020-11-18,56.25,120.39
2020-11-19,56.45,121.36
2020-11-20,55.7,120.11
2020-11-23,56.08,120.08
2020-11-24,57.57,121.75
2020-11-25,57.41,122.01
2020-11-27,57.76,122.66
2020-11-30,57.72,123.48
2020-12-01,58.74,125.06
2020-12-02,59.08,124.87
2020-12-03,59.27,124.79
2020-12-04,59.96,126.04
2020-12-07,59.8,126.4
2020-12-08,59.03,126.81
2020-12-09,59.73,124.38
2020-12-10,59.48,124.56
2020-12-11,60.61,124.3
2020-12-14,60.76,124.75
2020-12-15,61.86,126.83
2020-12-16,62.78,127.69
2020-12-17,63.61,128.7
2020-12-18,65.06,128.25
2020-12-21,64.48,128.08
2020-12-22,65.15,129.19
2020-12-23,65.3,128.21001
2020-12-24,64.96,129.06
2020-12-28,64.87,130.52
2020-12-29,64.46,129.89999
2020-12-30,64.4,129.83
2020-12-31,64.69,130.02
2021-01-04,63.75,127.9
2021-01-05,62.96,128.73
2021-01-06,62.57,126.51
2021-01-07,63.07,129.92
2021-01-08,63.38,130.75999
2021-01-11,63.03,129.67999
2021-01-12,62.42,129.06
2021-01-13,62.06,129.88
2021-01-14,61.6,128.74001
2021-01-15,61.78,127.42
2021-01-19,61.29,129.08
2021-01-20,61.56,131.64
2021-01-21,61.21,133.34
2021-01-22,60.36,132.83
2021-01-25,60.9,133.94
2021-01-26,61.8,134.03
2021-01-27,62.55,131.5
2021-01-28,61.22,132.03999
2021-01-29,60.43,128.92999
2021-02-01,61.51,132.16
2021-02-02,62.37,133.95
2021-02-03,62.17,133.49001
2021-02-04,63.35,135.62
2021-02-05,63.6,135.32001
2021-02-08,63.11,136.74001
2021-02-09,63.67,136.58
2021-02-10,63.27,136.38
2021-02-11,62.7,137.88
2021-02-12,63.08,138.59
2021-02-16,62.14,138.14
2021-02-17,62.09,136.92
2021-02-18,62.07,136.25
2021-02-19,61.13,136.05
2021-02-22,64.45,133.05
2021-02-23,64.5,132.67999
2021-02-24,64.7,134.71001
2021-02-25,65.3,130.0
2021-02-26,64.51,130.69
2021-03-01,66.17,134.89999
2021-03-02,66.66,132.75999
2021-03-03,66.91,129.42
2021-03-04,65.61,126.56
2021-03-05,69.97,128.95
2021-03-08,72.16,125.83
2021-03-09,72.64,130.11
2021-03-10,72.12,129.59
2021-03-11,67.41,132.36
2021-03-12,67.16,131.41
2021-03-15,67.73,132.81
2021-03-16,66.85,133.81
2021-03-17,66.22,133.7
2021-03-18,66.74,129.99001
2021-03-19,66.26,129.60001
2021-03-22,66.32,131.87
2021-03-23,67.27,131.05
2021-03-24,66.83,129.46001
2021-03-25,68.63,129.38
2021-03-26,70.25,132.67
2021-03-29,71.13,131.98
2021-03-30,70.55,130.73
2021-03-31,70.17,132.81
2021-04-01,71.81,135.48
2021-04-05,74.16,138.28
2021-04-06,74.28,137.69
2021-04-07,74.07,138.42
2021-04-08,75.28,140.42
2021-04-09,75.58,141.77
2021-04-12,76.12,141.09
2021-04-13,76.67,142.42
2021-04-14,76.82,140.91
2021-04-15,78.29,143.33
2021-04-16,78.95,143.3
2021-04-19,78.75,142.11
2021-04-20,79.24,140.85001
2021-04-21,76.66,142.27
2021-04-22,74.87,140.60001
2021-04-23,74.97,142.7
2021-04-26,74.5,143.42999
2021-04-27,75.22,143.08
2021-04-28,74.77,141.75
2021-04-29,75.87,141.63
2021-04-30,75.79,139.7
2021-05-03,77.33,139.31
2021-05-04,78.53,136.81
2021-05-05,79.19,136.48
2021-05-06,79.74,137.85001
2021-05-07,80.4,139.03
2021-05-10,80.15,135.52
2021-05-11,77.69,135.11
2021-05-12,76.75,131.31
2021-05-13,78.14,133.05
2021-05-14,78.89,135.98
2021-05-17,79.08,134.98
2021-05-18,78.69,133.89999
2021-05-19,78.74,134.37
2021-05-20,78.72,136.94
2021-05-21,79.03,136.19
2021-05-24,79.38,138.61
2021-05-25,78.83,138.64999
2021-05-26,79.26,138.64
2021-05-27,78.98,137.91
2021-05-28,78.74,138.39999
2021-06-01,79.57,137.72
2021-06-02,80.27,138.67
2021-06-03,81.09,137.38
2021-06-04,82.89,140.02
2021-06-07,83.94,139.99001
2021-06-08,84.61,140.0
2021-06-09,84.52,140.10001
2021-06-10,82.3,141.13
2021-06-11,82.9,141.97
2021-06-14,82.62,143.41
2021-06-15,81.64,142.53
2021-06-16,77.08,141.75999
2021-06-17,77.56,143.39999
2021-06-18,76.23,142.09
2021-06-21,77.99,143.35001
2021-06-22,78.68,144.64999
2021-06-23,78.1,144.49001
2021-06-24,77.74,145.39999
2021-06-25,78.46,145.23
2021-06-28,78.5,146.75
2021-06-29,78.1,147.82001
2021-06-30,77.84,147.66
2021-07-01,79.54,147.91
2021-07-02,81.82,149.86
2021-07-06,83.08,150.42999
2021-07-07,86.09,151.25
2021-07-08,85.59,149.82001
2021-07-09,87.76,151.2
2021-07-12,87.08,151.32001
2021-07-13,87.07,151.94
2021-07-14,88.28,153.06
2021-07-15,86.24,151.8
2021-07-16,87.49,150.3
2021-07-19,86.98,148.23
2021-07-20,88.66,150.42999
2021-07-21,89.69,151.88
2021-07-22,90.69,153.0
2021-07-23,87.69,154.52
2021-07-26,87.86,154.44
2021-07-27,87.8,152.98
2021-07-28,87.18,152.78999
2021-07-29,87.63,153.5
2021-07-30,87.14,153.39999
2021-08-02,87.6,152.85001
2021-08-03,89.74,153.83
2021-08-04,90.05,154.14
2021-08-05,89.43,154.99001
2021-08-06,89.52,154.86
2021-08-09,89.9,154.36
2021-08-10,89.64,153.25
2021-08-11,89.63,153.27
2021-08-12,89.81,154.14999
2021-08-13,90.38,154.99001
2021-08-16,90.82,155.69
2021-08-17,90.95,154.39999
2021-08-18,88.94,152.27
2021-08-19,88.71,153.75999
2021-08-20,88.94,155.74001
2021-08-23,89.12,157.75
2021-08-24,88.55,157.57001
2021-08-25,88.62,157.48
2021-08-26,88.72,156.49001
2021-08-27,89.35,158.0
2021-08-30,89.45,159.7
2021-08-31,89.13,158.86
2021-09-01,89.95,158.89999
2021-09-02,89.8,158.73
2021-09-03,90.0,159.36
2021-09-07,88.72,159.39999
2021-09-08,89.47,158.78999
2021-09-09,89.54,158.19
2021-09-10,89.68,156.63
2021-09-13,88.89,156.67999
2021-09-14,86.39,156.48
2021-09-15,87.73,157.85001
2021-09-16,87.25,157.94
2021-09-17,86.39,155.48
2021-09-20,86.17,152.38
2021-09-21,86.92,152.44
2021-09-22,88.44,154.53
2021-09-23,89.42,156.60001
2021-09-24,89.94,156.71001
2021-09-27,91.04,155.19
2021-09-28,90.49,150.59
2021-09-29,91.25,150.39999
2021-09-30,87.13,149.32001
2021-10-01,89.74,151.57001
2021-10-04,89.26,148.06
2021-10-05,91.49,150.17
2021-10-06,91.34,151.14999
2021-10-07,92.31,152.53
2021-10-08,94.39,151.96001
2021-10-11,95.29,151.12
2021-10-12,95.57,150.34
2021-10-13,96.4,151.25999
2021-10-14,95.28,154.67
2021-10-15,95.33,155.91
2021-10-18,96.51,157.23
2021-10-19,97.06,158.78999
2021-10-20,96.64,158.35001
2021-10-21,96.3,158.96001
2021-10-22,98.25,158.41
2021-10-25,97.89,158.92999
2021-10-26,96.98,159.38
2021-10-27,96.03,159.24001
2021-10-28,96.23,160.84
2021-10-29,95.94,161.53
2021-11-01,94.38,161.28999
2021-11-02,95.87,162.71001
2021-11-03,96.15,163.66
2021-11-04,95.63,166.22
2021-11-05,94.95,167.08
2021-11-08,95.14,167.98
2021-11-09,94.59,167.28999
2021-11-10,93.83,164.53
2021-11-11,94.04,165.3
2021-11-12,93.54,167.31
2021-11-15,94.02,167.14
2021-11-16,95.61,168.89999
2021-11-17,95.33,168.39
2021-11-18,94.66,170.07001
2021-11-19,93.97,171.31
2021-11-22,94.61,169.39999
2021-11-23,92.94,169.00999
2021-11-24,93.58,170.24001
2021-11-26,92.33,165.99001
2021-11-29,92.94,170.14
2021-11-30,90.74,168.72
2021-12-01,89.75,166.41
2021-12-02,89.99,167.94
2021-12-03,88.24,165.13
2021-12-06,88.94,166.7
2021-12-07,90.05,172.52
2021-12-08,88.94,173.31
2021-12-09,88.77,171.44
2021-12-10,102.63,174.88
2021-12-13,100.89,172.28
2021-12-14,99.89,169.45
2021-12-15,103.65,173.94
2021-12-16,103.22,169.00999
2021-12-17,96.62,167.88
2021-12-20,91.64,165.57001
2021-12-21,91.51,169.75999
2021-12-22,89.86,171.98
2021-12-23,89.72,172.94
2021-12-27,89.54,176.64999
2021-12-28,88.65,175.73
2021-12-29,88.21,175.88
2021-12-30,88.01,174.72
2021-12-31,87.21,173.87
2022-01-03,87.9,175.52
2022-01-04,88.84,173.66
2022-01-05,86.46,168.32001
2022-01-06,86.34,167.47
2022-01-07,87.51,165.92999
2022-01-10,89.28,165.96001
2022-01-11,88.48,167.95
2022-01-12,88.31,168.74001
2022-01-13,87.79,164.37
2022-01-14,87.69,165.75999
2022-01-18,85.55,161.78
2022-01-19,83.38,159.52
2022-01-20,82.72,157.46001
2022-01-21,82.22,154.33
2022-01-24,82.42,155.13
2022-01-25,81.07,151.53999
2022-01-26,79.59,152.42999
2022-01-27,79.78,151.38
2022-01-28,80.48,158.0
2022-01-31,81.16,161.97
2022-02-01,81.04,162.39
2022-02-02,82.5,163.71001
2022-02-03,81.94,158.96001
2022-02-04,82.11,159.60001
2022-02-07,80.74,158.53999
2022-02-08,80.79,160.5
2022-02-09,83.45,164.06
2022-02-10,81.85,159.77
2022-02-11,79.75,154.89
2022-02-14,78.95,154.84
2022-02-15,79.77,158.91
2022-02-16,79.19,158.75
2022-02-17,75.53,154.0
2022-02-18,74.57,152.44
2022-02-22,74.12,151.03
2022-02-23,72.47,147.25
2022-02-24,74.81,152.28
2022-02-25,76.35,154.35001
2022-02-28,75.97,154.07001
2022-03-01,76.01,150.99001
2022-03-02,78.28,154.25999
2022-03-03,78.25,152.42
2022-03-04,76.49,149.75
2022-03-07,74.32,144.27
2022-03-08,73.33,143.57001
2022-03-09,76.1,149.25
2022-03-10,76.65,146.64
2022-03-11,77.82,144.06
2022-03-14,77.07,141.39
2022-03-15,80.6,146.14
2022-03-16,79.96,150.89
2022-03-17,80.6,151.96001
2022-03-18,81.68,155.07001
2022-03-21,80.96,154.49001
2022-03-22,81.8,156.71001
2022-03-23,80.39,154.3
2022-03-24,82.24,158.31
2022-03-25,81.73,158.22
2022-03-28,83.6,160.10001
2022-03-29,84.29,163.5
2022-03-30,83.36,161.32001
2022-03-31,82.73,158.92999
2022-04-01,82.01,158.46001
2022-04-04,84.07,161.47
2022-04-05,82.94,158.07001
2022-04-06,82.12,154.33
2022-04-07,81.54,154.57001
2022-04-08,80.94,152.41
2022-04-11,79.76,148.57001
2022-04-12,79.33,147.91
2022-04-13,79.75,150.28999
2022-04-14,79.45,146.64
2022-04-18,78.22,147.12
2022-04-19,79.56,149.88
2022-04-20,80.29,149.74001
2022-04-21,79.48,147.2
2022-04-22,76.21,143.08
2022-04-25,76.98,145.23
2022-04-26,74.51,139.82001
2022-04-27,74.76,141.89
2022-04-28,76.14,147.57001
2022-04-29,73.4,141.42
2022-05-02,74.0,143.57001
2022-05-03,73.29,143.82001
2022-05-04,75.21,148.87
2022-05-05,72.8,141.71001
2022-05-06,72.49,140.57001
2022-05-09,71.54,135.13
2022-05-10,72.53,137.19
2022-05-11,71.03,132.86
2022-05-12,70.73,131.49001
2022-05-13,71.17,135.86
2022-05-16,69.71,134.66
2022-05-17,71.88,138.56
2022-05-18,68.3,132.22
2022-05-19,67.04,130.77
2022-05-20,68.63,131.06
2022-05-23,70.04,134.07001
2022-05-24,69.03,132.08
2022-05-25,69.83,133.62
2022-05-26,71.66,136.83
2022-05-27,72.78,141.46001
2022-05-31,71.92,140.45
2022-06-01,71.6,140.03
2022-06-02,73.14,143.42
2022-06-03,71.79,139.99001
2022-06-06,72.97,140.0
2022-06-07,72.69,141.67
2022-06-08,71.38,140.07001
2022-06-09,69.22,136.33
2022-06-10,67.14,131.09
2022-06-13,64.05,125.28
2022-06-14,70.72,126.07
2022-06-15,69.7,128.73
2022-06-16,68.71,123.49
2022-06-17,67.72,124.62
2022-06-21,67.68,127.46
2022-06-22,66.53,126.92
2022-06-23,67.63,128.82001
2022-06-24,70.7,133.45
2022-06-27,70.41,132.55
2022-06-28,68.58,128.58
2022-06-29,69.21,128.84
2022-06-30,69.87,127.12
2022-07-01,70.87,127.41
2022-07-05,71.99,129.00999
2022-07-06,71.66,130.12
2022-07-07,71.83,132.81
2022-07-08,71.87,132.87
2022-07-11,71.57,131.03999
2022-07-12,70.41,129.25
2022-07-13,70.03,128.91
2022-07-14,69.45,130.09
2022-07-15,70.74,132.38
2022-07-18,70.21,131.10001
2022-07-19,72.24,135.10001
2022-07-20,72.59,137.21001
2022-07-21,74.54,139.14
2022-07-22,74.9,137.22
2022-07-25,74.86,136.35001
2022-07-26,74.03,134.14
2022-07-27,75.87,139.91
2022-07-28,77.04,142.03999
2022-07-29,77.84,144.22
2022-08-01,77.44,143.91
2022-08-02,76.35,142.89
2022-08-03,77.37,146.69
2022-08-04,77.4,147.36
2022-08-05,77.35,147.02
2022-08-08,76.47,145.77
2022-08-09,76.77,144.31
2022-08-10,77.54,148.25
2022-08-11,77.16,147.67
2022-08-12,79.15,150.61
2022-08-15,79.11,151.56
2022-08-16,79.52,151.14999
2022-08-17,79.25,150.07001
2022-08-18,79.32,150.85001
2022-08-19,78.66,148.11
2022-08-22,76.46,143.98
2022-08-23,76.41,143.60001
2022-08-24,76.17,143.69
2022-08-25,76.89,146.12
2022-08-26,74.65,139.88
2022-08-29,74.19,138.03
2022-08-30,74.14,136.59
2022-08-31,74.15,135.25999
2022-09-01,75.3,134.60001
2022-09-02,74.68,132.85001
2022-09-06,73.83,131.97
2022-09-07,74.49,134.08
2022-09-08,74.65,134.53999
2022-09-09,75.91,137.2
2022-09-12,77.08,139.39999
2022-09-13,76.04,132.0
2022-09-14,72.12,132.48
2022-09-15,70.24,129.42999
2022-09-16,68.83,128.71001
2022-09-19,69.07,129.44
2022-09-20,68.11,128.67999
2022-09-21,66.75,126.67
2022-09-22,66.03,125.38
2022-09-23,64.55,123.74
2022-09-26,63.45,122.88
2022-09-27,62.42,123.04
2022-09-28,63.07,124.34
2022-09-29,61.4,121.1
2022-09-30,61.07,118.78
2022-10-03,63.08,122.46
2022-10-04,65.69,126.57
2022-10-05,66.64,126.99
2022-10-06,65.3,125.95
2022-10-07,63.29,120.77
2022-10-10,62.57,118.74
2022-10-11,62.41,116.92
2022-10-12,63.78,116.56
2022-10-13,65.2,120.18
2022-10-14,64.31,116.8
2022-10-17,67.02,120.36
2022-10-18,67.03,121.38
2022-10-19,66.3,121.03
2022-10-20,69.25,121.1
2022-10-21,72.7,124.34
2022-10-24,72.92,126.06
2022-10-25,73.14,128.47
2022-10-26,74.82,125.61
2022-10-27,75.15,124.18
2022-10-28,77.36,129.58
2022-10-31,78.07,127.87
2022-11-01,77.11,126.8
2022-11-02,75.12,122.42
2022-11-03,75.03,118.82
2022-11-04,76.0,120.99
2022-11-07,76.74,123.01
2022-11-08,75.64,124.19
2022-11-09,75.66,120.96
2022-11-10,77.17,130.89999
2022-11-11,77.74,133.14
2022-11-14,78.53,132.0
2022-11-15,79.18,133.60001
2022-11-16,79.89,131.77
2022-11-17,79.2,131.94
2022-11-18,79.73,132.09
2022-11-21,79.82,130.67
2022-11-22,82.12,133.2
2022-11-23,82.56,134.38
2022-11-25,82.72,133.60001
2022-11-28,81.39,130.74001
2022-11-29,80.85,129.46001
2022-11-30,83.03,135.96001
2022-12-01,84.11,136.14999
2022-12-02,83.35,135.36
2022-12-05,79.43,133.11
2022-12-06,78.91,130.25999
2022-12-07,78.78,129.60001
2022-12-08,80.07,131.72
2022-12-09,79.86,130.91
2022-12-12,81.28,133.77
2022-12-13,80.56,135.35001
2022-12-14,81.82,134.21001
2022-12-15,80.07,129.19
2022-12-16,79.58,127.48
2022-12-19,80.5,125.42
2022-12-20,80.94,125.61
2022-12-21,81.5,127.69
2022-12-22,80.49,124.47
2022-12-23,80.85,124.6
2022-12-27,80.98,123.42
2022-12-28,80.33,121.43
2022-12-29,81.4,124.61
2022-12-30,81.74,124.44
2023-01-03,83.72,123.26
2023-01-04,84.48,123.58
2023-01-05,84.31,121.18
2023-01-06,85.66,124.73
2023-01-09,86.42,126.18
2023-01-10,86.5,126.96
2023-01-11,88.6,129.16
2023-01-12,88.78,130.12
2023-01-13,89.2,130.49001
2023-01-17,88.6,131.08
2023-01-18,86.71,129.39
2023-01-19,85.94,127.88
2023-01-20,87.25,131.34
2023-01-23,88.97,134.33
2023-01-24,89.7,134.27
2023-01-25,89.64,133.99001
2023-01-26,89.83,136.13
2023-01-27,88.99,136.7
2023-01-30,87.35,134.09
2023-01-31,88.46,135.96001
2023-02-01,90.05,139.16
2023-02-02,89.38,142.96001
2023-02-03,89.62,141.77
2023-02-06,88.53,140.03999
2023-02-07,87.74,143.53999
2023-02-08,86.69,141.81
2023-02-09,86.65,141.03
2023-02-10,87.14,140.38
2023-02-13,89.42,142.81
2023-02-14,89.09,143.42
2023-02-15,88.34,144.09
2023-02-16,87.72,141.59
2023-02-17,87.28,139.82001
2023-02-21,86.2,136.5
2023-02-22,86.32,136.3
2023-02-23,88.58,138.56
2023-02-24,88.66,136.09
2023-02-27,87.96,136.82001
2023-02-28,87.4,136.52
2023-03-01,86.34,135.52
2023-03-02,86.97,137.19
2023-03-03,89.25,140.14
2023-03-06,89.74,140.81
2023-03-07,88.36,139.06
2023-03-08,88.49,140.21001
2023-03-09,86.87,138.2
2023-03-10,84.07,135.77
2023-03-13,84.93,136.50999
2023-03-14,84.56,139.66
2023-03-15,82.98,139.74001
2023-03-16,84.82,143.66
2023-03-17,85.26,143.46001
2023-03-20,86.96,143.53
2023-03-21,87.58,144.69
2023-03-22,87.9,143.25
2023-03-23,87.78,145.58
2023-03-24,88.01,145.96001
2023-03-27,90.14,144.83
2023-03-28,89.85,144.14999
2023-03-29,90.62,147.17
2023-03-30,90.51,148.88
2023-03-31,92.92,151.00999
2023-04-03,93.92,150.77
2023-04-04,94.0,149.94
2023-04-05,94.89,148.23
2023-04-06,95.92,149.07001
2023-04-10,93.76,148.99001
2023-04-11,93.97,147.59
2023-04-12,93.9,146.75
2023-04-13,95.55,149.48
2023-04-14,95.71,148.64999
2023-04-17,95.59,149.19
2023-04-18,96.47,149.64999
2023-04-19,95.81,149.22
2023-04-20,94.83,148.24001
2023-04-21,95.15,147.75999
2023-04-24,95.44,147.11
2023-04-25,94.06,143.97
2023-04-26,93.71,146.11
2023-04-27,95.04,149.21001
2023-04-28,94.72,150.83
2023-05-01,94.87,150.92
2023-05-02,94.8,149.50999
2023-05-03,94.78,148.25
2023-05-04,94.97,147.53999
2023-05-05,96.97,151.24001
2023-05-08,96.79,151.16
2023-05-09,96.14,150.0
2023-05-10,97.52,151.83
2023-05-11,97.44,151.14999
2023-05-12,97.85,150.95
2023-05-15,97.26,152.2
2023-05-16,98.25,152.36
2023-05-17,99.77,154.39
2023-05-18,102.34,157.55
2023-05-19,102.84,157.48
2023-05-22,101.77,157.78
2023-05-23,98.54,155.45
2023-05-24,98.32,154.31
2023-05-25,104.29,160.23
2023-05-26,104.08,164.78
2023-05-30,105.15,165.66
2023-05-31,105.94,164.28
2023-06-01,105.99,165.95
2023-06-02,105.89,166.89999
2023-06-05,106.93,165.94
2023-06-06,107.1,165.89999
2023-06-07,105.25,163.42
2023-06-08,107.48,165.19
2023-06-09,109.85,166.00999
2023-06-12,116.43,169.62
2023-06-13,116.68,170.64999
2023-06-14,122.27,172.41
2023-06-15,126.55,174.63
2023-06-16,125.46,173.19
2023-06-20,122.04,171.66
2023-06-21,122.1,169.12
2023-06-22,120.58,170.5
2023-06-23,118.64,168.64999
2023-06-26,116.78,167.44
2023-06-27,117.84,170.74001
2023-06-28,116.53,170.84
2023-06-29,117.78,171.14
2023-06-30,119.09,173.86
2023-07-03,117.15,173.49001
2023-07-05,115.96,172.42
2023-07-06,115.45,171.96001
2023-07-07,114.61,171.21001
2023-07-10,114.38,171.66
2023-07-11,114.88,172.03
2023-07-12,116.02,173.98
2023-07-13,117.45,176.25
2023-07-14,119.27,175.99001
2023-07-17,118.89,178.24001
2023-07-18,120.77,180.25999
2023-07-19,118.69,179.81
2023-07-20,115.88,176.22
2023-07-21,117.65,176.13
2023-07-24,118.07,176.44
2023-07-25,117.95,178.46001
2023-07-26,115.5,176.06
2023-07-27,116.4,175.55
2023-07-28,115.99,177.94
2023-07-31,117.23,178.35001
2023-08-01,117.91,178.64999
2023-08-02,115.71,174.23
2023-08-03,114.55,173.52
2023-08-04,114.44,171.16
2023-08-07,116.1,171.64
2023-08-08,115.23,170.32001
2023-08-09,113.1,168.12
2023-08-10,112.99,168.14
2023-08-11,113.06,166.89999
2023-08-14,115.57,169.56
2023-08-15,117.29,167.89
2023-08-16,115.34,166.28999
2023-08-17,114.88,164.71001
2023-08-18,116.46,164.96001
2023-08-21,116.59,168.11
2023-08-22,116.54,167.92
2023-08-23,117.84,170.95
2023-08-24,112.91,167.00999
2023-08-25,116.06,168.71001
2023-08-28,116.84,170.09
2023-08-29,120.65,173.5
2023-08-30,121.12,174.81
2023-08-31,120.39,175.66
2023-09-01,120.93,176.2
2023-09-05,123.98,176.83
2023-09-06,124.33,174.96001
2023-09-07,125.09,172.42999
2023-09-08,126.32,172.78999
2023-09-11,126.71,173.69
2023-09-12,109.61,170.53999
2023-09-13,111.84,170.97
2023-09-14,113.66,172.21001
2023-09-15,113.91,168.89999
2023-09-18,112.21,169.35001
2023-09-19,112.77,169.25999
2023-09-20,112.87,166.60001
2023-09-21,109.43,164.06
2023-09-22,109.03,164.41
2023-09-25,108.3,164.94
2023-09-26,104.88,161.97
2023-09-27,104.62,162.22
2023-09-28,106.15,163.37
2023-09-29,105.92,163.92999
2023-10-02,106.71,165.69
2023-10-03,104.52,162.88
2023-10-04,107.08,164.91
2023-10-05,108.35,165.13
2023-10-06,109.96,168.22
2023-10-09,110.32,169.09
2023-10-10,109.71,169.35001
2023-10-11,109.64,170.92
2023-10-12,109.11,171.08
2023-10-13,108.25,168.63
2023-10-16,108.71,170.25
2023-10-17,109.04,169.46001
2023-10-18,108.25,167.72
2023-10-19,108.34,166.75999
2023-10-20,101.85,163.94
2023-10-23,103.66,164.13
2023-10-24,103.2,165.25999
2023-10-25,101.43,163.31
2023-10-26,100.4,160.19
2023-10-27,100.99,161.12
2023-10-30,101.65,162.85001
2023-10-31,103.4,164.00999
2023-11-01,105.75,167.17999
2023-11-02,106.87,170.00999
2023-11-03,108.05,171.75999
2023-11-06,109.11,172.89
2023-11-07,108.99,174.78
2023-11-08,112.33,175.77
2023-11-09,112.18,174.95
2023-11-10,113.07,179.52
2023-11-13,114.15,178.47
2023-11-14,116.1,182.03999
2023-11-15,114.06,182.27
2023-11-16,114.67,183.17999
2023-11-17,115.36,182.8
2023-11-20,116.92,185.45
2023-11-21,116.08,183.95
2023-11-22,116.24,184.77
2023-11-24,116.25,184.41
2023-11-27,116.47,184.39999
2023-11-28,116.24,184.75
2023-11-29,116.21,184.89
2023-11-30,116.21,185.16
2023-12-01,117.16,185.58
2023-12-04,115.78,183.32001
2023-12-05,114.53,184.42
2023-12-06,112.03,182.86
2023-12-07,112.87,185.08
2023-12-08,113.61,186.66
2023-12-11,115.13,188.28999
2023-12-12,100.81,189.53999
2023-12-13,102.99,191.21001
2023-12-14,100.31,190.74001
2023-12-15,103.32,191.7
2023-12-18,105.0,191.85001
2023-12-19,106.25,192.58
2023-12-20,104.15,189.67
2023-12-21,105.86,191.8
2023-12-22,106.2,192.05
2023-12-26,106.19,192.85001
2023-12-27,105.94,192.84
2023-12-28,106.25,193.07001
2023-12-29,105.43,192.48
