date,PEP,XLP
2010-01-04,61.24,26.67
2010-01-05,61.98,26.68
2010-01-06,61.36,26.66
2010-01-07,60.97,26.66
2010-01-08,60.77,26.57
2010-01-11,60.7,26.64
2010-01-12,61.55,26.79
2010-01-13,62.05,26.98
2010-01-14,62.8,26.9
2010-01-15,62.29,26.77
2010-01-19,62.33,26.93
2010-01-20,61.95,26.73
2010-01-21,60.94,26.35
2010-01-22,60.39,26.29
2010-01-25,60.23,26.34
2010-01-26,60.25,26.31
2010-01-27,60.29,26.37
2010-01-28,59.74,26.3
2010-01-29,59.62,26.2
2010-02-01,60.7,26.4
2010-02-02,61.15,26.78
2010-02-03,61.29,26.59
2010-02-04,59.64,26.05
2010-02-05,59.51,25.98
2010-02-08,58.96,25.95
2010-02-09,60.05,26.26
2010-02-10,60.38,26.23
2010-02-11,61.19,26.441
2010-02-12,60.92,26.44
2010-02-16,61.31,26.71
2010-02-17,62.11,26.9
2010-02-18,62.53,27.06
2010-02-19,62.66,27.12
2010-02-22,62.41,27.12
2010-02-23,61.78,26.97
2010-02-24,62.08,27.14
2010-02-25,62.3,27.16
2010-02-26,62.47,27.03
2010-03-01,63.43,27.22
2010-03-02,63.8,27.32
2010-03-03,63.98,27.33
2010-03-04,64.11,27.42
2010-03-05,64.37,27.59
2010-03-08,64.15,27.49
2010-03-09,64.36,27.45
2010-03-10,64.43,27.41
2010-03-11,64.97,27.46
2010-03-12,65.1,27.48
2010-03-15,66.15,27.689
2010-03-16,66.07,27.82
2010-03-17,66.57,27.94
2010-03-18,66.52,27.97
2010-03-19,66.56,27.77
2010-03-22,66.31,27.91
2010-03-23,66.86,28.13
2010-03-24,66.26,27.93
2010-03-25,66.55,27.89
2010-03-26,66.59,27.91
2010-03-29,66.55,28.04
2010-03-30,66.77,28.09
2010-03-31,66.16,27.93
2010-04-01,66.68,28.11
2010-04-05,65.98,28.11
2010-04-06,66.39,28.02
2010-04-07,65.99,27.84
2010-04-08,65.97,27.89
2010-04-09,66.36,28.04
2010-04-12,66.32,28.13
2010-04-13,66.39,28.04
2010-04-14,66.29,28.08
2010-04-15,66.27,28.03
2010-04-16,66.14,27.91
2010-04-19,66.12,28.02
2010-04-20,65.9,28.099
2010-04-21,65.98,28.1
2010-04-22,64.76,28.1
2010-04-23,64.71,28.03
2010-04-26,65.02,27.97
2010-04-27,64.23,27.48
2010-04-28,64.75,27.7
2010-04-29,65.2,27.79
2010-04-30,65.22,27.63
2010-05-03,65.69,27.79
2010-05-04,65.43,27.51
2010-05-05,65.2,27.61
2010-05-06,64.7,26.92
2010-05-07,64.57,26.74
2010-05-10,66.41,27.52
2010-05-11,66.55,27.51
2010-05-12,66.94,27.7
2010-05-13,66.48,27.53
2010-05-14,66.07,27.27
2010-05-17,66.75,27.56
2010-05-18,66.53,27.4
2010-05-19,66.04,27.33
2010-05-20,63.86,26.52
2010-05-21,63.58,26.62
2010-05-24,63.32,26.43
2010-05-25,62.89,26.12
2010-05-26,61.23,25.95
2010-05-27,62.9,26.48
2010-05-28,62.89,26.35
2010-06-01,62.76,26.29
2010-06-02,63.46,26.74
2010-06-03,63.37,26.78
2010-06-04,61.44,26.07
2010-06-07,61.73,25.87
2010-06-08,62.65,26.29
2010-06-09,62.49,26.24
2010-06-10,63.84,26.69
2010-06-11,63.56,26.47
2010-06-14,63.85,26.62
2010-06-15,64.24,26.89
2010-06-16,63.91,26.71
2010-06-17,64.49,26.95
2010-06-18,64.08,26.66
2010-06-21,64.02,26.59
2010-06-22,63.3,26.3
2010-06-23,62.73,26.47
2010-06-24,62.4,26.15
2010-06-25,60.77,25.88
2010-06-28,61.96,26.1
2010-06-29,61.23,25.68
2010-06-30,60.95,25.5
2010-07-01,61.52,25.55
2010-07-02,61.53,25.45
2010-07-06,61.64,25.6
2010-07-07,62.93,26.09
2010-07-08,64.0,26.48
2010-07-09,63.5,26.48
2010-07-12,63.74,26.57
2010-07-13,63.43,26.81
2010-07-14,63.56,26.82
2010-07-15,63.16,26.9
2010-07-16,62.45,26.52
2010-07-19,62.05,26.57
2010-07-20,64.73,26.89
2010-07-21,63.95,26.6
2010-07-22,64.21,26.9
2010-07-23,64.45,27.15
2010-07-26,64.98,27.29
2010-07-27,65.69,27.39
2010-07-28,65.2,27.24
2010-07-29,64.89,26.91
2010-07-30,64.91,26.98
2010-08-02,65.27,27.29
2010-08-03,65.77,27.05
2010-08-04,66.17,27.15
2010-08-05,65.58,27.03
2010-08-06,65.9,27.09
2010-08-09,66.42,27.23
2010-08-10,66.53,27.29
2010-08-11,65.45,26.84
2010-08-12,65.18,26.81
2010-08-13,65.56,26.8
2010-08-16,65.43,26.77
2010-08-17,65.55,27.03
2010-08-18,65.52,27.05
2010-08-19,64.66,26.73
2010-08-20,64.8,26.73
2010-08-23,64.82,26.79
2010-08-24,64.78,26.66
2010-08-25,64.57,26.72
2010-08-26,64.13,26.52
2010-08-27,64.12,26.69
2010-08-30,63.6,26.46
2010-08-31,64.18,26.48
2010-09-01,64.89,26.95
2010-09-02,64.97,27.12
2010-09-03,65.57,27.29
2010-09-07,65.48,27.18
2010-09-08,65.43,27.3
2010-09-09,66.1,27.39
2010-09-10,66.41,27.52
2010-09-13,66.25,27.55
2010-09-14,65.98,27.6
2010-09-15,66.5,27.79
2010-09-16,66.61,27.82
2010-09-17,66.12,27.55
2010-09-20,66.89,27.85
2010-09-21,66.46,27.8
2010-09-22,66.66,27.85
2010-09-23,65.79,27.67
2010-09-24,66.13,28.04
2010-09-27,66.37,27.88
2010-09-28,66.78,28.06
2010-09-29,66.75,27.98
2010-09-30,66.44,27.88
2010-10-01,67.0,27.93
2010-10-04,66.87,27.8475
2010-10-05,67.76,28.11
2010-10-06,68.11,28.23
2010-10-07,66.1,28.13
2010-10-08,65.75,28.19
2010-10-11,65.52,28.22
2010-10-12,66.08,28.29
2010-10-13,66.4,28.53
2010-10-14,66.64,28.54
2010-10-15,66.68,28.61
2010-10-18,66.5,28.71
2010-10-19,65.41,28.36
2010-10-20,64.97,28.61
2010-10-21,65.18,28.71
2010-10-22,65.01,28.81
2010-10-25,65.05,28.88
2010-10-26,64.79,28.72
2010-10-27,64.27,28.57
2010-10-28,65.01,28.67
2010-10-29,65.3,28.77
2010-11-01,65.55,28.65
2010-11-02,65.8,28.82
2010-11-03,65.2,28.91
2010-11-04,65.35,29.26
2010-11-05,65.08,29.11
2010-11-08,65.11,29.06
2010-11-09,65.3,28.91
2010-11-10,65.25,28.82
2010-11-11,64.9,28.85
2010-11-12,64.64,28.71
2010-11-15,64.42,28.72
2010-11-16,64.04,28.4
2010-11-17,63.94,28.41
2010-11-18,64.77,28.79
2010-11-19,64.71,28.81
2010-11-22,64.7,28.81
2010-11-23,63.89,28.47
2010-11-24,64.33,28.69
2010-11-26,63.98,28.5
2010-11-29,64.01,28.45
2010-11-30,64.63,28.32
2010-12-01,65.63,28.78
2010-12-02,65.2,28.8
2010-12-03,65.17,28.81
2010-12-06,64.73,28.74
2010-12-07,64.68,28.9
2010-12-08,64.63,29.01
2010-12-09,64.72,29.09
2010-12-10,64.9,29.14
2010-12-13,65.53,29.14
2010-12-14,65.59,29.28
2010-12-15,65.24,29.31
2010-12-16,65.75,29.5675
2010-12-17,65.97,29.36
2010-12-20,66.31,29.33
2010-12-21,65.4,29.26
2010-12-22,65.68,29.3875
2010-12-23,65.69,29.4
2010-12-27,65.42,29.26
2010-12-28,65.28,29.34
2010-12-29,65.33,29.35
2010-12-30,65.12,29.3
2010-12-31,65.33,29.31
2011-01-03,65.75,29.35
2011-01-04,65.41,29.27
2011-01-05,66.59,29.28
2011-01-06,66.84,29.18
2011-01-07,66.39,29.0325
2011-01-10,66.05,29.0525
2011-01-11,66.33,29.03
2011-01-12,66.73,29.27
2011-01-13,66.91,29.33
2011-01-14,66.78,29.33
2011-01-18,66.57,29.3475
2011-01-19,65.9,29.29
2011-01-20,65.9,29.44
2011-01-21,65.87,29.49
2011-01-24,66.18,29.54
2011-01-25,65.77,29.635
2011-01-26,65.86,29.56
2011-01-27,65.56,29.26
2011-01-28,64.4,28.98
2011-01-31,64.31,28.88
2011-02-01,65.05,29.09
2011-02-02,64.65,28.98
2011-02-03,64.18,29.13
2011-02-04,63.84,29.3
2011-02-07,63.68,29.34
2011-02-08,64.17,29.48
2011-02-09,64.42,29.53
2011-02-10,63.36,29.42
2011-02-11,63.87,29.58
2011-02-14,63.34,29.45
2011-02-15,64.35,29.44
2011-02-16,63.96,29.52
2011-02-17,64.7,29.72
2011-02-18,63.41,29.8
2011-02-22,63.15,29.59
2011-02-23,62.93,29.52
2011-02-24,63.03,29.4
2011-02-25,63.6,29.55
2011-02-28,63.42,29.72
2011-03-01,63.21,29.49
2011-03-02,62.94,29.41
2011-03-03,63.75,29.71
2011-03-04,63.4,29.58
2011-03-07,63.47,29.5
2011-03-08,63.79,29.76
2011-03-09,64.65,29.91
2011-03-10,64.43,29.71
2011-03-11,64.65,29.73
2011-03-14,64.14,29.52
2011-03-15,63.01,29.26
2011-03-16,62.31,28.8425
2011-03-17,63.08,28.98
2011-03-18,63.24,29.05
2011-03-21,64.1,29.41
2011-03-22,63.94,29.37
2011-03-23,64.2,29.42
2011-03-24,64.2,29.69
2011-03-25,63.98,29.69
2011-03-28,64.34,29.68
2011-03-29,64.16,29.82
2011-03-30,65.05,29.98
2011-03-31,64.41,29.92
2011-04-01,65.22,30.07
2011-04-04,65.09,30.13
2011-04-05,65.58,30.16
2011-04-06,65.75,30.3
2011-04-07,65.92,30.34
2011-04-08,65.73,30.25
2011-04-11,66.04,30.41
2011-04-12,66.57,30.51
2011-04-13,66.45,30.53
2011-04-14,66.7,30.71
2011-04-15,67.11,30.84
2011-04-18,67.15,30.67
2011-04-19,66.81,30.73
2011-04-20,67.33,30.89
2011-04-21,67.41,30.9
2011-04-25,67.03,30.82
2011-04-26,67.71,31.03
2011-04-27,67.93,31.23
2011-04-28,69.72,31.43
2011-04-29,68.89,31.52
2011-05-02,69.31,31.56
2011-05-03,69.59,31.64
2011-05-04,69.83,31.6
2011-05-05,68.83,31.36
2011-05-06,69.27,31.44
2011-05-09,69.82,31.55
2011-05-10,70.03,31.74
2011-05-11,70.2,31.68
2011-05-12,70.96,32.15
2011-05-13,70.56,32.11
2011-05-16,70.72,32.12
2011-05-17,71.11,32.19
2011-05-18,71.27,32.24
2011-05-19,71.78,32.42
2011-05-20,71.3,32.32
2011-05-23,71.04,32.098
2011-05-24,70.98,32.07
2011-05-25,70.45,31.86
2011-05-26,70.42,31.91
2011-05-27,70.4,32.04
2011-05-31,71.12,32.31
2011-06-01,70.29,31.98
2011-06-02,69.51,31.61
2011-06-03,68.97,31.31
2011-06-06,68.89,31.15
2011-06-07,68.93,31.08
2011-06-08,68.84,31.1
2011-06-09,69.51,31.27
2011-06-10,68.69,30.91
2011-06-13,69.06,31.05
2011-06-14,69.57,31.38
2011-06-15,68.48,30.91
2011-06-16,68.89,31.16
2011-06-17,68.72,31.135
2011-06-20,68.98,31.37
2011-06-21,68.93,31.34
2011-06-22,68.78,31.14
2011-06-23,67.98,30.86
2011-06-24,68.45,30.61
2011-06-27,69.05,30.75
2011-06-28,69.62,30.81
2011-06-29,69.96,30.99
2011-06-30,70.43,31.23
2011-07-01,70.19,31.47
2011-07-05,69.77,31.46
2011-07-06,70.17,31.63
2011-07-07,70.52,31.85
2011-07-08,69.93,31.74
2011-07-11,69.3,31.51
2011-07-12,69.01,31.41
2011-07-13,68.89,31.41
2011-07-14,68.6,31.27
2011-07-15,68.53,31.36
2011-07-18,68.0,31.16
2011-07-19,68.54,31.59
2011-07-20,68.49,31.54
2011-07-21,66.17,31.8
2011-07-22,65.76,31.74
2011-07-25,64.37,31.45
2011-07-26,64.07,31.37
2011-07-27,63.86,31.03
2011-07-28,63.89,31.029
2011-07-29,64.04,30.83
2011-08-01,63.86,30.72
2011-08-02,63.18,30.32
2011-08-03,64.48,30.44
2011-08-04,63.35,29.49
2011-08-05,64.67,29.91
2011-08-08,62.97,28.78
2011-08-09,63.09,29.48
2011-08-10,60.32,28.35
2011-08-11,62.87,29.19
2011-08-12,63.18,29.54
2011-08-15,63.57,29.96
2011-08-16,63.76,30.03
2011-08-17,64.62,30.23
2011-08-18,63.09,29.69
2011-08-19,62.07,29.55
2011-08-22,61.92,29.64
2011-08-23,63.48,30.25
2011-08-24,63.7,30.38
2011-08-25,63.02,29.915
2011-08-26,63.16,30.17
2011-08-29,64.16,30.71
2011-08-30,64.52,30.79
2011-08-31,64.43,30.89
2011-09-01,64.15,30.78
2011-09-02,63.3,30.34
2011-09-06,62.45,30.22
2011-09-07,61.62,30.76
2011-09-08,61.34,30.68
2011-09-09,59.99,30.0
2011-09-12,60.14,30.03
2011-09-13,60.54,30.14
2011-09-14,61.58,30.5
2011-09-15,63.22,30.86
2011-09-16,62.05,30.84
2011-09-19,60.56,30.58
2011-09-20,60.39,30.64
2011-09-21,60.79,30.01
2011-09-22,60.92,29.44
2011-09-23,60.34,29.5
2011-09-26,61.89,30.07
2011-09-27,62.43,30.25
2011-09-28,61.97,29.68
2011-09-29,62.58,29.97
2011-09-30,61.9,29.66
2011-10-03,60.29,29.23
2011-10-04,60.45,29.51
2011-10-05,60.29,29.55
2011-10-06,60.57,29.9
2011-10-07,61.02,30.07
2011-10-10,61.87,30.54
2011-10-11,60.95,30.48
2011-10-12,62.7,30.72
2011-10-13,62.36,30.63
2011-10-14,62.24,30.87
2011-10-17,61.89,30.66
2011-10-18,62.41,30.89
2011-10-19,62.11,30.8
2011-10-20,62.12,30.97
2011-10-21,62.28,31.47
2011-10-24,62.1,31.25
2011-10-25,61.82,30.88
2011-10-26,62.01,31.19
2011-10-27,62.88,31.59
2011-10-28,63.2,31.51
2011-10-31,62.95,31.04
2011-11-01,62.23,30.5
2011-11-02,62.41,30.79
2011-11-03,62.8,31.17
2011-11-04,61.99,30.99
2011-11-07,62.5,31.25
2011-11-08,63.66,31.56
2011-11-09,62.28,30.82
2011-11-10,62.96,31.12
2011-11-11,63.28,31.48
2011-11-14,62.8,31.21
2011-11-15,64.5,31.36
2011-11-16,65.09,31.08
2011-11-17,64.09,30.97
2011-11-18,63.89,31.06
2011-11-21,63.15,30.56
2011-11-22,63.18,30.59
2011-11-23,62.4,30.26
2011-11-25,62.49,30.37
2011-11-28,62.99,30.85
2011-11-29,63.66,31.17
2011-11-30,64.0,31.9
2011-12-01,64.09,31.85
2011-12-02,64.28,31.74
2011-12-05,64.4,31.93
2011-12-06,64.65,31.97
2011-12-07,64.91,32.05
2011-12-08,64.33,31.68
2011-12-09,65.19,32.01
2011-12-12,64.66,31.72
2011-12-13,64.28,31.65
2011-12-14,63.98,31.49
2011-12-15,64.85,31.81
2011-12-16,64.71,31.49
2011-12-19,64.37,31.36
2011-12-20,65.53,32.01
2011-12-21,66.04,32.35
2011-12-22,66.04,32.34
2011-12-23,66.57,32.57
2011-12-27,66.38,32.63
2011-12-28,65.91,32.47
2011-12-29,66.54,32.64
2011-12-30,66.35,32.49
2012-01-03,66.4,32.46
2012-01-04,66.74,32.39
2012-01-05,66.22,32.37
2012-01-06,65.39,32.16
2012-01-09,65.73,32.21
2012-01-10,65.66,32.32
2012-01-11,65.01,32.18
2012-01-12,64.62,32.17
2012-01-13,64.4,32.14
2012-01-17,64.65,32.26
2012-01-18,64.85,32.33
2012-01-19,65.91,32.39
2012-01-20,66.28,32.4
2012-01-23,66.1,32.37
2012-01-24,66.2,32.19
2012-01-25,66.7,32.56
2012-01-26,66.52,32.44
2012-01-27,65.81,32.22
2012-01-30,65.41,32.01
2012-01-31,65.67,32.03
2012-02-01,66.38,32.26
2012-02-02,66.4,32.38
2012-02-03,66.66,32.48
2012-02-06,66.52,32.46
2012-02-07,66.76,32.49
2012-02-08,66.74,32.5
2012-02-09,64.27,32.68
2012-02-10,63.95,32.61
2012-02-13,63.69,32.75
2012-02-14,63.52,32.83
2012-02-15,63.07,32.82
2012-02-16,62.73,33.03
2012-02-17,62.68,33.06
2012-02-21,63.14,32.87
2012-02-22,63.1,32.78
2012-02-23,63.13,32.95
2012-02-24,63.31,33.06
2012-02-27,63.32,33.06
2012-02-28,63.32,33.17
2012-02-29,62.94,33.23
2012-03-01,62.55,33.18
2012-03-02,62.52,33.21
2012-03-05,62.79,33.36
2012-03-06,62.28,33.08
2012-03-07,62.62,33.13
2012-03-08,62.95,33.36
2012-03-09,63.15,33.47
2012-03-12,63.94,33.59
2012-03-13,64.34,33.84
2012-03-14,64.06,33.74
2012-03-15,64.17,33.8
2012-03-16,64.47,33.6
2012-03-19,64.73,33.62
2012-03-20,65.28,33.6
2012-03-21,65.36,33.65
2012-03-22,65.39,33.68
2012-03-23,65.3,33.76
2012-03-26,65.78,33.99
2012-03-27,66.01,33.97
2012-03-28,65.93,33.89
2012-03-29,66.02,33.875
2012-03-30,66.35,34.08
2012-04-02,66.74,34.35
2012-04-03,66.56,34.16
2012-04-04,66.34,34.05
2012-04-05,66.15,34.05
2012-04-09,65.35,33.74
2012-04-10,64.85,33.44
2012-04-11,65.15,33.605
2012-04-12,65.38,33.635
2012-04-13,65.06,33.63
2012-04-16,65.99,33.77
2012-04-17,66.4,34.11
2012-04-18,66.21,34.12
2012-04-19,66.15,34.0
2012-04-20,66.63,34.31
2012-04-23,66.18,33.78
2012-04-24,66.51,33.79
2012-04-25,66.67,34.01
2012-04-26,66.37,34.32
2012-04-27,66.1,34.27
2012-04-30,66.0,34.18
2012-05-01,66.49,34.27
2012-05-02,66.83,34.3
2012-05-03,66.91,34.35
2012-05-04,65.9,34.08
2012-05-07,66.62,34.13
2012-05-08,66.52,34.05
2012-05-09,65.94,33.88
2012-05-10,66.79,34.12
2012-05-11,66.8,34.03
2012-05-14,67.15,33.89
2012-05-15,67.85,33.85
2012-05-16,68.75,33.96
2012-05-17,68.77,33.72
2012-05-18,68.12,33.52
2012-05-21,67.98,33.65
2012-05-22,68.08,33.69
2012-05-23,68.0,33.6
2012-05-24,68.81,33.92
2012-05-25,68.64,33.89
2012-05-29,69.33,34.13
2012-05-30,68.22,33.85
2012-05-31,67.85,33.78
2012-06-01,67.51,33.16
2012-06-04,67.48,33.27
2012-06-05,67.0,33.23
2012-06-06,67.49,33.68
2012-06-07,67.68,33.8
2012-06-08,68.31,34.09
2012-06-11,68.05,33.93
2012-06-12,68.4,34.09
2012-06-13,68.55,34.045
2012-06-14,69.27,34.51
2012-06-15,69.48,34.33
2012-06-18,69.6,34.42
2012-06-19,69.31,34.39
2012-06-20,68.91,34.21
2012-06-21,68.5,33.805
2012-06-22,68.7,33.91
2012-06-25,68.61,33.7
2012-06-26,68.94,33.78
2012-06-27,69.75,33.98
2012-06-28,69.6,34.13
2012-06-29,70.66,34.77
2012-07-02,70.76,34.965
2012-07-03,70.76,35.13
2012-07-05,70.17,35.0
2012-07-06,70.22,34.96
2012-07-09,69.99,34.92
2012-07-10,69.87,34.96
2012-07-11,70.13,34.91
2012-07-12,69.85,34.94
2012-07-13,70.41,35.33
2012-07-16,70.35,35.15
2012-07-17,70.33,35.3
2012-07-18,70.38,35.31
2012-07-19,70.42,35.26
2012-07-20,69.955,35.045
2012-07-23,69.34,34.74
2012-07-24,68.79,34.63
2012-07-25,70.3,34.64
2012-07-26,71.22,35.21
2012-07-27,72.26,35.61
2012-07-30,72.75,35.79
2012-07-31,72.73,35.63
2012-08-01,72.4,35.45
2012-08-02,71.8,35.16
2012-08-03,72.87,35.75
2012-08-06,72.48,35.73
2012-08-07,72.29,35.54
2012-08-08,72.57,35.79
2012-08-09,72.14,35.64
2012-08-10,72.13,35.63
2012-08-13,71.99,35.62
2012-08-14,72.24,35.76
2012-08-15,72.62,35.78
2012-08-16,73.58,35.87
2012-08-17,73.39,35.9
2012-08-20,73.33,35.9
2012-08-21,73.01,35.68
2012-08-22,72.89,35.57
2012-08-23,72.66,35.29
2012-08-24,73.06,35.6
2012-08-27,73.17,35.65
2012-08-28,73.12,35.67
2012-08-29,72.78,35.59
2012-08-30,72.18,35.45
2012-08-31,72.43,35.46
2012-09-04,72.48,35.67
2012-09-05,71.54,35.61
2012-09-06,72.15,36.05
2012-09-07,72.1,35.76
2012-09-10,71.84,35.72
2012-09-11,71.58,35.61
2012-09-12,70.06,35.42
2012-09-13,70.88,36.05
2012-09-14,70.46,35.78
2012-09-17,70.39,35.88
2012-09-18,70.73,36.08
2012-09-19,70.85,36.18
2012-09-20,71.24,36.38
2012-09-21,70.55,35.96
2012-09-24,70.7,36.08
2012-09-25,70.35,35.83
2012-09-26,70.42,35.825
2012-09-27,70.64,35.95
2012-09-28,70.77,35.825
2012-10-01,70.65,36.06
2012-10-02,70.62,36.09
2012-10-03,70.7,36.2
2012-10-04,70.87,36.37
2012-10-05,71.1,36.51
2012-10-08,71.19,36.4
2012-10-09,71.11,36.05
2012-10-10,70.29,35.9
2012-10-11,69.82,35.82
2012-10-12,70.05,35.85
2012-10-15,70.34,36.09
2012-10-16,70.3,36.18
2012-10-17,70.1,36.335
2012-10-18,70.76,36.14
2012-10-19,69.88,35.71
2012-10-22,69.6,35.73
2012-10-23,68.52,35.25
2012-10-24,68.4,35.25
2012-10-25,68.89,35.47
2012-10-26,68.98,35.35
2012-10-31,69.24,35.39
2012-11-01,69.44,35.41
2012-11-02,69.05,35.2
2012-11-05,69.0,35.14
2012-11-06,69.35,35.4
2012-11-07,68.99,34.9802
2012-11-08,68.79,34.6
2012-11-09,68.85,34.6
2012-11-12,68.61,34.6
2012-11-13,68.58,34.58
2012-11-14,68.17,34.2
2012-11-15,68.19,34.19
2012-11-16,68.31,34.41
2012-11-19,68.78,34.97
2012-11-20,68.91,35.1
2012-11-21,69.31,35.15
2012-11-23,70.19,35.67
2012-11-26,70.0,35.41
2012-11-27,70.11,35.38
2012-11-28,70.35,35.72
2012-11-29,70.31,35.91
2012-11-30,70.21,36.04
2012-12-03,69.87,35.8995
2012-12-04,69.86,35.825
2012-12-05,69.71,35.89
2012-12-06,70.02,35.93
2012-12-07,70.26,36.18
2012-12-10,70.21,36.14
2012-12-11,70.42,36.16
2012-12-12,70.24,36.08
2012-12-13,70.21,36.02
2012-12-14,70.16,35.96
2012-12-17,70.37,36.04
2012-12-18,70.53,36.03
2012-12-19,69.88,35.67
2012-12-20,70.11,35.87
2012-12-21,69.63,35.17
2012-12-24,69.43,35.06
2012-12-26,68.84,34.76
2012-12-27,68.67,34.82
2012-12-28,68.02,34.45
2012-12-31,68.43,34.9
2013-01-02,69.33,35.8
2013-01-03,69.36,35.71
2013-01-04,69.46,35.81
2013-01-07,69.45,35.57
2013-01-08,69.66,35.47
2013-01-09,70.01,35.55
2013-01-10,70.81,35.76
2013-01-11,70.88,35.92
2013-01-14,71.29,36.03
2013-01-15,71.6,36.14
2013-01-16,71.48,36.09
2013-01-17,72.43,36.33
2013-01-18,72.48,36.48
2013-01-22,72.2,36.49
2013-01-23,71.81,36.48
2013-01-24,72.23,36.58
2013-01-25,72.49,36.76
2013-01-28,72.61,36.79
2013-01-29,72.94,36.99
2013-01-30,73.21,36.92
2013-01-31,72.85,36.87
2013-02-01,72.67,37.17
2013-02-04,72.45,36.82
2013-02-05,73.15,37.26
2013-02-06,72.77,37.31
2013-02-07,72.81,37.51
2013-02-08,72.6,37.48
2013-02-11,72.36,37.48
2013-02-12,72.17,37.44
2013-02-13,71.5,37.48
2013-02-14,72.28,37.558
2013-02-15,73.68,37.61
2013-02-19,75.5,37.99
2013-02-20,75.42,37.92
2013-02-21,75.36,38.04
2013-02-22,75.57,38.26
2013-02-25,75.19,37.74
2013-02-26,75.62,37.83
2013-02-27,75.48,38.11
2013-02-28,75.77,38.09
2013-03-01,75.93,38.22
2013-03-04,76.6,38.51
2013-03-05,76.9,38.64
2013-03-06,76.8,38.55
2013-03-07,77.14,38.55
2013-03-08,77.2,38.62
2013-03-11,76.85,38.66
2013-03-12,76.89,38.62
2013-03-13,76.95,38.72
2013-03-14,77.19,38.85
2013-03-15,77.04,38.485
2013-03-18,76.68,38.37
2013-03-19,76.67,38.69
2013-03-20,76.32,39.06
2013-03-21,76.15,38.94
2013-03-22,78.64,39.3
2013-03-25,77.83,39.27
2013-03-26,78.92,39.64
2013-03-27,78.29,39.61
2013-03-28,79.11,39.77
2013-04-01,79.1,39.75
2013-04-02,79.74,40.18
2013-04-03,78.96,39.74
2013-04-04,79.53,39.95
2013-04-05,78.59,39.66
2013-04-08,79.5,40.11
2013-04-09,79.21,40.07
2013-04-10,80.06,40.37
2013-04-11,79.96,40.565
2013-04-12,79.99,40.71
2013-04-15,78.92,40.06
2013-04-16,80.0,40.81
2013-04-17,78.85,40.46
2013-04-18,81.25,40.38
2013-04-19,82.77,41.01
2013-04-22,83.38,41.11
2013-04-23,84.1,41.43
2013-04-24,82.34,40.77
2013-04-25,82.82,40.9
2013-04-26,82.51,40.89
2013-04-29,82.65,41.02
2013-04-30,82.47,40.94
2013-05-01,82.21,40.9
2013-05-02,82.56,41.05
2013-05-03,82.83,41.23
2013-05-06,82.5,40.93
2013-05-07,83.34,41.2401
2013-05-08,83.25,41.29
2013-05-09,82.85,41.0
2013-05-10,83.0,41.16
2013-05-13,83.03,41.23
2013-05-14,83.5,41.72
2013-05-15,84.25,42.135
2013-05-16,83.74,41.8768
2013-05-17,83.8,41.94
2013-05-20,82.59,41.51
2013-05-21,82.63,41.55
2013-05-22,82.97,41.48
2013-05-23,82.12,41.31
2013-05-24,82.58,41.7
2013-05-28,82.43,41.77
2013-05-29,81.12,40.97
2013-05-30,81.22,40.81
2013-05-31,80.77,40.05
2013-06-03,81.4,40.49
2013-06-04,81.63,40.5
2013-06-05,81.2,40.01
2013-06-06,81.66,40.18
2013-06-07,82.51,40.68
2013-06-10,82.85,40.68
2013-06-11,82.53,40.58
2013-06-12,82.11,40.38
2013-06-13,81.98,40.8
2013-06-14,82.13,40.7
2013-06-17,82.55,41.06
2013-06-18,82.57,41.21
2013-06-19,80.89,40.39
2013-06-20,78.91,39.17
2013-06-21,80.13,39.43
2013-06-24,80.13,39.265
2013-06-25,80.04,39.33
2013-06-26,81.3,39.74
2013-06-27,81.74,39.92
2013-06-28,81.79,39.67
2013-07-01,82.04,39.96
2013-07-02,81.68,40.01
2013-07-03,80.73,39.93
2013-07-05,80.8,40.03
2013-07-08,81.78,40.43
2013-07-09,82.77,40.73
2013-07-10,82.99,40.78
2013-07-11,84.55,41.42
2013-07-12,84.32,41.43
2013-07-15,84.72,41.49
2013-07-16,84.02,41.34
2013-07-17,85.24,41.42
2013-07-18,86.8,41.56
2013-07-19,86.41,41.8
2013-07-22,86.4,41.71
2013-07-23,86.2,41.63
2013-07-24,85.64,41.36
2013-07-25,85.55,41.58
2013-07-26,85.31,41.53
2013-07-29,85.25,41.44
2013-07-30,85.11,41.4
2013-07-31,83.54,41.39
2013-08-01,84.2,41.73
2013-08-02,84.29,41.75
2013-08-05,84.48,41.78
2013-08-06,85.05,41.73
2013-08-07,84.76,41.53
2013-08-08,84.68,41.75
2013-08-09,84.34,41.57
2013-08-12,83.81,41.45
2013-08-13,83.39,41.48
2013-08-14,82.75,41.19
2013-08-15,80.91,40.53
2013-08-16,80.18,40.29
2013-08-19,80.88,40.11
2013-08-20,80.29,40.12
2013-08-21,79.08,39.81
2013-08-22,79.25,39.98
2013-08-23,79.85,40.21
2013-08-26,79.69,39.74
2013-08-27,79.06,39.528
2013-08-28,79.37,39.23
2013-08-29,79.33,39.39
2013-08-30,79.73,39.51
2013-09-03,80.2,39.48
2013-09-04,79.53,39.725
2013-09-05,79.07,39.67
2013-09-06,79.26,39.77
2013-09-09,79.38,40.05
2013-09-10,79.43,40.09
2013-09-11,79.85,40.375
2013-09-12,79.87,40.39
2013-09-13,80.32,40.72
2013-09-16,81.02,41.09
2013-09-17,81.66,41.23
2013-09-18,82.88,41.72
2013-09-19,81.82,41.53
2013-09-20,81.74,40.98
2013-09-23,81.02,40.8
2013-09-24,80.54,40.61
2013-09-25,80.21,40.269
2013-09-26,80.54,40.48
2013-09-27,80.2,40.23
2013-09-30,79.5,39.8
2013-10-01,79.82,40.04
2013-10-02,79.56,39.955
2013-10-03,79.44,39.75
2013-10-04,79.62,39.81
2013-10-07,79.06,39.68
2013-10-08,78.93,39.68
2013-10-09,79.5,39.71
2013-10-10,80.69,40.45
2013-10-11,80.83,40.57
2013-10-14,81.09,40.74
2013-10-15,80.6,40.37
2013-10-16,82.27,40.97
2013-10-17,82.58,41.43
2013-10-18,83.01,41.49
2013-10-21,82.37,41.4
2013-10-22,83.44,41.92
2013-10-23,83.33,42.0
2013-10-24,82.54,41.92
2013-10-25,83.35,42.02
2013-10-28,84.61,42.57
2013-10-29,85.49,42.94
2013-10-30,84.72,42.57
2013-10-31,84.09,42.345
2013-11-01,84.56,42.51
2013-11-04,84.37,42.55
2013-11-05,84.62,42.63
2013-11-06,86.68,43.09
2013-11-07,85.3,42.46
2013-11-08,85.85,42.67
2013-11-11,85.45,42.535
2013-11-12,85.64,42.61
2013-11-13,85.95,42.97
2013-11-14,86.39,43.28
2013-11-15,86.03,43.33
2013-11-18,85.86,43.195
2013-11-19,85.29,43.04
2013-11-20,85.13,42.86
2013-11-21,85.62,42.935
2013-11-22,85.74,43.16
2013-11-25,85.37,43.09
2013-11-26,84.39,43.05
2013-11-27,84.42,43.08
2013-11-29,84.46,43.01
2013-12-02,83.7,42.78
2013-12-03,83.8,42.99
2013-12-04,82.65,42.89
2013-12-05,81.9,42.5
2013-12-06,83.15,43.08
2013-12-09,82.69,43.23
2013-12-10,82.4,42.86
2013-12-11,82.67,42.93
2013-12-12,81.28,42.34
2013-12-13,80.93,42.27
2013-12-16,81.0,42.26
2013-12-17,80.46,42.06
2013-12-18,81.42,42.76
2013-12-19,81.66,42.68
2013-12-20,81.81,42.55
2013-12-23,81.86,42.51
2013-12-24,82.04,42.57
2013-12-26,82.45,42.74
2013-12-27,82.71,42.84
2013-12-30,82.91,42.95
2013-12-31,82.94,42.98
2014-01-02,82.1,42.45
2014-01-03,82.24,42.37
2014-01-06,82.28,42.21
2014-01-07,83.48,42.44
2014-01-08,83.24,42.12
2014-01-09,82.85,42.34
2014-01-10,83.5,42.4
2014-01-13,82.37,42.16
2014-01-14,82.37,42.38
2014-01-15,82.89,42.39
2014-01-16,82.86,42.4
2014-01-17,82.2,42.07
2014-01-21,82.92,42.23
2014-01-22,82.85,42.23
2014-01-23,82.43,41.86
2014-01-24,81.43,41.48
2014-01-27,82.06,41.31
2014-01-28,82.32,41.63
2014-01-29,80.22,40.9
2014-01-30,81.08,40.96
2014-01-31,80.36,40.76
2014-02-03,78.57,39.88
2014-02-04,78.82,40.09
2014-02-05,79.42,40.12
2014-02-06,79.39,40.55
2014-02-07,80.22,40.93
2014-02-10,80.6,41.09
2014-02-11,81.25,41.57
2014-02-12,81.49,41.39
2014-02-13,79.69,41.6
2014-02-14,78.09,41.84
2014-02-18,78.18,41.6
2014-02-19,77.1,41.51
2014-02-20,78.01,41.69
2014-02-21,78.22,41.6
2014-02-24,78.88,41.75
2014-02-25,79.23,41.91
2014-02-26,78.65,41.87
2014-02-27,79.07,42.06
2014-02-28,80.07,42.35
2014-03-03,79.52,42.12
2014-03-04,80.85,42.69
2014-03-05,81.11,42.55
2014-03-06,81.33,42.54
2014-03-07,81.56,42.66
2014-03-10,81.73,42.7
2014-03-11,82.81,42.68
2014-03-12,82.15,42.77
2014-03-13,81.8,42.56
2014-03-14,81.0,42.58
2014-03-17,82.05,42.83
2014-03-18,81.95,42.92
2014-03-19,81.37,42.59
2014-03-20,81.86,42.74
2014-03-21,82.14,42.5
2014-03-24,81.89,42.46
2014-03-25,82.4,42.77
2014-03-26,82.87,42.67
2014-03-27,82.54,42.64
2014-03-28,82.95,42.75
2014-03-31,83.5,43.06
2014-04-01,82.88,42.99
2014-04-02,82.73,43.04
2014-04-03,82.91,43.09
2014-04-04,82.59,42.95
2014-04-07,83.91,42.99
2014-04-08,83.47,43.21
2014-04-09,83.91,43.4
2014-04-10,83.62,42.97
2014-04-11,83.15,42.75
2014-04-14,83.55,43.09
2014-04-15,83.96,43.2
2014-04-16,84.77,43.62
2014-04-17,85.55,43.63
2014-04-21,85.91,43.65
2014-04-22,85.14,43.63
2014-04-23,85.41,43.56
2014-04-24,85.52,43.73
2014-04-25,85.25,43.79
2014-04-28,86.82,44.29
2014-04-29,85.76,44.1
2014-04-30,85.89,44.24
2014-05-01,85.57,44.2
2014-05-02,85.52,44.2
2014-05-05,85.91,44.1
2014-05-06,85.37,43.82
2014-05-07,86.8,44.24
2014-05-08,86.66,44.3
2014-05-09,87.17,44.51
2014-05-12,86.93,44.55
2014-05-13,87.23,44.64
2014-05-14,86.84,44.4
2014-05-15,85.74,44.01
2014-05-16,86.54,44.28
2014-05-19,86.1,44.19
2014-05-20,85.65,44.03
2014-05-21,86.1,44.28
2014-05-22,85.58,44.21
2014-05-23,85.83,44.28
2014-05-27,86.53,44.4
2014-05-28,87.07,44.34
2014-05-29,87.73,44.69
2014-05-30,88.33,45.04
2014-06-02,87.87,44.93
2014-06-03,88.22,44.77
2014-06-04,87.43,44.93
2014-06-05,87.76,45.11
2014-06-06,87.91,45.23
2014-06-09,88.0,45.16
2014-06-10,88.42,45.16
2014-06-11,87.78,45.04
2014-06-12,87.22,44.72
2014-06-13,87.19,44.71
2014-06-16,87.55,44.88
2014-06-17,87.28,44.88
2014-06-18,88.9,45.41
2014-06-19,90.1,45.67
2014-06-20,89.1,45.22
2014-06-23,88.39,44.97
2014-06-24,88.05,44.81
2014-06-25,88.58,44.74
2014-06-26,88.61,44.58
2014-06-27,88.76,44.655
2014-06-30,89.34,44.62
2014-07-01,89.13,44.72
2014-07-02,89.67,44.84
2014-07-03,90.02,45.09
2014-07-07,89.86,45.16
2014-07-08,89.73,45.07
2014-07-09,89.77,45.27
2014-07-10,90.1,45.2
2014-07-11,89.85,45.26
2014-07-14,91.08,45.42
2014-07-15,90.34,45.02
2014-07-16,90.5,45.03
2014-07-17,89.99,44.75
2014-07-18,90.09,45.2
2014-07-21,89.91,44.99
2014-07-22,89.17,44.91
2014-07-23,90.82,44.85
2014-07-24,91.91,44.97
2014-07-25,91.55,44.79
2014-07-28,90.97,44.56
2014-07-29,90.14,44.36
2014-07-30,88.91,43.89
2014-07-31,88.1,43.1399
2014-08-01,88.11,43.47
2014-08-04,89.69,43.61
2014-08-05,89.2,43.42
2014-08-06,90.51,43.79
2014-08-07,89.9,43.43
2014-08-08,90.29,43.87
2014-08-11,91.79,44.18
2014-08-12,91.21,44.15
2014-08-13,91.74,44.28
2014-08-14,91.79,44.46
2014-08-15,91.85,44.52
2014-08-18,92.15,44.78
2014-08-19,91.86,44.9
2014-08-20,92.23,44.87
2014-08-21,92.05,44.95
2014-08-22,91.6,44.84
2014-08-25,93.19,45.09
2014-08-26,92.6,45.06
2014-08-27,92.23,45.08
2014-08-28,92.58,45.1
2014-08-29,92.49,45.13
2014-09-02,92.48,45.15
2014-09-03,92.75,45.18
2014-09-04,91.85,45.32
2014-09-05,91.75,45.58
2014-09-08,91.86,45.24
2014-09-09,91.42,45.13
2014-09-10,91.79,45.35
2014-09-11,91.65,45.37
2014-09-12,90.87,45.05
2014-09-15,91.2,45.27
2014-09-16,92.57,45.61
2014-09-17,92.85,45.51
2014-09-18,93.37,45.6
2014-09-19,93.79,45.43
2014-09-22,93.58,45.35
2014-09-23,92.93,44.95
2014-09-24,93.5,45.53
2014-09-25,92.67,44.93
2014-09-26,93.13,45.1
2014-09-29,93.15,45.09
2014-09-30,93.09,45.11
2014-10-01,92.65,44.825
2014-10-02,92.58,44.91
2014-10-03,93.5,45.44
2014-10-06,93.37,45.46
2014-10-07,93.1,45.19
2014-10-08,93.94,45.85
2014-10-09,93.57,45.39
2014-10-10,94.65,45.61
2014-10-13,93.94,44.98
2014-10-14,93.01,44.96
2014-10-15,91.77,44.42
2014-10-16,90.79,44.09
2014-10-17,91.51,44.63
2014-10-20,93.55,45.27
2014-10-21,93.73,45.46
2014-10-22,94.46,45.56
2014-10-23,93.76,45.53
2014-10-24,94.6,45.91
2014-10-27,94.62,46.02
2014-10-28,95.26,46.2
2014-10-29,94.69,46.12
2014-10-30,95.65,46.41
2014-10-31,96.17,46.71
2014-11-03,95.83,46.89
2014-11-04,96.73,47.14
2014-11-05,96.89,47.47
2014-11-06,96.81,47.57
2014-11-07,96.8,47.74
2014-11-10,96.97,47.95
2014-11-11,96.7,47.86
2014-11-12,97.16,47.86
2014-11-13,98.54,48.03
2014-11-14,97.72,47.76
2014-11-17,98.42,48.08
2014-11-18,97.94,48.26
2014-11-19,98.41,48.46
2014-11-20,98.06,48.25
2014-11-21,98.89,48.45
2014-11-24,98.68,48.42
2014-11-25,98.93,48.46
2014-11-26,99.35,48.68
2014-11-28,100.1,49.3
2014-12-01,99.67,48.975
2014-12-02,100.39,49.15
2014-12-03,98.32,48.8
2014-12-04,97.75,48.76
2014-12-05,97.76,48.85
2014-12-08,97.78,48.75
2014-12-09,97.13,48.59
2014-12-10,96.18,48.13
2014-12-11,96.29,48.53
2014-12-12,94.74,47.91
2014-12-15,94.14,47.59
2014-12-16,92.59,47.41
2014-12-17,93.72,48.1
2014-12-18,95.36,49.02
2014-12-19,95.44,48.62
2014-12-22,96.62,49.09
2014-12-23,97.36,49.43
2014-12-24,97.09,49.38
2014-12-26,97.05,49.46
2014-12-29,96.73,49.31
2014-12-30,95.96,49.09
2014-12-31,94.56,48.49
2015-01-02,94.44,48.35
2015-01-05,93.73,48.01
2015-01-06,93.02,47.95
2015-01-07,95.74,48.77
2015-01-08,97.48,49.51
2015-01-09,96.82,49.11
2015-01-12,96.42,48.96
2015-01-13,96.35,48.95
2015-01-14,96.67,48.8
2015-01-15,96.67,48.88
2015-01-16,97.29,49.27
2015-01-20,97.51,49.47
2015-01-21,97.4,49.71
2015-01-22,98.9,50.21
2015-01-23,98.53,49.65
2015-01-26,98.69,49.65
2015-01-27,96.72,49.08
2015-01-28,95.72,48.51
2015-01-29,96.03,48.9
2015-01-30,93.78,48.02
2015-02-02,95.33,48.59
2015-02-03,96.2,49.02
2015-02-04,96.6,49.04
2015-02-05,96.61,49.29
2015-02-06,96.71,49.07
2015-02-09,95.97,48.7
2015-02-10,97.99,49.27
2015-02-11,100.4,49.5
2015-02-12,100.27,49.73
2015-02-13,99.13,49.5
2015-02-17,98.36,49.51
2015-02-18,99.33,49.78
2015-02-19,98.72,49.46
2015-02-20,99.06,49.6
2015-02-23,99.45,49.74
2015-02-24,99.58,49.91
2015-02-25,99.5,49.74
2015-02-26,99.07,49.81
2015-02-27,98.98,50.01
2015-03-02,99.0,50.1
2015-03-03,98.4,49.91
2015-03-04,97.36,49.56
2015-03-05,97.23,49.73
2015-03-06,96.17,48.76
2015-03-09,96.04,49.03
2015-03-10,94.43,48.33
2015-03-11,93.63,47.96
2015-03-12,95.71,48.66
2015-03-13,94.32,48.28
2015-03-16,95.45,48.87
2015-03-17,94.13,48.52
2015-03-18,94.64,48.85
2015-03-19,94.1,48.63
2015-03-20,95.34,48.94
2015-03-23,95.85,49.02
2015-03-24,95.86,48.74
2015-03-25,95.26,48.62
2015-03-26,95.63,48.41
2015-03-27,95.95,48.71
2015-03-30,96.52,49.2
2015-03-31,95.62,48.74
2015-04-01,95.09,48.8
2015-04-02,95.69,49.13
2015-04-06,96.48,49.52
2015-04-07,96.21,49.29
2015-04-08,96.03,49.37
2015-04-09,96.35,49.51
2015-04-10,96.2,49.6
2015-04-13,95.53,49.37
2015-04-14,96.49,49.48
2015-04-15,96.63,49.34
2015-04-16,96.45,49.52
2015-04-17,95.81,49.06
2015-04-20,96.5,49.23
2015-04-21,96.78,49.32
2015-04-22,97.28,49.35
2015-04-23,95.73,49.18
2015-04-24,95.17,49.19
2015-04-27,94.49,48.92
2015-04-28,94.42,48.97
2015-04-29,94.38,48.53
2015-04-30,95.12,48.37
2015-05-01,95.56,48.81
2015-05-04,95.95,48.88
2015-05-05,95.42,48.49
2015-05-06,95.48,48.64
2015-05-07,95.15,48.76
2015-05-08,96.55,49.17
2015-05-11,96.35,48.97
2015-05-12,96.2,48.86
2015-05-13,96.41,48.84
2015-05-14,98.0,49.59
2015-05-15,98.22,49.75
2015-05-18,98.05,49.59
2015-05-19,97.95,49.46
2015-05-20,97.69,49.35
2015-05-21,97.2,49.46
2015-05-22,96.26,49.25
2015-05-26,95.79,48.86
2015-05-27,96.38,49.17
2015-05-28,97.06,49.1
2015-05-29,96.43,48.79
2015-06-01,95.97,48.79
2015-06-02,96.05,48.66
2015-06-03,95.3,48.63
2015-06-04,94.14,48.28
2015-06-05,93.05,47.59
2015-06-08,92.84,47.57
2015-06-09,93.07,47.8
2015-06-10,93.69,48.27
2015-06-11,94.09,48.25
2015-06-12,93.74,48.06
2015-06-15,92.64,47.71
2015-06-16,93.55,48.23
2015-06-17,94.05,48.49
2015-06-18,95.23,49.03
2015-06-19,94.86,48.66
2015-06-22,95.6,48.85
2015-06-23,95.6,48.64
2015-06-24,95.29,48.42
2015-06-25,94.83,48.33
2015-06-26,94.91,48.43
2015-06-29,93.69,47.68
2015-06-30,93.34,47.6
2015-07-01,94.52,48.21
2015-07-02,94.66,48.17
2015-07-06,94.4,48.13
2015-07-07,96.4,49.12
2015-07-08,95.61,48.57
2015-07-09,94.59,48.61
2015-07-10,95.55,49.18
2015-07-13,97.22,49.64
2015-07-14,97.13,49.72
2015-07-15,96.35,49.59
2015-07-16,96.9,50.1
2015-07-17,96.78,50.07
2015-07-20,97.31,50.16
2015-07-21,96.93,50.04
2015-07-22,97.17,50.15
2015-07-23,96.87,49.96
2015-07-24,96.18,49.68
2015-07-27,95.66,49.65
2015-07-28,96.11,50.21
2015-07-29,96.53,50.38
2015-07-30,96.63,50.21
2015-07-31,96.35,50.31
2015-08-03,97.45,50.38
2015-08-04,97.81,50.38
2015-08-05,99.19,50.82
2015-08-06,99.15,50.44
2015-08-07,99.1,50.16
2015-08-10,99.09,50.35
2015-08-11,98.62,50.17
2015-08-12,98.38,50.2
2015-08-13,98.79,50.0
2015-08-14,99.23,50.16
2015-08-17,99.86,50.21
2015-08-18,99.77,49.96
2015-08-19,98.99,49.5
2015-08-20,97.98,49.05
2015-08-21,96.25,47.71
2015-08-24,91.83,46.05
2015-08-25,89.64,45.7
2015-08-26,92.49,47.05
2015-08-27,93.6,47.74
2015-08-28,93.53,47.64
2015-08-31,92.93,47.31
2015-09-01,91.33,46.34
2015-09-02,91.64,46.97
2015-09-03,92.13,47.29
2015-09-04,90.92,46.52
2015-09-08,92.37,47.49
2015-09-09,90.83,46.71
2015-09-10,91.06,46.79
2015-09-11,91.62,47.1
2015-09-14,91.2,46.95
2015-09-15,92.06,47.51
2015-09-16,93.07,48.05
2015-09-17,93.37,48.05
2015-09-18,93.05,47.19
2015-09-21,93.71,47.54
2015-09-22,92.37,47.02
2015-09-23,92.4,47.1
2015-09-24,92.47,47.18
2015-09-25,93.47,47.48
2015-09-28,92.47,46.78
2015-09-29,93.04,46.76
2015-09-30,94.3,47.19
2015-10-01,93.85,47.19
2015-10-02,94.16,47.84
2015-10-05,95.81,48.66
2015-10-06,97.07,48.33
2015-10-07,98.52,48.77
2015-10-08,98.97,49.35
2015-10-09,99.47,49.46
2015-10-12,99.14,49.59
2015-10-13,97.92,49.29
2015-10-14,97.49,48.72
2015-10-15,98.28,49.16
2015-10-16,99.7,49.63
2015-10-19,100.18,49.85
2015-10-20,100.27,49.82
2015-10-21,100.25,49.83
2015-10-22,103.08,50.82
2015-10-23,102.43,50.74
2015-10-26,102.54,50.64
2015-10-27,102.94,50.71
2015-10-28,102.74,50.42
2015-10-29,102.8,50.44
2015-10-30,102.19,49.88
2015-11-02,101.4,50.18
2015-11-03,100.92,49.94
2015-11-04,100.62,49.73
2015-11-05,100.61,49.72
2015-11-06,99.72,49.18
2015-11-09,98.88,48.85
2015-11-10,98.83,48.98
2015-11-11,99.43,48.91
2015-11-12,98.37,48.25
2015-11-13,98.04,47.83
2015-11-16,99.56,48.65
2015-11-17,98.83,48.63
2015-11-18,100.27,49.3
2015-11-19,100.93,49.429
2015-11-20,100.1,49.08
2015-11-23,100.85,49.51
2015-11-24,100.63,49.64
2015-11-25,100.5,49.77
2015-11-27,100.74,49.96
2015-11-30,100.16,49.42
2015-12-01,101.06,49.84
2015-12-02,99.48,49.59
2015-12-03,99.09,49.33
2015-12-04,101.06,50.44
2015-12-07,100.67,50.58
2015-12-08,100.17,50.45
2015-12-09,99.13,49.97
2015-12-10,98.9,50.03
2015-12-11,97.78,49.48
2015-12-14,97.95,49.97
2015-12-15,99.39,50.29
2015-12-16,101.08,51.26
2015-12-17,100.2,50.6
2015-12-18,97.9,49.34
2015-12-21,98.62,49.9
2015-12-22,99.8,50.55
2015-12-23,100.64,50.92
2015-12-24,100.54,50.87
2015-12-28,100.68,50.8
2015-12-29,101.45,51.24
2015-12-30,101.15,51.06
2015-12-31,99.92,50.49
2016-01-04,98.77,49.85
2016-01-05,99.45,50.17
2016-01-06,99.48,50.0
2016-01-07,97.57,49.4
2016-01-08,97.21,49.02
2016-01-11,97.44,49.48
2016-01-12,97.62,49.75
2016-01-13,96.5,48.84
2016-01-14,95.81,49.07
2016-01-15,93.93,48.3
2016-01-19,95.77,48.88
2016-01-20,93.77,48.27
2016-01-21,94.47,48.46
2016-01-22,95.85,49.29
2016-01-25,95.94,48.85
2016-01-26,96.32,49.29
2016-01-27,95.94,49.25
2016-01-28,97.45,49.75
2016-01-29,99.3,50.76
2016-02-01,99.03,50.93
2016-02-02,98.21,50.28
2016-02-03,98.72,50.17
2016-02-04,97.39,49.71
2016-02-05,97.32,49.63
2016-02-08,97.52,49.5
2016-02-09,98.28,49.83
2016-02-10,97.62,49.77
2016-02-11,96.9,49.37
2016-02-12,98.49,50.07
2016-02-16,98.6,50.47
2016-02-17,99.55,50.99
2016-02-18,99.62,50.76
2016-02-19,99.58,50.84
2016-02-22,99.87,51.09
2016-02-23,99.54,51.08
2016-02-24,99.68,51.24
2016-02-25,100.67,51.82
2016-02-26,98.36,51.09
2016-02-29,97.82,50.92
2016-03-01,99.09,51.41
2016-03-02,98.33,51.56
2016-03-03,99.16,51.82
2016-03-04,100.0,52.04
2016-03-07,99.25,51.72
2016-03-08,99.74,51.87
2016-03-09,100.2,52.26
2016-03-10,100.78,52.28
2016-03-11,101.31,52.45
2016-03-14,100.65,52.42
2016-03-15,101.15,52.55
2016-03-16,100.83,52.67
2016-03-17,101.87,52.99
2016-03-18,101.29,52.65
2016-03-21,101.54,52.68
2016-03-22,100.77,52.37
2016-03-23,100.81,52.38
2016-03-24,100.68,52.32
2016-03-28,100.98,52.6
2016-03-29,101.37,52.99
2016-03-30,102.69,53.34
2016-03-31,102.48,53.06
2016-04-01,103.78,53.62
2016-04-04,103.82,53.64
2016-04-05,103.1,53.28
2016-04-06,103.92,53.7
2016-04-07,103.6,53.12
2016-04-08,105.08,53.41
2016-04-11,104.3,53.03
2016-04-12,104.91,53.36
2016-04-13,104.12,52.95
2016-04-14,103.16,52.71
2016-04-15,103.77,53.035
2016-04-18,103.72,53.34
2016-04-19,104.32,53.31
2016-04-20,102.44,52.59
2016-04-21,100.99,51.77
2016-04-22,101.98,51.96
2016-04-25,102.8,52.32
2016-04-26,102.6,52.11
2016-04-27,102.63,52.36
2016-04-28,102.97,52.41
2016-04-29,102.96,52.3
2016-05-02,103.43,52.9
2016-05-03,103.56,52.8
2016-05-04,104.02,52.96
2016-05-05,104.21,52.97
2016-05-06,104.96,53.24
2016-05-09,105.28,53.53
2016-05-10,106.57,54.06
2016-05-11,105.72,53.63
2016-05-12,106.1,53.92
2016-05-13,104.18,53.24
2016-05-16,104.13,53.58
2016-05-17,102.37,52.53
2016-05-18,100.91,51.92
2016-05-19,101.33,52.43
2016-05-20,100.1,52.16
2016-05-23,100.42,52.21
2016-05-24,101.09,52.65
2016-05-25,101.09,52.73
2016-05-26,101.9,52.94
2016-05-27,101.96,53.0
2016-05-31,101.17,52.66
2016-06-01,101.57,53.2
2016-06-02,102.0,53.22
2016-06-03,102.53,53.56
2016-06-06,102.7,53.62
2016-06-07,102.49,53.56
2016-06-08,103.18,53.88
2016-06-09,103.66,54.09
2016-06-10,103.31,54.13
2016-06-13,103.06,53.68
2016-06-14,103.23,53.89
2016-06-15,102.86,53.73
2016-06-16,103.85,54.01
2016-06-17,103.41,53.47
2016-06-20,103.37,53.64
2016-06-21,104.08,53.78
2016-06-22,103.74,53.81
2016-06-23,104.44,54.14
2016-06-24,101.98,53.1
2016-06-27,102.13,52.985
2016-06-28,102.14,53.32
2016-06-29,103.12,53.94
2016-06-30,105.94,55.15
2016-07-01,105.63,54.89
2016-07-05,106.42,55.2
2016-07-06,105.92,55.25
2016-07-07,107.49,55.1408
2016-07-08,108.27,55.69
2016-07-11,108.91,55.7
2016-07-12,108.79,55.4
2016-07-13,109.91,55.71
2016-07-14,109.96,55.7
2016-07-15,109.66,55.7
2016-07-18,109.21,55.64
2016-07-19,109.53,55.6
2016-07-20,108.92,55.4
2016-07-21,108.58,55.24
2016-07-22,109.19,55.5
2016-07-25,109.02,55.44
2016-07-26,108.2,55.01
2016-07-27,107.48,54.19
2016-07-28,108.13,54.43
2016-07-29,108.92,54.7
2016-08-01,108.93,54.76
2016-08-02,108.72,54.68
2016-08-03,108.04,54.38
2016-08-04,108.42,54.5
2016-08-05,108.66,54.59
2016-08-08,108.14,54.53
2016-08-09,108.28,54.7
2016-08-10,108.82,54.9
2016-08-11,108.48,54.9
2016-08-12,108.59,55.09
2016-08-15,108.72,54.95
2016-08-16,108.0,54.71
2016-08-17,108.47,54.86
2016-08-18,108.28,55.05
2016-08-19,108.17,54.92
2016-08-22,107.96,55.0
2016-08-23,107.88,54.89
2016-08-24,108.11,54.8
2016-08-25,107.88,54.59
2016-08-26,107.45,54.31
2016-08-29,107.99,54.63
2016-08-30,107.21,54.31
2016-08-31,106.75,54.38
2016-09-01,107.29,54.4
2016-09-02,107.87,54.82
2016-09-06,107.92,54.9392
2016-09-07,107.21,54.46
2016-09-08,106.88,54.16
2016-09-09,104.05,52.69
2016-09-12,106.02,53.68
2016-09-13,104.59,53.02
2016-09-14,105.05,52.86
2016-09-15,105.48,53.29
2016-09-16,105.28,52.79
2016-09-19,105.67,52.68
2016-09-20,106.3,52.82
2016-09-21,107.13,53.11
2016-09-22,107.82,53.58
2016-09-23,107.34,53.34
2016-09-26,107.03,52.89
2016-09-27,107.49,53.11
2016-09-28,107.38,53.2
2016-09-29,107.76,52.68
2016-09-30,108.77,53.21
2016-10-03,108.25,52.87
2016-10-04,107.1,52.42
2016-10-05,106.01,52.37
2016-10-06,106.4,52.47
2016-10-07,105.99,52.33
2016-10-10,106.22,52.33
2016-10-11,105.57,52.06
2016-10-12,106.08,52.35
2016-10-13,105.92,52.36
2016-10-14,106.83,52.37
2016-10-17,106.85,52.12
2016-10-18,106.95,52.28
2016-10-19,106.26,51.98
2016-10-20,105.87,51.95
2016-10-21,105.62,52.23
2016-10-24,107.31,52.57
2016-10-25,107.23,52.76
2016-10-26,107.07,52.69
2016-10-27,106.63,52.45
2016-10-28,107.07,52.67
2016-10-31,107.2,52.8
2016-11-01,106.71,52.57
2016-11-02,106.71,52.44
2016-11-03,106.63,52.08
2016-11-04,105.81,51.61
2016-11-07,106.96,52.48
2016-11-08,108.72,52.7
2016-11-09,107.25,51.98
2016-11-10,103.25,50.59
2016-11-11,103.19,50.54
2016-11-14,101.39,50.45
2016-11-15,101.85,50.76
2016-11-16,101.71,50.77
2016-11-17,101.62,50.68
2016-11-18,101.31,50.5
2016-11-21,102.26,50.84
2016-11-22,102.89,51.1
2016-11-23,101.53,50.82
2016-11-25,102.17,51.22
2016-11-28,102.79,51.33
2016-11-29,102.54,51.4
2016-11-30,100.1,50.58
2016-12-01,99.03,50.25
2016-12-02,100.6,50.57
2016-12-05,100.71,50.63
2016-12-06,101.55,50.78
2016-12-07,102.81,51.51
2016-12-08,102.15,51.3
2016-12-09,103.57,52.04
2016-12-12,104.72,52.25
2016-12-13,105.63,52.49
2016-12-14,104.47,51.92
2016-12-15,105.3,52.14
2016-12-16,105.87,52.05
2016-12-19,105.41,52.15
2016-12-20,104.9,52.05
2016-12-21,104.7,52.04
2016-12-22,105.35,51.96
2016-12-23,105.09,52.06
2016-12-27,105.13,52.05
2016-12-28,104.62,51.73
2016-12-29,104.99,51.97
2016-12-30,104.63,51.71
2017-01-03,104.65,51.9
2017-01-04,104.85,51.9
2017-01-05,104.71,52.07
2017-01-06,104.56,52.12
2017-01-09,103.46,51.7
2017-01-10,101.97,51.44
2017-01-11,101.81,51.54
2017-01-12,101.84,51.49
2017-01-13,101.55,51.52
2017-01-17,102.19,52.25
2017-01-18,102.74,52.43
2017-01-19,102.36,52.24
2017-01-20,103.24,52.58
2017-01-23,104.01,52.56
2017-01-24,104.71,52.91
2017-01-25,104.61,52.9
2017-01-26,104.14,52.67
2017-01-27,103.48,52.38
2017-01-30,103.69,52.34
2017-01-31,103.78,52.59
2017-02-01,103.01,52.18
2017-02-02,104.03,52.66
2017-02-03,105.11,53.0
2017-02-06,104.57,52.71
2017-02-07,105.61,53.14
2017-02-08,105.69,53.36
2017-02-09,105.97,53.58
2017-02-10,106.1,53.62
2017-02-13,106.52,53.62
2017-02-14,106.92,53.63
2017-02-15,106.73,54.12
2017-02-16,108.12,54.19
2017-02-17,108.15,54.46
2017-02-21,109.36,54.95
2017-02-22,109.41,54.96
2017-02-23,109.54,55.09
2017-02-24,109.83,55.28
2017-02-27,109.27,55.03
2017-02-28,110.38,55.1
2017-03-01,109.73,55.36
2017-03-02,110.11,55.35
2017-03-03,110.56,55.14
2017-03-06,109.63,54.9
2017-03-07,109.32,54.83
2017-03-08,109.3,54.71
2017-03-09,109.02,54.8
2017-03-10,109.59,55.05
2017-03-13,109.41,55.09
2017-03-14,109.34,54.93
2017-03-15,111.11,55.34
2017-03-16,111.14,55.42
2017-03-17,111.39,54.98
2017-03-20,111.15,55.0771
2017-03-21,111.77,55.04
2017-03-22,112.02,54.93
2017-03-23,111.78,54.81
2017-03-24,112.12,54.7
2017-03-27,111.83,54.65
2017-03-28,112.45,54.75
2017-03-29,112.43,54.85
2017-03-30,112.18,54.74
2017-03-31,111.86,54.58
2017-04-03,111.86,54.49
2017-04-04,112.08,54.65
2017-04-05,111.94,54.55
2017-04-06,111.58,54.55
2017-04-07,111.61,54.7
2017-04-10,112.02,54.86
2017-04-11,111.73,54.88
2017-04-12,113.61,55.09
2017-04-13,112.68,54.84
2017-04-17,113.32,55.23
2017-04-18,114.28,55.48
2017-04-19,113.62,55.27
2017-04-20,113.59,55.16
2017-04-21,113.43,55.0
2017-04-24,114.32,55.5
2017-04-25,114.16,55.72
2017-04-26,113.33,55.27
2017-04-27,112.64,55.2
2017-04-28,113.28,55.18
2017-05-01,112.28,54.97
2017-05-02,112.29,54.6
2017-05-03,111.79,54.65
2017-05-04,112.96,55.07
2017-05-05,113.22,55.22
2017-05-08,113.22,55.2
2017-05-09,112.72,55.0
2017-05-10,112.84,55.04
2017-05-11,113.04,55.12
2017-05-12,112.91,54.96
2017-05-15,113.94,55.14
2017-05-16,113.79,55.09
2017-05-17,113.74,55.01
2017-05-18,114.03,55.05
2017-05-19,113.69,55.35
2017-05-22,114.7,55.66
2017-05-23,115.05,55.72
2017-05-24,116.06,55.94
2017-05-25,117.53,56.29
2017-05-26,117.91,56.5
2017-05-30,118.01,56.48
2017-05-31,116.87,56.64
2017-06-01,117.23,57.1
2017-06-02,117.67,57.27
2017-06-05,117.88,57.33
2017-06-06,117.7,57.19
2017-06-07,117.05,57.17
2017-06-08,115.89,56.74
2017-06-09,115.94,56.67
2017-06-12,116.23,56.66
2017-06-13,116.32,56.75
2017-06-14,117.37,57.11
2017-06-15,117.21,56.98
2017-06-16,116.86,55.95
2017-06-19,117.29,56.22
2017-06-20,117.95,56.0
2017-06-21,117.42,55.84
2017-06-22,116.15,55.47
2017-06-23,116.96,55.49
2017-06-26,117.12,55.71
2017-06-27,115.94,55.23
2017-06-28,116.38,55.43
2017-06-29,115.18,54.84
2017-06-30,115.49,54.94
2017-07-03,115.44,54.89
2017-07-05,115.3,54.85
2017-07-06,115.13,54.54
2017-07-07,115.51,54.51
2017-07-10,114.27,54.13
2017-07-11,113.74,53.98
2017-07-12,114.77,54.28
2017-07-13,114.02,54.29
2017-07-14,114.93,54.72
2017-07-17,114.93,54.78
2017-07-18,115.01,54.78
2017-07-19,115.34,54.98
2017-07-20,115.51,54.99
2017-07-21,116.63,55.08
2017-07-24,116.13,54.9
2017-07-25,116.45,55.28
2017-07-26,117.19,55.27
2017-07-27,117.34,55.81
2017-07-28,116.61,55.34
2017-07-31,116.61,55.32
2017-08-01,115.92,55.26
2017-08-02,115.61,55.22
2017-08-03,116.3,55.17
2017-08-04,116.37,55.02
2017-08-07,116.96,55.43
2017-08-08,116.71,55.22
2017-08-09,116.63,55.31
2017-08-10,116.38,55.08
2017-08-11,116.51,55.12
2017-08-14,117.84,55.39
2017-08-15,118.97,55.67
2017-08-16,119.1,55.86
2017-08-17,118.39,55.35
2017-08-18,117.6,55.2
2017-08-21,118.26,55.4
2017-08-22,117.92,55.41
2017-08-23,117.29,55.25
2017-08-24,116.22,54.49
2017-08-25,115.85,54.67
2017-08-28,115.54,54.51
2017-08-29,115.84,54.7
2017-08-30,115.15,54.69
2017-08-31,115.73,54.71
2017-09-01,115.84,54.97
2017-09-05,115.87,55.05
2017-09-06,116.35,55.28
2017-09-07,116.99,55.36
2017-09-08,115.04,55.09
2017-09-11,115.69,55.43
2017-09-12,115.0,55.55
2017-09-13,114.45,55.58
2017-09-14,114.19,55.47
2017-09-15,114.85,55.22
2017-09-18,114.99,55.3
2017-09-19,114.49,55.13
2017-09-20,113.58,54.6
2017-09-21,112.8,54.08
2017-09-22,111.85,53.92
2017-09-25,111.94,54.31
2017-09-26,111.81,54.44
2017-09-27,111.1,54.02
2017-09-28,111.64,54.02
2017-09-29,111.43,53.98
2017-10-02,109.12,53.88
2017-10-03,109.13,53.94
2017-10-04,109.34,54.11
2017-10-05,110.45,54.35
2017-10-06,110.4,53.81
2017-10-09,110.01,53.66
2017-10-10,110.78,54.13
2017-10-11,111.51,54.24
2017-10-12,112.45,54.47
2017-10-13,112.62,54.57
2017-10-16,113.57,54.59
2017-10-17,112.19,54.39
2017-10-18,111.95,54.32
2017-10-19,112.67,54.03
2017-10-20,111.61,53.9
2017-10-23,111.69,53.86
2017-10-24,110.75,53.67
2017-10-25,110.07,53.52
2017-10-26,110.73,53.56
2017-10-27,110.6,53.1
2017-10-30,109.65,52.65
2017-10-31,110.23,53.09
2017-11-01,110.13,53.26
2017-11-02,110.05,53.13
2017-11-03,110.22,53.14
2017-11-06,109.26,52.57
2017-11-07,110.47,53.16
2017-11-08,112.0,53.74
2017-11-09,111.48,53.73
2017-11-10,112.75,54.28
2017-11-13,114.04,54.59
2017-11-14,115.76,54.78
2017-11-15,115.1,54.2
2017-11-16,115.23,54.95
2017-11-17,114.68,54.76
2017-11-20,114.91,54.7
2017-11-21,116.05,54.88
2017-11-22,115.08,54.81
2017-11-24,115.9,54.77
2017-11-27,115.85,54.8
2017-11-28,116.77,55.25
2017-11-29,116.84,55.54
2017-11-30,116.52,56.05
2017-12-01,116.78,56.19
2017-12-04,117.46,56.72
2017-12-05,117.59,56.63
2017-12-06,118.9,56.99
2017-12-07,116.73,56.44
2017-12-08,116.57,56.59
2017-12-11,117.39,56.58
2017-12-12,117.4,56.59
2017-12-13,117.8,56.91
2017-12-14,118.02,56.66
2017-12-15,119.22,56.88
2017-12-18,118.05,56.85
2017-12-19,118.61,56.92
2017-12-20,119.02,56.82
2017-12-21,118.26,56.78
2017-12-22,118.6,56.87
2017-12-26,118.89,57.0
2017-12-27,119.3,56.99
2017-12-28,119.35,56.9
2017-12-29,119.92,56.89
2018-01-02,118.06,56.54
2018-01-03,117.75,56.52
2018-01-04,118.33,56.68
2018-01-05,118.67,56.93
2018-01-08,117.99,57.07
2018-01-09,118.08,56.99
2018-01-10,117.48,56.71
2018-01-11,116.88,56.63
2018-01-12,117.38,56.65
2018-01-16,117.86,56.91
2018-01-17,119.18,57.56
2018-01-18,119.05,57.39
2018-01-19,120.17,58.03
2018-01-22,121.51,58.47
2018-01-23,121.3,58.28
2018-01-24,121.14,58.4
2018-01-25,120.9,58.43
2018-01-26,121.76,58.71
2018-01-29,119.67,58.48
2018-01-30,119.89,58.09
2018-01-31,120.3,57.82
2018-02-01,120.3,57.57
2018-02-02,118.67,56.47
2018-02-05,114.46,54.42
2018-02-06,113.56,55.02
2018-02-07,113.5,54.78
2018-02-08,110.15,53.6
2018-02-09,111.18,53.71
2018-02-12,111.93,54.26
2018-02-13,112.14,54.51
2018-02-14,109.11,54.48
2018-02-15,110.97,55.38
2018-02-16,111.06,55.6
2018-02-20,109.48,54.34
2018-02-21,108.0,53.69
2018-02-22,109.26,53.83
2018-02-23,109.68,54.35
2018-02-26,110.94,54.69
2018-02-27,110.89,53.97
2018-02-28,109.73,53.41
2018-03-01,108.12,53.29
2018-03-02,109.04,53.74
2018-03-05,109.43,54.21
2018-03-06,109.58,54.25
2018-03-07,109.84,53.76
2018-03-08,112.08,54.25
2018-03-09,112.54,54.6
2018-03-12,112.75,54.5
2018-03-13,113.6,54.46
2018-03-14,112.61,53.91
2018-03-15,111.99,53.53
2018-03-16,111.64,53.25
2018-03-19,110.36,52.73
2018-03-20,109.9,52.58
2018-03-21,108.74,51.93
2018-03-22,107.94,51.5
2018-03-23,106.15,50.86
2018-03-26,106.81,51.59
2018-03-27,107.64,51.56
2018-03-28,109.18,52.27
2018-03-29,109.15,52.63
2018-04-02,107.05,51.34
2018-04-03,108.19,52.02
2018-04-04,110.18,52.83
2018-04-05,110.57,52.96
2018-04-06,109.3,52.42
2018-04-09,109.38,52.39
2018-04-10,109.4,52.51
2018-04-11,108.68,52.41
2018-04-12,108.31,52.33
2018-04-13,109.26,52.59
2018-04-16,109.92,53.16
2018-04-17,108.87,53.28
2018-04-18,106.98,52.88
2018-04-19,105.57,51.35
2018-04-20,102.48,50.49
2018-04-23,102.58,50.43
2018-04-24,101.44,50.11
2018-04-25,101.15,50.2
2018-04-26,103.26,50.5
2018-04-27,101.71,50.77
2018-04-30,100.94,50.45
2018-05-01,99.13,50.01
2018-05-02,97.23,49.03
2018-05-03,97.6,48.98
2018-05-04,98.99,49.69
2018-05-07,98.23,49.38
2018-05-08,96.79,49.18
2018-05-09,96.16,49.25
2018-05-10,97.27,49.54
2018-05-11,97.43,49.54
2018-05-14,97.15,49.52
2018-05-15,96.8,49.33
2018-05-16,97.19,49.68
2018-05-17,97.92,49.85
2018-05-18,97.51,49.54
2018-05-21,99.51,49.75
2018-05-22,99.93,49.66
2018-05-23,100.45,49.84
2018-05-24,100.18,49.8
2018-05-25,100.31,49.88
2018-05-29,101.1,49.77
2018-05-30,101.83,50.47
2018-05-31,100.25,49.66
2018-06-01,100.25,49.66
2018-06-04,100.12,50.07
2018-06-05,100.21,49.84
2018-06-06,100.83,49.9
2018-06-07,101.16,50.21
2018-06-08,102.49,50.83
2018-06-11,103.21,51.25
2018-06-12,104.48,51.35
2018-06-13,105.27,51.19
2018-06-14,105.13,51.28
2018-06-15,107.61,51.54
2018-06-18,105.38,50.79
2018-06-19,105.96,51.06
2018-06-20,105.81,51.11
2018-06-21,107.24,51.21
2018-06-22,108.37,51.63
2018-06-25,108.99,51.89
2018-06-26,108.05,51.67
2018-06-27,108.27,51.56
2018-06-28,108.68,51.56
2018-06-29,108.87,51.53
2018-07-02,109.53,51.23
2018-07-03,108.8,51.35
2018-07-05,109.55,52.06
2018-07-06,109.56,52.22
2018-07-09,107.76,52.02
2018-07-10,112.89,52.64
2018-07-11,112.54,52.47
2018-07-12,111.53,52.4
2018-07-13,112.69,52.74
2018-07-16,112.96,52.49
2018-07-17,114.88,52.94
2018-07-18,114.83,52.51
2018-07-19,115.77,52.54
2018-07-20,116.01,52.86
2018-07-23,114.39,52.53
2018-07-24,114.74,52.63
2018-07-25,115.21,53.03
2018-07-26,115.0,53.31
2018-07-27,114.28,53.38
2018-07-30,114.18,53.32
2018-07-31,115.0,53.57
2018-08-01,113.61,53.12
2018-08-02,114.69,53.66
2018-08-03,116.3,54.29
2018-08-06,117.38,54.34
2018-08-07,114.22,54.01
2018-08-08,113.49,53.6
2018-08-09,113.7,53.44
2018-08-10,112.87,53.24
2018-08-13,113.02,53.24
2018-08-14,113.1,53.61
2018-08-15,113.45,53.83
2018-08-16,114.25,54.6
2018-08-17,114.96,55.02
2018-08-20,114.84,54.99
2018-08-21,113.72,54.6
2018-08-22,112.24,54.26
2018-08-23,111.93,54.13
2018-08-24,112.15,54.06
2018-08-27,112.41,54.09
2018-08-28,111.17,53.91
2018-08-29,112.05,53.97
2018-08-30,111.96,53.8
2018-08-31,112.01,53.78
2018-09-04,111.0,53.71
2018-09-05,113.12,54.33
2018-09-06,113.5,54.48
2018-09-07,112.74,54.37
2018-09-10,113.57,54.56
2018-09-11,113.33,54.36
2018-09-12,113.85,54.99
2018-09-13,114.99,54.91
2018-09-14,114.57,54.76
2018-09-17,115.4,54.96
2018-09-18,113.98,54.73
2018-09-19,113.77,54.63
2018-09-20,115.22,55.32
2018-09-21,114.91,55.02
2018-09-24,112.27,54.18
2018-09-25,111.97,53.86
2018-09-26,111.5,53.92
2018-09-27,111.05,53.85
2018-09-28,111.8,53.93
2018-10-01,110.71,53.89
2018-10-02,108.72,54.2
2018-10-03,107.52,53.62
2018-10-04,106.61,53.49
2018-10-05,106.49,53.44
2018-10-08,108.19,54.18
2018-10-09,108.12,54.06
2018-10-10,107.34,53.41
2018-10-11,105.06,52.09
2018-10-12,105.28,52.38
2018-10-15,105.63,52.7
2018-10-16,107.39,53.29
2018-10-17,108.31,53.54
2018-10-18,107.93,53.47
2018-10-19,110.29,54.69
2018-10-22,109.4,54.28
2018-10-23,110.13,54.52
2018-10-24,112.96,54.75
2018-10-25,112.85,54.88
2018-10-26,110.45,53.83
2018-10-29,112.89,54.45
2018-10-30,113.77,55.53
2018-10-31,112.38,55.01
2018-11-01,111.51,55.4
2018-11-02,111.17,55.11
2018-11-05,114.39,55.8
2018-11-06,115.21,56.14
2018-11-07,115.61,56.46
2018-11-08,116.06,56.49
2018-11-09,117.48,56.82
2018-11-12,116.97,56.52
2018-11-13,117.14,56.39
2018-11-14,116.65,56.01
2018-11-15,116.8,55.92
2018-11-16,118.35,56.06
2018-11-19,119.01,55.97
2018-11-20,116.0,55.04
2018-11-21,115.28,54.6
2018-11-23,115.41,54.79
2018-11-26,115.86,54.86
2018-11-27,116.44,55.35
2018-11-28,118.5,55.81
2018-11-29,118.27,55.9
2018-11-30,121.94,56.26
2018-12-03,118.98,56.31
2018-12-04,117.8,55.36
2018-12-06,116.84,55.42
2018-12-07,115.82,54.72
2018-12-10,116.19,54.72
2018-12-11,117.29,55.17
2018-12-12,117.0,55.1
2018-12-13,118.35,55.44
2018-12-14,113.95,54.5
2018-12-17,112.87,53.24
2018-12-18,111.84,52.61
2018-12-19,110.04,52.1
2018-12-20,110.21,51.17
2018-12-21,109.42,50.18
2018-12-24,106.03,48.73
2018-12-26,108.33,50.09
2018-12-27,109.42,50.57
2018-12-28,110.36,50.57
2018-12-31,110.48,50.78
2019-01-02,109.28,50.48
2019-01-03,108.26,50.19
2019-01-04,110.48,51.26
2019-01-07,109.53,51.19
2019-01-08,110.58,51.66
2019-01-09,107.49,51.18
2019-01-10,108.15,51.48
2019-01-11,108.16,51.63
2019-01-14,107.32,51.38
2019-01-15,108.99,51.89
2019-01-16,108.34,51.61
2019-01-17,109.22,51.83
2019-01-18,110.07,52.45
2019-01-22,109.91,51.97
2019-01-23,110.73,52.59
2019-01-24,109.5,51.94
2019-01-25,109.35,51.73
2019-01-28,108.82,51.95
2019-01-29,109.0,52.07
2019-01-30,110.82,52.42
2019-01-31,112.67,53.39
2019-02-01,112.19,53.22
2019-02-04,113.09,53.56
2019-02-05,112.9,53.57
2019-02-06,113.05,53.58
2019-02-07,113.09,53.54
2019-02-08,113.015,53.79
2019-02-11,112.97,53.93
2019-02-12,113.79,54.35
2019-02-13,114.12,54.45
2019-02-14,112.59,53.84
2019-02-15,115.91,54.35
2019-02-19,115.93,54.63
2019-02-20,115.83,54.53
2019-02-21,116.1,54.69
2019-02-22,116.76,54.43
2019-02-25,116.06,54.13
2019-02-26,115.97,54.16
2019-02-27,115.37,54.08
2019-02-28,115.64,54.34
2019-03-01,116.18,54.24
2019-03-04,116.17,54.15
2019-03-05,116.03,54.11
2019-03-06,116.66,54.03
2019-03-07,116.1,53.68
2019-03-08,115.23,53.71
2019-03-11,116.59,54.41
2019-03-12,116.57,54.43
2019-03-13,116.58,54.74
2019-03-14,115.5,54.69
2019-03-15,115.66,54.7
2019-03-18,117.27,54.78
2019-03-19,118.09,54.74
2019-03-20,118.32,54.51
2019-03-21,119.44,55.15
2019-03-22,120.72,55.08
2019-03-25,120.85,55.19
2019-03-26,122.02,55.66
2019-03-27,121.89,55.47
2019-03-28,121.84,55.74
2019-03-29,122.55,56.11
2019-04-01,122.0,55.92
2019-04-02,121.68,55.46
2019-04-03,121.56,55.19
2019-04-04,121.47,55.4
2019-04-05,121.62,55.59
2019-04-08,122.0,55.82
2019-04-09,122.17,55.75
2019-04-10,122.04,55.91
2019-04-11,121.67,56.02
2019-04-12,122.23,56.2
2019-04-15,123.66,56.53
2019-04-16,122.41,56.54
2019-04-17,127.01,56.82
2019-04-18,127.09,56.87
2019-04-22,126.44,56.89
2019-04-23,127.09,56.71
2019-04-24,126.92,56.83
2019-04-25,126.13,56.47
2019-04-26,126.4,56.98
2019-04-29,126.69,57.05
2019-04-30,128.05,57.71
2019-05-01,127.24,57.0
2019-05-02,126.83,56.98
2019-05-03,127.67,57.41
2019-05-06,127.27,57.32
2019-05-07,125.98,56.75
2019-05-08,126.02,56.74
2019-05-09,126.05,56.62
2019-05-10,128.00999,57.31
2019-05-13,127.16,56.77
2019-05-14,127.41,57.04
2019-05-15,129.35001,57.49
2019-05-16,130.27,57.94
2019-05-17,130.50999,57.75
2019-05-20,129.99001,57.61
2019-05-21,129.05,57.49
2019-05-22,130.07001,57.75
2019-05-23,129.97,57.73
2019-05-24,129.5,57.52
2019-05-28,127.63,56.58
2019-05-29,128.17,56.17
2019-05-30,128.61,56.41
2019-05-31,128.0,55.61
2019-06-03,128.98,56.31
2019-06-04,129.07001,56.82
2019-06-05,131.39,57.47
2019-06-06,131.98,58.07
2019-06-07,133.47,58.63
2019-06-10,133.59,58.65
2019-06-11,133.2,58.84
2019-06-12,133.14,58.93
2019-06-13,132.94,59.06
2019-06-14,132.73,59.09
2019-06-17,132.52,58.92
2019-06-18,132.06,58.6
2019-06-19,132.85001,58.84
2019-06-20,134.16,59.36
2019-06-21,133.96001,58.72
2019-06-24,134.14,58.87
2019-06-25,133.81,58.84
2019-06-26,132.32001,58.0
2019-06-27,131.69,58.11
2019-06-28,131.13,58.07
2019-07-01,131.87,58.42
2019-07-02,132.42999,58.93
2019-07-03,133.99001,59.66
2019-07-05,133.02,59.4
2019-07-08,132.56,59.48
2019-07-09,131.74001,59.13
2019-07-10,134.41,59.51
2019-07-11,134.35001,59.66
2019-07-12,133.28,59.83
2019-07-15,134.14999,59.97
2019-07-16,133.8,59.99
2019-07-17,132.78,59.92
2019-07-18,132.88,60.32
2019-07-19,130.09,59.94
2019-07-22,130.28,59.59
2019-07-23,130.74001,60.02
2019-07-24,129.21001,59.62
2019-07-25,128.99001,59.7
2019-07-26,131.22,60.37
2019-07-29,131.53,60.48
2019-07-30,130.48,60.66
2019-07-31,127.81,59.43
2019-08-01,127.14,59.22
2019-08-02,127.92,59.23
2019-08-05,124.4,57.69
2019-08-06,126.45,58.21
2019-08-07,127.78,58.89
2019-08-08,129.47,59.65
2019-08-09,128.60001,59.32
2019-08-12,128.35001,58.92
2019-08-13,129.92999,59.59
2019-08-14,129.12,58.65
2019-08-15,130.72,59.53
2019-08-16,131.75999,60.21
2019-08-19,132.57001,60.81
2019-08-20,132.06,60.15
2019-08-21,132.34,60.31
2019-08-22,132.66,60.63
2019-08-23,130.27,59.62
2019-08-26,133.74001,60.36
2019-08-27,134.75999,60.19
2019-08-28,135.19,60.77
2019-08-29,136.02,60.8
2019-08-30,136.73,60.72
2019-09-03,137.46001,61.07
2019-09-04,139.14999,61.62
2019-09-05,135.98,61.24
2019-09-06,137.37,61.44
2019-09-09,136.39999,61.3
2019-09-10,135.86,60.92
2019-09-11,136.36,61.14
2019-09-12,137.28999,61.39
2019-09-13,136.44,61.04
2019-09-16,134.88,60.45
2019-09-17,135.7,60.78
2019-09-18,135.5,60.88
2019-09-19,135.48,60.87
2019-09-20,134.71001,60.32
2019-09-23,135.44,60.56
2019-09-24,135.36,60.81
2019-09-25,135.09,60.85
2019-09-26,135.72,61.19
2019-09-27,135.60001,61.12
2019-09-30,137.10001,61.42
2019-10-01,137.37,61.26
2019-10-02,133.94,60.03
2019-10-03,137.92999,60.45
2019-10-04,140.28,61.4
2019-10-07,138.34,60.9
2019-10-08,137.24001,60.32
2019-10-09,137.85001,60.78
2019-10-10,137.89,60.9
2019-10-11,137.64,60.84
2019-10-14,137.45,60.54
2019-10-15,136.33,60.28
2019-10-16,136.42,60.34
2019-10-17,136.96001,60.62
2019-10-18,136.25,60.74
2019-10-21,136.12,60.94
2019-10-22,136.66,60.96
2019-10-23,137.45,61.24
2019-10-24,137.89,61.45
2019-10-25,136.64,61.09
2019-10-28,136.57001,60.97
2019-10-29,136.08,60.97
2019-10-30,136.89999,61.25
2019-10-31,137.17,61.16
2019-11-01,136.92999,61.15
2019-11-04,135.16,60.56
2019-11-05,134.00999,60.76
2019-11-06,134.44,61.01
2019-11-07,133.32001,60.8
2019-11-08,133.13,60.76
2019-11-11,132.39,60.67
2019-11-12,131.98,60.87
2019-11-13,133.28999,61.33
2019-11-14,133.33,61.31
2019-11-15,133.81,61.33
2019-11-18,134.06,61.65
2019-11-19,134.57001,61.57
2019-11-20,133.74001,61.71
2019-11-21,133.91,61.4
2019-11-22,134.07001,61.3
2019-11-25,133.83,61.37
2019-11-26,135.7,61.87
2019-11-27,135.91,62.02
2019-11-29,135.83,62.0
2019-12-02,135.88,62.14
2019-12-03,135.46001,62.04
2019-12-04,137.3,62.45
2019-12-05,136.34,62.43
2019-12-06,137.36,62.67
2019-12-09,137.16,62.72
2019-12-10,136.27,62.52
2019-12-11,137.10001,62.61
2019-12-12,137.17999,62.56
2019-12-13,137.94,62.78
2019-12-16,137.06,63.0
2019-12-17,136.17,62.9
2019-12-18,135.97,62.8
2019-12-19,136.47,63.14
2019-12-20,137.92,63.1
2019-12-23,137.03999,62.83
2019-12-24,136.89,62.91
2019-12-26,136.69,62.97
2019-12-27,137.53999,63.25
2019-12-30,136.81,62.92
2019-12-31,136.67,62.98
2020-01-02,135.82001,62.48
2020-01-03,135.63,62.38
2020-01-06,136.14999,62.51
2020-01-07,134.00999,62.03
2020-01-08,134.7,62.26
2020-01-09,134.78999,62.7
2020-01-10,134.53,62.66
2020-01-13,136.53,63.07
2020-01-14,136.85001,63.09
2020-01-15,139.2,63.54
2020-01-16,139.61,63.71
2020-01-17,141.25999,63.82
2020-01-21,141.86,64.04
2020-01-22,143.38,64.09
2020-01-23,143.64999,64.03
2020-01-24,142.91499,63.59
2020-01-27,142.14,63.39
2020-01-28,142.44,63.47
2020-01-29,141.73,63.15
2020-01-30,143.83,63.9
2020-01-31,142.02,63.18
2020-02-03,142.50999,63.18
2020-02-04,143.22,63.56
2020-02-05,144.3,64.07
2020-02-06,144.33,64.18
2020-02-07,145.37,64.26
2020-02-10,145.66,64.53
2020-02-11,146.08,64.29
2020-02-12,146.08,64.26
2020-02-13,146.47,64.64
2020-02-14,146.99001,64.79
2020-02-18,145.60001,64.56
2020-02-19,145.53,64.49
2020-02-20,145.16,64.54
2020-02-21,145.85001,64.65
2020-02-24,142.64,63.16
2020-02-25,141.10001,62.02
2020-02-26,141.98,61.67
2020-02-27,136.37,59.16
2020-02-28,132.03,57.99
2020-03-02,137.58,61.09
2020-03-03,135.58,60.26
2020-03-04,142.39,63.22
2020-03-05,138.10001,62.03
2020-03-06,137.25999,61.54
2020-03-09,130.16,58.86
2020-03-10,134.14,60.55
2020-03-11,129.75,57.58
2020-03-12,115.34,52.17
2020-03-13,127.45,56.61
2020-03-16,113.09,52.77
2020-03-17,127.72,57.22
2020-03-18,120.92,55.75
2020-03-19,117.34,53.89
2020-03-20,103.93,50.4
2020-03-23,105.18,48.63
2020-03-24,113.84,51.11
2020-03-25,112.5,50.97
2020-03-26,120.26,53.76
2020-03-27,120.46,53.51
2020-03-30,125.48,55.6
2020-03-31,120.1,54.47
2020-04-01,118.12,53.55
2020-04-02,123.86,54.92
2020-04-03,124.59,55.35
2020-04-06,131.16,57.41
2020-04-07,130.48,56.75
2020-04-08,132.61,57.59
2020-04-09,133.63,58.13
2020-04-13,130.89,57.7
2020-04-14,138.39999,60.15
2020-04-15,135.03,59.2
2020-04-16,135.64,59.59
2020-04-17,137.55,60.5
2020-04-20,134.55,59.31
2020-04-21,130.94,58.05
2020-04-22,132.62,58.61
2020-04-23,130.25999,58.09
2020-04-24,134.36,58.71
2020-04-27,134.46001,58.88
2020-04-28,136.32001,59.21
2020-04-29,133.36,58.96
2020-04-30,132.28999,58.26
2020-05-01,130.14,57.62
2020-05-04,130.92,57.59
2020-05-05,131.67,57.64
2020-05-06,130.78,57.01
2020-05-07,131.55,56.85
2020-05-08,134.23,58.12
2020-05-11,134.38,58.04
2020-05-12,132.94,57.55
2020-05-13,132.96001,57.03
2020-05-14,133.08,56.89
2020-05-15,135.95,57.39
2020-05-18,135.52,58.3
2020-05-19,131.73,57.23
2020-05-20,131.25999,57.91
2020-05-21,130.21001,57.27
2020-05-22,130.48,57.47
2020-05-26,129.75,57.78
2020-05-27,130.81,58.65
2020-05-28,132.28999,59.17
2020-05-29,131.55,59.23
2020-06-01,132.99001,59.64
2020-06-02,132.63,59.8
2020-06-03,132.82001,59.88
2020-06-04,130.57001,59.59
2020-06-05,132.44,60.42
2020-06-08,132.21001,61.07
2020-06-09,132.97,60.57
2020-06-10,134.13,60.4
2020-06-11,127.84,58.11
2020-06-12,129.0,58.12
2020-06-15,130.48,58.79
2020-06-16,131.67,59.71
2020-06-17,131.75999,59.62
2020-06-18,132.78,59.93
2020-06-19,131.28,59.62
2020-06-22,131.05,58.99
2020-06-23,131.36,58.9
2020-06-24,129.56,57.91
2020-06-25,131.41,58.32
2020-06-26,128.92999,57.13
2020-06-29,131.08,58.21
2020-06-30,132.25999,58.64
2020-07-01,132.36,58.69
2020-07-02,132.85001,58.99
2020-07-06,133.3,59.28
2020-07-07,133.57001,59.82
2020-07-08,134.22,59.67
2020-07-09,132.71001,59.2
2020-07-10,134.46001,60.29
2020-07-13,134.91,60.2
2020-07-14,135.52,61.08
2020-07-15,133.69,61.13
2020-07-16,133.88,61.26
2020-07-17,134.66,61.59
2020-07-20,133.11,60.97
2020-07-21,134.42999,61.5
2020-07-22,136.00999,61.99
2020-07-23,137.08,62.21
2020-07-24,136.06,62.13
2020-07-27,137.67,62.44
2020-07-28,137.38,62.67
2020-07-29,137.92999,62.76
2020-07-30,137.69,62.76
2020-07-31,137.66,62.7
2020-08-03,136.7,62.53
2020-08-04,137.47,63.31
2020-08-05,136.25,63.18
2020-08-06,135.86,63.17
2020-08-07,136.74001,63.51
2020-08-10,135.98,63.84
2020-08-11,135.12,63.4
2020-08-12,137.8,64.22
2020-08-13,138.10001,64.17
2020-08-14,137.56,64.16
2020-08-17,137.92,64.52
2020-08-18,138.11,64.78
2020-08-19,136.45,64.27
2020-08-20,136.72,64.14
2020-08-21,136.46001,64.3
2020-08-24,137.64,64.85
2020-08-25,137.3,64.71
2020-08-26,138.47,64.79
2020-08-27,138.39999,65.19
2020-08-28,139.94,65.77
2020-08-31,140.06,65.58
2020-09-01,139.19,65.65
2020-09-02,143.28999,66.84
2020-09-03,139.37,65.69
2020-09-04,138.75999,65.54
2020-09-08,135.55,64.16
2020-09-09,137.11,65.09
2020-09-10,134.75999,64.29
2020-09-11,135.81,64.65
2020-09-14,136.67,65.07
2020-09-15,135.62,64.98
2020-09-16,134.98,64.69
2020-09-17,133.2,64.28
2020-09-18,131.47,63.69
2020-09-21,131.24001,62.83
2020-09-22,132.14999,63.2
2020-09-23,131.0,62.25
2020-09-24,131.58,62.71
2020-09-25,133.55,63.04
2020-09-28,137.97,63.75
2020-09-29,137.16,63.33
2020-09-30,138.60001,64.1
2020-10-01,140.8,64.46
2020-10-02,138.06,64.1
2020-10-05,137.92999,64.53
2020-10-06,135.7,64.11
2020-10-07,137.00999,64.8
2020-10-08,137.85001,65.23
2020-10-09,138.44,65.74
2020-10-12,142.13,66.5
2020-10-13,143.53999,66.45
2020-10-14,142.52,66.11
2020-10-15,141.42999,66.15
2020-10-16,141.73,66.17
2020-10-19,139.67999,65.31
2020-10-20,139.71001,65.24
2020-10-21,139.60001,65.3
2020-10-22,139.61,65.27
2020-10-23,139.56,65.39
2020-10-26,138.06,64.55
2020-10-27,139.12,64.38
2020-10-28,134.17,62.5
2020-10-29,133.99001,62.48
2020-10-30,133.28999,62.26
2020-11-02,135.14999,63.25
2020-11-03,137.03999,64.29
2020-11-04,137.86,64.32
2020-11-05,138.05,64.79
2020-11-06,138.38,65.09
2020-11-09,138.45,64.94
2020-11-10,141.72,66.22
2020-11-11,143.89999,66.79
2020-11-12,143.84,66.61
2020-11-13,144.71001,67.53
2020-11-16,145.75999,68.15
2020-11-17,145.24001,67.67
2020-11-18,143.38,66.74
2020-11-19,143.32001,66.92
2020-11-20,143.42,66.5
2020-11-23,143.02,66.52
2020-11-24,144.03,66.97
2020-11-25,144.16,66.93
2020-11-27,144.60001,66.92
2020-11-30,144.23,66.91
2020-12-01,146.07001,67.5
2020-12-02,144.62,66.94
2020-12-03,144.45,67.11
2020-12-04,145.85001,67.63
2020-12-07,145.37,67.37
2020-12-08,145.52,67.74
2020-12-09,145.69,67.47
2020-12-10,144.67,67.17
2020-12-11,144.97,67.32
2020-12-14,144.23,67.06
2020-12-15,144.77,67.22
2020-12-16,144.89,67.35
2020-12-17,145.71001,67.78
2020-12-18,146.92999,67.93
2020-12-21,145.39999,66.64
2020-12-22,144.02,66.17
2020-12-23,144.41,66.39
2020-12-24,145.06,66.72
2020-12-28,146.91,67.25
2020-12-29,147.42,67.05
2020-12-30,147.31,66.98
2020-12-31,148.3,67.45
2021-01-04,144.27,66.72
2021-01-05,144.7,66.72
2021-01-06,142.92999,66.77
2021-01-07,142.47,66.57
2021-01-08,144.17999,66.9
2021-01-11,142.09,66.33
2021-01-12,141.42999,66.11
2021-01-13,142.59,66.21
2021-01-14,141.75999,65.86
2021-01-15,141.39,65.63
2021-01-19,142.06,65.34
2021-01-20,141.33,65.46
2021-01-21,139.61,65.24
2021-01-22,138.59,65.07
2021-01-25,140.17999,65.72
2021-01-26,141.8,66.31
2021-01-27,138.03999,65.19
2021-01-28,139.19,65.44
2021-01-29,136.57001,64.09
2021-02-01,136.98,64.15
2021-02-02,138.38,64.58
2021-02-03,138.02,64.68
2021-02-04,139.67999,65.15
2021-02-05,140.96001,65.76
2021-02-08,140.39999,66.01
2021-02-09,139.60001,65.95
2021-02-10,137.7,65.88
2021-02-11,134.97,65.59
2021-02-12,133.87,65.69
2021-02-16,134.38,65.57
2021-02-17,134.46001,65.81
2021-02-18,135.37,65.77
2021-02-19,132.50999,64.94
2021-02-22,131.99001,65.0
2021-02-23,132.78,65.09
2021-02-24,132.09,65.05
2021-02-25,130.0,64.34
2021-02-26,129.19,63.3
2021-03-01,130.62,63.94
2021-03-02,131.07001,63.83
2021-03-03,129.14,63.53
2021-03-04,128.83,63.3
2021-03-05,133.03,64.7
2021-03-08,132.13,64.98
2021-03-09,132.25,64.92
2021-03-10,133.58,65.77
2021-03-11,133.22,65.61
2021-03-12,133.03999,66.15
2021-03-15,133.03,66.44
2021-03-16,134.00999,66.52
2021-03-17,133.62,66.42
2021-03-18,132.53,66.15
2021-03-19,134.5,66.38
2021-03-22,137.8,66.72
2021-03-23,139.46001,67.0
2021-03-24,138.81,66.74
2021-03-25,139.63,67.39
2021-03-26,142.7,68.58
2021-03-29,144.81,69.27
2021-03-30,142.53999,68.53
2021-03-31,141.45,68.31
2021-04-01,141.28,67.98
2021-04-05,143.16,68.85
2021-04-06,143.67,69.14
2021-04-07,143.41,68.97
2021-04-08,142.53999,69.04
2021-04-09,142.57001,68.92
2021-04-12,143.02,69.29
2021-04-13,143.05,68.92
2021-04-14,142.11,68.86
2021-04-15,142.31,69.41
2021-04-16,144.16,69.81
2021-04-19,144.75,69.54
2021-04-20,145.71001,69.92
2021-04-21,146.98,70.27
2021-04-22,146.07001,69.75
2021-04-23,145.83,69.57
2021-04-26,143.36,68.79
2021-04-27,142.89,68.74
2021-04-28,141.83,68.79
2021-04-29,143.94,69.52
2021-04-30,144.16,69.58
2021-05-03,145.78999,70.15
2021-05-04,143.96001,69.79
2021-05-05,143.89,69.74
2021-05-06,145.55499,70.64
2021-05-07,145.56,70.64
2021-05-10,146.72,71.18
2021-05-11,145.64999,70.56
2021-05-12,144.23,69.62
2021-05-13,146.37,70.6
2021-05-14,146.59,70.91
2021-05-17,146.17,70.81
2021-05-18,145.50999,70.59
2021-05-19,145.42999,70.36
2021-05-20,147.23,71.01
2021-05-21,147.10001,71.02
2021-05-24,147.85001,71.23
2021-05-25,148.3,71.25
2021-05-26,148.3,71.1
2021-05-27,146.50999,70.66
2021-05-28,147.94,70.81
2021-06-01,147.63,70.57
2021-06-02,148.22,70.83
2021-06-03,147.67,71.27
2021-06-04,147.84,71.52
2021-06-07,147.75,71.4
2021-06-08,146.37,70.8
2021-06-09,146.10001,70.46
2021-06-10,147.60001,70.9
2021-06-11,147.69,70.94
2021-06-14,148.57001,70.9
2021-06-15,148.58,70.73
2021-06-16,147.10001,69.79
2021-06-17,148.52,70.04
2021-06-18,145.42,68.8
2021-06-21,146.56,69.14
2021-06-22,146.78,69.24
2021-06-23,144.85001,68.81
2021-06-24,145.67,69.15
2021-06-25,146.41,69.68
2021-06-28,147.03999,69.74
2021-06-29,146.94,69.43
2021-06-30,148.17,69.97
2021-07-01,148.2,69.76
2021-07-02,148.91,69.93
2021-07-06,149.13,69.64
2021-07-07,149.78999,70.01
2021-07-08,149.86,69.75
2021-07-09,149.48,70.15
2021-07-12,149.50999,70.04
2021-07-13,152.96001,70.02
2021-07-14,154.53999,70.64
2021-07-15,155.25,70.93
2021-07-16,155.82001,71.04
2021-07-19,155.8,70.83
2021-07-20,155.82001,70.85
2021-07-21,155.24001,70.67
2021-07-22,155.19,70.55
2021-07-23,157.17999,71.4
2021-07-26,157.07001,71.52
2021-07-27,157.94,71.67
2021-07-28,156.49001,71.04
2021-07-29,156.81,71.39
2021-07-30,156.95,71.51
2021-08-02,156.32001,71.21
2021-08-03,156.67,71.53
2021-08-04,154.05,70.6
2021-08-05,154.31,70.94
2021-08-06,154.33,70.94
2021-08-09,154.35001,71.2
2021-08-10,154.42999,71.71
2021-08-11,155.03999,71.95
2021-08-12,155.07001,71.91
2021-08-13,156.52,72.51
2021-08-16,158.05,72.93
2021-08-17,157.89999,72.97
2021-08-18,156.28,72.06
2021-08-19,158.91,72.64
2021-08-20,158.35001,72.76
2021-08-23,157.85001,72.53
2021-08-24,155.89,71.98
2021-08-25,155.2,71.86
2021-08-26,154.63,71.53
2021-08-27,154.94,71.78
2021-08-30,156.0,72.1
2021-08-31,156.39,72.26
2021-09-01,157.91,72.64
2021-09-02,156.95,72.92
2021-09-03,157.09,72.83
2021-09-07,154.53,71.99
2021-09-08,156.72,72.61
2021-09-09,155.73,72.19
2021-09-10,155.46001,71.88
2021-09-13,155.75999,72.06
2021-09-14,155.14999,71.73
2021-09-15,156.02,71.99
2021-09-16,155.56,71.75
2021-09-17,154.13,71.36
2021-09-20,153.61,70.21
2021-09-21,153.53999,70.13
2021-09-22,154.00999,70.33
2021-09-23,154.13,70.59
2021-09-24,154.2,70.62
2021-09-27,152.72,70.3
2021-09-28,151.05,69.47
2021-09-29,152.3,70.1
2021-09-30,150.41,68.84
2021-10-01,150.95,69.02
2021-10-04,150.2,68.8
2021-10-05,151.09,69.15
2021-10-06,154.96001,69.82
2021-10-07,156.39,70.13
2021-10-08,156.03,70.05
2021-10-11,156.24001,70.03
2021-10-12,156.92999,70.06
2021-10-13,157.99001,70.19
2021-10-14,159.25999,70.98
2021-10-15,158.81,70.81
2021-10-18,158.09,70.39
2021-10-19,160.10001,70.42
2021-10-20,161.31,70.83
2021-10-21,159.17999,70.74
2021-10-22,159.97,71.29
2021-10-25,159.22,71.24
2021-10-26,161.17,71.49
2021-10-27,160.61,71.07
2021-10-28,161.62,71.32
2021-10-29,161.60001,71.25
2021-11-01,161.25999,71.36
2021-11-02,162.74001,71.84
2021-11-03,164.3,72.51
2021-11-04,164.31,72.58
2021-11-05,166.0,73.0
2021-11-08,162.42999,72.42
2021-11-09,163.50999,72.67
2021-11-10,164.03999,72.89
2021-11-11,162.69,72.84
2021-11-12,162.64999,72.84
2021-11-15,163.8,73.19
2021-11-16,163.31,72.73
2021-11-17,163.37,72.57
2021-11-18,163.42,72.31
2021-11-19,163.81,72.05
2021-11-22,164.14999,72.62
2021-11-23,165.25,73.1
2021-11-24,163.74001,72.88
2021-11-26,161.14,71.96
2021-11-29,164.14,72.14
2021-11-30,159.78,70.29
2021-12-01,160.16,69.95
2021-12-02,160.62,70.69
2021-12-03,164.71001,71.57
2021-12-06,166.42,72.83
2021-12-07,166.23,72.99
2021-12-08,166.52,72.76
2021-12-09,166.31,72.96
2021-12-10,168.97,74.19
2021-12-13,169.81,75.16
2021-12-14,169.39,75.21
2021-12-15,171.57001,75.97
2021-12-16,171.82001,76.51
2021-12-17,168.3,75.2
2021-12-20,169.42,74.71
2021-12-21,168.92,74.61
2021-12-22,169.97,75.08
2021-12-23,169.78,75.25
2021-12-27,171.47,76.05
2021-12-28,172.36,76.48
2021-12-29,172.97,76.83
2021-12-30,172.67,76.59
2021-12-31,173.71001,77.11
2022-01-03,172.98,77.1
2022-01-04,173.23,77.62
2022-01-05,173.82001,77.55
2022-01-06,173.86,77.34
2022-01-07,174.08,77.42
2022-01-10,174.17,76.81
2022-01-11,174.09,76.72
2022-01-12,173.89999,76.75
2022-01-13,174.17999,76.89
2022-01-14,175.64,77.03
2022-01-18,173.96001,75.92
2022-01-19,175.21001,76.4
2022-01-20,173.94,75.9
2022-01-21,174.22,75.96
2022-01-24,173.33,75.71
2022-01-25,171.34,74.87
2022-01-26,169.53,74.3
2022-01-27,169.37,74.8
2022-01-28,172.67,75.68
2022-01-31,173.52,75.97
2022-02-01,172.34,75.9
2022-02-02,175.47,76.81
2022-02-03,175.37,76.83
2022-02-04,172.49001,75.89
2022-02-07,171.81,76.03
2022-02-08,172.02,76.32
2022-02-09,171.94,76.34
2022-02-10,168.37,75.52
2022-02-11,168.58,75.25
2022-02-14,166.7,75.04
2022-02-15,165.96001,75.17
2022-02-16,166.3,75.31
2022-02-17,166.75,75.89
2022-02-18,167.71001,76.03
2022-02-22,168.35001,75.44
2022-02-23,166.69,74.83
2022-02-24,163.78999,73.54
2022-02-25,168.38,75.91
2022-02-28,163.74001,74.9
2022-03-01,162.27,74.46
2022-03-02,164.52,75.25
2022-03-03,163.27,75.86
2022-03-04,165.75,75.87
2022-03-07,162.45,74.49
2022-03-08,157.87,72.48
2022-03-09,157.39999,72.97
2022-03-10,154.50999,72.28
2022-03-11,153.73,71.44
2022-03-14,155.89,71.82
2022-03-15,159.0,73.43
2022-03-16,159.7,73.51
2022-03-17,160.94,74.02
2022-03-18,162.78999,74.19
2022-03-21,162.56,73.95
2022-03-22,164.34,74.5
2022-03-23,163.48,73.9
2022-03-24,164.47,74.42
2022-03-25,165.24001,75.04
2022-03-28,165.73,75.35
2022-03-29,168.19,76.02
2022-03-30,167.96001,76.07
2022-03-31,167.38,75.89
2022-04-01,169.75999,76.65
2022-04-04,169.32001,76.41
2022-04-05,169.5,76.48
2022-04-06,172.39,77.45
2022-04-07,172.55,78.39
2022-04-08,173.13,78.72
2022-04-11,172.60001,78.4
2022-04-12,173.3,78.42
2022-04-13,173.0,78.86
2022-04-14,171.89999,78.84
2022-04-18,170.42,78.19
2022-04-19,172.89999,79.38
2022-04-20,175.47,80.57
2022-04-21,174.84,80.5
2022-04-22,172.14999,79.24
2022-04-25,173.74001,79.59
2022-04-26,173.3,78.36
2022-04-27,174.85001,78.65
2022-04-28,177.5,79.81
2022-04-29,171.71001,77.64
2022-05-02,167.75999,76.62
2022-05-03,167.99001,76.4
2022-05-04,173.86,78.12
2022-05-05,170.39,76.64
2022-05-06,170.41,76.72
2022-05-09,171.7,76.69
2022-05-10,171.49001,76.16
2022-05-11,170.66,75.83
2022-05-12,170.39999,75.81
2022-05-13,173.72,76.95
2022-05-16,175.47,77.3
2022-05-17,174.46001,76.77
2022-05-18,163.64999,71.83
2022-05-19,161.2,70.55
2022-05-20,162.21001,70.7
2022-05-23,165.60001,72.16
2022-05-24,167.82001,73.34
2022-05-25,168.97,73.36
2022-05-26,170.11,74.14
2022-05-27,171.77,75.0
2022-05-31,167.75,74.47
2022-06-01,166.49001,73.5
2022-06-02,166.67999,74.57
2022-06-03,164.85001,73.82
2022-06-06,165.53999,73.85
2022-06-07,166.56,74.24
2022-06-08,165.73,73.33
2022-06-09,162.78,72.23
2022-06-10,162.52,71.92
2022-06-13,159.74001,70.37
2022-06-14,156.12,69.54
2022-06-15,157.78999,69.61
2022-06-16,157.03,69.08
2022-06-17,157.06,68.83
2022-06-21,160.71001,70.14
2022-06-22,162.03,70.09
2022-06-23,164.10001,71.45
2022-06-24,166.13,72.85
2022-06-27,166.35001,72.65
2022-06-28,164.00999,71.68
2022-06-29,166.73,72.13
2022-06-30,166.66,72.18
2022-07-01,169.39,73.22
2022-07-05,169.00999,72.75
2022-07-06,170.7,72.96
2022-07-07,170.36,73.03
2022-07-08,171.88,72.9
2022-07-11,170.47,72.8
2022-07-12,169.5,72.59
2022-07-13,170.10001,72.64
2022-07-14,170.98,72.7
2022-07-15,171.12,72.94
2022-07-18,168.25999,72.23
2022-07-19,170.06,72.99
2022-07-20,168.25999,72.5
2022-07-21,168.50999,72.72
2022-07-22,169.61,73.2
2022-07-25,169.85001,73.56
2022-07-26,171.83,73.39
2022-07-27,171.59,73.89
2022-07-28,174.84,75.07
2022-07-29,174.96001,74.49
2022-08-01,176.95,75.42
2022-08-02,175.49001,74.82
2022-08-03,176.83,75.31
2022-08-04,175.87,74.81
2022-08-05,174.55,74.64
2022-08-08,173.85001,74.6
2022-08-09,174.5,74.49
2022-08-10,175.94,75.04
2022-08-11,175.03999,74.86
2022-08-12,177.33,75.51
2022-08-15,179.28,76.26
2022-08-16,180.32001,77.12
2022-08-17,180.22,76.9
2022-08-18,180.39999,77.16
2022-08-19,180.17,76.91
2022-08-22,178.45,76.13
2022-08-23,178.37,75.8
2022-08-24,179.25999,75.99
2022-08-25,179.27,76.34
2022-08-26,175.03999,74.45
2022-08-29,174.49001,74.33
2022-08-30,172.99001,73.56
2022-08-31,172.27,73.11
2022-09-01,172.85001,73.52
2022-09-02,170.66,72.56
2022-09-06,169.50999,72.15
2022-09-07,173.25,73.45
2022-09-08,172.67,73.26
2022-09-09,173.22,73.98
2022-09-12,173.89999,74.27
2022-09-13,167.41,71.79
2022-09-14,168.67999,71.76
2022-09-15,165.88,71.16
2022-09-16,166.97,71.33
2022-09-19,168.73,71.34
2022-09-20,168.92,70.95
2022-09-21,168.44,70.68
2022-09-22,168.60001,70.58
2022-09-23,168.52,69.38
2022-09-26,168.45,69.43
2022-09-27,166.00999,68.23
2022-09-28,168.67,69.05
2022-09-29,166.61,67.91
2022-09-30,163.25999,66.73
2022-10-03,165.25,67.88
2022-10-04,167.11,68.91
2022-10-05,166.0,68.51
2022-10-06,162.8,67.51
2022-10-07,161.61,66.5
2022-10-10,161.82001,66.74
2022-10-11,162.59,67.29
2022-10-12,169.39,67.65
2022-10-13,174.61,68.77
2022-10-14,170.19,67.53
2022-10-17,172.73,68.26
2022-10-18,175.06,69.15
2022-10-19,173.36,68.83
2022-10-20,171.46001,67.87
2022-10-21,173.06,68.91
2022-10-24,177.67999,70.15
2022-10-25,178.27,71.07
2022-10-26,179.07001,71.54
2022-10-27,178.88,71.6
2022-10-28,182.23,73.17
2022-10-31,181.58,72.74
2022-11-01,180.75999,72.51
2022-11-02,178.24001,71.25
2022-11-03,177.78,71.01
2022-11-04,178.78,71.85
2022-11-07,180.21001,72.49
2022-11-08,180.71001,72.7
2022-11-09,178.55,71.91
2022-11-10,181.7,73.6
2022-11-11,178.05,73.52
2022-11-14,176.73,72.94
2022-11-15,177.19,73.55
2022-11-16,178.33,73.91
2022-11-17,180.03,73.89
2022-11-18,181.33,74.68
2022-11-21,184.82001,75.39
2022-11-22,184.84,75.94
2022-11-23,185.08,76.2
2022-11-25,184.11,76.25
2022-11-28,183.89,75.96
2022-11-29,182.59,75.67
2022-11-30,185.50999,77.19
2022-12-01,185.89999,76.84
2022-12-02,185.69,77.19
2022-12-05,183.12,76.22
2022-12-06,181.63,75.75
2022-12-07,182.17999,76.07
2022-12-08,183.78,76.48
2022-12-09,183.10001,75.89
2022-12-12,183.97,76.69
2022-12-13,183.87,76.58
2022-12-14,183.36,76.53
2022-12-15,180.25,75.23
2022-12-16,180.34,74.86
2022-12-19,181.34,74.28
2022-12-20,181.23,74.22
2022-12-21,182.5,74.96
2022-12-22,181.09,74.79
2022-12-23,182.25999,75.18
2022-12-27,183.07001,75.54
2022-12-28,181.75,74.6
2022-12-29,181.98,74.92
2022-12-30,180.66,74.55
2023-01-03,179.41,74.27
2023-01-04,178.97,74.56
2023-01-05,177.10001,73.81
2023-01-06,181.10001,75.78
2023-01-09,179.33,75.04
2023-01-10,177.85001,74.94
2023-01-11,178.05,74.98
2023-01-12,175.78,74.39
2023-01-13,175.24001,74.74
2023-01-17,176.06,74.79
2023-01-18,171.62,72.75
2023-01-19,169.63,72.06
2023-01-20,169.88,72.62
2023-01-23,169.12,72.85
2023-01-24,170.69,73.15
2023-01-25,171.92999,73.33
2023-01-26,170.22,73.07
2023-01-27,169.62,72.86
2023-01-30,169.48,72.95
2023-01-31,171.02,73.74
2023-02-01,171.56,74.33
2023-02-02,169.97,73.69
2023-02-03,169.12,73.4
2023-02-06,171.82001,73.49
2023-02-07,171.56,73.18
2023-02-08,171.16,72.62
2023-02-09,172.78,72.3
2023-02-10,176.2,72.97
2023-02-13,177.77,73.8
2023-02-14,175.77,73.13
2023-02-15,176.00999,73.27
2023-02-16,175.50999,72.74
2023-02-17,176.28,73.68
2023-02-21,176.17999,73.4
2023-02-22,176.12,73.29
2023-02-23,176.31,73.2
2023-02-24,175.96001,72.71
2023-02-27,175.91,72.63
2023-02-28,173.53,72.03
2023-03-01,171.33,71.5
2023-03-02,173.32001,72.48
2023-03-03,173.14999,72.54
2023-03-06,173.5,72.73
2023-03-07,172.64,72.01
2023-03-08,173.11,72.13
2023-03-09,171.8,71.46
2023-03-10,172.03,71.11
2023-03-13,173.71001,71.47
2023-03-14,173.53,72.12
2023-03-15,176.63,72.59
2023-03-16,176.50999,72.64
2023-03-17,175.13,72.11
2023-03-20,177.59,72.76
2023-03-21,178.00999,72.7
2023-03-22,176.50999,72.03
2023-03-23,175.64999,71.75
2023-03-24,179.09,72.97
2023-03-27,179.49001,73.36
2023-03-28,179.42999,73.49
2023-03-29,180.67,73.9
2023-03-30,180.83,74.11
2023-03-31,182.3,74.71
2023-04-03,182.5,75.1
2023-04-04,181.85001,74.95
2023-04-05,183.64,75.3
2023-04-06,184.36,75.36
2023-04-10,183.2,75.36
2023-04-11,182.92,75.58
2023-04-12,182.56,75.24
2023-04-13,184.38,75.66
2023-04-14,183.50999,75.18
2023-04-17,184.45,75.66
2023-04-18,184.83,75.89
2023-04-19,184.72,75.84
2023-04-20,185.33,76.02
2023-04-21,185.41,76.57
2023-04-24,185.5,76.88
2023-04-25,189.71001,76.78
2023-04-26,188.53999,76.18
2023-04-27,189.69,77.03
2023-04-28,190.89,77.44
2023-05-01,191.67999,77.5
2023-05-02,192.25,77.29
2023-05-03,192.17999,76.66
2023-05-04,193.38,76.47
2023-05-05,194.27,77.18
2023-05-08,193.35001,76.95
2023-05-09,194.14,76.71
2023-05-10,194.27,76.59
2023-05-11,195.34,76.82
2023-05-12,196.12,77.12
2023-05-15,194.27,76.93
2023-05-16,193.42999,76.28
2023-05-17,192.06,76.24
2023-05-18,191.56,75.87
2023-05-19,191.84,75.92
2023-05-22,186.64,74.77
2023-05-23,186.07001,74.22
2023-05-24,184.89,73.74
2023-05-25,183.8,73.18
2023-05-26,183.58,73.43
2023-05-30,181.61,72.59
2023-05-31,182.35001,72.67
2023-06-01,182.19,72.61
2023-06-02,184.06,73.61
2023-06-05,184.19,73.34
2023-06-06,181.56,72.97
2023-06-07,180.11,72.73
2023-06-08,182.10001,73.23
2023-06-09,182.35001,73.11
2023-06-12,181.89999,73.09
2023-06-13,181.53999,73.39
2023-06-14,183.17,73.84
2023-06-15,185.71001,74.58
2023-06-16,186.03999,74.67
2023-06-20,185.31,73.58
2023-06-21,185.42999,73.84
2023-06-22,187.35001,74.27
2023-06-23,186.07001,73.78
2023-06-26,184.89,73.88
2023-06-27,186.22,74.1
2023-06-28,183.7,73.6
2023-06-29,183.88,73.53
2023-06-30,185.22,74.17
2023-07-03,185.60001,74.75
2023-07-05,186.58,74.62
2023-07-06,186.60001,74.43
2023-07-07,183.08,73.46
2023-07-10,184.3,73.44
2023-07-11,183.98,73.55
2023-07-12,183.17,73.72
2023-07-13,187.53,74.03
2023-07-14,188.21001,74.28
2023-07-17,185.63,74.06
2023-07-18,184.45,73.98
2023-07-19,186.25999,74.73
2023-07-20,189.3,75.37
2023-07-21,190.16,75.63
2023-07-24,190.92,75.92
2023-07-25,191.36,75.9
2023-07-26,191.60001,75.99
2023-07-27,188.53,75.32
2023-07-28,190.31,76.1
2023-07-31,187.46001,75.75
2023-08-01,186.82001,75.34
2023-08-02,188.31,75.61
2023-08-03,187.12,75.4
2023-08-04,184.60001,74.65
2023-08-07,186.89,75.26
2023-08-08,184.44,74.72
2023-08-09,183.98,74.83
2023-08-10,183.75,74.68
2023-08-11,184.03999,74.8
2023-08-14,183.62,74.43
2023-08-15,181.35001,73.63
2023-08-16,181.21001,73.46
2023-08-17,178.45,72.75
2023-08-18,178.17999,73.02
2023-08-21,177.05,72.53
2023-08-22,175.7,72.12
2023-08-23,178.12,72.6
2023-08-24,177.17999,72.02
2023-08-25,179.42,72.42
2023-08-28,180.25,72.75
2023-08-29,180.92999,73.01
2023-08-30,181.08,73.13
2023-08-31,177.92,72.76
2023-09-01,175.32001,72.14
2023-09-05,174.16,71.52
2023-09-06,174.73,71.44
2023-09-07,176.39999,71.61
2023-09-08,176.27,71.7
2023-09-11,178.92999,72.32
2023-09-12,178.27,71.7
2023-09-13,179.67999,71.92
2023-09-14,181.23,72.65
2023-09-15,179.84,72.05
2023-09-18,179.38,71.54
2023-09-19,178.32001,71.37
2023-09-20,178.38,71.44
2023-09-21,175.38,70.52
2023-09-22,175.27,70.14
2023-09-25,174.33,69.89
2023-09-26,172.52,69.37
2023-09-27,169.57001,68.8
2023-09-28,169.5,69.01
2023-09-29,169.44,68.81
2023-10-02,169.17,68.34
2023-10-03,167.7,67.85
2023-10-04,168.91,68.39
2023-10-05,160.10001,67.04
2023-10-06,160.28999,66.67
2023-10-09,161.36,66.73
2023-10-10,164.39999,67.41
2023-10-11,162.62,66.95
2023-10-12,158.08,66.22
2023-10-13,160.0,66.8
2023-10-16,161.08,67.49
2023-10-17,160.37,67.78
2023-10-18,162.03,68.03
2023-10-19,160.56,67.53
2023-10-20,160.0,67.27
2023-10-23,160.08,67.14
2023-10-24,162.19,67.71
2023-10-25,162.35001,67.94
2023-10-26,161.41,67.5
2023-10-27,159.62,66.58
2023-10-30,162.28,67.62
2023-10-31,163.28,67.86
2023-11-01,164.87,67.79
2023-11-02,166.83,68.67
2023-11-03,166.78999,68.75
2023-11-06,166.7,68.86
2023-11-07,167.17999,69.03
2023-11-08,167.39,68.76
2023-11-09,166.16,68.48
2023-11-10,166.92,68.96
2023-11-13,167.77,69.18
2023-11-14,168.11,69.89
2023-11-15,167.25,70.45
2023-11-16,167.71001,69.58
2023-11-17,166.75999,69.49
2023-11-20,166.52,69.44
2023-11-21,167.8,69.65
2023-11-22,169.22,70.15
2023-11-24,169.37,70.41
2023-11-27,168.32001,70.21
2023-11-28,168.86,70.53
2023-11-29,167.16,69.96
2023-11-30,168.28999,70.66
2023-12-01,168.69,70.95
2023-12-04,169.14,71.04
2023-12-05,167.94,70.48
2023-12-06,167.50999,70.3
2023-12-07,167.46001,70.6
2023-12-08,165.67999,70.11
2023-12-11,167.82001,70.78
2023-12-12,168.47,71.01
2023-12-13,172.00999,72.3
2023-12-14,168.25,71.24
2023-12-15,167.0,71.24
2023-12-18,168.91,71.44
2023-12-19,167.95,71.58
2023-12-20,165.69,70.19
2023-12-21,166.97,70.68
2023-12-22,167.67999,71.22
2023-12-26,168.86,71.52
2023-12-27,169.39999,71.85
2023-12-28,169.39,71.88
2023-12-29,169.84,72.03
