date,PG,XLP
2010-01-04,61.12,26.67
2010-01-05,61.14,26.68
2010-01-06,60.85,26.66
2010-01-07,60.52,26.66
2010-01-08,60.44,26.57
2010-01-11,60.2,26.64
2010-01-12,60.89,26.79
2010-01-13,61.52,26.98
2010-01-14,61.58,26.9
2010-01-15,60.82,26.77
2010-01-19,61.72,26.93
2010-01-20,60.45,26.73
2010-01-21,59.84,26.35
2010-01-22,60.31,26.29
2010-01-25,60.63,26.34
2010-01-26,60.69,26.31
2010-01-27,60.81,26.37
2010-01-28,61.68,26.3
2010-01-29,61.55,26.2
2010-02-01,61.99,26.4
2010-02-02,62.9,26.78
2010-02-03,62.65,26.59
2010-02-04,61.4,26.05
2010-02-05,61.3,25.98
2010-02-08,61.01,25.95
2010-02-09,61.76,26.26
2010-02-10,61.67,26.23
2010-02-11,61.96,26.441
2010-02-12,61.76,26.44
2010-02-16,62.83,26.71
2010-02-17,62.85,26.9
2010-02-18,63.39,27.06
2010-02-19,63.45,27.12
2010-02-22,63.42,27.12
2010-02-23,63.21,26.97
2010-02-24,63.89,27.14
2010-02-25,63.7,27.16
2010-02-26,63.28,27.03
2010-03-01,63.51,27.22
2010-03-02,63.71,27.32
2010-03-03,63.55,27.33
2010-03-04,63.67,27.42
2010-03-05,63.69,27.59
2010-03-08,63.19,27.49
2010-03-09,63.3,27.45
2010-03-10,63.01,27.41
2010-03-11,63.17,27.46
2010-03-12,63.32,27.48
2010-03-15,63.7,27.689
2010-03-16,63.53,27.82
2010-03-17,64.01,27.94
2010-03-18,63.73,27.97
2010-03-19,63.84,27.77
2010-03-22,63.88,27.91
2010-03-23,64.53,28.13
2010-03-24,63.61,27.93
2010-03-25,63.62,27.89
2010-03-26,63.69,27.91
2010-03-29,63.73,28.04
2010-03-30,63.66,28.09
2010-03-31,63.27,27.93
2010-04-01,63.36,28.11
2010-04-05,63.76,28.11
2010-04-06,63.11,28.02
2010-04-07,62.5,27.84
2010-04-08,62.56,27.89
2010-04-09,62.73,28.04
2010-04-12,62.7,28.13
2010-04-13,63.0,28.04
2010-04-14,63.19,28.08
2010-04-15,63.0,28.03
2010-04-16,62.85,27.91
2010-04-19,63.22,28.02
2010-04-20,63.19,28.099
2010-04-21,63.63,28.1
2010-04-22,63.59,28.1
2010-04-23,63.54,28.03
2010-04-26,63.94,27.97
2010-04-27,63.11,27.48
2010-04-28,63.17,27.7
2010-04-29,62.2,27.79
2010-04-30,62.16,27.63
2010-05-03,62.68,27.79
2010-05-04,61.71,27.51
2010-05-05,62.16,27.61
2010-05-06,60.75,26.92
2010-05-07,60.31,26.74
2010-05-10,62.42,27.52
2010-05-11,62.37,27.51
2010-05-12,63.02,27.7
2010-05-13,62.75,27.53
2010-05-14,62.54,27.27
2010-05-17,63.38,27.56
2010-05-18,63.21,27.4
2010-05-19,63.22,27.33
2010-05-20,61.61,26.52
2010-05-21,61.85,26.62
2010-05-24,61.4,26.43
2010-05-25,61.05,26.12
2010-05-26,60.44,25.95
2010-05-27,60.95,26.48
2010-05-28,61.09,26.35
2010-06-01,61.16,26.29
2010-06-02,61.74,26.74
2010-06-03,61.8,26.78
2010-06-04,60.8,26.07
2010-06-07,60.62,25.87
2010-06-08,62.14,26.29
2010-06-09,61.47,26.24
2010-06-10,61.91,26.69
2010-06-11,61.01,26.47
2010-06-14,61.25,26.62
2010-06-15,61.91,26.89
2010-06-16,61.19,26.71
2010-06-17,61.76,26.95
2010-06-18,61.3,26.66
2010-06-21,61.1,26.59
2010-06-22,60.72,26.3
2010-06-23,61.38,26.47
2010-06-24,60.87,26.15
2010-06-25,59.79,25.88
2010-06-28,60.62,26.1
2010-06-29,60.32,25.68
2010-06-30,59.98,25.5
2010-07-01,59.54,25.55
2010-07-02,59.38,25.45
2010-07-06,59.34,25.6
2010-07-07,60.82,26.09
2010-07-08,61.95,26.48
2010-07-09,61.75,26.48
2010-07-12,62.09,26.57
2010-07-13,62.39,26.81
2010-07-14,62.66,26.82
2010-07-15,62.73,26.9
2010-07-16,61.99,26.52
2010-07-19,61.86,26.57
2010-07-20,62.07,26.89
2010-07-21,61.11,26.6
2010-07-22,61.37,26.9
2010-07-23,61.91,27.15
2010-07-26,62.52,27.29
2010-07-27,63.08,27.39
2010-07-28,62.7,27.24
2010-07-29,61.67,26.91
2010-07-30,61.16,26.98
2010-08-02,62.06,27.29
2010-08-03,59.94,27.05
2010-08-04,59.55,27.15
2010-08-05,59.86,27.03
2010-08-06,60.02,27.09
2010-08-09,60.38,27.23
2010-08-10,60.78,27.29
2010-08-11,60.27,26.84
2010-08-12,59.99,26.81
2010-08-13,59.82,26.8
2010-08-16,59.77,26.77
2010-08-17,60.29,27.03
2010-08-18,60.75,27.05
2010-08-19,60.19,26.73
2010-08-20,59.98,26.73
2010-08-23,60.03,26.79
2010-08-24,59.66,26.66
2010-08-25,59.67,26.72
2010-08-26,59.54,26.52
2010-08-27,59.8,26.69
2010-08-30,59.37,26.46
2010-08-31,59.67,26.48
2010-09-01,59.8,26.95
2010-09-02,60.07,27.12
2010-09-03,60.29,27.29
2010-09-07,60.14,27.18
2010-09-08,60.37,27.3
2010-09-09,60.29,27.39
2010-09-10,60.4,27.52
2010-09-13,60.48,27.55
2010-09-14,60.64,27.6
2010-09-15,61.11,27.79
2010-09-16,61.11,27.82
2010-09-17,60.97,27.55
2010-09-20,61.43,27.85
2010-09-21,61.52,27.8
2010-09-22,61.79,27.85
2010-09-23,61.22,27.67
2010-09-24,61.64,28.04
2010-09-27,61.04,27.88
2010-09-28,60.62,28.06
2010-09-29,60.25,27.98
2010-09-30,59.97,27.88
2010-10-01,60.16,27.93
2010-10-04,59.96,27.8475
2010-10-05,60.82,28.11
2010-10-06,60.87,28.23
2010-10-07,60.8,28.13
2010-10-08,61.86,28.19
2010-10-11,62.14,28.22
2010-10-12,62.02,28.29
2010-10-13,62.63,28.53
2010-10-14,62.8,28.54
2010-10-15,62.76,28.61
2010-10-18,63.35,28.71
2010-10-19,63.18,28.36
2010-10-20,63.37,28.61
2010-10-21,63.51,28.71
2010-10-22,63.4,28.81
2010-10-25,63.54,28.88
2010-10-26,62.86,28.72
2010-10-27,63.08,28.57
2010-10-28,63.19,28.67
2010-10-29,63.57,28.77
2010-11-01,63.62,28.65
2010-11-02,64.02,28.82
2010-11-03,64.31,28.91
2010-11-04,65.0,29.26
2010-11-05,65.0,29.11
2010-11-08,64.75,29.06
2010-11-09,64.81,28.91
2010-11-10,64.57,28.82
2010-11-11,64.36,28.85
2010-11-12,64.33,28.71
2010-11-15,64.29,28.72
2010-11-16,63.45,28.4
2010-11-17,63.27,28.41
2010-11-18,64.02,28.79
2010-11-19,64.05,28.81
2010-11-22,63.56,28.81
2010-11-23,62.61,28.47
2010-11-24,62.6,28.69
2010-11-26,62.13,28.5
2010-11-29,62.13,28.45
2010-11-30,61.07,28.32
2010-12-01,62.15,28.78
2010-12-02,62.36,28.8
2010-12-03,62.33,28.81
2010-12-06,62.06,28.74
2010-12-07,62.15,28.9
2010-12-08,62.63,29.01
2010-12-09,62.87,29.09
2010-12-10,63.2,29.14
2010-12-13,63.19,29.14
2010-12-14,63.55,29.28
2010-12-15,63.64,29.31
2010-12-16,64.5,29.5675
2010-12-17,64.81,29.36
2010-12-20,64.97,29.33
2010-12-21,64.87,29.26
2010-12-22,64.95,29.3875
2010-12-23,65.24,29.4
2010-12-27,64.67,29.26
2010-12-28,64.76,29.34
2010-12-29,64.4,29.35
2010-12-30,64.28,29.3
2010-12-31,64.33,29.31
2011-01-03,64.77,29.35
2011-01-04,64.95,29.27
2011-01-05,64.8,29.28
2011-01-06,64.69,29.18
2011-01-07,64.5,29.0325
2011-01-10,64.36,29.0525
2011-01-11,64.04,29.03
2011-01-12,64.97,29.27
2011-01-13,65.48,29.33
2011-01-14,65.53,29.33
2011-01-18,65.5,29.3475
2011-01-19,65.35,29.29
2011-01-20,65.8,29.44
2011-01-21,65.91,29.49
2011-01-24,66.58,29.54
2011-01-25,66.7,29.635
2011-01-26,66.11,29.56
2011-01-27,64.18,29.26
2011-01-28,64.2,28.98
2011-01-31,63.13,28.88
2011-02-01,62.92,29.09
2011-02-02,62.79,28.98
2011-02-03,62.9,29.13
2011-02-04,63.61,29.3
2011-02-07,64.55,29.34
2011-02-08,64.64,29.48
2011-02-09,64.39,29.53
2011-02-10,64.58,29.42
2011-02-11,64.73,29.58
2011-02-14,64.54,29.45
2011-02-15,63.92,29.44
2011-02-16,63.76,29.52
2011-02-17,64.0,29.72
2011-02-18,64.3,29.8
2011-02-22,64.07,29.59
2011-02-23,64.15,29.52
2011-02-24,63.05,29.4
2011-02-25,62.84,29.55
2011-02-28,63.05,29.72
2011-03-01,62.74,29.49
2011-03-02,62.41,29.41
2011-03-03,62.55,29.71
2011-03-04,62.03,29.58
2011-03-07,61.71,29.5
2011-03-08,62.05,29.76
2011-03-09,62.0,29.91
2011-03-10,61.49,29.71
2011-03-11,61.49,29.73
2011-03-14,61.35,29.52
2011-03-15,60.66,29.26
2011-03-16,59.73,28.8425
2011-03-17,60.43,28.98
2011-03-18,60.6,29.05
2011-03-21,61.3,29.41
2011-03-22,60.93,29.37
2011-03-23,60.91,29.42
2011-03-24,61.14,29.69
2011-03-25,60.88,29.69
2011-03-28,60.66,29.68
2011-03-29,61.28,29.82
2011-03-30,61.97,29.98
2011-03-31,61.6,29.92
2011-04-01,62.08,30.07
2011-04-04,62.26,30.13
2011-04-05,61.67,30.16
2011-04-06,61.76,30.3
2011-04-07,62.13,30.34
2011-04-08,61.9,30.25
2011-04-11,62.19,30.41
2011-04-12,62.89,30.51
2011-04-13,62.99,30.53
2011-04-14,63.3,30.71
2011-04-15,64.18,30.84
2011-04-18,64.0,30.67
2011-04-19,63.86,30.73
2011-04-20,63.72,30.89
2011-04-21,63.27,30.9
2011-04-25,63.37,30.82
2011-04-26,63.83,31.03
2011-04-27,64.02,31.23
2011-04-28,64.5,31.43
2011-04-29,64.9,31.52
2011-05-02,65.18,31.56
2011-05-03,65.71,31.64
2011-05-04,66.47,31.6
2011-05-05,65.88,31.36
2011-05-06,65.27,31.44
2011-05-09,65.14,31.55
2011-05-10,65.73,31.74
2011-05-11,65.92,31.68
2011-05-12,66.84,32.15
2011-05-13,66.86,32.11
2011-05-16,66.94,32.12
2011-05-17,67.42,32.19
2011-05-18,67.38,32.24
2011-05-19,67.46,32.42
2011-05-20,67.36,32.32
2011-05-23,67.05,32.098
2011-05-24,67.01,32.07
2011-05-25,66.38,31.86
2011-05-26,66.19,31.91
2011-05-27,66.2,32.04
2011-05-31,67.0,32.31
2011-06-01,66.4,31.98
2011-06-02,66.01,31.61
2011-06-03,65.43,31.31
2011-06-06,65.5,31.15
2011-06-07,65.06,31.08
2011-06-08,64.85,31.1
2011-06-09,65.01,31.27
2011-06-10,64.7,30.91
2011-06-13,64.77,31.05
2011-06-14,64.76,31.38
2011-06-15,63.76,30.91
2011-06-16,64.26,31.16
2011-06-17,64.69,31.135
2011-06-20,65.09,31.37
2011-06-21,64.22,31.34
2011-06-22,64.06,31.14
2011-06-23,63.46,30.86
2011-06-24,62.59,30.61
2011-06-27,62.82,30.75
2011-06-28,62.72,30.81
2011-06-29,62.55,30.99
2011-06-30,63.57,31.23
2011-07-01,64.27,31.47
2011-07-05,64.26,31.46
2011-07-06,64.7,31.63
2011-07-07,64.95,31.85
2011-07-08,64.93,31.74
2011-07-11,64.72,31.51
2011-07-12,64.53,31.41
2011-07-13,64.64,31.41
2011-07-14,64.6,31.27
2011-07-15,64.83,31.36
2011-07-18,64.55,31.16
2011-07-19,64.61,31.59
2011-07-20,64.2,31.54
2011-07-21,64.49,31.8
2011-07-22,64.25,31.74
2011-07-25,63.31,31.45
2011-07-26,63.09,31.37
2011-07-27,62.2,31.03
2011-07-28,61.92,31.029
2011-07-29,61.49,30.83
2011-08-01,61.43,30.72
2011-08-02,60.87,30.32
2011-08-03,60.73,30.44
2011-08-04,59.58,29.49
2011-08-05,60.59,29.91
2011-08-08,59.29,28.78
2011-08-09,60.22,29.48
2011-08-10,58.51,28.35
2011-08-11,60.45,29.19
2011-08-12,61.14,29.54
2011-08-15,61.88,29.96
2011-08-16,61.62,30.03
2011-08-17,61.67,30.23
2011-08-18,60.86,29.69
2011-08-19,60.96,29.55
2011-08-22,61.71,29.64
2011-08-23,63.02,30.25
2011-08-24,63.31,30.38
2011-08-25,62.53,29.915
2011-08-26,62.57,30.17
2011-08-29,63.09,30.71
2011-08-30,63.5,30.79
2011-08-31,63.68,30.89
2011-09-01,63.26,30.78
2011-09-02,62.55,30.34
2011-09-06,62.38,30.22
2011-09-07,62.72,30.76
2011-09-08,62.91,30.68
2011-09-09,61.84,30.0
2011-09-12,61.83,30.03
2011-09-13,61.94,30.14
2011-09-14,62.34,30.5
2011-09-15,62.78,30.86
2011-09-16,64.33,30.84
2011-09-19,63.81,30.58
2011-09-20,64.08,30.64
2011-09-21,63.02,30.01
2011-09-22,61.17,29.44
2011-09-23,61.25,29.5
2011-09-26,62.54,30.07
2011-09-27,63.26,30.25
2011-09-28,62.73,29.68
2011-09-29,63.7,29.97
2011-09-30,63.18,29.66
2011-10-03,62.84,29.23
2011-10-04,63.37,29.51
2011-10-05,63.34,29.55
2011-10-06,63.61,29.9
2011-10-07,63.91,30.07
2011-10-10,64.8,30.54
2011-10-11,64.57,30.48
2011-10-12,64.89,30.72
2011-10-13,64.65,30.63
2011-10-14,64.89,30.87
2011-10-17,64.26,30.66
2011-10-18,64.92,30.89
2011-10-19,64.75,30.8
2011-10-20,65.09,30.97
2011-10-21,66.26,31.47
2011-10-24,65.37,31.25
2011-10-25,64.51,30.88
2011-10-26,64.95,31.19
2011-10-27,65.26,31.59
2011-10-28,64.73,31.51
2011-10-31,63.99,31.04
2011-11-01,62.71,30.5
2011-11-02,62.86,30.79
2011-11-03,63.21,31.17
2011-11-04,63.03,30.99
2011-11-07,63.46,31.25
2011-11-08,64.21,31.56
2011-11-09,62.72,30.82
2011-11-10,63.24,31.12
2011-11-11,63.89,31.48
2011-11-14,63.05,31.21
2011-11-15,63.56,31.36
2011-11-16,63.28,31.08
2011-11-17,62.94,30.97
2011-11-18,63.24,31.06
2011-11-21,61.66,30.56
2011-11-22,61.69,30.59
2011-11-23,61.06,30.26
2011-11-25,61.0,30.37
2011-11-28,62.24,30.85
2011-11-29,62.53,31.17
2011-11-30,64.57,31.9
2011-12-01,64.08,31.85
2011-12-02,64.66,31.74
2011-12-05,64.84,31.93
2011-12-06,64.84,31.97
2011-12-07,65.23,32.05
2011-12-08,64.47,31.68
2011-12-09,64.97,32.01
2011-12-12,64.31,31.72
2011-12-13,64.73,31.65
2011-12-14,64.45,31.49
2011-12-15,64.99,31.81
2011-12-16,65.14,31.49
2011-12-19,64.95,31.36
2011-12-20,65.79,32.01
2011-12-21,66.0,32.35
2011-12-22,66.19,32.34
2011-12-23,66.67,32.57
2011-12-27,66.79,32.63
2011-12-28,66.54,32.47
2011-12-29,66.97,32.64
2011-12-30,66.71,32.49
2012-01-03,66.83,32.46
2012-01-04,66.8,32.39
2012-01-05,66.52,32.37
2012-01-06,66.36,32.16
2012-01-09,66.64,32.21
2012-01-10,66.33,32.32
2012-01-11,65.68,32.18
2012-01-12,65.81,32.17
2012-01-13,65.81,32.14
2012-01-17,66.26,32.26
2012-01-18,66.03,32.33
2012-01-19,66.08,32.39
2012-01-20,66.23,32.4
2012-01-23,65.0,32.37
2012-01-24,64.5,32.19
2012-01-25,64.98,32.56
2012-01-26,64.8,32.44
2012-01-27,64.3,32.22
2012-01-30,63.21,32.01
2012-01-31,63.04,32.03
2012-02-01,63.21,32.26
2012-02-02,63.32,32.38
2012-02-03,62.77,32.48
2012-02-06,63.51,32.46
2012-02-07,63.7,32.49
2012-02-08,63.64,32.5
2012-02-09,64.04,32.68
2012-02-10,63.88,32.61
2012-02-13,64.23,32.75
2012-02-14,64.48,32.83
2012-02-15,64.55,32.82
2012-02-16,65.2,33.03
2012-02-17,64.91,33.06
2012-02-21,64.42,32.87
2012-02-22,64.44,32.78
2012-02-23,66.42,32.95
2012-02-24,66.71,33.06
2012-02-27,66.7,33.06
2012-02-28,67.39,33.17
2012-02-29,67.62,33.23
2012-03-01,66.66,33.18
2012-03-02,66.67,33.21
2012-03-05,66.95,33.36
2012-03-06,66.84,33.08
2012-03-07,66.58,33.13
2012-03-08,66.9,33.36
2012-03-09,66.93,33.47
2012-03-12,67.71,33.59
2012-03-13,67.9,33.84
2012-03-14,67.85,33.74
2012-03-15,67.68,33.8
2012-03-16,67.25,33.6
2012-03-19,67.21,33.62
2012-03-20,67.21,33.6
2012-03-21,67.2,33.65
2012-03-22,67.52,33.68
2012-03-23,67.43,33.76
2012-03-26,67.46,33.99
2012-03-27,67.15,33.97
2012-03-28,67.19,33.89
2012-03-29,67.01,33.875
2012-03-30,67.21,34.08
2012-04-02,67.56,34.35
2012-04-03,67.09,34.16
2012-04-04,67.26,34.05
2012-04-05,67.31,34.05
2012-04-09,66.81,33.74
2012-04-10,66.35,33.44
2012-04-11,66.44,33.605
2012-04-12,66.09,33.635
2012-04-13,65.81,33.63
2012-04-16,66.78,33.77
2012-04-17,67.02,34.11
2012-04-18,66.75,34.12
2012-04-19,66.57,34.0
2012-04-20,67.51,34.31
2012-04-23,66.65,33.78
2012-04-24,67.0,33.79
2012-04-25,66.89,34.01
2012-04-26,66.87,34.32
2012-04-27,64.44,34.27
2012-04-30,63.64,34.18
2012-05-01,63.57,34.27
2012-05-02,63.98,34.3
2012-05-03,64.51,34.35
2012-05-04,64.28,34.08
2012-05-07,64.25,34.13
2012-05-08,64.16,34.05
2012-05-09,63.67,33.88
2012-05-10,64.14,34.12
2012-05-11,63.68,34.03
2012-05-14,63.58,33.89
2012-05-15,63.72,33.85
2012-05-16,64.29,33.96
2012-05-17,63.96,33.72
2012-05-18,63.52,33.52
2012-05-21,63.39,33.65
2012-05-22,63.15,33.69
2012-05-23,62.39,33.6
2012-05-24,62.57,33.92
2012-05-25,62.49,33.89
2012-05-29,62.95,34.13
2012-05-30,62.32,33.85
2012-05-31,62.29,33.78
2012-06-01,61.55,33.16
2012-06-04,61.4,33.27
2012-06-05,61.165,33.23
2012-06-06,61.8,33.68
2012-06-07,62.76,33.8
2012-06-08,62.75,34.09
2012-06-11,62.54,33.93
2012-06-12,62.76,34.09
2012-06-13,62.57,34.045
2012-06-14,63.18,34.51
2012-06-15,62.88,34.33
2012-06-18,62.29,34.42
2012-06-19,62.21,34.39
2012-06-20,60.39,34.21
2012-06-21,59.75,33.805
2012-06-22,59.83,33.91
2012-06-25,59.31,33.7
2012-06-26,59.27,33.78
2012-06-27,59.98,33.98
2012-06-28,60.29,34.13
2012-06-29,61.25,34.77
2012-07-02,61.19,34.965
2012-07-03,61.36,35.13
2012-07-05,61.35,35.0
2012-07-06,61.28,34.96
2012-07-09,61.55,34.92
2012-07-10,61.73,34.96
2012-07-11,61.4,34.91
2012-07-12,63.7,34.94
2012-07-13,65.09,35.33
2012-07-16,64.81,35.15
2012-07-17,65.35,35.3
2012-07-18,64.82,35.31
2012-07-19,64.92,35.26
2012-07-20,64.73,35.045
2012-07-23,64.39,34.74
2012-07-24,64.02,34.63
2012-07-25,64.02,34.64
2012-07-26,64.56,35.21
2012-07-27,65.09,35.61
2012-07-30,65.1,35.79
2012-07-31,64.54,35.63
2012-08-01,64.01,35.45
2012-08-02,63.51,35.16
2012-08-03,65.5,35.75
2012-08-06,65.81,35.73
2012-08-07,66.22,35.54
2012-08-08,66.72,35.79
2012-08-09,66.73,35.64
2012-08-10,66.77,35.63
2012-08-13,66.48,35.62
2012-08-14,66.73,35.76
2012-08-15,66.64,35.78
2012-08-16,67.0,35.87
2012-08-17,67.0,35.9
2012-08-20,66.75,35.9
2012-08-21,66.77,35.68
2012-08-22,66.85,35.57
2012-08-23,66.68,35.29
2012-08-24,67.02,35.6
2012-08-27,67.11,35.65
2012-08-28,66.99,35.67
2012-08-29,66.87,35.59
2012-08-30,66.88,35.45
2012-08-31,67.19,35.46
2012-09-04,67.4,35.67
2012-09-05,67.29,35.61
2012-09-06,68.24,36.05
2012-09-07,68.52,35.76
2012-09-10,68.51,35.72
2012-09-11,68.26,35.61
2012-09-12,68.1,35.42
2012-09-13,68.91,36.05
2012-09-14,69.16,35.78
2012-09-17,69.25,35.88
2012-09-18,69.22,36.08
2012-09-19,69.26,36.18
2012-09-20,69.56,36.38
2012-09-21,69.42,35.96
2012-09-24,69.76,36.08
2012-09-25,69.59,35.83
2012-09-26,69.3,35.825
2012-09-27,69.3,35.95
2012-09-28,69.36,35.825
2012-10-01,69.45,36.06
2012-10-02,68.79,36.09
2012-10-03,69.17,36.2
2012-10-04,69.38,36.37
2012-10-05,69.63,36.51
2012-10-08,69.1,36.4
2012-10-09,68.7,36.05
2012-10-10,68.14,35.9
2012-10-11,68.0,35.82
2012-10-12,67.94,35.85
2012-10-15,68.71,36.09
2012-10-16,69.0,36.18
2012-10-17,69.47,36.335
2012-10-18,69.47,36.14
2012-10-19,68.57,35.71
2012-10-22,68.5,35.73
2012-10-23,67.44,35.25
2012-10-24,68.08,35.25
2012-10-25,70.07,35.47
2012-10-26,69.44,35.35
2012-10-31,69.24,35.39
2012-11-01,69.25,35.41
2012-11-02,69.19,35.2
2012-11-05,68.67,35.14
2012-11-06,68.93,35.4
2012-11-07,68.06,34.9802
2012-11-08,66.91,34.6
2012-11-09,67.01,34.6
2012-11-12,67.08,34.6
2012-11-13,66.85,34.58
2012-11-14,66.53,34.2
2012-11-15,66.32,34.19
2012-11-16,66.82,34.41
2012-11-19,67.92,34.97
2012-11-20,68.3,35.1
2012-11-21,68.47,35.15
2012-11-23,69.59,35.67
2012-11-26,69.48,35.41
2012-11-27,68.99,35.38
2012-11-28,69.44,35.72
2012-11-29,69.5,35.91
2012-11-30,69.83,36.04
2012-12-03,69.58,35.8995
2012-12-04,69.31,35.825
2012-12-05,69.41,35.89
2012-12-06,69.95,35.93
2012-12-07,70.29,36.18
2012-12-10,70.22,36.14
2012-12-11,70.66,36.16
2012-12-12,70.76,36.08
2012-12-13,70.13,36.02
2012-12-14,69.93,35.96
2012-12-17,69.93,36.04
2012-12-18,69.97,36.03
2012-12-19,69.34,35.67
2012-12-20,69.82,35.87
2012-12-21,68.72,35.17
2012-12-24,68.52,35.06
2012-12-26,68.0,34.76
2012-12-27,67.97,34.82
2012-12-28,67.15,34.45
2012-12-31,67.89,34.9
2013-01-02,69.39,35.8
2013-01-03,68.95,35.71
2013-01-04,69.09,35.81
2013-01-07,68.62,35.57
2013-01-08,68.51,35.47
2013-01-09,68.88,35.55
2013-01-10,69.27,35.76
2013-01-11,69.22,35.92
2013-01-14,69.63,36.03
2013-01-15,69.88,36.14
2013-01-16,69.34,36.09
2013-01-17,69.67,36.33
2013-01-18,69.94,36.48
2013-01-22,69.95,36.49
2013-01-23,70.69,36.48
2013-01-24,70.42,36.58
2013-01-25,73.25,36.76
2013-01-28,73.77,36.79
2013-01-29,75.0,36.99
2013-01-30,75.08,36.92
2013-01-31,75.16,36.87
2013-02-01,75.92,37.17
2013-02-04,75.25,36.82
2013-02-05,75.7,37.26
2013-02-06,76.15,37.31
2013-02-07,76.15,37.51
2013-02-08,75.75,37.48
2013-02-11,75.81,37.48
2013-02-12,75.98,37.44
2013-02-13,76.56,37.48
2013-02-14,76.78,37.558
2013-02-15,76.54,37.61
2013-02-19,77.38,37.99
2013-02-20,77.08,37.92
2013-02-21,77.04,38.04
2013-02-22,76.99,38.26
2013-02-25,75.92,37.74
2013-02-26,76.08,37.83
2013-02-27,76.75,38.11
2013-02-28,76.18,38.09
2013-03-01,76.49,38.22
2013-03-04,76.68,38.51
2013-03-05,77.05,38.64
2013-03-06,77.2,38.55
2013-03-07,76.9,38.55
2013-03-08,77.18,38.62
2013-03-11,77.35,38.66
2013-03-12,77.17,38.62
2013-03-13,76.8,38.72
2013-03-14,77.39,38.85
2013-03-15,76.34,38.485
2013-03-18,76.16,38.37
2013-03-19,77.11,38.69
2013-03-20,77.58,39.06
2013-03-21,77.21,38.94
2013-03-22,77.27,39.3
2013-03-25,76.68,39.27
2013-03-26,77.4,39.64
2013-03-27,77.06,39.61
2013-03-28,77.06,39.77
2013-04-01,77.7,39.75
2013-04-02,78.96,40.18
2013-04-03,78.12,39.74
2013-04-04,78.54,39.95
2013-04-05,78.23,39.66
2013-04-08,78.79,40.11
2013-04-09,78.26,40.07
2013-04-10,79.24,40.37
2013-04-11,79.67,40.565
2013-04-12,80.08,40.71
2013-04-15,79.65,40.06
2013-04-16,80.1,40.81
2013-04-17,79.06,40.46
2013-04-18,79.87,40.38
2013-04-19,81.43,41.01
2013-04-22,81.4,41.11
2013-04-23,82.54,41.43
2013-04-24,77.12,40.77
2013-04-25,76.58,40.9
2013-04-26,77.1,40.89
2013-04-29,77.68,41.02
2013-04-30,76.77,40.94
2013-05-01,76.99,40.9
2013-05-02,77.76,41.05
2013-05-03,78.19,41.23
2013-05-06,77.75,40.93
2013-05-07,77.94,41.2401
2013-05-08,78.44,41.29
2013-05-09,78.21,41.0
2013-05-10,78.76,41.16
2013-05-13,78.59,41.23
2013-05-14,79.47,41.72
2013-05-15,80.68,42.135
2013-05-16,80.2,41.8768
2013-05-17,80.02,41.94
2013-05-20,79.09,41.51
2013-05-21,78.8,41.55
2013-05-22,78.82,41.48
2013-05-23,78.7,41.31
2013-05-24,81.88,41.7
2013-05-28,80.86,41.77
2013-05-29,78.9,40.97
2013-05-30,79.09,40.81
2013-05-31,76.76,40.05
2013-06-03,77.66,40.49
2013-06-04,77.37,40.5
2013-06-05,76.66,40.01
2013-06-06,76.82,40.18
2013-06-07,77.75,40.68
2013-06-10,78.07,40.68
2013-06-11,78.12,40.58
2013-06-12,77.6,40.38
2013-06-13,78.43,40.8
2013-06-14,78.03,40.7
2013-06-17,78.96,41.06
2013-06-18,79.04,41.21
2013-06-19,77.61,40.39
2013-06-20,75.25,39.17
2013-06-21,77.43,39.43
2013-06-24,76.58,39.265
2013-06-25,76.69,39.33
2013-06-26,77.4,39.74
2013-06-27,77.67,39.92
2013-06-28,76.99,39.67
2013-07-01,78.02,39.96
2013-07-02,78.44,40.01
2013-07-03,78.57,39.93
2013-07-05,78.34,40.03
2013-07-08,78.76,40.43
2013-07-09,79.57,40.73
2013-07-10,79.8,40.78
2013-07-11,80.77,41.42
2013-07-12,81.55,41.43
2013-07-15,81.51,41.49
2013-07-16,80.97,41.34
2013-07-17,80.09,41.42
2013-07-18,80.3,41.56
2013-07-19,81.37,41.8
2013-07-22,81.22,41.71
2013-07-23,80.95,41.63
2013-07-24,80.27,41.36
2013-07-25,80.41,41.58
2013-07-26,80.39,41.53
2013-07-29,80.09,41.44
2013-07-30,80.44,41.4
2013-07-31,80.3,41.39
2013-08-01,81.64,41.73
2013-08-02,81.29,41.75
2013-08-05,81.4,41.78
2013-08-06,81.74,41.73
2013-08-07,81.96,41.53
2013-08-08,82.17,41.75
2013-08-09,81.64,41.57
2013-08-12,81.62,41.45
2013-08-13,81.66,41.48
2013-08-14,81.25,41.19
2013-08-15,80.48,40.53
2013-08-16,79.9,40.29
2013-08-19,79.59,40.11
2013-08-20,79.53,40.12
2013-08-21,79.38,39.81
2013-08-22,79.77,39.98
2013-08-23,80.01,40.21
2013-08-26,78.54,39.74
2013-08-27,77.97,39.528
2013-08-28,76.85,39.23
2013-08-29,77.31,39.39
2013-08-30,77.89,39.51
2013-09-03,77.75,39.48
2013-09-04,77.49,39.725
2013-09-05,77.14,39.67
2013-09-06,77.15,39.77
2013-09-09,78.16,40.05
2013-09-10,77.95,40.09
2013-09-11,78.27,40.375
2013-09-12,78.26,40.39
2013-09-13,79.05,40.72
2013-09-16,80.16,41.09
2013-09-17,79.83,41.23
2013-09-18,80.295,41.72
2013-09-19,80.12,41.53
2013-09-20,79.39,40.98
2013-09-23,79.28,40.8
2013-09-24,78.62,40.61
2013-09-25,77.72,40.269
2013-09-26,78.05,40.48
2013-09-27,77.21,40.23
2013-09-30,75.59,39.8
2013-10-01,76.16,40.04
2013-10-02,75.93,39.955
2013-10-03,75.84,39.75
2013-10-04,76.02,39.81
2013-10-07,75.65,39.68
2013-10-08,76.33,39.68
2013-10-09,76.95,39.71
2013-10-10,77.89,40.45
2013-10-11,78.48,40.57
2013-10-14,78.74,40.74
2013-10-15,77.6,40.37
2013-10-16,78.34,40.97
2013-10-17,79.42,41.43
2013-10-18,79.41,41.49
2013-10-21,78.97,41.4
2013-10-22,80.38,41.92
2013-10-23,80.91,42.0
2013-10-24,80.61,41.92
2013-10-25,80.0,42.02
2013-10-28,81.3,42.57
2013-10-29,82.46,42.94
2013-10-30,81.52,42.57
2013-10-31,80.75,42.345
2013-11-01,81.15,42.51
2013-11-04,81.33,42.55
2013-11-05,81.43,42.63
2013-11-06,82.81,43.09
2013-11-07,82.32,42.46
2013-11-08,82.51,42.67
2013-11-11,82.26,42.535
2013-11-12,82.8,42.61
2013-11-13,83.5,42.97
2013-11-14,84.32,43.28
2013-11-15,84.84,43.33
2013-11-18,84.57,43.195
2013-11-19,84.34,43.04
2013-11-20,84.69,42.86
2013-11-21,84.67,42.935
2013-11-22,84.95,43.16
2013-11-25,85.41,43.09
2013-11-26,84.64,43.05
2013-11-27,84.28,43.08
2013-11-29,84.22,43.01
2013-12-02,83.34,42.78
2013-12-03,83.83,42.99
2013-12-04,83.35,42.89
2013-12-05,82.69,42.5
2013-12-06,84.52,43.08
2013-12-09,84.78,43.23
2013-12-10,83.65,42.86
2013-12-11,84.02,42.93
2013-12-12,82.3,42.34
2013-12-13,82.37,42.27
2013-12-16,81.69,42.26
2013-12-17,80.91,42.06
2013-12-18,82.38,42.76
2013-12-19,81.9,42.68
2013-12-20,81.84,42.55
2013-12-23,81.31,42.51
2013-12-24,81.31,42.57
2013-12-26,81.76,42.74
2013-12-27,82.01,42.84
2013-12-30,82.0,42.95
2013-12-31,81.41,42.98
2014-01-02,80.54,42.45
2014-01-03,80.45,42.37
2014-01-06,80.64,42.21
2014-01-07,81.42,42.44
2014-01-08,80.24,42.12
2014-01-09,80.42,42.34
2014-01-10,80.3,42.4
2014-01-13,80.01,42.16
2014-01-14,80.87,42.38
2014-01-15,80.79,42.39
2014-01-16,80.56,42.4
2014-01-17,79.88,42.07
2014-01-21,80.18,42.23
2014-01-22,79.23,42.23
2014-01-23,78.24,41.86
2014-01-24,79.18,41.48
2014-01-27,78.47,41.31
2014-01-28,79.11,41.63
2014-01-29,77.64,40.9
2014-01-30,76.87,40.96
2014-01-31,76.62,40.76
2014-02-03,75.7,39.88
2014-02-04,76.09,40.09
2014-02-05,76.45,40.12
2014-02-06,76.9,40.55
2014-02-07,77.31,40.93
2014-02-10,78.03,41.09
2014-02-11,78.84,41.57
2014-02-12,77.49,41.39
2014-02-13,77.8,41.6
2014-02-14,79.4,41.84
2014-02-18,77.97,41.6
2014-02-19,78.14,41.51
2014-02-20,77.92,41.69
2014-02-21,77.97,41.6
2014-02-24,77.86,41.75
2014-02-25,78.12,41.91
2014-02-26,77.86,41.87
2014-02-27,78.19,42.06
2014-02-28,78.66,42.35
2014-03-03,77.48,42.12
2014-03-04,78.45,42.69
2014-03-05,77.82,42.55
2014-03-06,78.06,42.54
2014-03-07,78.38,42.66
2014-03-10,78.53,42.7
2014-03-11,78.95,42.68
2014-03-12,79.24,42.77
2014-03-13,79.19,42.56
2014-03-14,78.98,42.58
2014-03-17,79.84,42.83
2014-03-18,79.77,42.92
2014-03-19,78.78,42.59
2014-03-20,78.32,42.74
2014-03-21,77.88,42.5
2014-03-24,79.3,42.46
2014-03-25,79.81,42.77
2014-03-26,79.5,42.67
2014-03-27,79.65,42.64
2014-03-28,79.76,42.75
2014-03-31,80.6,43.06
2014-04-01,80.34,42.99
2014-04-02,80.13,43.04
2014-04-03,80.1,43.09
2014-04-04,79.77,42.95
2014-04-07,80.49,42.99
2014-04-08,81.35,43.21
2014-04-09,81.49,43.4
2014-04-10,81.09,42.97
2014-04-11,80.76,42.75
2014-04-14,80.81,43.09
2014-04-15,80.84,43.2
2014-04-16,81.65,43.62
2014-04-17,81.76,43.63
2014-04-21,81.56,43.65
2014-04-22,81.25,43.63
2014-04-23,80.36,43.56
2014-04-24,81.15,43.73
2014-04-25,81.41,43.79
2014-04-28,82.94,44.29
2014-04-29,82.44,44.1
2014-04-30,82.55,44.24
2014-05-01,82.34,44.2
2014-05-02,81.92,44.2
2014-05-05,81.7,44.1
2014-05-06,81.13,43.82
2014-05-07,82.09,44.24
2014-05-08,82.16,44.3
2014-05-09,82.39,44.51
2014-05-12,81.73,44.55
2014-05-13,81.61,44.64
2014-05-14,81.17,44.4
2014-05-15,80.53,44.01
2014-05-16,80.33,44.28
2014-05-19,79.93,44.19
2014-05-20,80.23,44.03
2014-05-21,80.49,44.28
2014-05-22,80.65,44.21
2014-05-23,80.52,44.28
2014-05-27,80.08,44.4
2014-05-28,80.1,44.34
2014-05-29,80.4,44.69
2014-05-30,80.79,45.04
2014-06-02,80.36,44.93
2014-06-03,79.93,44.77
2014-06-04,79.86,44.93
2014-06-05,80.11,45.11
2014-06-06,80.03,45.23
2014-06-09,80.09,45.16
2014-06-10,80.15,45.16
2014-06-11,80.06,45.04
2014-06-12,79.76,44.72
2014-06-13,79.64,44.71
2014-06-16,79.69,44.88
2014-06-17,79.58,44.88
2014-06-18,79.79,45.41
2014-06-19,80.24,45.67
2014-06-20,79.93,45.22
2014-06-23,79.52,44.97
2014-06-24,79.01,44.81
2014-06-25,79.32,44.74
2014-06-26,78.62,44.58
2014-06-27,79.02,44.655
2014-06-30,78.59,44.62
2014-07-01,79.28,44.72
2014-07-02,79.56,44.84
2014-07-03,79.98,45.09
2014-07-07,80.19,45.16
2014-07-08,80.56,45.07
2014-07-09,81.67,45.27
2014-07-10,81.61,45.2
2014-07-11,81.16,45.26
2014-07-14,81.32,45.42
2014-07-15,81.26,45.02
2014-07-16,80.94,45.03
2014-07-17,80.4,44.75
2014-07-18,80.55,45.2
2014-07-21,80.28,44.99
2014-07-22,80.1,44.91
2014-07-23,79.99,44.85
2014-07-24,80.26,44.97
2014-07-25,79.56,44.79
2014-07-28,79.26,44.56
2014-07-29,78.65,44.36
2014-07-30,78.16,43.89
2014-07-31,77.32,43.1399
2014-08-01,79.65,43.47
2014-08-04,79.22,43.61
2014-08-05,79.41,43.42
2014-08-06,81.09,43.79
2014-08-07,80.14,43.43
2014-08-08,80.95,43.87
2014-08-11,81.48,44.18
2014-08-12,81.42,44.15
2014-08-13,81.48,44.28
2014-08-14,81.95,44.46
2014-08-15,81.78,44.52
2014-08-18,82.44,44.78
2014-08-19,82.69,44.9
2014-08-20,82.81,44.87
2014-08-21,83.28,44.95
2014-08-22,83.39,44.84
2014-08-25,83.54,45.09
2014-08-26,83.38,45.06
2014-08-27,83.31,45.08
2014-08-28,83.03,45.1
2014-08-29,83.11,45.13
2014-09-02,82.98,45.15
2014-09-03,82.9,45.18
2014-09-04,83.7,45.32
2014-09-05,83.77,45.58
2014-09-08,83.32,45.24
2014-09-09,82.99,45.13
2014-09-10,83.64,45.35
2014-09-11,83.49,45.37
2014-09-12,83.26,45.05
2014-09-15,83.87,45.27
2014-09-16,84.08,45.61
2014-09-17,84.16,45.51
2014-09-18,84.19,45.6
2014-09-19,84.47,45.43
2014-09-22,84.81,45.35
2014-09-23,84.44,44.95
2014-09-24,85.24,45.53
2014-09-25,84.33,44.93
2014-09-26,84.58,45.1
2014-09-29,84.44,45.09
2014-09-30,83.74,45.11
2014-10-01,83.14,44.825
2014-10-02,83.05,44.91
2014-10-03,83.79,45.44
2014-10-06,83.57,45.46
2014-10-07,83.16,45.19
2014-10-08,84.18,45.85
2014-10-09,83.66,45.39
2014-10-10,84.69,45.61
2014-10-13,83.37,44.98
2014-10-14,83.55,44.96
2014-10-15,82.95,44.42
2014-10-16,82.24,44.09
2014-10-17,83.27,44.63
2014-10-20,84.18,45.27
2014-10-21,84.61,45.46
2014-10-22,84.23,45.56
2014-10-23,83.23,45.53
2014-10-24,85.16,45.91
2014-10-27,85.95,46.02
2014-10-28,86.47,46.2
2014-10-29,86.54,46.12
2014-10-30,86.94,46.41
2014-10-31,87.27,46.71
2014-11-03,87.38,46.89
2014-11-04,88.64,47.14
2014-11-05,89.0,47.47
2014-11-06,88.9,47.57
2014-11-07,89.13,47.74
2014-11-10,89.45,47.95
2014-11-11,89.67,47.86
2014-11-12,89.48,47.86
2014-11-13,88.6,48.03
2014-11-14,88.11,47.76
2014-11-17,87.84,48.08
2014-11-18,87.95,48.26
2014-11-19,88.73,48.46
2014-11-20,88.47,48.25
2014-11-21,88.6,48.45
2014-11-24,88.11,48.42
2014-11-25,88.8,48.46
2014-11-26,88.88,48.68
2014-11-28,90.43,49.3
2014-12-01,90.08,48.975
2014-12-02,91.07,49.15
2014-12-03,90.0,48.8
2014-12-04,90.58,48.76
2014-12-05,90.38,48.85
2014-12-08,90.76,48.75
2014-12-09,90.71,48.59
2014-12-10,90.0,48.13
2014-12-11,90.41,48.53
2014-12-12,89.55,47.91
2014-12-15,89.2,47.59
2014-12-16,89.36,47.41
2014-12-17,90.7,48.1
2014-12-18,92.0,49.02
2014-12-19,92.05,48.62
2014-12-22,92.6,49.09
2014-12-23,93.29,49.43
2014-12-24,93.14,49.38
2014-12-26,93.46,49.46
2014-12-29,92.64,49.31
2014-12-30,92.4,49.09
2014-12-31,91.09,48.49
2015-01-02,90.44,48.35
2015-01-05,90.01,48.01
2015-01-06,89.6,47.95
2015-01-07,90.07,48.77
2015-01-08,91.1,49.51
2015-01-09,90.25,49.11
2015-01-12,89.92,48.96
2015-01-13,90.3,48.95
2015-01-14,89.99,48.8
2015-01-15,89.86,48.88
2015-01-16,91.25,49.27
2015-01-20,91.19,49.47
2015-01-21,90.73,49.71
2015-01-22,91.62,50.21
2015-01-23,90.08,49.65
2015-01-26,89.58,49.65
2015-01-27,86.49,49.08
2015-01-28,85.15,48.51
2015-01-29,85.67,48.9
2015-01-30,84.29,48.02
2015-02-02,85.12,48.59
2015-02-03,85.95,49.02
2015-02-04,85.79,49.04
2015-02-05,86.7,49.29
2015-02-06,85.61,49.07
2015-02-09,85.05,48.7
2015-02-10,85.39,49.27
2015-02-11,85.64,49.5
2015-02-12,86.03,49.73
2015-02-13,85.9,49.5
2015-02-17,85.49,49.51
2015-02-18,86.26,49.78
2015-02-19,85.21,49.46
2015-02-20,84.87,49.6
2015-02-23,85.39,49.74
2015-02-24,85.5,49.91
2015-02-25,85.46,49.74
2015-02-26,85.17,49.81
2015-02-27,85.13,50.01
2015-03-02,85.41,50.1
2015-03-03,85.16,49.91
2015-03-04,84.35,49.56
2015-03-05,84.63,49.73
2015-03-06,82.66,48.76
2015-03-09,83.09,49.03
2015-03-10,81.54,48.33
2015-03-11,81.39,47.96
2015-03-12,82.09,48.66
2015-03-13,81.83,48.28
2015-03-16,83.56,48.87
2015-03-17,82.85,48.52
2015-03-18,83.75,48.85
2015-03-19,83.38,48.63
2015-03-20,84.74,48.94
2015-03-23,84.86,49.02
2015-03-24,83.92,48.74
2015-03-25,83.01,48.62
2015-03-26,82.15,48.41
2015-03-27,82.31,48.71
2015-03-30,82.72,49.2
2015-03-31,81.94,48.74
2015-04-01,82.32,48.8
2015-04-02,82.43,49.13
2015-04-06,83.04,49.52
2015-04-07,82.39,49.29
2015-04-08,82.77,49.37
2015-04-09,82.89,49.51
2015-04-10,83.35,49.6
2015-04-13,83.43,49.37
2015-04-14,83.6,49.48
2015-04-15,83.51,49.34
2015-04-16,83.5,49.52
2015-04-17,82.53,49.06
2015-04-20,82.87,49.23
2015-04-21,83.08,49.32
2015-04-22,83.09,49.35
2015-04-23,80.95,49.18
2015-04-24,81.0,49.19
2015-04-27,80.6,48.92
2015-04-28,80.42,48.97
2015-04-29,79.85,48.53
2015-04-30,79.51,48.37
2015-05-01,80.29,48.81
2015-05-04,80.35,48.88
2015-05-05,80.07,48.49
2015-05-06,80.4,48.64
2015-05-07,80.2,48.76
2015-05-08,80.96,49.17
2015-05-11,80.27,48.97
2015-05-12,79.95,48.86
2015-05-13,79.7,48.84
2015-05-14,80.57,49.59
2015-05-15,81.05,49.75
2015-05-18,80.74,49.59
2015-05-19,80.83,49.46
2015-05-20,80.48,49.35
2015-05-21,80.41,49.46
2015-05-22,79.95,49.25
2015-05-26,79.14,48.86
2015-05-27,79.39,49.17
2015-05-28,79.33,49.1
2015-05-29,78.39,48.79
2015-06-01,78.85,48.79
2015-06-02,78.54,48.66
2015-06-03,78.56,48.63
2015-06-04,78.15,48.28
2015-06-05,77.43,47.59
2015-06-08,77.71,47.57
2015-06-09,78.9,47.8
2015-06-10,79.54,48.27
2015-06-11,79.41,48.25
2015-06-12,78.87,48.06
2015-06-15,78.12,47.71
2015-06-16,79.1,48.23
2015-06-17,80.08,48.49
2015-06-18,80.82,49.03
2015-06-19,80.54,48.66
2015-06-22,80.45,48.85
2015-06-23,79.79,48.64
2015-06-24,79.51,48.42
2015-06-25,79.39,48.33
2015-06-26,79.34,48.43
2015-06-29,78.32,47.68
2015-06-30,78.24,47.6
2015-07-01,79.72,48.21
2015-07-02,79.93,48.17
2015-07-06,80.05,48.13
2015-07-07,81.72,49.12
2015-07-08,80.99,48.57
2015-07-09,80.66,48.61
2015-07-10,80.95,49.18
2015-07-13,81.91,49.64
2015-07-14,82.04,49.72
2015-07-15,82.15,49.59
2015-07-16,82.3,50.1
2015-07-17,82.24,50.07
2015-07-20,82.19,50.16
2015-07-21,81.63,50.04
2015-07-22,80.83,50.15
2015-07-23,80.7,49.96
2015-07-24,80.29,49.68
2015-07-27,79.97,49.65
2015-07-28,80.23,50.21
2015-07-29,80.62,50.38
2015-07-30,77.39,50.21
2015-07-31,76.7,50.31
2015-08-03,76.4,50.38
2015-08-04,75.91,50.38
2015-08-05,75.77,50.82
2015-08-06,75.74,50.44
2015-08-07,75.48,50.16
2015-08-10,76.38,50.35
2015-08-11,76.22,50.17
2015-08-12,76.39,50.2
2015-08-13,75.78,50.0
2015-08-14,75.62,50.16
2015-08-17,75.53,50.21
2015-08-18,75.13,49.96
2015-08-19,74.12,49.5
2015-08-20,73.91,49.05
2015-08-21,71.84,47.71
2015-08-24,69.14,46.05
2015-08-25,68.42,45.7
2015-08-26,70.9,47.05
2015-08-27,71.48,47.74
2015-08-28,71.21,47.64
2015-08-31,70.67,47.31
2015-09-01,68.9,46.34
2015-09-02,69.81,46.97
2015-09-03,69.93,47.29
2015-09-04,68.76,46.52
2015-09-08,69.98,47.49
2015-09-09,68.48,46.71
2015-09-10,68.32,46.79
2015-09-11,68.42,47.1
2015-09-14,68.06,46.95
2015-09-15,69.45,47.51
2015-09-16,70.1,48.05
2015-09-17,70.24,48.05
2015-09-18,69.94,47.19
2015-09-21,70.65,47.54
2015-09-22,70.19,47.02
2015-09-23,70.26,47.1
2015-09-24,71.36,47.18
2015-09-25,72.67,47.48
2015-09-28,71.77,46.78
2015-09-29,72.28,46.76
2015-09-30,71.94,47.19
2015-10-01,71.95,47.19
2015-10-02,72.42,47.84
2015-10-05,73.22,48.66
2015-10-06,73.4,48.33
2015-10-07,73.72,48.77
2015-10-08,74.4,49.35
2015-10-09,74.48,49.46
2015-10-12,74.33,49.59
2015-10-13,74.11,49.29
2015-10-14,74.21,48.72
2015-10-15,74.27,49.16
2015-10-16,74.9,49.63
2015-10-19,75.16,49.85
2015-10-20,74.43,49.82
2015-10-21,73.59,49.83
2015-10-22,74.85,50.82
2015-10-23,77.03,50.74
2015-10-26,77.49,50.64
2015-10-27,77.29,50.71
2015-10-28,76.51,50.42
2015-10-29,77.02,50.44
2015-10-30,76.38,49.88
2015-11-02,76.6,50.18
2015-11-03,77.05,49.94
2015-11-04,77.06,49.73
2015-11-05,76.39,49.72
2015-11-06,75.57,49.18
2015-11-09,75.4,48.85
2015-11-10,75.77,48.98
2015-11-11,75.96,48.91
2015-11-12,74.66,48.25
2015-11-13,73.96,47.83
2015-11-16,75.3,48.65
2015-11-17,75.07,48.63
2015-11-18,75.9,49.3
2015-11-19,76.22,49.429
2015-11-20,75.82,49.08
2015-11-23,75.97,49.51
2015-11-24,76.45,49.64
2015-11-25,75.9,49.77
2015-11-27,75.7,49.96
2015-11-30,74.84,49.42
2015-12-01,75.94,49.84
2015-12-02,75.79,49.59
2015-12-03,75.74,49.33
2015-12-04,77.83,50.44
2015-12-07,78.37,50.58
2015-12-08,77.75,50.45
2015-12-09,77.7,49.97
2015-12-10,77.79,50.03
2015-12-11,77.78,49.48
2015-12-14,78.29,49.97
2015-12-15,79.68,50.29
2015-12-16,80.99,51.26
2015-12-17,80.29,50.6
2015-12-18,78.13,49.34
2015-12-21,78.95,49.9
2015-12-22,79.6,50.55
2015-12-23,79.92,50.92
2015-12-24,79.79,50.87
2015-12-28,79.92,50.8
2015-12-29,80.36,51.24
2015-12-30,80.07,51.06
2015-12-31,79.41,50.49
2016-01-04,78.37,49.85
2016-01-05,78.62,50.17
2016-01-06,77.86,50.0
2016-01-07,77.18,49.4
2016-01-08,75.97,49.02
2016-01-11,76.67,49.48
2016-01-12,76.51,49.75
2016-01-13,75.85,48.84
2016-01-14,76.15,49.07
2016-01-15,74.98,48.3
2016-01-19,76.73,48.88
2016-01-20,75.83,48.27
2016-01-21,76.72,48.46
2016-01-22,77.36,49.29
2016-01-25,76.85,48.85
2016-01-26,78.81,49.29
2016-01-27,78.8,49.25
2016-01-28,79.82,49.75
2016-01-29,81.69,50.76
2016-02-01,81.12,50.93
2016-02-02,80.22,50.28
2016-02-03,81.1,50.17
2016-02-04,80.7,49.71
2016-02-05,81.2,49.63
2016-02-08,82.62,49.5
2016-02-09,82.64,49.83
2016-02-10,81.62,49.77
2016-02-11,79.9,49.37
2016-02-12,80.99,50.07
2016-02-16,81.47,50.47
2016-02-17,82.45,50.99
2016-02-18,81.98,50.76
2016-02-19,81.79,50.84
2016-02-22,82.13,51.09
2016-02-23,81.81,51.08
2016-02-24,81.56,51.24
2016-02-25,82.34,51.82
2016-02-26,81.1,51.09
2016-02-29,80.29,50.92
2016-03-01,81.23,51.41
2016-03-02,82.55,51.56
2016-03-03,82.84,51.82
2016-03-04,83.49,52.04
2016-03-07,83.1,51.72
2016-03-08,83.06,51.87
2016-03-09,82.96,52.26
2016-03-10,82.28,52.28
2016-03-11,81.75,52.45
2016-03-14,81.17,52.42
2016-03-15,81.31,52.55
2016-03-16,81.34,52.67
2016-03-17,82.75,52.99
2016-03-18,83.15,52.65
2016-03-21,83.32,52.68
2016-03-22,82.74,52.37
2016-03-23,82.82,52.38
2016-03-24,82.89,52.32
2016-03-28,82.62,52.6
2016-03-29,82.8,52.99
2016-03-30,82.68,53.34
2016-03-31,82.31,53.06
2016-04-01,83.53,53.62
2016-04-04,83.21,53.64
2016-04-05,83.16,53.28
2016-04-06,83.81,53.7
2016-04-07,83.24,53.12
2016-04-08,83.2,53.41
2016-04-11,82.73,53.03
2016-04-12,82.83,53.36
2016-04-13,82.46,52.95
2016-04-14,82.01,52.71
2016-04-15,82.3,53.035
2016-04-18,82.83,53.34
2016-04-19,83.28,53.31
2016-04-20,81.55,52.59
2016-04-21,80.8,51.77
2016-04-22,80.95,51.96
2016-04-25,81.41,52.32
2016-04-26,79.55,52.11
2016-04-27,79.89,52.36
2016-04-28,79.76,52.41
2016-04-29,80.12,52.3
2016-05-02,80.97,52.9
2016-05-03,81.1,52.8
2016-05-04,81.6,52.96
2016-05-05,81.3,52.97
2016-05-06,82.13,53.24
2016-05-09,82.12,53.53
2016-05-10,82.48,54.06
2016-05-11,82.15,53.63
2016-05-12,82.41,53.92
2016-05-13,81.23,53.24
2016-05-16,81.63,53.58
2016-05-17,80.62,52.53
2016-05-18,79.85,51.92
2016-05-19,80.19,52.43
2016-05-20,80.02,52.16
2016-05-23,80.2,52.21
2016-05-24,80.97,52.65
2016-05-25,81.48,52.73
2016-05-26,81.22,52.94
2016-05-27,81.43,53.0
2016-05-31,81.04,52.66
2016-06-01,81.79,53.2
2016-06-02,81.95,53.22
2016-06-03,82.47,53.56
2016-06-06,82.77,53.62
2016-06-07,82.32,53.56
2016-06-08,82.65,53.88
2016-06-09,83.17,54.09
2016-06-10,83.2,54.13
2016-06-13,82.57,53.68
2016-06-14,83.35,53.89
2016-06-15,82.95,53.73
2016-06-16,83.41,54.01
2016-06-17,83.13,53.47
2016-06-20,83.04,53.64
2016-06-21,83.41,53.78
2016-06-22,83.57,53.81
2016-06-23,84.21,54.14
2016-06-24,82.26,53.1
2016-06-27,81.23,52.985
2016-06-28,82.46,53.32
2016-06-29,83.91,53.94
2016-06-30,84.67,55.15
2016-07-01,84.78,54.89
2016-07-05,85.44,55.2
2016-07-06,85.03,55.25
2016-07-07,84.83,55.1408
2016-07-08,85.77,55.69
2016-07-11,85.75,55.7
2016-07-12,85.75,55.4
2016-07-13,85.89,55.71
2016-07-14,85.87,55.7
2016-07-15,86.01,55.7
2016-07-18,85.93,55.64
2016-07-19,86.17,55.6
2016-07-20,85.32,55.4
2016-07-21,85.26,55.24
2016-07-22,85.72,55.5
2016-07-25,85.8,55.44
2016-07-26,85.27,55.01
2016-07-27,84.46,54.19
2016-07-28,84.81,54.43
2016-07-29,85.59,54.7
2016-08-01,86.41,54.76
2016-08-02,86.76,54.68
2016-08-03,85.97,54.38
2016-08-04,86.05,54.5
2016-08-05,85.78,54.59
2016-08-08,85.76,54.53
2016-08-09,85.99,54.7
2016-08-10,86.31,54.9
2016-08-11,86.73,54.9
2016-08-12,87.04,55.09
2016-08-15,87.02,54.95
2016-08-16,86.58,54.71
2016-08-17,86.96,54.86
2016-08-18,87.44,55.05
2016-08-19,87.31,54.92
2016-08-22,86.85,55.0
2016-08-23,87.4,54.89
2016-08-24,87.31,54.8
2016-08-25,87.9,54.59
2016-08-26,87.58,54.31
2016-08-29,88.3,54.63
2016-08-30,87.54,54.31
2016-08-31,87.31,54.38
2016-09-01,88.31,54.4
2016-09-02,88.2,54.82
2016-09-06,88.64,54.9392
2016-09-07,87.95,54.46
2016-09-08,87.78,54.16
2016-09-09,86.24,52.69
2016-09-12,88.25,53.68
2016-09-13,87.05,53.02
2016-09-14,87.01,52.86
2016-09-15,88.06,53.29
2016-09-16,88.05,52.79
2016-09-19,88.37,52.68
2016-09-20,88.58,52.82
2016-09-21,87.8,53.11
2016-09-22,88.99,53.58
2016-09-23,87.76,53.34
2016-09-26,87.85,52.89
2016-09-27,88.36,53.11
2016-09-28,89.46,53.2
2016-09-29,88.23,52.68
2016-09-30,89.75,53.21
2016-10-03,88.66,52.87
2016-10-04,88.35,52.42
2016-10-05,88.85,52.37
2016-10-06,89.22,52.47
2016-10-07,90.0,52.33
2016-10-10,89.06,52.33
2016-10-11,88.54,52.06
2016-10-12,88.57,52.35
2016-10-13,88.24,52.36
2016-10-14,88.43,52.37
2016-10-17,87.83,52.12
2016-10-18,87.45,52.28
2016-10-19,85.54,51.98
2016-10-20,84.93,51.95
2016-10-21,84.33,52.23
2016-10-24,84.1,52.57
2016-10-25,86.97,52.76
2016-10-26,87.4,52.69
2016-10-27,86.58,52.45
2016-10-28,86.84,52.67
2016-10-31,86.8,52.8
2016-11-01,86.85,52.57
2016-11-02,86.74,52.44
2016-11-03,86.6,52.08
2016-11-04,85.08,51.61
2016-11-07,86.56,52.48
2016-11-08,87.46,52.7
2016-11-09,85.93,51.98
2016-11-10,82.96,50.59
2016-11-11,83.58,50.54
2016-11-14,83.0,50.45
2016-11-15,83.62,50.76
2016-11-16,83.19,50.77
2016-11-17,83.07,50.68
2016-11-18,82.0,50.5
2016-11-21,82.64,50.84
2016-11-22,82.76,51.1
2016-11-23,82.68,50.82
2016-11-25,83.46,51.22
2016-11-28,83.07,51.33
2016-11-29,82.89,51.4
2016-11-30,82.46,50.58
2016-12-01,81.86,50.25
2016-12-02,82.4,50.57
2016-12-05,82.99,50.63
2016-12-06,82.91,50.78
2016-12-07,84.18,51.51
2016-12-08,83.5,51.3
2016-12-09,84.37,52.04
2016-12-12,85.13,52.25
2016-12-13,85.18,52.49
2016-12-14,84.37,51.92
2016-12-15,84.68,52.14
2016-12-16,84.68,52.05
2016-12-19,84.71,52.15
2016-12-20,84.57,52.05
2016-12-21,84.28,52.04
2016-12-22,84.47,51.96
2016-12-23,84.96,52.06
2016-12-27,84.6,52.05
2016-12-28,84.07,51.73
2016-12-29,84.35,51.97
2016-12-30,84.08,51.71
2017-01-03,84.2,51.9
2017-01-04,84.5,51.9
2017-01-05,85.06,52.07
2017-01-06,85.03,52.12
2017-01-09,84.4,51.7
2017-01-10,83.49,51.44
2017-01-11,83.75,51.54
2017-01-12,83.84,51.49
2017-01-13,84.01,51.52
2017-01-17,85.21,52.25
2017-01-18,84.93,52.43
2017-01-19,84.7,52.24
2017-01-20,87.45,52.58
2017-01-23,86.96,52.56
2017-01-24,87.86,52.91
2017-01-25,87.16,52.9
2017-01-26,86.6,52.67
2017-01-27,86.72,52.38
2017-01-30,86.75,52.34
2017-01-31,87.6,52.59
2017-02-01,87.33,52.18
2017-02-02,87.76,52.66
2017-02-03,87.41,53.0
2017-02-06,87.4,52.71
2017-02-07,88.01,53.14
2017-02-08,88.33,53.36
2017-02-09,88.67,53.58
2017-02-10,87.97,53.62
2017-02-13,88.31,53.62
2017-02-14,87.86,53.63
2017-02-15,91.12,54.12
2017-02-16,90.79,54.19
2017-02-17,91.09,54.46
2017-02-21,91.67,54.95
2017-02-22,91.44,54.96
2017-02-23,91.13,55.09
2017-02-24,91.05,55.28
2017-02-27,90.89,55.03
2017-02-28,91.07,55.1
2017-03-01,91.66,55.36
2017-03-02,90.91,55.35
2017-03-03,90.5,55.14
2017-03-06,90.37,54.9
2017-03-07,90.29,54.83
2017-03-08,90.14,54.71
2017-03-09,90.34,54.8
2017-03-10,91.07,55.05
2017-03-13,91.31,55.09
2017-03-14,91.0,54.93
2017-03-15,91.4,55.34
2017-03-16,91.44,55.42
2017-03-17,91.0,54.98
2017-03-20,91.22,55.0771
2017-03-21,91.19,55.04
2017-03-22,90.99,54.93
2017-03-23,90.77,54.81
2017-03-24,90.57,54.7
2017-03-27,90.49,54.65
2017-03-28,90.76,54.75
2017-03-29,90.6,54.85
2017-03-30,90.2,54.74
2017-03-31,89.85,54.58
2017-04-03,89.68,54.49
2017-04-04,89.91,54.65
2017-04-05,89.97,54.55
2017-04-06,89.4,54.55
2017-04-07,89.23,54.7
2017-04-10,89.49,54.86
2017-04-11,89.8,54.88
2017-04-12,90.31,55.09
2017-04-13,90.03,54.84
2017-04-17,90.39,55.23
2017-04-18,90.8,55.48
2017-04-19,89.6,55.27
2017-04-20,89.33,55.16
2017-04-21,88.62,55.0
2017-04-24,89.55,55.5
2017-04-25,90.0,55.72
2017-04-26,87.74,55.27
2017-04-27,87.69,55.2
2017-04-28,87.33,55.18
2017-05-01,87.09,54.97
2017-05-02,86.22,54.6
2017-05-03,86.43,54.65
2017-05-04,86.45,55.07
2017-05-05,86.5,55.22
2017-05-08,86.55,55.2
2017-05-09,86.4,55.0
2017-05-10,86.49,55.04
2017-05-11,86.17,55.12
2017-05-12,86.19,54.96
2017-05-15,86.33,55.14
2017-05-16,86.24,55.09
2017-05-17,86.26,55.01
2017-05-18,85.87,55.05
2017-05-19,86.24,55.35
2017-05-22,86.21,55.66
2017-05-23,86.08,55.72
2017-05-24,86.5,55.94
2017-05-25,86.86,56.29
2017-05-26,87.25,56.5
2017-05-30,87.4,56.48
2017-05-31,88.09,56.64
2017-06-01,88.13,57.1
2017-06-02,88.59,57.27
2017-06-05,88.74,57.33
2017-06-06,88.8,57.19
2017-06-07,88.77,57.17
2017-06-08,87.85,56.74
2017-06-09,88.16,56.67
2017-06-12,88.24,56.66
2017-06-13,88.06,56.75
2017-06-14,88.44,57.11
2017-06-15,89.38,56.98
2017-06-16,89.66,55.95
2017-06-19,89.86,56.22
2017-06-20,89.63,56.0
2017-06-21,89.4,55.84
2017-06-22,89.03,55.47
2017-06-23,89.42,55.49
2017-06-26,89.36,55.71
2017-06-27,88.61,55.23
2017-06-28,88.37,55.43
2017-06-29,86.99,54.84
2017-06-30,87.15,54.94
2017-07-03,87.74,54.89
2017-07-05,87.67,54.85
2017-07-06,87.37,54.54
2017-07-07,87.65,54.51
2017-07-10,87.09,54.13
2017-07-11,86.77,53.98
2017-07-12,86.96,54.28
2017-07-13,86.7,54.29
2017-07-14,87.1,54.72
2017-07-17,87.55,54.78
2017-07-18,88.64,54.78
2017-07-19,88.35,54.98
2017-07-20,88.6,54.99
2017-07-21,88.61,55.08
2017-07-24,88.18,54.9
2017-07-25,89.14,55.28
2017-07-26,89.3,55.27
2017-07-27,90.68,55.81
2017-07-28,90.21,55.34
2017-07-31,90.82,55.32
2017-08-01,91.1,55.26
2017-08-02,91.04,55.22
2017-08-03,90.86,55.17
2017-08-04,90.67,55.02
2017-08-07,91.44,55.43
2017-08-08,91.58,55.22
2017-08-09,91.92,55.31
2017-08-10,91.74,55.08
2017-08-11,91.34,55.12
2017-08-14,91.65,55.39
2017-08-15,92.2,55.67
2017-08-16,92.44,55.86
2017-08-17,92.07,55.35
2017-08-18,92.47,55.2
2017-08-21,92.86,55.4
2017-08-22,92.79,55.41
2017-08-23,92.44,55.25
2017-08-24,92.27,54.49
2017-08-25,92.51,54.67
2017-08-28,92.47,54.51
2017-08-29,92.32,54.7
2017-08-30,91.87,54.69
2017-08-31,92.27,54.71
2017-09-01,92.53,54.97
2017-09-05,92.72,55.05
2017-09-06,92.72,55.28
2017-09-07,92.97,55.36
2017-09-08,92.84,55.09
2017-09-11,93.99,55.43
2017-09-12,93.51,55.55
2017-09-13,93.55,55.58
2017-09-14,93.55,55.47
2017-09-15,93.27,55.22
2017-09-18,93.15,55.3
2017-09-19,94.17,55.13
2017-09-20,94.4,54.6
2017-09-21,92.64,54.08
2017-09-22,92.24,53.92
2017-09-25,92.72,54.31
2017-09-26,92.65,54.44
2017-09-27,90.87,54.02
2017-09-28,90.89,54.02
2017-09-29,90.98,53.98
2017-10-02,91.77,53.88
2017-10-03,92.12,53.94
2017-10-04,92.42,54.11
2017-10-05,92.03,54.35
2017-10-06,92.33,53.81
2017-10-09,92.12,53.66
2017-10-10,91.62,54.13
2017-10-11,91.46,54.24
2017-10-12,92.15,54.47
2017-10-13,93.04,54.57
2017-10-16,93.14,54.59
2017-10-17,92.8,54.39
2017-10-18,92.77,54.32
2017-10-19,91.59,54.03
2017-10-20,88.25,53.9
2017-10-23,87.3,53.86
2017-10-24,86.98,53.67
2017-10-25,86.86,53.52
2017-10-26,87.5,53.56
2017-10-27,87.04,53.1
2017-10-30,86.27,52.65
2017-10-31,86.34,53.09
2017-11-01,86.89,53.26
2017-11-02,86.51,53.13
2017-11-03,86.58,53.14
2017-11-06,86.05,52.57
2017-11-07,86.98,53.16
2017-11-08,87.58,53.74
2017-11-09,87.78,53.73
2017-11-10,88.16,54.28
2017-11-13,89.0,54.59
2017-11-14,88.87,54.78
2017-11-15,88.23,54.2
2017-11-16,89.25,54.95
2017-11-17,88.43,54.76
2017-11-20,88.27,54.7
2017-11-21,88.72,54.88
2017-11-22,88.33,54.81
2017-11-24,88.45,54.77
2017-11-27,88.96,54.8
2017-11-28,89.4,55.25
2017-11-29,89.38,55.54
2017-11-30,89.99,56.05
2017-12-01,90.36,56.19
2017-12-04,91.41,56.72
2017-12-05,91.4,56.63
2017-12-06,91.25,56.99
2017-12-07,90.1,56.44
2017-12-08,90.37,56.59
2017-12-11,90.23,56.58
2017-12-12,89.85,56.59
2017-12-13,90.88,56.91
2017-12-14,91.0,56.66
2017-12-15,91.89,56.88
2017-12-18,91.88,56.85
2017-12-19,91.68,56.92
2017-12-20,91.53,56.82
2017-12-21,91.67,56.78
2017-12-22,92.13,56.87
2017-12-26,92.48,57.0
2017-12-27,92.1,56.99
2017-12-28,92.07,56.9
2017-12-29,91.88,56.89
2018-01-02,90.65,56.54
2018-01-03,90.54,56.52
2018-01-04,91.18,56.68
2018-01-05,91.24,56.93
2018-01-08,91.72,57.07
2018-01-09,91.05,56.99
2018-01-10,90.47,56.71
2018-01-11,90.15,56.63
2018-01-12,89.61,56.65
2018-01-16,90.22,56.91
2018-01-17,91.2,57.56
2018-01-18,90.18,57.39
2018-01-19,91.07,58.03
2018-01-22,91.89,58.47
2018-01-23,89.05,58.28
2018-01-24,88.31,58.4
2018-01-25,88.34,58.43
2018-01-26,87.73,58.71
2018-01-29,86.86,58.48
2018-01-30,86.95,58.09
2018-01-31,86.34,57.82
2018-02-01,85.85,57.57
2018-02-02,84.25,56.47
2018-02-05,81.06,54.42
2018-02-06,82.38,55.02
2018-02-07,81.84,54.78
2018-02-08,80.22,53.6
2018-02-09,79.92,53.71
2018-02-12,81.33,54.26
2018-02-13,81.5,54.51
2018-02-14,80.68,54.48
2018-02-15,82.41,55.38
2018-02-16,82.6,55.6
2018-02-20,81.34,54.34
2018-02-21,80.24,53.69
2018-02-22,80.84,53.83
2018-02-23,81.05,54.35
2018-02-26,81.63,54.69
2018-02-27,80.54,53.97
2018-02-28,78.52,53.41
2018-03-01,78.7,53.29
2018-03-02,79.5,53.74
2018-03-05,80.29,54.21
2018-03-06,80.02,54.25
2018-03-07,79.16,53.76
2018-03-08,79.97,54.25
2018-03-09,80.29,54.6
2018-03-12,79.86,54.5
2018-03-13,79.72,54.46
2018-03-14,79.0,53.91
2018-03-15,78.67,53.53
2018-03-16,78.97,53.25
2018-03-19,78.66,52.73
2018-03-20,78.31,52.58
2018-03-21,77.04,51.93
2018-03-22,76.41,51.5
2018-03-23,75.91,50.86
2018-03-26,76.41,51.59
2018-03-27,77.79,51.56
2018-03-28,78.84,52.27
2018-03-29,79.28,52.63
2018-04-02,77.4,51.34
2018-04-03,78.46,52.02
2018-04-04,79.05,52.83
2018-04-05,78.8,52.96
2018-04-06,78.43,52.42
2018-04-09,78.16,52.39
2018-04-10,78.37,52.51
2018-04-11,78.27,52.41
2018-04-12,77.79,52.33
2018-04-13,78.37,52.59
2018-04-16,78.61,53.16
2018-04-17,78.43,53.28
2018-04-18,78.2,52.88
2018-04-19,74.95,51.35
2018-04-20,73.8,50.49
2018-04-23,73.0,50.43
2018-04-24,72.5,50.11
2018-04-25,72.3,50.2
2018-04-26,72.75,50.5
2018-04-27,72.81,50.77
2018-04-30,72.34,50.45
2018-05-01,71.96,50.01
2018-05-02,70.94,49.03
2018-05-03,71.36,48.98
2018-05-04,72.43,49.69
2018-05-07,71.98,49.38
2018-05-08,71.44,49.18
2018-05-09,72.37,49.25
2018-05-10,73.15,49.54
2018-05-11,73.37,49.54
2018-05-14,73.28,49.52
2018-05-15,72.95,49.33
2018-05-16,73.53,49.68
2018-05-17,73.96,49.85
2018-05-18,73.45,49.54
2018-05-21,74.06,49.75
2018-05-22,74.03,49.66
2018-05-23,74.18,49.84
2018-05-24,73.77,49.8
2018-05-25,74.31,49.88
2018-05-29,74.05,49.77
2018-05-30,74.89,50.47
2018-05-31,73.17,49.66
2018-06-01,73.45,49.66
2018-06-04,74.18,50.07
2018-06-05,73.97,49.84
2018-06-06,74.35,49.9
2018-06-07,75.76,50.21
2018-06-08,77.18,50.83
2018-06-11,77.53,51.25
2018-06-12,77.24,51.35
2018-06-13,76.47,51.19
2018-06-14,75.99,51.28
2018-06-15,77.38,51.54
2018-06-18,75.84,50.79
2018-06-19,76.33,51.06
2018-06-20,75.85,51.11
2018-06-21,76.44,51.21
2018-06-22,77.43,51.63
2018-06-25,77.79,51.89
2018-06-26,78.0,51.67
2018-06-27,77.69,51.56
2018-06-28,78.05,51.56
2018-06-29,78.06,51.53
2018-07-02,78.13,51.23
2018-07-03,77.9,51.35
2018-07-05,79.21,52.06
2018-07-06,79.31,52.22
2018-07-09,77.86,52.02
2018-07-10,79.82,52.64
2018-07-11,79.16,52.47
2018-07-12,78.89,52.4
2018-07-13,79.31,52.74
2018-07-16,79.53,52.49
2018-07-17,80.03,52.94
2018-07-18,79.72,52.51
2018-07-19,78.73,52.54
2018-07-20,78.68,52.86
2018-07-23,78.51,52.53
2018-07-24,78.99,52.63
2018-07-25,79.47,53.03
2018-07-26,80.09,53.31
2018-07-27,80.58,53.38
2018-07-30,80.2,53.32
2018-07-31,80.88,53.57
2018-08-01,80.65,53.12
2018-08-02,82.0,53.66
2018-08-03,82.33,54.29
2018-08-06,82.52,54.34
2018-08-07,82.64,54.01
2018-08-08,82.35,53.6
2018-08-09,81.4,53.44
2018-08-10,81.43,53.24
2018-08-13,81.52,53.24
2018-08-14,81.31,53.61
2018-08-15,82.3,53.83
2018-08-16,83.69,54.6
2018-08-17,83.69,55.02
2018-08-20,83.64,54.99
2018-08-21,83.9,54.6
2018-08-22,83.39,54.26
2018-08-23,83.24,54.13
2018-08-24,83.36,54.06
2018-08-27,83.44,54.09
2018-08-28,83.48,53.91
2018-08-29,83.49,53.97
2018-08-30,83.41,53.8
2018-08-31,82.95,53.78
2018-09-04,82.7,53.71
2018-09-05,83.29,54.33
2018-09-06,82.65,54.48
2018-09-07,81.91,54.37
2018-09-10,82.38,54.56
2018-09-11,82.01,54.36
2018-09-12,83.11,54.99
2018-09-13,83.45,54.91
2018-09-14,83.61,54.76
2018-09-17,84.25,54.96
2018-09-18,84.0,54.73
2018-09-19,84.0,54.63
2018-09-20,85.36,55.32
2018-09-21,85.82,55.02
2018-09-24,84.27,54.18
2018-09-25,83.12,53.86
2018-09-26,83.26,53.92
2018-09-27,82.86,53.85
2018-09-28,83.23,53.93
2018-10-01,83.67,53.89
2018-10-02,84.36,54.2
2018-10-03,83.03,53.62
2018-10-04,81.92,53.49
2018-10-05,82.15,53.44
2018-10-08,82.4,54.18
2018-10-09,82.2,54.06
2018-10-10,81.44,53.41
2018-10-11,78.87,52.09
2018-10-12,79.06,52.38
2018-10-15,80.13,52.7
2018-10-16,81.01,53.29
2018-10-17,81.86,53.54
2018-10-18,80.24,53.47
2018-10-19,87.3,54.69
2018-10-22,86.6,54.28
2018-10-23,87.16,54.52
2018-10-24,89.46,54.75
2018-10-25,89.0,54.88
2018-10-26,87.86,53.83
2018-10-29,88.24,54.45
2018-10-30,89.19,55.53
2018-10-31,88.68,55.01
2018-11-01,89.59,55.4
2018-11-02,89.81,55.11
2018-11-05,91.2,55.8
2018-11-06,91.51,56.14
2018-11-07,91.29,56.46
2018-11-08,91.36,56.49
2018-11-09,92.41,56.82
2018-11-12,92.7,56.52
2018-11-13,93.47,56.39
2018-11-14,93.49,56.01
2018-11-15,93.83,55.92
2018-11-16,93.82,56.06
2018-11-19,93.29,55.97
2018-11-20,92.1,55.04
2018-11-21,91.41,54.6
2018-11-23,91.54,54.79
2018-11-26,91.94,54.86
2018-11-27,92.72,55.35
2018-11-28,93.01,55.81
2018-11-29,92.82,55.9
2018-11-30,94.51,56.26
2018-12-03,93.32,56.31
2018-12-04,93.31,55.36
2018-12-06,93.55,55.42
2018-12-07,92.45,54.72
2018-12-10,93.03,54.72
2018-12-11,93.91,55.17
2018-12-12,94.03,55.1
2018-12-13,96.49,55.44
2018-12-14,96.64,54.5
2018-12-17,92.77,53.24
2018-12-18,92.49,52.61
2018-12-19,91.76,52.1
2018-12-20,90.98,51.17
2018-12-21,90.97,50.18
2018-12-24,87.36,48.73
2018-12-26,90.09,50.09
2018-12-27,92.02,50.57
2018-12-28,91.18,50.57
2018-12-31,91.92,50.78
2019-01-02,91.28,50.48
2019-01-03,90.64,50.19
2019-01-04,92.49,51.26
2019-01-07,92.12,51.19
2019-01-08,92.46,51.66
2019-01-09,90.95,51.18
2019-01-10,91.17,51.48
2019-01-11,91.77,51.63
2019-01-14,91.15,51.38
2019-01-15,92.01,51.89
2019-01-16,91.37,51.61
2019-01-17,90.64,51.83
2019-01-18,91.42,52.45
2019-01-22,90.44,51.97
2019-01-23,94.84,52.59
2019-01-24,94.3,51.94
2019-01-25,93.6,51.73
2019-01-28,93.52,51.95
2019-01-29,93.54,52.07
2019-01-30,94.52,52.42
2019-01-31,96.47,53.39
2019-02-01,97.47,53.22
2019-02-04,98.03,53.56
2019-02-05,97.44,53.57
2019-02-06,97.92,53.58
2019-02-07,97.14,53.54
2019-02-08,97.71,53.79
2019-02-11,98.27,53.93
2019-02-12,99.26,54.35
2019-02-13,99.24,54.45
2019-02-14,98.46,53.84
2019-02-15,98.48,54.35
2019-02-19,99.99,54.63
2019-02-20,99.28,54.53
2019-02-21,99.78,54.69
2019-02-22,100.25,54.43
2019-02-25,99.57,54.13
2019-02-26,99.83,54.16
2019-02-27,98.91,54.08
2019-02-28,98.55,54.34
2019-03-01,98.44,54.24
2019-03-04,98.87,54.15
2019-03-05,99.09,54.11
2019-03-06,98.93,54.03
2019-03-07,98.55,53.68
2019-03-08,98.41,53.71
2019-03-11,99.58,54.41
2019-03-12,100.05,54.43
2019-03-13,101.18,54.74
2019-03-14,101.32,54.69
2019-03-15,102.44,54.7
2019-03-18,101.51,54.78
2019-03-19,101.9,54.74
2019-03-20,101.72,54.51
2019-03-21,102.49,55.15
2019-03-22,101.66,55.08
2019-03-25,101.96,55.19
2019-03-26,103.02,55.66
2019-03-27,102.9,55.47
2019-03-28,103.55,55.74
2019-03-29,104.05,56.11
2019-04-01,103.64,55.92
2019-04-02,103.75,55.46
2019-04-03,103.69,55.19
2019-04-04,103.43,55.4
2019-04-05,103.65,55.59
2019-04-08,104.97,55.82
2019-04-09,104.66,55.75
2019-04-10,104.65,55.91
2019-04-11,104.75,56.02
2019-04-12,105.06,56.2
2019-04-15,105.73,56.53
2019-04-16,106.42,56.54
2019-04-17,105.85,56.82
2019-04-18,106.05,56.87
2019-04-22,106.01,56.89
2019-04-23,103.16,56.71
2019-04-24,103.69,56.83
2019-04-25,103.28,56.47
2019-04-26,105.86,56.98
2019-04-29,104.78,57.05
2019-04-30,106.48,57.71
2019-05-01,104.93,57.0
2019-05-02,105.56,56.98
2019-05-03,106.08,57.41
2019-05-06,105.68,57.32
2019-05-07,104.7,56.75
2019-05-08,105.07,56.74
2019-05-09,104.24,56.62
2019-05-10,106.01,57.31
2019-05-13,106.11,56.77
2019-05-14,105.6,57.04
2019-05-15,106.7,57.49
2019-05-16,108.11,57.94
2019-05-17,107.45,57.75
2019-05-20,107.33,57.61
2019-05-21,106.37,57.49
2019-05-22,106.72,57.75
2019-05-23,106.76,57.73
2019-05-24,106.69,57.52
2019-05-28,104.46,56.58
2019-05-29,104.19,56.17
2019-05-30,105.33,56.41
2019-05-31,102.91,55.61
2019-06-03,103.8,56.31
2019-06-04,104.68,56.82
2019-06-05,106.73,57.47
2019-06-06,107.38,58.07
2019-06-07,108.77,58.63
2019-06-10,108.72,58.65
2019-06-11,109.38,58.84
2019-06-12,109.68,58.93
2019-06-13,110.91,59.06
2019-06-14,111.2,59.09
2019-06-17,110.99,58.92
2019-06-18,109.6,58.6
2019-06-19,110.42,58.84
2019-06-20,111.74,59.36
2019-06-21,111.2,58.72
2019-06-24,112.33,58.87
2019-06-25,111.72,58.84
2019-06-26,109.73,58.0
2019-06-27,109.78,58.11
2019-06-28,109.65,58.07
2019-07-01,110.49,58.42
2019-07-02,111.48,58.93
2019-07-03,114.08,59.66
2019-07-05,113.15,59.4
2019-07-08,114.05,59.48
2019-07-09,112.91,59.13
2019-07-10,113.75,59.51
2019-07-11,114.38,59.66
2019-07-12,114.99,59.83
2019-07-15,115.48,59.97
2019-07-16,115.89,59.99
2019-07-17,115.94,59.92
2019-07-18,115.44,60.32
2019-07-19,115.01,59.94
2019-07-22,115.3,59.59
2019-07-23,113.85,60.02
2019-07-24,112.6,59.62
2019-07-25,112.77,59.7
2019-07-26,114.73,60.37
2019-07-29,116.0,60.48
2019-07-30,120.41,60.66
2019-07-31,118.04,59.43
2019-08-01,116.73,59.22
2019-08-02,116.44,59.23
2019-08-05,113.08,57.69
2019-08-06,114.28,58.21
2019-08-07,115.52,58.89
2019-08-08,117.44,59.65
2019-08-09,116.78,59.32
2019-08-12,116.03,58.92
2019-08-13,117.25,59.59
2019-08-14,115.79,58.65
2019-08-15,117.39,59.53
2019-08-16,119.18,60.21
2019-08-19,120.24,60.81
2019-08-20,118.9,60.15
2019-08-21,119.2,60.31
2019-08-22,119.42,60.63
2019-08-23,117.32,59.62
2019-08-26,119.32,60.36
2019-08-27,120.55,60.19
2019-08-28,121.4,60.77
2019-08-29,121.18,60.8
2019-08-30,120.23,60.72
2019-09-03,121.36,61.07
2019-09-04,123.21,61.62
2019-09-05,122.76,61.24
2019-09-06,122.87,61.44
2019-09-09,122.17,61.3
2019-09-10,119.88,60.92
2019-09-11,121.27,61.14
2019-09-12,122.77,61.39
2019-09-13,122.12,61.04
2019-09-16,119.75,60.45
2019-09-17,121.16,60.78
2019-09-18,121.41,60.88
2019-09-19,121.9,60.87
2019-09-20,122.24,60.32
2019-09-23,123.22,60.56
2019-09-24,123.61,60.81
2019-09-25,123.02,60.85
2019-09-26,124.31,61.19
2019-09-27,124.57,61.12
2019-09-30,124.38,61.42
2019-10-01,123.85,61.26
2019-10-02,121.08,60.03
2019-10-03,121.74,60.45
2019-10-04,124.0,61.4
2019-10-07,122.84,60.9
2019-10-08,120.93,60.32
2019-10-09,121.98,60.78
2019-10-10,121.94,60.9
2019-10-11,121.09,60.84
2019-10-14,120.05,60.54
2019-10-15,117.2,60.28
2019-10-16,117.53,60.34
2019-10-17,116.63,60.62
2019-10-18,117.47,60.74
2019-10-21,119.08,60.94
2019-10-22,122.18,60.96
2019-10-23,123.0,61.24
2019-10-24,124.79,61.45
2019-10-25,123.25,61.09
2019-10-28,123.48,60.97
2019-10-29,123.6,60.97
2019-10-30,124.94,61.25
2019-10-31,124.51,61.16
2019-11-01,123.87,61.15
2019-11-04,119.07,60.56
2019-11-05,118.9,60.76
2019-11-06,120.32,61.01
2019-11-07,119.62,60.8
2019-11-08,119.7,60.76
2019-11-11,119.33,60.67
2019-11-12,119.27,60.87
2019-11-13,120.65,61.33
2019-11-14,120.5,61.31
2019-11-15,120.54,61.33
2019-11-18,121.89,61.65
2019-11-19,121.42,61.57
2019-11-20,122.29,61.71
2019-11-21,120.34,61.4
2019-11-22,120.29,61.3
2019-11-25,120.51,61.37
2019-11-26,122.26,61.87
2019-11-27,121.76,62.02
2019-11-29,122.06,62.0
2019-12-02,122.72,62.14
2019-12-03,122.95,62.04
2019-12-04,124.53,62.45
2019-12-05,124.62,62.43
2019-12-06,124.19,62.67
2019-12-09,124.87,62.72
2019-12-10,124.27,62.52
2019-12-11,124.66,62.61
2019-12-12,124.57,62.56
2019-12-13,125.47,62.78
2019-12-16,125.56,63.0
2019-12-17,125.31,62.9
2019-12-18,124.01,62.8
2019-12-19,124.92,63.14
2019-12-20,125.36,63.1
2019-12-23,124.9,62.83
2019-12-24,125.22,62.91
2019-12-26,125.22,62.97
2019-12-27,126.09,63.25
2019-12-30,124.47,62.92
2019-12-31,124.9,62.98
2020-01-02,123.41,62.48
2020-01-03,122.58,62.38
2020-01-06,122.75,62.51
2020-01-07,121.99,62.03
2020-01-08,122.51,62.26
2020-01-09,123.85,62.7
2020-01-10,123.97,62.66
2020-01-13,124.88,63.07
2020-01-14,124.69,63.09
2020-01-15,125.96,63.54
2020-01-16,126.07,63.71
2020-01-17,126.41,63.82
2020-01-21,126.09,64.04
2020-01-22,126.31,64.09
2020-01-23,124.99,64.03
2020-01-24,125.14,63.59
2020-01-27,125.69,63.39
2020-01-28,126.03,63.47
2020-01-29,125.06,63.15
2020-01-30,125.95,63.9
2020-01-31,124.62,63.18
2020-02-03,125.11,63.18
2020-02-04,125.66,63.56
2020-02-05,126.81,64.07
2020-02-06,127.14,64.18
2020-02-07,126.08,64.26
2020-02-10,126.17,64.53
2020-02-11,124.16,64.29
2020-02-12,123.45,64.26
2020-02-13,124.96,64.64
2020-02-14,126.14,64.79
2020-02-18,124.87,64.56
2020-02-19,125.44,64.49
2020-02-20,126.58,64.54
2020-02-21,126.7,64.65
2020-02-24,123.3,63.16
2020-02-25,121.43,62.02
2020-02-26,120.16,61.67
2020-02-27,113.5,59.16
2020-02-28,113.23,57.99
2020-03-02,119.56,61.09
2020-03-03,118.17,60.26
2020-03-04,124.5,63.22
2020-03-05,121.63,62.03
2020-03-06,121.66,61.54
2020-03-09,116.06,58.86
2020-03-10,120.55,60.55
2020-03-11,111.59,57.58
2020-03-12,101.84,52.17
2020-03-13,114.07,56.61
2020-03-16,108.5,52.77
2020-03-17,118.24,57.22
2020-03-18,117.45,55.75
2020-03-19,110.83,53.89
2020-03-20,102.43,50.4
2020-03-23,97.7,48.63
2020-03-24,103.27,51.11
2020-03-25,100.92,50.97
2020-03-26,107.38,53.76
2020-03-27,110.17,53.51
2020-03-30,115.0,55.6
2020-03-31,110.0,54.47
2020-04-01,109.33,53.55
2020-04-02,114.4,54.92
2020-04-03,115.08,55.35
2020-04-06,117.81,57.41
2020-04-07,112.77,56.75
2020-04-08,115.1,57.59
2020-04-09,114.66,58.13
2020-04-13,115.95,57.7
2020-04-14,120.96,60.15
2020-04-15,121.22,59.2
2020-04-16,121.5,59.59
2020-04-17,124.69,60.5
2020-04-20,120.6,59.31
2020-04-21,119.68,58.05
2020-04-22,119.4,58.61
2020-04-23,119.4,58.09
2020-04-24,118.78,58.71
2020-04-27,117.45,58.88
2020-04-28,116.89,59.21
2020-04-29,117.08,58.96
2020-04-30,117.87,58.26
2020-05-01,116.82,57.62
2020-05-04,115.77,57.59
2020-05-05,116.01,57.64
2020-05-06,113.1,57.01
2020-05-07,112.17,56.85
2020-05-08,115.95,58.12
2020-05-11,115.31,58.04
2020-05-12,114.55,57.55
2020-05-13,113.92,57.03
2020-05-14,113.81,56.89
2020-05-15,114.61,57.39
2020-05-18,116.21,58.3
2020-05-19,112.44,57.23
2020-05-20,113.28,57.91
2020-05-21,111.62,57.27
2020-05-22,112.6,57.47
2020-05-26,112.03,57.78
2020-05-27,113.89,58.65
2020-05-28,116.06,59.17
2020-05-29,115.92,59.23
2020-06-01,117.25,59.64
2020-06-02,118.06,59.8
2020-06-03,118.53,59.88
2020-06-04,116.05,59.59
2020-06-05,118.33,60.42
2020-06-08,119.05,61.07
2020-06-09,118.34,60.57
2020-06-10,119.23,60.4
2020-06-11,116.26,58.11
2020-06-12,115.62,58.12
2020-06-15,116.69,58.79
2020-06-16,118.13,59.71
2020-06-17,117.93,59.62
2020-06-18,119.28,59.93
2020-06-19,118.92,59.62
2020-06-22,117.75,58.99
2020-06-23,117.73,58.9
2020-06-24,116.42,57.91
2020-06-25,117.89,58.32
2020-06-26,115.23,57.13
2020-06-29,117.66,58.21
2020-06-30,119.57,58.64
2020-07-01,119.98,58.69
2020-07-02,120.88,58.99
2020-07-06,121.63,59.28
2020-07-07,122.22,59.82
2020-07-08,122.89,59.67
2020-07-09,122.48,59.2
2020-07-10,123.89,60.29
2020-07-13,124.05,60.2
2020-07-14,125.09,61.08
2020-07-15,124.5,61.13
2020-07-16,124.76,61.26
2020-07-17,125.63,61.59
2020-07-20,125.24,60.97
2020-07-21,125.07,61.5
2020-07-22,126.14,61.99
2020-07-23,126.16,62.21
2020-07-24,125.96,62.13
2020-07-27,126.32,62.44
2020-07-28,127.88,62.67
2020-07-29,128.31,62.76
2020-07-30,131.42,62.76
2020-07-31,131.12,62.7
2020-08-03,131.28999,62.53
2020-08-04,133.78999,63.31
2020-08-05,133.44,63.18
2020-08-06,132.71001,63.17
2020-08-07,133.55,63.51
2020-08-10,134.10001,63.84
2020-08-11,133.23,63.4
2020-08-12,135.46001,64.22
2020-08-13,135.78,64.17
2020-08-14,135.10001,64.16
2020-08-17,135.5,64.52
2020-08-18,136.50999,64.78
2020-08-19,135.77,64.27
2020-08-20,136.85001,64.14
2020-08-21,137.44,64.3
2020-08-24,138.50999,64.85
2020-08-25,139.06,64.71
2020-08-26,138.39,64.79
2020-08-27,138.21001,65.19
2020-08-28,138.77,65.77
2020-08-31,138.33,65.58
2020-09-01,138.17999,65.65
2020-09-02,140.50999,66.84
2020-09-03,138.25999,65.69
2020-09-04,137.96001,65.54
2020-09-08,135.94,64.16
2020-09-09,138.14999,65.09
2020-09-10,136.7,64.29
2020-09-11,138.14,64.65
2020-09-14,138.63,65.07
2020-09-15,138.63,64.98
2020-09-16,137.7,64.69
2020-09-17,137.52,64.28
2020-09-18,137.37,63.69
2020-09-21,136.71001,62.83
2020-09-22,137.96001,63.2
2020-09-23,136.31,62.25
2020-09-24,136.92,62.71
2020-09-25,137.62,63.04
2020-09-28,138.00999,63.75
2020-09-29,137.25999,63.33
2020-09-30,138.99001,64.1
2020-10-01,139.24001,64.46
2020-10-02,138.12,64.1
2020-10-05,139.39,64.53
2020-10-06,139.61,64.11
2020-10-07,140.7,64.8
2020-10-08,141.64999,65.23
2020-10-09,142.92,65.74
2020-10-12,144.49001,66.5
2020-10-13,144.21001,66.45
2020-10-14,144.03999,66.11
2020-10-15,143.83,66.15
2020-10-16,144.39,66.17
2020-10-19,141.91,65.31
2020-10-20,142.48,65.24
2020-10-21,143.25,65.3
2020-10-22,141.45,65.27
2020-10-23,142.38,65.39
2020-10-26,141.3,64.55
2020-10-27,142.36,64.38
2020-10-28,137.66,62.5
2020-10-29,137.57001,62.48
2020-10-30,137.10001,62.26
2020-11-02,138.5,63.25
2020-11-03,141.22,64.29
2020-11-04,140.64,64.32
2020-11-05,142.38,64.79
2020-11-06,143.23,65.09
2020-11-09,137.99001,64.94
2020-11-10,140.25999,66.22
2020-11-11,142.07001,66.79
2020-11-12,142.14999,66.61
2020-11-13,144.28,67.53
2020-11-16,142.42999,68.15
2020-11-17,141.88,67.67
2020-11-18,139.7,66.74
2020-11-19,139.53,66.92
2020-11-20,139.3,66.5
2020-11-23,138.75999,66.52
2020-11-24,138.31,66.97
2020-11-25,138.67999,66.93
2020-11-27,138.61,66.92
2020-11-30,138.87,66.91
2020-12-01,139.37,67.5
2020-12-02,138.36,66.94
2020-12-03,137.34,67.11
2020-12-04,137.47,67.63
2020-12-07,137.67999,67.37
2020-12-08,138.05,67.74
2020-12-09,136.41,67.47
2020-12-10,135.50999,67.17
2020-12-11,136.50999,67.32
2020-12-14,135.85001,67.06
2020-12-15,136.64999,67.22
2020-12-16,137.27,67.35
2020-12-17,138.25,67.78
2020-12-18,139.03999,67.93
2020-12-21,137.52,66.64
2020-12-22,136.55,66.17
2020-12-23,136.34,66.39
2020-12-24,137.72,66.72
2020-12-28,138.67999,67.25
2020-12-29,138.42,67.05
2020-12-30,137.77,66.98
2020-12-31,139.14,67.45
2021-01-04,137.82001,66.72
2021-01-05,138.7,66.72
2021-01-06,140.16,66.77
2021-01-07,138.85001,66.57
2021-01-08,138.78999,66.9
2021-01-11,137.85001,66.33
2021-01-12,137.05,66.11
2021-01-13,137.25999,66.21
2021-01-14,135.8,65.86
2021-01-15,134.78,65.63
2021-01-19,133.60001,65.34
2021-01-20,131.92999,65.46
2021-01-21,131.00999,65.24
2021-01-22,130.0,65.07
2021-01-25,132.24001,65.72
2021-01-26,133.09,66.31
2021-01-27,128.38,65.19
2021-01-28,130.36,65.44
2021-01-29,128.21001,64.09
2021-02-01,128.97,64.15
2021-02-02,128.78999,64.58
2021-02-03,128.95,64.68
2021-02-04,129.03,65.15
2021-02-05,129.57001,65.76
2021-02-08,129.17,66.01
2021-02-09,128.67,65.95
2021-02-10,128.22,65.88
2021-02-11,128.33,65.59
2021-02-12,127.62,65.69
2021-02-16,127.92,65.57
2021-02-17,128.46001,65.81
2021-02-18,129.53,65.77
2021-02-19,127.12,64.94
2021-02-22,126.58,65.0
2021-02-23,127.52,65.09
2021-02-24,127.66,65.05
2021-02-25,126.58,64.34
2021-02-26,123.53,63.3
2021-03-01,124.29,63.94
2021-03-02,123.9,63.83
2021-03-03,123.16,63.53
2021-03-04,122.15,63.3
2021-03-05,125.98,64.7
2021-03-08,127.31,64.98
2021-03-09,126.18,64.92
2021-03-10,127.34,65.77
2021-03-11,126.91,65.61
2021-03-12,128.14,66.15
2021-03-15,128.56,66.44
2021-03-16,128.94,66.52
2021-03-17,128.42,66.42
2021-03-18,128.7,66.15
2021-03-19,128.00999,66.38
2021-03-22,130.17999,66.72
2021-03-23,132.60001,67.0
2021-03-24,132.56,66.74
2021-03-25,133.48,67.39
2021-03-26,135.45,68.58
2021-03-29,137.57001,69.27
2021-03-30,135.45,68.53
2021-03-31,135.42999,68.31
2021-04-01,134.28,67.98
2021-04-05,136.45,68.85
2021-04-06,136.5,69.14
2021-04-07,136.74001,68.97
2021-04-08,137.25999,69.04
2021-04-09,136.37,68.92
2021-04-12,136.92,69.29
2021-04-13,135.11,68.92
2021-04-14,135.60001,68.86
2021-04-15,137.24001,69.41
2021-04-16,137.25,69.81
2021-04-19,136.61,69.54
2021-04-20,137.75,69.92
2021-04-21,136.85001,70.27
2021-04-22,134.63,69.75
2021-04-23,133.94,69.57
2021-04-26,131.25999,68.79
2021-04-27,131.17999,68.74
2021-04-28,131.39999,68.79
2021-04-29,132.50999,69.52
2021-04-30,133.42,69.58
2021-05-03,135.0,70.15
2021-05-04,134.53999,69.79
2021-05-05,133.46001,69.74
2021-05-06,135.14,70.64
2021-05-07,135.14999,70.64
2021-05-10,137.67,71.18
2021-05-11,136.99001,70.56
2021-05-12,135.53999,69.62
2021-05-13,137.72,70.6
2021-05-14,138.00999,70.91
2021-05-17,137.73,70.81
2021-05-18,136.32001,70.59
2021-05-19,136.60001,70.36
2021-05-20,138.0,71.01
2021-05-21,138.0,71.02
2021-05-24,137.96001,71.23
2021-05-25,138.42999,71.25
2021-05-26,138.12,71.1
2021-05-27,134.98,70.66
2021-05-28,134.85001,70.81
2021-06-01,132.88,70.57
2021-06-02,133.46001,70.83
2021-06-03,135.85001,71.27
2021-06-04,135.95,71.52
2021-06-07,136.42,71.4
2021-06-08,134.84,70.8
2021-06-09,134.78999,70.46
2021-06-10,135.78999,70.9
2021-06-11,134.86,70.94
2021-06-14,134.91,70.9
2021-06-15,134.64999,70.73
2021-06-16,132.78,69.79
2021-06-17,133.99001,70.04
2021-06-18,132.03,68.8
2021-06-21,133.07001,69.14
2021-06-22,133.12,69.24
2021-06-23,132.92999,68.81
2021-06-24,133.02,69.15
2021-06-25,134.92,69.68
2021-06-28,135.32001,69.74
2021-06-29,134.39999,69.43
2021-06-30,134.92999,69.97
2021-07-01,135.24001,69.76
2021-07-02,135.89999,69.93
2021-07-06,135.98,69.64
2021-07-07,137.0,70.01
2021-07-08,136.98,69.75
2021-07-09,137.03,70.15
2021-07-12,137.14,70.04
2021-07-13,136.97,70.02
2021-07-14,137.98,70.64
2021-07-15,139.16,70.93
2021-07-16,140.50999,71.04
2021-07-19,140.44,70.83
2021-07-20,139.69,70.85
2021-07-21,139.2,70.67
2021-07-22,137.8,70.55
2021-07-23,139.78999,71.4
2021-07-26,140.28,71.52
2021-07-27,140.85001,71.67
2021-07-28,138.75999,71.04
2021-07-29,139.48,71.39
2021-07-30,142.23,71.51
2021-08-02,141.88,71.21
2021-08-03,143.95,71.53
2021-08-04,142.42999,70.6
2021-08-05,142.5,70.94
2021-08-06,141.41,70.94
2021-08-09,142.17999,71.2
2021-08-10,142.27,71.71
2021-08-11,142.62,71.95
2021-08-12,142.95,71.91
2021-08-13,143.64,72.51
2021-08-16,144.64,72.93
2021-08-17,144.88,72.97
2021-08-18,143.3,72.06
2021-08-19,144.99001,72.64
2021-08-20,145.09,72.76
2021-08-23,144.35001,72.53
2021-08-24,143.17999,71.98
2021-08-25,142.67,71.86
2021-08-26,142.42,71.53
2021-08-27,142.31,71.78
2021-08-30,142.92999,72.1
2021-08-31,142.39,72.26
2021-09-01,143.84,72.64
2021-09-02,143.95,72.92
2021-09-03,144.05,72.83
2021-09-07,143.50999,71.99
2021-09-08,144.60001,72.61
2021-09-09,143.99001,72.19
2021-09-10,144.13,71.88
2021-09-13,145.67999,72.06
2021-09-14,145.42999,71.73
2021-09-15,145.12,71.99
2021-09-16,144.11,71.75
2021-09-17,144.34,71.36
2021-09-20,142.89,70.21
2021-09-21,143.11,70.13
2021-09-22,143.60001,70.33
2021-09-23,144.19,70.59
2021-09-24,143.55,70.62
2021-09-27,141.66,70.3
2021-09-28,140.59,69.47
2021-09-29,142.02,70.1
2021-09-30,139.8,68.84
2021-10-01,139.58,69.02
2021-10-04,138.78999,68.8
2021-10-05,139.33,69.15
2021-10-06,141.19,69.82
2021-10-07,142.32001,70.13
2021-10-08,141.73,70.05
2021-10-11,142.32001,70.03
2021-10-12,142.11,70.06
2021-10-13,142.44,70.19
2021-10-14,144.05,70.98
2021-10-15,144.42,70.81
2021-10-18,142.34,70.39
2021-10-19,140.66,70.42
2021-10-20,141.21001,70.83
2021-10-21,139.33,70.74
2021-10-22,140.83,71.29
2021-10-25,140.85001,71.24
2021-10-26,142.85001,71.49
2021-10-27,141.83,71.07
2021-10-28,142.67999,71.32
2021-10-29,142.99001,71.25
2021-11-01,142.64,71.36
2021-11-02,144.06,71.84
2021-11-03,145.05,72.51
2021-11-04,145.32001,72.58
2021-11-05,146.03999,73.0
2021-11-08,144.95,72.42
2021-11-09,145.39,72.67
2021-11-10,146.82001,72.89
2021-11-11,146.39999,72.84
2021-11-12,146.56,72.84
2021-11-15,147.39999,73.19
2021-11-16,147.19,72.73
2021-11-17,147.10001,72.57
2021-11-18,147.12,72.31
2021-11-19,146.82001,72.05
2021-11-22,147.8,72.62
2021-11-23,149.44,73.1
2021-11-24,148.66,72.88
2021-11-26,147.47,71.96
2021-11-29,149.02,72.14
2021-11-30,144.58,70.29
2021-12-01,146.39999,69.95
2021-12-02,147.25999,70.69
2021-12-03,149.88,71.57
2021-12-06,152.14999,72.83
2021-12-07,151.75,72.99
2021-12-08,152.42999,72.76
2021-12-09,153.32001,72.96
2021-12-10,155.46001,74.19
2021-12-13,157.67,75.16
2021-12-14,158.25,75.21
2021-12-15,158.86,75.97
2021-12-16,161.11,76.51
2021-12-17,157.46001,75.2
2021-12-20,157.86,74.71
2021-12-21,157.75999,74.61
2021-12-22,159.32001,75.08
2021-12-23,160.10001,75.25
2021-12-27,161.97,76.05
2021-12-28,162.84,76.48
2021-12-29,164.19,76.83
2021-12-30,162.77,76.59
2021-12-31,163.58,77.11
2022-01-03,162.89999,77.1
2022-01-04,163.47,77.62
2022-01-05,164.21001,77.55
2022-01-06,162.83,77.34
2022-01-07,162.74001,77.42
2022-01-10,160.52,76.81
2022-01-11,158.66,76.72
2022-01-12,159.00999,76.75
2022-01-13,158.28999,76.89
2022-01-14,159.81,77.03
2022-01-18,156.73,75.92
2022-01-19,162.0,76.4
2022-01-20,162.0,75.9
2022-01-21,162.62,75.96
2022-01-24,161.3,75.71
2022-01-25,159.53999,74.87
2022-01-26,158.14999,74.3
2022-01-27,159.13,74.8
2022-01-28,160.5,75.68
2022-01-31,160.45,75.97
2022-02-01,159.74001,75.9
2022-02-02,162.60001,76.81
2022-02-03,164.14,76.83
2022-02-04,161.53,75.89
2022-02-07,160.32001,76.03
2022-02-08,159.96001,76.32
2022-02-09,159.60001,76.34
2022-02-10,157.17,75.52
2022-02-11,156.28999,75.25
2022-02-14,156.74001,75.04
2022-02-15,156.82001,75.17
2022-02-16,158.00999,75.31
2022-02-17,159.82001,75.89
2022-02-18,159.89999,76.03
2022-02-22,157.92999,75.44
2022-02-23,155.96001,74.83
2022-02-24,151.75999,73.54
2022-02-25,158.24001,75.91
2022-02-28,155.89,74.9
2022-03-01,153.31,74.46
2022-03-02,153.78999,75.25
2022-03-03,154.36,75.86
2022-03-04,155.14,75.87
2022-03-07,152.84,74.49
2022-03-08,146.78999,72.48
2022-03-09,148.77,72.97
2022-03-10,144.94,72.28
2022-03-11,143.22,71.44
2022-03-14,145.05,71.82
2022-03-15,150.27,73.43
2022-03-16,149.75999,73.51
2022-03-17,150.23,74.02
2022-03-18,150.14999,74.19
2022-03-21,150.72,73.95
2022-03-22,151.88,74.5
2022-03-23,150.82001,73.9
2022-03-24,151.08,74.42
2022-03-25,152.83,75.04
2022-03-28,153.88,75.35
2022-03-29,155.46001,76.02
2022-03-30,154.39,76.07
2022-03-31,152.8,75.89
2022-04-01,155.09,76.65
2022-04-04,154.08,76.41
2022-04-05,154.62,76.48
2022-04-06,156.83,77.45
2022-04-07,158.86,78.39
2022-04-08,160.10001,78.72
2022-04-11,159.49001,78.4
2022-04-12,159.00999,78.42
2022-04-13,159.46001,78.86
2022-04-14,158.57001,78.84
2022-04-18,157.06,78.19
2022-04-19,159.41,79.38
2022-04-20,163.64999,80.57
2022-04-21,162.61,80.5
2022-04-22,161.25,79.24
2022-04-25,162.55,79.59
2022-04-26,159.78999,78.36
2022-04-27,159.36,78.65
2022-04-28,163.41,79.81
2022-04-29,160.55,77.64
2022-05-02,158.38,76.62
2022-05-03,156.21001,76.4
2022-05-04,157.36,78.12
2022-05-05,154.46001,76.64
2022-05-06,156.0,76.72
2022-05-09,155.61,76.69
2022-05-10,154.78999,76.16
2022-05-11,152.61,75.83
2022-05-12,151.99001,75.81
2022-05-13,153.62,76.95
2022-05-16,155.12,77.3
2022-05-17,154.67999,76.77
2022-05-18,145.03999,71.83
2022-05-19,141.7,70.55
2022-05-20,141.78999,70.7
2022-05-23,145.05,72.16
2022-05-24,147.63,73.34
2022-05-25,145.21001,73.36
2022-05-26,146.48,74.14
2022-05-27,148.72,75.0
2022-05-31,147.88,74.47
2022-06-01,145.64,73.5
2022-06-02,147.21001,74.57
2022-06-03,145.89,73.82
2022-06-06,145.32001,73.85
2022-06-07,146.94,74.24
2022-06-08,145.11,73.33
2022-06-09,142.49001,72.23
2022-06-10,141.95,71.92
2022-06-13,138.14999,70.37
2022-06-14,133.84,69.54
2022-06-15,132.50999,69.61
2022-06-16,133.32001,69.08
2022-06-17,132.36,68.83
2022-06-21,136.37,70.14
2022-06-22,138.5,70.09
2022-06-23,142.3,71.45
2022-06-24,144.35001,72.85
2022-06-27,143.25,72.65
2022-06-28,140.92,71.68
2022-06-29,142.2,72.13
2022-06-30,143.78999,72.18
2022-07-01,146.11,73.22
2022-07-05,144.7,72.75
2022-07-06,146.05,72.96
2022-07-07,146.0,73.03
2022-07-08,145.02,72.9
2022-07-11,146.03999,72.8
2022-07-12,144.75,72.59
2022-07-13,145.7,72.64
2022-07-14,145.27,72.7
2022-07-15,145.07001,72.94
2022-07-18,143.31,72.23
2022-07-19,144.03999,72.99
2022-07-20,141.55,72.5
2022-07-21,140.77,72.72
2022-07-22,143.02,73.2
2022-07-25,143.99001,73.56
2022-07-26,144.27,73.39
2022-07-27,145.64,73.89
2022-07-28,148.06,75.07
2022-07-29,138.91,74.49
2022-08-01,142.89999,75.42
2022-08-02,141.95,74.82
2022-08-03,144.88,75.31
2022-08-04,144.64999,74.81
2022-08-05,144.72,74.64
2022-08-08,145.27,74.6
2022-08-09,144.92999,74.49
2022-08-10,146.3,75.04
2022-08-11,145.25999,74.86
2022-08-12,146.67,75.51
2022-08-15,148.56,76.26
2022-08-16,149.92999,77.12
2022-08-17,149.24001,76.9
2022-08-18,149.77,77.16
2022-08-19,149.73,76.91
2022-08-22,149.33,76.13
2022-08-23,146.45,75.8
2022-08-24,145.82001,75.99
2022-08-25,145.7,76.34
2022-08-26,142.28999,74.45
2022-08-29,141.69,74.33
2022-08-30,140.17999,73.56
2022-08-31,137.94,73.11
2022-09-01,139.64,73.52
2022-09-02,137.16,72.56
2022-09-06,135.63,72.15
2022-09-07,137.67999,73.45
2022-09-08,137.86,73.26
2022-09-09,139.96001,73.98
2022-09-12,141.10001,74.27
2022-09-13,138.17999,71.79
2022-09-14,138.50999,71.76
2022-09-15,137.44,71.16
2022-09-16,138.28,71.33
2022-09-19,137.99001,71.34
2022-09-20,137.5,70.95
2022-09-21,135.73,70.68
2022-09-22,136.21001,70.58
2022-09-23,135.58,69.38
2022-09-26,135.71001,69.43
2022-09-27,131.98,68.23
2022-09-28,131.98,69.05
2022-09-29,128.7,67.91
2022-09-30,126.25,66.73
2022-10-03,128.50999,67.88
2022-10-04,130.10001,68.91
2022-10-05,129.2,68.51
2022-10-06,126.48,67.51
2022-10-07,124.27,66.5
2022-10-10,123.76,66.74
2022-10-11,124.23,67.29
2022-10-12,124.43,67.65
2022-10-13,126.31,68.77
2022-10-14,125.08,67.53
2022-10-17,127.34,68.26
2022-10-18,128.37,69.15
2022-10-19,129.56,68.83
2022-10-20,126.99,67.87
2022-10-21,128.58,68.91
2022-10-24,129.37,70.15
2022-10-25,130.86,71.07
2022-10-26,131.78,71.54
2022-10-27,131.88,71.6
2022-10-28,135.22,73.17
2022-10-31,134.67,72.74
2022-11-01,134.88,72.51
2022-11-02,132.94,71.25
2022-11-03,132.03,71.01
2022-11-04,134.44,71.85
2022-11-07,136.5,72.49
2022-11-08,136.81,72.7
2022-11-09,136.48,71.91
2022-11-10,141.17999,73.6
2022-11-11,140.97,73.52
2022-11-14,140.98,72.94
2022-11-15,140.49001,73.55
2022-11-16,141.74001,73.91
2022-11-17,140.87,73.89
2022-11-18,142.57001,74.68
2022-11-21,144.38,75.39
2022-11-22,145.62,75.94
2022-11-23,146.45,76.2
2022-11-25,146.72,76.25
2022-11-28,146.60001,75.96
2022-11-29,145.48,75.67
2022-11-30,149.16,77.19
2022-12-01,149.25,76.84
2022-12-02,150.61,77.19
2022-12-05,149.09,76.22
2022-12-06,149.28,75.75
2022-12-07,150.24001,76.07
2022-12-08,151.32001,76.48
2022-12-09,150.92,75.89
2022-12-12,152.47,76.69
2022-12-13,152.24001,76.58
2022-12-14,152.84,76.53
2022-12-15,151.11,75.23
2022-12-16,150.44,74.86
2022-12-19,150.39999,74.28
2022-12-20,150.46001,74.22
2022-12-21,151.84,74.96
2022-12-22,152.19,74.79
2022-12-23,152.62,75.18
2022-12-27,153.95,75.54
2022-12-28,151.96001,74.6
2022-12-29,152.59,74.92
2022-12-30,151.56,74.55
2023-01-03,151.57001,74.27
2023-01-04,152.23,74.56
2023-01-05,150.34,73.81
2023-01-06,153.92,75.78
2023-01-09,152.03999,75.04
2023-01-10,151.89,74.94
2023-01-11,150.66,74.98
2023-01-12,149.81,74.39
2023-01-13,150.88,74.74
2023-01-17,150.44,74.79
2023-01-18,146.41,72.75
2023-01-19,142.42,72.06
2023-01-20,142.97,72.62
2023-01-23,141.05,72.85
2023-01-24,141.82001,73.15
2023-01-25,141.72,73.33
2023-01-26,141.14999,73.07
2023-01-27,140.57001,72.86
2023-01-30,141.00999,72.95
2023-01-31,142.38,73.74
2023-02-01,143.19,74.33
2023-02-02,142.17,73.69
2023-02-03,142.61,73.4
2023-02-06,141.39999,73.49
2023-02-07,140.02,73.18
2023-02-08,138.57001,72.62
2023-02-09,137.05,72.3
2023-02-10,138.25999,72.97
2023-02-13,140.07001,73.8
2023-02-14,139.28,73.13
2023-02-15,138.96001,73.27
2023-02-16,137.14,72.74
2023-02-17,140.00999,73.68
2023-02-21,139.91,73.4
2023-02-22,140.5,73.29
2023-02-23,140.05,73.2
2023-02-24,139.25999,72.71
2023-02-27,139.14,72.63
2023-02-28,137.56,72.03
2023-03-01,137.66,71.5
2023-03-02,139.92999,72.48
2023-03-03,140.95,72.54
2023-03-06,140.35001,72.73
2023-03-07,137.56,72.01
2023-03-08,137.58,72.13
2023-03-09,136.57001,71.46
2023-03-10,137.19,71.11
2023-03-13,138.14,71.47
2023-03-14,139.85001,72.12
2023-03-15,141.83,72.59
2023-03-16,142.89,72.64
2023-03-17,142.92999,72.11
2023-03-20,145.13,72.76
2023-03-21,144.08,72.7
2023-03-22,143.99001,72.03
2023-03-23,143.78999,71.75
2023-03-24,146.72,72.97
2023-03-27,145.95,73.36
2023-03-28,146.36,73.49
2023-03-29,146.81,73.9
2023-03-30,147.45,74.11
2023-03-31,148.69,74.71
2023-04-03,149.50999,75.1
2023-04-04,150.23,74.95
2023-04-05,151.25999,75.3
2023-04-06,152.22,75.36
2023-04-10,150.96001,75.36
2023-04-11,150.66,75.58
2023-04-12,151.07001,75.24
2023-04-13,151.77,75.66
2023-04-14,151.0,75.18
2023-04-17,151.05,75.66
2023-04-18,151.21001,75.89
2023-04-19,151.24001,75.84
2023-04-20,150.85001,76.02
2023-04-21,156.07001,76.57
2023-04-24,156.35001,76.88
2023-04-25,156.39,76.78
2023-04-26,154.58,76.18
2023-04-27,156.47,77.03
2023-04-28,156.38,77.44
2023-05-01,156.57001,77.5
2023-05-02,156.42999,77.29
2023-05-03,156.23,76.66
2023-05-04,155.50999,76.47
2023-05-05,156.03,77.18
2023-05-08,155.3,76.95
2023-05-09,153.71001,76.71
2023-05-10,154.03,76.59
2023-05-11,154.39,76.82
2023-05-12,155.96001,77.12
2023-05-15,156.00999,76.93
2023-05-16,155.74001,76.28
2023-05-17,155.08,76.24
2023-05-18,152.53,75.87
2023-05-19,153.17,75.92
2023-05-22,149.16,74.77
2023-05-23,147.55,74.22
2023-05-24,146.33,73.74
2023-05-25,145.39,73.18
2023-05-26,145.39999,73.43
2023-05-30,143.17999,72.59
2023-05-31,142.5,72.67
2023-06-01,143.96001,72.61
2023-06-02,146.52,73.61
2023-06-05,145.94,73.34
2023-06-06,144.49001,72.97
2023-06-07,144.8,72.73
2023-06-08,146.44,73.23
2023-06-09,146.56,73.11
2023-06-12,145.41,73.09
2023-06-13,145.06,73.39
2023-06-14,146.42,73.84
2023-06-15,148.45,74.58
2023-06-16,149.53999,74.67
2023-06-20,148.16,73.58
2023-06-21,149.44,73.84
2023-06-22,149.95,74.27
2023-06-23,148.46001,73.78
2023-06-26,148.61,73.88
2023-06-27,150.02,74.1
2023-06-28,149.99001,73.6
2023-06-29,149.38,73.53
2023-06-30,151.74001,74.17
2023-07-03,152.5,74.75
2023-07-05,152.24001,74.62
2023-07-06,151.99001,74.43
2023-07-07,148.8,73.46
2023-07-10,148.86,73.44
2023-07-11,148.08,73.55
2023-07-12,148.85001,73.72
2023-07-13,148.95,74.03
2023-07-14,150.05,74.28
2023-07-17,148.99001,74.06
2023-07-18,149.27,73.98
2023-07-19,150.28999,74.73
2023-07-20,150.56,75.37
2023-07-21,152.92999,75.63
2023-07-24,153.42,75.92
2023-07-25,153.78,75.9
2023-07-26,153.94,75.99
2023-07-27,152.11,75.32
2023-07-28,156.41,76.1
2023-07-31,156.3,75.75
2023-08-01,156.25,75.34
2023-08-02,156.59,75.61
2023-08-03,157.0,75.4
2023-08-04,155.28,74.65
2023-08-07,156.92,75.26
2023-08-08,157.09,74.72
2023-08-09,156.89,74.83
2023-08-10,156.11,74.68
2023-08-11,157.02,74.8
2023-08-14,155.78999,74.43
2023-08-15,154.78999,73.63
2023-08-16,153.21001,73.46
2023-08-17,152.11,72.75
2023-08-18,152.53999,73.02
2023-08-21,151.77,72.53
2023-08-22,151.83,72.12
2023-08-23,153.25,72.6
2023-08-24,152.53999,72.02
2023-08-25,153.53999,72.42
2023-08-28,153.78,72.75
2023-08-29,153.87,73.01
2023-08-30,154.03999,73.13
2023-08-31,154.34,72.76
2023-09-01,154.50999,72.14
2023-09-05,152.44,71.52
2023-09-06,152.14,71.44
2023-09-07,153.59,71.61
2023-09-08,152.92999,71.7
2023-09-11,154.75,72.32
2023-09-12,152.03,71.7
2023-09-13,153.09,71.92
2023-09-14,154.77,72.65
2023-09-15,153.47,72.05
2023-09-18,154.05,71.54
2023-09-19,153.60001,71.37
2023-09-20,153.47,71.44
2023-09-21,152.14,70.52
2023-09-22,151.58,70.14
2023-09-25,150.66,69.89
2023-09-26,149.32001,69.37
2023-09-27,147.34,68.8
2023-09-28,146.34,69.01
2023-09-29,145.86,68.81
2023-10-02,145.19,68.34
2023-10-03,145.49001,67.85
2023-10-04,145.97,68.39
2023-10-05,143.8,67.04
2023-10-06,144.09,66.67
2023-10-09,143.36,66.73
2023-10-10,144.78,67.41
2023-10-11,143.0,66.95
2023-10-12,143.32001,66.22
2023-10-13,144.69,66.8
2023-10-16,146.07001,67.49
2023-10-17,146.25999,67.78
2023-10-18,150.03,68.03
2023-10-19,148.25,67.53
2023-10-20,148.05,67.27
2023-10-23,148.14999,67.14
2023-10-24,149.89999,67.71
2023-10-25,150.60001,67.94
2023-10-26,149.8,67.5
2023-10-27,147.16,66.58
2023-10-30,149.25999,67.62
2023-10-31,150.03,67.86
2023-11-01,149.61,67.79
2023-11-02,151.44,68.67
2023-11-03,150.07001,68.75
2023-11-06,150.94,68.86
2023-11-07,150.59,69.03
2023-11-08,150.00999,68.76
2023-11-09,150.35001,68.48
2023-11-10,151.41,68.96
2023-11-13,152.46001,69.18
2023-11-14,152.12,69.89
2023-11-15,151.42,70.45
2023-11-16,152.83,69.58
2023-11-17,151.07001,69.49
2023-11-20,150.27,69.44
2023-11-21,149.61,69.65
2023-11-22,151.02,70.15
2023-11-24,151.38,70.41
2023-11-27,151.24001,70.21
2023-11-28,152.28999,70.53
2023-11-29,151.13,69.96
2023-11-30,153.52,70.66
2023-12-01,152.66,70.95
2023-12-04,152.06,71.04
2023-12-05,146.75999,70.48
2023-12-06,146.64999,70.3
2023-12-07,146.5,70.6
2023-12-08,145.14999,70.11
2023-12-11,145.82001,70.78
2023-12-12,145.94,71.01
2023-12-13,148.58,72.3
2023-12-14,144.66,71.24
2023-12-15,143.96001,71.24
2023-12-18,146.17,71.44
2023-12-19,146.17,71.58
2023-12-20,143.91,70.19
2023-12-21,144.25999,70.68
2023-12-22,145.28,71.22
2023-12-26,145.94,71.52
2023-12-27,146.06,71.85
2023-12-28,145.73,71.88
2023-12-29,146.53999,72.03
