date,PHM,XHB
2010-01-04,10.24,15.32
2010-01-05,10.37,15.43
2010-01-06,10.37,15.51
2010-01-07,11.21,16.15
2010-01-08,11.03,16.22
2010-01-11,10.97,16.17
2010-01-12,10.9,15.95
2010-01-13,11.32,15.98
2010-01-14,11.23,15.94
2010-01-15,11.0,15.63
2010-01-19,10.99,15.86
2010-01-20,10.9,15.55
2010-01-21,10.52,15.23
2010-01-22,10.22,14.95
2010-01-25,10.23,15.11
2010-01-26,10.35,15.1
2010-01-27,10.33,15.15
2010-01-28,10.56,15.15
2010-01-29,10.52,15.11
2010-02-01,10.56,15.16
2010-02-02,11.35,15.89
2010-02-03,11.37,15.68
2010-02-04,10.92,15.19
2010-02-05,10.88,15.02
2010-02-08,11.13,15.17
2010-02-09,11.08,15.45
2010-02-10,11.23,15.39
2010-02-11,11.71,15.76
2010-02-12,11.74,15.88
2010-02-16,11.66,16.17
2010-02-17,11.61,16.0
2010-02-18,11.49,16.04
2010-02-19,11.43,16.08
2010-02-22,11.38,16.15
2010-02-23,10.97,15.74
2010-02-24,10.81,15.72
2010-02-25,10.7,15.72
2010-02-26,10.83,15.91
2010-03-01,10.92,16.25
2010-03-02,10.77,16.15
2010-03-03,10.93,16.32
2010-03-04,10.87,16.26
2010-03-05,11.23,16.57
2010-03-08,11.42,16.81
2010-03-09,11.49,16.73
2010-03-10,11.36,16.76
2010-03-11,11.41,16.87
2010-03-12,11.23,16.82
2010-03-15,11.1,16.81
2010-03-16,11.39,16.96
2010-03-17,11.47,16.93
2010-03-18,11.5,16.86
2010-03-19,11.2,16.54
2010-03-22,11.47,16.8
2010-03-23,11.47,16.94
2010-03-24,11.65,16.9
2010-03-25,11.61,16.88
2010-03-26,11.72,16.96
2010-03-29,11.62,17.01
2010-03-30,11.43,17.03
2010-03-31,11.25,16.82
2010-04-01,11.12,16.98
2010-04-05,11.44,17.3
2010-04-06,11.16,17.17
2010-04-07,10.88,16.92
2010-04-08,10.89,17.27
2010-04-09,11.17,17.44
2010-04-12,11.23,17.66
2010-04-13,11.03,17.76
2010-04-14,11.38,18.31
2010-04-15,11.27,18.12
2010-04-16,11.1,17.86
2010-04-19,11.11,17.88
2010-04-20,11.46,18.17
2010-04-21,11.77,18.61
2010-04-22,12.48,19.31
2010-04-23,13.19,19.64
2010-04-26,13.04,19.5
2010-04-27,12.63,18.68
2010-04-28,12.86,18.92
2010-04-29,13.31,19.47
2010-04-30,13.09,19.1
2010-05-03,13.39,19.51
2010-05-04,13.1,18.86
2010-05-05,12.59,18.36
2010-05-06,11.91,17.66
2010-05-07,11.18,17.1
2010-05-10,12.23,18.39
2010-05-11,12.14,18.38
2010-05-12,12.19,18.89
2010-05-13,11.82,18.34
2010-05-14,11.59,17.96
2010-05-17,11.65,17.94
2010-05-18,11.53,17.63
2010-05-19,11.28,17.36
2010-05-20,10.76,16.62
2010-05-21,10.84,16.74
2010-05-24,10.66,16.58
2010-05-25,10.86,16.71
2010-05-26,10.81,16.78
2010-05-27,11.16,17.42
2010-05-28,11.14,17.22
2010-06-01,10.46,16.58
2010-06-02,10.74,16.86
2010-06-03,10.31,16.9
2010-06-04,9.82,16.03
2010-06-07,9.4,15.43
2010-06-08,9.4,15.38
2010-06-09,9.17,15.42
2010-06-10,9.77,16.13
2010-06-11,9.55,16.12
2010-06-14,9.48,16.23
2010-06-15,9.93,16.59
2010-06-16,9.75,16.41
2010-06-17,9.51,16.02
2010-06-18,9.36,15.82
2010-06-21,9.15,15.61
2010-06-22,8.86,15.23
2010-06-23,9.05,15.41
2010-06-24,9.01,15.11
2010-06-25,8.92,15.15
2010-06-28,8.8,15.12
2010-06-29,8.37,14.49
2010-06-30,8.28,14.32
2010-07-01,8.39,14.19
2010-07-02,8.16,14.02
2010-07-06,8.14,13.88
2010-07-07,8.5,14.51
2010-07-08,8.28,14.54
2010-07-09,8.6,14.88
2010-07-12,8.47,14.66
2010-07-13,8.8,15.23
2010-07-14,8.54,14.91
2010-07-15,8.53,14.95
2010-07-16,8.05,14.24
2010-07-19,7.93,14.2
2010-07-20,8.3,14.73
2010-07-21,8.05,14.51
2010-07-22,8.34,15.04
2010-07-23,8.66,15.42
2010-07-26,9.07,15.82
2010-07-27,8.94,15.27
2010-07-28,8.59,14.84
2010-07-29,8.8,14.94
2010-07-30,8.78,15.07
2010-08-02,8.98,15.46
2010-08-03,8.43,15.06
2010-08-04,8.38,15.02
2010-08-05,8.56,14.89
2010-08-06,8.67,14.99
2010-08-09,8.85,15.41
2010-08-10,8.59,14.96
2010-08-11,8.23,14.43
2010-08-12,7.94,14.188
2010-08-13,8.1,14.15
2010-08-16,7.98,14.11
2010-08-17,8.28,14.49
2010-08-18,8.36,14.81
2010-08-19,8.12,14.39
2010-08-20,8.04,14.35
2010-08-23,7.93,14.05
2010-08-24,7.84,13.96
2010-08-25,8.08,14.37
2010-08-26,7.86,14.14
2010-08-27,8.17,14.55
2010-08-30,8.05,14.19
2010-08-31,8.04,14.1525
2010-09-01,8.41,14.7225
2010-09-02,8.61,15.16
2010-09-03,8.79,15.36
2010-09-07,8.56,14.94
2010-09-08,8.6,15.01
2010-09-09,8.63,15.07
2010-09-10,8.75,15.18
2010-09-13,8.82,15.51
2010-09-14,8.75,15.39
2010-09-15,8.57,15.3
2010-09-16,8.24,15.13
2010-09-17,8.25,15.07
2010-09-20,8.66,15.57
2010-09-21,8.52,15.64
2010-09-22,8.39,15.4
2010-09-23,8.18,15.17
2010-09-24,8.42,15.71
2010-09-27,8.72,15.73
2010-09-28,8.85,15.91
2010-09-29,8.74,15.82
2010-09-30,8.76,15.8
2010-10-01,8.73,15.8
2010-10-04,8.64,15.59
2010-10-05,8.6,15.82
2010-10-06,8.48,15.82
2010-10-07,8.39,15.71
2010-10-08,8.23,15.91
2010-10-11,8.19,15.82
2010-10-12,8.28,15.84
2010-10-13,8.18,15.92
2010-10-14,8.08,15.75
2010-10-15,7.97,15.61
2010-10-18,8.21,15.54
2010-10-19,8.24,15.41
2010-10-20,8.13,15.5
2010-10-21,8.09,15.7
2010-10-22,8.24,15.66
2010-10-25,8.11,15.75
2010-10-26,7.97,15.67
2010-10-27,7.94,15.56
2010-10-28,7.86,15.45
2010-10-29,7.85,15.5
2010-11-01,7.79,15.52
2010-11-02,8.07,15.93
2010-11-03,7.45,15.87
2010-11-04,7.75,16.53
2010-11-05,7.86,16.66
2010-11-08,7.95,16.63
2010-11-09,7.75,16.26
2010-11-10,7.9,16.49
2010-11-11,7.87,16.55
2010-11-12,7.49,16.17
2010-11-15,7.08,15.89
2010-11-16,6.89,15.61
2010-11-17,6.74,15.6
2010-11-18,6.71,15.55
2010-11-19,6.5,15.56
2010-11-22,6.5,15.6
2010-11-23,6.27,15.4
2010-11-24,6.42,15.78
2010-11-26,6.21,15.59
2010-11-29,6.24,15.58
2010-11-30,6.26,15.64
2010-12-01,6.54,16.2
2010-12-02,6.75,16.65
2010-12-03,6.71,16.8
2010-12-06,6.68,16.89
2010-12-07,6.64,16.93
2010-12-08,6.84,16.96
2010-12-09,6.96,17.02
2010-12-10,7.02,17.15
2010-12-13,7.03,17.23
2010-12-14,6.82,17.13
2010-12-15,6.71,17.02
2010-12-16,6.88,17.25
2010-12-17,7.06,17.11
2010-12-20,7.27,17.36
2010-12-21,7.34,17.56
2010-12-22,7.64,17.6525
2010-12-23,7.38,17.46
2010-12-27,7.49,17.61
2010-12-28,7.37,17.43
2010-12-29,7.37,17.42
2010-12-30,7.44,17.43
2010-12-31,7.52,17.39
2011-01-03,7.78,17.65
2011-01-04,7.69,17.3275
2011-01-05,7.98,17.57
2011-01-06,8.23,17.69
2011-01-07,8.61,17.7675
2011-01-10,8.2,17.71
2011-01-11,8.28,17.94
2011-01-12,8.42,18.1325
2011-01-13,8.35,18.02
2011-01-14,8.69,18.3675
2011-01-18,8.55,18.32
2011-01-19,8.28,17.88
2011-01-20,8.38,17.86
2011-01-21,8.25,17.66
2011-01-24,8.43,17.93
2011-01-25,8.33,17.9625
2011-01-26,8.43,18.3125
2011-01-27,8.24,18.33
2011-01-28,8.08,17.81
2011-01-31,7.89,17.69
2011-02-01,8.1,18.0
2011-02-02,7.92,17.76
2011-02-03,7.54,17.6825
2011-02-04,7.54,17.7375
2011-02-07,7.61,18.0175
2011-02-08,7.78,18.355
2011-02-09,7.82,18.48
2011-02-10,7.65,18.42
2011-02-11,7.65,18.47
2011-02-14,7.47,18.35
2011-02-15,7.3,18.12
2011-02-16,7.48,18.46
2011-02-17,7.76,18.73
2011-02-18,7.78,18.6825
2011-02-22,7.2,17.9
2011-02-23,7.1,17.6
2011-02-24,6.97,17.57
2011-02-25,6.99,17.9
2011-02-28,6.9,17.85
2011-03-01,6.65,17.33
2011-03-02,6.79,17.5375
2011-03-03,6.75,17.9025
2011-03-04,6.64,17.74
2011-03-07,6.54,17.51
2011-03-08,7.09,18.1275
2011-03-09,7.14,18.25
2011-03-10,7.09,17.75
2011-03-11,7.01,17.87
2011-03-14,6.92,17.6
2011-03-15,7.01,17.94
2011-03-16,6.89,17.535
2011-03-17,6.93,17.6
2011-03-18,7.12,17.78
2011-03-21,7.2,18.0525
2011-03-22,7.14,17.89
2011-03-23,7.4,17.99
2011-03-24,7.42,18.13
2011-03-25,7.57,18.25
2011-03-28,7.66,18.14
2011-03-29,7.65,18.16
2011-03-30,7.44,18.23
2011-03-31,7.4,18.21
2011-04-01,7.48,18.35
2011-04-04,7.33,18.22
2011-04-05,7.43,18.27
2011-04-06,7.59,18.39
2011-04-07,7.79,18.61
2011-04-08,7.82,18.49
2011-04-11,7.78,18.44
2011-04-12,7.7,18.33
2011-04-13,7.69,18.32
2011-04-14,7.66,18.34
2011-04-15,7.82,18.53
2011-04-18,7.84,18.42
2011-04-19,8.24,18.61
2011-04-20,8.15,18.82
2011-04-21,7.78,18.82
2011-04-25,7.8,18.79
2011-04-26,7.79,18.91
2011-04-27,7.98,19.0
2011-04-28,8.24,19.05
2011-04-29,8.13,19.05
2011-05-02,7.96,18.88
2011-05-03,7.78,18.69
2011-05-04,8.0,18.58
2011-05-05,8.02,18.7
2011-05-06,7.96,18.72
2011-05-09,7.79,18.72
2011-05-10,7.77,18.93
2011-05-11,7.52,18.63
2011-05-12,7.66,18.75
2011-05-13,7.6,18.56
2011-05-16,7.61,18.36
2011-05-17,7.61,18.24
2011-05-18,7.57,18.51
2011-05-19,7.57,18.53
2011-05-20,7.73,18.43
2011-05-23,7.53,18.2
2011-05-24,7.47,18.12
2011-05-25,7.49,18.32
2011-05-26,7.86,18.53
2011-05-27,8.2,18.7
2011-05-31,8.44,18.9
2011-06-01,8.04,18.41
2011-06-02,7.8,18.22
2011-06-03,7.82,17.9
2011-06-06,7.41,17.55
2011-06-07,7.21,17.47
2011-06-08,6.97,17.2
2011-06-09,7.04,17.4
2011-06-10,6.93,17.07
2011-06-13,6.97,17.17
2011-06-14,7.24,17.59
2011-06-15,7.0,17.195
2011-06-16,7.11,17.29
2011-06-17,7.19,17.43
2011-06-20,7.29,17.68
2011-06-21,7.46,18.01
2011-06-22,7.49,17.89
2011-06-23,7.58,18.1
2011-06-24,7.52,17.89
2011-06-27,7.68,17.92
2011-06-28,7.89,18.14
2011-06-29,7.58,18.01
2011-06-30,7.66,18.06
2011-07-01,7.82,18.45
2011-07-05,7.71,18.39
2011-07-06,7.58,18.35
2011-07-07,7.84,18.51
2011-07-08,7.77,18.3
2011-07-11,7.41,17.83
2011-07-12,7.29,17.769
2011-07-13,7.24,17.83
2011-07-14,7.09,17.68
2011-07-15,7.09,17.58
2011-07-18,6.94,17.31
2011-07-19,7.18,17.77
2011-07-20,7.19,17.74
2011-07-21,7.41,17.86
2011-07-22,7.34,17.7
2011-07-25,7.29,17.5
2011-07-26,7.27,17.265
2011-07-27,7.0,16.85
2011-07-28,6.8,16.72
2011-07-29,6.87,16.78
2011-08-01,6.69,16.58
2011-08-02,6.25,15.851
2011-08-03,6.04,15.88
2011-08-04,5.54,14.96
2011-08-05,5.28,14.84
2011-08-08,4.6,13.57
2011-08-09,4.67,14.13
2011-08-10,4.24,13.4
2011-08-11,4.44,14.03
2011-08-12,4.52,14.26
2011-08-15,4.84,14.67
2011-08-16,4.83,14.54
2011-08-17,4.7,14.33
2011-08-18,4.16,13.47
2011-08-19,3.91,13.18
2011-08-22,3.76,13.17
2011-08-23,3.61,13.49
2011-08-24,3.76,13.86
2011-08-25,4.24,13.89
2011-08-26,4.48,14.31
2011-08-29,4.62,15.0
2011-08-30,4.95,15.17
2011-08-31,4.8,15.07
2011-09-01,4.6,14.77
2011-09-02,4.38,14.22
2011-09-06,4.21,14.16
2011-09-07,4.58,14.65
2011-09-08,4.48,14.305
2011-09-09,4.3,13.86
2011-09-12,4.26,14.0
2011-09-13,4.3,14.1
2011-09-14,4.4,14.5
2011-09-15,4.5,14.62
2011-09-16,4.46,14.59
2011-09-19,4.38,14.44
2011-09-20,4.51,14.33
2011-09-21,4.37,13.81
2011-09-22,4.06,13.26
2011-09-23,4.05,13.44
2011-09-26,4.11,13.88
2011-09-27,4.16,14.02
2011-09-28,3.98,13.575
2011-09-29,4.14,13.83
2011-09-30,3.95,13.29
2011-10-03,3.54,12.55
2011-10-04,3.64,13.2
2011-10-05,3.92,13.66
2011-10-06,4.03,14.06
2011-10-07,4.01,13.83
2011-10-10,4.23,14.49
2011-10-11,4.24,14.51
2011-10-12,4.41,14.77
2011-10-13,4.36,14.71
2011-10-14,4.43,15.03
2011-10-17,4.01,14.49
2011-10-18,4.46,15.35
2011-10-19,4.43,15.18
2011-10-20,4.67,15.4
2011-10-21,4.9,16.025
2011-10-24,5.21,16.49
2011-10-25,4.81,16.03
2011-10-26,4.93,16.38
2011-10-27,5.41,16.98
2011-10-28,5.5,16.58
2011-10-31,5.18,16.14
2011-11-01,5.0,15.52
2011-11-02,5.22,15.87
2011-11-03,5.53,16.16
2011-11-04,5.48,16.17
2011-11-07,5.74,16.26
2011-11-08,5.98,16.62
2011-11-09,5.54,15.817
2011-11-10,5.61,16.0
2011-11-11,5.76,16.49
2011-11-14,5.54,16.31
2011-11-15,5.53,16.48
2011-11-16,5.59,16.35
2011-11-17,5.46,16.07
2011-11-18,5.47,15.99
2011-11-21,5.38,15.61
2011-11-22,5.42,15.56
2011-11-23,5.15,15.07
2011-11-25,5.22,14.96
2011-11-28,5.52,15.51
2011-11-29,5.66,15.72
2011-11-30,6.11,16.54
2011-12-01,6.08,16.63
2011-12-02,6.16,16.79
2011-12-05,6.39,17.12
2011-12-06,6.48,17.15
2011-12-07,6.45,17.22
2011-12-08,6.07,16.66
2011-12-09,6.32,17.14
2011-12-12,6.22,16.92
2011-12-13,5.96,16.33
2011-12-14,5.6,15.83
2011-12-15,5.74,16.04
2011-12-16,5.76,16.13
2011-12-19,5.59,15.95
2011-12-20,6.17,16.79
2011-12-21,6.31,17.03
2011-12-22,6.2,17.095
2011-12-23,6.08,17.085
2011-12-27,6.05,17.005
2011-12-28,5.95,16.65
2011-12-29,6.31,17.25
2011-12-30,6.31,17.1
2012-01-03,6.52,17.37
2012-01-04,6.54,17.58
2012-01-05,7.04,18.03
2012-01-06,7.1,17.93
2012-01-09,7.25,18.03
2012-01-10,7.34,18.35
2012-01-11,7.7,18.65
2012-01-12,7.69,18.65
2012-01-13,7.62,18.43
2012-01-17,7.5,18.47
2012-01-18,7.94,19.12
2012-01-19,8.08,19.17
2012-01-20,7.76,18.68
2012-01-23,7.42,18.6
2012-01-24,7.76,18.9
2012-01-25,7.99,19.3
2012-01-26,7.8,19.05
2012-01-27,7.79,19.2
2012-01-30,7.63,18.94
2012-01-31,7.45,18.67
2012-02-01,7.83,19.24
2012-02-02,7.75,19.45
2012-02-03,8.3,20.29
2012-02-06,8.26,20.23
2012-02-07,8.37,20.155
2012-02-08,8.65,20.21
2012-02-09,9.07,20.25
2012-02-10,8.79,19.955
2012-02-13,9.09,20.35
2012-02-14,9.08,20.12
2012-02-15,9.03,19.86
2012-02-16,8.87,20.02
2012-02-17,8.91,20.1
2012-02-21,8.59,19.85
2012-02-22,8.33,19.56
2012-02-23,8.73,19.94
2012-02-24,8.49,19.65
2012-02-27,8.53,19.97
2012-02-28,8.3,19.91
2012-02-29,8.82,20.125
2012-03-01,8.59,20.07
2012-03-02,8.46,19.805
2012-03-05,8.43,19.9
2012-03-06,8.17,19.3
2012-03-07,8.5,19.75
2012-03-08,8.92,20.21
2012-03-09,9.02,20.61
2012-03-12,9.06,20.74
2012-03-13,9.48,21.41
2012-03-14,9.34,21.29
2012-03-15,9.61,21.83
2012-03-16,9.29,21.51
2012-03-19,9.16,21.54
2012-03-20,9.21,21.37
2012-03-21,9.39,21.6
2012-03-22,9.12,21.33
2012-03-23,8.88,21.23
2012-03-26,8.79,21.485
2012-03-27,9.06,21.67
2012-03-28,9.48,21.72
2012-03-29,9.26,21.57
2012-03-30,8.85,21.35
2012-04-02,8.67,21.19
2012-04-03,8.64,21.19
2012-04-04,8.48,20.99
2012-04-05,8.26,20.99
2012-04-09,8.23,20.82
2012-04-10,7.69,19.94
2012-04-11,8.39,20.51
2012-04-12,8.66,21.03
2012-04-13,8.54,20.73
2012-04-16,8.43,20.8
2012-04-17,8.65,21.08
2012-04-18,8.37,20.79
2012-04-19,8.23,20.525
2012-04-20,8.37,20.5
2012-04-23,8.22,20.24
2012-04-24,8.6,20.53
2012-04-25,8.7,20.94
2012-04-26,9.58,21.35
2012-04-27,10.07,21.9
2012-04-30,9.84,21.515
2012-05-01,10.03,21.78
2012-05-02,10.27,22.21
2012-05-03,10.06,21.84
2012-05-04,9.94,21.47
2012-05-07,10.0,21.46
2012-05-08,9.61,21.19
2012-05-09,9.86,21.35
2012-05-10,9.68,21.27
2012-05-11,9.84,21.54
2012-05-14,9.56,21.11
2012-05-15,9.73,21.23
2012-05-16,9.49,21.06
2012-05-17,8.68,19.97
2012-05-18,8.49,19.73
2012-05-21,8.86,20.13
2012-05-22,9.08,20.47
2012-05-23,9.3,20.68
2012-05-24,9.4,20.95
2012-05-25,9.33,21.04
2012-05-29,9.52,21.52
2012-05-30,9.19,20.77
2012-05-31,9.36,20.71
2012-06-01,8.26,19.54
2012-06-04,7.7,19.06
2012-06-05,8.16,19.53
2012-06-06,8.76,19.91
2012-06-07,8.88,19.98
2012-06-08,8.98,20.38
2012-06-11,8.41,19.7
2012-06-12,8.58,20.025
2012-06-13,8.41,19.59
2012-06-14,8.85,20.09
2012-06-15,9.02,20.23
2012-06-18,9.33,20.63
2012-06-19,9.61,20.85
2012-06-20,9.53,20.66
2012-06-21,9.14,19.705
2012-06-22,9.39,19.85
2012-06-25,9.23,19.55
2012-06-26,9.72,19.97
2012-06-27,9.88,20.32
2012-06-28,9.98,20.52
2012-06-29,10.7,21.345
2012-07-02,10.91,21.53
2012-07-03,10.85,21.61
2012-07-05,11.13,21.85
2012-07-06,11.1,21.69
2012-07-09,11.09,21.58
2012-07-10,10.79,21.15
2012-07-11,10.54,20.94
2012-07-12,10.84,21.24
2012-07-13,11.0,21.62
2012-07-16,10.93,21.395
2012-07-17,11.17,21.42
2012-07-18,10.8,21.56
2012-07-19,10.47,21.71
2012-07-20,10.86,21.63
2012-07-23,11.01,21.57
2012-07-24,10.48,21.115
2012-07-25,10.02,20.89
2012-07-26,11.86,21.52
2012-07-27,12.01,21.875
2012-07-30,11.6,21.5
2012-07-31,11.3,21.04
2012-08-01,11.04,20.84
2012-08-02,11.57,20.97
2012-08-03,11.48,21.44
2012-08-06,11.49,21.59
2012-08-07,11.71,21.99
2012-08-08,12.09,22.17
2012-08-09,12.67,22.43
2012-08-10,12.48,22.14
2012-08-13,12.44,22.2
2012-08-14,12.7,22.3
2012-08-15,12.78,22.37
2012-08-16,13.6,23.09
2012-08-17,13.38,23.43
2012-08-20,13.01,23.0
2012-08-21,12.79,22.91
2012-08-22,13.29,23.27
2012-08-23,13.32,23.16
2012-08-24,13.51,23.42
2012-08-27,13.24,23.29
2012-08-28,13.28,23.33
2012-08-29,13.4,23.48
2012-08-30,13.35,23.3
2012-08-31,13.68,23.59
2012-09-04,13.75,23.86
2012-09-05,14.04,23.78
2012-09-06,14.61,24.35
2012-09-07,14.75,24.39
2012-09-10,14.51,24.28
2012-09-11,14.67,24.39
2012-09-12,15.55,24.87
2012-09-13,16.02,25.295
2012-09-14,16.52,25.87
2012-09-17,16.13,25.47
2012-09-18,15.76,25.215
2012-09-19,16.43,25.66
2012-09-20,16.72,25.71
2012-09-21,16.98,25.93
2012-09-24,16.76,25.621
2012-09-25,16.06,25.175
2012-09-26,15.3,24.6
2012-09-27,15.64,25.04
2012-09-28,15.5,24.83
2012-10-01,15.31,24.7
2012-10-02,15.56,24.83
2012-10-03,16.5,25.38
2012-10-04,16.57,25.56
2012-10-05,16.63,25.84
2012-10-08,16.09,25.64
2012-10-09,15.77,25.01
2012-10-10,15.89,24.93
2012-10-11,15.69,24.74
2012-10-12,15.61,24.62
2012-10-15,16.4,25.18
2012-10-16,16.56,25.39
2012-10-17,17.44,25.88
2012-10-18,17.65,26.17
2012-10-19,17.89,26.11
2012-10-22,17.79,26.01
2012-10-23,17.31,25.89
2012-10-24,17.45,25.91
2012-10-25,17.01,25.62
2012-10-26,17.28,25.52
2012-10-31,17.34,26.04
2012-11-01,17.78,26.83
2012-11-02,17.37,26.36
2012-11-05,17.84,26.74
2012-11-06,17.89,26.7
2012-11-07,17.76,26.43
2012-11-08,17.37,25.96
2012-11-09,16.8,25.67
2012-11-12,16.25,25.29
2012-11-13,16.17,25.3
2012-11-14,15.235,24.61
2012-11-15,15.24,24.35
2012-11-16,15.68,24.89
2012-11-19,15.9,25.39
2012-11-20,16.75,25.97
2012-11-21,16.83,26.03
2012-11-23,17.03,26.37
2012-11-26,17.08,26.23
2012-11-27,17.11,26.22
2012-11-28,17.0,26.27
2012-11-29,17.13,26.28
2012-11-30,16.81,26.32
2012-12-03,16.95,26.21
2012-12-04,17.09,26.29
2012-12-05,16.2,25.65
2012-12-06,16.28,25.57
2012-12-07,16.45,25.58
2012-12-10,16.4,25.5487
2012-12-11,16.48,25.43
2012-12-12,17.11,25.85
2012-12-13,17.16,25.8
2012-12-14,17.14,25.6
2012-12-17,18.04,26.34
2012-12-18,18.61,26.89
2012-12-19,18.46,26.77
2012-12-20,18.49,26.86
2012-12-21,18.19,26.45
2012-12-24,18.15,26.29
2012-12-26,17.79,26.03
2012-12-27,17.76,26.03
2012-12-28,17.6,25.9
2012-12-31,18.16,26.6
2013-01-02,18.6,27.31
2013-01-03,18.57,27.39
2013-01-04,19.06,27.61
2013-01-07,19.31,27.42
2013-01-08,19.5,27.51
2013-01-09,19.49,27.75
2013-01-10,19.41,27.73
2013-01-11,19.34,27.77
2013-01-14,19.1,27.66
2013-01-15,19.47,27.87
2013-01-16,19.34,27.64
2013-01-17,20.37,28.15
2013-01-18,20.49,28.21
2013-01-22,20.55,28.31
2013-01-23,20.84,28.53
2013-01-24,20.98,28.84
2013-01-25,21.67,29.11
2013-01-28,20.96,28.81
2013-01-29,21.11,29.1
2013-01-30,21.05,28.82
2013-01-31,20.74,28.82
2013-02-01,20.35,28.75
2013-02-04,19.68,28.41
2013-02-05,19.74,28.63
2013-02-06,19.69,28.59
2013-02-07,19.4,28.31
2013-02-08,19.47,28.42
2013-02-11,19.3,28.38
2013-02-12,20.32,29.24
2013-02-13,20.23,29.26
2013-02-14,20.27,29.15
2013-02-15,20.31,29.08
2013-02-19,19.95,29.02
2013-02-20,18.6,27.73
2013-02-21,18.75,27.59
2013-02-22,18.9,27.94
2013-02-25,18.02,26.97
2013-02-26,19.05,27.77
2013-02-27,19.3,28.37
2013-02-28,19.18,28.3
2013-03-01,19.25,28.39
2013-03-04,19.72,28.75
2013-03-05,20.22,29.19
2013-03-06,20.08,29.2484
2013-03-07,20.19,29.19
2013-03-08,20.26,29.51
2013-03-11,20.15,29.68
2013-03-12,19.75,29.39
2013-03-13,19.87,29.53
2013-03-14,20.56,29.8
2013-03-15,20.75,29.7
2013-03-18,20.75,29.78
2013-03-19,20.82,29.8
2013-03-20,21.38,30.52
2013-03-21,20.97,29.93
2013-03-22,20.65,30.01
2013-03-25,20.35,29.89
2013-03-26,20.17,29.96
2013-03-27,20.32,30.13
2013-03-28,20.24,30.06
2013-04-01,20.12,29.55
2013-04-02,19.86,29.35
2013-04-03,19.01,28.52
2013-04-04,18.98,28.7
2013-04-05,19.13,28.91
2013-04-08,19.73,29.49
2013-04-09,19.45,29.27
2013-04-10,19.25,29.45
2013-04-11,19.32,29.56
2013-04-12,19.22,29.64
2013-04-15,17.85,28.17
2013-04-16,18.6,28.74
2013-04-17,18.26,28.38
2013-04-18,17.54,28.02
2013-04-19,17.99,28.7
2013-04-22,18.31,28.91
2013-04-23,19.4,29.65
2013-04-24,19.69,29.98
2013-04-25,20.79,30.4
2013-04-26,21.35,30.49
2013-04-29,21.21,30.5
2013-04-30,20.99,30.29
2013-05-01,20.9,29.83
2013-05-02,21.93,30.48
2013-05-03,22.32,30.86
2013-05-06,22.64,31.17
2013-05-07,22.87,31.28
2013-05-08,22.86,31.4
2013-05-09,22.85,31.47
2013-05-10,23.22,31.91
2013-05-13,23.39,31.92
2013-05-14,24.25,32.35
2013-05-15,23.98,32.44
2013-05-16,23.35,31.9
2013-05-17,23.95,32.42
2013-05-20,23.61,32.13
2013-05-21,23.05,32.06
2013-05-22,22.43,31.62
2013-05-23,22.53,31.79
2013-05-24,22.73,31.72
2013-05-28,22.79,31.93
2013-05-29,22.05,31.2
2013-05-30,22.11,31.22
2013-05-31,21.59,30.8999
2013-06-03,21.32,30.63
2013-06-04,20.56,29.98
2013-06-05,20.16,29.6
2013-06-06,21.1,30.29
2013-06-07,21.06,30.51
2013-06-10,20.64,30.26
2013-06-11,20.11,29.81
2013-06-12,20.01,29.75
2013-06-13,20.94,30.83
2013-06-14,20.86,30.83
2013-06-17,21.42,31.29
2013-06-18,21.49,31.57
2013-06-19,20.76,30.85
2013-06-20,18.87,29.365
2013-06-21,18.81,28.87
2013-06-24,18.31,28.42
2013-06-25,19.02,28.83
2013-06-26,19.03,29.09
2013-06-27,19.38,29.81
2013-06-28,18.97,29.42
2013-07-01,19.11,29.72
2013-07-02,19.0,29.45
2013-07-03,19.15,29.61
2013-07-05,18.59,29.45
2013-07-08,18.06,29.22
2013-07-09,19.05,30.03
2013-07-10,19.02,30.06
2013-07-11,20.39,31.14
2013-07-12,20.22,31.15
2013-07-15,19.54,30.85
2013-07-16,19.28,30.57
2013-07-17,19.49,30.66
2013-07-18,19.11,30.58
2013-07-19,19.36,30.79
2013-07-22,19.14,30.7
2013-07-23,19.34,30.83
2013-07-24,18.45,30.19
2013-07-25,16.55,29.77
2013-07-26,16.36,29.61
2013-07-29,16.39,29.41
2013-07-30,16.18,29.7
2013-07-31,16.63,30.09
2013-08-01,16.72,30.34
2013-08-02,17.22,30.8
2013-08-05,16.86,30.61
2013-08-06,16.19,29.91
2013-08-07,15.78,29.43
2013-08-08,15.76,29.62
2013-08-09,15.67,29.53
2013-08-12,15.73,29.69
2013-08-13,15.37,29.44
2013-08-14,15.11,28.93
2013-08-15,15.91,28.97
2013-08-16,16.28,28.991
2013-08-19,15.65,28.32
2013-08-20,16.19,29.07
2013-08-21,16.1,28.98
2013-08-22,16.32,29.49
2013-08-23,16.06,29.08
2013-08-26,16.15,29.27
2013-08-27,15.59,28.62
2013-08-28,15.38,28.58
2013-08-29,15.86,28.92
2013-08-30,15.39,28.55
2013-09-03,15.39,28.57
2013-09-04,15.32,28.7
2013-09-05,15.25,28.64
2013-09-06,15.47,29.0
2013-09-09,16.63,29.99
2013-09-10,16.29,30.03
2013-09-11,16.59,30.24
2013-09-12,16.53,30.13
2013-09-13,16.52,30.225
2013-09-16,17.14,30.46
2013-09-17,17.0,30.76
2013-09-18,17.93,31.725
2013-09-19,17.62,31.335
2013-09-20,17.12,30.74
2013-09-23,16.75,30.4
2013-09-24,17.1,30.78
2013-09-25,17.18,30.82
2013-09-26,16.98,30.88
2013-09-27,16.57,30.65
2013-09-30,16.5,30.599
2013-10-01,16.67,30.81
2013-10-02,16.91,30.86
2013-10-03,16.5,30.43
2013-10-04,16.2,30.26
2013-10-07,16.02,29.85
2013-10-08,15.59,29.16
2013-10-09,15.58,29.095
2013-10-10,15.86,29.71
2013-10-11,16.11,30.21
2013-10-14,15.99,29.97
2013-10-15,15.54,29.35
2013-10-16,16.02,29.62
2013-10-17,16.66,29.88
2013-10-18,16.58,29.88
2013-10-21,16.38,29.71
2013-10-22,16.53,30.41
2013-10-23,16.68,30.55
2013-10-24,17.85,31.25
2013-10-25,18.04,31.17
2013-10-28,18.02,31.03
2013-10-29,18.21,31.36
2013-10-30,18.0,30.985
2013-10-31,17.65,30.515
2013-11-01,17.55,30.34
2013-11-04,17.83,30.72
2013-11-05,17.53,30.47
2013-11-06,17.77,30.48
2013-11-07,17.51,30.17
2013-11-08,16.85,30.2
2013-11-11,16.71,30.18
2013-11-12,16.76,30.33
2013-11-13,17.03,30.73
2013-11-14,17.86,31.23
2013-11-15,18.1,31.39
2013-11-18,18.28,31.12
2013-11-19,18.21,31.06
2013-11-20,18.12,30.95
2013-11-21,18.38,31.609
2013-11-22,18.22,31.38
2013-11-25,18.15,31.37
2013-11-26,18.95,32.02
2013-11-27,18.85,32.03
2013-11-29,18.76,31.94
2013-12-02,18.5,31.34
2013-12-03,18.43,31.13
2013-12-04,18.35,30.98
2013-12-05,17.99,30.87
2013-12-06,18.18,31.3
2013-12-09,18.33,31.42
2013-12-10,18.43,31.25
2013-12-11,18.07,30.78
2013-12-12,18.06,30.79
2013-12-13,18.03,30.79
2013-12-16,18.11,31.02
2013-12-17,18.02,31.08
2013-12-18,18.41,32.02
2013-12-19,18.25,31.76
2013-12-20,18.62,32.14
2013-12-23,19.71,32.87
2013-12-24,19.73,32.88
2013-12-26,19.98,32.96
2013-12-27,20.07,32.97
2013-12-30,20.13,33.13
2013-12-31,20.37,33.3
2014-01-02,20.08,33.1
2014-01-03,20.04,33.15
2014-01-06,19.84,32.53
2014-01-07,19.54,32.54
2014-01-08,19.78,32.81
2014-01-09,19.79,32.43
2014-01-10,20.16,32.82
2014-01-13,19.4,32.08
2014-01-14,19.52,32.3
2014-01-15,19.47,32.24
2014-01-16,19.69,32.26
2014-01-17,19.36,31.84
2014-01-21,19.2,31.83
2014-01-22,19.63,32.17
2014-01-23,19.65,32.2
2014-01-24,18.84,31.2
2014-01-27,18.71,31.05
2014-01-28,19.45,31.62
2014-01-29,19.43,31.29
2014-01-30,19.77,31.27
2014-01-31,20.32,31.57
2014-02-03,19.69,30.58
2014-02-04,19.87,30.96
2014-02-05,19.49,30.87
2014-02-06,20.13,31.73
2014-02-07,19.8,31.99
2014-02-10,19.35,31.8
2014-02-11,19.67,31.93
2014-02-12,19.6,32.17
2014-02-13,19.82,32.32
2014-02-14,20.02,32.54
2014-02-18,19.79,32.47
2014-02-19,19.66,32.3
2014-02-20,20.02,32.59
2014-02-21,20.37,32.83
2014-02-24,20.42,32.9
2014-02-25,20.68,33.09
2014-02-26,21.25,33.97
2014-02-27,21.29,34.21
2014-02-28,20.99,34.03
2014-03-03,20.81,33.69
2014-03-04,20.91,34.0
2014-03-05,20.64,33.94
2014-03-06,20.58,33.84
2014-03-07,20.31,33.66
2014-03-10,20.0,33.33
2014-03-11,19.93,33.21
2014-03-12,19.67,33.17
2014-03-13,19.18,32.61
2014-03-14,19.15,32.67
2014-03-17,19.22,33.01
2014-03-18,19.48,33.3
2014-03-19,19.61,33.26
2014-03-20,19.4,32.88
2014-03-21,19.11,32.44
2014-03-24,18.84,32.2
2014-03-25,18.8,32.3
2014-03-26,18.57,31.73
2014-03-27,18.68,31.68
2014-03-28,19.01,32.24
2014-03-31,19.19,32.55
2014-04-01,19.63,32.88
2014-04-02,19.69,33.02
2014-04-03,19.71,32.94
2014-04-04,19.49,32.66
2014-04-07,19.03,31.77
2014-04-08,19.12,31.89
2014-04-09,19.15,32.14
2014-04-10,18.94,31.58
2014-04-11,18.71,31.25
2014-04-14,18.76,31.23
2014-04-15,18.69,31.18
2014-04-16,18.9,31.53
2014-04-17,18.71,31.43
2014-04-21,18.72,31.5
2014-04-22,18.67,31.81
2014-04-23,18.57,31.38
2014-04-24,18.99,31.71
2014-04-25,18.44,31.01
2014-04-28,18.25,30.99
2014-04-29,18.32,30.96
2014-04-30,18.39,31.0
2014-05-01,18.53,31.3
2014-05-02,18.71,31.76
2014-05-05,18.51,31.35
2014-05-06,18.27,30.725
2014-05-07,18.2,30.71
2014-05-08,18.16,30.69
2014-05-09,18.32,30.97
2014-05-12,18.84,31.65
2014-05-13,19.1,31.48
2014-05-14,18.72,30.8
2014-05-15,18.82,30.55
2014-05-16,18.84,30.87
2014-05-19,18.76,30.87
2014-05-20,18.6,30.59
2014-05-21,18.81,30.7
2014-05-22,19.22,31.28
2014-05-23,19.7,31.78
2014-05-27,19.8,31.85
2014-05-28,19.76,31.62
2014-05-29,19.74,31.63
2014-05-30,19.56,31.5
2014-06-02,19.65,31.51
2014-06-03,19.69,31.56
2014-06-04,19.61,31.64
2014-06-05,19.88,31.91
2014-06-06,20.13,32.41
2014-06-09,20.23,32.77
2014-06-10,20.13,32.54
2014-06-11,19.63,32.12
2014-06-12,19.58,31.92
2014-06-13,19.42,31.78
2014-06-16,19.55,32.06
2014-06-17,19.62,32.2
2014-06-18,19.52,32.3
2014-06-19,19.67,32.33
2014-06-20,19.65,32.15
2014-06-23,19.9,32.21
2014-06-24,19.96,32.21
2014-06-25,19.98,32.46
2014-06-26,19.85,32.35
2014-06-27,20.08,32.52
2014-06-30,20.16,32.75
2014-07-01,20.5,33.02
2014-07-02,20.31,32.71
2014-07-03,20.33,33.0
2014-07-07,20.0,32.46
2014-07-08,19.99,32.27
2014-07-09,20.03,32.03
2014-07-10,19.85,31.5
2014-07-11,19.74,31.37
2014-07-14,19.63,31.37
2014-07-15,19.68,31.11
2014-07-16,19.96,31.35
2014-07-17,19.49,30.73
2014-07-18,19.49,30.95
2014-07-21,19.23,30.99
2014-07-22,19.45,31.4
2014-07-23,19.84,31.58
2014-07-24,19.24,31.06
2014-07-25,18.73,30.75
2014-07-28,18.55,30.27
2014-07-29,18.39,30.15
2014-07-30,18.14,30.02
2014-07-31,17.65,29.46
2014-08-01,17.64,29.51
2014-08-04,17.77,29.765
2014-08-05,17.61,29.66
2014-08-06,17.6,29.71
2014-08-07,17.54,29.59
2014-08-08,18.07,30.34
2014-08-11,18.02,30.42
2014-08-12,17.86,30.17
2014-08-13,17.99,30.32
2014-08-14,18.35,30.8
2014-08-15,18.27,30.58
2014-08-18,18.78,31.14
2014-08-19,19.06,31.77
2014-08-20,19.12,31.77
2014-08-21,19.12,31.74
2014-08-22,19.09,31.85
2014-08-25,19.07,31.68
2014-08-26,19.09,31.77
2014-08-27,19.16,31.79
2014-08-28,19.09,31.5
2014-08-29,19.22,31.55
2014-09-02,18.9,31.55
2014-09-03,18.18,31.18
2014-09-04,18.54,31.36
2014-09-05,18.53,31.47
2014-09-08,18.6,31.41
2014-09-09,18.7,31.24
2014-09-10,19.06,31.34
2014-09-11,19.07,31.34
2014-09-12,18.78,31.0
2014-09-15,18.94,30.94
2014-09-16,18.93,31.1
2014-09-17,19.4,31.49
2014-09-18,19.08,31.18
2014-09-19,18.82,30.84
2014-09-22,18.33,30.27
2014-09-23,18.41,30.15
2014-09-24,18.33,30.33
2014-09-25,18.03,30.02
2014-09-26,17.89,30.11
2014-09-29,17.74,29.96
2014-09-30,17.66,29.59
2014-10-01,17.59,29.16
2014-10-02,17.78,29.45
2014-10-03,17.96,29.77
2014-10-06,18.19,29.78
2014-10-07,18.12,29.37
2014-10-08,18.31,29.75
2014-10-09,17.9,29.14
2014-10-10,17.04,28.61
2014-10-13,16.66,28.02
2014-10-14,16.99,28.29
2014-10-15,17.59,28.74
2014-10-16,17.39,28.89
2014-10-17,18.23,29.36
2014-10-20,18.81,29.99
2014-10-21,19.14,30.49
2014-10-22,19.18,30.22
2014-10-23,19.51,30.69
2014-10-24,19.54,30.76
2014-10-27,19.37,30.76
2014-10-28,19.35,31.1
2014-10-29,19.2,30.75
2014-10-30,19.1,31.02
2014-10-31,19.19,31.13
2014-11-03,19.4,31.28
2014-11-04,19.1,31.03
2014-11-05,19.2,31.13
2014-11-06,19.6,31.71
2014-11-07,19.96,31.82
2014-11-10,20.31,31.93
2014-11-11,20.97,32.31
2014-11-12,20.69,32.3
2014-11-13,20.81,32.2
2014-11-14,20.92,32.27
2014-11-17,20.97,32.17
2014-11-18,21.3,32.25
2014-11-19,20.95,32.41
2014-11-20,21.36,33.1
2014-11-21,21.67,33.27
2014-11-24,21.58,33.6
2014-11-25,21.46,33.5
2014-11-26,21.5,33.33
2014-11-28,21.63,33.47
2014-12-01,21.68,33.12
2014-12-02,21.67,33.22
2014-12-03,21.47,33.35
2014-12-04,21.72,33.19
2014-12-05,21.54,33.26
2014-12-08,21.26,33.1
2014-12-09,21.22,33.19
2014-12-10,20.47,32.36
2014-12-11,20.51,32.63
2014-12-12,20.19,32.3
2014-12-15,19.95,32.24
2014-12-16,19.79,31.925
2014-12-17,20.47,32.83
2014-12-18,20.93,33.31
2014-12-19,20.9,33.28
2014-12-22,20.89,33.42
2014-12-23,20.94,33.61
2014-12-24,20.96,33.61
2014-12-26,21.0,33.69
2014-12-29,21.14,34.01
2014-12-30,21.31,34.0
2014-12-31,21.46,34.12
2015-01-02,21.26,33.81
2015-01-05,20.95,33.45
2015-01-06,20.7,33.16
2015-01-07,21.72,34.07
2015-01-08,22.39,34.89
2015-01-09,22.64,34.93
2015-01-12,22.69,35.08
2015-01-13,22.13,34.55
2015-01-14,22.23,34.46
2015-01-15,21.03,33.04
2015-01-16,21.57,33.65
2015-01-20,20.8,33.09
2015-01-21,21.01,33.42
2015-01-22,20.93,33.84
2015-01-23,20.69,33.82
2015-01-26,21.21,34.35
2015-01-27,20.96,34.4
2015-01-28,20.58,34.33
2015-01-29,21.82,35.01
2015-01-30,20.59,34.29
2015-02-02,20.56,34.55
2015-02-03,21.09,35.1
2015-02-04,21.59,35.64
2015-02-05,21.48,35.26
2015-02-06,22.26,35.45
2015-02-09,22.32,35.41
2015-02-10,22.77,35.88
2015-02-11,22.41,35.78
2015-02-12,22.87,36.27
2015-02-13,22.89,36.36
2015-02-17,22.92,36.53
2015-02-18,22.71,36.46
2015-02-19,22.71,36.44
2015-02-20,22.75,36.61
2015-02-23,22.58,36.59
2015-02-24,23.24,37.01
2015-02-25,22.93,36.35
2015-02-26,22.66,36.29
2015-02-27,22.56,36.34
2015-03-02,22.43,36.4
2015-03-03,21.78,35.94
2015-03-04,22.15,35.93
2015-03-05,22.24,35.97
2015-03-06,21.22,35.31
2015-03-09,21.35,35.37
2015-03-10,21.04,35.12
2015-03-11,21.17,35.36
2015-03-12,21.28,35.83
2015-03-13,21.05,35.51
2015-03-16,21.07,35.6
2015-03-17,20.95,35.39
2015-03-18,21.31,35.85
2015-03-19,21.37,35.86
2015-03-20,21.77,36.43
2015-03-23,21.54,36.2
2015-03-24,21.94,36.55
2015-03-25,21.6,35.96
2015-03-26,21.52,35.68
2015-03-27,22.02,36.2
2015-03-30,22.44,36.85
2015-03-31,22.23,36.86
2015-04-01,22.29,36.54
2015-04-02,22.7,36.99
2015-04-06,22.67,36.85
2015-04-07,22.17,36.38
2015-04-08,22.47,36.8
2015-04-09,22.31,36.42
2015-04-10,22.32,36.5
2015-04-13,22.23,36.31
2015-04-14,22.54,36.53
2015-04-15,22.78,36.67
2015-04-16,22.34,36.02
2015-04-17,22.19,35.61
2015-04-20,21.9,35.73
2015-04-21,22.21,36.07
2015-04-22,21.69,35.91
2015-04-23,19.97,35.35
2015-04-24,20.12,35.95
2015-04-27,19.87,35.51
2015-04-28,19.94,35.61
2015-04-29,19.86,35.19
2015-04-30,19.3,34.6
2015-05-01,19.62,35.25
2015-05-04,19.49,35.26
2015-05-05,19.46,34.92
2015-05-06,19.41,34.87
2015-05-07,19.7,35.32
2015-05-08,19.79,35.7999
2015-05-11,19.52,35.56
2015-05-12,19.53,35.33
2015-05-13,19.43,35.33
2015-05-14,19.58,35.66
2015-05-15,19.89,35.95
2015-05-18,19.9,36.31
2015-05-19,20.05,36.53
2015-05-20,20.12,36.36
2015-05-21,20.0,36.4
2015-05-22,19.76,36.2
2015-05-26,19.49,35.94
2015-05-27,19.38,36.22
2015-05-28,19.43,36.27
2015-05-29,19.18,35.94
2015-06-01,19.27,36.04
2015-06-02,19.21,36.13
2015-06-03,19.34,36.38
2015-06-04,19.04,35.94
2015-06-05,19.08,36.06
2015-06-08,18.89,35.77
2015-06-09,18.85,35.67
2015-06-10,19.1,36.23
2015-06-11,19.23,36.41
2015-06-12,19.27,36.48
2015-06-15,19.38,36.42
2015-06-16,19.38,36.46
2015-06-17,19.47,36.43
2015-06-18,19.56,36.68
2015-06-19,19.99,36.84
2015-06-22,20.25,37.19
2015-06-23,20.31,37.24
2015-06-24,20.54,37.28
2015-06-25,20.42,37.22
2015-06-26,20.48,37.32
2015-06-29,20.08,36.49
2015-06-30,20.15,36.62
2015-07-01,20.43,36.9
2015-07-02,20.55,36.7
2015-07-06,20.57,36.61
2015-07-07,20.91,36.77
2015-07-08,20.45,36.24
2015-07-09,20.32,36.4
2015-07-10,20.69,36.77
2015-07-13,20.75,37.13
2015-07-14,20.89,37.17
2015-07-15,20.49,36.91
2015-07-16,20.49,36.95
2015-07-17,20.09,36.66
2015-07-20,19.73,36.54
2015-07-21,19.68,36.48
2015-07-22,20.16,37.19
2015-07-23,20.18,37.07
2015-07-24,19.49,36.45
2015-07-27,19.5,36.12
2015-07-28,19.69,36.6
2015-07-29,20.11,37.08
2015-07-30,20.4,37.3
2015-07-31,20.72,37.58
2015-08-03,20.71,37.26
2015-08-04,20.33,37.19
2015-08-05,19.96,37.02
2015-08-06,19.78,36.77
2015-08-07,19.74,36.97
2015-08-10,20.12,37.52
2015-08-11,20.55,37.51
2015-08-12,20.86,37.55
2015-08-13,21.34,37.92
2015-08-14,21.16,38.14
2015-08-17,21.37,38.57
2015-08-18,21.9,39.05
2015-08-19,22.02,39.08
2015-08-20,21.51,38.12
2015-08-21,20.93,37.26
2015-08-24,19.62,35.635
2015-08-25,18.91,34.89
2015-08-26,19.82,35.69
2015-08-27,20.46,36.18
2015-08-28,20.44,36.17
2015-08-31,20.69,36.23
2015-09-01,19.9,35.3
2015-09-02,20.35,36.14
2015-09-03,20.75,36.47
2015-09-04,20.24,35.93
2015-09-08,20.82,37.12
2015-09-09,20.6,36.73
2015-09-10,20.5,36.63
2015-09-11,20.95,37.08
2015-09-14,20.79,36.9
2015-09-15,20.72,37.12
2015-09-16,20.81,37.27
2015-09-17,21.03,37.53
2015-09-18,20.52,36.7
2015-09-21,20.24,36.5
2015-09-22,19.65,35.78
2015-09-23,19.54,35.83
2015-09-24,19.82,35.69
2015-09-25,19.96,35.75
2015-09-28,19.03,34.34
2015-09-29,18.72,33.71
2015-09-30,18.87,34.23
2015-10-01,19.12,34.64
2015-10-02,19.14,34.78
2015-10-05,19.98,35.78
2015-10-06,19.62,35.29
2015-10-07,20.0,35.91
2015-10-08,20.21,36.35
2015-10-09,20.12,36.33
2015-10-12,20.1,36.43
2015-10-13,19.5,35.96
2015-10-14,18.89,35.19
2015-10-15,19.1,35.62
2015-10-16,19.09,35.82
2015-10-19,19.12,36.07
2015-10-20,19.42,36.35
2015-10-21,19.45,36.18
2015-10-22,18.16,36.3
2015-10-23,18.34,36.11
2015-10-26,18.18,36.26
2015-10-27,18.04,35.63
2015-10-28,18.42,36.27
2015-10-29,17.96,35.73
2015-10-30,18.33,35.74
2015-11-02,18.39,36.15
2015-11-03,18.46,36.24
2015-11-04,18.34,36.14
2015-11-05,18.15,36.13
2015-11-06,17.91,35.93
2015-11-09,17.56,35.37
2015-11-10,18.19,35.77
2015-11-11,18.43,35.96
2015-11-12,17.92,35.3
2015-11-13,17.71,34.7
2015-11-16,18.44,35.34
2015-11-17,18.41,35.32
2015-11-18,18.97,35.97
2015-11-19,19.08,35.95
2015-11-20,19.2,36.1
2015-11-23,19.25,36.21
2015-11-24,19.51,36.49
2015-11-25,19.75,36.83
2015-11-27,19.66,36.78
2015-11-30,19.48,36.35
2015-12-01,19.65,36.75
2015-12-02,19.08,36.3
2015-12-03,18.89,35.58
2015-12-04,19.42,36.28
2015-12-07,19.38,36.12
2015-12-08,18.78,35.63
2015-12-09,18.02,34.83
2015-12-10,18.16,35.02
2015-12-11,17.64,34.5
2015-12-14,17.18,34.2
2015-12-15,17.39,34.42
2015-12-16,18.02,35.19
2015-12-17,17.75,34.45
2015-12-18,17.33,33.66
2015-12-21,17.77,33.92
2015-12-22,17.8,34.19
2015-12-23,18.13,34.43
2015-12-24,18.22,34.49
2015-12-28,18.1,34.46
2015-12-29,18.16,34.66
2015-12-30,17.98,34.5
2015-12-31,17.82,34.18
2016-01-04,17.16,33.53
2016-01-05,17.32,33.45
2016-01-06,16.94,32.63
2016-01-07,16.22,31.61
2016-01-08,15.9,31.06
2016-01-11,16.16,30.94
2016-01-12,16.23,31.22
2016-01-13,16.3,30.15
2016-01-14,16.07,30.07
2016-01-15,15.94,29.73
2016-01-19,15.67,29.4
2016-01-20,15.57,29.08
2016-01-21,16.0,29.48
2016-01-22,16.6,30.25
2016-01-25,15.91,29.55
2016-01-26,16.33,30.16
2016-01-27,16.08,29.77
2016-01-28,16.39,29.65
2016-01-29,16.76,30.52
2016-02-01,16.51,30.37
2016-02-02,16.18,29.65
2016-02-03,16.38,29.59
2016-02-04,16.53,29.8
2016-02-05,16.23,29.12
2016-02-08,15.79,28.26
2016-02-09,16.0,28.51
2016-02-10,16.35,28.72
2016-02-11,15.36,27.98
2016-02-12,16.01,28.72
2016-02-16,16.67,29.53
2016-02-17,16.61,30.0
2016-02-18,16.61,29.89
2016-02-19,16.54,29.92
2016-02-22,17.2,30.47
2016-02-23,17.15,30.56
2016-02-24,17.1,30.85
2016-02-25,17.34,30.93
2016-02-26,17.39,31.23
2016-02-29,17.19,30.87
2016-03-01,17.52,31.66
2016-03-02,17.87,31.76
2016-03-03,18.16,32.13
2016-03-04,17.93,32.18
2016-03-07,17.93,32.22
2016-03-08,17.8,31.82
2016-03-09,18.04,31.93
2016-03-10,17.96,31.87
2016-03-11,18.4,32.49
2016-03-14,18.34,32.48
2016-03-15,18.26,32.37
2016-03-16,18.21,32.79
2016-03-17,18.37,33.04
2016-03-18,18.65,33.46
2016-03-21,18.3,33.26
2016-03-22,18.28,33.16
2016-03-23,17.98,32.75
2016-03-24,17.91,32.78
2016-03-28,18.12,33.11
2016-03-29,18.51,33.67
2016-03-30,18.41,33.62
2016-03-31,18.71,33.84
2016-04-01,18.42,34.09
2016-04-04,17.21,33.66
2016-04-05,17.56,33.69
2016-04-06,17.98,34.17
2016-04-07,17.72,33.81
2016-04-08,17.8,33.9
2016-04-11,17.58,33.88
2016-04-12,17.83,34.17
2016-04-13,18.28,34.91
2016-04-14,18.33,34.71
2016-04-15,18.65,34.84
2016-04-18,18.51,34.9
2016-04-19,18.66,34.72
2016-04-20,19.18,34.85
2016-04-21,19.13,34.73
2016-04-22,19.05,34.74
2016-04-25,18.81,34.51
2016-04-26,18.98,34.83
2016-04-27,19.18,34.84
2016-04-28,18.52,33.79
2016-04-29,18.39,33.66
2016-05-02,18.44,34.0
2016-05-03,18.2,33.46
2016-05-04,18.3,33.38
2016-05-05,18.19,33.3
2016-05-06,18.23,33.5
2016-05-09,18.28,33.52
2016-05-10,18.24,33.83
2016-05-11,18.15,33.17
2016-05-12,18.19,33.14
2016-05-13,17.98,32.82
2016-05-16,18.21,33.05
2016-05-17,18.17,32.93
2016-05-18,18.03,32.82
2016-05-19,17.79,32.77
2016-05-20,18.06,33.23
2016-05-23,17.82,32.98
2016-05-24,18.73,33.99
2016-05-25,18.7,34.13
2016-05-26,18.86,34.01
2016-05-27,18.86,34.29
2016-05-31,18.76,34.18
2016-06-01,18.87,34.41
2016-06-02,18.89,34.39
2016-06-03,18.79,34.2
2016-06-06,18.7,34.23
2016-06-07,19.37,34.68
2016-06-08,19.7,34.96
2016-06-09,19.58,34.42
2016-06-10,19.22,33.7
2016-06-13,18.83,33.16
2016-06-14,18.59,32.94
2016-06-15,18.72,33.14
2016-06-16,18.67,33.16
2016-06-17,19.05,33.38
2016-06-20,19.09,33.71
2016-06-21,19.1,33.59
2016-06-22,18.87,33.54
2016-06-23,19.16,33.92
2016-06-24,18.4,32.64
2016-06-27,18.01,31.69
2016-06-28,18.56,32.5
2016-06-29,19.0,33.05
2016-06-30,19.49,33.54
2016-07-01,19.48,33.75
2016-07-05,19.27,33.31
2016-07-06,19.66,33.95
2016-07-07,19.97,34.06
2016-07-08,20.48,34.88
2016-07-11,20.41,35.12
2016-07-12,20.49,35.28
2016-07-13,20.43,35.2
2016-07-14,20.37,35.15
2016-07-15,20.37,35.17
2016-07-18,20.46,35.33
2016-07-19,20.37,35.27
2016-07-20,20.42,35.6
2016-07-21,21.51,35.36
2016-07-22,21.85,35.63
2016-07-25,21.94,35.78
2016-07-26,22.1,36.09
2016-07-27,22.11,35.9
2016-07-28,21.72,36.49
2016-07-29,21.18,36.08
2016-08-01,21.44,36.14
2016-08-02,20.95,35.69
2016-08-03,21.01,35.82
2016-08-04,21.04,35.7
2016-08-05,21.54,36.15
2016-08-08,21.26,36.12
2016-08-09,21.29,36.07
2016-08-10,21.22,35.89
2016-08-11,21.39,36.16
2016-08-12,21.15,36.07
2016-08-15,21.42,36.32
2016-08-16,21.36,36.01
2016-08-17,21.07,35.62
2016-08-18,21.14,35.75
2016-08-19,21.19,35.78
2016-08-22,21.32,35.9
2016-08-23,21.93,36.54
2016-08-24,21.57,36.23
2016-08-25,21.57,36.31
2016-08-26,21.19,35.97
2016-08-29,21.18,36.27
2016-08-30,21.36,36.28
2016-08-31,21.37,36.14
2016-09-01,21.1,36.02
2016-09-02,20.88,36.14
2016-09-06,20.84,36.07
2016-09-07,21.08,36.3
2016-09-08,20.88,35.94
2016-09-09,20.04,34.3
2016-09-12,20.21,34.76
2016-09-13,19.83,34.16
2016-09-14,19.88,34.07
2016-09-15,19.99,34.3
2016-09-16,19.57,33.85
2016-09-19,19.87,34.12
2016-09-20,19.29,33.81
2016-09-21,19.41,34.16
2016-09-22,19.86,34.54
2016-09-23,19.81,34.44
2016-09-26,19.77,34.15
2016-09-27,19.89,34.32
2016-09-28,20.14,34.09
2016-09-29,19.81,33.65
2016-09-30,20.04,33.94
2016-10-03,20.04,33.7
2016-10-04,20.09,33.66
2016-10-05,20.45,33.85
2016-10-06,20.34,34.13
2016-10-07,19.94,33.5
2016-10-10,19.93,33.62
2016-10-11,19.68,33.05
2016-10-12,19.75,33.24
2016-10-13,19.4,32.92
2016-10-14,19.43,32.91
2016-10-17,19.4,32.85
2016-10-18,19.81,32.92
2016-10-19,19.88,32.87
2016-10-20,19.2,32.64
2016-10-21,19.06,32.63
2016-10-24,19.09,32.92
2016-10-25,18.57,31.8
2016-10-26,18.58,31.64
2016-10-27,18.19,31.24
2016-10-28,18.51,31.58
2016-10-31,18.6,31.62
2016-11-01,18.63,31.23
2016-11-02,18.31,31.06
2016-11-03,18.01,30.95
2016-11-04,18.24,31.38
2016-11-07,18.6,31.93
2016-11-08,18.31,31.88
2016-11-09,18.04,32.29
2016-11-10,18.69,33.12
2016-11-11,18.32,33.11
2016-11-14,18.64,33.52
2016-11-15,18.66,33.52
2016-11-16,18.44,33.22
2016-11-17,18.94,33.89
2016-11-18,18.84,33.88
2016-11-21,18.91,34.11
2016-11-22,18.82,34.24
2016-11-23,18.99,34.35
2016-11-25,19.27,34.6
2016-11-28,19.1,34.16
2016-11-29,19.29,34.34
2016-11-30,18.86,33.85
2016-12-01,18.39,33.53
2016-12-02,18.31,33.63
2016-12-05,18.28,34.04
2016-12-06,18.68,34.37
2016-12-07,19.31,35.25
2016-12-08,19.85,35.65
2016-12-09,19.6,35.51
2016-12-12,19.83,35.31
2016-12-13,19.7,35.39
2016-12-14,19.09,34.96
2016-12-15,18.73,34.58
2016-12-16,18.83,34.58
2016-12-19,18.91,34.71
2016-12-20,19.09,34.86
2016-12-21,19.15,35.03
2016-12-22,18.55,34.35
2016-12-23,18.38,34.28
2016-12-27,18.62,34.54
2016-12-28,18.45,34.15
2016-12-29,18.5,34.1
2016-12-30,18.38,33.85
2017-01-03,18.55,34.16
2017-01-04,18.99,34.69
2017-01-05,18.93,34.51
2017-01-06,18.46,34.23
2017-01-09,18.53,34.02
2017-01-10,18.69,34.18
2017-01-11,18.84,34.31
2017-01-12,19.01,34.2
2017-01-13,19.19,34.36
2017-01-17,19.16,34.28
2017-01-18,19.21,34.28
2017-01-19,18.94,34.05
2017-01-20,19.12,34.21
2017-01-23,19.21,34.32
2017-01-24,20.34,35.33
2017-01-25,20.44,35.73
2017-01-26,21.18,35.49
2017-01-27,21.26,35.11
2017-01-30,21.39,34.67
2017-01-31,21.51,34.5
2017-02-01,21.21,34.5
2017-02-02,21.26,34.32
2017-02-03,21.39,34.61
2017-02-06,21.29,34.39
2017-02-07,21.25,34.36
2017-02-08,21.27,34.44
2017-02-09,21.4,34.79
2017-02-10,21.62,35.21
2017-02-13,21.52,35.19
2017-02-14,21.49,35.17
2017-02-15,21.63,35.44
2017-02-16,21.34,35.38
2017-02-17,21.4,35.4
2017-02-21,21.61,35.83
2017-02-22,21.71,35.85
2017-02-23,21.6,35.68
2017-02-24,21.73,35.83
2017-02-27,22.1,36.38
2017-02-28,22.05,36.02
2017-03-01,22.49,36.85
2017-03-02,22.42,36.63
2017-03-03,22.48,36.75
2017-03-06,22.46,36.38
2017-03-07,22.79,36.37
2017-03-08,23.16,36.72
2017-03-09,23.12,36.63
2017-03-10,23.53,37.01
2017-03-13,23.39,36.93
2017-03-14,23.18,36.78
2017-03-15,23.43,37.29
2017-03-16,23.81,37.58
2017-03-17,23.72,37.44
2017-03-20,23.74,37.3439
2017-03-21,23.4,36.73
2017-03-22,23.37,36.71
2017-03-23,23.42,36.85
2017-03-24,23.49,36.77
2017-03-27,23.47,36.76
2017-03-28,23.73,37.03
2017-03-29,23.75,37.15
2017-03-30,23.83,37.22
2017-03-31,23.55,37.23
2017-04-03,23.48,36.96
2017-04-04,23.37,36.78
2017-04-05,23.29,36.56
2017-04-06,23.36,36.83
2017-04-07,23.28,36.75
2017-04-10,23.46,36.92
2017-04-11,23.76,37.21
2017-04-12,23.77,36.8
2017-04-13,23.71,36.7
2017-04-17,24.11,37.09
2017-04-18,24.2,37.17
2017-04-19,24.19,37.31
2017-04-20,23.34,37.45
2017-04-21,23.32,37.52
2017-04-24,23.08,37.72
2017-04-25,22.2,37.9
2017-04-26,22.7,38.27
2017-04-27,22.87,38.24
2017-04-28,22.67,37.81
2017-05-01,22.48,37.63
2017-05-02,22.32,37.58
2017-05-03,22.18,37.47
2017-05-04,22.15,37.55
2017-05-05,22.34,37.8
2017-05-08,22.25,37.71
2017-05-09,22.71,38.07
2017-05-10,22.89,38.1
2017-05-11,23.02,37.96
2017-05-12,22.75,37.62
2017-05-15,22.94,38.02
2017-05-16,23.07,37.96
2017-05-17,22.54,37.32
2017-05-18,22.75,37.34
2017-05-19,23.13,37.74
2017-05-22,23.29,37.89
2017-05-23,22.92,37.63
2017-05-24,23.08,37.76
2017-05-25,22.89,37.65
2017-05-26,22.84,37.51
2017-05-30,22.67,37.44
2017-05-31,22.67,37.49
2017-06-01,23.08,37.9
2017-06-02,23.71,38.26
2017-06-05,23.4,38.01
2017-06-06,23.44,37.74
2017-06-07,23.59,37.8
2017-06-08,23.42,37.87
2017-06-09,23.44,38.04
2017-06-12,23.47,38.28
2017-06-13,24.12,38.7
2017-06-14,24.28,38.96
2017-06-15,24.08,38.7
2017-06-16,24.01,38.5
2017-06-19,24.16,38.9
2017-06-20,24.23,38.74
2017-06-21,24.28,38.62
2017-06-22,24.04,38.51
2017-06-23,24.15,38.26
2017-06-26,24.19,38.51
2017-06-27,24.07,38.19
2017-06-28,24.49,38.61
2017-06-29,24.06,38.09
2017-06-30,24.53,38.53
2017-07-03,24.49,38.53
2017-07-05,24.64,38.58
2017-07-06,24.41,38.06
2017-07-07,24.94,38.63
2017-07-10,25.07,38.74
2017-07-11,24.67,38.46
2017-07-12,24.39,38.63
2017-07-13,24.37,38.81
2017-07-14,24.36,38.84
2017-07-17,24.36,38.85
2017-07-18,24.16,38.6
2017-07-19,24.46,38.93
2017-07-20,24.29,38.46
2017-07-21,24.31,38.68
2017-07-24,24.42,38.47
2017-07-25,24.54,38.65
2017-07-26,24.29,38.64
2017-07-27,24.36,38.7
2017-07-28,24.35,38.41
2017-07-31,24.42,38.35
2017-08-01,24.89,38.69
2017-08-02,25.2,38.67
2017-08-03,25.29,38.55
2017-08-04,25.6,38.85
2017-08-07,25.46,38.98
2017-08-08,25.31,38.92
2017-08-09,25.31,38.75
2017-08-10,24.78,37.94
2017-08-11,24.84,38.13
2017-08-14,25.39,38.57
2017-08-15,25.53,38.22
2017-08-16,25.92,38.39
2017-08-17,25.44,37.77
2017-08-18,25.28,37.44
2017-08-21,25.4,37.52
2017-08-22,25.27,37.66
2017-08-23,24.94,37.33
2017-08-24,24.91,37.23
2017-08-25,25.31,37.51
2017-08-28,25.3,37.51
2017-08-29,25.31,37.46
2017-08-30,25.51,37.74
2017-08-31,25.82,38.18
2017-09-01,25.87,38.36
2017-09-05,25.65,38.24
2017-09-06,25.63,38.4
2017-09-07,25.42,38.31
2017-09-08,25.76,38.85
2017-09-11,26.17,38.88
2017-09-12,26.47,39.47
2017-09-13,26.19,39.03
2017-09-14,26.37,38.89
2017-09-15,26.29,38.77
2017-09-18,26.33,38.68
2017-09-19,26.23,38.7
2017-09-20,25.66,38.37
2017-09-21,25.65,38.38
2017-09-22,25.88,38.47
2017-09-25,26.17,38.65
2017-09-26,26.33,38.99
2017-09-27,26.53,39.3
2017-09-28,26.97,39.59
2017-09-29,27.33,39.82
2017-10-02,27.37,40.04
2017-10-03,27.51,40.33
2017-10-04,27.63,40.56
2017-10-05,27.2,40.44
2017-10-06,27.23,40.49
2017-10-09,27.15,40.43
2017-10-10,26.85,40.36
2017-10-11,26.97,40.39
2017-10-12,27.09,40.31
2017-10-13,27.07,40.3
2017-10-16,27.11,40.29
2017-10-17,27.32,40.28
2017-10-18,27.33,40.28
2017-10-19,27.78,40.72
2017-10-20,28.0,41.19
2017-10-23,27.9,41.23
2017-10-24,28.68,41.44
2017-10-25,29.23,40.84
2017-10-26,29.76,41.17
2017-10-27,30.07,41.18
2017-10-30,29.79,41.1
2017-10-31,30.23,41.36
2017-11-01,30.41,41.45
2017-11-02,30.09,40.42
2017-11-03,30.31,40.41
2017-11-06,30.5,40.7
2017-11-07,30.44,40.51
2017-11-08,30.91,40.96
2017-11-09,31.07,40.83
2017-11-10,31.15,40.85
2017-11-13,31.57,41.0
2017-11-14,31.77,41.3
2017-11-15,31.73,41.03
2017-11-16,31.9,41.47
2017-11-17,32.25,41.56
2017-11-20,32.45,41.79
2017-11-21,32.73,42.17
2017-11-22,32.84,42.19
2017-11-24,33.15,42.23
2017-11-27,32.79,42.19
2017-11-28,33.24,42.99
2017-11-29,33.81,43.57
2017-11-30,34.13,43.83
2017-12-01,33.94,43.64
2017-12-04,34.44,44.14
2017-12-05,33.49,43.42
2017-12-06,33.1,42.96
2017-12-07,33.59,43.29
2017-12-08,34.1,43.61
2017-12-11,33.81,43.33
2017-12-12,33.69,43.21
2017-12-13,33.32,43.36
2017-12-14,33.05,43.04
2017-12-15,33.43,43.28
2017-12-18,33.84,43.97
2017-12-19,33.37,43.83
2017-12-20,33.54,44.19
2017-12-21,33.77,44.24
2017-12-22,33.37,44.15
2017-12-26,33.56,44.37
2017-12-27,33.52,44.38
2017-12-28,33.72,44.55
2017-12-29,33.25,44.26
2018-01-02,33.37,44.45
2018-01-03,34.27,45.13
2018-01-04,33.83,45.02
2018-01-05,34.54,45.42
2018-01-08,34.44,45.59
2018-01-09,34.65,45.55
2018-01-10,33.67,45.02
2018-01-11,34.52,45.85
2018-01-12,34.48,46.21
2018-01-16,33.76,45.67
2018-01-17,34.4,46.3
2018-01-18,34.15,46.07
2018-01-19,34.6,46.58
2018-01-22,35.15,46.75
2018-01-23,34.93,46.74
2018-01-24,34.81,46.73
2018-01-25,34.26,46.25
2018-01-26,34.52,46.31
2018-01-29,33.43,45.42
2018-01-30,32.72,45.04
2018-01-31,31.83,44.75
2018-02-01,31.46,44.45
2018-02-02,30.7,43.17
2018-02-05,29.35,41.47
2018-02-06,30.16,42.59
2018-02-07,29.91,42.65
2018-02-08,28.67,41.0
2018-02-09,28.71,41.22
2018-02-12,29.18,41.87
2018-02-13,29.0,41.81
2018-02-14,29.46,42.51
2018-02-15,29.5,42.75
2018-02-16,29.74,42.94
2018-02-20,29.47,42.41
2018-02-21,29.34,42.26
2018-02-22,29.19,42.11
2018-02-23,29.27,42.48
2018-02-26,29.34,42.44
2018-02-27,28.5,41.49
2018-02-28,28.07,40.54
2018-03-01,28.72,40.15
2018-03-02,28.95,40.26
2018-03-05,29.31,40.7
2018-03-06,29.9,41.36
2018-03-07,29.62,41.2
2018-03-08,29.52,41.2
2018-03-09,30.04,42.04
2018-03-12,30.18,42.09
2018-03-13,30.44,42.17
2018-03-14,29.55,41.68
2018-03-15,28.97,41.32
2018-03-16,29.38,41.54
2018-03-19,29.1,41.17
2018-03-20,28.93,40.99
2018-03-21,29.39,41.43
2018-03-22,29.0,40.59
2018-03-23,28.65,39.89
2018-03-26,29.17,40.93
2018-03-27,29.23,40.31
2018-03-28,29.08,40.23
2018-03-29,29.49,40.79
2018-04-02,28.57,39.5
2018-04-03,28.68,40.04
2018-04-04,30.5,41.36
2018-04-05,30.81,41.76
2018-04-06,30.03,40.81
2018-04-09,29.86,40.48
2018-04-10,29.83,40.87
2018-04-11,29.55,40.6
2018-04-12,29.11,40.06
2018-04-13,29.29,39.99
2018-04-16,29.57,40.36
2018-04-17,29.87,40.71
2018-04-18,29.95,40.95
2018-04-19,28.76,39.93
2018-04-20,28.54,39.48
2018-04-23,28.82,39.6
2018-04-24,29.65,39.1
2018-04-25,30.53,39.33
2018-04-26,31.07,39.67
2018-04-27,31.06,39.76
2018-04-30,30.36,38.96
2018-05-01,30.88,39.47
2018-05-02,30.56,39.02
2018-05-03,30.89,39.12
2018-05-04,30.98,39.57
2018-05-07,31.01,39.59
2018-05-08,31.17,39.68
2018-05-09,30.76,39.25
2018-05-10,31.05,39.53
2018-05-11,31.32,39.73
2018-05-14,30.96,39.62
2018-05-15,29.3,38.79
2018-05-16,29.41,38.98
2018-05-17,29.58,39.32
2018-05-18,29.91,39.67
2018-05-21,29.9,39.83
2018-05-22,29.48,39.04
2018-05-23,30.01,39.52
2018-05-24,30.12,39.5
2018-05-25,30.47,39.87
2018-05-29,30.68,39.88
2018-05-30,30.25,39.92
2018-05-31,30.25,39.28
2018-06-01,30.36,39.38
2018-06-04,30.37,39.85
2018-06-05,30.72,40.11
2018-06-06,31.15,40.36
2018-06-07,31.35,40.56
2018-06-08,32.56,41.33
2018-06-11,32.26,41.39
2018-06-12,32.98,41.88
2018-06-13,30.78,40.86
2018-06-14,30.8,41.0
2018-06-15,30.37,40.88
2018-06-18,29.62,40.51
2018-06-19,29.43,40.42
2018-06-20,29.38,40.5
2018-06-21,29.17,40.09
2018-06-22,28.78,39.85
2018-06-25,28.24,39.36
2018-06-26,28.61,39.67
2018-06-27,28.17,39.23
2018-06-28,28.35,39.23
2018-06-29,28.75,39.55
2018-07-02,28.87,39.52
2018-07-03,28.85,39.64
2018-07-05,29.17,40.13
2018-07-06,29.31,40.24
2018-07-09,29.64,40.78
2018-07-10,29.5,40.71
2018-07-11,29.39,40.36
2018-07-12,29.63,40.49
2018-07-13,29.65,40.72
2018-07-16,30.13,40.55
2018-07-17,30.92,41.14
2018-07-18,30.97,41.08
2018-07-19,31.29,41.46
2018-07-20,31.11,41.0
2018-07-23,30.82,40.55
2018-07-24,30.14,39.85
2018-07-25,28.98,39.11
2018-07-26,28.98,39.37
2018-07-27,28.13,39.17
2018-07-30,28.14,39.14
2018-07-31,28.49,39.62
2018-08-01,28.77,39.38
2018-08-02,28.56,39.37
2018-08-03,28.64,39.49
2018-08-06,28.72,39.59
2018-08-07,29.36,39.97
2018-08-08,29.42,39.73
2018-08-09,29.33,39.84
2018-08-10,28.74,39.33
2018-08-13,27.65,38.63
2018-08-14,27.85,39.05
2018-08-15,27.74,39.05
2018-08-16,28.05,39.24
2018-08-17,28.09,39.47
2018-08-20,28.13,39.6
2018-08-21,29.67,40.62
2018-08-22,29.38,40.49
2018-08-23,28.75,40.47
2018-08-24,28.55,40.39
2018-08-27,28.97,40.63
2018-08-28,28.44,40.45
2018-08-29,28.33,40.33
2018-08-30,27.91,39.99
2018-08-31,27.95,40.02
2018-09-04,28.0,40.15
2018-09-05,28.52,40.48
2018-09-06,28.07,40.36
2018-09-07,26.9,40.0
2018-09-10,26.89,40.31
2018-09-11,27.11,40.45
2018-09-12,27.47,40.63
2018-09-13,26.84,40.23
2018-09-14,27.02,40.37
2018-09-17,26.65,40.09
2018-09-18,26.94,40.24
2018-09-19,26.69,40.22
2018-09-20,26.39,40.1
2018-09-21,26.26,39.91
2018-09-24,25.69,39.39
2018-09-25,25.9,39.31
2018-09-26,25.53,38.96
2018-09-27,24.98,38.67
2018-09-28,24.77,38.44
2018-10-01,24.51,38.3
2018-10-02,24.64,38.08
2018-10-03,24.09,37.94
2018-10-04,23.79,37.46
2018-10-05,23.86,37.18
2018-10-08,24.2,37.27
2018-10-09,23.86,36.2
2018-10-10,23.57,35.54
2018-10-11,23.31,34.98
2018-10-12,22.89,34.86
2018-10-15,22.94,34.85
2018-10-16,23.62,35.63
2018-10-17,22.82,34.95
2018-10-18,22.44,34.2
2018-10-19,21.58,33.63
2018-10-22,20.88,33.27
2018-10-23,22.4,33.81
2018-10-24,22.14,32.64
2018-10-25,23.16,33.59
2018-10-26,23.93,32.59
2018-10-29,23.42,32.18
2018-10-30,24.9,33.8
2018-10-31,24.57,33.99
2018-11-01,24.66,35.11
2018-11-02,24.27,34.96
2018-11-05,24.74,35.33
2018-11-06,24.89,35.23
2018-11-07,25.1,35.45
2018-11-08,24.23,35.05
2018-11-09,24.44,34.65
2018-11-12,24.01,34.21
2018-11-13,24.39,34.63
2018-11-14,24.54,34.27
2018-11-15,24.11,33.97
2018-11-16,24.97,34.21
2018-11-19,25.22,34.09
2018-11-20,25.33,33.96
2018-11-21,25.66,34.42
2018-11-23,25.92,34.53
2018-11-26,26.19,34.88
2018-11-27,26.4,34.83
2018-11-28,26.74,35.69
2018-11-29,26.73,35.42
2018-11-30,26.52,35.51
2018-12-03,26.82,36.07
2018-12-04,25.63,34.39
2018-12-06,26.65,34.69
2018-12-07,26.23,34.26
2018-12-10,25.56,33.68
2018-12-11,25.75,33.43
2018-12-12,26.15,33.85
2018-12-13,25.81,33.52
2018-12-14,25.61,33.14
2018-12-17,25.64,32.72
2018-12-18,26.47,33.17
2018-12-19,25.8,32.76
2018-12-20,25.8,32.41
2018-12-21,25.13,31.44
2018-12-24,24.68,30.74
2018-12-26,25.85,32.2
2018-12-27,26.0,32.41
2018-12-28,26.04,32.37
2018-12-31,25.99,32.52
2019-01-02,26.24,32.81
2019-01-03,25.94,32.41
2019-01-04,27.2,33.66
2019-01-07,28.21,34.42
2019-01-08,28.34,34.69
2019-01-09,28.95,35.42
2019-01-10,28.61,35.34
2019-01-11,28.58,35.39
2019-01-14,27.86,35.14
2019-01-15,28.07,35.07
2019-01-16,27.37,34.72
2019-01-17,26.85,34.96
2019-01-18,26.59,35.28
2019-01-22,26.33,34.67
2019-01-23,26.71,34.53
2019-01-24,26.7,35.03
2019-01-25,26.96,35.22
2019-01-28,27.03,35.35
2019-01-29,27.25,35.74
2019-01-30,27.24,36.03
2019-01-31,27.81,36.68
2019-02-01,27.35,36.59
2019-02-04,26.79,36.82
2019-02-05,27.35,37.02
2019-02-06,26.47,36.64
2019-02-07,26.89,36.96
2019-02-08,26.61,37.01
2019-02-11,26.5,37.2
2019-02-12,27.31,38.51
2019-02-13,27.19,38.36
2019-02-14,26.91,38.29
2019-02-15,27.12,38.68
2019-02-19,27.04,38.87
2019-02-20,27.14,38.72
2019-02-21,27.6,38.88
2019-02-22,27.98,39.21
2019-02-25,27.56,39.05
2019-02-26,27.44,38.84
2019-02-27,27.09,38.85
2019-02-28,27.0,38.37
2019-03-01,26.74,38.62
2019-03-04,27.68,38.89
2019-03-05,26.88,38.38
2019-03-06,26.77,38.08
2019-03-07,27.53,38.08
2019-03-08,27.58,38.08
2019-03-11,28.2,38.48
2019-03-12,28.01,38.53
2019-03-13,27.52,38.36
2019-03-14,27.09,38.15
2019-03-15,26.87,37.97
2019-03-18,26.67,38.21
2019-03-19,26.24,37.8
2019-03-20,25.8,37.57
2019-03-21,26.3,38.32
2019-03-22,26.58,37.68
2019-03-25,27.21,38.17
2019-03-26,27.38,38.2
2019-03-27,28.78,38.57
2019-03-28,28.3,38.56
2019-03-29,27.96,38.55
2019-04-01,27.89,38.93
2019-04-02,27.77,38.91
2019-04-03,27.77,39.2
2019-04-04,28.59,39.75
2019-04-05,28.94,40.33
2019-04-08,28.83,40.39
2019-04-09,28.57,39.81
2019-04-10,28.92,40.2
2019-04-11,29.41,40.47
2019-04-12,29.39,40.59
2019-04-15,29.5,40.63
2019-04-16,29.76,40.83
2019-04-17,30.04,40.88
2019-04-18,30.39,41.08
2019-04-22,30.22,40.77
2019-04-23,31.35,41.23
2019-04-24,31.86,40.87
2019-04-25,31.67,40.26
2019-04-26,31.46,40.48
2019-04-29,31.33,40.73
2019-04-30,31.46,40.66
2019-05-01,31.29,40.6
2019-05-02,31.7,41.02
2019-05-03,31.78,41.54
2019-05-06,31.74,41.22
2019-05-07,31.47,40.52
2019-05-08,31.08,40.23
2019-05-09,31.53,40.28
2019-05-10,31.54,40.42
2019-05-13,31.26,39.52
2019-05-14,32.07,40.09
2019-05-15,31.93,40.2
2019-05-16,32.33,40.5
2019-05-17,32.48,40.04
2019-05-20,31.86,39.65
2019-05-21,32.27,40.38
2019-05-22,32.12,39.8
2019-05-23,31.59,39.26
2019-05-24,32.12,39.77
2019-05-28,31.68,39.18
2019-05-29,31.26,38.67
2019-05-30,31.53,38.94
2019-05-31,31.0,38.36
2019-06-03,31.69,38.91
2019-06-04,31.94,40.08
2019-06-05,32.06,40.32
2019-06-06,31.81,40.43
2019-06-07,32.75,40.68
2019-06-10,32.73,40.86
2019-06-11,32.5,40.69
2019-06-12,32.16,40.65
2019-06-13,32.5,41.34
2019-06-14,32.85,41.47
2019-06-17,32.66,41.17
2019-06-18,32.9,41.36
2019-06-19,32.21,41.13
2019-06-20,32.73,41.6
2019-06-21,31.9,41.1
2019-06-24,32.15,40.97
2019-06-25,31.38,40.48
2019-06-26,31.16,40.58
2019-06-27,31.55,41.2
2019-06-28,31.62,41.68
2019-07-01,32.12,42.02
2019-07-02,32.46,42.02
2019-07-03,32.68,42.34
2019-07-05,31.94,42.07
2019-07-08,32.32,41.92
2019-07-09,31.99,41.63
2019-07-10,32.65,41.8
2019-07-11,32.69,41.75
2019-07-12,33.57,42.52
2019-07-15,33.14,42.47
2019-07-16,33.58,42.82
2019-07-17,33.48,42.42
2019-07-18,33.44,42.37
2019-07-19,33.23,41.97
2019-07-22,33.48,41.7
2019-07-23,30.69,41.48
2019-07-24,30.9,41.68
2019-07-25,31.86,41.98
2019-07-26,31.86,41.66
2019-07-29,31.47,41.22
2019-07-30,32.1,41.99
2019-07-31,31.51,41.65
2019-08-01,31.85,41.11
2019-08-02,31.34,40.9
2019-08-05,31.11,40.14
2019-08-06,30.93,40.7
2019-08-07,31.84,41.04
2019-08-08,32.51,41.63
2019-08-09,32.07,41.1
2019-08-12,31.48,40.56
2019-08-13,32.25,41.16
2019-08-14,31.66,40.05
2019-08-15,31.4,40.05
2019-08-16,32.07,40.61
2019-08-19,32.51,41.25
2019-08-20,32.65,41.44
2019-08-21,32.89,42.05
2019-08-22,33.16,42.13
2019-08-23,32.7,40.94
2019-08-26,33.19,41.18
2019-08-27,33.39,40.93
2019-08-28,33.42,41.38
2019-08-29,33.68,41.86
2019-08-30,33.8,42.05
2019-09-03,33.99,41.28
2019-09-04,34.46,41.84
2019-09-05,34.25,42.3
2019-09-06,34.57,42.41
2019-09-09,34.76,42.79
2019-09-10,34.26,43.06
2019-09-11,34.77,43.66
2019-09-12,35.07,43.67
2019-09-13,35.25,43.62
2019-09-16,35.2,43.3
2019-09-17,35.41,43.39
2019-09-18,34.91,43.41
2019-09-19,35.46,43.34
2019-09-20,35.68,43.07
2019-09-23,35.66,43.12
2019-09-24,36.02,43.05
2019-09-25,36.19,43.48
2019-09-26,36.18,43.65
2019-09-27,35.92,43.54
2019-09-30,36.55,44.08
2019-10-01,36.43,43.47
2019-10-02,36.22,42.76
2019-10-03,36.17,42.9
2019-10-04,37.09,43.59
2019-10-07,36.75,43.45
2019-10-08,36.62,43.01
2019-10-09,36.9,43.16
2019-10-10,36.95,43.35
2019-10-11,36.89,43.95
2019-10-14,37.06,43.96
2019-10-15,37.31,44.48
2019-10-16,38.23,44.84
2019-10-17,38.24,45.26
2019-10-18,38.3,45.42
2019-10-21,38.19,45.4
2019-10-22,39.43,45.57
2019-10-23,39.83,45.39
2019-10-24,41.03,45.75
2019-10-25,40.41,46.0
2019-10-28,39.47,45.68
2019-10-29,39.0,45.43
2019-10-30,39.57,45.56
2019-10-31,39.24,45.53
2019-11-01,40.03,46.07
2019-11-04,38.15,45.71
2019-11-05,38.28,45.45
2019-11-06,38.83,45.68
2019-11-07,38.05,45.17
2019-11-08,38.18,45.22
2019-11-11,38.8,45.59
2019-11-12,38.77,45.74
2019-11-13,39.24,45.78
2019-11-14,39.35,45.97
2019-11-15,38.91,45.68
2019-11-18,39.49,45.88
2019-11-19,39.38,45.38
2019-11-20,39.64,45.39
2019-11-21,38.98,45.09
2019-11-22,38.88,45.24
2019-11-25,39.44,45.73
2019-11-26,40.09,46.42
2019-11-27,39.82,46.3
2019-11-29,39.65,45.92
2019-12-02,39.14,45.3
2019-12-03,39.37,44.95
2019-12-04,39.39,45.34
2019-12-05,40.2,45.79
2019-12-06,40.06,45.99
2019-12-09,40.16,45.87
2019-12-10,40.27,45.6
2019-12-11,40.71,46.0
2019-12-12,39.63,45.92
2019-12-13,40.38,45.79
2019-12-16,40.02,45.89
2019-12-17,39.55,45.79
2019-12-18,38.92,45.58
2019-12-19,38.6,45.4
2019-12-20,39.62,45.76
2019-12-23,38.9,45.41
2019-12-24,39.15,45.69
2019-12-26,38.98,45.64
2019-12-27,38.79,45.55
2019-12-30,38.8,45.44
2019-12-31,38.8,45.51
2020-01-02,38.68,45.65
2020-01-03,39.02,45.41
2020-01-06,39.31,45.75
2020-01-07,39.57,45.54
2020-01-08,39.93,45.98
2020-01-09,39.81,46.08
2020-01-10,39.99,46.14
2020-01-13,40.43,46.52
2020-01-14,40.94,46.69
2020-01-15,41.31,47.25
2020-01-16,41.66,47.61
2020-01-17,41.79,47.6
2020-01-21,42.54,47.98
2020-01-22,42.88,48.17
2020-01-23,43.85,48.74
2020-01-24,43.71,48.1
2020-01-27,44.3,47.71
2020-01-28,46.84,48.64
2020-01-29,46.01,48.2
2020-01-30,45.68,48.14
2020-01-31,44.65,46.98
2020-02-03,44.66,47.28
2020-02-04,44.08,47.5
2020-02-05,45.27,48.43
2020-02-06,45.49,48.23
2020-02-07,46.1,47.92
2020-02-10,46.66,48.36
2020-02-11,46.98,48.81
2020-02-12,46.7,49.04
2020-02-13,46.69,48.99
2020-02-14,46.69,49.21
2020-02-18,46.65,48.88
2020-02-19,46.55,48.92
2020-02-20,46.67,49.23
2020-02-21,46.41,48.97
2020-02-24,45.25,47.76
2020-02-25,43.35,46.07
2020-02-26,42.07,44.94
2020-02-27,41.74,43.81
2020-02-28,40.2,42.66
2020-03-02,41.55,44.19
2020-03-03,42.19,43.8
2020-03-04,44.42,45.97
2020-03-05,42.96,44.33
2020-03-06,41.5,43.17
2020-03-09,38.63,39.55
2020-03-10,39.63,41.06
2020-03-11,35.34,37.97
2020-03-12,30.49,33.66
2020-03-13,30.53,35.19
2020-03-16,24.08,28.72
2020-03-17,23.09,28.63
2020-03-18,19.46,25.7
2020-03-19,19.53,26.99
2020-03-20,19.77,25.6
2020-03-23,17.74,24.72
2020-03-24,22.08,28.54
2020-03-25,24.22,30.57
2020-03-26,25.71,31.92
2020-03-27,24.52,30.61
2020-03-30,23.76,30.81
2020-03-31,22.32,29.79
2020-04-01,20.8,27.34
2020-04-02,19.79,27.24
2020-04-03,18.92,26.48
2020-04-06,21.7,29.82
2020-04-07,23.03,30.58
2020-04-08,25.52,32.56
2020-04-09,26.34,33.8
2020-04-13,24.8,32.28
2020-04-14,25.68,33.18
2020-04-15,23.88,31.33
2020-04-16,24.27,31.24
2020-04-17,25.52,32.74
2020-04-20,24.31,31.69
2020-04-21,24.18,30.99
2020-04-22,24.07,31.33
2020-04-23,23.87,31.68
2020-04-24,25.64,32.66
2020-04-27,27.24,34.4
2020-04-28,28.99,35.73
2020-04-29,30.29,37.56
2020-04-30,28.27,36.05
2020-05-01,27.24,35.37
2020-05-04,27.27,35.54
2020-05-05,27.8,36.24
2020-05-06,27.63,36.1
2020-05-07,28.18,36.51
2020-05-08,29.88,37.94
2020-05-11,29.42,37.35
2020-05-12,28.09,36.06
2020-05-13,27.18,34.82
2020-05-14,27.59,35.58
2020-05-15,27.72,36.13
2020-05-18,31.13,39.0
2020-05-19,31.39,38.5
2020-05-20,31.43,38.87
2020-05-21,32.69,39.5
2020-05-22,33.31,39.97
2020-05-26,34.34,41.53
2020-05-27,36.45,43.31
2020-05-28,34.41,41.9
2020-05-29,33.97,42.15
2020-06-01,34.33,42.24
2020-06-02,34.75,42.88
2020-06-03,35.98,44.25
2020-06-04,35.01,43.98
2020-06-05,36.72,45.6
2020-06-08,36.67,45.69
2020-06-09,35.84,45.15
2020-06-10,36.32,44.61
2020-06-11,32.91,41.23
2020-06-12,33.89,41.96
2020-06-15,35.72,43.32
2020-06-16,36.53,44.52
2020-06-17,36.4,44.45
2020-06-18,35.61,43.82
2020-06-19,34.67,43.24
2020-06-22,35.07,43.58
2020-06-23,35.12,44.08
2020-06-24,33.84,42.51
2020-06-25,32.58,42.46
2020-06-26,31.93,41.78
2020-06-29,33.5,43.24
2020-06-30,34.03,43.9
2020-07-01,32.98,43.25
2020-07-02,32.88,43.44
2020-07-06,34.1,44.52
2020-07-07,33.92,44.12
2020-07-08,35.27,45.05
2020-07-09,33.88,43.9
2020-07-10,35.01,44.43
2020-07-13,33.89,43.81
2020-07-14,35.45,45.23
2020-07-15,36.18,46.45
2020-07-16,36.75,46.97
2020-07-17,37.3,47.06
2020-07-20,37.58,47.08
2020-07-21,37.7,47.19
2020-07-22,39.44,48.6
2020-07-23,41.29,48.55
2020-07-24,42.62,48.49
2020-07-27,44.24,49.92
2020-07-28,43.49,48.73
2020-07-29,44.7,50.06
2020-07-30,43.87,49.85
2020-07-31,43.6,49.61
2020-08-03,44.03,50.27
2020-08-04,44.14,50.1
2020-08-05,44.51,50.66
2020-08-06,44.72,50.68
2020-08-07,44.26,51.01
2020-08-10,45.16,51.75
2020-08-11,44.37,51.59
2020-08-12,45.44,52.33
2020-08-13,45.52,52.41
2020-08-14,45.07,52.41
2020-08-17,46.43,53.38
2020-08-18,46.61,53.22
2020-08-19,46.17,53.12
2020-08-20,46.34,52.9
2020-08-21,47.48,53.71
2020-08-24,47.62,54.31
2020-08-25,47.18,54.04
2020-08-26,46.29,54.06
2020-08-27,45.75,53.4
2020-08-28,45.32,53.43
2020-08-31,44.59,52.75
2020-09-01,46.05,53.9
2020-09-02,46.14,54.29
2020-09-03,44.19,52.03
2020-09-04,43.21,51.31
2020-09-08,43.19,51.04
2020-09-09,44.6,52.29
2020-09-10,44.5,51.87
2020-09-11,45.3,52.49
2020-09-14,45.67,53.44
2020-09-15,45.05,53.35
2020-09-16,46.72,54.2
2020-09-17,45.46,53.81
2020-09-18,44.98,53.16
2020-09-21,44.61,52.08
2020-09-22,45.87,53.09
2020-09-23,43.84,51.5
2020-09-24,44.35,51.83
2020-09-25,44.01,51.97
2020-09-28,45.76,53.63
2020-09-29,45.27,53.22
2020-09-30,46.29,53.88
2020-10-01,47.46,54.69
2020-10-02,47.53,55.1
2020-10-05,47.72,55.85
2020-10-06,46.62,54.8
2020-10-07,47.13,55.51
2020-10-08,48.97,56.63
2020-10-09,48.98,56.94
2020-10-12,49.48,57.31
2020-10-13,48.37,57.23
2020-10-14,48.28,57.16
2020-10-15,48.9,57.57
2020-10-16,47.75,57.32
2020-10-19,46.42,56.19
2020-10-20,46.98,56.54
2020-10-21,45.24,55.48
2020-10-22,42.64,54.99
2020-10-23,43.99,55.82
2020-10-26,42.41,54.01
2020-10-27,41.33,53.39
2020-10-28,41.94,52.63
2020-10-29,41.41,52.67
2020-10-30,40.76,51.98
2020-11-02,42.15,53.8
2020-11-03,43.15,54.9
2020-11-04,46.32,56.37
2020-11-05,46.02,57.21
2020-11-06,44.11,56.71
2020-11-09,40.64,53.51
2020-11-10,42.57,54.74
2020-11-11,42.82,55.56
2020-11-12,41.71,54.72
2020-11-13,42.93,56.05
2020-11-16,42.87,56.93
2020-11-17,43.01,57.05
2020-11-18,43.73,56.8
2020-11-19,43.63,57.22
2020-11-20,43.67,57.15
2020-11-23,45.19,58.42
2020-11-24,43.98,58.22
2020-11-25,44.61,58.03
2020-11-27,44.36,57.92
2020-11-30,43.63,57.23
2020-12-01,42.66,56.91
2020-12-02,41.55,55.8
2020-12-03,43.17,56.9
2020-12-04,42.06,56.73
2020-12-07,43.62,57.12
2020-12-08,42.04,56.61
2020-12-09,42.08,56.91
2020-12-10,42.16,56.78
2020-12-11,42.35,56.54
2020-12-14,42.12,56.51
2020-12-15,42.42,57.74
2020-12-16,42.5,57.66
2020-12-17,44.78,59.09
2020-12-18,45.1,59.41
2020-12-21,44.75,59.04
2020-12-22,45.41,59.16
2020-12-23,44.29,58.75
2020-12-24,45.2,59.37
2020-12-28,44.47,58.41
2020-12-29,44.15,57.93
2020-12-30,44.09,58.15
2020-12-31,43.12,57.64
2021-01-04,42.21,56.77
2021-01-05,41.07,57.0
2021-01-06,40.85,58.27
2021-01-07,42.49,59.65
2021-01-08,41.53,58.65
2021-01-11,42.08,59.45
2021-01-12,42.66,60.42
2021-01-13,42.56,60.31
2021-01-14,42.42,60.6
2021-01-15,42.7,60.49
2021-01-19,44.01,61.11
2021-01-20,46.69,62.73
2021-01-21,47.56,63.17
2021-01-22,48.89,63.56
2021-01-25,48.98,63.47
2021-01-26,47.63,62.6
2021-01-27,47.25,61.43
2021-01-28,44.57,61.41
2021-01-29,43.5,60.3
2021-02-01,44.77,61.24
2021-02-02,45.97,61.84
2021-02-03,46.36,61.69
2021-02-04,47.1,62.47
2021-02-05,48.13,63.61
2021-02-08,49.26,65.09
2021-02-09,49.2,64.52
2021-02-10,49.36,64.53
2021-02-11,49.51,65.25
2021-02-12,48.48,65.06
2021-02-16,46.67,63.51
2021-02-17,46.17,63.55
2021-02-18,45.47,63.18
2021-02-19,46.39,64.4
2021-02-22,45.44,63.44
2021-02-23,45.92,63.37
2021-02-24,46.92,63.79
2021-02-25,43.94,61.21
2021-02-26,45.11,62.04
2021-03-01,45.47,63.35
2021-03-02,46.19,63.43
2021-03-03,44.27,62.24
2021-03-04,43.78,60.87
2021-03-05,45.74,63.18
2021-03-08,47.41,64.41
2021-03-09,47.34,64.33
2021-03-10,48.83,65.88
2021-03-11,48.25,66.15
2021-03-12,47.93,66.09
2021-03-15,49.7,67.41
2021-03-16,49.09,66.81
2021-03-17,50.99,68.05
2021-03-18,48.25,67.19
2021-03-19,48.99,68.08
2021-03-22,49.07,68.32
2021-03-23,48.34,66.62
2021-03-24,48.21,66.4
2021-03-25,50.14,68.35
2021-03-26,52.62,70.84
2021-03-29,51.61,69.55
2021-03-30,52.75,70.69
2021-03-31,52.44,70.37
2021-04-01,53.48,71.59
2021-04-05,53.83,72.4
2021-04-06,53.99,73.03
2021-04-07,53.53,72.04
2021-04-08,53.15,72.08
2021-04-09,54.56,73.75
2021-04-12,54.1,73.93
2021-04-13,54.05,73.39
2021-04-14,53.5,73.18
2021-04-15,53.45,73.52
2021-04-16,54.22,75.11
2021-04-19,53.71,74.64
2021-04-20,52.51,72.98
2021-04-21,53.16,73.93
2021-04-22,53.18,73.7
2021-04-23,53.91,75.12
2021-04-26,54.79,75.49
2021-04-27,57.14,76.2
2021-04-28,58.68,75.82
2021-04-29,59.81,76.67
2021-04-30,59.12,75.35
2021-05-03,60.33,77.04
2021-05-04,60.9,77.26
2021-05-05,61.12,77.42
2021-05-06,60.61,78.11
2021-05-07,61.73,79.38
2021-05-10,62.35,79.38
2021-05-11,59.54,76.63
2021-05-12,55.41,72.74
2021-05-13,58.06,74.9
2021-05-14,58.46,75.98
2021-05-17,57.99,75.15
2021-05-18,56.13,73.42
2021-05-19,55.58,72.63
2021-05-20,56.06,73.07
2021-05-21,55.77,72.59
2021-05-24,56.02,73.0
2021-05-25,56.53,73.74
2021-05-26,57.62,74.67
2021-05-27,57.88,75.11
2021-05-28,57.79,74.97
2021-06-01,58.16,75.01
2021-06-02,57.36,73.95
2021-06-03,56.31,72.95
2021-06-04,56.95,73.56
2021-06-07,56.71,73.46
2021-06-08,56.96,73.9
2021-06-09,55.84,72.82
2021-06-10,53.99,71.97
2021-06-11,54.34,72.56
2021-06-14,53.53,71.58
2021-06-15,54.21,71.83
2021-06-16,53.12,70.96
2021-06-17,53.72,70.56
2021-06-18,53.67,70.13
2021-06-21,54.2,71.53
2021-06-22,54.39,71.81
2021-06-23,53.49,71.46
2021-06-24,53.42,71.74
2021-06-25,53.61,72.2
2021-06-28,54.47,72.7
2021-06-29,55.54,73.22
2021-06-30,54.57,73.24
2021-07-01,55.82,74.29
2021-07-02,55.24,73.96
2021-07-06,53.92,72.94
2021-07-07,55.11,74.18
2021-07-08,52.71,72.11
2021-07-09,53.23,73.21
2021-07-12,53.16,73.42
2021-07-13,51.67,71.82
2021-07-14,51.75,71.58
2021-07-15,51.55,71.5
2021-07-16,51.0,70.93
2021-07-19,50.92,70.21
2021-07-20,52.21,72.19
2021-07-21,52.85,73.36
2021-07-22,52.49,72.75
2021-07-23,54.07,74.35
2021-07-26,53.36,73.65
2021-07-27,53.39,73.57
2021-07-28,52.63,73.36
2021-07-29,55.06,75.52
2021-07-30,54.87,75.39
2021-08-02,54.96,75.29
2021-08-03,55.37,76.53
2021-08-04,53.29,75.7
2021-08-05,53.49,76.2
2021-08-06,52.95,75.76
2021-08-09,52.57,75.41
2021-08-10,53.44,76.35
2021-08-11,55.37,78.14
2021-08-12,54.46,77.7
2021-08-13,54.34,77.51
2021-08-16,54.62,77.93
2021-08-17,52.45,75.42
2021-08-18,52.35,75.29
2021-08-19,51.74,75.01
2021-08-20,52.71,76.21
2021-08-23,52.44,76.21
2021-08-24,53.59,77.27
2021-08-25,54.22,78.18
2021-08-26,53.82,77.6
2021-08-27,54.88,78.64
2021-08-30,54.16,78.72
2021-08-31,53.86,78.1
2021-09-01,54.69,78.61
2021-09-02,54.2,78.88
2021-09-03,53.39,78.34
2021-09-07,52.72,77.09
2021-09-08,49.53,76.43
2021-09-09,48.48,76.86
2021-09-10,47.93,76.59
2021-09-13,48.28,76.55
2021-09-14,47.18,75.4
2021-09-15,47.58,76.01
2021-09-16,48.22,76.27
2021-09-17,48.64,75.94
2021-09-20,47.37,74.5
2021-09-21,47.1,74.1
2021-09-22,47.88,74.95
2021-09-23,47.36,75.19
2021-09-24,47.49,75.03
2021-09-27,48.34,75.6
2021-09-28,47.19,73.73
2021-09-29,47.92,74.11
2021-09-30,45.92,71.76
2021-10-01,46.13,72.01
2021-10-04,46.25,71.78
2021-10-05,46.53,71.94
2021-10-06,46.99,72.16
2021-10-07,47.66,73.42
2021-10-08,47.33,72.54
2021-10-11,47.25,72.38
2021-10-12,47.87,72.39
2021-10-13,47.78,72.77
2021-10-14,49.24,74.78
2021-10-15,48.41,74.72
2021-10-18,49.37,75.86
2021-10-19,49.23,75.67
2021-10-20,50.21,76.73
2021-10-21,50.1,76.93
2021-10-22,49.72,77.22
2021-10-25,49.86,77.45
2021-10-26,48.68,76.8
2021-10-27,48.75,76.49
2021-10-28,48.66,77.97
2021-10-29,48.08,77.58
2021-11-01,48.68,78.52
2021-11-02,47.79,78.17
2021-11-03,48.39,78.72
2021-11-04,49.08,79.46
2021-11-05,50.43,80.06
2021-11-08,50.27,80.12
2021-11-09,51.91,81.63
2021-11-10,50.62,80.41
2021-11-11,50.7,80.84
2021-11-12,51.36,82.45
2021-11-15,50.57,82.14
2021-11-16,51.52,83.73
2021-11-17,52.36,83.62
2021-11-18,51.74,83.86
2021-11-19,52.25,84.05
2021-11-22,52.42,84.03
2021-11-23,52.9,83.98
2021-11-24,52.65,83.84
2021-11-26,51.59,82.31
2021-11-29,51.51,82.37
2021-11-30,50.03,80.32
2021-12-01,50.07,80.13
2021-12-02,52.49,82.88
2021-12-03,52.09,82.59
2021-12-06,53.97,84.25
2021-12-07,54.67,85.37
2021-12-08,55.37,85.82
2021-12-09,55.37,85.48
2021-12-10,56.22,86.27
2021-12-13,54.99,84.64
2021-12-14,53.86,83.57
2021-12-15,55.32,84.85
2021-12-16,53.99,83.5
2021-12-17,52.98,81.56
2021-12-20,51.48,79.58
2021-12-21,52.99,81.67
2021-12-22,54.54,82.87
2021-12-23,54.65,83.33
2021-12-27,55.38,84.55
2021-12-28,56.28,84.78
2021-12-29,57.65,85.57
2021-12-30,56.65,85.05
2021-12-31,57.16,85.78
2022-01-03,56.09,84.1
2022-01-04,56.91,85.09
2022-01-05,56.11,82.76
2022-01-06,55.03,82.55
2022-01-07,52.28,79.71
2022-01-10,53.0,79.49
2022-01-11,54.9,80.92
2022-01-12,55.02,80.89
2022-01-13,56.93,80.56
2022-01-14,57.09,78.88
2022-01-18,54.52,76.63
2022-01-19,53.1,75.21
2022-01-20,52.37,73.66
2022-01-21,51.51,72.83
2022-01-24,54.0,75.18
2022-01-25,53.02,73.77
2022-01-26,51.07,72.02
2022-01-27,50.0,70.94
2022-01-28,51.25,72.64
2022-01-31,52.69,74.44
2022-02-01,53.19,74.44
2022-02-02,54.4,74.89
2022-02-03,52.84,73.09
2022-02-04,48.74,71.53
2022-02-07,48.86,71.62
2022-02-08,50.16,72.74
2022-02-09,51.44,74.44
2022-02-10,48.54,71.75
2022-02-11,47.86,70.64
2022-02-14,47.82,70.56
2022-02-15,48.9,71.96
2022-02-16,49.28,72.23
2022-02-17,47.95,70.34
2022-02-18,48.13,70.29
2022-02-22,46.23,68.04
2022-02-23,44.87,66.19
2022-02-24,46.62,67.92
2022-02-25,48.66,70.06
2022-02-28,49.66,70.05
2022-03-01,49.1,69.14
2022-03-02,50.04,71.16
2022-03-03,49.25,70.39
2022-03-04,49.37,69.28
2022-03-07,46.27,65.57
2022-03-08,46.08,65.67
2022-03-09,47.67,68.12
2022-03-10,47.15,67.64
2022-03-11,46.39,66.97
2022-03-14,44.26,66.25
2022-03-15,46.45,68.45
2022-03-16,46.61,69.88
2022-03-17,47.35,70.96
2022-03-18,48.43,71.88
2022-03-21,46.53,69.7
2022-03-22,46.39,69.74
2022-03-23,44.65,66.99
2022-03-24,44.57,66.26
2022-03-25,43.8,65.57
2022-03-28,43.67,66.11
2022-03-29,45.2,68.22
2022-03-30,44.34,65.76
2022-03-31,41.9,63.2
2022-04-01,42.37,63.71
2022-04-04,43.17,64.39
2022-04-05,41.9,63.06
2022-04-06,40.75,61.59
2022-04-07,40.25,61.27
2022-04-08,40.67,61.47
2022-04-11,41.47,61.78
2022-04-12,41.81,61.58
2022-04-13,42.7,62.63
2022-04-14,42.21,61.45
2022-04-18,42.07,60.9
2022-04-19,43.69,63.21
2022-04-20,43.91,63.89
2022-04-21,43.31,63.08
2022-04-22,41.91,61.34
2022-04-25,43.67,62.96
2022-04-26,42.58,61.49
2022-04-27,41.65,61.39
2022-04-28,43.52,63.09
2022-04-29,41.76,61.29
2022-05-02,42.44,62.64
2022-05-03,43.61,63.36
2022-05-04,45.86,65.46
2022-05-05,43.3,62.27
2022-05-06,42.79,61.36
2022-05-09,42.67,61.1
2022-05-10,41.9,60.26
2022-05-11,40.49,58.1
2022-05-12,42.16,60.09
2022-05-13,42.53,61.3
2022-05-16,42.73,60.66
2022-05-17,44.44,62.29
2022-05-18,41.64,58.87
2022-05-19,41.67,59.31
2022-05-20,42.74,59.12
2022-05-23,42.43,59.14
2022-05-24,40.93,57.59
2022-05-25,42.97,59.62
2022-05-26,44.98,61.96
2022-05-27,45.69,63.22
2022-05-31,45.26,62.41
2022-06-01,44.92,61.79
2022-06-02,45.51,63.23
2022-06-03,45.06,62.59
2022-06-06,45.12,62.89
2022-06-07,45.3,63.16
2022-06-08,44.07,61.92
2022-06-09,43.99,61.63
2022-06-10,42.0,58.98
2022-06-13,39.97,55.96
2022-06-14,39.88,55.52
2022-06-15,39.43,55.71
2022-06-16,36.27,52.03
2022-06-17,36.25,52.27
2022-06-21,37.17,52.49
2022-06-22,37.92,52.84
2022-06-23,39.72,54.73
2022-06-24,40.39,56.26
2022-06-27,40.59,56.34
2022-06-28,39.87,55.17
2022-06-29,39.59,54.94
2022-06-30,39.63,54.71
2022-07-01,42.22,56.56
2022-07-05,43.72,57.95
2022-07-06,43.24,57.58
2022-07-07,43.58,58.41
2022-07-08,44.2,58.38
2022-07-11,44.0,58.09
2022-07-12,44.06,58.5
2022-07-13,44.33,58.6
2022-07-14,43.8,57.96
2022-07-15,43.95,58.66
2022-07-18,43.46,58.4
2022-07-19,44.55,60.37
2022-07-20,44.37,60.7
2022-07-21,45.58,61.97
2022-07-22,45.91,62.18
2022-07-25,44.7,61.39
2022-07-26,42.8,60.77
2022-07-27,43.66,62.03
2022-07-28,43.71,63.31
2022-07-29,43.62,64.0
2022-08-01,44.17,64.43
2022-08-02,41.7,62.46
2022-08-03,41.86,62.83
2022-08-04,42.62,63.92
2022-08-05,42.38,64.12
2022-08-08,43.52,64.87
2022-08-09,42.18,62.74
2022-08-10,44.13,64.92
2022-08-11,44.27,65.46
2022-08-12,44.95,66.7
2022-08-15,44.41,66.77
2022-08-16,44.55,67.45
2022-08-17,43.5,66.33
2022-08-18,43.71,66.59
2022-08-19,42.31,64.67
2022-08-22,40.99,62.96
2022-08-23,41.15,62.77
2022-08-24,42.09,63.24
2022-08-25,43.05,64.37
2022-08-26,41.04,61.39
2022-08-29,40.91,61.0
2022-08-30,40.98,60.54
2022-08-31,40.66,59.79
2022-09-01,40.56,59.78
2022-09-02,40.45,59.38
2022-09-06,39.81,58.77
2022-09-07,40.63,60.43
2022-09-08,40.82,60.99
2022-09-09,41.77,62.06
2022-09-12,42.13,62.63
2022-09-13,39.2,58.96
2022-09-14,38.91,58.28
2022-09-15,38.86,58.06
2022-09-16,39.36,57.79
2022-09-19,40.67,58.68
2022-09-20,39.98,57.27
2022-09-21,39.34,56.65
2022-09-22,38.91,55.45
2022-09-23,39.15,55.36
2022-09-26,37.91,53.98
2022-09-27,37.54,54.21
2022-09-28,39.44,56.81
2022-09-29,38.14,55.11
2022-09-30,37.5,54.69
2022-10-03,39.25,56.85
2022-10-04,40.99,59.32
2022-10-05,40.86,58.82
2022-10-06,41.27,58.9
2022-10-07,40.09,57.17
2022-10-10,39.86,57.29
2022-10-11,39.95,57.41
2022-10-12,39.0,56.65
2022-10-13,38.85,56.79
2022-10-14,37.58,54.79
2022-10-17,38.33,56.2
2022-10-18,39.63,57.47
2022-10-19,37.16,54.73
2022-10-20,36.59,53.4
2022-10-21,37.49,55.06
2022-10-24,37.96,55.92
2022-10-25,39.55,58.35
2022-10-26,38.88,57.77
2022-10-27,39.23,57.99
2022-10-28,40.33,58.98
2022-10-31,39.99,58.34
2022-11-01,39.8,58.09
2022-11-02,38.64,55.86
2022-11-03,37.22,54.92
2022-11-04,38.26,56.05
2022-11-07,38.72,56.8
2022-11-08,38.92,57.21
2022-11-09,38.58,56.21
2022-11-10,43.78,62.02
2022-11-11,44.37,62.83
2022-11-14,42.51,61.02
2022-11-15,43.62,62.3
2022-11-16,43.7,61.45
2022-11-17,42.84,60.59
2022-11-18,42.85,60.95
2022-11-21,42.41,60.58
2022-11-22,43.73,61.71
2022-11-23,44.7,62.02
2022-11-25,44.52,62.07
2022-11-28,43.82,60.75
2022-11-29,44.09,61.16
2022-11-30,44.78,62.28
2022-12-01,45.15,63.06
2022-12-02,44.59,62.63
2022-12-05,43.71,61.19
2022-12-06,43.38,60.35
2022-12-07,44.6,61.46
2022-12-08,44.41,61.85
2022-12-09,43.92,61.38
2022-12-12,44.82,62.18
2022-12-13,45.79,63.29
2022-12-14,46.33,62.95
2022-12-15,47.05,62.57
2022-12-16,46.3,61.6
2022-12-19,45.08,60.38
2022-12-20,44.78,60.05
2022-12-21,45.76,61.17
2022-12-22,46.03,60.64
2022-12-23,45.79,60.83
2022-12-27,45.87,60.66
2022-12-28,44.89,59.46
2022-12-29,45.82,60.91
2022-12-30,45.53,60.32
2023-01-03,46.2,61.13
2023-01-04,47.41,62.63
2023-01-05,47.67,62.16
2023-01-06,48.31,63.62
2023-01-09,48.13,63.65
2023-01-10,48.43,64.31
2023-01-11,49.83,65.96
2023-01-12,50.31,66.16
2023-01-13,50.74,66.57
2023-01-17,51.07,66.04
2023-01-18,50.97,65.4
2023-01-19,50.18,63.42
2023-01-20,50.71,64.98
2023-01-23,51.06,65.81
2023-01-24,51.62,66.08
2023-01-25,51.98,66.35
2023-01-26,52.37,66.53
2023-01-27,52.62,67.15
2023-01-30,51.99,66.29
2023-01-31,56.89,69.45
2023-02-01,58.44,70.89
2023-02-02,60.27,72.27
2023-02-03,58.8,71.21
2023-02-06,57.48,69.96
2023-02-07,58.07,70.29
2023-02-08,55.51,69.29
2023-02-09,55.57,68.92
2023-02-10,55.98,68.71
2023-02-13,57.39,70.41
2023-02-14,56.48,70.15
2023-02-15,56.74,70.59
2023-02-16,55.91,69.72
2023-02-17,54.3,68.96
2023-02-21,52.76,66.29
2023-02-22,53.12,66.71
2023-02-23,54.0,67.39
2023-02-24,53.58,66.74
2023-02-27,53.7,67.18
2023-02-28,54.67,67.52
2023-03-01,54.22,66.96
2023-03-02,54.28,67.42
2023-03-03,55.19,68.81
2023-03-06,54.79,68.12
2023-03-07,54.04,67.43
2023-03-08,54.75,68.12
2023-03-09,54.44,67.0
2023-03-10,53.47,65.47
2023-03-13,54.21,65.25
2023-03-14,55.02,66.16
2023-03-15,54.62,64.73
2023-03-16,55.96,65.93
2023-03-17,55.42,64.93
2023-03-20,55.36,65.38
2023-03-21,55.82,66.32
2023-03-22,55.93,65.18
2023-03-23,56.39,65.16
2023-03-24,56.66,65.19
2023-03-27,56.55,65.3
2023-03-28,57.27,65.68
2023-03-29,57.15,66.21
2023-03-30,56.78,66.12
2023-03-31,58.28,67.76
2023-04-03,59.0,67.84
2023-04-04,58.42,65.9
2023-04-05,58.63,64.93
2023-04-06,57.84,64.48
2023-04-10,58.33,65.4
2023-04-11,59.76,66.72
2023-04-12,59.75,66.66
2023-04-13,59.21,66.91
2023-04-14,60.14,67.12
2023-04-17,60.59,67.78
2023-04-18,62.59,68.96
2023-04-19,62.44,69.15
2023-04-20,62.81,69.65
2023-04-21,62.83,69.41
2023-04-24,63.86,69.59
2023-04-25,64.95,68.56
2023-04-26,64.63,67.59
2023-04-27,66.27,69.89
2023-04-28,67.15,70.92
2023-05-01,65.78,70.6
2023-05-02,65.77,70.3
2023-05-03,66.49,70.73
2023-05-04,66.37,69.58
2023-05-05,67.02,70.77
2023-05-08,67.78,71.19
2023-05-09,67.73,71.32
2023-05-10,67.8,71.18
2023-05-11,68.12,71.13
2023-05-12,68.43,70.79
2023-05-15,68.55,71.39
2023-05-16,69.36,70.51
2023-05-17,69.5,71.64
2023-05-18,70.15,72.89
2023-05-19,69.18,71.64
2023-05-22,67.42,70.94
2023-05-23,65.69,69.8
2023-05-24,65.76,69.57
2023-05-25,66.52,69.78
2023-05-26,65.87,70.2
2023-05-30,66.69,70.34
2023-05-31,66.08,68.89
2023-06-01,67.3,69.84
2023-06-02,69.38,72.66
2023-06-05,69.42,71.97
2023-06-06,72.18,74.06
2023-06-07,71.57,75.27
2023-06-08,71.21,75.01
2023-06-09,71.99,74.69
2023-06-12,72.9,75.54
2023-06-13,73.89,76.54
2023-06-14,73.25,75.53
2023-06-15,73.96,76.76
2023-06-16,73.51,76.47
2023-06-20,74.88,76.75
2023-06-21,75.75,77.14
2023-06-22,76.05,76.72
2023-06-23,76.27,76.86
2023-06-26,76.03,77.33
2023-06-27,78.67,79.55
2023-06-28,77.72,79.25
2023-06-29,77.32,79.76
2023-06-30,77.68,80.3
2023-07-03,77.29,80.05
2023-07-05,77.12,79.29
2023-07-06,75.01,77.67
2023-07-07,75.03,77.95
2023-07-10,77.38,80.16
2023-07-11,78.2,81.23
2023-07-12,80.0,82.91
2023-07-13,80.35,83.2
2023-07-14,82.51,83.5
2023-07-17,81.7,83.77
2023-07-18,82.02,84.36
2023-07-19,81.96,84.32
2023-07-20,77.52,82.6
2023-07-21,78.09,82.49
2023-07-24,78.53,82.8
2023-07-25,83.42,83.63
2023-07-26,84.3,83.76
2023-07-27,83.64,83.66
2023-07-28,84.82,84.45
2023-07-31,84.39,84.51
2023-08-01,84.62,85.02
2023-08-02,83.56,84.23
2023-08-03,81.45,83.31
2023-08-04,84.35,83.87
2023-08-07,85.63,84.84
2023-08-08,86.01,84.65
2023-08-09,85.07,83.89
2023-08-10,82.96,83.32
2023-08-11,82.77,83.24
2023-08-14,84.04,83.71
2023-08-15,84.24,83.48
2023-08-16,82.56,82.35
2023-08-17,78.79,79.38
2023-08-18,79.3,79.57
2023-08-21,77.96,78.98
2023-08-22,78.83,79.23
2023-08-23,79.66,80.87
2023-08-24,78.37,79.62
2023-08-25,77.17,79.33
2023-08-28,77.77,80.17
2023-08-29,79.91,82.07
2023-08-30,81.1,82.82
2023-08-31,82.06,83.07
2023-09-01,82.63,84.26
2023-09-05,77.89,80.99
2023-09-06,79.21,81.36
2023-09-07,80.98,81.62
2023-09-08,80.72,81.25
2023-09-11,81.7,82.16
2023-09-12,78.37,80.65
2023-09-13,76.96,79.74
2023-09-14,78.58,80.66
2023-09-15,76.27,78.9
2023-09-18,76.62,78.89
2023-09-19,77.14,78.94
2023-09-20,76.45,78.01
2023-09-21,73.9,76.1
2023-09-22,73.94,76.18
2023-09-25,73.93,76.78
2023-09-26,73.27,75.64
2023-09-27,73.2,76.14
2023-09-28,74.77,77.09
2023-09-29,74.05,76.57
2023-10-02,73.22,75.63
2023-10-03,70.73,73.68
2023-10-04,72.36,74.75
2023-10-05,71.87,74.33
2023-10-06,72.2,74.95
2023-10-09,73.12,75.72
2023-10-10,73.93,76.59
2023-10-11,75.59,77.54
2023-10-12,71.91,74.61
2023-10-13,72.89,74.17
2023-10-16,72.88,75.23
2023-10-17,73.46,75.39
2023-10-18,71.8,72.93
2023-10-19,70.13,71.49
2023-10-20,69.65,70.86
2023-10-23,70.57,71.07
2023-10-24,71.65,70.93
2023-10-25,71.02,69.36
2023-10-26,72.34,69.97
2023-10-27,71.92,69.78
2023-10-30,72.23,70.74
2023-10-31,73.59,71.62
2023-11-01,77.23,73.82
2023-11-02,80.17,75.42
2023-11-03,83.37,77.45
2023-11-06,81.86,76.44
2023-11-07,82.03,76.94
2023-11-08,81.69,76.93
2023-11-09,80.91,75.94
2023-11-10,82.37,77.52
2023-11-13,82.04,77.23
2023-11-14,87.85,81.77
2023-11-15,87.04,81.57
2023-11-16,86.97,81.54
2023-11-17,88.3,82.41
2023-11-20,88.26,82.57
2023-11-21,87.29,81.81
2023-11-22,87.94,82.23
2023-11-24,88.1,82.56
2023-11-27,87.91,82.43
2023-11-28,87.59,81.9
2023-11-29,88.01,82.75
2023-11-30,88.42,82.95
2023-12-01,91.02,85.46
2023-12-04,91.02,86.03
2023-12-05,90.92,85.63
2023-12-06,92.46,86.68
2023-12-07,94.46,87.4
2023-12-08,96.31,88.47
2023-12-11,96.05,88.7
2023-12-12,95.99,88.45
2023-12-13,97.96,90.69
2023-12-14,104.88,95.74
2023-12-15,102.49,94.71
2023-12-18,102.0,93.71
2023-12-19,102.94,94.99
2023-12-20,102.08,93.97
2023-12-21,102.43,95.26
2023-12-22,102.43,95.6
2023-12-26,103.18,96.14
2023-12-27,103.93,96.47
2023-12-28,103.49,96.18
2023-12-29,103.22,95.66
