date,PNC,KBE
2010-01-04,53.51,21.71
2010-01-05,54.05,22.18
2010-01-06,54.05,22.47
2010-01-07,56.98,23.41
2010-01-08,57.13,23.32
2010-01-11,57.29,23.33
2010-01-12,56.7,22.94
2010-01-13,57.04,23.33
2010-01-14,57.84,23.68
2010-01-15,56.68,23.16
2010-01-19,57.83,23.4
2010-01-20,58.79,23.71
2010-01-21,55.7,23.67
2010-01-22,53.62,22.96
2010-01-25,54.01,23.0
2010-01-26,52.66,22.57
2010-01-27,54.36,23.19
2010-01-28,54.14,23.3
2010-01-29,55.43,23.09
2010-02-01,55.86,23.42
2010-02-02,54.65,23.47
2010-02-03,53.71,22.95
2010-02-04,51.03,21.98
2010-02-05,51.79,22.24
2010-02-08,50.75,21.91
2010-02-09,51.06,22.18
2010-02-10,51.28,22.34
2010-02-11,51.4,22.38
2010-02-12,51.52,22.23
2010-02-16,52.44,22.81
2010-02-17,51.85,22.83
2010-02-18,51.87,22.85
2010-02-19,51.7,23.15
2010-02-22,53.17,23.59
2010-02-23,52.56,23.1
2010-02-24,53.78,23.56
2010-02-25,53.64,23.4
2010-02-26,53.76,23.51
2010-03-01,53.81,23.43
2010-03-02,53.51,23.58
2010-03-03,53.75,23.55
2010-03-04,54.2,23.55
2010-03-05,55.57,24.14
2010-03-08,55.53,24.2
2010-03-09,56.19,24.35
2010-03-10,57.4,24.91
2010-03-11,58.44,25.3
2010-03-12,57.86,25.05
2010-03-15,57.3,25.12
2010-03-16,58.62,25.57
2010-03-17,59.96,26.02
2010-03-18,59.2,25.61
2010-03-19,59.61,25.37
2010-03-22,59.85,25.66
2010-03-23,59.81,25.89
2010-03-24,59.87,26.01
2010-03-25,59.93,26.07
2010-03-26,59.57,26.01
2010-03-29,59.47,25.89
2010-03-30,58.69,25.73
2010-03-31,59.7,25.81
2010-04-01,60.24,25.99
2010-04-05,61.66,26.61
2010-04-06,62.58,27.19
2010-04-07,62.5,27.08
2010-04-08,64.1,27.36
2010-04-09,64.8,27.48
2010-04-12,65.27,27.79
2010-04-13,63.62,27.49
2010-04-14,65.16,28.4
2010-04-15,64.16,28.17
2010-04-16,63.02,27.26
2010-04-19,63.5,27.47
2010-04-20,64.92,28.23
2010-04-21,65.3,28.43
2010-04-22,68.82,28.69
2010-04-23,69.64,28.72
2010-04-26,66.77,27.89
2010-04-27,66.09,27.07
2010-04-28,65.47,27.42
2010-04-29,66.06,28.02
2010-04-30,67.21,27.66
2010-05-03,68.57,28.12
2010-05-04,66.46,27.35
2010-05-05,67.59,27.35
2010-05-06,64.41,26.11
2010-05-07,64.14,25.7
2010-05-10,67.84,27.25
2010-05-11,68.61,27.4
2010-05-12,68.52,27.77
2010-05-13,66.99,27.3
2010-05-14,65.61,26.52
2010-05-17,65.85,26.48
2010-05-18,63.68,25.45
2010-05-19,62.78,25.33
2010-05-20,60.55,24.13
2010-05-21,62.76,25.06
2010-05-24,60.56,24.24
2010-05-25,61.8,24.45
2010-05-26,61.63,24.36
2010-05-27,64.47,25.37
2010-05-28,62.75,24.77
2010-06-01,61.16,24.22
2010-06-02,63.69,24.95
2010-06-03,62.04,24.77
2010-06-04,58.675,23.67
2010-06-07,58.31,23.16
2010-06-08,59.24,23.63
2010-06-09,58.01,23.43
2010-06-10,60.58,24.34
2010-06-11,61.25,24.3
2010-06-14,60.2,24.13
2010-06-15,61.96,24.8
2010-06-16,62.35,24.74
2010-06-17,62.19,24.7
2010-06-18,62.78,24.84
2010-06-21,61.87,24.82
2010-06-22,60.63,24.48
2010-06-23,60.71,24.3
2010-06-24,59.07,23.74
2010-06-25,61.03,24.41
2010-06-28,59.83,24.34
2010-06-29,57.58,23.28
2010-06-30,56.5,22.89
2010-07-01,56.32,22.69
2010-07-02,55.67,22.34
2010-07-06,56.74,22.58
2010-07-07,61.15,23.87
2010-07-08,61.14,23.94
2010-07-09,61.89,24.5
2010-07-12,61.49,24.59
2010-07-13,62.74,25.29
2010-07-14,61.29,24.91
2010-07-15,60.88,24.79
2010-07-16,58.23,23.4
2010-07-19,57.97,23.34
2010-07-20,58.94,23.32
2010-07-21,58.54,22.785
2010-07-22,59.78,23.6
2010-07-23,61.02,23.76
2010-07-26,61.85,24.37
2010-07-27,61.3,24.53
2010-07-28,59.63,24.24
2010-07-29,59.6,24.21
2010-07-30,59.39,24.19
2010-08-02,60.96,24.91
2010-08-03,60.35,24.59
2010-08-04,60.33,24.54
2010-08-05,60.17,24.42
2010-08-06,58.83,24.1
2010-08-09,58.02,24.19
2010-08-10,58.71,24.05
2010-08-11,56.75,23.02
2010-08-12,56.09,22.89
2010-08-13,55.09,22.86
2010-08-16,55.64,22.83
2010-08-17,55.42,22.85
2010-08-18,56.26,22.93
2010-08-19,54.29,22.37
2010-08-20,52.73,22.29
2010-08-23,52.15,22.14
2010-08-24,50.56,21.67
2010-08-25,50.54,21.56
2010-08-26,50.53,21.45
2010-08-27,51.97,21.91
2010-08-30,50.36,21.39
2010-08-31,50.99,21.6
2010-09-01,53.19,22.47
2010-09-02,54.11,22.73
2010-09-03,54.93,23.13
2010-09-07,52.98,22.49
2010-09-08,53.94,22.79
2010-09-09,54.7,23.16
2010-09-10,54.76,23.17
2010-09-13,56.34,23.83
2010-09-14,55.28,23.56
2010-09-15,54.83,23.56
2010-09-16,54.47,23.42
2010-09-17,54.35,23.23
2010-09-20,53.98,23.76
2010-09-21,52.55,23.45
2010-09-22,51.27,23.04
2010-09-23,51.43,22.63
2010-09-24,53.08,23.27
2010-09-27,51.47,22.91
2010-09-28,52.5,22.99
2010-09-29,51.8,22.88
2010-09-30,51.91,22.95
2010-10-01,52.84,23.17
2010-10-04,52.1,23.09
2010-10-05,53.48,23.77
2010-10-06,53.78,23.68
2010-10-07,53.1,23.58
2010-10-08,53.08,23.53
2010-10-11,52.84,23.52
2010-10-12,53.05,23.83
2010-10-13,52.92,23.66
2010-10-14,51.75,23.04
2010-10-15,51.32,22.46
2010-10-18,53.01,22.97
2010-10-19,53.04,22.89
2010-10-20,52.74,22.72
2010-10-21,53.56,22.765
2010-10-22,54.72,22.81
2010-10-25,54.0,22.595
2010-10-26,54.0,22.63
2010-10-27,53.75,22.67
2010-10-28,53.64,22.61
2010-10-29,53.9,22.59
2010-11-01,53.17,22.48
2010-11-02,52.9,22.43
2010-11-03,54.06,22.85
2010-11-04,55.93,23.62
2010-11-05,58.41,24.19
2010-11-08,57.65,24.05
2010-11-09,56.25,23.63
2010-11-10,57.32,24.0175
2010-11-11,57.81,23.875
2010-11-12,56.64,23.35
2010-11-15,56.96,23.5
2010-11-16,55.61,23.11
2010-11-17,55.4,22.72
2010-11-18,56.23,22.88
2010-11-19,56.29,22.88
2010-11-22,55.58,22.49
2010-11-23,54.65,22.1
2010-11-24,54.66,22.35
2010-11-26,54.12,22.15
2010-11-29,54.32,22.41
2010-11-30,53.85,22.26
2010-12-01,55.17,22.76
2010-12-02,56.57,23.65
2010-12-03,57.26,23.89
2010-12-06,57.31,23.78
2010-12-07,57.86,23.79
2010-12-08,60.18,24.44
2010-12-09,61.57,25.05
2010-12-10,60.67,25.31
2010-12-13,60.0,25.2
2010-12-14,60.41,24.81
2010-12-15,58.56,24.54
2010-12-16,58.42,24.59
2010-12-17,58.5,24.88
2010-12-20,58.63,25.0
2010-12-21,60.11,25.49
2010-12-22,60.62,26.0671
2010-12-23,60.11,25.7
2010-12-27,60.4,25.97
2010-12-28,60.79,26.1
2010-12-29,61.19,26.01
2010-12-30,60.88,25.93
2010-12-31,60.72,25.91
2011-01-03,61.46,26.5
2011-01-04,60.63,26.4225
2011-01-05,61.8,26.81
2011-01-06,62.28,26.48
2011-01-07,61.94,26.23
2011-01-10,61.62,26.19
2011-01-11,61.72,26.32
2011-01-12,62.2,26.7225
2011-01-13,61.13,26.55
2011-01-14,64.22,27.14
2011-01-18,63.24,26.89
2011-01-19,61.81,26.22
2011-01-20,61.0,26.18
2011-01-21,60.83,26.61
2011-01-24,60.48,26.34
2011-01-25,60.88,26.3075
2011-01-26,61.17,26.16
2011-01-27,61.67,26.46
2011-01-28,60.11,26.04
2011-01-31,60.0,26.32
2011-02-01,62.29,26.96
2011-02-02,62.33,26.8075
2011-02-03,62.11,26.8975
2011-02-04,62.0,26.905
2011-02-07,62.75,27.285
2011-02-08,64.31,27.4975
2011-02-09,64.21,27.19
2011-02-10,63.85,27.08
2011-02-11,64.49,27.6175
2011-02-14,64.94,27.62
2011-02-15,64.61,27.52
2011-02-16,64.89,27.62
2011-02-17,64.03,27.38
2011-02-18,63.99,27.415
2011-02-22,61.86,26.47
2011-02-23,61.56,26.42
2011-02-24,61.17,26.245
2011-02-25,61.88,26.63
2011-02-28,61.7,26.5
2011-03-01,60.35,25.92
2011-03-02,59.99,25.87
2011-03-03,60.95,26.375
2011-03-04,60.95,25.98
2011-03-07,60.7,25.78
2011-03-08,63.37,26.48
2011-03-09,63.1,26.49
2011-03-10,62.21,25.88
2011-03-11,62.91,26.12
2011-03-14,62.56,25.9
2011-03-15,62.13,25.69
2011-03-16,60.76,25.3
2011-03-17,62.01,25.65
2011-03-18,62.76,25.81
2011-03-21,62.3,25.815
2011-03-22,61.43,25.68
2011-03-23,61.27,25.52
2011-03-24,61.41,25.6
2011-03-25,61.77,25.71
2011-03-28,61.47,25.63
2011-03-29,62.03,25.69
2011-03-30,62.93,25.9
2011-03-31,62.99,25.82
2011-04-01,63.72,26.04
2011-04-04,63.6,26.03
2011-04-05,63.01,26.03
2011-04-06,63.77,26.43
2011-04-07,63.49,26.3
2011-04-08,63.23,26.08
2011-04-11,63.26,26.025
2011-04-12,63.13,25.99
2011-04-13,62.54,25.7
2011-04-14,61.87,25.46
2011-04-15,61.9,25.4
2011-04-18,60.97,25.1
2011-04-19,60.97,25.11
2011-04-20,60.75,24.99
2011-04-21,61.62,25.09
2011-04-25,61.18,25.1
2011-04-26,62.01,25.3
2011-04-27,62.25,25.56
2011-04-28,62.51,25.68
2011-04-29,62.34,25.61
2011-05-02,62.89,25.54
2011-05-03,64.13,25.75
2011-05-04,63.51,25.55
2011-05-05,62.5,25.19
2011-05-06,62.52,25.21
2011-05-09,62.08,25.16
2011-05-10,63.46,25.38
2011-05-11,63.44,25.15
2011-05-12,63.19,25.08
2011-05-13,61.8,24.63
2011-05-16,61.9,24.669
2011-05-17,62.76,25.07
2011-05-18,63.03,25.14
2011-05-19,62.97,25.16
2011-05-20,61.67,24.75
2011-05-23,61.09,24.38
2011-05-24,60.68,24.35
2011-05-25,61.11,24.335
2011-05-26,61.74,24.42
2011-05-27,62.54,24.77
2011-05-31,62.42,24.95
2011-06-01,59.97,23.93
2011-06-02,60.19,23.97
2011-06-03,59.34,23.75
2011-06-06,59.17,23.26
2011-06-07,59.59,23.235
2011-06-08,59.2,23.1
2011-06-09,59.14,23.38
2011-06-10,59.07,23.28
2011-06-13,59.25,23.52
2011-06-14,59.86,23.65
2011-06-15,58.5,23.27
2011-06-16,59.47,23.37
2011-06-17,57.79,23.56
2011-06-20,56.66,23.43
2011-06-21,56.9,23.69
2011-06-22,56.61,23.48
2011-06-23,56.69,23.24
2011-06-24,56.61,22.99
2011-06-27,57.85,23.32
2011-06-28,57.91,23.36
2011-06-29,58.94,23.94
2011-06-30,59.61,23.99
2011-07-01,60.89,24.44
2011-07-05,60.27,24.17
2011-07-06,59.78,24.0
2011-07-07,60.59,24.4
2011-07-08,59.83,24.03
2011-07-11,58.48,23.34
2011-07-12,58.05,23.285
2011-07-13,58.01,23.35
2011-07-14,57.26,23.08
2011-07-15,56.82,23.07
2011-07-18,55.93,22.7
2011-07-19,55.83,22.99
2011-07-20,55.59,23.29
2011-07-21,56.77,23.85
2011-07-22,56.59,23.77
2011-07-25,56.51,23.65
2011-07-26,55.82,23.58
2011-07-27,54.5,23.02
2011-07-28,54.59,23.0
2011-07-29,54.29,22.88
2011-08-01,54.9,22.84
2011-08-02,53.22,22.09
2011-08-03,53.79,22.24
2011-08-04,51.33,21.09
2011-08-05,51.18,20.62
2011-08-08,46.99,18.45
2011-08-09,49.32,19.7001
2011-08-10,45.28,18.1
2011-08-11,47.65,19.14
2011-08-12,46.88,18.8
2011-08-15,47.78,19.53
2011-08-16,47.04,19.15
2011-08-17,47.31,19.28
2011-08-18,45.0,18.22
2011-08-19,43.12,17.68
2011-08-22,42.98,17.48
2011-08-23,45.0,18.15
2011-08-24,46.87,18.77
2011-08-25,46.58,18.77
2011-08-26,46.84,18.99
2011-08-29,49.31,19.83
2011-08-30,49.26,19.69
2011-08-31,50.14,19.9
2011-09-01,48.54,19.33
2011-09-02,46.23,18.44
2011-09-06,46.0,18.15
2011-09-07,49.08,19.19
2011-09-08,47.8,18.7
2011-09-09,46.38,18.07
2011-09-12,48.169,18.38
2011-09-13,48.64,18.59
2011-09-14,49.76,18.92
2011-09-15,51.27,19.37
2011-09-16,51.34,19.21
2011-09-19,49.94,18.67
2011-09-20,50.19,18.62
2011-09-21,47.69,17.57
2011-09-22,46.74,17.09
2011-09-23,47.29,17.38
2011-09-26,49.42,18.29
2011-09-27,49.2,18.29
2011-09-28,47.9,17.65
2011-09-29,49.79,18.25
2011-09-30,48.19,17.54
2011-10-03,46.24,16.73
2011-10-04,46.59,17.47
2011-10-05,47.21,17.67
2011-10-06,49.27,18.46
2011-10-07,47.75,17.7
2011-10-10,50.3,18.61
2011-10-11,49.9,18.75
2011-10-12,51.97,19.34
2011-10-13,51.28,18.78
2011-10-14,51.16,18.91
2011-10-17,49.01,18.17
2011-10-18,51.22,19.25
2011-10-19,51.33,18.7
2011-10-20,53.1,19.03
2011-10-21,54.06,19.36
2011-10-24,54.98,19.79
2011-10-25,53.02,19.13
2011-10-26,53.89,19.5
2011-10-27,55.97,20.49
2011-10-28,55.07,20.4
2011-10-31,53.71,19.76
2011-11-01,51.38,18.78
2011-11-02,52.6,19.41
2011-11-03,53.41,19.84
2011-11-04,52.67,19.57
2011-11-07,53.76,19.78
2011-11-08,54.56,20.25
2011-11-09,51.81,19.07
2011-11-10,52.65,19.26
2011-11-11,53.87,19.69
2011-11-14,52.81,19.18
2011-11-15,53.61,19.28
2011-11-16,52.82,19.05
2011-11-17,52.02,18.78
2011-11-18,52.69,18.86
2011-11-21,50.97,18.32
2011-11-22,50.21,18.13
2011-11-23,48.88,17.56
2011-11-25,49.07,17.63
2011-11-28,50.25,18.09
2011-11-29,50.83,18.02
2011-11-30,54.21,19.21
2011-12-01,53.47,19.06
2011-12-02,53.97,19.31
2011-12-05,55.18,19.71
2011-12-06,54.97,19.52
2011-12-07,55.96,19.69
2011-12-08,54.4,19.01
2011-12-09,55.91,19.48
2011-12-12,54.62,19.14
2011-12-13,53.85,18.82
2011-12-14,54.05,18.73
2011-12-15,53.9,18.87
2011-12-16,55.09,18.88
2011-12-19,54.38,18.43
2011-12-20,56.15,19.16
2011-12-21,56.88,19.4
2011-12-22,58.0,19.94
2011-12-23,58.57,19.97
2011-12-27,58.37,19.95
2011-12-28,57.48,19.66
2011-12-29,58.3,19.96
2011-12-30,57.67,19.83
2012-01-03,59.03,20.29
2012-01-04,59.22,20.41
2012-01-05,59.81,20.8
2012-01-06,59.91,20.79
2012-01-09,60.4,21.12
2012-01-10,61.57,21.39
2012-01-11,61.65,21.56
2012-01-12,62.09,21.61
2012-01-13,61.73,21.56
2012-01-17,61.24,21.37
2012-01-18,59.64,21.54
2012-01-19,59.4,21.5
2012-01-20,59.63,21.72
2012-01-23,59.73,21.73
2012-01-24,59.52,21.59
2012-01-25,59.62,21.71
2012-01-26,58.9,21.19
2012-01-27,59.08,21.27
2012-01-30,59.02,21.11
2012-01-31,58.92,21.11
2012-02-01,59.86,21.42
2012-02-02,59.81,21.51
2012-02-03,62.2,22.17
2012-02-06,61.07,22.01
2012-02-07,60.7,22.05
2012-02-08,60.43,22.22
2012-02-09,60.39,22.18
2012-02-10,59.67,21.9
2012-02-13,60.09,22.07
2012-02-14,59.56,21.92
2012-02-15,59.51,21.9
2012-02-16,60.7,22.33
2012-02-17,61.14,22.45
2012-02-21,61.26,22.39
2012-02-22,59.71,21.91
2012-02-23,59.68,22.16
2012-02-24,59.38,22.07
2012-02-27,59.42,22.33
2012-02-28,59.54,22.36
2012-02-29,59.52,22.28
2012-03-01,60.29,22.44
2012-03-02,59.61,22.29
2012-03-05,58.76,22.11
2012-03-06,57.14,21.56
2012-03-07,57.92,21.9
2012-03-08,58.73,22.18
2012-03-09,59.4,22.47
2012-03-12,59.5,22.42
2012-03-13,61.94,23.31
2012-03-14,61.35,23.58
2012-03-15,63.0,24.18
2012-03-16,63.42,24.24
2012-03-19,63.64,24.44
2012-03-20,63.49,24.4
2012-03-21,63.45,24.25
2012-03-22,62.6,23.84
2012-03-23,63.36,23.95
2012-03-26,63.99,24.27
2012-03-27,63.11,23.97
2012-03-28,64.7,24.18
2012-03-29,63.95,23.93
2012-03-30,64.49,23.85
2012-04-02,64.72,24.02
2012-04-03,64.7,24.1
2012-04-04,63.87,23.72
2012-04-05,63.53,23.55
2012-04-09,62.64,23.11
2012-04-10,61.75,22.62
2012-04-11,62.47,23.06
2012-04-12,63.41,23.455
2012-04-13,61.28,22.73
2012-04-16,62.14,22.94
2012-04-17,63.41,23.37
2012-04-18,63.78,23.13
2012-04-19,64.6,22.99
2012-04-20,65.38,22.98
2012-04-23,64.98,22.84
2012-04-24,65.57,23.06
2012-04-25,66.26,23.34
2012-04-26,67.22,23.53
2012-04-27,66.73,23.58
2012-04-30,66.32,23.25
2012-05-01,67.33,23.46
2012-05-02,66.73,23.35
2012-05-03,66.27,23.21
2012-05-04,65.26,22.84
2012-05-07,66.05,23.06
2012-05-08,65.89,22.96
2012-05-09,64.63,22.67
2012-05-10,65.53,22.87
2012-05-11,65.48,22.75
2012-05-14,64.26,22.28
2012-05-15,63.39,22.03
2012-05-16,62.52,21.8
2012-05-17,61.64,21.45
2012-05-18,61.33,21.22
2012-05-21,62.26,21.42
2012-05-22,62.02,21.64
2012-05-23,61.91,21.8
2012-05-24,62.2,21.87
2012-05-25,62.09,21.8
2012-05-29,62.8,22.06
2012-05-30,61.35,21.52
2012-05-31,61.42,21.7
2012-06-01,58.07,20.63
2012-06-04,56.84,20.25
2012-06-05,57.23,20.38
2012-06-06,58.7,20.85
2012-06-07,58.63,20.99
2012-06-08,59.35,21.27
2012-06-11,58.17,20.78
2012-06-12,57.5,21.07
2012-06-13,57.81,20.96
2012-06-14,57.9,21.25
2012-06-15,59.01,21.46
2012-06-18,58.06,21.36
2012-06-19,59.54,21.75
2012-06-20,59.86,21.81
2012-06-21,58.64,21.3
2012-06-22,59.15,21.59
2012-06-25,58.56,21.1
2012-06-26,58.86,21.22
2012-06-27,59.6,21.52
2012-06-28,59.51,21.56
2012-06-29,61.11,22.04
2012-07-02,61.49,22.19
2012-07-03,62.14,22.32
2012-07-05,61.09,22.1
2012-07-06,60.7,21.97
2012-07-09,60.24,21.74
2012-07-10,59.66,21.55
2012-07-11,61.41,21.74
2012-07-12,60.35,21.54
2012-07-13,61.42,22.12
2012-07-16,61.11,22.07
2012-07-17,61.59,22.33
2012-07-18,61.01,22.14
2012-07-19,61.315,21.87
2012-07-20,59.14,21.44
2012-07-23,57.61,21.12
2012-07-24,57.37,21.19
2012-07-25,57.67,21.28
2012-07-26,58.44,21.51
2012-07-27,59.56,21.82
2012-07-30,59.82,21.77
2012-07-31,59.1,21.72
2012-08-01,59.1,21.63
2012-08-02,58.5,21.4
2012-08-03,60.25,21.98
2012-08-06,60.13,21.98
2012-08-07,60.77,22.21
2012-08-08,61.04,22.28
2012-08-09,60.77,22.24
2012-08-10,60.73,22.19
2012-08-13,60.42,22.21
2012-08-14,60.43,22.22
2012-08-15,60.97,22.33
2012-08-16,61.55,22.45
2012-08-17,62.05,22.6
2012-08-20,61.69,22.61
2012-08-21,62.2,22.63
2012-08-22,62.16,22.54
2012-08-23,61.83,22.27
2012-08-24,62.05,22.37
2012-08-27,62.01,22.49
2012-08-28,61.97,22.51
2012-08-29,62.57,22.72
2012-08-30,62.04,22.58
2012-08-31,62.16,22.59
2012-09-04,62.34,22.74
2012-09-05,61.84,22.7
2012-09-06,63.01,23.25
2012-09-07,63.8,23.51
2012-09-10,63.88,23.38
2012-09-11,63.96,23.53
2012-09-12,64.15,23.71
2012-09-13,65.74,24.19
2012-09-14,66.78,24.63
2012-09-17,65.66,24.2
2012-09-18,65.67,24.06
2012-09-19,66.16,24.13
2012-09-20,65.74,23.94
2012-09-21,65.85,23.77
2012-09-24,65.59,23.88
2012-09-25,64.54,23.53
2012-09-26,63.51,23.39
2012-09-27,63.83,23.59
2012-09-28,63.1,23.48
2012-10-01,62.76,23.51
2012-10-02,63.94,23.6
2012-10-03,64.38,23.92
2012-10-04,64.75,24.33
2012-10-05,64.8,24.36
2012-10-08,64.49,24.27
2012-10-09,64.4,24.04
2012-10-10,64.55,24.08
2012-10-11,64.95,24.24
2012-10-12,62.73,23.65
2012-10-15,62.93,23.74
2012-10-16,60.4,23.5
2012-10-17,59.77,23.85
2012-10-18,59.84,23.8597
2012-10-19,59.42,23.7
2012-10-22,59.09,23.78
2012-10-23,58.64,23.5
2012-10-24,58.0,23.49
2012-10-25,58.44,23.68
2012-10-26,57.76,23.52
2012-10-31,58.2,23.65
2012-11-01,59.25,23.91
2012-11-02,59.19,23.68
2012-11-05,58.73,23.62
2012-11-06,59.08,23.95
2012-11-07,56.6,23.09
2012-11-08,56.25,22.8884
2012-11-09,56.26,22.91
2012-11-12,56.31,22.91
2012-11-13,54.96,22.67
2012-11-14,53.69,22.29
2012-11-15,54.37,22.33
2012-11-16,54.34,22.5
2012-11-19,54.91,22.9
2012-11-20,54.8,23.07
2012-11-21,54.81,23.02
2012-11-23,55.75,23.45
2012-11-26,55.55,23.35
2012-11-27,55.03,23.16
2012-11-28,55.35,23.2
2012-11-29,55.35,23.26
2012-11-30,56.14,23.27
2012-12-03,55.31,23.17
2012-12-04,55.08,22.98
2012-12-05,55.89,23.19
2012-12-06,55.33,23.21
2012-12-07,55.8,23.36
2012-12-10,55.88,23.4003
2012-12-11,56.24,23.49
2012-12-12,56.7,23.56
2012-12-13,56.54,23.42
2012-12-14,55.85,23.29
2012-12-17,57.87,23.85
2012-12-18,59.52,24.259
2012-12-19,58.6311,24.1799
2012-12-20,59.17,24.4
2012-12-21,58.31,23.93
2012-12-24,58.57,23.83
2012-12-26,58.05,23.76
2012-12-27,57.95,23.67
2012-12-28,57.46,23.56
2012-12-31,58.31,23.83
2013-01-02,59.54,24.57
2013-01-03,59.75,24.64
2013-01-04,60.48,25.03
2013-01-07,61.03,24.97
2013-01-08,60.25,24.85
2013-01-09,60.17,24.73
2013-01-10,61.14,24.97
2013-01-11,60.05,24.76
2013-01-14,59.45,24.8
2013-01-15,59.77,24.93
2013-01-16,59.78,25.0
2013-01-17,62.01,25.2
2013-01-18,61.84,25.12
2013-01-22,62.12,25.34
2013-01-23,61.84,25.21
2013-01-24,61.86,25.3
2013-01-25,61.97,25.34
2013-01-28,61.97,25.33
2013-01-29,61.91,25.38
2013-01-30,61.82,25.49
2013-01-31,61.8,25.48
2013-02-01,63.2,25.85
2013-02-04,62.49,25.6
2013-02-05,63.19,25.94
2013-02-06,63.34,26.01
2013-02-07,63.65,26.02
2013-02-08,63.35,26.09
2013-02-11,64.0,26.18
2013-02-12,64.77,26.39
2013-02-13,64.17,26.38
2013-02-14,63.87,26.31
2013-02-15,63.87,26.22
2013-02-19,63.51,26.42
2013-02-20,63.17,26.06
2013-02-21,62.39,25.75
2013-02-22,62.9,26.04
2013-02-25,60.82,25.41
2013-02-26,61.14,25.57
2013-02-27,61.68,25.91
2013-02-28,62.39,26.0
2013-03-01,62.78,26.0
2013-03-04,63.52,26.23
2013-03-05,63.66,26.35
2013-03-06,64.16,26.46
2013-03-07,64.81,26.75
2013-03-08,65.02,26.85
2013-03-11,65.87,27.06
2013-03-12,65.42,26.91
2013-03-13,65.93,27.04
2013-03-14,66.26,27.23
2013-03-15,66.8,27.17
2013-03-18,66.25,26.92
2013-03-19,66.25,26.9
2013-03-20,66.7,27.12
2013-03-21,66.03,26.88
2013-03-22,66.21,26.93
2013-03-25,66.14,26.91
2013-03-26,66.28,27.05
2013-03-27,66.19,26.98
2013-03-28,66.5,26.93
2013-04-01,65.79,26.65
2013-04-02,66.81,26.5
2013-04-03,65.13,26.11
2013-04-04,65.6,26.24
2013-04-05,65.24,26.24
2013-04-08,66.07,26.46
2013-04-09,66.35,26.58
2013-04-10,67.19,27.0
2013-04-11,67.31,26.95
2013-04-12,65.81,26.62
2013-04-15,63.75,25.93
2013-04-16,64.79,26.22
2013-04-17,65.05,25.71
2013-04-18,65.24,25.46
2013-04-19,65.23,25.78
2013-04-22,65.41,25.77
2013-04-23,67.21,26.09
2013-04-24,68.44,26.41
2013-04-25,68.7,26.47
2013-04-26,68.1,26.3
2013-04-29,68.41,26.42
2013-04-30,67.88,26.4
2013-05-01,67.17,26.07
2013-05-02,67.18,26.32
2013-05-03,68.11,26.55
2013-05-06,68.26,26.87
2013-05-07,68.76,27.21
2013-05-08,68.97,27.3
2013-05-09,68.72,27.18
2013-05-10,68.57,27.34
2013-05-13,68.76,27.38
2013-05-14,70.17,27.8
2013-05-15,70.85,28.0
2013-05-16,70.46,27.93
2013-05-17,71.51,28.32
2013-05-20,71.28,28.46
2013-05-21,72.2,28.44
2013-05-22,71.24,28.02
2013-05-23,70.94,27.96
2013-05-24,71.11,28.04
2013-05-28,71.03,28.37
2013-05-29,71.8,28.33
2013-05-30,72.88,28.72
2013-05-31,71.64,28.34
2013-06-03,71.83,28.24
2013-06-04,71.09,28.0
2013-06-05,69.83,27.59
2013-06-06,70.27,27.9
2013-06-07,71.1,28.29
2013-06-10,72.93,28.53
2013-06-11,71.75,28.15
2013-06-12,70.84,27.82
2013-06-13,71.76,28.23
2013-06-14,71.0,27.87
2013-06-17,71.29,28.02
2013-06-18,71.74,28.25
2013-06-19,70.88,28.06
2013-06-20,71.05,27.91
2013-06-21,71.71,27.98
2013-06-24,70.53,27.61
2013-06-25,72.7,28.22
2013-06-26,73.18,28.38
2013-06-27,73.63,28.84
2013-06-28,72.92,28.72
2013-07-01,73.49,29.1
2013-07-02,73.85,29.26
2013-07-03,73.97,29.33
2013-07-05,75.92,30.1
2013-07-08,76.35,30.21
2013-07-09,76.26,30.3
2013-07-10,74.59,29.99
2013-07-11,74.1,29.72
2013-07-12,74.91,30.07
2013-07-15,75.06,30.28
2013-07-16,74.5,29.95
2013-07-17,73.55,30.17
2013-07-18,75.91,30.8
2013-07-19,77.19,30.89
2013-07-22,77.18,31.2
2013-07-23,77.14,31.48
2013-07-24,77.1,31.6
2013-07-25,76.0,31.47
2013-07-26,75.9,31.34
2013-07-29,75.87,31.08
2013-07-30,75.54,31.2
2013-07-31,76.05,31.24
2013-08-01,77.65,31.98
2013-08-02,77.43,31.96
2013-08-05,77.16,31.9
2013-08-06,76.53,31.55
2013-08-07,75.79,31.31
2013-08-08,76.22,31.42
2013-08-09,75.96,31.3
2013-08-12,76.11,31.26
2013-08-13,75.98,31.26
2013-08-14,75.88,31.26
2013-08-15,74.92,30.93
2013-08-16,74.91,31.05
2013-08-19,73.93,30.69
2013-08-20,74.59,31.12
2013-08-21,74.4,30.89
2013-08-22,74.99,31.38
2013-08-23,75.02,31.21
2013-08-26,74.21,30.98
2013-08-27,72.24,29.94
2013-08-28,72.55,30.1
2013-08-29,72.58,30.24
2013-08-30,72.27,29.89
2013-09-03,72.48,29.87
2013-09-04,72.54,30.07
2013-09-05,73.35,30.31
2013-09-06,73.19,30.16
2013-09-09,72.95,30.29
2013-09-10,73.65,30.57
2013-09-11,73.56,30.45
2013-09-12,73.11,30.24
2013-09-13,73.25,30.29
2013-09-16,74.19,30.49
2013-09-17,74.77,30.84
2013-09-18,74.4,30.72
2013-09-19,74.05,30.19
2013-09-20,74.05,30.12
2013-09-23,72.96,29.78
2013-09-24,72.72,29.85
2013-09-25,73.05,30.08
2013-09-26,72.44,29.99
2013-09-27,72.63,29.99
2013-09-30,72.45,30.03
2013-10-01,72.67,30.37
2013-10-02,72.68,30.16
2013-10-03,72.42,30.03
2013-10-04,72.97,30.35
2013-10-07,71.88,29.84
2013-10-08,70.94,29.54
2013-10-09,70.87,29.62
2013-10-10,72.62,30.41
2013-10-11,72.96,30.79
2013-10-14,72.98,30.94
2013-10-15,72.51,30.65
2013-10-16,73.87,31.251
2013-10-17,74.68,31.43
2013-10-18,75.04,31.56
2013-10-21,75.12,31.59
2013-10-22,75.56,31.52
2013-10-23,75.24,31.42
2013-10-24,74.82,31.44
2013-10-25,75.36,31.5
2013-10-28,75.5,31.61
2013-10-29,75.2,31.61
2013-10-30,74.81,31.51
2013-10-31,73.53,31.23
2013-11-01,73.37,31.18
2013-11-04,73.17,31.21
2013-11-05,73.29,31.17
2013-11-06,73.88,31.3
2013-11-07,72.9,30.88
2013-11-08,75.52,31.88
2013-11-11,75.42,31.77
2013-11-12,74.18,31.42
2013-11-13,74.27,31.68
2013-11-14,74.68,31.88
2013-11-15,75.14,31.839
2013-11-18,75.31,31.75
2013-11-19,75.5,31.73
2013-11-20,75.2,31.76
2013-11-21,76.33,32.26
2013-11-22,76.82,32.52
2013-11-25,76.32,32.56
2013-11-26,76.61,32.64
2013-11-27,77.41,32.72
2013-11-29,76.95,32.64
2013-12-02,77.5,32.49
2013-12-03,75.62,32.09
2013-12-04,75.72,32.29
2013-12-05,75.02,32.2
2013-12-06,76.17,32.65
2013-12-09,76.28,32.66
2013-12-10,76.56,32.47
2013-12-11,75.48,31.97
2013-12-12,75.82,32.25
2013-12-13,75.38,32.12
2013-12-16,75.48,32.43
2013-12-17,74.65,32.24
2013-12-18,75.64,32.75
2013-12-19,76.0,32.56
2013-12-20,76.37,32.79
2013-12-23,77.02,33.12
2013-12-24,77.13,33.18
2013-12-26,77.26,33.15
2013-12-27,78.2,33.15
2013-12-30,77.51,33.08
2013-12-31,77.58,33.17
2014-01-02,76.6,32.81
2014-01-03,76.96,32.85
2014-01-06,76.86,32.84
2014-01-07,77.43,33.05
2014-01-08,78.72,33.34
2014-01-09,79.19,33.58
2014-01-10,78.77,33.5
2014-01-13,77.37,33.11
2014-01-14,78.0,33.24
2014-01-15,78.84,33.52
2014-01-16,80.93,33.31
2014-01-17,82.26,33.31
2014-01-21,84.11,33.83
2014-01-22,84.21,34.03
2014-01-23,82.66,33.59
2014-01-24,81.03,32.78
2014-01-27,80.8,32.44
2014-01-28,81.24,32.57
2014-01-29,79.87,32.11
2014-01-30,81.62,32.44
2014-01-31,79.88,31.91
2014-02-03,78.43,30.78
2014-02-04,78.88,31.26
2014-02-05,78.81,31.26
2014-02-06,79.83,31.61
2014-02-07,79.89,31.81
2014-02-10,79.84,31.87
2014-02-11,81.0,32.18
2014-02-12,81.02,32.22
2014-02-13,81.14,32.31
2014-02-14,81.62,32.47
2014-02-18,81.55,32.55
2014-02-19,79.67,31.75
2014-02-20,79.98,31.84
2014-02-21,80.23,32.03
2014-02-24,81.34,32.51
2014-02-25,80.71,32.31
2014-02-26,81.13,32.61
2014-02-27,81.34,32.77
2014-02-28,81.78,33.0
2014-03-03,80.98,32.7
2014-03-04,82.03,33.35
2014-03-05,82.94,33.41
2014-03-06,82.82,33.65
2014-03-07,83.98,33.92
2014-03-10,84.09,33.92
2014-03-11,83.22,33.67
2014-03-12,83.46,33.62
2014-03-13,82.79,33.42
2014-03-14,82.86,33.35
2014-03-17,84.17,33.56
2014-03-18,84.62,33.81
2014-03-19,85.06,34.02
2014-03-20,86.63,34.67
2014-03-21,86.87,34.46
2014-03-24,86.95,34.26
2014-03-25,86.42,34.22
2014-03-26,85.32,33.84
2014-03-27,85.14,33.31
2014-03-28,85.73,33.49
2014-03-31,87.0,34.04
2014-04-01,87.26,34.5
2014-04-02,87.61,34.43
2014-04-03,87.41,34.49
2014-04-04,86.25,33.87
2014-04-07,84.82,33.44
2014-04-08,84.63,33.48
2014-04-09,84.59,33.51
2014-04-10,82.21,32.53
2014-04-11,81.14,32.24
2014-04-14,81.59,32.36
2014-04-15,82.15,32.56
2014-04-16,84.38,32.76
2014-04-17,83.77,32.78
2014-04-21,83.7,32.75
2014-04-22,84.66,32.97
2014-04-23,84.73,33.1
2014-04-24,84.26,32.62
2014-04-25,83.87,32.2
2014-04-28,82.96,31.9
2014-04-29,83.42,31.89
2014-04-30,84.04,32.06
2014-05-01,83.77,31.94
2014-05-02,84.73,32.08
2014-05-05,84.16,31.83
2014-05-06,82.95,31.36
2014-05-07,83.86,31.66
2014-05-08,83.86,31.66
2014-05-09,84.18,31.72
2014-05-12,85.47,32.22
2014-05-13,84.78,31.99
2014-05-14,83.29,31.4
2014-05-15,82.64,31.13
2014-05-16,82.78,31.03
2014-05-19,83.21,31.47
2014-05-20,82.63,31.26
2014-05-21,83.52,31.47
2014-05-22,84.09,31.63
2014-05-23,84.51,31.76
2014-05-27,84.7,31.98
2014-05-28,84.52,31.85
2014-05-29,84.76,31.9
2014-05-30,85.27,31.93
2014-06-02,85.62,32.22
2014-06-03,85.43,32.36
2014-06-04,85.68,32.43
2014-06-05,86.63,32.86
2014-06-06,87.32,33.17
2014-06-09,88.51,33.65
2014-06-10,88.42,33.56
2014-06-11,88.03,33.28
2014-06-12,87.35,33.11
2014-06-13,87.81,33.07
2014-06-16,87.69,32.87
2014-06-17,88.36,33.43
2014-06-18,88.63,33.57
2014-06-19,88.55,33.43
2014-06-20,89.42,33.42
2014-06-23,89.34,33.39
2014-06-24,88.6,33.12
2014-06-25,88.74,33.31
2014-06-26,88.68,33.3
2014-06-27,89.31,33.36
2014-06-30,89.05,33.42
2014-07-01,89.36,33.71
2014-07-02,88.95,33.47
2014-07-03,89.97,33.87
2014-07-07,89.07,33.62
2014-07-08,88.05,33.17
2014-07-09,88.26,33.2
2014-07-10,87.45,33.0
2014-07-11,87.33,32.92
2014-07-14,87.12,32.93
2014-07-15,88.24,33.3
2014-07-16,85.18,32.75
2014-07-17,83.34,32.12
2014-07-18,83.88,32.39
2014-07-21,83.88,32.31
2014-07-22,83.68,32.26
2014-07-23,83.97,32.35
2014-07-24,84.57,32.68
2014-07-25,84.82,32.71
2014-07-28,83.86,32.37
2014-07-29,83.46,32.32
2014-07-30,84.11,32.55
2014-07-31,82.56,31.96
2014-08-01,82.01,31.49
2014-08-04,82.3,31.51
2014-08-05,81.85,31.32
2014-08-06,81.53,31.48
2014-08-07,81.23,31.24
2014-08-08,81.72,31.45
2014-08-11,81.7,31.51
2014-08-12,81.8,31.45
2014-08-13,82.25,31.68
2014-08-14,82.25,31.69
2014-08-15,82.04,31.6
2014-08-18,82.9,32.04
2014-08-19,82.98,32.05
2014-08-20,83.53,32.07
2014-08-21,84.55,32.49
2014-08-22,84.35,32.47
2014-08-25,85.13,32.63
2014-08-26,85.11,32.8
2014-08-27,84.94,32.58
2014-08-28,84.54,32.45
2014-08-29,84.75,32.63
2014-09-02,85.2,32.88
2014-09-03,85.16,32.76
2014-09-04,85.1,32.79
2014-09-05,85.35,32.83
2014-09-08,85.47,32.91
2014-09-09,84.81,32.61
2014-09-10,85.75,32.97
2014-09-11,85.77,33.16
2014-09-12,86.22,33.31
2014-09-15,86.3,33.15
2014-09-16,86.51,33.0
2014-09-17,87.18,33.16
2014-09-18,87.94,33.58
2014-09-19,87.89,33.25
2014-09-22,87.28,32.85
2014-09-23,86.0,32.46
2014-09-24,86.67,32.5
2014-09-25,85.46,32.05
2014-09-26,85.88,32.18
2014-09-29,85.69,32.08
2014-09-30,85.58,31.91
2014-10-01,84.58,31.56
2014-10-02,84.21,31.69
2014-10-03,85.01,32.02
2014-10-06,85.01,31.75
2014-10-07,83.26,31.23
2014-10-08,84.83,31.78
2014-10-09,83.02,30.97
2014-10-10,81.73,30.69
2014-10-13,81.05,30.66
2014-10-14,81.59,30.82
2014-10-15,78.0,30.05
2014-10-16,78.87,30.44
2014-10-17,79.77,30.54
2014-10-20,79.64,30.67
2014-10-21,81.16,31.3
2014-10-22,81.02,31.05
2014-10-23,81.56,31.23
2014-10-24,82.52,31.32
2014-10-27,82.86,31.45
2014-10-28,84.09,32.09
2014-10-29,84.8,32.44
2014-10-30,85.42,32.55
2014-10-31,86.39,33.06
2014-11-03,86.54,32.96
2014-11-04,86.95,32.81
2014-11-05,87.64,33.04
2014-11-06,88.38,33.28
2014-11-07,88.45,33.35
2014-11-10,88.68,33.52
2014-11-11,88.24,33.52
2014-11-12,88.04,33.91
2014-11-13,87.83,33.61
2014-11-14,87.41,33.44
2014-11-17,87.28,33.38
2014-11-18,87.43,33.45
2014-11-19,87.07,33.22
2014-11-20,86.93,33.46
2014-11-21,86.85,33.29
2014-11-24,87.98,33.59
2014-11-25,88.16,33.62
2014-11-26,88.06,33.7
2014-11-28,87.47,33.15
2014-12-01,86.59,32.57
2014-12-02,87.5,32.89
2014-12-03,88.33,33.23
2014-12-04,88.37,33.2
2014-12-05,90.18,33.77
2014-12-08,90.33,33.7
2014-12-09,90.82,33.9
2014-12-10,88.77,32.96
2014-12-11,88.95,33.06
2014-12-12,87.74,32.58
2014-12-15,87.44,32.34
2014-12-16,86.85,32.24
2014-12-17,89.44,32.98
2014-12-18,92.36,33.6
2014-12-19,91.71,33.39
2014-12-22,91.85,33.36
2014-12-23,92.93,33.67
2014-12-24,92.58,33.62
2014-12-26,92.51,33.64
2014-12-29,92.67,33.92
2014-12-30,92.42,33.83
2014-12-31,91.23,33.55
2015-01-02,90.82,33.29
2015-01-05,88.04,32.4
2015-01-06,85.76,31.56
2015-01-07,86.75,31.76
2015-01-08,88.42,32.32
2015-01-09,86.77,31.51
2015-01-12,86.16,31.12
2015-01-13,84.52,30.9
2015-01-14,83.0,30.43
2015-01-15,82.42,29.99
2015-01-16,84.44,30.45
2015-01-20,84.62,30.22
2015-01-21,84.78,30.22
2015-01-22,87.06,31.53
2015-01-23,86.28,31.12
2015-01-26,86.78,31.46
2015-01-27,85.5,31.13
2015-01-28,83.65,30.31
2015-01-29,85.54,30.71
2015-01-30,84.54,30.33
2015-02-02,86.18,31.14
2015-02-03,87.61,31.84
2015-02-04,87.75,31.67
2015-02-05,88.82,32.26
2015-02-06,90.44,32.81
2015-02-09,89.51,32.52
2015-02-10,90.2,32.72
2015-02-11,89.79,32.56
2015-02-12,91.56,33.16
2015-02-13,92.38,33.26
2015-02-17,92.38,33.48
2015-02-18,91.31,32.92
2015-02-19,91.62,32.89
2015-02-20,92.27,33.17
2015-02-23,91.62,33.09
2015-02-24,92.34,33.28
2015-02-25,92.27,33.21
2015-02-26,92.16,33.31
2015-02-27,91.96,33.09
2015-03-02,92.95,33.38
2015-03-03,92.33,33.32
2015-03-04,92.07,33.15
2015-03-05,92.54,33.29
2015-03-06,93.73,33.5
2015-03-09,94.53,33.73
2015-03-10,92.88,33.04
2015-03-11,93.32,33.35
2015-03-12,96.63,34.15
2015-03-13,95.69,33.93
2015-03-16,95.96,33.99
2015-03-17,95.82,34.14
2015-03-18,96.03,33.92
2015-03-19,94.87,33.64
2015-03-20,95.97,34.01
2015-03-23,95.11,33.76
2015-03-24,94.45,33.6
2015-03-25,92.5,33.03
2015-03-26,92.49,33.13
2015-03-27,92.04,33.06
2015-03-30,93.85,33.6
2015-03-31,93.24,33.51
2015-04-01,92.5,33.44
2015-04-02,93.29,33.63
2015-04-06,92.49,33.54
2015-04-07,93.02,33.57
2015-04-08,92.84,33.59
2015-04-09,93.51,33.61
2015-04-10,93.48,33.65
2015-04-13,93.32,33.94
2015-04-14,93.62,33.79
2015-04-15,92.2,34.19
2015-04-16,91.76,34.16
2015-04-17,90.93,33.67
2015-04-20,91.43,33.91
2015-04-21,91.2,33.92
2015-04-22,91.41,34.14
2015-04-23,91.4,34.06
2015-04-24,91.0,33.82
2015-04-27,90.82,33.57
2015-04-28,91.41,33.97
2015-04-29,91.86,34.17
2015-04-30,91.73,33.91
2015-05-01,92.0,33.81
2015-05-04,93.27,34.25
2015-05-05,93.11,34.08
2015-05-06,92.66,34.25
2015-05-07,92.37,34.14
2015-05-08,93.65,34.41
2015-05-11,93.65,34.58
2015-05-12,93.87,34.68
2015-05-13,94.19,34.83
2015-05-14,94.96,35.0
2015-05-15,93.74,34.53
2015-05-18,94.63,35.07
2015-05-19,95.56,35.37
2015-05-20,95.04,35.18
2015-05-21,94.96,35.13
2015-05-22,95.22,35.01
2015-05-26,94.61,34.77
2015-05-27,95.89,35.15
2015-05-28,96.0,35.16
2015-05-29,95.69,34.89
2015-06-01,94.62,34.75
2015-06-02,94.64,35.15
2015-06-03,96.02,35.66
2015-06-04,94.95,35.39
2015-06-05,96.51,35.99
2015-06-08,96.29,36.01
2015-06-09,97.57,36.34
2015-06-10,99.18,36.84
2015-06-11,98.78,36.82
2015-06-12,98.42,36.78
2015-06-15,97.83,36.69
2015-06-16,98.54,37.03
2015-06-17,97.46,36.51
2015-06-18,97.89,36.73
2015-06-19,97.13,36.38
2015-06-22,98.21,36.87
2015-06-23,99.0,37.2
2015-06-24,97.89,36.94
2015-06-25,97.4,36.91
2015-06-26,97.62,37.08
2015-06-29,95.66,36.14
2015-06-30,95.65,36.26
2015-07-01,97.05,36.7
2015-07-02,96.47,36.24
2015-07-06,96.18,36.14
2015-07-07,95.7,35.73
2015-07-08,94.14,35.28
2015-07-09,94.9,35.74
2015-07-10,96.3,36.16
2015-07-13,96.93,36.48
2015-07-14,97.5,36.59
2015-07-15,98.32,36.8
2015-07-16,99.22,36.95
2015-07-17,98.81,36.57
2015-07-20,99.53,36.77
2015-07-21,99.2,36.63
2015-07-22,99.79,37.06
2015-07-23,99.02,36.65
2015-07-24,98.34,36.32
2015-07-27,97.51,35.92
2015-07-28,98.14,35.98
2015-07-29,98.55,36.15
2015-07-30,98.67,36.28
2015-07-31,98.18,36.13
2015-08-03,97.82,36.1
2015-08-04,97.92,36.2
2015-08-05,98.58,36.45
2015-08-06,98.54,36.23
2015-08-07,97.8,36.07
2015-08-10,99.86,36.69
2015-08-11,97.92,36.13
2015-08-12,96.07,35.46
2015-08-13,96.4,35.65
2015-08-14,97.59,36.07
2015-08-17,98.05,36.08
2015-08-18,99.0,36.04
2015-08-19,97.97,35.53
2015-08-20,95.08,34.52
2015-08-21,92.28,33.88
2015-08-24,88.83,32.17
2015-08-25,85.85,31.61
2015-08-26,89.03,32.8
2015-08-27,91.33,33.62
2015-08-28,91.23,33.67
2015-08-31,91.12,33.8
2015-09-01,87.19,32.39
2015-09-02,88.94,32.93
2015-09-03,89.55,33.24
2015-09-04,87.66,32.91
2015-09-08,90.98,33.79
2015-09-09,89.96,33.46
2015-09-10,90.53,33.74
2015-09-11,90.35,33.74
2015-09-14,90.66,33.83
2015-09-15,91.97,34.27
2015-09-16,91.77,34.4
2015-09-17,89.82,33.62
2015-09-18,87.43,32.68
2015-09-21,88.87,33.11
2015-09-22,87.79,32.75
2015-09-23,87.95,32.93
2015-09-24,87.8,33.04
2015-09-25,89.29,33.37
2015-09-28,87.35,32.75
2015-09-29,87.85,32.78
2015-09-30,89.2,33.24
2015-10-01,89.06,33.26
2015-10-02,88.16,32.93
2015-10-05,90.59,33.65
2015-10-06,89.95,33.64
2015-10-07,90.56,34.11
2015-10-08,90.97,34.39
2015-10-09,89.82,33.98
2015-10-12,89.71,34.22
2015-10-13,88.63,33.97
2015-10-14,86.2,33.11
2015-10-15,87.22,33.7
2015-10-16,87.61,33.67
2015-10-19,86.71,33.67
2015-10-20,88.02,34.04
2015-10-21,87.58,33.48
2015-10-22,89.48,34.08
2015-10-23,91.24,34.75
2015-10-26,90.32,34.58
2015-10-27,89.63,34.21
2015-10-28,92.92,35.46
2015-10-29,92.15,35.13
2015-10-30,90.26,34.49
2015-11-02,91.93,35.03
2015-11-03,91.76,35.08
2015-11-04,92.22,35.11
2015-11-05,92.64,35.6
2015-11-06,95.2,36.59
2015-11-09,94.63,36.37
2015-11-10,95.3,36.39
2015-11-11,95.11,36.13
2015-11-12,93.26,35.4
2015-11-13,92.32,35.0
2015-11-16,93.34,35.43
2015-11-17,93.24,35.51
2015-11-18,95.11,36.1
2015-11-19,95.1,36.0
2015-11-20,95.38,36.13
2015-11-23,94.9,36.17
2015-11-24,95.15,36.32
2015-11-25,94.72,36.34
2015-11-27,95.48,36.39
2015-11-30,95.51,36.38
2015-12-01,96.35,36.57
2015-12-02,95.22,35.97
2015-12-03,93.85,35.44
2015-12-04,97.19,36.23
2015-12-07,96.49,35.54
2015-12-08,94.86,34.88
2015-12-09,93.56,34.36
2015-12-10,94.35,34.55
2015-12-11,92.37,33.76
2015-12-14,92.77,33.64
2015-12-15,94.84,34.54
2015-12-16,97.0,34.87
2015-12-17,95.68,34.3
2015-12-18,93.75,33.43
2015-12-21,94.46,33.62
2015-12-22,94.57,33.78
2015-12-23,96.17,34.3
2015-12-24,96.24,34.36
2015-12-28,95.94,34.24
2015-12-29,96.95,34.56
2015-12-30,96.1,34.17
2015-12-31,95.31,33.82
2016-01-04,93.16,33.05
2016-01-05,93.29,32.99
2016-01-06,91.6,32.51
2016-01-07,89.28,31.51
2016-01-08,87.96,30.87
2016-01-11,88.28,30.85
2016-01-12,89.0,30.95
2016-01-13,86.41,29.89
2016-01-14,86.87,30.23
2016-01-15,86.33,29.54
2016-01-19,85.33,29.24
2016-01-20,84.17,28.89
2016-01-21,84.13,28.37
2016-01-22,85.74,28.77
2016-01-25,82.73,27.63
2016-01-26,84.45,28.39
2016-01-27,85.05,28.66
2016-01-28,84.91,28.97
2016-01-29,86.65,29.56
2016-02-01,86.09,29.37
2016-02-02,83.8,28.49
2016-02-03,83.85,28.65
2016-02-04,84.89,29.0
2016-02-05,83.57,28.59
2016-02-08,81.77,27.7
2016-02-09,82.2,27.75
2016-02-10,81.51,27.53
2016-02-11,78.17,26.52
2016-02-12,80.93,27.8
2016-02-16,83.27,28.56
2016-02-17,84.06,28.71
2016-02-18,82.58,28.22
2016-02-19,82.82,28.37
2016-02-22,84.45,28.89
2016-02-23,82.81,28.15
2016-02-24,82.3,28.01
2016-02-25,82.94,28.4
2016-02-26,83.97,28.97
2016-02-29,81.31,28.32
2016-03-01,84.48,29.54
2016-03-02,85.64,30.09
2016-03-03,86.58,30.57
2016-03-04,87.3,30.95
2016-03-07,86.96,30.91
2016-03-08,85.07,30.13
2016-03-09,84.62,29.88
2016-03-10,85.14,30.12
2016-03-11,86.4,30.99
2016-03-14,85.82,30.87
2016-03-15,85.79,30.65
2016-03-16,84.69,30.43
2016-03-17,85.2,30.73
2016-03-18,86.16,31.04
2016-03-21,86.2,31.04
2016-03-22,85.85,30.97
2016-03-23,85.35,30.57
2016-03-24,84.8,30.43
2016-03-28,84.88,30.36
2016-03-29,84.47,30.32
2016-03-30,85.35,30.6
2016-03-31,84.57,30.37
2016-04-01,85.29,30.48
2016-04-04,85.32,30.4
2016-04-05,82.94,29.78
2016-04-06,83.8,30.05
2016-04-07,81.47,29.26
2016-04-08,81.82,29.46
2016-04-11,81.92,29.62
2016-04-12,82.86,30.23
2016-04-13,85.17,31.36
2016-04-14,84.69,31.64
2016-04-15,84.16,31.58
2016-04-18,85.01,31.8
2016-04-19,86.27,32.21
2016-04-20,87.74,32.68
2016-04-21,87.51,32.52
2016-04-22,88.09,32.82
2016-04-25,87.71,32.63
2016-04-26,88.88,32.99
2016-04-27,88.99,33.02
2016-04-28,88.19,32.65
2016-04-29,87.78,32.45
2016-05-02,87.91,32.66
2016-05-03,86.87,31.92
2016-05-04,85.37,31.27
2016-05-05,85.35,31.11
2016-05-06,85.61,31.23
2016-05-09,84.99,31.15
2016-05-10,86.59,31.73
2016-05-11,86.34,31.62
2016-05-12,86.18,31.39
2016-05-13,84.74,30.89
2016-05-16,85.45,31.25
2016-05-17,85.23,31.11
2016-05-18,88.38,32.4
2016-05-19,87.88,32.06
2016-05-20,88.19,32.34
2016-05-23,87.82,32.26
2016-05-24,89.03,32.85
2016-05-25,90.23,33.39
2016-05-26,89.49,33.15
2016-05-27,90.24,33.48
2016-05-31,89.74,33.44
2016-06-01,89.74,33.52
2016-06-02,90.01,33.64
2016-06-03,88.57,32.94
2016-06-06,89.93,33.38
2016-06-07,89.1,33.16
2016-06-08,89.5,33.23
2016-06-09,88.33,32.77
2016-06-10,87.0,32.24
2016-06-13,86.34,31.82
2016-06-14,84.41,31.11
2016-06-15,84.22,31.28
2016-06-16,83.87,30.86
2016-06-17,83.68,30.93
2016-06-20,84.02,31.17
2016-06-21,84.53,31.29
2016-06-22,84.76,31.27
2016-06-23,86.67,32.2
2016-06-24,81.08,29.87
2016-06-27,77.88,28.19
2016-06-28,78.97,29.12
2016-06-29,80.34,29.89
2016-06-30,81.39,30.48
2016-07-01,80.93,30.18
2016-07-05,78.83,29.27
2016-07-06,79.38,29.5
2016-07-07,79.49,29.79
2016-07-08,80.62,30.33
2016-07-11,81.06,30.71
2016-07-12,82.34,31.37
2016-07-13,82.1,31.36
2016-07-14,82.86,31.86
2016-07-15,82.06,31.89
2016-07-18,82.09,31.78
2016-07-19,82.37,31.9
2016-07-20,82.6,31.76
2016-07-21,82.45,31.555
2016-07-22,82.83,31.86
2016-07-25,82.76,31.75
2016-07-26,82.69,31.98
2016-07-27,82.62,31.93
2016-07-28,83.02,31.95
2016-07-29,82.65,31.83
2016-08-01,82.42,31.53
2016-08-02,81.66,31.22
2016-08-03,83.85,31.74
2016-08-04,83.88,31.77
2016-08-05,86.44,32.79
2016-08-08,86.49,32.72
2016-08-09,86.25,32.76
2016-08-10,85.39,32.35
2016-08-11,85.5,32.46
2016-08-12,85.0,32.33
2016-08-15,85.63,32.8
2016-08-16,85.67,32.77
2016-08-17,85.78,32.87
2016-08-18,85.46,32.97
2016-08-19,85.42,33.0
2016-08-22,85.53,33.03
2016-08-23,85.71,33.1
2016-08-24,85.67,33.09
2016-08-25,85.87,33.19
2016-08-26,86.69,33.43
2016-08-29,87.92,33.72
2016-08-30,88.87,34.1
2016-08-31,90.1,34.15
2016-09-01,89.99,33.96
2016-09-02,90.54,34.23
2016-09-06,89.48,33.68
2016-09-07,90.42,33.88
2016-09-08,90.72,34.01
2016-09-09,89.92,33.73
2016-09-12,90.9,33.94
2016-09-13,89.92,33.44
2016-09-14,89.29,33.2
2016-09-15,90.32,33.46
2016-09-16,89.39,33.02
2016-09-19,90.11,33.11
2016-09-20,90.36,33.08
2016-09-21,90.74,33.26
2016-09-22,90.0,33.46
2016-09-23,89.41,33.46
2016-09-26,87.77,32.77
2016-09-27,88.55,33.05
2016-09-28,89.41,33.39
2016-09-29,88.99,32.9
2016-09-30,90.09,33.38
2016-10-03,89.4,33.23
2016-10-04,90.5,33.54
2016-10-05,91.52,34.17
2016-10-06,91.82,34.2
2016-10-07,91.42,34.22
2016-10-10,91.69,34.38
2016-10-11,90.51,34.01
2016-10-12,90.38,33.97
2016-10-13,87.94,33.22
2016-10-14,88.03,33.38
2016-10-17,88.21,33.21
2016-10-18,89.86,33.64
2016-10-19,91.6,34.24
2016-10-20,93.3,34.28
2016-10-21,92.92,34.41
2016-10-24,93.02,34.67
2016-10-25,93.14,34.52
2016-10-26,94.28,34.75
2016-10-27,95.43,34.91
2016-10-28,95.1,34.58
2016-10-31,95.6,34.67
2016-11-01,95.57,34.59
2016-11-02,94.77,34.03
2016-11-03,94.9,34.04
2016-11-04,94.65,34.09
2016-11-07,96.4,35.09
2016-11-08,96.64,34.94
2016-11-09,101.25,36.74
2016-11-10,105.98,38.23
2016-11-11,105.93,38.94
2016-11-14,108.1,40.0
2016-11-15,108.78,40.2
2016-11-16,107.51,39.64
2016-11-17,110.6,40.17
2016-11-18,111.24,40.41
2016-11-21,110.71,40.5
2016-11-22,110.76,40.73
2016-11-23,111.14,40.95
2016-11-25,112.07,41.01
2016-11-28,109.8,40.28
2016-11-29,109.26,40.43
2016-11-30,110.54,41.15
2016-12-01,112.6,41.98
2016-12-02,111.08,41.64
2016-12-05,111.5,42.16
2016-12-06,111.49,42.76
2016-12-07,112.67,43.32
2016-12-08,114.82,44.05
2016-12-09,115.02,44.11
2016-12-12,114.07,43.4
2016-12-13,114.7,43.46
2016-12-14,114.2,43.27
2016-12-15,115.63,43.84
2016-12-16,114.86,43.16
2016-12-19,115.8,43.41
2016-12-20,118.07,44.03
2016-12-21,117.64,43.89
2016-12-22,117.43,43.95
2016-12-23,117.96,43.98
2016-12-27,118.31,44.16
2016-12-28,117.06,43.75
2016-12-29,116.1,43.38
2016-12-30,116.96,43.47
2017-01-03,117.97,43.67
2017-01-04,118.97,44.31
2017-01-05,117.38,43.65
2017-01-06,119.05,43.77
2017-01-09,118.2,43.36
2017-01-10,118.67,43.74
2017-01-11,121.33,43.96
2017-01-12,117.93,43.38
2017-01-13,118.79,43.86
2017-01-17,113.93,42.38
2017-01-18,116.32,42.75
2017-01-19,115.61,42.5
2017-01-20,117.35,42.87
2017-01-23,116.93,42.65
2017-01-24,118.66,43.38
2017-01-25,121.01,44.15
2017-01-26,121.63,44.49
2017-01-27,121.64,44.12
2017-01-30,120.38,43.61
2017-01-31,120.46,43.44
2017-02-01,121.14,43.5
2017-02-02,120.01,43.03
2017-02-03,122.16,44.12
2017-02-06,122.41,43.87
2017-02-07,121.47,43.71
2017-02-08,121.46,43.27
2017-02-09,122.39,43.91
2017-02-10,123.1,44.14
2017-02-13,124.42,44.61
2017-02-14,126.1,45.32
2017-02-15,127.76,45.62
2017-02-16,126.96,45.47
2017-02-17,126.86,45.32
2017-02-21,127.55,45.48
2017-02-22,127.76,45.48
2017-02-23,128.14,45.45
2017-02-24,126.88,45.17
2017-02-27,128.13,45.4
2017-02-28,127.23,45.13
2017-03-01,130.85001,46.56
2017-03-02,127.51,45.48
2017-03-03,127.83,45.7
2017-03-06,127.59,45.48
2017-03-07,127.4,45.23
2017-03-08,127.55,45.06
2017-03-09,127.48,45.09
2017-03-10,126.46,44.93
2017-03-13,126.4,45.01
2017-03-14,126.22,44.91
2017-03-15,125.23,44.61
2017-03-16,125.72,44.9
2017-03-17,124.35,44.59
2017-03-20,123.79,43.9372
2017-03-21,118.7,41.84
2017-03-22,118.65,41.67
2017-03-23,119.28,41.96
2017-03-24,119.4,42.01
2017-03-27,118.2,41.79
2017-03-28,120.27,42.42
2017-03-29,119.34,42.28
2017-03-30,121.53,43.38
2017-03-31,120.24,42.98
2017-04-03,119.84,42.72
2017-04-04,119.15,42.73
2017-04-05,118.29,42.04
2017-04-06,119.26,42.5
2017-04-07,119.17,42.38
2017-04-10,118.37,42.18
2017-04-11,118.03,42.37
2017-04-12,116.0,41.86
2017-04-13,115.8,41.01
2017-04-17,118.41,41.73
2017-04-18,116.41,41.53
2017-04-19,116.48,41.74
2017-04-20,118.83,42.49
2017-04-21,118.17,42.36
2017-04-24,120.86,43.23
2017-04-25,121.11,43.41
2017-04-26,122.0,43.74
2017-04-27,121.02,43.22
2017-04-28,119.75,42.62
2017-05-01,121.15,42.93
2017-05-02,120.66,42.7
2017-05-03,122.44,43.02
2017-05-04,123.45,43.15
2017-05-05,123.12,43.07
2017-05-08,123.68,43.13
2017-05-09,121.96,42.93
2017-05-10,122.45,43.0
2017-05-11,121.74,42.48
2017-05-12,120.81,42.32
2017-05-15,122.14,42.68
2017-05-16,122.62,42.85
2017-05-17,117.19,41.15
2017-05-18,117.36,41.31
2017-05-19,118.76,41.52
2017-05-22,119.45,41.68
2017-05-23,121.15,42.24
2017-05-24,120.96,42.09
2017-05-25,121.45,42.01
2017-05-26,121.32,41.86
2017-05-30,118.86,41.42
2017-05-31,118.7,41.13
2017-06-01,120.13,41.74
2017-06-02,119.16,41.4
2017-06-05,118.58,41.39
2017-06-06,118.15,41.19
2017-06-07,119.9,41.58
2017-06-08,121.01,42.66
2017-06-09,123.17,43.88
2017-06-12,122.84,43.94
2017-06-13,123.81,44.1
2017-06-14,123.97,44.05
2017-06-15,122.97,43.76
2017-06-16,122.51,43.49
2017-06-19,123.79,43.57
2017-06-20,122.99,43.03
2017-06-21,122.33,42.48
2017-06-22,120.76,42.2
2017-06-23,119.55,41.92
2017-06-26,120.38,42.18
2017-06-27,121.12,42.42
2017-06-28,123.4,43.0
2017-06-29,125.25,43.71
2017-06-30,124.87,43.52
2017-07-03,126.0,44.41
2017-07-05,126.08,44.44
2017-07-06,126.01,43.95
2017-07-07,126.54,44.21
2017-07-10,127.2,44.03
2017-07-11,127.39,43.88
2017-07-12,127.22,43.84
2017-07-13,127.32,44.01
2017-07-14,127.17,43.78
2017-07-17,127.36,43.84
2017-07-18,125.57,43.68
2017-07-19,126.4,43.55
2017-07-20,126.95,43.52
2017-07-21,126.24,43.2
2017-07-24,127.14,43.5
2017-07-25,129.33,44.16
2017-07-26,127.36,43.43
2017-07-27,127.67,43.36
2017-07-28,127.65,43.09
2017-07-31,128.8,43.34
2017-08-01,130.41,43.69
2017-08-02,130.67999,43.72
2017-08-03,130.50999,43.47
2017-08-04,132.17,43.82
2017-08-07,131.11,43.56
2017-08-08,132.36,43.66
2017-08-09,131.73,43.25
2017-08-10,128.99001,42.11
2017-08-11,128.05,41.85
2017-08-14,130.89999,42.67
2017-08-15,130.34,42.61
2017-08-16,130.10001,42.48
2017-08-17,127.3,41.41
2017-08-18,127.11,41.4
2017-08-21,126.6,41.28
2017-08-22,127.51,41.7
2017-08-23,127.53,41.77
2017-08-24,127.67,41.92
2017-08-25,127.88,42.14
2017-08-28,127.55,41.82
2017-08-29,126.27,41.53
2017-08-30,125.79,41.73
2017-08-31,125.41,41.72
2017-09-01,126.64,42.01
2017-09-05,123.79,40.77
2017-09-06,123.56,40.81
2017-09-07,120.71,39.81
2017-09-08,121.51,40.22
2017-09-11,123.77,41.22
2017-09-12,126.44,42.11
2017-09-13,127.3,42.23
2017-09-14,127.19,41.87
2017-09-15,128.19,41.91
2017-09-18,129.7,42.43
2017-09-19,131.28,42.73
2017-09-20,133.0,43.25
2017-09-21,133.35001,43.43
2017-09-22,133.42999,43.48
2017-09-25,133.52,43.5
2017-09-26,132.42999,43.74
2017-09-27,134.32001,44.65
2017-09-28,134.46001,44.86
2017-09-29,134.77,45.09
2017-10-02,135.12,45.33
2017-10-03,134.17999,45.18
2017-10-04,134.27,44.7
2017-10-05,135.53999,45.27
2017-10-06,135.69,45.29
2017-10-09,135.61,45.08
2017-10-10,136.72,45.43
2017-10-11,136.49001,45.2
2017-10-12,135.27,44.89
2017-10-13,133.75,44.68
2017-10-16,135.03,44.93
2017-10-17,134.25999,44.54
2017-10-18,134.74001,44.86
2017-10-19,135.3,45.13
2017-10-20,136.95,45.74
2017-10-23,136.77,45.35
2017-10-24,137.83,45.68
2017-10-25,137.46001,45.45
2017-10-26,137.85001,45.9
2017-10-27,138.17,46.21
2017-10-30,137.16,45.62
2017-10-31,136.78999,45.61
2017-11-01,136.94,45.51
2017-11-02,138.39999,45.81
2017-11-03,138.64,45.67
2017-11-06,138.59,45.55
2017-11-07,134.09,44.49
2017-11-08,133.28999,44.19
2017-11-09,132.55,43.79
2017-11-10,132.48,43.68
2017-11-13,132.23,44.24
2017-11-14,132.0,44.54
2017-11-15,132.89999,44.65
2017-11-16,132.49001,44.64
2017-11-17,132.85001,44.9
2017-11-20,133.28999,45.29
2017-11-21,133.11,45.25
2017-11-22,133.03999,45.1
2017-11-24,132.56,44.88
2017-11-27,132.56,44.88
2017-11-28,135.67999,46.33
2017-11-29,139.73,47.74
2017-11-30,140.56,47.45
2017-12-01,141.0,47.53
2017-12-04,143.84,48.33
2017-12-05,142.42999,47.6
2017-12-06,143.00999,47.35
2017-12-07,143.42,47.6
2017-12-08,143.8,47.71
2017-12-11,143.28999,47.47
2017-12-12,145.85001,47.82
2017-12-13,143.83,47.26
2017-12-14,142.97,46.79
2017-12-15,144.95,47.39
2017-12-18,146.14999,48.03
2017-12-19,145.10001,47.79
2017-12-20,144.92,47.71
2017-12-21,146.25999,48.37
2017-12-22,146.12,48.18
2017-12-26,144.89999,47.81
2017-12-27,144.98,47.54
2017-12-28,145.67,47.79
2017-12-29,144.28999,47.34
2018-01-02,144.62,47.47
2018-01-03,144.59,47.57
2018-01-04,144.60001,47.89
2018-01-05,144.78,48.16
2018-01-08,145.05,48.14
2018-01-09,147.82001,48.77
2018-01-10,149.62,49.43
2018-01-11,151.49001,50.07
2018-01-12,151.84,50.36
2018-01-16,152.25999,49.96
2018-01-17,154.23,50.23
2018-01-18,153.71001,50.05
2018-01-19,155.25,50.78
2018-01-22,155.72,51.01
2018-01-23,155.77,51.16
2018-01-24,157.74001,50.99
2018-01-25,157.8,50.71
2018-01-26,158.66,50.83
2018-01-29,159.21001,50.68
2018-01-30,157.89999,50.24
2018-01-31,158.02,50.19
2018-02-01,159.14999,50.89
2018-02-02,157.97,50.28
2018-02-05,150.32001,48.26
2018-02-06,154.28999,48.72
2018-02-07,155.0,48.95
2018-02-08,149.38,47.16
2018-02-09,151.71001,48.01
2018-02-12,152.28,48.43
2018-02-13,153.28999,48.68
2018-02-14,158.27,50.08
2018-02-15,159.86,50.27
2018-02-16,159.08,50.54
2018-02-20,159.13,50.2
2018-02-21,161.28,50.55
2018-02-22,157.60001,49.59
2018-02-23,160.09,50.35
2018-02-26,161.83,50.73
2018-02-27,160.23,50.07
2018-02-28,157.66,49.31
2018-03-01,155.99001,49.19
2018-03-02,157.42999,49.88
2018-03-05,158.71001,50.49
2018-03-06,159.34,51.06
2018-03-07,159.64,51.3
2018-03-08,159.49001,50.92
2018-03-09,162.45,51.86
2018-03-12,162.25999,51.57
2018-03-13,160.49001,51.14
2018-03-14,158.09,50.44
2018-03-15,157.87,50.59
2018-03-16,160.07001,50.62
2018-03-19,159.42999,50.28
2018-03-20,158.85001,50.16
2018-03-21,158.89,50.28
2018-03-22,153.28,48.41
2018-03-23,147.24001,46.75
2018-03-26,153.00999,48.31
2018-03-27,149.17999,47.23
2018-03-28,149.45,47.43
2018-03-29,151.24001,47.89
2018-04-02,148.32001,46.9
2018-04-03,151.10001,47.59
2018-04-04,152.5,48.08
2018-04-05,152.75999,48.4
2018-04-06,147.95,47.14
2018-04-09,149.21001,46.82
2018-04-10,151.53999,47.64
2018-04-11,149.44,47.39
2018-04-12,152.49001,48.23
2018-04-13,145.46001,47.47
2018-04-16,143.84,47.65
2018-04-17,140.86,47.15
2018-04-18,141.66,46.82
2018-04-19,144.25999,47.69
2018-04-20,144.12,48.04
2018-04-23,145.21001,48.43
2018-04-24,145.00999,48.67
2018-04-25,145.7,48.56
2018-04-26,145.73,48.4
2018-04-27,147.34,48.73
2018-04-30,145.61,47.96
2018-05-01,145.34,48.39
2018-05-02,143.61,48.24
2018-05-03,145.02,47.77
2018-05-04,145.60001,48.38
2018-05-07,145.89999,48.64
2018-05-08,147.53,49.07
2018-05-09,150.28999,49.56
2018-05-10,150.84,49.67
2018-05-11,150.97,49.73
2018-05-14,150.35001,49.6
2018-05-15,150.78999,49.85
2018-05-16,149.95,50.06
2018-05-17,150.64999,50.18
2018-05-18,148.75999,49.76
2018-05-21,149.42999,50.23
2018-05-22,150.88,50.49
2018-05-23,149.73,50.18
2018-05-24,148.5,49.96
2018-05-25,148.14999,49.71
2018-05-29,141.25,48.45
2018-05-30,144.31,49.23
2018-05-31,143.41,48.74
2018-06-01,145.12,49.36
2018-06-04,146.53999,49.82
2018-06-05,145.39,49.63
2018-06-06,147.64,50.66
2018-06-07,148.00999,50.69
2018-06-08,148.85001,50.91
2018-06-11,147.03,50.4
2018-06-12,147.19,50.11
2018-06-13,145.60001,49.83
2018-06-14,141.84,49.61
2018-06-15,143.97,49.28
2018-06-18,142.5,49.34
2018-06-19,142.14999,49.61
2018-06-20,141.35001,49.73
2018-06-21,141.34,49.57
2018-06-22,139.36,49.09
2018-06-25,138.42999,48.59
2018-06-26,137.28,48.29
2018-06-27,135.3,47.4
2018-06-28,135.57001,47.48
2018-06-29,135.10001,47.16
2018-07-02,135.92,47.6
2018-07-03,134.39,47.37
2018-07-05,135.58,47.5
2018-07-06,136.0,47.82
2018-07-09,138.78999,48.92
2018-07-10,137.75,48.38
2018-07-11,137.67999,48.19
2018-07-12,137.99001,47.77
2018-07-13,138.32001,47.23
2018-07-16,140.89,47.86
2018-07-17,141.48,47.94
2018-07-18,142.41,48.67
2018-07-19,140.71001,48.49
2018-07-20,142.5,48.69
2018-07-23,144.16,49.34
2018-07-24,143.14999,48.94
2018-07-25,142.71001,48.44
2018-07-26,142.59,48.61
2018-07-27,144.39999,48.65
2018-07-30,145.36,48.49
2018-07-31,144.83,48.3
2018-08-01,145.02,48.58
2018-08-02,145.14,49.01
2018-08-03,145.03,48.86
2018-08-06,145.39999,48.9
2018-08-07,145.92,49.04
2018-08-08,146.34,49.33
2018-08-09,145.22,49.08
2018-08-10,143.55,48.83
2018-08-13,141.91,48.47
2018-08-14,142.72,49.12
2018-08-15,142.00999,48.64
2018-08-16,144.46001,49.29
2018-08-17,144.55,49.5
2018-08-20,144.88,49.64
2018-08-21,145.12,50.14
2018-08-22,144.55,50.02
2018-08-23,143.2,49.73
2018-08-24,142.92999,49.57
2018-08-27,145.73,49.67
2018-08-28,146.08,49.51
2018-08-29,145.94,49.47
2018-08-30,143.77,49.15
2018-08-31,143.53999,49.42
2018-09-04,143.92999,49.68
2018-09-05,144.17999,49.78
2018-09-06,143.2,49.53
2018-09-07,142.96001,49.49
2018-09-10,142.64999,49.42
2018-09-11,143.23,49.49
2018-09-12,141.31,48.67
2018-09-13,140.25999,48.18
2018-09-14,140.39999,48.61
2018-09-17,139.66,48.25
2018-09-18,139.92999,48.09
2018-09-19,141.53,48.77
2018-09-20,144.46001,49.28
2018-09-21,144.00999,48.85
2018-09-24,141.25999,48.15
2018-09-25,140.88,48.2
2018-09-26,138.61,47.32
2018-09-27,137.34,46.83
2018-09-28,136.19,46.57
2018-10-01,135.99001,46.4
2018-10-02,136.25999,46.22
2018-10-03,138.09,47.31
2018-10-04,139.17,47.44
2018-10-05,138.52,46.98
2018-10-08,139.75,47.38
2018-10-09,138.7,47.17
2018-10-10,136.2,46.38
2018-10-11,131.61,44.94
2018-10-12,124.26,44.17
2018-10-15,125.6,44.24
2018-10-16,124.85,44.51
2018-10-17,127.33,44.76
2018-10-18,124.22,43.94
2018-10-19,125.16,43.35
2018-10-22,121.46,42.12
2018-10-23,120.3,42.1
2018-10-24,116.9,40.36
2018-10-25,119.63,41.43
2018-10-26,119.45,41.07
2018-10-29,122.16,41.81
2018-10-30,124.76,42.3
2018-10-31,128.49001,42.86
2018-11-01,129.74001,43.35
2018-11-02,129.88,43.49
2018-11-05,130.58,43.65
2018-11-06,131.75999,43.9
2018-11-07,133.28,44.19
2018-11-08,134.24001,44.38
2018-11-09,134.23,44.0
2018-11-12,132.77,43.45
2018-11-13,135.59,43.77
2018-11-14,134.13,42.92
2018-11-15,136.69,43.72
2018-11-16,136.39,43.65
2018-11-19,135.3,43.48
2018-11-20,133.08,42.68
2018-11-21,132.71001,42.84
2018-11-23,132.62,42.77
2018-11-26,135.55,43.65
2018-11-27,133.89999,43.37
2018-11-28,134.21001,43.94
2018-11-29,133.64999,43.77
2018-11-30,135.78,44.34
2018-12-03,135.89999,44.32
2018-12-04,129.50999,41.96
2018-12-06,129.31,41.66
2018-12-07,126.56,41.07
2018-12-10,124.26,40.25
2018-12-11,122.46,39.87
2018-12-12,122.74,40.33
2018-12-13,119.9,39.34
2018-12-14,118.5,38.7
2018-12-17,118.32,38.37
2018-12-18,116.59,37.85
2018-12-19,114.03,36.85
2018-12-20,113.58,36.75
2018-12-21,111.49,35.86
2018-12-24,109.71,35.17
2018-12-26,114.84,36.9
2018-12-27,115.75,36.81
2018-12-28,115.37,37.06
2018-12-31,116.91,37.35
2019-01-02,118.81,37.9
2019-01-03,118.27,37.71
2019-01-04,121.23,38.95
2019-01-07,120.96,39.19
2019-01-08,121.15,39.54
2019-01-09,120.81,39.86
2019-01-10,119.58,39.8
2019-01-11,120.05,39.97
2019-01-14,120.55,40.21
2019-01-15,121.12,40.52
2019-01-16,121.21,41.52
2019-01-17,121.89,41.85
2019-01-18,125.25,42.66
2019-01-22,124.58,42.24
2019-01-23,124.39,42.28
2019-01-24,123.81,42.38
2019-01-25,124.92,42.91
2019-01-28,124.87,43.17
2019-01-29,124.33,43.03
2019-01-30,123.66,43.0
2019-01-31,122.67,42.63
2019-02-01,122.73,42.97
2019-02-04,124.63,43.38
2019-02-05,123.02,43.2
2019-02-06,122.61,43.34
2019-02-07,122.84,43.79
2019-02-08,121.24,43.43
2019-02-11,121.57,43.73
2019-02-12,123.15,44.26
2019-02-13,121.48,44.35
2019-02-14,120.61,43.93
2019-02-15,124.15,44.92
2019-02-19,124.95,45.29
2019-02-20,126.52,45.72
2019-02-21,124.91,45.42
2019-02-22,124.15,45.56
2019-02-25,123.69,45.41
2019-02-26,123.21,44.94
2019-02-27,125.72,45.4
2019-02-28,126.02,45.26
2019-03-01,126.62,45.46
2019-03-04,126.33,45.28
2019-03-05,127.82,45.21
2019-03-06,127.44,44.3
2019-03-07,125.99,43.6
2019-03-08,126.7,43.64
2019-03-11,128.56,43.99
2019-03-12,127.71,43.96
2019-03-13,128.92999,44.27
2019-03-14,129.60001,44.45
2019-03-15,129.86,44.32
2019-03-18,131.88,44.97
2019-03-19,129.48,44.02
2019-03-20,125.46,42.62
2019-03-21,122.9,42.18
2019-03-22,119.18,40.39
2019-03-25,119.18,40.36
2019-03-26,121.46,41.29
2019-03-27,121.27,41.31
2019-03-28,122.86,41.86
2019-03-29,122.66,41.77
2019-04-01,126.91,42.92
2019-04-02,126.76,42.91
2019-04-03,126.81,43.11
2019-04-04,128.42,43.65
2019-04-05,127.91,43.8
2019-04-08,128.24001,43.88
2019-04-09,126.8,43.13
2019-04-10,127.29,43.5
2019-04-11,128.72,43.69
2019-04-12,132.7,44.54
2019-04-15,131.06,43.93
2019-04-16,133.14999,44.69
2019-04-17,133.87,44.59
2019-04-18,133.19,44.15
2019-04-22,133.89,43.85
2019-04-23,134.2,44.76
2019-04-24,134.17,44.73
2019-04-25,134.24001,44.59
2019-04-26,136.09,45.03
2019-04-29,137.00999,45.6
2019-04-30,136.92999,45.49
2019-05-01,135.21001,44.95
2019-05-02,135.94,45.47
2019-05-03,137.10001,46.01
2019-05-06,136.27,45.9
2019-05-07,132.95,45.11
2019-05-08,131.99001,44.65
2019-05-09,131.94,44.63
2019-05-10,132.44,44.76
2019-05-13,128.45,42.93
2019-05-14,129.75999,43.54
2019-05-15,128.67999,43.03
2019-05-16,131.10001,43.5
2019-05-17,130.22,43.18
2019-05-20,131.34,43.3
2019-05-21,132.08,43.64
2019-05-22,132.02,43.19
2019-05-23,129.97,42.26
2019-05-24,131.97,42.76
2019-05-28,129.64,42.23
2019-05-29,130.03,42.42
2019-05-30,128.61,41.77
2019-05-31,127.26,40.94
2019-06-03,128.97,41.37
2019-06-04,133.39999,42.79
2019-06-05,134.25,42.67
2019-06-06,133.75,42.66
2019-06-07,132.88,42.41
2019-06-10,134.38,42.71
2019-06-11,135.17999,42.9
2019-06-12,134.10001,42.59
2019-06-13,133.73,42.7
2019-06-14,135.21001,42.79
2019-06-17,132.53999,42.23
2019-06-18,134.42999,42.92
2019-06-19,133.25,42.67
2019-06-20,132.89999,42.76
2019-06-21,133.17,42.4
2019-06-24,133.67,41.99
2019-06-25,133.36,41.95
2019-06-26,133.64,42.11
2019-06-27,134.66,42.72
2019-06-28,137.28,43.36
2019-07-01,139.8,43.7
2019-07-02,139.59,43.1
2019-07-03,140.67,43.54
2019-07-05,141.57001,44.0
2019-07-08,140.74001,43.49
2019-07-09,140.78999,43.64
2019-07-10,140.05,43.23
2019-07-11,141.46001,43.56
2019-07-12,142.19,43.97
2019-07-15,140.2,43.2
2019-07-16,138.75999,43.17
2019-07-17,139.67999,42.88
2019-07-18,138.88,43.25
2019-07-19,138.83,43.53
2019-07-22,139.57001,43.29
2019-07-23,140.67999,43.84
2019-07-24,141.33,44.8
2019-07-25,140.84,44.35
2019-07-26,142.8,44.94
2019-07-29,141.96001,44.55
2019-07-30,141.92,44.97
2019-07-31,142.89999,44.77
2019-08-01,138.25999,43.05
2019-08-02,137.96001,42.69
2019-08-05,132.92,41.33
2019-08-06,134.38,41.71
2019-08-07,129.75999,41.2
2019-08-08,131.59,42.04
2019-08-09,132.34,41.82
2019-08-12,128.64,40.94
2019-08-13,130.75,41.32
2019-08-14,124.62,39.98
2019-08-15,124.74,39.72
2019-08-16,127.0,40.73
2019-08-19,128.36,41.19
2019-08-20,126.2,40.62
2019-08-21,126.0,40.86
2019-08-22,126.42,41.03
2019-08-23,123.09,39.79
2019-08-26,124.1,40.14
2019-08-27,124.13,39.5
2019-08-28,126.56,39.99
2019-08-29,128.3,40.81
2019-08-30,128.92999,40.95
2019-09-03,126.76,40.14
2019-09-04,128.57001,40.44
2019-09-05,131.56,41.53
2019-09-06,131.72,41.31
2019-09-09,136.28999,42.71
2019-09-10,137.89,43.44
2019-09-11,136.0,43.97
2019-09-12,137.17,44.02
2019-09-13,139.28,44.45
2019-09-16,140.5,44.43
2019-09-17,139.24001,43.94
2019-09-18,141.2,44.24
2019-09-19,141.0,43.94
2019-09-20,140.88,43.56
2019-09-23,141.2,43.56
2019-09-24,140.27,43.01
2019-09-25,140.31,43.68
2019-09-26,140.10001,43.23
2019-09-27,140.39,43.32
2019-09-30,140.16,43.16
2019-10-01,137.2,42.17
2019-10-02,135.7,41.63
2019-10-03,136.73,41.63
2019-10-04,140.47,42.18
2019-10-07,139.95,42.03
2019-10-08,136.17999,41.05
2019-10-09,136.56,41.31
2019-10-10,138.42,41.88
2019-10-11,140.39999,42.6
2019-10-14,140.52,42.62
2019-10-15,141.87,43.29
2019-10-16,141.46001,43.19
2019-10-17,142.66,43.25
2019-10-18,143.52,43.53
2019-10-21,145.53,44.15
2019-10-22,145.46001,44.37
2019-10-23,146.37,44.48
2019-10-24,145.60001,44.19
2019-10-25,146.67,44.62
2019-10-28,147.77,44.99
2019-10-29,148.28999,45.18
2019-10-30,147.75,44.66
2019-10-31,146.7,44.13
2019-11-01,148.81,44.95
2019-11-04,150.00999,45.84
2019-11-05,151.03,46.25
2019-11-06,151.71001,46.02
2019-11-07,153.07001,46.34
2019-11-08,152.2,46.47
2019-11-11,152.46001,46.27
2019-11-12,152.3,46.34
2019-11-13,150.82001,45.91
2019-11-14,149.02,45.86
2019-11-15,150.86,45.94
2019-11-18,151.71001,45.76
2019-11-19,151.72,45.94
2019-11-20,151.78,45.71
2019-11-21,151.69,45.7
2019-11-22,152.85001,45.95
2019-11-25,153.39999,46.36
2019-11-26,152.89,46.18
2019-11-27,153.28999,46.51
2019-11-29,153.21001,46.21
2019-12-02,151.98,45.92
2019-12-03,149.74001,45.26
2019-12-04,151.35001,45.79
2019-12-05,152.2,46.05
2019-12-06,153.81,46.56
2019-12-09,153.7,46.54
2019-12-10,155.60001,46.59
2019-12-11,155.0,46.4
2019-12-12,159.0,47.74
2019-12-13,158.64,47.25
2019-12-16,159.0,47.57
2019-12-17,160.36,48.02
2019-12-18,160.05,47.82
2019-12-19,159.53,47.73
2019-12-20,159.82001,47.51
2019-12-23,159.53,47.24
2019-12-24,160.42,47.36
2019-12-26,161.14999,47.4
2019-12-27,160.81,47.15
2019-12-30,160.02,47.17
2019-12-31,159.63,47.29
2020-01-02,160.37,47.39
2020-01-03,158.83,46.94
2020-01-06,158.50999,46.57
2020-01-07,157.25999,46.26
2020-01-08,158.89,46.62
2020-01-09,160.81,46.85
2020-01-10,158.57001,46.34
2020-01-13,159.44,46.66
2020-01-14,159.88,46.73
2020-01-15,154.08,46.13
2020-01-16,152.62,46.72
2020-01-17,153.36,46.84
2020-01-21,151.64999,46.3
2020-01-22,152.25999,46.25
2020-01-23,152.71001,46.23
2020-01-24,150.38,45.5
2020-01-27,148.53,44.7
2020-01-28,149.69,45.09
2020-01-29,148.59,44.63
2020-01-30,150.96001,45.1
2020-01-31,148.55,44.19
2020-02-03,149.53999,44.68
2020-02-04,150.66,45.33
2020-02-05,153.78999,46.37
2020-02-06,152.85001,45.92
2020-02-07,153.35001,45.55
2020-02-10,153.86,45.53
2020-02-11,154.78999,45.91
2020-02-12,155.21001,45.91
2020-02-13,155.32001,46.11
2020-02-14,154.13,45.82
2020-02-18,151.39,45.23
2020-02-19,153.35001,45.5
2020-02-20,154.48,45.98
2020-02-21,153.8,45.36
2020-02-24,148.81,43.95
2020-02-25,141.34,42.17
2020-02-26,138.71001,41.51
2020-02-27,130.62,39.86
2020-02-28,126.4,38.75
2020-03-02,132.64,40.47
2020-03-03,125.49,38.9
2020-03-04,129.39999,39.7
2020-03-05,120.69,37.79
2020-03-06,114.23,36.28
2020-03-09,98.75,30.94
2020-03-10,108.04,32.96
2020-03-11,101.94,30.71
2020-03-12,94.72,27.99
2020-03-13,106.98,31.23
2020-03-16,89.97,27.2
2020-03-17,96.0,28.73
2020-03-18,87.53,25.54
2020-03-19,92.42,27.19
2020-03-20,89.49,25.39
2020-03-23,80.64,23.13
2020-03-24,90.18,25.85
2020-03-25,92.05,26.35
2020-03-26,102.92,28.67
2020-03-27,100.13,27.61
2020-03-30,100.97,27.69
2020-03-31,95.72,26.96
2020-04-01,87.35,25.16
2020-04-02,90.73,25.58
2020-04-03,85.19,24.45
2020-04-06,95.31,26.36
2020-04-07,94.92,27.34
2020-04-08,99.5,28.65
2020-04-09,105.42,30.79
2020-04-13,100.96,29.23
2020-04-14,99.47,28.81
2020-04-15,92.43,26.95
2020-04-16,90.54,26.02
2020-04-17,101.5,28.16
2020-04-20,102.55,27.97
2020-04-21,99.0,27.02
2020-04-22,98.9,27.08
2020-04-23,99.43,27.43
2020-04-24,100.73,28.13
2020-04-27,105.49,29.86
2020-04-28,105.99,30.66
2020-04-29,110.99,32.47
2020-04-30,106.67,31.31
2020-05-01,102.97,29.85
2020-05-04,101.61,29.53
2020-05-05,99.77,29.07
2020-05-06,98.5,28.33
2020-05-07,101.29,28.8
2020-05-08,105.03,30.03
2020-05-11,102.12,28.96
2020-05-12,100.0,27.51
2020-05-13,96.79,26.06
2020-05-14,97.84,26.99
2020-05-15,97.25,26.66
2020-05-18,104.06,29.13
2020-05-19,101.13,28.03
2020-05-20,104.4,29.35
2020-05-21,103.19,29.24
2020-05-22,104.61,28.9
2020-05-26,109.56,31.24
2020-05-27,116.6,33.44
2020-05-28,115.8,32.18
2020-05-29,114.04,31.45
2020-06-01,114.67,31.88
2020-06-02,114.86,31.93
2020-06-03,119.71,33.54
2020-06-04,122.72,34.69
2020-06-05,128.03,36.66
2020-06-08,131.13,37.85
2020-06-09,126.19,36.92
2020-06-10,118.93,34.64
2020-06-11,107.51,31.48
2020-06-12,110.76,32.69
2020-06-15,112.97,33.01
2020-06-16,114.94,34.14
2020-06-17,111.8,33.09
2020-06-18,110.73,33.17
2020-06-19,108.23,32.89
2020-06-22,108.56,32.54
2020-06-23,107.73,32.3
2020-06-24,103.38,30.61
2020-06-25,106.45,31.61
2020-06-26,100.93,29.69
2020-06-29,102.83,30.78
2020-06-30,105.21,31.54
2020-07-01,102.83,30.37
2020-07-02,102.15,30.31
2020-07-06,103.35,30.61
2020-07-07,99.71,29.52
2020-07-08,100.14,29.59
2020-07-09,98.85,28.42
2020-07-10,101.6,29.76
2020-07-13,102.68,30.11
2020-07-14,101.26,29.62
2020-07-15,104.07,31.19
2020-07-16,104.99,31.09
2020-07-17,103.02,30.25
2020-07-20,102.94,29.82
2020-07-21,107.7,31.34
2020-07-22,106.63,31.1
2020-07-23,107.34,31.75
2020-07-24,106.84,31.61
2020-07-27,104.92,30.9
2020-07-28,104.83,30.76
2020-07-29,108.95,31.85
2020-07-30,106.27,31.3
2020-07-31,106.67,31.07
2020-08-03,105.93,30.99
2020-08-04,105.29,30.85
2020-08-05,106.56,31.52
2020-08-06,107.03,31.33
2020-08-07,109.7,32.59
2020-08-10,109.66,33.18
2020-08-11,112.47,33.84
2020-08-12,112.0,33.51
2020-08-13,111.01,32.93
2020-08-14,111.75,33.29
2020-08-17,110.33,32.73
2020-08-18,107.08,31.9
2020-08-19,106.39,32.0
2020-08-20,106.08,31.36
2020-08-21,106.45,31.14
2020-08-24,109.8,32.37
2020-08-25,110.77,32.45
2020-08-26,110.31,31.82
2020-08-27,112.5,32.41
2020-08-28,112.35,32.45
2020-08-31,111.2,31.89
2020-09-01,111.6,31.94
2020-09-02,112.4,32.24
2020-09-03,111.67,32.25
2020-09-04,113.1,32.88
2020-09-08,110.3,31.48
2020-09-09,109.91,31.36
2020-09-10,108.22,30.84
2020-09-11,110.75,31.02
2020-09-14,114.18,31.71
2020-09-15,111.29,31.15
2020-09-16,113.64,31.43
2020-09-17,111.88,31.33
2020-09-18,111.76,31.04
2020-09-21,108.84,29.38
2020-09-22,105.36,28.86
2020-09-23,102.48,28.21
2020-09-24,103.45,28.26
2020-09-25,104.9,28.59
2020-09-28,108.13,29.6
2020-09-29,106.93,29.19
2020-09-30,109.91,29.45
2020-10-01,109.43,29.74
2020-10-02,112.16,30.55
2020-10-05,114.8,31.65
2020-10-06,113.17,31.61
2020-10-07,115.18,32.46
2020-10-08,116.54,32.98
2020-10-09,115.48,32.75
2020-10-12,116.28,33.2
2020-10-13,112.51,32.25
2020-10-14,109.83,31.79
2020-10-15,109.56,32.43
2020-10-16,111.48,32.5
2020-10-19,109.99,32.2
2020-10-20,112.06,32.76
2020-10-21,110.64,32.8
2020-10-22,115.32,34.15
2020-10-23,114.81,34.59
2020-10-26,111.63,33.87
2020-10-27,109.19,32.68
2020-10-28,108.72,32.0
2020-10-29,109.82,32.68
2020-10-30,111.88,33.15
2020-11-02,114.45,34.0
2020-11-03,119.39,34.96
2020-11-04,112.86,33.08
2020-11-05,117.17,34.26
2020-11-06,114.68,33.67
2020-11-09,127.98,38.22
2020-11-10,126.74,38.75
2020-11-11,125.44,37.8
2020-11-12,121.0,37.04
2020-11-13,122.78,37.93
2020-11-16,126.29,39.5
2020-11-17,126.89,39.37
2020-11-18,129.3,38.69
2020-11-19,130.3,38.86
2020-11-20,128.89999,38.49
2020-11-23,133.64999,39.17
2020-11-24,140.11,41.07
2020-11-25,140.64999,40.47
2020-11-27,139.78999,39.96
2020-11-30,138.07001,38.62
2020-12-01,140.72,39.49
2020-12-02,141.38,40.18
2020-12-03,141.25,40.36
2020-12-04,142.53,41.14
2020-12-07,141.81,41.0
2020-12-08,141.42999,40.95
2020-12-09,143.28,41.15
2020-12-10,143.99001,41.32
2020-12-11,143.66,40.84
2020-12-14,141.78999,40.66
2020-12-15,143.14999,41.53
2020-12-16,145.25,41.61
2020-12-17,145.02,41.5
2020-12-18,144.91,40.85
2020-12-21,144.60001,40.86
2020-12-22,143.73,40.53
2020-12-23,146.7,41.7
2020-12-24,146.14999,41.46
2020-12-28,146.53999,41.69
2020-12-29,144.87,41.04
2020-12-30,146.89,41.55
2020-12-31,149.0,41.82
2021-01-04,149.14999,41.41
2021-01-05,148.36,41.92
2021-01-06,156.50999,44.81
2021-01-07,159.0,45.73
2021-01-08,158.19,45.22
2021-01-11,159.38,45.78
2021-01-12,161.73,46.45
2021-01-13,159.10001,46.15
2021-01-14,161.5,47.06
2021-01-15,154.78,46.04
2021-01-19,156.0,46.31
2021-01-20,156.25999,45.96
2021-01-21,153.69,45.13
2021-01-22,152.57001,45.44
2021-01-25,150.47,45.18
2021-01-26,148.06,44.55
2021-01-27,144.44,43.11
2021-01-28,147.78999,43.86
2021-01-29,143.52,42.73
2021-02-01,145.86,43.49
2021-02-02,150.39999,44.42
2021-02-03,152.2,44.78
2021-02-04,156.67999,46.11
2021-02-05,156.94,46.04
2021-02-08,158.78999,46.92
2021-02-09,158.14,47.37
2021-02-10,160.11,47.4
2021-02-11,159.31,47.09
2021-02-12,162.27,47.47
2021-02-16,169.91,48.57
2021-02-17,167.55,48.52
2021-02-18,166.91,48.0
2021-02-19,170.41,49.39
2021-02-22,170.52,50.26
2021-02-23,173.22,50.75
2021-02-24,178.48,52.22
2021-02-25,173.25999,50.79
2021-02-26,168.36,49.73
2021-03-01,173.07001,51.48
2021-03-02,173.09,51.67
2021-03-03,173.35001,51.69
2021-03-04,172.58,50.98
2021-03-05,176.46001,52.2
2021-03-08,178.82001,53.4
2021-03-09,173.63,52.58
2021-03-10,177.78,53.8
2021-03-11,176.92999,54.1
2021-03-12,181.41,55.06
2021-03-15,178.53,54.65
2021-03-16,176.58,53.92
2021-03-17,178.42999,54.29
2021-03-18,179.86,54.44
2021-03-19,175.78999,53.91
2021-03-22,171.22,52.01
2021-03-23,169.39999,50.41
2021-03-24,170.25,50.17
2021-03-25,177.0,51.59
2021-03-26,179.67999,52.57
2021-03-29,174.49001,51.21
2021-03-30,177.62,52.33
2021-03-31,175.41,51.88
2021-04-01,177.41,52.27
2021-04-05,178.75999,52.38
2021-04-06,177.39999,52.19
2021-04-07,178.25,52.01
2021-04-08,178.11,52.09
2021-04-09,180.21001,52.63
2021-04-12,180.81,52.95
2021-04-13,177.62,52.04
2021-04-14,179.34,52.59
2021-04-15,174.78999,52.42
2021-04-16,178.86,52.83
2021-04-19,177.72,52.63
2021-04-20,171.73,50.76
2021-04-21,175.13,51.87
2021-04-22,173.84,51.21
2021-04-23,178.03999,53.03
2021-04-26,180.24001,53.33
2021-04-27,183.58,53.8
2021-04-28,185.25999,53.77
2021-04-29,189.17,54.41
2021-04-30,186.95,53.63
2021-05-03,188.12,53.95
2021-05-04,193.32001,54.62
2021-05-05,194.61,54.81
2021-05-06,198.17999,54.85
2021-05-07,198.91,54.93
2021-05-10,198.56,54.39
2021-05-11,194.03999,53.89
2021-05-12,190.41,52.53
2021-05-13,196.00999,54.24
2021-05-14,199.38,55.15
2021-05-17,199.03,55.43
2021-05-18,193.91,54.51
2021-05-19,192.89,54.23
2021-05-20,191.05,54.13
2021-05-21,193.48,54.74
2021-05-24,193.99001,54.52
2021-05-25,191.7,53.37
2021-05-26,191.89999,54.19
2021-05-27,194.12,55.02
2021-05-28,194.67999,54.98
2021-06-01,195.82001,55.46
2021-06-02,195.42,54.96
2021-06-03,195.88,55.07
2021-06-04,194.0,55.05
2021-06-07,193.11,55.18
2021-06-08,194.10001,55.23
2021-06-09,190.78999,54.46
2021-06-10,188.75,53.38
2021-06-11,189.2,53.65
2021-06-14,187.11,52.86
2021-06-15,189.27,53.56
2021-06-16,190.11,54.06
2021-06-17,182.45,51.62
2021-06-18,178.33,49.93
2021-06-21,184.14999,51.42
2021-06-22,183.91,51.34
2021-06-23,185.13,51.46
2021-06-24,189.17999,52.19
2021-06-25,193.36,52.86
2021-06-28,191.60001,51.62
2021-06-29,190.47,51.26
2021-06-30,190.75999,51.32
2021-07-01,191.74001,51.84
2021-07-02,192.78999,51.31
2021-07-06,187.96001,49.94
2021-07-07,186.58,49.72
2021-07-08,183.23,48.83
2021-07-09,189.67,50.7
2021-07-12,191.91,50.98
2021-07-13,189.28,49.85
2021-07-14,188.34,49.67
2021-07-15,189.5,50.16
2021-07-16,183.42999,48.9
2021-07-19,177.8,47.2
2021-07-20,181.60001,48.53
2021-07-21,184.87,49.54
2021-07-22,181.72,48.53
2021-07-23,183.02,48.8
2021-07-26,184.52,49.21
2021-07-27,184.27,48.98
2021-07-28,183.75999,49.65
2021-07-29,185.16,50.04
2021-07-30,182.41,49.46
2021-08-02,181.78,49.14
2021-08-03,186.34,49.93
2021-08-04,185.02,49.41
2021-08-05,186.67999,50.35
2021-08-06,190.27,51.83
2021-08-09,190.00999,51.54
2021-08-10,191.7,52.06
2021-08-11,193.89999,52.9
2021-08-12,193.39999,52.71
2021-08-13,190.38,52.3
2021-08-16,189.64999,52.04
2021-08-17,187.75,51.28
2021-08-18,185.56,50.82
2021-08-19,184.34,50.12
2021-08-20,185.82001,50.94
2021-08-23,187.27,51.39
2021-08-24,188.48,51.77
2021-08-25,192.13,52.31
2021-08-26,191.0,51.63
2021-08-27,194.50999,52.85
2021-08-30,190.61,51.77
2021-08-31,191.10001,52.13
2021-09-01,189.48,51.74
2021-09-02,191.71001,51.78
2021-09-03,191.52,51.59
2021-09-07,192.21001,51.35
2021-09-08,191.72,50.8
2021-09-09,192.28,50.96
2021-09-10,191.66,50.42
2021-09-13,194.46001,51.12
2021-09-14,188.35001,50.03
2021-09-15,190.17999,50.75
2021-09-16,189.89999,50.49
2021-09-17,188.92,50.52
2021-09-20,184.67,49.11
2021-09-21,183.97,48.94
2021-09-22,187.67,49.73
2021-09-23,193.61,51.42
2021-09-24,194.5,51.84
2021-09-27,200.2,53.65
2021-09-28,197.72,53.17
2021-09-29,197.44,53.62
2021-09-30,195.64,52.91
2021-10-01,198.31,54.13
2021-10-04,198.09,54.25
2021-10-05,200.49001,54.54
2021-10-06,200.82001,54.43
2021-10-07,201.8,54.85
2021-10-08,202.75999,55.11
2021-10-11,201.05,54.61
2021-10-12,203.3,54.61
2021-10-13,201.75999,54.45
2021-10-14,202.5,55.18
2021-10-15,199.13,55.29
2021-10-18,200.84,55.46
2021-10-19,206.83,55.6
2021-10-20,212.8,56.86
2021-10-21,212.73,56.55
2021-10-22,216.08,56.97
2021-10-25,216.56,57.07
2021-10-26,216.07001,56.64
2021-10-27,212.91,54.79
2021-10-28,213.05,55.57
2021-10-29,211.03,55.34
2021-11-01,210.64,56.97
2021-11-02,210.10001,56.76
2021-11-03,212.7,57.89
2021-11-04,207.71001,57.03
2021-11-05,207.10001,57.56
2021-11-08,208.17,57.6
2021-11-09,207.03999,57.3
2021-11-10,205.41,57.3
2021-11-11,205.60001,57.66
2021-11-12,203.61,57.44
2021-11-15,204.82001,57.6
2021-11-16,205.53,57.56
2021-11-17,202.46001,56.99
2021-11-18,200.91,56.75
2021-11-19,199.36,56.35
2021-11-22,204.14999,57.06
2021-11-23,209.09,57.89
2021-11-24,208.63,57.72
2021-11-26,200.10001,55.06
2021-11-29,200.88,55.08
2021-11-30,197.0,53.67
2021-12-01,195.45,53.01
2021-12-02,201.85001,54.83
2021-12-03,197.73,53.47
2021-12-06,199.96001,54.82
2021-12-07,203.3,55.03
2021-12-08,202.09,54.93
2021-12-09,200.73,54.46
2021-12-10,201.56,54.58
2021-12-13,196.21001,53.29
2021-12-14,198.81,53.7
2021-12-15,198.08,53.99
2021-12-16,201.78999,54.17
2021-12-17,197.24001,52.91
2021-12-20,192.55,51.57
2021-12-21,196.87,53.17
2021-12-22,197.12,53.61
2021-12-23,197.92999,54.07
2021-12-27,201.07001,54.76
2021-12-28,201.17,54.78
2021-12-29,201.24001,54.84
2021-12-30,201.0,54.58
2021-12-31,200.52,54.56
2022-01-03,208.22,55.64
2022-01-04,215.89,57.14
2022-01-05,212.39,56.71
2022-01-06,220.57001,58.64
2022-01-07,223.73,59.28
2022-01-10,222.45,59.28
2022-01-11,223.84,59.63
2022-01-12,224.92999,59.79
2022-01-13,226.45,60.04
2022-01-14,222.2,60.41
2022-01-18,216.88,59.22
2022-01-19,208.52,57.57
2022-01-20,206.89999,56.24
2022-01-21,200.96001,55.12
2022-01-24,204.11,55.7
2022-01-25,204.2,55.82
2022-01-26,206.00999,55.45
2022-01-27,204.96001,54.28
2022-01-28,208.22,54.58
2022-01-31,205.99001,55.03
2022-02-01,209.74001,55.87
2022-02-02,210.87,55.73
2022-02-03,208.00999,55.38
2022-02-04,210.35001,56.37
2022-02-07,209.7,56.7
2022-02-08,211.36,58.15
2022-02-09,210.75999,57.76
2022-02-10,210.63,57.65
2022-02-11,207.36,57.29
2022-02-14,204.57001,56.79
2022-02-15,207.19,58.2
2022-02-16,208.59,58.35
2022-02-17,201.3,56.52
2022-02-18,201.17,56.52
2022-02-22,203.08,56.09
2022-02-23,199.00999,55.17
2022-02-24,195.61,54.26
2022-02-25,202.67,56.58
2022-02-28,199.25,56.62
2022-03-01,187.19,53.78
2022-03-02,193.7,56.03
2022-03-03,191.59,55.65
2022-03-04,184.87,53.61
2022-03-07,178.7,51.35
2022-03-08,181.60001,51.63
2022-03-09,186.75,53.43
2022-03-10,184.96001,53.24
2022-03-11,182.14999,53.18
2022-03-14,183.36,53.43
2022-03-15,185.24001,53.59
2022-03-16,192.39,55.24
2022-03-17,193.07001,54.66
2022-03-18,192.97,54.59
2022-03-21,193.00999,53.94
2022-03-22,197.37,54.87
2022-03-23,192.67,53.18
2022-03-24,193.25,53.65
2022-03-25,196.47,54.5
2022-03-28,194.71001,54.07
2022-03-29,194.06,54.95
2022-03-30,190.73,53.44
2022-03-31,184.45,52.35
2022-04-01,181.14,51.88
2022-04-04,182.81,51.62
2022-04-05,182.39,50.97
2022-04-06,180.96001,50.1
2022-04-07,181.38,49.48
2022-04-08,184.7,49.52
2022-04-11,183.98,49.66
2022-04-12,179.75,49.15
2022-04-13,178.44,49.84
2022-04-14,175.0,49.37
2022-04-18,175.75,49.56
2022-04-19,178.05,51.07
2022-04-20,179.64,51.47
2022-04-21,177.58,50.57
2022-04-22,173.25,49.3
2022-04-25,172.5,49.38
2022-04-26,169.46001,47.91
2022-04-27,170.42999,47.9
2022-04-28,171.08,48.59
2022-04-29,166.10001,47.06
2022-05-02,167.53999,47.72
2022-05-03,169.66,48.5
2022-05-04,173.72,49.81
2022-05-05,168.87,48.3
2022-05-06,166.62,47.77
2022-05-09,163.67,46.96
2022-05-10,161.84,46.34
2022-05-11,159.83,45.5
2022-05-12,159.3,45.5
2022-05-13,157.44,46.08
2022-05-16,155.27,45.64
2022-05-17,160.42999,47.41
2022-05-18,155.92999,46.28
2022-05-19,154.75,45.92
2022-05-20,155.98,45.92
2022-05-23,162.17,47.08
2022-05-24,163.25999,46.73
2022-05-25,167.63,47.41
2022-05-26,172.95,48.53
2022-05-27,175.05,49.27
2022-05-31,175.41,49.2
2022-06-01,172.44,48.55
2022-06-02,175.50999,49.48
2022-06-03,173.3,48.81
2022-06-06,173.08,49.02
2022-06-07,173.2,49.47
2022-06-08,169.89999,48.65
2022-06-09,163.0,47.19
2022-06-10,158.33,45.56
2022-06-13,155.53,44.06
2022-06-14,155.66,44.25
2022-06-15,156.50999,44.53
2022-06-16,151.48,42.82
2022-06-17,154.09,43.41
2022-06-21,156.49001,43.85
2022-06-22,156.61,43.88
2022-06-23,155.8,43.44
2022-06-24,162.84,45.0
2022-06-27,161.45,44.94
2022-06-28,159.75,44.66
2022-06-29,157.37,44.29
2022-06-30,157.77,43.88
2022-07-01,161.3,44.62
2022-07-05,161.09,44.78
2022-07-06,160.03,44.44
2022-07-07,162.31,44.98
2022-07-08,161.38,44.85
2022-07-11,160.22,44.39
2022-07-12,157.09,44.46
2022-07-13,154.31,43.79
2022-07-14,150.96001,43.11
2022-07-15,153.42,44.65
2022-07-18,154.67,44.82
2022-07-19,160.19,46.22
2022-07-20,160.14999,46.79
2022-07-21,161.61,46.97
2022-07-22,161.75999,46.5
2022-07-25,164.7,47.19
2022-07-26,161.72,46.74
2022-07-27,163.0,47.72
2022-07-28,162.89999,47.91
2022-07-29,165.94,48.55
2022-08-01,166.06,48.64
2022-08-02,163.31,48.04
2022-08-03,165.35001,48.65
2022-08-04,164.08,48.37
2022-08-05,167.03999,48.81
2022-08-08,166.03999,48.81
2022-08-09,165.92,48.94
2022-08-10,169.46001,50.19
2022-08-11,171.94,50.87
2022-08-12,174.63,51.63
2022-08-15,173.92999,51.82
2022-08-16,175.03999,52.32
2022-08-17,173.34,51.72
2022-08-18,173.5,51.88
2022-08-19,170.78999,50.96
2022-08-22,166.46001,49.71
2022-08-23,166.49001,49.55
2022-08-24,167.39999,49.43
2022-08-25,168.89999,50.21
2022-08-26,162.19,48.83
2022-08-29,160.12,48.14
2022-08-30,159.3,48.02
2022-08-31,158.0,47.68
2022-09-01,158.45,47.3
2022-09-02,157.25,46.99
2022-09-06,156.37,46.27
2022-09-07,159.61,47.2
2022-09-08,162.85001,48.2
2022-09-09,164.34,48.91
2022-09-12,166.28,49.45
2022-09-13,160.85001,47.81
2022-09-14,162.41,47.88
2022-09-15,165.05,48.39
2022-09-16,163.83,47.92
2022-09-19,165.31,48.38
2022-09-20,163.83,48.03
2022-09-21,158.45,47.41
2022-09-22,154.67,46.32
2022-09-23,151.92,45.49
2022-09-26,148.74001,44.92
2022-09-27,148.03,44.47
2022-09-28,151.59,45.27
2022-09-29,150.73,44.52
2022-09-30,149.42,44.29
2022-10-03,153.8,45.45
2022-10-04,160.64,47.51
2022-10-05,159.23,47.14
2022-10-06,155.71001,46.63
2022-10-07,151.34,45.56
2022-10-10,150.85001,45.34
2022-10-11,147.67999,45.08
2022-10-12,146.12,44.96
2022-10-13,152.97,46.85
2022-10-14,149.7,46.2
2022-10-17,155.85001,47.44
2022-10-18,156.16,47.57
2022-10-19,151.7,46.54
2022-10-20,147.98,45.11
2022-10-21,156.37,45.79
2022-10-24,160.44,46.56
2022-10-25,163.22,47.32
2022-10-26,161.72,47.24
2022-10-27,161.0,47.3
2022-10-28,162.87,48.53
2022-10-31,161.83,48.55
2022-11-01,161.81,48.62
2022-11-02,158.73,47.51
2022-11-03,153.31,47.03
2022-11-04,156.5,48.14
2022-11-07,156.7,48.49
2022-11-08,158.66,48.41
2022-11-09,155.55,47.57
2022-11-10,163.85001,49.99
2022-11-11,165.75999,49.79
2022-11-14,163.28999,48.95
2022-11-15,164.14,49.24
2022-11-16,161.64999,48.46
2022-11-17,158.8,47.79
2022-11-18,161.16,48.17
2022-11-21,162.66,48.4
2022-11-22,164.98,49.0
2022-11-23,166.5,49.0
2022-11-25,167.64999,49.36
2022-11-28,162.61,48.27
2022-11-29,164.37,48.64
2022-11-30,168.25999,49.52
2022-12-01,164.8,49.18
2022-12-02,164.23,48.97
2022-12-05,153.11,46.67
2022-12-06,151.86,46.19
2022-12-07,155.10001,46.19
2022-12-08,154.34,46.3
2022-12-09,154.08,46.1
2022-12-12,156.7,46.55
2022-12-13,154.03,46.01
2022-12-14,149.62,45.25
2022-12-15,150.17999,44.42
2022-12-16,150.39,44.06
2022-12-19,150.16,43.77
2022-12-20,151.67999,43.99
2022-12-21,153.89999,44.79
2022-12-22,154.28999,44.51
2022-12-23,155.02,44.79
2022-12-27,155.96001,44.82
2022-12-28,155.86,44.47
2022-12-29,157.83,45.39
2022-12-30,157.94,45.15
2023-01-03,159.52,44.97
2023-01-04,163.73,45.48
2023-01-05,159.37,45.04
2023-01-06,164.21001,46.25
2023-01-09,164.28,45.96
2023-01-10,164.94,46.3
2023-01-11,165.84,46.7
2023-01-12,168.82001,47.15
2023-01-13,164.0,47.27
2023-01-17,161.85001,47.09
2023-01-18,152.07001,45.7
2023-01-19,148.02,45.6
2023-01-20,154.87,46.82
2023-01-23,159.34,47.45
2023-01-24,158.42,46.99
2023-01-25,160.17999,47.21
2023-01-26,161.92999,47.72
2023-01-27,163.17,47.99
2023-01-30,162.86,47.52
2023-01-31,165.42999,48.77
2023-02-01,164.78999,49.39
2023-02-02,166.17,50.42
2023-02-03,165.39,50.38
2023-02-06,163.0,49.83
2023-02-07,162.94,50.43
2023-02-08,161.56,50.05
2023-02-09,158.88,49.27
2023-02-10,159.34,49.27
2023-02-13,160.98,49.77
2023-02-14,161.13,49.63
2023-02-15,160.0,49.94
2023-02-16,158.3,49.29
2023-02-17,158.59,49.48
2023-02-21,155.48,48.21
2023-02-22,156.3,48.06
2023-02-23,158.10001,48.32
2023-02-24,158.49001,48.3
2023-02-27,157.7,48.34
2023-02-28,157.92,48.26
2023-03-01,155.21001,48.02
2023-03-02,150.24001,47.21
2023-03-03,152.89,47.91
2023-03-06,152.67999,47.6
2023-03-07,145.72,46.19
2023-03-08,145.13,46.01
2023-03-09,137.87,42.66
2023-03-10,137.16,40.88
2023-03-13,130.06,36.81
2023-03-14,130.53,37.52
2023-03-15,125.05,36.76
2023-03-16,130.12,37.89
2023-03-17,123.72,35.78
2023-03-20,127.35,36.08
2023-03-21,131.62,37.98
2023-03-22,124.4,36.02
2023-03-23,122.13,35.12
2023-03-24,124.15,35.91
2023-03-27,125.02,36.7
2023-03-28,126.86,36.68
2023-03-29,128.92,37.22
2023-03-30,127.03,36.66
2023-03-31,127.1,37.07
2023-04-03,125.0,36.76
2023-04-04,122.83,36.03
2023-04-05,121.43,35.8
2023-04-06,121.88,36.21
2023-04-10,122.2,36.46
2023-04-11,122.31,36.72
2023-04-12,119.7,36.39
2023-04-13,121.41,36.9
2023-04-14,121.85,36.49
2023-04-17,125.09,37.32
2023-04-18,124.76,36.82
2023-04-19,128.37,37.95
2023-04-20,125.6,37.32
2023-04-21,123.38,36.87
2023-04-24,124.27,36.7
2023-04-25,123.7,35.35
2023-04-26,127.85,35.5
2023-04-27,128.02,36.14
2023-04-28,130.25,36.63
2023-05-01,122.0,35.82
2023-05-02,119.14,33.96
2023-05-03,116.65,33.41
2023-05-04,113.64,31.9
2023-05-05,116.18,33.65
2023-05-08,116.99,33.27
2023-05-09,115.7,33.09
2023-05-10,113.97,32.85
2023-05-11,112.7,32.34
2023-05-12,111.58,32.34
2023-05-15,113.67,33.26
2023-05-16,111.59,32.75
2023-05-17,119.25,34.78
2023-05-18,120.15,35.01
2023-05-19,118.48,34.44
2023-05-22,120.42,35.25
2023-05-23,121.49,35.48
2023-05-24,120.25,34.86
2023-05-25,118.99,34.63
2023-05-26,118.78,35.01
2023-05-30,118.85,35.05
2023-05-31,115.83,34.07
2023-06-01,119.74,34.78
2023-06-02,123.58,36.57
2023-06-05,123.28,35.77
2023-06-06,126.38,37.33
2023-06-07,127.56,38.23
2023-06-08,128.86,37.93
2023-06-09,128.92999,37.55
2023-06-12,127.41,37.26
2023-06-13,128.86,38.04
2023-06-14,126.52,37.14
2023-06-15,128.78999,37.78
2023-06-16,128.47,37.36
2023-06-20,126.46,36.67
2023-06-21,126.66,36.24
2023-06-22,123.44,35.27
2023-06-23,123.03,34.81
2023-06-26,123.73,35.16
2023-06-27,124.01,35.7
2023-06-28,123.56,35.57
2023-06-29,125.68,36.2
2023-06-30,125.95,36.0
2023-07-03,127.53,36.69
2023-07-05,126.34,36.24
2023-07-06,123.88,35.66
2023-07-07,125.61,36.35
2023-07-10,125.36,36.63
2023-07-11,126.49,37.14
2023-07-12,127.23,37.8
2023-07-13,129.78999,38.45
2023-07-14,125.79,37.71
2023-07-17,127.16,38.36
2023-07-18,130.35001,39.71
2023-07-19,132.37,40.8
2023-07-20,133.99001,40.75
2023-07-21,134.25999,40.26
2023-07-24,135.60001,41.07
2023-07-25,133.53999,40.56
2023-07-26,136.00999,42.07
2023-07-27,133.12,41.44
2023-07-28,135.5,41.94
2023-07-31,136.89,41.96
2023-08-01,135.42999,41.54
2023-08-02,134.12,41.32
2023-08-03,133.02,41.77
2023-08-04,131.46001,41.89
2023-08-07,132.39999,42.33
2023-08-08,130.05,41.77
2023-08-09,127.35,41.19
2023-08-10,128.09,41.17
2023-08-11,129.94,41.33
2023-08-14,127.28,40.69
2023-08-15,123.6,39.43
2023-08-16,122.73,38.96
2023-08-17,123.5,38.92
2023-08-18,123.2,38.95
2023-08-21,122.93,38.68
2023-08-22,119.02,37.72
2023-08-23,119.41,38.23
2023-08-24,117.67,38.34
2023-08-25,117.74,38.18
2023-08-28,118.41,38.66
2023-08-29,120.59,39.13
2023-08-30,120.48,38.94
2023-08-31,120.73,39.06
2023-09-01,122.22,39.84
2023-09-05,120.49,39.11
2023-09-06,118.36,38.29
2023-09-07,115.77,37.82
2023-09-08,116.93,38.17
2023-09-11,118.02,38.12
2023-09-12,124.85,38.51
2023-09-13,123.61,38.08
2023-09-14,126.97,38.69
2023-09-15,126.35,38.55
2023-09-18,124.68,37.75
2023-09-19,124.19,37.6
2023-09-20,123.95,37.28
2023-09-21,122.17,36.74
2023-09-22,120.85,36.55
2023-09-25,122.62,36.99
2023-09-26,121.59,36.37
2023-09-27,121.81,36.22
2023-09-28,122.83,36.61
2023-09-29,122.77,36.85
2023-10-02,120.02,36.05
2023-10-03,119.78,35.32
2023-10-04,120.1,35.62
2023-10-05,120.38,36.18
2023-10-06,120.32,36.31
2023-10-09,120.86,36.35
2023-10-10,122.23,36.86
2023-10-11,122.74,36.98
2023-10-12,121.32,36.49
2023-10-13,118.14,35.98
2023-10-16,118.13,36.81
2023-10-17,119.13,37.53
2023-10-18,115.69,36.58
2023-10-19,115.66,36.14
2023-10-20,111.82,34.87
2023-10-23,109.71,34.75
2023-10-24,111.28,34.67
2023-10-25,111.29,34.5
2023-10-26,114.36,35.41
2023-10-27,111.24,34.67
2023-10-30,112.89,35.12
2023-10-31,114.47,35.32
2023-11-01,113.46,35.49
2023-11-02,119.85,37.25
2023-11-03,123.21,38.45
2023-11-06,121.55,37.91
2023-11-07,120.78,37.59
2023-11-08,120.26,37.21
2023-11-09,119.36,36.66
2023-11-10,120.43,36.97
2023-11-13,119.6,36.98
2023-11-14,126.66,39.29
2023-11-15,128.96001,39.82
2023-11-16,129.34,39.37
2023-11-17,130.25999,39.94
2023-11-20,130.34,39.9
2023-11-21,127.97,39.21
2023-11-22,127.95,39.4
2023-11-24,128.7,39.5
2023-11-27,128.85001,39.37
2023-11-28,129.59,39.38
2023-11-29,132.38,40.18
2023-11-30,133.96001,40.35
2023-12-01,139.0,42.04
2023-12-04,140.78999,42.56
2023-12-05,138.66,41.98
2023-12-06,139.36,41.97
2023-12-07,139.77,42.69
2023-12-08,140.67,43.16
2023-12-11,141.0,43.14
2023-12-12,140.85001,42.94
2023-12-13,146.32001,45.06
2023-12-14,153.31,47.03
2023-12-15,152.33,46.4
2023-12-18,151.41,45.73
2023-12-19,154.60001,46.31
2023-12-20,149.67,45.32
2023-12-21,151.77,45.76
2023-12-22,152.47,45.97
2023-12-26,154.10001,46.58
2023-12-27,155.0,46.54
2023-12-28,155.63,46.62
2023-12-29,154.85001,46.02
