date,PTEN,XES
1/4/2010,16.19,294.79996
1/5/2010,17.45,302.09992
1/6/2010,17.67,307.89994
1/7/2010,17.77,308.09998
1/8/2010,18.37,314.59992
1/11/2010,17.8,309.79996
1/12/2010,17.43,302.59995
1/13/2010,17.67,305.29999
1/14/2010,18.21,307.39991
1/15/2010,17.98,305.49988
1/19/2010,18.14,308.49991
1/20/2010,17.98,303.19993
1/21/2010,18.05,296.49994
1/22/2010,16.59,285.1999
1/25/2010,16.92,290.1999
1/26/2010,16.54,289.79996
1/27/2010,16.41,290.69993
1/28/2010,16.23,285.1999
1/29/2010,15.36,278.49991
2/1/2010,16.1,287.39991
2/2/2010,16.44,290.09995
2/3/2010,16.31,288.29987
2/4/2010,15.51,275
2/5/2010,15.35,272.99988
2/8/2010,15.05,269.29993
2/9/2010,16.04,276.59989
2/10/2010,16.52,276.99997
2/11/2010,16.69,284.59992
2/12/2010,16.41,282.99988
2/16/2010,16.47,290
2/17/2010,16.48,290.29999
2/18/2010,16.13,291.59989
2/19/2010,15.88,294.29993
2/22/2010,15.6,293.09998
2/23/2010,15.11,286.99997
2/24/2010,15.1,288.99994
2/25/2010,15.36,290.39994
2/26/2010,15.44,290.59998
3/1/2010,15.37,294.59992
3/2/2010,15.35,298.29987
3/3/2010,15.56,303.39997
3/4/2010,15.29,300.1999
3/5/2010,15.23,303.19993
3/8/2010,15.28,304.29993
3/9/2010,15.3,303.9
3/10/2010,15.84,306.59989
3/11/2010,15.66,306.99997
3/12/2010,15.31,308.59986
3/15/2010,14.74,305.59998
3/16/2010,14.86,309.29993
3/17/2010,14.55,310.89997
3/18/2010,13.91,302.6999
3/19/2010,13.96,294.89991
3/22/2010,13.98,295.39994
3/23/2010,13.72,296.2999
3/24/2010,13.82,295.59998
3/25/2010,13.25,287.39991
3/26/2010,13.52,287.79999
3/29/2010,13.89,291.89988
3/30/2010,13.98,294.39988
3/31/2010,13.97,296.99997
4/1/2010,14.11,304.09989
4/5/2010,14.62,310.99991
4/6/2010,14.56,313.09998
4/7/2010,14.31,308.9
4/8/2010,14.11,308.49991
4/9/2010,14.31,308.99994
4/12/2010,14.3,310
4/13/2010,14.45,308.09998
4/14/2010,14.73,314.59992
4/15/2010,14.66,315.59998
4/16/2010,14.44,308.19993
4/19/2010,14.48,307.79999
4/20/2010,14.825,318.29987
4/21/2010,15.22,320.1999
4/22/2010,15.56,324.59992
4/23/2010,15.64,331.19996
4/26/2010,15.33,329.59992
4/27/2010,14.83,315.99991
4/28/2010,15.08,321.19996
4/29/2010,15.47,324.19999
4/30/2010,15.31,316.99997
5/3/2010,15.05,319.29993
5/4/2010,14.77,307.59995
5/5/2010,14.49,302.39991
5/6/2010,13.83,289.09989
5/7/2010,13.38,278.39997
5/10/2010,14.09,292.39991
5/11/2010,13.83,292.39991
5/12/2010,14.11,299.39988
5/13/2010,13.94,295.39994
5/14/2010,13.54,288.09998
5/17/2010,13.47,283.29987
5/18/2010,13.37,279.29993
5/19/2010,13.33,274.59992
5/20/2010,12.81,259.09989
5/21/2010,12.97,266.69999
5/24/2010,12.49,257.99988
5/25/2010,12.46,262.29996
5/26/2010,12.69,263.99994
5/27/2010,13.59,274.89991
5/28/2010,14.03,264.39988
6/1/2010,13.64,245
6/2/2010,13.85,257.79999
6/3/2010,14.63,260.69993
6/4/2010,13.9,252.99988
6/7/2010,13.76,249.09989
6/8/2010,13.83,252.29996
6/9/2010,13.81,251.2999
6/10/2010,14.74,267.6999
6/11/2010,14.67,268.9
6/14/2010,14.48,267.19986
6/15/2010,14.93,277.19986
6/16/2010,14.92,276.99997
6/17/2010,14.78,275.59998
6/18/2010,14.93,278.29987
6/21/2010,14.76,275.79987
6/22/2010,14.05,265.99991
6/23/2010,14.06,263.7999
6/24/2010,13.52,257.29996
6/25/2010,13.63,261.79993
6/28/2010,13.28,258.19993
6/29/2010,12.75,249.89991
6/30/2010,12.87,250
7/1/2010,13.04,251.59989
7/2/2010,12.94,251.4
7/6/2010,13.73,253.99994
7/7/2010,14.43,265.49988
7/8/2010,14.48,269.79996
7/9/2010,14.39,270.69993
7/12/2010,14.38,268.39997
7/13/2010,14.73,271.09986
7/14/2010,14.79,271.2999
7/15/2010,14.88,271.09986
7/16/2010,14.15,262.89994
7/19/2010,14.55,267.29996
7/20/2010,14.92,275.09995
7/21/2010,14.96,270.89997
7/22/2010,15.56,276.89988
7/23/2010,15.66,281.09986
7/26/2010,16.06,283.59986
7/27/2010,15.9,281.2999
7/28/2010,15.91,278.99994
7/29/2010,16.27,281.2999
7/30/2010,16.43,281.4
8/2/2010,16.41,290.09995
8/3/2010,16.23,287.99988
8/4/2010,16.38,290.79987
8/5/2010,16.12,288.09998
8/6/2010,16.13,284.49997
8/9/2010,16.15,284.29993
8/10/2010,15.86,280.1999
8/11/2010,15.03,268.69996
8/12/2010,15.1275,267.5
8/13/2010,14.79,266.4
8/16/2010,14.71,267.99988
8/17/2010,14.76,274.39988
8/18/2010,14.79,272.59995
8/19/2010,14.68,266.69999
8/20/2010,14.22,261.89988
8/23/2010,14.12,261.99997
8/24/2010,14.07,260.59998
8/25/2010,13.9,258.99994
8/26/2010,14.03,257.6999
8/27/2010,14.77,266.99997
8/30/2010,14.71,264.39988
8/31/2010,14.75,261.99997
9/1/2010,15.3,273.69996
9/2/2010,15.49,276.89988
9/3/2010,15.65,279.79996
9/7/2010,15.35,275.39994
9/8/2010,15.87,278.9
9/9/2010,15.85,279.89991
9/10/2010,16.22,284.59992
9/13/2010,16.5,288.39997
9/14/2010,16.19,287.19986
9/15/2010,16.38,287.79999
9/16/2010,15.91,283.7999
9/17/2010,15.865,282.89994
9/20/2010,16.32,288.99994
9/21/2010,16.44,290.89997
9/22/2010,16.4,288.9
9/23/2010,16.45,286.89988
9/24/2010,16.58,293.7999
9/27/2010,16.84,291.19996
9/28/2010,16.89,294.69986
9/29/2010,17.19,299.39988
9/30/2010,17.08,296.69999
10/1/2010,16.93,298.19993
10/4/2010,16.67,292.29996
10/5/2010,17.27,299.89991
10/6/2010,17.26,299.09989
10/7/2010,16.7,296.49994
10/8/2010,17.24,303.09998
10/11/2010,17.29,303.19993
10/12/2010,17.78,305.99991
10/13/2010,18.21,311.89988
10/14/2010,18.5,310.49988
10/15/2010,19.54,313.69996
10/18/2010,19.59,311.69999
10/19/2010,19.11,303.99994
10/20/2010,19.55,308.09998
10/21/2010,19.44,305.59998
10/22/2010,19.73,310.69993
10/25/2010,19.91,310.39994
10/26/2010,20.01,312.6999
10/27/2010,19.95,316.4
10/28/2010,19.17,311.99997
10/29/2010,19.41,313.39997
11/1/2010,19.53,314.39988
11/2/2010,19.22,317.5
11/3/2010,19.24,320
11/4/2010,19.78,330.09995
11/5/2010,19.68,330
11/8/2010,20.05,333.49991
11/9/2010,19.87,333.09998
11/10/2010,21.06,339.79996
11/11/2010,20.84,342.6999
11/12/2010,20.3,334.59992
11/15/2010,20.37,333.49991
11/16/2010,20.05,328.09998
11/17/2010,19.83,333.59986
11/18/2010,20,341.89988
11/19/2010,19.69,344.69986
11/22/2010,19.88,344.29993
11/23/2010,19.44,337.6999
11/24/2010,20.09,345.99991
11/26/2010,19.91,341.09986
11/29/2010,20.04,345.79987
11/30/2010,19.7,344.69986
12/1/2010,20.46,354.89991
12/2/2010,21.38,359.49997
12/3/2010,21.9,362.89994
12/6/2010,22.3,364.19999
12/7/2010,22.35,360.69993
12/8/2010,21.94,359.49997
12/9/2010,21.88,360.99991
12/10/2010,21.8625,361.49994
12/13/2010,22.08,365
12/14/2010,21.57,362.6999
12/15/2010,21.17,357.6999
12/16/2010,21.4325,360.39994
12/17/2010,21.36,359.39988
12/20/2010,21.38,361.49994
12/21/2010,21.69,364.29993
12/22/2010,21.6,363.99994
12/23/2010,21.8,365.09995
12/27/2010,21.66,361.2999
12/28/2010,21.56,361.19996
12/29/2010,21.85,366.89988
12/30/2010,21.68,367.09992
12/31/2010,21.55,367.09992
1/3/2011,21.74,367.19986
1/4/2011,20.95,359.16199
1/5/2011,20.78,363.29987
1/6/2011,20.25,356.09986
1/7/2011,19.99,360.09995
1/10/2011,20.18,357.99988
1/11/2011,20.55,365.59998
1/12/2011,20.4125,372.09992
1/13/2011,20.15,371.2999
1/14/2011,20.51,376.89988
1/18/2011,21.09,379.59992
1/19/2011,20.49,372.29996
1/20/2011,20.5525,368.39997
1/21/2011,20.7325,366.69999
1/24/2011,20.4,366.49994
1/25/2011,20.75,365.49988
1/26/2011,21.34,379.79996
1/27/2011,22.39,382.5
1/28/2011,22.78,381.69999
1/31/2011,23.34,390.99991
2/1/2011,23.6,395.59998
2/2/2011,24.18,398.19993
2/3/2011,25.14,399.89991
2/4/2011,25.32,397.29996
2/7/2011,26.09,405.09995
2/8/2011,25.53,401.59989
2/9/2011,25.68,395.29999
2/10/2011,25.6,401.79993
2/11/2011,25.78,402.79999
2/14/2011,25.7,412.89994
2/15/2011,25.33,409.49997
2/16/2011,25.615,418.49991
2/17/2011,26.02,425.79987
2/18/2011,26.12,422.6999
2/22/2011,26.4,413.49991
2/23/2011,26.96,417.19986
2/24/2011,26.51,411.09986
2/25/2011,27.59,425
2/28/2011,27.34,425.94986
3/1/2011,26.58,416.99997
3/2/2011,26.83,423.7999
3/3/2011,27.52,430.69993
3/4/2011,27.46,429.39988
3/7/2011,27.35,425.59998
3/8/2011,27.3,422.59995
3/9/2011,26.91,418.99994
3/10/2011,26.05,402.09992
3/11/2011,26.96,412.59995
3/14/2011,26.99,412.89994
3/15/2011,26.64,409.69986
3/16/2011,26.15,398.59986
3/17/2011,27.49,411.99997
3/18/2011,26.84,408.29987
3/21/2011,27.88,424.59992
3/22/2011,27.53,423.19993
3/23/2011,27.37,422.89994
3/24/2011,27.4425,425.39994
3/25/2011,28.34,428.69996
3/28/2011,28.155,429.19999
3/29/2011,28.2,435.79987
3/30/2011,28.91,438.09998
3/31/2011,29.39,439.69986
4/1/2011,28.95,439.49997
4/4/2011,28.95,442.5
4/5/2011,28.96,441.69999
4/6/2011,28.26,432.19986
4/7/2011,28.02,431.49994
4/8/2011,29.23,432.6999
4/11/2011,28.69,423.39997
4/12/2011,27.42,409.59992
4/13/2011,28.04,412.39991
4/14/2011,29.09,417.29996
4/15/2011,29.83,422.79999
4/18/2011,29.63,417.19986
4/19/2011,30.18,423.29987
4/20/2011,30.57,430
4/21/2011,30.85,435.69993
4/25/2011,30.84,432.79999
4/26/2011,31.2,437.59995
4/27/2011,30.9,433.99994
4/28/2011,30.97,434.89991
4/29/2011,31.12,440.89997
5/2/2011,29.82,430.69993
5/3/2011,29.2,417.09992
5/4/2011,28.42,406.4
5/5/2011,28.04,397.5
5/6/2011,28.21,397.6999
5/9/2011,28.93,409.49997
5/10/2011,29.35,412.39991
5/11/2011,27.96,398.59986
5/12/2011,27.8,398.19993
5/13/2011,27.69,395.39994
5/16/2011,27.32,390.49988
5/17/2011,26.62,387.89994
5/18/2011,27.91,399.89991
5/19/2011,28.14,400.79987
5/20/2011,28.14,401.79993
5/23/2011,27.75,391.59989
5/24/2011,28.95,396.59989
5/25/2011,29.95,409.09989
5/26/2011,30.32,413.9
5/27/2011,31.69,416.2999
5/31/2011,31.33,419.89991
6/1/2011,30.5,405.89997
6/2/2011,31.28,409.19999
6/3/2011,30.92,408.69996
6/6/2011,29.65,394.09989
6/7/2011,30.11,395
6/8/2011,30.11,393.59986
6/9/2011,30.63,399.89991
6/10/2011,29.65,390.39994
6/13/2011,28.685,382.09992
6/14/2011,29.19,391.79993
6/15/2011,28.69,384.09989
6/16/2011,28.13,381.89988
6/17/2011,27.73,380.39994
6/20/2011,27.94,380.49988
6/21/2011,28.59,391.49994
6/22/2011,28.87,393.49991
6/23/2011,28.86,391.2999
6/24/2011,28.32,384.69986
6/27/2011,27.72,384.29993
6/28/2011,29.29,398.59986
6/29/2011,30.04,407.39991
6/30/2011,31.61,414.69986
7/1/2011,31.97,418.99994
7/5/2011,32.28,422.29996
7/6/2011,31.82,421.4
7/7/2011,32.61,429.09989
7/8/2011,32.37,428.29987
7/11/2011,31.66,414.69986
7/12/2011,31.58,412.99988
7/13/2011,31.79,419.19999
7/14/2011,31.57,413.19993
7/15/2011,33.5,426.2999
7/18/2011,32.82,420.69993
7/19/2011,33.72,431.89988
7/20/2011,33.59,431.67588
7/21/2011,33.4,434.69986
7/22/2011,33.73,441.09986
7/25/2011,33.71,440.09995
7/26/2011,33.56,439.39988
7/27/2011,32.38,424.69986
7/28/2011,32.83,428.39997
7/29/2011,32.53,425.09995
8/1/2011,31.66,422.29996
8/2/2011,30.52,408.69996
8/3/2011,30.23,401.89988
8/4/2011,27.335,363.39997
8/5/2011,26.8,350.99976
8/8/2011,23.47,312.09992
8/9/2011,25.01,331.79993
8/10/2011,24.56,324.39988
8/11/2011,25.72,343.69996
8/12/2011,26.36,350.09995
8/15/2011,27.55,365
8/16/2011,26.45,353.09998
8/17/2011,26.6,355.09995
8/18/2011,23.82,328.39997
8/19/2011,22.34,315.59998
8/22/2011,21.43,309.59992
8/23/2011,23.18,328.19993
8/24/2011,23.27,331.09986
8/25/2011,22.77,322.79999
8/26/2011,23.63,333.39997
8/29/2011,24.5,351.99997
8/30/2011,24.31,356.09986
8/31/2011,24.44,358.39997
9/1/2011,24.15,354.09989
9/2/2011,23.36,339.39988
9/6/2011,22.64,335.69993
9/7/2011,23.39,353.49991
9/8/2011,23.65,350
9/9/2011,22.66,337.79999
9/12/2011,22.71,345.39994
9/13/2011,22.96,349.29993
9/14/2011,22.94,353.49991
9/15/2011,23.08,358.7999
9/16/2011,22.59,355.29999
9/19/2011,21.98,349.89991
9/20/2011,21.36,343.7999
9/21/2011,19.54,325.99991
9/22/2011,17.97,302.89994
9/23/2011,17.93,294.29993
9/26/2011,18.97,307.5
9/27/2011,18.69,310.89997
9/28/2011,18.18,294.59992
9/29/2011,18.51,295.09995
9/30/2011,17.34,283.49991
10/3/2011,15.83,266.49994
10/4/2011,16.56,279.19999
10/5/2011,17.48,290.29999
10/6/2011,17.06,300.79987
10/7/2011,16.93,295.89997
10/10/2011,18.12,314.19999
10/11/2011,18.74,318.7999
10/12/2011,18.84,321.59989
10/13/2011,18.53,322.39991
10/14/2011,19.71,335.69993
10/17/2011,18.55,322.89994
10/18/2011,19.31,335.39994
10/19/2011,18.29,326.89988
10/20/2011,19.29,330.69886
10/21/2011,19.17,333.7999
10/24/2011,20,347.39991
10/25/2011,19.51,337.79999
10/26/2011,20.87,347.59995
10/27/2011,22.19,369.49997
10/28/2011,21.77,369.89991
10/31/2011,20.32,352.6999
11/1/2011,19.49,338.09998
11/2/2011,20.49,349.49997
11/3/2011,21.23,363.49991
11/4/2011,21.24,365.39994
11/7/2011,21.555,364.79996
11/8/2011,21.72,371.89988
11/9/2011,20.95,351.79993
11/10/2011,21.43,358.69996
11/11/2011,22.66,368.9
11/14/2011,22.12,363.69996
11/15/2011,22.38,366.79993
11/16/2011,22.92,369.19999
11/17/2011,21.87,355.24994
11/18/2011,21.37,353.29987
11/21/2011,20.41,341.99997
11/22/2011,19.89,338.29987
11/23/2011,18.96,322.29996
11/25/2011,19.11,320.79987
11/28/2011,19.77,337.5
11/29/2011,19.63,337.99988
11/30/2011,21.02,362.19986
12/1/2011,20.91,362.5
12/2/2011,21.35,362.19986
12/5/2011,21.35,369.79996
12/6/2011,21.3,369.09989
12/7/2011,20.95,364.09989
12/8/2011,20.72,352.09992
12/9/2011,20.98,362.79999
12/12/2011,19.81,350.79987
12/13/2011,19.4,341.99997
12/14/2011,18.14,327.59995
12/15/2011,18.23,324.29993
12/16/2011,18.89,332.99988
12/19/2011,18.48,322.79999
12/20/2011,19.8,342.39991
12/21/2011,19.77,347.39991
12/22/2011,20.41,352.09992
12/23/2011,20.44,352.99988
12/27/2011,20.25,352.39991
12/28/2011,19.66,343.09998
12/29/2011,19.91,347.19986
12/30/2011,19.98,346.59989
1/3/2012,21.46,360.09995
1/4/2012,21.35,359.19999
1/5/2012,21.04,355.79987
1/6/2012,21.21,355.99991
1/9/2012,21.18,356.79993
1/10/2012,21.93,366.2999
1/11/2012,20.42,358.19993
1/12/2012,19.12,353.69996
1/13/2012,19.09,346.4
1/17/2012,18.39,346.69999
1/18/2012,18.83,359.39988
1/19/2012,18.42,363.29987
1/20/2012,18.7,361.09986
1/23/2012,18.45,359.19999
1/24/2012,19.24,362.39991
1/25/2012,19.24,367.99988
1/26/2012,18.05,356.69999
1/27/2012,18.76,362.19986
1/30/2012,18.86,358.09998
1/31/2012,18.87,357.79999
2/1/2012,19.05,363.49991
2/2/2012,18.68,369.29993
2/3/2012,18.53,375.49988
2/6/2012,18.5,381.59989
2/7/2012,18.62,381.59989
2/8/2012,18.95,382.09992
2/9/2012,18.45,378.7999
2/10/2012,17.98,375.09995
2/13/2012,17.82,379.39988
2/14/2012,17.8,378.49991
2/15/2012,18.12,374.29993
2/16/2012,19.06,382.39991
2/17/2012,19.76,386.69999
2/21/2012,19.59,386.45997
2/22/2012,19.97,391.49994
2/23/2012,20.12,397.39991
2/24/2012,20.3,398.9
2/27/2012,19.95,394.89991
2/28/2012,19.6,392.5
2/29/2012,19.455,386.2999
3/1/2012,19.56,391.67389
3/2/2012,19.37,385.99991
3/5/2012,19.035,379.09989
3/6/2012,18.8,368.29987
3/7/2012,18.87,373.49991
3/8/2012,18.94,380.59998
3/9/2012,18.9,382.99988
3/12/2012,18.43,374.49997
3/13/2012,18.67,381.4
3/14/2012,18.21,373.59986
3/15/2012,18.25,376.59989
3/16/2012,18.87,385.39994
3/19/2012,18.82,385.79987
3/20/2012,18.14,377.59995
3/21/2012,18.08,371.59989
3/22/2012,17.6,362.19986
3/23/2012,17.89,370.29999
3/26/2012,17.86,373.69996
3/27/2012,17.55,366.69999
3/28/2012,17.18,362.19986
3/29/2012,17.09,361.2999
3/30/2012,17.29,364.09989
4/2/2012,17.27,367.6999
4/3/2012,17.26,366.89988
4/4/2012,16.76,359.09989
4/5/2012,16.94,356.79993
4/9/2012,16.68,351.59989
4/10/2012,16.23,342.59995
4/11/2012,16.35,344.59992
4/12/2012,17.02,355.79987
4/13/2012,16.2,346.19996
4/16/2012,15.66,338.9
4/17/2012,15.96,343.99994
4/18/2012,15.93,342.5
4/19/2012,16.11,342.19986
4/20/2012,15.93,341.19996
4/23/2012,16.02,341.19996
4/24/2012,16.2,344.09989
4/25/2012,16.85,351.59989
4/26/2012,16.96,355.1999
4/27/2012,16.32,352.59995
4/30/2012,16.18,354.19999
5/1/2012,16.63,358.19993
5/2/2012,16.08,355.99991
5/3/2012,15.61,348.59986
5/4/2012,15.27,336.79993
5/7/2012,15.43,336.2999
5/8/2012,15.62,337.09992
5/9/2012,15.78,334.79996
5/10/2012,15.99,336.19996
5/11/2012,15.48,334.09989
5/14/2012,15.27,326.79993
5/15/2012,14.61,318.9
5/16/2012,14.51,315
5/17/2012,14.64,310.49988
5/18/2012,14.42,307.59995
5/21/2012,15.4,320.59998
5/22/2012,15.26,316.09986
5/23/2012,15.86,320.69993
5/24/2012,15.58,316.59989
5/25/2012,15.75,316.5799
5/29/2012,16.11,324.69986
5/30/2012,15.48,311.89988
5/31/2012,15.12,305.89997
6/1/2012,14.71,295.1999
6/4/2012,15.16,293.19993
6/5/2012,15.13,299.49997
6/6/2012,15.22,306.89988
6/7/2012,15.04,304.79996
6/8/2012,14.91,302.89994
6/11/2012,14.28,296.09986
6/12/2012,14.2,300.79987
6/13/2012,13.755,294.09989
6/14/2012,13.95,297.6999
6/15/2012,14.08,303.59986
6/18/2012,13.98,298.69996
6/19/2012,14.58,307.59995
6/20/2012,14.74,309.19999
6/21/2012,13.755,290.69993
6/22/2012,13.84,291.69999
6/25/2012,13.09,281.49994
6/26/2012,13.23,281.4
6/27/2012,13.62,290.59998
6/28/2012,13.97,295.99991
6/29/2012,14.56,307.09992
7/2/2012,14.12,308.29987
7/3/2012,14.79,318.7999
7/5/2012,14.73,314.69986
7/6/2012,14.6,310.39994
7/9/2012,14.6,310.89997
7/10/2012,14,303.49991
7/11/2012,14.01,307.19986
7/12/2012,13.79,304.79996
7/13/2012,14.05,310.89997
7/16/2012,14.08,310.89997
7/17/2012,14.57,316.2999
7/18/2012,15.11,322.39991
7/19/2012,15.175,323.49991
7/20/2012,15.26,326.19996
7/23/2012,15.19,321.2999
7/24/2012,15.02,314.49997
7/25/2012,14.88,313.69996
7/26/2012,15.65,324.89991
7/27/2012,16.17,335.79987
7/30/2012,15.93,334.49997
7/31/2012,15.48,326.19996
8/1/2012,15.64,327.59995
8/2/2012,15.27,322.09992
8/3/2012,15.58,332.19986
8/6/2012,15.69,334.79996
8/7/2012,16.06,338.09998
8/8/2012,16.06,338.59986
8/9/2012,16.76,342.39991
8/10/2012,16.75,343.29987
8/13/2012,16.44,340.49988
8/14/2012,16.24,339.29993
8/15/2012,15.91,338.99994
8/16/2012,16.11,345.09995
8/17/2012,16.14,345.1999
8/20/2012,16.3,344.69986
8/21/2012,16.29,344.29993
8/22/2012,16.17,343.59986
8/23/2012,15.57,340
8/24/2012,15.66,339.49997
8/27/2012,15.51,338.39997
8/28/2012,15.34,337.59995
8/29/2012,15.12,333.9
8/30/2012,15,327.79999
8/31/2012,15.19,332.29996
9/4/2012,14.92,333.09998
9/5/2012,15.24,334.89991
9/6/2012,15.73,341.59989
9/7/2012,16.1,349.69986
9/10/2012,15.71,347.09992
9/11/2012,16.19,352.19986
9/12/2012,16.35,355.59998
9/13/2012,17.0425,363.99994
9/14/2012,17.44,372.39991
9/17/2012,17.33,365.79987
9/18/2012,17.22,360.89997
9/19/2012,17.06,357.89994
9/20/2012,17.3,355.89997
9/21/2012,17.46,356.2999
9/24/2012,17.24,352.89994
9/25/2012,16.19,344.19999
9/26/2012,15.84,337.59995
9/27/2012,15.97,343.09998
9/28/2012,15.82,339.79996
10/1/2012,15.74,339.09989
10/2/2012,15.8,337.09992
10/3/2012,15.075,328.99994
10/4/2012,15.48,334.39988
10/5/2012,15.47,331.99997
10/8/2012,15.88,332.39991
10/9/2012,16.54,335.89997
10/10/2012,16.21,330.49988
10/11/2012,16.87,336.4
10/12/2012,16.9707,334.29993
10/15/2012,16.92,336.4
10/16/2012,17.32,341.09986
10/17/2012,17.82,346.49994
10/18/2012,17.805,350.1999
10/19/2012,17.31,342.6999
10/22/2012,17.07,339.39988
10/23/2012,16.83,333.49991
10/24/2012,16.82,327.6999
10/25/2012,16.88,333.19993
10/26/2012,16.45,330.59998
10/31/2012,16.18,327.19986
11/1/2012,16.69,333.39997
11/2/2012,16.31,326.79993
11/5/2012,16.64,331.69999
11/6/2012,16.98,335
11/7/2012,16.29,323.7999
11/8/2012,15.78,315.09995
11/9/2012,16.05,315.69993
11/12/2012,16.23,318.99994
11/13/2012,16.13,316.09986
11/14/2012,16.1,312.09992
11/15/2012,16.34,313.9
11/16/2012,16.57,313.7999
11/19/2012,17.13,323.9
11/20/2012,17.16,322.09992
11/21/2012,17.41,323.9
11/23/2012,17.56,327.79999
11/26/2012,17.24,325.99991
11/27/2012,17,324.89991
11/28/2012,17.08,327.99988
11/29/2012,17.54,333.19993
11/30/2012,17.775,335.89997
12/3/2012,17.57,335.69993
12/4/2012,17.8,338.39997
12/5/2012,17.95,340.1999
12/6/2012,18.01,338.9
12/7/2012,18.13,340.29999
12/10/2012,18.24,340.99991
12/11/2012,18.09,342.29996
12/12/2012,17.86,341.2999
12/13/2012,17.47,335.39994
12/14/2012,17.43,333.49991
12/17/2012,17.74,337.24793
12/18/2012,18.78,349.19999
12/19/2012,18.84,348.43995
12/20/2012,18.94,351.79993
12/21/2012,18.52,346.79993
12/24/2012,18.31,342.99988
12/26/2012,18.31,341.99997
12/27/2012,18.46,341.19996
12/28/2012,18.12,336.69999
12/31/2012,18.63,346.19996
1/2/2013,19.02,356.09986
1/3/2013,19.1613,357.29996
1/4/2013,19.5,364.79996
1/7/2013,19.4,363.59986
1/8/2013,19.14,360.59998
1/9/2013,19.36,361.19996
1/10/2013,19.37,364.59992
1/11/2013,19.09,362.99988
1/14/2013,18.94,358.99994
1/15/2013,19.26,363.19993
1/16/2013,18.99,364.49997
1/17/2013,19.09,366.79993
1/18/2013,19.465,372.79999
1/22/2013,19.665,377.39991
1/23/2013,19.78,377.6999
1/24/2013,20.12,377.5
1/25/2013,20.15,382.89994
1/28/2013,20.15,383.39997
1/29/2013,20.21,385.09995
1/30/2013,20.19,380.89997
1/31/2013,20.34,384.09989
2/1/2013,20.685,391.49994
2/4/2013,20.31,387.5
2/5/2013,20.58,390.99991
2/6/2013,20.8,390.69993
2/7/2013,22.9,394.49997
2/8/2013,23.47,400.49988
2/11/2013,23.58,394.19999
2/12/2013,23.74,395.29999
2/13/2013,24.06,399.19999
2/14/2013,24.5,410.79987
2/15/2013,24.31,406.4
2/19/2013,24.37,410.09995
2/20/2013,23.64,397.6999
2/21/2013,23.04,389.79996
2/22/2013,23.3,394.19999
2/25/2013,22.46,379.09989
2/26/2013,23,382.79999
2/27/2013,23.29,391.49994
2/28/2013,23.34,391.89499
3/1/2013,23.22,386.4
3/4/2013,23.1,379.59992
3/5/2013,23.33,385
3/6/2013,23.215,384.59992
3/7/2013,23.55,387.5
3/8/2013,24.11,391.2999
3/11/2013,24.44,392.09992
3/12/2013,24.72,393.99994
3/13/2013,24.48,393.59986
3/14/2013,24.98,401.09986
3/15/2013,25.38,403.99994
3/18/2013,25.24,397.60087
3/19/2013,24.55,390.99991
3/20/2013,24.089,392.39991
3/21/2013,23.84,391.09986
3/22/2013,23.78,392.5
3/25/2013,23.69,393.29987
3/26/2013,24.005,398.69996
3/27/2013,24.03,400.59998
3/28/2013,23.84,398.7999
4/1/2013,22.94,388.29987
4/2/2013,22.985,385.59998
4/3/2013,22.4,375.1999
4/4/2013,22.51,375.39994
4/5/2013,23.35,379.89991
4/8/2013,23.33,388.39997
4/9/2013,23.57,390.39994
4/10/2013,24.28,397.39991
4/11/2013,24.78,398.7999
4/12/2013,24.26,390.99991
4/15/2013,22.83,371.09986
4/16/2013,23.01,375.99991
4/17/2013,22.245,362.79999
4/18/2013,22.4,367.89994
4/19/2013,22.475,366.2999
4/22/2013,22.88,371.19996
4/23/2013,23.29,376.4
4/24/2013,23.375,382.09992
4/25/2013,21.7,377.5
4/26/2013,21.2,375.89997
4/29/2013,21.2,380.59998
4/30/2013,21.09,386.49994
5/1/2013,20.85,379.09989
5/2/2013,21.22,386.49994
5/3/2013,21.57,396.19996
5/6/2013,21.99,398.09998
5/7/2013,22.24,403.09998
5/8/2013,22.61,405.59998
5/9/2013,22.66,404.09989
5/10/2013,22.53,403.9
5/13/2013,22.49,402.59995
5/14/2013,22.61,404.59992
5/15/2013,22.21,404.59992
5/16/2013,22.19,403.69996
5/17/2013,22.92,411.2999
5/20/2013,23.2,417.5
5/21/2013,23.02,415.79987
5/22/2013,22.32,407.6999
5/23/2013,21.95,406.4
5/24/2013,21.76,405.09995
5/28/2013,21.75,409.49997
5/29/2013,21.54,407.34787
5/30/2013,21.47,405
5/31/2013,21.01,397.99988
6/3/2013,21.38,400.59998
6/4/2013,21.36,396.4
6/5/2013,21.25,393.99994
6/6/2013,20.93,398.19993
6/7/2013,21.09,402.6999
6/10/2013,20.83,400.1999
6/11/2013,20.29,393.59986
6/12/2013,20.06,389.89991
6/13/2013,20.72,398.39997
6/14/2013,20.57,395.09995
6/17/2013,21.39,403.49991
6/18/2013,21.04,406.79993
6/19/2013,20.59,402.39991
6/20/2013,19.79,391.69999
6/21/2013,19.55,389.39988
6/24/2013,19.36,384.69986
6/25/2013,19.99,390.1999
6/26/2013,19.62,391.4
6/27/2013,19.44,392.5
6/28/2013,19.355,391.59989
7/1/2013,20.17,395.29999
7/2/2013,20.3,397.99988
7/3/2013,20.51,397.79999
7/5/2013,21.17,406.4
7/8/2013,20.79,410.1999
7/9/2013,20.67,415.39994
7/10/2013,20.39,412.09992
7/11/2013,20.71,413.9
7/12/2013,20.94,415.79987
7/15/2013,21.06,415.09995
7/16/2013,20.64,411.59989
7/17/2013,21.18,413.7999
7/18/2013,21.88,420.1999
7/19/2013,22.18,424.18992
7/22/2013,21.8,423.39997
7/23/2013,21.79,421.79993
7/24/2013,21.39,413.49991
7/25/2013,20.61,415.99991
7/26/2013,20.1,410.09995
7/29/2013,19.67,404.79996
7/30/2013,19.71,403.29987
7/31/2013,19.77,404.79996
8/1/2013,20.26,413.7999
8/2/2013,20.28,415.79987
8/5/2013,20.2,414.89991
8/6/2013,20.11,406.19996
8/7/2013,20.06,406.2999
8/8/2013,19.97,408.59986
8/9/2013,20.09,408.69996
8/12/2013,20.2,408.29987
8/13/2013,20.4,409.59992
8/14/2013,20.25,408.09998
8/15/2013,19.83,405.79987
8/16/2013,19.57,403.59986
8/19/2013,19.18,398.19993
8/20/2013,19.69,402.5
8/21/2013,19.29,397.39991
8/22/2013,19.62,405.39994
8/23/2013,19.85,407.6999
8/26/2013,20.03,407.09992
8/27/2013,19.62,400.59998
8/28/2013,20.04,406.09986
8/29/2013,19.8,403.5019
8/30/2013,19.59,397.89994
9/3/2013,19.11,400.29999
9/4/2013,19.205,406.19996
9/5/2013,19.7,412.29996
9/6/2013,19.83,414.19999
9/9/2013,20.57,421.79993
9/10/2013,20.79,423.69996
9/11/2013,20.84,424.79996
9/12/2013,20.38,419.64798
9/13/2013,20.77,420.59998
9/16/2013,20.75,422.89994
9/17/2013,20.97,425.79987
9/18/2013,21.571,428.7999
9/19/2013,22.131,429.49997
9/20/2013,21.94,423.69996
9/23/2013,21.71,420.29999
9/24/2013,21.69,420.29999
9/25/2013,21.82,422.59995
9/26/2013,22.05,423.49991
9/27/2013,21.69,421.79993
9/30/2013,21.38,419.89991
10/1/2013,22,425.39994
10/2/2013,22.39,426.99997
10/3/2013,22.53,424.59992
10/4/2013,23.36,429.49997
10/7/2013,23.16,425
10/8/2013,22.6,419.89991
10/9/2013,22.27,416.49994
10/10/2013,22.83,427.09992
10/11/2013,23.16,431.69999
10/14/2013,23.15,434.79996
10/15/2013,22.75,430.39994
10/16/2013,23.235,434.89991
10/17/2013,23.24,437.5
10/18/2013,24.02,445.99991
10/21/2013,23.53,442.39991
10/22/2013,23.26,444.69986
10/23/2013,22.32,435.59998
10/24/2013,22.02,433.39997
10/25/2013,22.28,435.69993
10/28/2013,23.08,437.6999
10/29/2013,24.32,444.59992
10/30/2013,24.07,440.99991
10/31/2013,24.279,442.09992
11/1/2013,24.59,438.99994
11/4/2013,24.89,446.19996
11/5/2013,24.27,443.09998
11/6/2013,24.585,444.79996
11/7/2013,23.98,437.39991
11/8/2013,24.79,447.99988
11/11/2013,25.14,451.99997
11/12/2013,24.43,445.09995
11/13/2013,24.62,449.29993
11/14/2013,25.065,452.29996
11/15/2013,25.09,454.09989
11/18/2013,24.669,444.79996
11/19/2013,24.47,439.72489
11/20/2013,24.34,439.49997
11/21/2013,24.67,442.59995
11/22/2013,23.7,441.19996
11/25/2013,23.39,429.79996
11/26/2013,23.61,432.04987
11/27/2013,23.21,428.29987
11/29/2013,23.31,430.09995
12/2/2013,23.61,429.59992
12/3/2013,24.01,430.29999
12/4/2013,24.45,431.99997
12/5/2013,24.44,429.79996
12/6/2013,23.82,428.39997
12/9/2013,23.71,427.89994
12/10/2013,23.46,423.99994
12/11/2013,23.18,418.09998
12/12/2013,23.59,420.29999
12/13/2013,23.75,419.79996
12/16/2013,24.22,425.99991
12/17/2013,24.21,423.69996
12/18/2013,25.2,425.39994
12/19/2013,25.21,422.79999
12/20/2013,25.24,426.4
12/23/2013,24.98,425.79987
12/24/2013,25.59,431.69999
12/26/2013,25.62,431.89988
12/27/2013,25.92,435.39994
12/30/2013,25.47,433.19993
12/31/2013,25.32,437.19986
1/2/2014,24.96,430.09995
1/3/2014,25.29,430.99991
1/6/2014,24.88,428.9
1/7/2014,25.03,427.59995
1/8/2014,24.99,422.6999
1/9/2014,24.88,420.99991
1/10/2014,25.37,425.99991
1/13/2014,24.76,417.19986
1/14/2014,25.11,424.69986
1/15/2014,25.22,425.29999
1/16/2014,24.98,423.59986
1/17/2014,25.03,424.49997
1/21/2014,25.29,427.29996
1/22/2014,25.92,429.59992
1/23/2014,25.75,419.59992
1/24/2014,25.22,411.69999
1/27/2014,25.01,408.09998
1/28/2014,25.37,409.09989
1/29/2014,25.26,403.99994
1/30/2014,25.7,408.09998
1/31/2014,25.69,406.19996
2/3/2014,24.58,397.29996
2/4/2014,24.75,402.27997
2/5/2014,24.58,395.99991
2/6/2014,27.87,406.2999
2/7/2014,28.14,405.99991
2/10/2014,27.8,405.1999
2/11/2014,28.32,415.59998
2/12/2014,28.22,414.19999
2/13/2014,28.53,420.69993
2/14/2014,28.32,423.09998
2/18/2014,29.31,425.89997
2/19/2014,29.39,427.79999
2/20/2014,29.4,431.49994
2/21/2014,29.62,429.69986
2/24/2014,30.4,440.1999
2/25/2014,30.45,438.29987
2/26/2014,29.21,437.39991
2/27/2014,29,438.59986
2/28/2014,29.11,445
3/3/2014,28.57,441.2999
3/4/2014,29.71,446.79993
3/5/2014,28.66,443.39997
3/6/2014,29.56,448.19993
3/7/2014,29.24,448.69996
3/10/2014,29.38,446.99997
3/11/2014,28.8,438.19993
3/12/2014,29.13,436.19996
3/13/2014,28.77,429.09989
3/14/2014,28.79,428.7999
3/17/2014,30.11,435.1999
3/18/2014,30.68,440.99991
3/19/2014,31.035,441.2999
3/20/2014,30.74,445.09995
3/21/2014,31.24,448.99994
3/24/2014,30.91,444.69986
3/25/2014,30.77,449.79996
3/26/2014,30.2,445.69993
3/27/2014,30.15,449.49997
3/28/2014,31.52,456.49994
3/31/2014,31.68,458.7999
4/1/2014,31.21,458.59986
4/2/2014,31.22,460.89997
4/3/2014,31.06,456.89988
4/4/2014,31.36,453.9
4/7/2014,30.44,444.29993
4/8/2014,31.04,452.29996
4/9/2014,31.43,453.19993
4/10/2014,30.63,445.49988
4/11/2014,30.8,440.89997
4/14/2014,31.21,448.59986
4/15/2014,32.02,454.09989
4/16/2014,32.69,457.09992
4/17/2014,32.99,461.79993
4/21/2014,33.55,464.69986
4/22/2014,33.1,466.79993
4/23/2014,33.49,470.29999
4/24/2014,32.45,468.7999
4/25/2014,32.22,467.59995
4/28/2014,32.27,463.39997
4/29/2014,32.32,463.44986
4/30/2014,32.53,467.39991
5/1/2014,32.22,458.7999
5/2/2014,33.07,463.7999
5/5/2014,32.87,463.09998
5/6/2014,33.01,462.99988
5/7/2014,33.965,466.19996
5/8/2014,32.89,456.4
5/9/2014,32.29,455.09995
5/12/2014,32.51,459.59992
5/13/2014,32.315,459.90799
5/14/2014,32.77,457.19986
5/15/2014,31.93,449.29993
5/16/2014,31.85,451.19996
5/19/2014,32.56,455
5/20/2014,32.27,452.19986
5/21/2014,32.65,456.89988
5/22/2014,32.83,458.49991
5/23/2014,32.88,457.89994
5/27/2014,33,461.59989
5/28/2014,32.96,459.49997
5/29/2014,32.95,465
5/30/2014,33.09,465.09995
6/2/2014,32.88,462.6999
6/3/2014,33,465.1999
6/4/2014,32.84,465
6/5/2014,33.01,469.19999
6/6/2014,33.56,475.99991
6/9/2014,33.78,479.19999
6/10/2014,33.47,476.40091
6/11/2014,33.29,475.69993
6/12/2014,33.93,478.59986
6/13/2014,34.11,482.39991
6/16/2014,33.91,483.59986
6/17/2014,33.93,483.39997
6/18/2014,34.48,486.4
6/19/2014,34.85,486.99997
6/20/2014,34.91,489.59992
6/23/2014,34.58,488.99994
6/24/2014,33.05,477.79999
6/25/2014,34.09,484.09989
6/26/2014,34.41,484.39988
6/27/2014,34.6,488.29987
6/30/2014,34.94,492.79999
7/1/2014,35.34,491.69999
7/2/2014,35.94,490.59998
7/3/2014,35.98,491.49994
7/7/2014,35.22,482.79999
7/8/2014,35.03,482.19986
7/9/2014,34.98,482.6999
7/10/2014,34.39,473.99994
7/11/2014,34.34,468.99994
7/14/2014,34.79,475.29999
7/15/2014,34.54,473.29987
7/16/2014,35.64,479.39988
7/17/2014,34.89,473.29987
7/18/2014,34.91,473.39997
7/21/2014,35.28,472.89994
7/22/2014,36.26,478.69996
7/23/2014,36.72,478.99994
7/24/2014,37.39,475.09995
7/25/2014,37.73,473.29987
7/28/2014,37.45,468.99994
7/29/2014,37,467.09992
7/30/2014,36.24,463.09998
7/31/2014,34.35,448.9
8/1/2014,34.15,446.2999
8/4/2014,34.47,450.69993
8/5/2014,33.71,442.5
8/6/2014,33.73,442.19986
8/7/2014,33.14,439.49997
8/8/2014,33.84,445.89997
8/11/2014,33.92,447.6999
8/12/2014,33.78,444.09989
8/13/2014,33.92,445.89997
8/14/2014,32.82,439.49997
8/15/2014,32.88,443.69996
8/18/2014,32.7,445.69993
8/19/2014,32.67,448.29987
8/20/2014,32.77,447.6999
8/21/2014,32.365,447.6999
8/22/2014,32.24,443.99994
8/25/2014,32.815,447.6999
8/26/2014,33.59,453.19993
8/27/2014,33.8,455.39994
8/28/2014,33.54,452.79999
8/29/2014,34.54,457.59995
9/2/2014,33.8,451.19996
9/3/2014,34.66,451.2999
9/4/2014,33.205,439.69986
9/5/2014,33.615,442.19986
9/8/2014,32.54,434.79996
9/9/2014,31.85,432.19986
9/10/2014,31.98,433.7999
9/11/2014,32.615,437.6999
9/12/2014,31.39,429.19999
9/15/2014,31.66,429.39988
9/16/2014,32.51,432.09992
9/17/2014,32.47,429.59992
9/18/2014,32.72,427.39991
9/19/2014,33.07,422.6999
9/22/2014,32.14,413.39997
9/23/2014,32.595,413.29987
9/24/2014,33.19,414.19999
9/25/2014,32.72,406.99997
9/26/2014,33.29,412.19986
9/29/2014,33.11,409.29993
9/30/2014,32.53,401.69999
10/1/2014,32.1,390.99991
10/2/2014,30.27,386.2999
10/3/2014,29.99,381.2999
10/6/2014,30,380.99991
10/7/2014,29.14,378.03986
10/8/2014,29.17,377.79999
10/9/2014,26.9,359.79996
10/10/2014,25.165,351.69999
10/13/2014,22.925,340.49988
10/14/2014,21.715,333.99994
10/15/2014,22.96,341.09986
10/16/2014,24.12,349.49997
10/17/2014,24.165,346.4
10/20/2014,24.475,351.69999
10/21/2014,26.305,361.19996
10/22/2014,24.99,349.49997
10/23/2014,25.81,357.99988
10/24/2014,24.45,354.15787
10/27/2014,22.51,341.09986
10/28/2014,22.86,351.49994
10/29/2014,23.25,353.19993
10/30/2014,22.99,351.49994
10/31/2014,23.03,355.69993
11/3/2014,22.91,348.39997
11/4/2014,21.23,333.59986
11/5/2014,21.585,340.69993
11/6/2014,21.905,343.60001
11/7/2014,22.36,354.40003
11/10/2014,21.76,349.10004
11/11/2014,22.15,349.70002
11/12/2014,21.645,347.89994
11/13/2014,21.08,342.20002
11/14/2014,21.33,346.00007
11/17/2014,20.63,344.10004
11/18/2014,20.265,341.00007
11/19/2014,20.39,339.29993
11/20/2014,21.28,345.70008
11/21/2014,21.64,351.90003
11/24/2014,21.6,349.79996
11/25/2014,21.075,342.40006
11/26/2014,20.395,331.69999
11/28/2014,17.69,298.09998
12/1/2014,17.67,290.50004
12/2/2014,17.65,289.79996
12/3/2014,17.54,295.39994
12/4/2014,16.88,290.89997
12/5/2014,15.93,286.10001
12/8/2014,15.255,270.80002
12/9/2014,15.785,279.70002
12/10/2014,14.915,268.39997
12/11/2014,15.05,266.60004
12/12/2014,14.36,260
12/15/2014,14.33,257.70005
12/16/2014,14.91,262.5
12/17/2014,16.145,277.10007
12/18/2014,16.64,282.27997
12/19/2014,17.45,295.70008
12/22/2014,17.04,288.80005
12/23/2014,16.84,287.89994
12/24/2014,16.63,284.90006
12/26/2014,16.6,285.70008
12/29/2014,16.89,287.70005
12/30/2014,16.81,285.29999
12/31/2014,16.59,282.10007
1/2/2015,16.65,284.40003
1/5/2015,15.77,270.59998
1/6/2015,15.25,262.10007
1/7/2015,14.71,259.49997
1/8/2015,14.75,263.80005
1/9/2015,14.69,260.09995
1/12/2015,13.92,249.10004
1/13/2015,14.03,249.40003
1/14/2015,14.34,249.49997
1/15/2015,13.72,241.10001
1/16/2015,14.73,252.10007
1/20/2015,14.8,248.99994
1/21/2015,15.79,258.60001
1/22/2015,15.94,257.79999
1/23/2015,15.86,254.10004
1/26/2015,16.47,259.60007
1/27/2015,17.255,261.90003
1/28/2015,15.78,245.89997
1/29/2015,15.99,243.80005
1/30/2015,17.16,249.49997
2/2/2015,17.74,259.60007
2/3/2015,17.78,273.69996
2/4/2015,16.94,264.10004
2/5/2015,17.53,270.09995
2/6/2015,18.01,273.20008
2/9/2015,17.93,280.39994
2/10/2015,16.78,270.20005
2/11/2015,16.82,265.29999
2/12/2015,17.01,265.39994
2/13/2015,18.14,276.4
2/17/2015,18.5,281.49994
2/18/2015,18.53,279.90006
2/19/2015,18.39,279.19999
2/20/2015,18.32,273.99994
2/23/2015,17.6,267.5
2/24/2015,17.49,265.50004
2/25/2015,17.86,267.10007
2/26/2015,17.85,262.5
2/27/2015,18.685,266.69999
3/2/2015,18.23,263.69996
3/3/2015,18.78,267.5
3/4/2015,18.59,268.09998
3/5/2015,19.46,266.79993
3/6/2015,18.47,260.20005
3/9/2015,17.81,254.49997
3/10/2015,16.96,247.59995
3/11/2015,17.17,249.79996
3/12/2015,17.31,248.20008
3/13/2015,17.06,242.59995
3/16/2015,17.13,239.90006
3/17/2015,17.47,239.29993
3/18/2015,18.38,248.20008
3/19/2015,17.92,242.29996
3/20/2015,17.89,246.99997
3/23/2015,18.2,247.59995
3/24/2015,18.79,248.20008
3/25/2015,19.04,252.5
3/26/2015,19.095,252.59995
3/27/2015,18.955,249.60007
3/30/2015,18.92,252.10007
3/31/2015,18.775,251.49994
4/1/2015,19.34,253.39997
4/2/2015,19.37,256.60004
4/6/2015,20.33,268.69996
4/7/2015,20.2,270.39994
4/8/2015,19.29,268.60001
4/9/2015,19.97,276.4
4/10/2015,20.02,276.4
4/13/2015,20.345,274.49997
4/14/2015,21.48,283.30002
4/15/2015,22.49,297.70005
4/16/2015,21.75,293.20008
4/17/2015,21.25,285.89997
4/20/2015,21.07,285.20005
4/21/2015,20.325,275.59998
4/22/2015,21.01,278.20008
4/23/2015,21.76,283.00004
4/24/2015,21.155,278.09998
4/27/2015,21.15,281.49994
4/28/2015,21.66,282.59995
4/29/2015,22.575,291.49994
4/30/2015,22.35,300.09995
5/1/2015,22.46,299.70002
5/4/2015,22.175,298.20008
5/5/2015,21.545,300.09995
5/6/2015,21.74,299.10004
5/7/2015,21.21,289.19999
5/8/2015,22.1,296.00007
5/11/2015,21.07,291.00007
5/12/2015,21.51,295.39994
5/13/2015,21.345,294.60007
5/14/2015,20.99,290.09995
5/15/2015,20.89,289.79996
5/18/2015,21.37,288.9
5/19/2015,20.5,280.20005
5/20/2015,20.87,282.5
5/21/2015,21.5,290
5/22/2015,21.4,287.70005
5/26/2015,20.06,280.70008
5/27/2015,20.315,281.30005
5/28/2015,19.96,279.79996
5/29/2015,20.2,278.09998
6/1/2015,20,276.00007
6/2/2015,20.77,282.59995
6/3/2015,20.77,281.90003
6/4/2015,20.3,276.69999
6/5/2015,20.92,281.99997
6/8/2015,20.92,279.49997
6/9/2015,20.85,278.99994
6/10/2015,21.4,286.99997
6/11/2015,21.21,282.20002
6/12/2015,20.96,279.29993
6/15/2015,20.68,276.30005
6/16/2015,20.87,276.90003
6/17/2015,20.93,276.60004
6/18/2015,20.14,270
6/19/2015,19.77,264.70002
6/22/2015,19.85,266.30005
6/23/2015,20.01,269.40003
6/24/2015,19.38,266.90003
6/25/2015,18.69,262.29996
6/26/2015,18.73,264.70002
6/29/2015,18.78,260.09995
6/30/2015,18.815,260.59998
7/1/2015,17.74,251.00007
7/2/2015,17.78,251.99997
7/6/2015,17.07,245.09995
7/7/2015,17.56,249.70002
7/8/2015,17.26,241.49994
7/9/2015,17.62,243.80005
7/10/2015,17.71,241.90003
7/13/2015,17.92,244.49997
7/14/2015,18.48,249.70002
7/15/2015,17.39,238.9
7/16/2015,17.16,237.10007
7/17/2015,16.66,229.40003
7/20/2015,16.51,226.30005
7/21/2015,16.89,226.00007
7/22/2015,16.7,220
7/23/2015,17.13,224.19999
7/24/2015,16.11,215.89997
7/27/2015,15.72,211.4
7/28/2015,16.47,218.69996
7/29/2015,17.18,226.19996
7/30/2015,16.93,222.40006
7/31/2015,16.485,216.79993
8/3/2015,16.56,211.69999
8/4/2015,16.86,210
8/5/2015,16.73,209.90006
8/6/2015,17.95,219.90006
8/7/2015,16.9,211.99997
8/10/2015,18.1,224.29993
8/11/2015,17.46,220.80002
8/12/2015,18.11,224.49997
8/13/2015,17.56,215.20005
8/14/2015,16.73,211.49994
8/17/2015,16.47,210.80002
8/18/2015,16.71,210.20005
8/19/2015,15.95,202.10007
8/20/2015,15.53,194.90006
8/21/2015,14.66,189.29993
8/24/2015,13.64,179.19999
8/25/2015,13.24,179.49997
8/26/2015,13.63,186.69999
8/27/2015,15.07,202.20002
8/28/2015,15.67,210.70008
8/31/2015,16.28,217.20002
9/1/2015,15.36,208.09998
9/2/2015,14.78,207.10007
9/3/2015,14.93,208.9
9/4/2015,14.54,204.29993
9/8/2015,14.72,207.40006
9/9/2015,14.08,199.79996
9/10/2015,14.51,200.89997
9/11/2015,14.22,195.39994
9/14/2015,14.16,194.49997
9/15/2015,14.44,199.49997
9/16/2015,14.88,208.20008
9/17/2015,14.77,207.5
9/18/2015,13.47,195.89997
9/21/2015,13.45,194.29993
9/22/2015,13.455,193.00004
9/23/2015,13.48,188.09998
9/24/2015,13.92,188.09998
9/25/2015,13.97,185.29999
9/28/2015,13.69,177.40006
9/29/2015,13.89,178.80005
9/30/2015,13.14,177.79999
10/1/2015,13.06,174.60007
10/2/2015,14.26,187.40006
10/5/2015,15.45,197.79999
10/6/2015,16.69,210.80002
10/7/2015,16.25,211.69999
10/8/2015,16.97,217.59995
10/9/2015,16.98,218.9
10/12/2015,16.11,208.30002
10/13/2015,15.91,206.4
10/14/2015,15.97,209.40003
10/15/2015,16,212.5
10/16/2015,14.785,206.69999
10/19/2015,14.31,201.79993
10/20/2015,14.65,208.39997
10/21/2015,14.32,204.10004
10/22/2015,14.72,207.59995
10/23/2015,15.07,206.00007
10/26/2015,14.8,197.89994
10/27/2015,14.24,191.30005
10/28/2015,14.55,200.70008
10/29/2015,14.54,196.30005
10/30/2015,14.89,199.40003
11/2/2015,15.67,207.89994
11/3/2015,16.48,217.10007
11/4/2015,16.49,214.19999
11/5/2015,15.8,208.69996
11/6/2015,16.17,210.29999
11/9/2015,16.17,208.60001
11/10/2015,16.24,209.60007
11/11/2015,15.45,202.10007
11/12/2015,15.18,196.69999
11/13/2015,15.09,198.30002
11/16/2015,15.67,203.69996
11/17/2015,15.42,198.24997
11/18/2015,16.44,204.79996
11/19/2015,15.74,197.70005
11/20/2015,15.35,195.09995
11/23/2015,15.61,198.09998
11/24/2015,16.57,207.40006
11/25/2015,16.65,207.10007
11/27/2015,16.1,201.69999
11/30/2015,16.22,206.10001
12/1/2015,16.2,207.89994
12/2/2015,15.36,200.70008
12/3/2015,15.74,200.59998
12/4/2015,15.02,193.39997
12/7/2015,14.47,184.40003
12/8/2015,14.44,182.5
12/9/2015,14.59,184.19999
12/10/2015,15.17,186.49994
12/11/2015,14.8,178.39997
12/14/2015,14.72,177.70005
12/15/2015,15.54,185
12/16/2015,15.71,182.89994
12/17/2015,14.87,175
12/18/2015,14.06,168.69996
12/21/2015,14.12,168.80005
12/22/2015,14.74,175.80002
12/23/2015,15.79,185.70008
12/24/2015,15.75,182.89994
12/28/2015,14.95,175.59998
12/29/2015,15.18,177.29996
12/30/2015,15.2,173.9
12/31/2015,15.08,175.39994
1/4/2016,15.18,178.20008
1/5/2016,14.7,172.89994
1/6/2016,14.17,163.09998
1/7/2016,13.57,157
1/8/2016,13.26,153.95001
1/11/2016,12.96,149
1/12/2016,13.12,148.2
1/13/2016,12.56,142.9
1/14/2016,13.19,149.05
1/15/2016,12.84,143.40001
1/19/2016,12.07,136.80001
1/20/2016,11.64,134.60001
1/21/2016,11.99,140.7
1/22/2016,12.67,144.4
1/25/2016,11.49,135.7
1/26/2016,11.92,141.30001
1/27/2016,12.42,143.7
1/28/2016,13.51,148.40001
1/29/2016,14.38,154.9
2/1/2016,13.33,149.30001
2/2/2016,12.49,141.00001
2/3/2016,13.05,145
2/4/2016,14.15,152.8
2/5/2016,13.74,150.3
2/8/2016,13.27,146.1
2/9/2016,12.79,137.20001
2/10/2016,12.59,133.50001
2/11/2016,12.57,130.60001
2/12/2016,13.13,133.80001
2/16/2016,13.75,136.2
2/17/2016,14.67,144.60001
2/18/2016,14.72,143.40001
2/19/2016,15,141.00001
2/22/2016,15.44,146.9
2/23/2016,14.83,141.1
2/24/2016,14.94,140.8
2/25/2016,14.82,138.80001
2/26/2016,15.32,146.80001
2/29/2016,15.54,150.20001
3/1/2016,15.8,152.5
3/2/2016,16.26,160.89997
3/3/2016,16.96,171.30005
3/4/2016,17.48,178.39997
3/7/2016,18.43,185.39994
3/8/2016,17.39,171.00007
3/9/2016,17.62,171.10001
3/10/2016,17.69,169.70002
3/11/2016,17.91,178.9
3/14/2016,17.74,175.09995
3/15/2016,17.9,171.4
3/16/2016,18.18,174.40003
3/17/2016,18.32,181.90003
3/18/2016,17.25,176.30005
3/21/2016,17.51,178.50007
3/22/2016,17.14,174.55002
3/23/2016,16.91,168.09998
3/24/2016,16.93,169.79996
3/28/2016,16.75,169.79996
3/29/2016,16.98,170.09995
3/30/2016,17.2,171.19996
3/31/2016,17.62,173.00004
4/1/2016,16.56,167.5
4/4/2016,16.37,164.60007
4/5/2016,16.4,163.99994
4/6/2016,17.02,167.29996
4/7/2016,16.71,162.59995
4/8/2016,17.4,167.89994
4/11/2016,17.62,168.60001
4/12/2016,18.62,176.90003
4/13/2016,18.65,179.19999
4/14/2016,18.24,176.75004
4/15/2016,17.64,175
4/18/2016,17.79,178.20008
4/19/2016,18.42,186.10001
4/20/2016,18.75,186.99997
4/21/2016,18.71,185.70008
4/22/2016,19.06,190.89997
4/25/2016,18.7,184.79996
4/26/2016,18.54,185.50004
4/27/2016,19.09,192.70005
4/28/2016,19.15,191.60004
4/29/2016,19.75,195.09995
5/2/2016,19.23,192.5
5/3/2016,18.59,185.20005
5/4/2016,17.56,180.39994
5/5/2016,17.45,177.29996
5/6/2016,17.86,182.59995
5/9/2016,17.05,172.10007
5/10/2016,17.76,176.19996
5/11/2016,17.86,176.90003
5/12/2016,17.74,176.60004
5/13/2016,17.31,171.60004
5/16/2016,17.7,177.59995
5/17/2016,17.95,180
5/18/2016,17.36,174.10004
5/19/2016,17.17,171.99997
5/20/2016,17.44,175.89997
5/23/2016,17.31,174.40003
5/24/2016,17.6,174.90006
5/25/2016,18.6,183.09998
5/26/2016,18.71,179.19999
5/27/2016,18.6,180.89997
5/31/2016,18.61,181.4
6/1/2016,18.22,179.90006
6/2/2016,17.96,177.40006
6/3/2016,18.27,179.49997
6/6/2016,20.2,195
6/7/2016,21.49,200.20005
6/8/2016,21.56,201.69999
6/9/2016,21.71,200.59998
6/10/2016,21.07,192.5
6/13/2016,20.81,190.59998
6/14/2016,20.86,190.29999
6/15/2016,21.03,189.49997
6/16/2016,20.57,184.70002
6/17/2016,20.97,190.59998
6/20/2016,20.59,190.80002
6/21/2016,21.1,192.79999
6/22/2016,21.12,191.90003
6/23/2016,21.61,198.20008
6/24/2016,20.41,186.99997
6/27/2016,19.33,174.49997
6/28/2016,19.85,180.09995
6/29/2016,20.82,184.90006
6/30/2016,21.32,187.40006
7/1/2016,21.69,194.29993
7/5/2016,20.57,183.69996
7/6/2016,20.55,182.70005
7/7/2016,20.42,181.69999
7/8/2016,21.09,185.80002
7/11/2016,20.7,183.50007
7/12/2016,21.67,194.19999
7/13/2016,20.99,188.09998
7/14/2016,21.07,189.70002
7/15/2016,21.25,188.99994
7/18/2016,21.13,189.70002
7/19/2016,20.61,186.00007
7/20/2016,20.44,186.79993
7/21/2016,20.15,183.60001
7/22/2016,20.59,181.69999
7/25/2016,19.83,176.10001
7/26/2016,20.21,179.19999
7/27/2016,19.64,175.80002
7/28/2016,19.26,174.19999
7/29/2016,19.39,176.79993
8/1/2016,18.78,168.9
8/2/2016,18.79,169.19999
8/3/2016,19.37,173.80005
8/4/2016,19.32,174.70002
8/5/2016,19.81,178.39997
8/8/2016,20.39,183.99994
8/9/2016,19.88,181.99997
8/10/2016,19.54,176.90003
8/11/2016,19.57,180.20005
8/12/2016,19.44,177.40006
8/15/2016,20.09,183.00004
8/16/2016,20.3,183.09006
8/17/2016,19.96,182.10007
8/18/2016,21.17,188.50007
8/19/2016,21.22,186.69999
8/22/2016,20.67,181.99997
8/23/2016,20.83,183.69996
8/24/2016,20.81,180
8/25/2016,20.75,180.20005
8/26/2016,20.56,179.19999
8/29/2016,20.47,179.90006
8/30/2016,19.97,177.89994
8/31/2016,19.49,175.39994
9/1/2016,19.49,173.39997
9/2/2016,19.74,175.70008
9/6/2016,20.57,178.60001
9/7/2016,20.51,177.79999
9/8/2016,20.65,183.99994
9/9/2016,19.16,173.80005
9/12/2016,19.11,175.80002
9/13/2016,18.44,168.99994
9/14/2016,18.42,167.59995
9/15/2016,19.03,169.79996
9/16/2016,18.96,168.09998
9/19/2016,19.26,167.59995
9/20/2016,18.78,166.10001
9/21/2016,19.55,172.5
9/22/2016,19.53,175.80002
9/23/2016,18.8,170.29999
9/26/2016,19.02,171.19996
9/27/2016,18.82,168.9
9/28/2016,20.39,181.60004
9/29/2016,21.77,186.90003
9/30/2016,22.37,190.39994
10/3/2016,22.09,189.49997
10/4/2016,21.64,186.49994
10/5/2016,22.59,193.56598
10/6/2016,23.01,194.60007
10/7/2016,23.02,193.69996
10/10/2016,24.05,199.40003
10/11/2016,24.33,196.10001
10/12/2016,24.21,194.70002
10/13/2016,24.56,194.60007
10/14/2016,24.09,192.5
10/17/2016,23.73,190.80002
10/18/2016,24.19,192.59995
10/19/2016,24.59,197.70005
10/20/2016,24.1,197.20002
10/21/2016,24.4,196.30005
10/24/2016,24.16,193.09998
10/25/2016,23.37,189.10004
10/26/2016,23.37,188.00004
10/27/2016,23.33,185.59998
10/28/2016,22.65,181.60004
10/31/2016,22.48,176.60004
11/1/2016,22.13,176.49994
11/2/2016,21.39,171.79993
11/3/2016,21.45,174.10004
11/4/2016,21.4,172.40006
11/7/2016,21.67,175.70008
11/8/2016,21.69,174.79996
11/9/2016,22.39,182.59995
11/10/2016,22.39,184.60007
11/11/2016,22,182.79999
11/14/2016,22.56,187.5
11/15/2016,23.6,193.60001
11/16/2016,23.66,192.5
11/17/2016,23.86,192.29996
11/18/2016,24.11,193.00004
11/21/2016,24.74,198.20008
11/22/2016,24.47,198.60001
11/23/2016,24.75,201.4
11/25/2016,24.19,198.20008
11/28/2016,23.71,193.80005
11/29/2016,22.96,188.30002
11/30/2016,26.67,211.99997
12/1/2016,27.7,216.30005
12/2/2016,28.09,216.79993
12/5/2016,28.78,223.9
12/6/2016,28.59,225.70008
12/7/2016,28.6,224.19999
12/8/2016,28.825,228.39997
12/9/2016,28.17,233.00004
12/12/2016,28.67,233.50007
12/13/2016,26.7,233.30002
12/14/2016,26.52,224.70002
12/15/2016,26.73,226.99997
12/16/2016,26.78,226.19996
12/19/2016,26.82,226.19996
12/20/2016,27,228.09998
12/21/2016,26.91,227.40006
12/22/2016,26.88,225.89997
12/23/2016,26.69,225.59998
12/27/2016,27.09,228.99994
12/28/2016,26.75,224.29993
12/29/2016,26.98,223.50007
12/30/2016,26.92,223.50007
1/3/2017,27.71,229.49997
1/4/2017,28.38,234.29993
1/5/2017,28.71,235
1/6/2017,28.71,237.20002
1/9/2017,28.08,233.60001
1/10/2017,28.26,230.59998
1/11/2017,28.22,235.80002
1/12/2017,28.32,233.30002
1/13/2017,27.53,230.09995
1/17/2017,27.92,232.40006
1/18/2017,27.51,230.39994
1/19/2017,27.5,229.60007
1/20/2017,27.58,232.59995
1/23/2017,26.42,226.79993
1/24/2017,27,230.70008
1/25/2017,28.53,236.19996
1/26/2017,28.28,233.39997
1/27/2017,28.32,229.90006
1/30/2017,27.4,221.60004
1/31/2017,28.04,224.60007
2/1/2017,28.44,225.09995
2/2/2017,27.75,223.39997
2/3/2017,28.27,230.59998
2/6/2017,27.84,223.69996
2/7/2017,27.07,220.20005
2/8/2017,27.29,219.90006
2/9/2017,27.84,222.20002
2/10/2017,27.89,224.70002
2/13/2017,28.62,224.90006
2/14/2017,29.47,230.20005
2/15/2017,28.55,225.50004
2/16/2017,27.76,221.10001
2/17/2017,27.43,217.70005
2/21/2017,27.66,220.89997
2/22/2017,27.06,218.00004
2/23/2017,27.57,218.99994
2/24/2017,26.69,213.99994
2/27/2017,27.9,218.80005
2/28/2017,27.62,214.10004
3/1/2017,28.38,220.09995
3/2/2017,27.65,214.29993
3/3/2017,27.82,212.5
3/6/2017,27.67,210.70008
3/7/2017,26.81,206.99997
3/8/2017,25.43,198.80005
3/9/2017,25.19,195.39994
3/10/2017,25.24,196.10001
3/13/2017,25.54,196.00007
3/14/2017,25.01,191.4
3/15/2017,26.21,198.60001
3/16/2017,26.01,196.79993
3/17/2017,25.68,195.89997
3/20/2017,25.37,194.66507
3/21/2017,24.91,191.69999
3/22/2017,24.57,190.80002
3/23/2017,24.49,190.70008
3/24/2017,23.99,189.60007
3/27/2017,23.06,187.79999
3/28/2017,23.45,193.80005
3/29/2017,23.91,198.09998
3/30/2017,24.29,198.30002
3/31/2017,24.27,200.89997
4/3/2017,24.16,198.00004
4/4/2017,24.35,199.70002
4/5/2017,24.66,197.89994
4/6/2017,25.29,202.20002
4/7/2017,24.84,199.40003
4/10/2017,25.54,203.9
4/11/2017,25.61,203.60001
4/12/2017,24.95,198.39997
4/13/2017,23.8,191.79993
4/17/2017,23.66,191.79993
4/18/2017,23.39,190.39994
4/19/2017,22.72,184.40003
4/20/2017,22.45,184.79996
4/21/2017,22.49,182.5
4/24/2017,22.33,182.10007
4/25/2017,22.61,185.39994
4/26/2017,23,186.69999
4/27/2017,21.93,180.09995
4/28/2017,21.645,177.5
5/1/2017,21.95,174.79996
5/2/2017,21.59,172.70005
5/3/2017,21.59,172.70005
5/4/2017,20.69,165.89997
5/5/2017,21.77,174.29993
5/8/2017,21.53,173.50007
5/9/2017,21.27,172.40006
5/10/2017,21.69,177.59995
5/11/2017,21.24,175.80002
5/12/2017,20.76,171.4
5/15/2017,21.71,175.20005
5/16/2017,21.81,175
5/17/2017,21.62,170.70008
5/18/2017,22.08,172.79999
5/19/2017,22.82,177.79999
5/22/2017,22.47,176.99997
5/23/2017,21.98,176.49994
5/24/2017,22.06,173.00004
5/25/2017,20.99,162.79999
5/26/2017,21.52,163.09998
5/30/2017,21.23,160.59998
5/31/2017,21.32,160.59998
6/1/2017,21.73,163.30002
6/2/2017,21.19,161.00007
6/5/2017,21.43,161.79993
6/6/2017,21.53,164.40003
6/7/2017,19.47,155.3
6/8/2017,19.89,155.90001
6/9/2017,20.63,161.4
6/12/2017,20.75,163.39997
6/13/2017,21.37,167.79999
6/14/2017,20.22,160
6/15/2017,19.97,156.5
6/16/2017,20.41,158.6
6/19/2017,20.4,158.2
6/20/2017,19.72,154.1
6/21/2017,19.45,146.80001
6/22/2017,19.52,147
6/23/2017,19.65,149.5
6/26/2017,19.79,150
6/27/2017,19.93,150.50001
6/28/2017,20.02,152.60001
6/29/2017,20.12,155.3
6/30/2017,20.19,154.70001
7/3/2017,20.88,161.19996
7/5/2017,20.22,154.5
7/6/2017,19.68,150.10001
7/7/2017,19.78,147.5
7/10/2017,20.02,151.1
7/11/2017,20.28,153.10001
7/12/2017,20.01,152.3
7/13/2017,20.43,156.40001
7/14/2017,20.47,158.6
7/17/2017,20.11,159
7/18/2017,20.23,157.70001
7/19/2017,21.51,165.70008
7/20/2017,20.78,160.59998
7/21/2017,19.75,155.7
7/24/2017,19.18,153.00001
7/25/2017,19.74,155.8
7/26/2017,19.75,156.70001
7/27/2017,19.43,157.3
7/28/2017,19.51,155
7/31/2017,19.34,153.2
8/1/2017,19.27,150.8
8/2/2017,19.68,151.2
8/3/2017,19.22,152.3
8/4/2017,19.09,152.4
8/7/2017,18.32,146.9
8/8/2017,17.79,144
8/9/2017,17.29,141.2
8/10/2017,16.87,138.3
8/11/2017,16.83,138.2
8/14/2017,16.64,137
8/15/2017,16.25,134.30001
8/16/2017,15.53,131.30001
8/17/2017,15.44,129.60001
8/18/2017,15.63,131.70001
8/21/2017,15.4,129.60001
8/22/2017,15.41,131.5
8/23/2017,15.63,133.00001
8/24/2017,15.26,132
8/25/2017,15.85,134.8
8/28/2017,15.61,133.2
8/29/2017,15.69,135.10001
8/30/2017,15.8,134.20001
8/31/2017,15.97,135
9/1/2017,15.94,137.8
9/5/2017,17,141.40001
9/6/2017,17.41,143.90001
9/7/2017,17.47,143.80001
9/8/2017,17,140.3
9/11/2017,17.57,143.00001
9/12/2017,17.86,147.5
9/13/2017,18.14,151.80001
9/14/2017,18.45,152.70001
9/15/2017,18.66,151.40001
9/18/2017,18.71,153.3
9/19/2017,18.68,153.40001
9/20/2017,19.49,157.8
9/21/2017,19.36,155.20001
9/22/2017,19.53,157.10001
9/25/2017,20.47,162.40006
9/26/2017,20.52,164.60007
9/27/2017,20.77,165.09995
9/28/2017,20.84,165.59998
9/29/2017,20.94,165.80002
10/2/2017,20.83,163.69996
10/3/2017,20.76,163.60001
10/4/2017,20.81,163.09998
10/5/2017,21.3,165.05005
10/6/2017,20.75,160.89997
10/9/2017,21.04,161.60004
10/10/2017,20.95,160.89997
10/11/2017,21.31,161.19996
10/12/2017,20.53,157.9
10/13/2017,20.49,158.7
10/16/2017,20.42,158.3
10/17/2017,20.23,156.5
10/18/2017,19.52,153.00001
10/19/2017,18.93,150.90001
10/20/2017,18.92,149.9
10/23/2017,18.52,146.6
10/24/2017,18.33,147.20001
10/25/2017,17.97,146.00001
10/26/2017,19.09,146.30001
10/27/2017,19.76,148.80001
10/30/2017,19.75,151.30001
10/31/2017,19.78,154.5
11/1/2017,19.95,155.3
11/2/2017,19.925,155.20001
11/3/2017,20.26,157.70001
11/6/2017,21.02,165.50004
11/7/2017,20.83,164.79996
11/8/2017,20.68,164.79996
11/9/2017,20.88,166.4
11/10/2017,20.84,165.39994
11/13/2017,20.58,161.69999
11/14/2017,19.92,154.30001
11/15/2017,19.74,152.10001
11/16/2017,19.63,151.70001
11/17/2017,20.02,155.10001
11/20/2017,20.26,154.30001
11/21/2017,20.08,154.30001
11/22/2017,20.46,156.70001
11/24/2017,20.49,156.30001
11/27/2017,19.87,153.3
11/28/2017,20.09,154.4
11/29/2017,20.49,154.8
11/30/2017,21.59,158.40001
12/1/2017,21.98,164.60007
12/4/2017,21.84,164.60007
12/5/2017,21.26,161.10001
12/6/2017,21,155.3
12/7/2017,21.57,156.5
12/8/2017,21.62,157.8
12/11/2017,22.29,160.09995
12/12/2017,21.92,161.00007
12/13/2017,21.31,159.20001
12/14/2017,20.62,156.5
12/15/2017,20.59,155.10001
12/18/2017,21.01,159.30001
12/19/2017,21.48,159.30001
12/20/2017,22.3,163.69996
12/21/2017,22.97,169.40003
12/22/2017,22.59,168.9
12/26/2017,22.98,172.59995
12/27/2017,22.95,171.4
12/28/2017,22.66,170.70008
12/29/2017,23.01,171.30005
1/2/2018,23.18,174.60007
1/3/2018,23.47,178.9
1/4/2018,23.62,182.79999
1/5/2018,23.69,182.29996
1/8/2018,24.3,186.49994
1/9/2018,23.57,184.40003
1/10/2018,23.81,185.29999
1/11/2018,24.7,191.10001
1/12/2018,24.7,191.90003
1/16/2018,24.04,186.90003
1/17/2018,24.27,187.89994
1/18/2018,23.88,183.39997
1/19/2018,24.48,185.29999
1/22/2018,24.35,189.49997
1/23/2018,24.52,189.19999
1/24/2018,24.02,186.99997
1/25/2018,24.22,184.40003
1/26/2018,24.57,183.80005
1/29/2018,24.25,179.29993
1/30/2018,24.04,176.90003
1/31/2018,23.62,175.20005
2/1/2018,24.56,178.50007
2/2/2018,23.04,169.60007
2/5/2018,22.17,162.89994
2/6/2018,22.96,166.00007
2/7/2018,21.83,159.70001
2/8/2018,18.71,151.00001
2/9/2018,18.04,148.6
2/12/2018,18.15,151.70001
2/13/2018,17.8,149.4
2/14/2018,18.3,153.3
2/15/2018,18.41,152.60001
2/16/2018,18.09,153.6
2/20/2018,17.96,152.4
2/21/2018,17.93,150.10001
2/22/2018,18.87,153.00001
2/23/2018,19.59,157
2/26/2018,19.8,156.70001
2/27/2018,18.98,152.9
2/28/2018,18.07,146.70001
3/1/2018,18.43,147.20001
3/2/2018,18.8,149.1
3/5/2018,19.22,152.70001
3/6/2018,19.38,153.2
3/7/2018,19.02,151.40001
3/8/2018,19.46,152
3/9/2018,19.93,155.8
3/12/2018,19.72,156.70001
3/13/2018,19.29,154.5
3/14/2018,19.3,153.7
3/15/2018,18.57,149.70001
3/16/2018,18.95,153.10001
3/19/2018,18.6,148.7
3/20/2018,18.82,149.20001
3/21/2018,19.82,156.80001
3/22/2018,18.91,151.6
3/23/2018,18.35,150
3/26/2018,18.18,150.20001
3/27/2018,17.46,145.10001
3/28/2018,17.19,141.70001
3/29/2018,17.51,145.60001
4/2/2018,16.94,141.40001
4/3/2018,17.3,144.70001
4/4/2018,17.23,145.3
4/5/2018,17.82,150.90001
4/6/2018,17.56,146.9
4/9/2018,17.67,145.8
4/10/2018,18.67,155.20001
4/11/2018,19.27,160.59998
4/12/2018,19.45,162.5
4/13/2018,20.01,163.50007
4/16/2018,20.01,163.60001
4/17/2018,20.19,164.60007
4/18/2018,20.62,169.49997
4/19/2018,20.3,168.60001
4/20/2018,19.99,167.40006
4/23/2018,20.05,169.40003
4/24/2018,19.64,168.9
4/25/2018,19.86,170.09995
4/26/2018,21.11,173.09998
4/27/2018,21.13,171.30005
4/30/2018,21.42,170.70008
5/1/2018,21.5,168.99994
5/2/2018,21.83,171.30005
5/3/2018,21.72,169.10004
5/4/2018,21.91,171.10001
5/7/2018,22.07,172.89994
5/8/2018,22.45,175.50004
5/9/2018,22.25,180.29999
5/10/2018,22.62,180.29999
5/11/2018,22.59,179.10004
5/14/2018,22.82,180.50004
5/15/2018,22.98,182.40006
5/16/2018,23.25,185
5/17/2018,23.63,188.80005
5/18/2018,23.01,187.59995
5/21/2018,23.07,188.50007
5/22/2018,22.44,185.39994
5/23/2018,22.28,182.79999
5/24/2018,22,179.40003
5/25/2018,21,171.60004
5/29/2018,20.78,171.79993
5/30/2018,21.36,176.90003
5/31/2018,20.68,173.00004
6/1/2018,19.5,171.90003
6/4/2018,18.92,169.29993
6/5/2018,19.18,170.70008
6/6/2018,19.12,171.49994
6/7/2018,19.8,175.70008
6/8/2018,18.69,171.10001
6/11/2018,18.68,170.29999
6/12/2018,18.7,169.29993
6/13/2018,18.95,168.69996
6/14/2018,18.69,166.99997
6/15/2018,17.9,162.20002
6/18/2018,17.78,164.40003
6/19/2018,17.92,165.09995
6/20/2018,18.18,165.70008
6/21/2018,17.86,161.4
6/22/2018,18.06,167.79999
6/25/2018,17.62,162.79999
6/26/2018,17.91,166.30005
6/27/2018,18.69,170.59998
6/28/2018,18.29,169.60007
6/29/2018,18,169.60007
7/2/2018,17.35,164.40003
7/3/2018,17.81,166.30005
7/5/2018,17.75,166.69999
7/6/2018,18.08,169.10004
7/9/2018,18.79,173.80005
7/10/2018,18.7,174.90006
7/11/2018,17.7,170
7/12/2018,17.46,169.70002
7/13/2018,17.28,170.89997
7/16/2018,17.22,167.79999
7/17/2018,17.07,167.79999
7/18/2018,17.09,166.79993
7/19/2018,16.96,166.00007
7/20/2018,16.9,164.79996
7/23/2018,15.96,161.79993
7/24/2018,16.2,161.99997
7/25/2018,16.19,161.90003
7/26/2018,16.04,165
7/27/2018,16.97,166.99997
7/30/2018,17.08,170.70008
7/31/2018,17.2,170.50004
8/1/2018,17.19,168.20008
8/2/2018,16.74,168.50007
8/3/2018,16.71,166.79993
8/6/2018,16.69,167.59995
8/7/2018,16.8,168.60001
8/8/2018,16.82,168.69996
8/9/2018,16.68,166.4
8/10/2018,16.92,168.39997
8/13/2018,16.83,163.69996
8/14/2018,17.15,163.9
8/15/2018,16.41,155.50001
8/16/2018,16.55,156.5
8/17/2018,16.99,158.00001
8/20/2018,17.31,160.89997
8/21/2018,17.71,163.69996
8/22/2018,17.79,166.00007
8/23/2018,17.45,164.70002
8/24/2018,17.48,166.00007
8/27/2018,17.75,166.49994
8/28/2018,17.5,164.90006
8/29/2018,17.71,166.60004
8/30/2018,17.31,162.89994
8/31/2018,17.13,162.40006
9/4/2018,17.25,160.50004
9/5/2018,16.46,156.9
9/6/2018,16.16,151.9
9/7/2018,16.05,152.8
9/10/2018,16.18,153.6
9/11/2018,16.92,157.3
9/12/2018,17.58,160.89997
9/13/2018,17.35,158.80001
9/14/2018,17.63,160.80002
9/17/2018,17,158.50001
9/18/2018,17.46,161.60004
9/19/2018,17.89,163.80005
9/20/2018,17.89,164.40003
9/21/2018,17.89,166.10001
9/24/2018,17.7,168.00004
9/25/2018,17.71,169.60007
9/26/2018,17.29,165.70008
9/27/2018,17.09,166.69999
9/28/2018,17.11,167.20002
10/1/2018,17.82,168.80005
10/2/2018,17.69,168.80005
10/3/2018,17.83,171.90003
10/4/2018,17.65,170.20005
10/5/2018,17.82,170.29999
10/8/2018,17.86,171.30005
10/9/2018,17.95,174.49997
10/10/2018,16.75,163.9
10/11/2018,16.49,159.8
10/12/2018,16.53,160.59998
10/15/2018,16.82,161.79993
10/16/2018,16.95,163.60001
10/17/2018,16.58,160.70008
10/18/2018,16.28,154.5
10/19/2018,16.17,153.40001
10/22/2018,15.72,151.00001
10/23/2018,14.9,143.90001
10/24/2018,13.94,135.7
10/25/2018,15.29,137.9
10/26/2018,16.19,138.7
10/29/2018,15.67,132.9
10/30/2018,16.23,136.5
10/31/2018,16.64,135.90001
11/1/2018,16.52,136.6
11/2/2018,16.26,137.4
11/5/2018,17.17,139.8
11/6/2018,16.94,139.60001
11/7/2018,16.93,142.10001
11/8/2018,16.46,137.5
11/9/2018,16.13,135.20001
11/12/2018,15.57,128.80001
11/13/2018,14.69,123.90001
11/14/2018,14.78,124.60001
11/15/2018,15.09,128.00001
11/16/2018,15.37,128.6
11/19/2018,15.49,129.8
11/20/2018,14.42,122.9
11/21/2018,14.64,125.10001
11/23/2018,14.08,120.20001
11/26/2018,14.79,121.70001
11/27/2018,14.63,120.7
11/28/2018,14.9,122.5
11/29/2018,14.74,122
11/30/2018,13.88,118.6
12/3/2018,14.55,122.60001
12/4/2018,13.62,115.3
12/6/2018,12.82,109.8
12/7/2018,13.01,108.2
12/10/2018,12.57,104.30001
12/11/2018,12.6,103.3
12/12/2018,13.2,105.8
12/13/2018,12.65,103.10001
12/14/2018,12.29,98.900004
12/17/2018,12.1,97.9
12/18/2018,11.68,95.699997
12/19/2018,10.79,91.599999
12/20/2018,10.29,88.100005
12/21/2018,10,85.8
12/24/2018,9.67,83.3
12/26/2018,10.46,88.999997
12/27/2018,10.29,88.100005
12/28/2018,10.31,89.799996
12/31/2018,10.35,90.100003
1/2/2019,10.61,92.299996
1/3/2019,10.88,93.000002
1/4/2019,11.46,98.400002
1/7/2019,11.7,102.9
1/8/2019,11.8,103.10001
1/9/2019,12.68,106.70001
1/10/2019,12.77,107.10001
1/11/2019,12.72,106.2
1/14/2019,12.77,105.8
1/15/2019,12.76,107
1/16/2019,12.62,106.80001
1/17/2019,12.51,108.10001
1/18/2019,12.86,111.5
1/22/2019,12.15,107.10001
1/23/2019,11.46,104.4
1/24/2019,11.73,107.4
1/25/2019,12,111.30001
1/28/2019,11.64,108.3
1/29/2019,11.8,108.3
1/30/2019,12.15,110.4
1/31/2019,12.13,109.60001
2/1/2019,12.58,112.70001
2/4/2019,12.89,115.60001
2/5/2019,12.75,115.3
2/6/2019,12.73,115.20001
2/7/2019,12.8,110.60001
2/8/2019,12.68,109.4
2/11/2019,13.06,111.40001
2/12/2019,13.47,112.8
2/13/2019,13.58,112.8
2/14/2019,13.77,113.90001
2/15/2019,14.41,117
2/19/2019,14.46,117.9
2/20/2019,14.32,120.10001
2/21/2019,13.89,116.30001
2/22/2019,13.98,115.7
2/25/2019,14.18,116.2
2/26/2019,13.62,114.30001
2/27/2019,13.57,115.3
2/28/2019,13.26,113.50001
3/1/2019,13.51,116.1
3/4/2019,13.76,117.20001
3/5/2019,13.46,115.3
3/6/2019,12.97,111.00001
3/7/2019,12.94,108.80001
3/8/2019,12.76,106.40001
3/11/2019,13.19,109.70001
3/12/2019,13.59,112.4
3/13/2019,13.92,114.5
3/14/2019,14.08,115
3/15/2019,13.9,114.20001
3/18/2019,14.42,118.7
3/19/2019,14.29,117.4
3/20/2019,14.56,119
3/21/2019,14.67,119.30001
3/22/2019,13.84,112.9
3/25/2019,14.09,112.8
3/26/2019,14.36,114.60001
3/27/2019,14.09,113.7
3/28/2019,14.31,115.8
3/29/2019,14.02,115.50001
4/1/2019,14.45,119.5
4/2/2019,14.27,118.2
4/3/2019,13.96,116.40001
4/4/2019,14.44,117.70001
4/5/2019,15.05,121.2
4/8/2019,15.32,121.80001
4/9/2019,15.2,119.8
4/10/2019,15.39,120.90001
4/11/2019,15.12,120.3
4/12/2019,15.2,120
4/15/2019,14.93,119.30001
4/16/2019,15.64,122.3
4/17/2019,15.49,121.9
4/18/2019,15.38,120.4
4/22/2019,16.16,124.70001
4/23/2019,15.83,125.50001
4/24/2019,15.14,119.60001
4/25/2019,14.8,117
4/26/2019,14.28,116.30001
4/29/2019,14.08,115.7
4/30/2019,13.59,111.5
5/1/2019,12.8,108.00001
5/2/2019,13.07,107
5/3/2019,13.57,109.70001
5/6/2019,13.72,110.4
5/7/2019,13.27,107.5
5/8/2019,12.91,106.30001
5/9/2019,12.87,106.00001
5/10/2019,12.47,104.8
5/13/2019,12.11,98.999997
5/14/2019,12.78,102.4
5/15/2019,12.82,103.6
5/16/2019,13.06,104.60001
5/17/2019,12.44,100.8
5/20/2019,12.28,99.700003
5/21/2019,12.43,101.00001
5/22/2019,12.04,96.899996
5/23/2019,11.41,91.000004
5/24/2019,11.04,89.899998
5/28/2019,10.92,89.600001
5/29/2019,11.29,89.700003
5/30/2019,11.13,88.3
5/31/2019,10.63,86.300002
6/3/2019,11.03,88.199997
6/4/2019,10.9,89.399996
6/5/2019,10.46,87.600003
6/6/2019,10.78,87.700005
6/7/2019,10.89,88.800002
6/10/2019,10.99,89.099999
6/11/2019,10.82,89.600001
6/12/2019,10.31,84.899998
6/13/2019,11.03,88.000002
6/14/2019,11.09,84.600001
6/17/2019,11.31,87.200003
6/18/2019,11.51,89.099999
6/19/2019,11.74,90.299998
6/20/2019,11.93,93.900004
6/21/2019,11.99,93.800002
6/24/2019,12.01,91.499997
6/25/2019,11.82,91.400004
6/26/2019,12.14,93.999997
6/27/2019,11.72,93.800002
6/28/2019,11.51,96.099997
7/1/2019,11.82,96.999999
7/2/2019,11.16,93.3
7/3/2019,11.17,92.9
7/5/2019,11.46,93.999997
7/8/2019,11.52,93.999997
7/9/2019,11.49,93.000002
7/10/2019,11.73,96.400004
7/11/2019,11.56,95.699997
7/12/2019,11.61,95.699997
7/15/2019,11.01,93.000002
7/16/2019,10.68,91.300002
7/17/2019,10.6,88.500004
7/18/2019,10.6,87.5
7/19/2019,10.77,88.800002
7/22/2019,10.94,90.699997
7/23/2019,11.3,92.299996
7/24/2019,11.24,92.200003
7/25/2019,10.42,88.3
7/26/2019,10.59,88.199997
7/29/2019,10.25,85.200005
7/30/2019,11.56,91.099997
7/31/2019,11.63,92.299996
8/1/2019,10.43,85.8
8/2/2019,10.33,82.600003
8/5/2019,9.99,79.600001
8/6/2019,9.71,78.400002
8/7/2019,9.69,77.399998
8/8/2019,9.75,78.199997
8/9/2019,9.17,75.200005
8/12/2019,8.92,74.399996
8/13/2019,8.97,74.399996
8/14/2019,8.54,69.899998
8/15/2019,8.47,68.800002
8/16/2019,8.58,71.700001
8/19/2019,8.76,74.300004
8/20/2019,8.38,73.400002
8/21/2019,8.55,73.500004
8/22/2019,8.36,72.5
8/23/2019,7.9,68.599997
8/26/2019,8.08,69.200001
8/27/2019,8.15,68.500004
8/28/2019,8.57,70.4
8/29/2019,8.88,72.700005
8/30/2019,8.65,71.800004
9/3/2019,8.44,70.699997
9/4/2019,8.46,72.5
9/5/2019,8.96,75.900002
9/6/2019,8.97,75.900002
9/9/2019,9.63,80.699997
9/10/2019,9.65,81.999999
9/11/2019,9.59,82.799998
9/12/2019,8.98,81.300002
9/13/2019,9.11,81.800004
9/16/2019,11.02,89.499999
9/17/2019,9.86,84.499999
9/18/2019,9.73,81.499997
9/19/2019,9.64,80.200005
9/20/2019,9.67,80.200005
9/23/2019,9.71,80.699997
9/24/2019,9.03,76.400004
9/25/2019,9.1,76.000004
9/26/2019,8.93,74.200001
9/27/2019,8.63,72.9
9/30/2019,8.55,72.399998
10/1/2019,8.36,69.399996
10/2/2019,8.14,67.9
10/3/2019,8.285,68.900004
10/4/2019,8.285,67.9
10/7/2019,8.01,67.600003
10/8/2019,7.91,66.400004
10/9/2019,7.83,66.199999
10/10/2019,7.88,67.399998
10/11/2019,8.255,70.699997
10/14/2019,8.15,70
10/15/2019,7.975,70
10/16/2019,7.84,69.600001
10/17/2019,7.78,68.800002
10/18/2019,7.83,67.5
10/21/2019,8.3,69.399996
10/22/2019,8.56,70.900002
10/23/2019,8.63,71.300002
10/24/2019,8.56,69.700003
10/25/2019,9.19,71.000004
10/28/2019,8.91,70.500002
10/29/2019,9.19,71.499997
10/30/2019,8.47,68.3
10/31/2019,8.32,66.999999
11/1/2019,8.93,70.299998
11/4/2019,9.73,73.800002
11/5/2019,9.39,73.000002
11/6/2019,8.9,70.900002
11/7/2019,9.06,71.499997
11/8/2019,9.15,71.599999
11/11/2019,9.13,71.000004
11/12/2019,9.04,69.700003
11/13/2019,8.58,68.000002
11/14/2019,8.47,66.999999
11/15/2019,8.76,68.800002
11/18/2019,8.57,66.800004
11/19/2019,8.47,65.699997
11/20/2019,8.48,65.8
11/21/2019,8.86,67.399998
11/22/2019,9.02,67.799998
11/25/2019,9.16,70.200005
11/26/2019,8.73,68.199997
11/27/2019,9.18,69.700003
11/29/2019,8.94,68.500004
12/2/2019,9.15,68.699999
12/3/2019,8.95,66.899996
12/4/2019,9.3,69.700003
12/5/2019,9.04,69.399996
12/6/2019,9.76,72.700005
12/9/2019,9.83,73.100005
12/10/2019,9.98,73.100005
12/11/2019,10.08,73.900004
12/12/2019,10.38,76.400004
12/13/2019,10.05,75.8
12/16/2019,10.15,76.800004
12/17/2019,10.095,77.100001
12/18/2019,10,78.3
12/19/2019,10.05,79.899998
12/20/2019,10.08,78.900004
12/23/2019,10.66,81.499997
12/24/2019,10.52,81.599999
12/26/2019,10.5,81.599999
12/27/2019,10.4,80.200005
12/30/2019,10.51,81.499997
12/31/2019,10.5,80.900002
1/2/2020,10.49,81.099997
1/3/2020,10.57,82.700005
1/6/2020,10.94,84.399996
1/7/2020,10.61,82.100001
1/8/2020,10.3,79.399996
1/9/2020,10.2,79.799996
1/10/2020,10.08,78.800002
1/13/2020,10.09,78.199997
1/14/2020,10.14,78.3
1/15/2020,10.025,76.899996
1/16/2020,10.04,77.700005
1/17/2020,9.95,76.899996
1/21/2020,9.64,74.300004
1/22/2020,9.26,73.000002
1/23/2020,8.95,71.599999
1/24/2020,8.49,69.099999
1/27/2020,7.99,66.300002
1/28/2020,8.06,67.100001
1/29/2020,7.87,66.300002
1/30/2020,8.04,67.299996
1/31/2020,7.94,65.200005
2/3/2020,7.98,64.899998
2/4/2020,7.91,66.099997
2/5/2020,8.43,69.499999
2/6/2020,7.05,67.100001
2/7/2020,7.38,66.599999
2/10/2020,7.33,65
2/11/2020,7.47,66.099997
2/12/2020,7.66,67.299996
2/13/2020,7.47,66.700001
2/14/2020,7.49,66.800004
2/18/2020,7.34,65.8
2/19/2020,7.38,66.999999
2/20/2020,7.53,67.200003
2/21/2020,7.32,64.499999
2/24/2020,6.63,59.399996
2/25/2020,6.29,57.100001
2/26/2020,6.03,55.500002
2/27/2020,5.61,52.200003
2/28/2020,5.73,53.699999
3/2/2020,5.735,54.499999
3/3/2020,5.41,52.200003
3/4/2020,5.37,51.899996
3/5/2020,5.2,48.599997
3/6/2020,4.3,42.700005
3/9/2020,2.38,28.3
3/10/2020,2.3,28.699999
3/11/2020,2.11,25.8
3/12/2020,2.12,22.700005
3/13/2020,2.46,26.099997
3/16/2020,2.28,22.799998
3/17/2020,2.49,23.000002
3/18/2020,2.07,20
3/19/2020,2.17,21.899996
3/20/2020,2.21,21.999999
3/23/2020,2.2,21.300002
3/24/2020,2.62,24.499999
3/25/2020,2.71,23.999997
3/26/2020,2.55,24.600001
3/27/2020,2.3,23.000002
3/30/2020,2.14,22.100007
3/31/2020,2.35,22.679993
4/1/2020,1.89,20.990006
4/2/2020,1.88,22.990006
4/3/2020,1.7,22.300004
4/6/2020,1.93,23.770005
4/7/2020,2.08,24.240006
4/8/2020,2.32,26.380005
4/9/2020,2.31,27.080002
4/13/2020,2.33,26.979996
4/14/2020,2.25,26.679993
4/15/2020,2.07,24.809998
4/16/2020,1.84,22.789994
4/17/2020,2.06,24.580002
4/20/2020,2.07,23.940003
4/21/2020,2.22,23.419999
4/22/2020,2.3,23.960007
4/23/2020,2.89,26.39
4/24/2020,2.59,25.970002
4/27/2020,2.66,25.64
4/28/2020,2.82,26.690003
4/29/2020,3.6,30.339997
4/30/2020,3.69,29.220002
5/1/2020,3.26,27.169999
5/4/2020,3.2,27.679993
5/5/2020,3.01,27.179993
5/6/2020,2.84,25.89
5/7/2020,2.93,26.699997
5/8/2020,3.36,29.14
5/11/2020,3.35,28.64
5/12/2020,3.4,28.839997
5/13/2020,3.15,26.460007
5/14/2020,3.19,26.75
5/15/2020,3.27,26.770005
5/18/2020,3.79,30.270005
5/19/2020,3.58,28.729996
5/20/2020,3.88,30.820008
5/21/2020,3.89,30.800004
5/22/2020,3.55,30.059998
5/26/2020,3.885,32.110001
5/27/2020,4.17,33.229996
5/28/2020,4.28,33.399994
5/29/2020,3.69,32.479996
6/1/2020,3.79,32.699997
6/2/2020,4.19,34.229996
6/3/2020,4.44,34.949997
6/4/2020,5.17,37.190003
6/5/2020,5.79,42.210007
6/8/2020,6.16,47.570008
6/9/2020,5.5,43.899994
6/10/2020,5.16,40.559998
6/11/2020,4.16,34.589997
6/12/2020,4.46,36.610001
6/15/2020,4.57,36.860001
6/16/2020,4.805,37.479996
6/17/2020,4.37,35.610001
6/18/2020,4.52,35.630005
6/19/2020,4.34,35.020005
6/22/2020,4.31,34.869996
6/23/2020,4.21,35.050004
6/24/2020,3.69,32.300004
6/25/2020,3.88,33.440003
6/26/2020,3.57,31.729996
6/29/2020,3.46,32.5
6/30/2020,3.47,33.070008
7/1/2020,3.255,32.320008
7/2/2020,3.36,32.690003
7/6/2020,3.5,33.600007
7/7/2020,3.345,32.320008
7/8/2020,3.53,32.589997
7/9/2020,3.32,30.649994
7/10/2020,3.39,31.490006
7/13/2020,3.26,30.720002
7/14/2020,3.53,32.350007
7/15/2020,3.66,34.179993
7/16/2020,3.5,33.630005
7/17/2020,3.32,33.080002
7/20/2020,3.4,32.940003
7/21/2020,3.84,35.520005
7/22/2020,3.665,34.649994
7/23/2020,3.94,36.059998
7/24/2020,3.925,35.740006
7/27/2020,4.16,36.029999
7/28/2020,4.01,34.850007
7/29/2020,4.07,35.720002
7/30/2020,3.95,34.830002
7/31/2020,3.875,34.080002
8/3/2020,3.95,34.990006
8/4/2020,4.2,36.089997
8/5/2020,4.345,37.699997
8/6/2020,4.15,36.679993
8/7/2020,4.12,36.990006
8/10/2020,4.4,38.899994
8/11/2020,4.48,39.25
8/12/2020,4.56,39.330002
8/13/2020,4.42,38.529999
8/14/2020,4.5,38.800004
8/17/2020,4.43,38.220002
8/18/2020,4.14,37.070008
8/19/2020,4.1,37.020005
8/20/2020,3.94,35.779999
8/21/2020,3.72,34.169999
8/24/2020,3.96,35.860001
8/25/2020,3.935,35.610001
8/26/2020,3.86,34.470002
8/27/2020,3.85,34.679993
8/28/2020,3.97,35.539994
8/31/2020,3.85,34.529999
9/1/2020,3.89,35.179993
9/2/2020,3.64,34.610001
9/3/2020,3.595,34.570008
9/4/2020,3.66,34.759995
9/8/2020,3.36,32.539994
9/9/2020,3.46,32.490006
9/10/2020,3.21,31
9/11/2020,3.165,30.75
9/14/2020,3.23,31.360001
9/15/2020,3.29,31.740006
9/16/2020,3.49,33.220002
9/17/2020,3.47,32.899994
9/18/2020,3.45,32.509995
9/21/2020,3.17,30.059998
9/22/2020,3.17,29.809998
9/23/2020,2.88,27.860001
9/24/2020,2.9,27.660004
9/25/2020,2.855,27.309998
9/28/2020,3,28.589997
9/29/2020,2.91,28.259995
9/30/2020,2.85,27.960007
10/1/2020,2.57,27.279999
10/2/2020,2.57,28
10/5/2020,2.62,28.899994
10/6/2020,2.69,28.520005
10/7/2020,2.835,28.690003
10/8/2020,3.04,30.210007
10/9/2020,2.96,29.710007
10/12/2020,2.935,29.610001
10/13/2020,2.79,28.729996
10/14/2020,2.865,29.119996
10/15/2020,2.84,29.300004
10/16/2020,2.65,28.059998
10/19/2020,2.615,27.919999
10/20/2020,2.68,28.679993
10/21/2020,2.61,28.39
10/22/2020,2.81,29.14
10/23/2020,2.89,29.479996
10/26/2020,2.665,28.130005
10/27/2020,2.65,27.710007
10/28/2020,2.49,26
10/29/2020,2.52,26.630005
10/30/2020,2.56,27.360001
11/2/2020,2.78,28.839997
11/3/2020,2.8,29.399994
11/4/2020,2.87,28.898697
11/5/2020,2.9,29.279999
11/6/2020,2.87,28.699997
11/9/2020,3.475,33.960007
11/10/2020,3.55,34.149994
11/11/2020,3.46,33.649994
11/12/2020,3.28,32.64
11/13/2020,3.56,33.860001
11/16/2020,4.025,37.110001
11/17/2020,4.08,37.699997
11/18/2020,4.16,37.5
11/19/2020,4.24,38.279999
11/20/2020,4.09,37.589997
11/23/2020,4.5,41.309998
11/24/2020,4.84,43.929993
11/25/2020,4.835,43.169999
11/27/2020,4.65,42.210007
11/30/2020,4.31,39.059998
12/1/2020,4.505,40.919999
12/2/2020,4.68,42.130005
12/3/2020,4.84,42.490006
12/4/2020,5.17,45.679993
12/7/2020,5.13,45.039994
12/8/2020,5.345,46.279999
12/9/2020,5.18,45.820008
12/10/2020,5.61,47.949997
12/11/2020,5.56,47.25
12/14/2020,5.47,46.210007
12/15/2020,5.72,47.710007
12/16/2020,5.58,46.990006
12/17/2020,5.745,46.860001
12/18/2020,5.43,45.64
12/21/2020,5.39,44.600007
12/22/2020,5.27,44.399994
12/23/2020,5.42,45.729996
12/24/2020,5.3,45.149994
12/28/2020,5.25,44.690003
12/29/2020,5.21,44.350007
12/30/2020,5.36,44.929993
12/31/2020,5.26,44.839997
1/4/2021,5.42,45.539994
1/5/2021,6.08,48.979996
1/6/2021,6.28,51.119996
1/7/2021,6.3,51.669999
1/8/2021,6.2,51.320008
1/11/2021,6.11,51.190003
1/12/2021,6.595,54.449997
1/13/2021,6.35,52.75
1/14/2021,6.87,55.289994
1/15/2021,6.59,52.869996
1/19/2021,6.575,52.869996
1/20/2021,6.62,52.210007
1/21/2021,5.96,49.89
1/22/2021,6.24,51.029999
1/25/2021,6.23,49.360001
1/26/2021,5.91,48.919999
1/27/2021,6.06,48.5
1/28/2021,6.23,49.259995
1/29/2021,6.15,48.309998
2/1/2021,6.36,49.110001
2/2/2021,6.44,49.729996
2/3/2021,6.69,51.419999
2/4/2021,6.07,52.770005
2/5/2021,6.24,52.860001
2/8/2021,6.41,54.520005
2/9/2021,6.21,53.380005
2/10/2021,6.29,54.449997
2/11/2021,6.08,52.839997
2/12/2021,6.25,53.369996
2/16/2021,6.35,55.259995
2/17/2021,6.3,55.380005
2/18/2021,6.16,53.419999
2/19/2021,6.28,54.399994
2/22/2021,6.92,56.259995
2/23/2021,6.84,55.509995
2/24/2021,7.465,58.800004
2/25/2021,7.5,58.320008
2/26/2021,7.4,57.710007
3/1/2021,7.91,60.770005
3/2/2021,7.59,58.89
3/3/2021,7.6,59.520005
3/4/2021,8.04,60.380005
3/5/2021,9.31,64.559998
3/8/2021,9.65,65.949997
3/9/2021,9.095,62.800004
3/10/2021,9.55,65.729996
3/11/2021,9.42,64.800004
3/12/2021,9,64.149994
3/15/2021,8.97,63.100007
3/16/2021,8.47,60.130005
3/17/2021,8.64,60.660004
3/18/2021,7.78,57.029999
3/19/2021,7.95,57.149994
3/22/2021,7.58,55.199997
3/23/2021,7.02,51.800004
3/24/2021,6.98,52.25
3/25/2021,7.4,53.210007
3/26/2021,7.47,54.720002
3/29/2021,7.115,52.630005
3/30/2021,7.16,52.64
3/31/2021,7.13,53.240006
4/1/2021,7.35,55.080002
4/5/2021,6.95,53.330002
4/6/2021,6.97,52.869996
4/7/2021,7.12,52.960007
4/8/2021,7.05,52.320008
4/9/2021,6.85,51.070008
4/12/2021,6.82,50.699997
4/13/2021,6.76,50.130005
4/14/2021,7.145,53
4/15/2021,6.9,51.779999
4/16/2021,6.77,50.979996
4/19/2021,6.72,50.699997
4/20/2021,6.35,47.919999
4/21/2021,6.43,48.800004
4/22/2021,6.24,48.270005
4/23/2021,6.315,48.919999
4/26/2021,6.42,49.979996
4/27/2021,6.37,49.539994
4/28/2021,6.81,52.89
4/29/2021,7.035,53.110001
4/30/2021,6.76,50.509995
5/3/2021,7.39,52.589997
5/4/2021,7.56,52.929993
5/5/2021,8.08,56.080002
5/6/2021,8.01,56.660004
5/7/2021,8.56,59.729996
5/10/2021,8.32,57.880005
5/11/2021,8.24,57.850007
5/12/2021,8.26,57.729996
5/13/2021,8.05,57.210007
5/14/2021,8.52,59.479996
5/17/2021,8.98,61.210007
5/18/2021,8.62,59.64
5/19/2021,8.28,57.839997
5/20/2021,8.26,57.550004
5/21/2021,8.4,58.380005
5/24/2021,8.41,58.490006
5/25/2021,8.03,56.850007
5/26/2021,8.31,58.070008
5/27/2021,8.55,59.330002
5/28/2021,8.37,58.660004
6/1/2021,8.92,61.429993
6/2/2021,9.89,66.669999
6/3/2021,10.12,67.229996
6/4/2021,10.44,67.929993
6/7/2021,10.2,66.220002
6/8/2021,10.72,66.220002
6/9/2021,10.54,65.309998
6/10/2021,10.37,64.770005
6/11/2021,10.4,65.5
6/14/2021,10.28,64.5
6/15/2021,10.55,66.809998
6/16/2021,10.58,66.990006
6/17/2021,10.03,63.199997
6/18/2021,9.79,61.759995
6/21/2021,10.38,65.130005
6/22/2021,10.35,64.919999
6/23/2021,10.65,64.839997
6/24/2021,10.97,66.009995
6/25/2021,10.4,64.660004
6/28/2021,10.09,61.160004
6/29/2021,9.94,61.369996
6/30/2021,9.94,61.960007
7/1/2021,10.26,65.009995
7/2/2021,10.14,64.279999
7/6/2021,9.28,60.380005
7/7/2021,8.91,59.009995
7/8/2021,8.91,58.850007
7/9/2021,9.36,60.710007
7/12/2021,9.48,60.910004
7/13/2021,9.24,59.580002
7/14/2021,8.78,57.029999
7/15/2021,8.53,54.809998
7/16/2021,8.24,53.119996
7/19/2021,7.83,50.860001
7/20/2021,7.95,52.220002
7/21/2021,8.32,54.929993
7/22/2021,8.12,53.729996
7/23/2021,7.85,52.490006
7/26/2021,8.33,54.699997
7/27/2021,8.13,53.339997
7/28/2021,8.23,53.919999
7/29/2021,8.36,54.559998
7/30/2021,8.02,52.970002
8/2/2021,7.98,52.330002
8/3/2021,8.09,53.169999
8/4/2021,7.27,49.470002
8/5/2021,7.36,50.369996
8/6/2021,7.65,51.529999
8/9/2021,7.46,50.490006
8/10/2021,7.88,52.169999
8/11/2021,7.99,52.759995
8/12/2021,7.83,51.809998
8/13/2021,7.57,50.440003
8/16/2021,7.27,48.880005
8/17/2021,7.12,47.979996
8/18/2021,6.99,47.39
8/19/2021,6.61,45.699997
8/20/2021,6.6,45.970002
8/23/2021,7.08,48.64
8/24/2021,7.28,50.160004
8/25/2021,7.36,50.5
8/26/2021,7.21,49.850007
8/27/2021,7.92,52.960007
8/30/2021,7.7,51.570008
8/31/2021,7.76,51.520005
9/1/2021,7.61,51.330002
9/2/2021,7.99,52.800004
9/3/2021,7.77,51.929993
9/7/2021,7.78,51.979996
9/8/2021,7.59,50.080002
9/9/2021,7.8,50.429993
9/10/2021,7.78,50.610001
9/13/2021,8.51,53.220002
9/14/2021,8.1,51.899994
9/15/2021,8.32,53.860001
9/16/2021,8.03,52.5
9/17/2021,7.88,51.460007
9/20/2021,7.58,49.440003
9/21/2021,7.7,49.149994
9/22/2021,7.95,49.809998
9/23/2021,8.56,52.419999
9/24/2021,8.62,52.600007
9/27/2021,9.19,55.710007
9/28/2021,9.09,55.380005
9/29/2021,9.09,54.75
9/30/2021,9,54.419999
10/1/2021,9.44,56.869996
10/4/2021,9.85,58.580002
10/5/2021,9.75,58.809998
10/6/2021,9.08,55.919999
10/7/2021,9.15,57.740006
10/8/2021,9.09,59.419999
10/11/2021,9,59.479996
10/12/2021,8.82,59.509995
10/13/2021,8.96,60.080002
10/14/2021,8.98,60.619996
10/15/2021,9.08,61.300004
10/18/2021,9.43,61.580002
10/19/2021,9.26,61.660004
10/20/2021,9.41,62.020005
10/21/2021,9.21,60.360001
10/22/2021,9.14,60.529999
10/25/2021,9.45,61.449997
10/26/2021,9.84,61.520005
10/27/2021,9.09,58.270005
10/28/2021,9.09,58.880005
10/29/2021,8.56,57.190003
11/1/2021,8.84,58.89
11/2/2021,9.01,58.529999
11/3/2021,9.13,58.619996
11/4/2021,9.1,58.119996
11/5/2021,9.36,59.119996
11/8/2021,9.38,60.179993
11/9/2021,9.65,60.509995
11/10/2021,9.08,57.210007
11/11/2021,9.01,57.100007
11/12/2021,8.65,56.179993
11/15/2021,8.48,55.559998
11/16/2021,8.71,56.089997
11/17/2021,8.33,54.089997
11/18/2021,8.03,52.630005
11/19/2021,7.36,49.809998
11/22/2021,7.25,50.429993
11/23/2021,7.63,52.229996
11/24/2021,7.54,51.970002
11/26/2021,7.16,49.270005
11/29/2021,7.18,49.809998
11/30/2021,7.06,48.190003
12/1/2021,6.94,46.75
12/2/2021,7.29,48.300004
12/3/2021,7.48,47.899994
12/6/2021,7.68,49.630005
12/7/2021,8.06,51.399994
12/8/2021,8.47,52.25
12/9/2021,8.45,51.880005
12/10/2021,9.06,52.89
12/13/2021,8.49,50.350007
12/14/2021,8.19,49.149994
12/15/2021,8.29,49.589997
12/16/2021,8.28,49.160004
12/17/2021,8.01,48.539994
12/20/2021,7.74,47.399994
12/21/2021,8.72,50.149994
12/22/2021,8.8,50.649994
12/23/2021,8.75,50.539994
12/27/2021,8.94,51.300004
12/28/2021,8.78,50.690003
12/29/2021,8.53,49.830002
12/30/2021,8.5,49.399994
12/31/2021,8.45,49.429993
1/3/2022,9.07,52.990006
1/4/2022,9.57,55.320008
1/5/2022,9.02,54.229996
1/6/2022,9.69,56
1/7/2022,9.64,56.550004
1/10/2022,9.98,56.589997
1/11/2022,10.26,58.850007
1/12/2022,9.98,58.520005
1/13/2022,9.92,58.270005
1/14/2022,10.31,60.559998
1/18/2022,10.2,59.429993
1/19/2022,10.1,58.380005
1/20/2022,9.8,57.089997
1/21/2022,9.4,55.380005
1/24/2022,9.81,56.759995
1/25/2022,10.32,59.740006
1/26/2022,10.14,59.570008
1/27/2022,9.9,58.169999
1/28/2022,10.08,58.320008
1/31/2022,9.96,58.179993
2/1/2022,10.58,61.149994
2/2/2022,10.5,60.229996
2/3/2022,10.44,59.14
2/4/2022,10.85,60.630005
2/7/2022,10.78,60.190003
2/8/2022,10.63,58.880005
2/9/2022,10.97,60.009995
2/10/2022,11.4,60.005005
2/11/2022,12.74,63.039994
2/14/2022,13.06,61.610001
2/15/2022,13.57,62.339997
2/16/2022,13.86,63.399994
2/17/2022,13.93,62.990006
2/18/2022,13.15,61.509995
2/22/2022,13.06,60.600007
2/23/2022,13.41,60.529999
2/24/2022,13.15,61.229996
2/25/2022,13.5,62.240006
2/28/2022,14.43,64.190003
3/1/2022,14.16,63.14
3/2/2022,14.69,66.039994
3/3/2022,14.53,66.479996
3/4/2022,15.1,69
3/7/2022,16.04,74.360001
3/8/2022,15.79,76.580002
3/9/2022,15.66,73.580002
3/10/2022,16.13,76.759995
3/11/2022,16.11,75.630005
3/14/2022,15.33,71.539994
3/15/2022,14.73,68.919999
3/16/2022,14.62,68.149994
3/17/2022,15.12,71.529999
3/18/2022,14.76,70.960007
3/21/2022,15.23,73.279999
3/22/2022,14.93,72.830002
3/23/2022,15.33,73.899994
3/24/2022,15.57,74.399994
3/25/2022,16.1,77.529999
3/28/2022,15.06,74.130005
3/29/2022,15.31,75.199997
3/30/2022,15.42,75.419999
3/31/2022,15.48,75.039994
4/1/2022,15.85,77.190003
4/4/2022,15.96,77.369996
4/5/2022,15.33,74.600007
4/6/2022,15.26,74.279999
4/7/2022,15.49,74.479996
4/8/2022,16.26,77.330002
4/11/2022,16.13,74.910004
4/12/2022,16.65,77.259995
4/13/2022,17.49,79.119996
4/14/2022,17.67,80.490006
4/18/2022,17.98,82.429993
4/19/2022,18.36,81.149994
4/20/2022,18.4,80.619996
4/21/2022,17.67,76.470002
4/22/2022,16.87,74.130005
4/25/2022,15.92,70.600007
4/26/2022,15.9,70.089997
4/27/2022,16.23,70.740006
4/28/2022,17.44,72.690003
4/29/2022,16.44,70.160004
5/2/2022,16.24,69.990006
5/3/2022,16.91,72.429993
5/4/2022,17.57,75.529999
5/5/2022,16.24,72.619996
5/6/2022,16.46,73.240006
5/9/2022,14.47,65.360001
5/10/2022,14.34,65.380005
5/11/2022,14.5,66.050004
5/12/2022,14.3,65.699997
5/13/2022,15.12,68.789994
5/16/2022,15.83,71.210007
5/17/2022,16.2,72.429993
5/18/2022,16,70.029999
5/19/2022,15.79,69.960007
5/20/2022,15.8,69.630005
5/23/2022,17.16,73.190003
5/24/2022,17.45,73.600007
5/25/2022,18.3,75.300004
5/26/2022,19.49,77.100007
5/27/2022,19.81,78.130005
5/31/2022,19.08,76.759995
6/1/2022,18.89,78.710007
6/2/2022,18.73,77.910004
6/3/2022,19.24,79.350007
6/6/2022,19.15,79.830002
6/7/2022,19.67,82.100007
6/8/2022,19.75,81.020005
6/9/2022,18.73,77.869996
6/10/2022,18.19,75.470002
6/13/2022,16.96,69.190003
6/14/2022,16.67,68.380005
6/15/2022,16.6,67.710007
6/16/2022,15.94,64.479996
6/17/2022,15.24,61.619996
6/21/2022,16.4,64.009995
6/22/2022,15.56,60.020005
6/23/2022,14.55,56.789994
6/24/2022,15.77,58.949997
6/27/2022,16.03,61.660004
6/28/2022,16.44,62.740006
6/29/2022,16.48,61.64
6/30/2022,15.76,59.679993
7/1/2022,15.13,59.529999
7/5/2022,13,54.75
7/6/2022,12.83,53.520005
7/7/2022,13.79,56.710007
7/8/2022,14.2,57.009995
7/11/2022,13.81,55.490006
7/12/2022,13.16,53.410004
7/13/2022,13.01,53.169999
7/14/2022,12.69,51.419999
7/15/2022,12.72,52.460007
7/18/2022,13.76,54.740006
7/19/2022,14.19,56.919999
7/20/2022,14.3,56.919999
7/21/2022,13.32,54.320008
7/22/2022,13.33,53.899994
7/25/2022,14.36,57.229996
7/26/2022,14.14,57.029999
7/27/2022,15.31,60.600007
7/28/2022,15.81,60.770005
7/29/2022,16.55,63.970002
8/1/2022,16.4,62.229996
8/2/2022,16.3,63.270005
8/3/2022,15.53,61.320008
8/4/2022,13.86,57.869996
8/5/2022,14.37,59.529999
8/8/2022,14.37,59.580002
8/9/2022,14.66,60.360001
8/10/2022,14.71,60.690003
8/11/2022,15.27,63.050004
8/12/2022,15.39,64.179993
8/15/2022,14.5,61.509995
8/16/2022,14.27,60.539994
8/17/2022,14.31,61.039994
8/18/2022,15.24,64.070008
8/19/2022,15.07,62.720002
8/22/2022,15.22,62.240006
8/23/2022,15.94,64.839997
8/24/2022,16.32,66.479996
8/25/2022,16.39,67.149994
8/26/2022,15.7,65.429993
8/29/2022,16,66.419999
8/30/2022,14.79,63.309998
8/31/2022,14.9,62.899994
9/1/2022,14.28,60.479996
9/2/2022,15.34,63.539994
9/6/2022,15.06,62.410004
9/7/2022,14.36,61.619996
9/8/2022,14.35,61.789994
9/9/2022,14.99,64.979996
9/12/2022,15.34,66.169999
9/13/2022,14.85,63.669999
9/14/2022,15.45,65.940003
9/15/2022,14.67,64.429993
9/16/2022,13.98,61.880005
9/19/2022,14.15,61.929993
9/20/2022,13.57,59.850007
9/21/2022,13.39,58.520005
9/22/2022,12.99,57.949997
9/23/2022,10.86,52.850007
9/26/2022,11.11,51.830002
9/27/2022,11.39,52.949997
9/28/2022,11.99,55.529999
9/29/2022,11.84,55.550004
9/30/2022,11.68,55.179993
10/3/2022,12.6,59.110001
10/4/2022,13.37,61.619996
10/5/2022,14.31,63.919999
10/6/2022,14.41,64.580002
10/7/2022,14.29,64.039994
10/10/2022,13.88,62.080002
10/11/2022,13.68,61.440003
10/12/2022,13.78,61.25
10/13/2022,14.45,64.350007
10/14/2022,13.29,61.740006
10/17/2022,13.62,63.539994
10/18/2022,14.14,64.559998
10/19/2022,14.57,67.64
10/20/2022,14.9,68.320008
10/21/2022,14.96,70.899994
10/24/2022,15.06,72.259995
10/25/2022,14.6,72.630005
10/26/2022,16.18,76.169999
10/27/2022,16.85,75.929993
10/28/2022,17.3,75.949997
10/31/2022,17.65,78.520005
11/1/2022,18.01,77.839997
11/2/2022,17.59,76.039994
11/3/2022,18.26,78.589997
11/4/2022,18.12,79.839997
11/7/2022,19.08,82.529999
11/8/2022,19.29,82.610001
11/9/2022,17.94,77.699997
11/10/2022,18.95,80.369996
11/11/2022,19.3,82.740006
11/14/2022,18.67,81.089997
11/15/2022,18.99,82.470002
11/16/2022,18.66,80.949997
11/17/2022,18.57,80.820008
11/18/2022,18.58,79.770005
11/21/2022,17.85,77.479996
11/22/2022,18.52,79.850007
11/23/2022,18.05,77.979996
11/25/2022,17.58,77.350007
11/28/2022,17.1,75.399994
11/29/2022,17.47,76.929993
11/30/2022,17.95,78.679993
12/1/2022,17.43,78.119996
12/2/2022,17.61,79.339997
12/5/2022,16.31,75.330002
12/6/2022,16.13,74.169999
12/7/2022,15.73,72.399994
12/8/2022,15.69,72.490006
12/9/2022,15.3,69.729996
12/12/2022,16.45,72.520005
12/13/2022,16.97,75.279999
12/14/2022,16.88,75.229996
12/15/2022,16.64,74.429993
12/16/2022,16.19,73.369996
12/19/2022,16.23,73.309998
12/20/2022,16.96,76.25
12/21/2022,16.62,77.679993
12/22/2022,16.01,75.690003
12/23/2022,16.85,78.860001
12/27/2022,16.93,79.050004
12/28/2022,16.22,76.600007
12/29/2022,17,79.199997
12/30/2022,16.84,79.75
1/3/2023,15.7,75.210007
1/4/2023,16.3,75.660004
1/5/2023,16.71,76.820008
1/6/2023,16.88,79.169999
1/9/2023,17.1,81.089997
1/10/2023,17.6,83.199997
1/11/2023,17.14,83.070008
1/12/2023,17.44,85.190003
1/13/2023,17.37,85.789994
1/17/2023,17.18,86.729996
1/18/2023,16.11,82.770005
1/19/2023,15.92,82.89
1/20/2023,16,84.449997
1/23/2023,16.12,84.440003
1/24/2023,16.25,83.990006
1/25/2023,17.27,86.429993
1/26/2023,16.92,87.059998
1/27/2023,16.76,86.259995
1/30/2023,16.7,85.360001
1/31/2023,16.8,87.570008
2/1/2023,16.26,87.460007
2/2/2023,16.01,84.600007
2/3/2023,15.87,85.39
2/6/2023,16,85.419999
2/7/2023,16.23,87.580002
2/8/2023,16.81,89.470002
2/9/2023,14.39,86.080002
2/10/2023,15.09,88.979996
2/13/2023,15.105,89.580002
2/14/2023,15.26,89.410004
2/15/2023,14.82,88.509995
2/16/2023,14.5,88.490006
2/17/2023,14.1,84.89
2/21/2023,13.51,82.64
2/22/2023,13.2,80.009995
2/23/2023,13.19,81.580002
2/24/2023,13.59,83.699997
2/27/2023,13.94,85.800004
2/28/2023,13.7,85.279999
3/1/2023,14.33,87.600007
3/2/2023,14.89,89.470002
3/3/2023,14.98,90.89
3/6/2023,15.12,90.479996
3/7/2023,14.8,88.729996
3/8/2023,14.42,87.240006
3/9/2023,13.31,82.410004
3/10/2023,13.15,80.240006
3/13/2023,12.64,76.240006
3/14/2023,12.72,76.869996
3/15/2023,11.66,71.559998
3/16/2023,11.71,72.059998
3/17/2023,11.36,69.779999
3/20/2023,11.61,71.919999
3/21/2023,11.87,74.259995
3/22/2023,11.07,71.5
3/23/2023,10.7,69.860001
3/24/2023,10.83,69.600007
3/27/2023,11.46,73.070008
3/28/2023,11.81,74.929993
3/29/2023,11.78,75.559998
3/30/2023,11.51,74.399994
3/31/2023,11.7,75.210007
4/3/2023,12.64,79.699997
4/4/2023,12.23,76.919999
4/5/2023,12.25,76.509995
4/6/2023,12.01,75.399994
4/10/2023,12.25,76.479996
4/11/2023,12.32,77.179993
4/12/2023,12.16,77.619996
4/13/2023,12.25,77.979996
4/14/2023,12.04,77.809998
4/17/2023,11.9,77.309998
4/18/2023,11.95,77.119996
4/19/2023,12.22,77.110001
4/20/2023,12.09,75.770005
4/21/2023,11.84,74.770005
4/24/2023,12.47,77.380005
4/25/2023,11.69,73.539994
4/26/2023,11.65,72.240006
4/27/2023,11.36,72.360001
4/28/2023,11.19,73.779999
5/1/2023,11.19,73.589997
5/2/2023,10.54,69.130005
5/3/2023,10.31,68.229996
5/4/2023,10.44,68.940003
5/5/2023,10.65,71.080002
5/8/2023,10.56,70.770005
5/9/2023,10.49,71.059998
5/10/2023,10.25,70.690003
5/11/2023,10.16,68.720002
5/12/2023,10.1,68.970002
5/15/2023,10.2,69.729996
5/16/2023,10.07,67.940003
5/17/2023,10.6,69.809998
5/18/2023,10.97,70.740006
5/19/2023,10.66,70.839997
5/22/2023,10.84,72.570008
5/23/2023,10.95,72.800004
5/24/2023,11.02,73.410004
5/25/2023,10.57,71.220002
5/26/2023,10.5,71
5/30/2023,10.21,69.550004
5/31/2023,9.74,67.100007
6/1/2023,10.27,70.580002
6/2/2023,11.04,74.589997
6/5/2023,10.61,73.059998
6/6/2023,10.76,73.75
6/7/2023,11.46,76.14
6/8/2023,11.58,76.339997
6/9/2023,11.31,75.550004
6/12/2023,10.78,73.070008
6/13/2023,11.51,74.720002
6/14/2023,11.13,74.119996
6/15/2023,12.48,75.740006
6/16/2023,11.71,74.630005
6/20/2023,11.6,73.64
6/21/2023,11.81,74.699997
6/22/2023,11.51,73.330002
6/23/2023,11.42,72.309998
6/26/2023,11.62,74.089997
6/27/2023,11.84,74.940003
6/28/2023,11.84,74.800004
6/29/2023,11.96,76.470002
6/30/2023,11.97,78.169999
7/3/2023,12.32,79.009995
7/5/2023,12.2,78.970002
7/6/2023,11.99,78.149994
7/7/2023,13.01,83.600007
7/10/2023,13.36,84.529999
7/11/2023,13.74,87
7/12/2023,13.89,87.600007
7/13/2023,14.08,88.270005
7/14/2023,13.57,86.679993
7/17/2023,14.25,87.770005
7/18/2023,14.85,90.220002
7/19/2023,15.12,90.210007
7/20/2023,14.75,89.479996
7/21/2023,14.69,89.64
7/24/2023,15.19,91.740006
7/25/2023,15.36,92.369996
7/26/2023,15.4,92.610001
7/27/2023,15.54,91.039994
7/28/2023,15.25,92.490006
7/31/2023,15.84,94.369996
8/1/2023,15.72,94.059998
8/2/2023,15.5,93.020005
8/3/2023,15.63,94.229996
8/4/2023,15.27,93.899994
8/7/2023,15.2,92.929993
8/8/2023,15.17,93.449997
8/9/2023,15.32,94.449997
8/10/2023,15.01,93.779999
8/11/2023,15.13,94.64
8/14/2023,14.94,93.529999
8/15/2023,14.61,91.869996
8/16/2023,14.53,91.479996
8/17/2023,14.52,91.009995
8/18/2023,14.68,92.380005
8/21/2023,14.45,91.720002
8/22/2023,14.21,90.690003
8/23/2023,14.23,91.39
8/24/2023,14.07,90.119996
8/25/2023,14.01,90.240006
8/28/2023,14.01,91.380005
8/29/2023,14.25,92.149994
8/30/2023,14.03,92.839997
8/31/2023,14.14,93
9/1/2023,14.91,96.039994
9/5/2023,14.83,96.699997
9/6/2023,14.31,96.990006
9/7/2023,14.5,96.570008
9/8/2023,15,97.259995
9/11/2023,15.06,97.550004
9/12/2023,15.74,99.830002
9/13/2023,15.73,97.669999
9/14/2023,15.81,99.270005
9/15/2023,15.58,98.5
9/18/2023,15.57,98.649994
9/19/2023,15.15,96.309998
9/20/2023,14.98,95.979996
9/21/2023,14.42,94.14
9/22/2023,14.48,94.929993
9/25/2023,14.63,96.410004
9/26/2023,14.34,95.589997
9/27/2023,15.13,99.210007
9/28/2023,14.56,98.270005
9/29/2023,13.84,95.779999
10/2/2023,13.06,92.570008
10/3/2023,13.01,92.830002
10/4/2023,12.31,88.320008
10/5/2023,12.21,87.649994
10/6/2023,12.32,88.910004
10/9/2023,13.22,92.789994
10/10/2023,13.23,93.039994
10/11/2023,13.51,93.720002
10/12/2023,13.36,92.64
10/13/2023,13.78,94.309998
10/16/2023,13.83,93.710007
10/17/2023,13.95,95.589997
10/18/2023,13.81,95.240006
10/19/2023,13.96,94.960007
10/20/2023,13.68,92.979996
10/23/2023,13.42,92.020005
10/24/2023,13.43,91.649994
10/25/2023,13.39,90.179993
10/26/2023,13.04,88.220002
10/27/2023,13.01,88.289994
10/30/2023,12.72,87.789994
10/31/2023,12.7,87.460007
11/1/2023,12.56,87.880005
11/2/2023,12.8,90.479996
11/3/2023,12.83,90.130005
11/6/2023,12.49,88.169999
11/7/2023,11.76,83.740006
11/8/2023,12.21,83.550004
11/9/2023,12.11,83.550004
11/10/2023,12.2,84.64
11/13/2023,12.13,85.320008
11/14/2023,12.17,87.25
11/15/2023,11.92,85.649994
11/16/2023,11.52,82.259995
11/17/2023,12.08,84.479996
11/20/2023,12.02,84.5
11/21/2023,11.92,83.759995
11/22/2023,11.91,83.539994
11/24/2023,11.97,84.479996
11/27/2023,11.8,83.64
11/28/2023,11.74,83.279999
11/29/2023,11.82,83.14
11/30/2023,11.71,83.529999
12/1/2023,11.77,84.369996
12/4/2023,11.82,83.899994
12/5/2023,11.24,81.960007
12/6/2023,10.91,78.75
12/7/2023,10.82,78.64
12/8/2023,10.85,79.919999
12/11/2023,10.84,79.649994
12/12/2023,10.73,78.419999
12/13/2023,11.01,80.610001
12/14/2023,11.34,83.940003
12/15/2023,11.07,83.190003
12/18/2023,11.04,83.779999
12/19/2023,11.14,85.600007
12/20/2023,10.98,84.490006
12/21/2023,11,85.330002
12/22/2023,10.91,85.240006
12/26/2023,11.17,87.580002
12/27/2023,11.07,86.880005
12/28/2023,10.87,85.300004
12/29/2023,10.8,84.509995
