date,SBUX,XLY
1/4/2010,11.524994,30
1/5/2010,11.7949985,30.11
1/6/2010,11.7099995,30.15
1/7/2010,11.679993,30.4
1/8/2010,11.6399995,30.39
1/11/2010,11.604996,30.33
1/12/2010,11.4099965,29.94
1/13/2010,11.6875,30.28
1/14/2010,11.774994,30.28
1/15/2010,11.634995,29.98
1/19/2010,11.7899935,30.38
1/20/2010,11.644997,29.97
1/21/2010,11.8379975,29.59
1/22/2010,11.4549945,29.02
1/25/2010,11.199997,29.17
1/26/2010,11.269997,29.21
1/27/2010,11.2049945,29.26
1/28/2010,11.0399935,29.09
1/29/2010,10.894997,28.91
2/1/2010,11.114998,29.28
2/2/2010,11.2249985,29.69
2/3/2010,11.2149965,29.71
2/4/2010,10.904999,28.85
2/5/2010,10.8499985,28.77
2/8/2010,10.9549945,28.59
2/9/2010,11.094994,29.03
2/10/2010,11.184998,28.91
2/11/2010,11.279999,29.25
2/12/2010,11.2999955,29.25
2/16/2010,11.439995,29.72
2/17/2010,11.574997,29.96
2/18/2010,11.6299975,30.15
2/19/2010,11.679993,30.22
2/22/2010,11.449997,30.21
2/23/2010,11.3399965,30.03
2/24/2010,11.5399935,30.42
2/25/2010,11.449997,30.47
2/26/2010,11.4549945,30.52
3/1/2010,11.644997,31
3/2/2010,11.6649935,30.84
3/3/2010,11.529999,30.93
3/4/2010,11.4599995,31.21
3/5/2010,11.684998,31.79
3/8/2010,11.6599965,31.87
3/9/2010,11.809998,31.82
3/10/2010,12.114998,31.89
3/11/2010,12.134995,32.12
3/12/2010,12.1399995,32.21
3/15/2010,12.2099995,32.17
3/16/2010,12.644997,32.41
3/17/2010,12.779999,32.57
3/18/2010,12.509995,32.56
3/19/2010,12.484993,32.4
3/22/2010,12.6199955,32.74
3/23/2010,12.7049945,32.87
3/24/2010,12.644997,32.74
3/25/2010,12.104996,32.93
3/26/2010,12.2949985,33.06
3/29/2010,12.304993,33.11
3/30/2010,12.279999,33.08
3/31/2010,12.134995,32.84
4/1/2010,12.1199955,33.07
4/5/2010,12.304993,33.47
4/6/2010,12.2999955,33.52
4/7/2010,12.4549945,33.4
4/8/2010,12.4149935,33.72
4/9/2010,12.359993,33.97
4/12/2010,12.2449955,33.97
4/13/2010,12.364998,34.15
4/14/2010,12.4199985,34.68
4/15/2010,12.564995,34.83
4/16/2010,12.479996,34.37
4/19/2010,12.449997,34.43
4/20/2010,12.6299975,34.85
4/21/2010,12.695,35.01
4/22/2010,13.625,35.64
4/23/2010,13.6299975,35.67
4/26/2010,13.695,35.95
4/27/2010,13.2649995,34.91
4/28/2010,13.109993,34.79
4/29/2010,13.2999955,35.56
4/30/2010,12.989998,34.82
5/3/2010,13.5899965,35.52
5/4/2010,13.0149995,34.4825
5/5/2010,13.109993,33.99
5/6/2010,12.804993,32.78
5/7/2010,12.725243,32.18
5/10/2010,13.519997,33.86
5/11/2010,13.3499985,33.85
5/12/2010,13.9249955,34.34
5/13/2010,13.719994,33.57
5/14/2010,13.2549975,33.01
5/17/2010,13.4549945,33.26
5/18/2010,13.2899935,32.64
5/19/2010,13.094994,32.44
5/20/2010,12.5499955,31.18
5/21/2010,12.644997,31.73
5/24/2010,12.5349965,31.51
5/25/2010,12.4599995,31.83
5/26/2010,12.354996,31.73
5/27/2010,13.009995,32.87
5/28/2010,12.945,32.37
6/1/2010,12.8499985,31.88
6/2/2010,13.2899935,32.68
6/3/2010,13.429993,32.79
6/4/2010,13.0762485,31.52
6/7/2010,12.769997,30.92
6/8/2010,12.9249955,31.18
6/9/2010,13.154999,31.22
6/10/2010,13.489998,32.28
6/11/2010,13.574997,32.25
6/14/2010,13.729996,32.34
6/15/2010,13.9649965,33.11
6/16/2010,13.9949955,32.88
6/17/2010,13.989998,32.68
6/18/2010,14.0449985,32.47
6/21/2010,14.009995,32.21
6/22/2010,13.614998,31.49
6/23/2010,13.6599965,31.47
6/24/2010,13.3349995,30.72
6/25/2010,13.404999,30.81
6/28/2010,13.195,30.58
6/29/2010,12.5049975,29.49
6/30/2010,12.149994,29.13
7/1/2010,12.3299945,29.37
7/2/2010,12.1749955,29.04
7/6/2010,11.8052445,29.04
7/7/2010,12.199997,29.86
7/8/2010,12.4199985,30.12
7/9/2010,12.649994,30.41
7/12/2010,12.634995,30.45
7/13/2010,12.969994,31.21
7/14/2010,13,31.01
7/15/2010,13.064995,31.11
7/16/2010,12.6749955,30.02
7/19/2010,12.7449955,30.31
7/20/2010,12.884995,30.74
7/21/2010,12.5849995,30.19
7/22/2010,12.574997,31.1
7/23/2010,12.689995,31.55
7/26/2010,12.695,32.02
7/27/2010,12.5899965,31.61
7/28/2010,12.4949955,31.39
7/29/2010,12.4099965,31.23
7/30/2010,12.4249955,31.44
8/2/2010,12.3399965,32.11
8/3/2010,12.359993,31.62
8/4/2010,12.5899965,32.15
8/5/2010,12.5899965,32.25
8/6/2010,12.6649935,32.03
8/9/2010,12.8299945,32.34
8/10/2010,12.699997,32.06
8/11/2010,12.3299945,31.22
8/12/2010,12.229996,31.1
8/13/2010,11.9949955,30.75
8/16/2010,11.9099965,30.74
8/17/2010,12.1474995,31.24
8/18/2010,12.25,31.53
8/19/2010,12.019997,30.92
8/20/2010,12.024994,30.9
8/23/2010,11.8399965,30.62
8/24/2010,11.4099965,30.1
8/25/2010,11.679993,30.41
8/26/2010,11.634995,30.2
8/27/2010,11.734993,30.69
8/30/2010,11.7149965,30.15
8/31/2010,11.489998,30.19
9/1/2010,11.8399965,31.23
9/2/2010,12.3299945,31.81
9/3/2010,12.5349965,32.28
9/7/2010,12.434998,31.76
9/8/2010,12.3899995,31.99
9/9/2010,12.4149935,32.02
9/10/2010,12.699997,32.29
9/13/2010,12.875,32.68
9/14/2010,12.8899995,32.71
9/15/2010,12.875,32.77
9/16/2010,12.864998,32.77
9/17/2010,12.7649995,32.75
9/20/2010,13.139946,33.38
9/21/2010,13.0799945,33.24
9/22/2010,12.9649965,33.02
9/23/2010,12.7249985,32.85
9/24/2010,13.064995,33.7
9/27/2010,13.074997,33.48
9/28/2010,13.07,33.74
9/29/2010,12.899994,33.5
9/30/2010,12.774994,33.41
10/1/2010,12.969994,33.45
10/4/2010,12.844994,33.38
10/5/2010,13.125,34.08
10/6/2010,13.0499955,33.85
10/7/2010,13.0349965,34.01
10/8/2010,13.0349965,34.36
10/11/2010,12.9949955,34.37
10/12/2010,13.57,34.45
10/13/2010,13.6299975,34.5
10/14/2010,13.712494,34.46
10/15/2010,13.769997,34.71
10/18/2010,13.6749955,34.76
10/19/2010,13.5399935,34.13
10/20/2010,13.7249985,34.57
10/21/2010,13.644997,34.77
10/22/2010,14.2449955,34.96
10/25/2010,14.195,35.18
10/26/2010,14.2649995,35.33
10/27/2010,14.1299975,35.11
10/28/2010,14.114998,35.27
10/29/2010,14.279999,35.26
11/1/2010,14.404999,35.19
11/2/2010,14.439995,35.59
11/3/2010,14.5499955,35.77
11/4/2010,14.875,36.33
11/5/2010,15.434998,36.51
11/8/2010,15.314995,36.45
11/9/2010,15.0849995,36.12
11/10/2010,15.234993,36.44
11/11/2010,15.3699955,36.39
11/12/2010,15.094994,36.01
11/15/2010,15.3924945,35.94
11/16/2010,14.9199985,35.45
11/17/2010,14.9949955,35.76
11/18/2010,15.2899935,36.07
11/19/2010,15.3799975,36.24
11/22/2010,15.434998,36.41
11/23/2010,15.199997,35.87
11/24/2010,15.739998,36.61
11/26/2010,15.5849995,36.31
11/29/2010,15.394997,36.23
11/30/2010,15.2999955,36.15
12/1/2010,15.8499985,36.92
12/2/2010,16.3799975,37.4
12/3/2010,16.359993,37.42
12/6/2010,16.359993,37.46
12/7/2010,16.3899995,37.48
12/8/2010,16.2899935,37.38
12/9/2010,16.199997,37.43
12/10/2010,16.2949985,37.56
12/13/2010,15.9949955,37.38
12/14/2010,16.0537495,37.37
12/15/2010,15.934998,37.25
12/16/2010,16.2949985,37.52
12/17/2010,16.3924945,37.36
12/20/2010,16.4649965,37.58
12/21/2010,16.429993,37.74
12/22/2010,16.4649965,37.79
12/23/2010,16.314995,37.63
12/27/2010,16.234993,37.52
12/28/2010,16.195,37.44
12/29/2010,16.2549975,37.56
12/30/2010,16.2049945,37.49
12/31/2010,16.064995,37.41
1/3/2011,16.625,37.85
1/4/2011,16.239998,37.64
1/5/2011,16.1749955,37.95
1/6/2011,15.979996,37.72
1/7/2011,16.3899995,37.7
1/10/2011,16.384995,37.67
1/11/2011,16.1299975,37.66
1/12/2011,16.0999985,37.75
1/13/2011,16.2049945,37.69
1/14/2011,16.3499985,37.92
1/18/2011,16.5,38.03
1/19/2011,16.5049975,37.65
1/20/2011,16.5899965,37.73
1/21/2011,16.5999985,37.82
1/24/2011,16.7449955,37.97
1/25/2011,16.824997,37.99
1/26/2011,16.5349965,38.05
1/27/2011,16.5149995,38.35
1/28/2011,15.864998,37.1
1/31/2011,15.7649995,37.18
2/1/2011,16.125,37.62
2/2/2011,16.0999985,37.51
2/3/2011,16.179993,37.95
2/4/2011,16.2874985,38.21
2/7/2011,16.1749955,38.412
2/8/2011,16.559998,38.87
2/9/2011,16.492493,39.13
2/10/2011,16.5799945,39.18
2/11/2011,16.6749955,39.58
2/14/2011,16.7899935,39.42
2/15/2011,16.5899965,39.47
2/16/2011,16.7849965,39.79
2/17/2011,16.75,39.8
2/18/2011,17.001244,40.01
2/22/2011,16.384995,39.05
2/23/2011,15.9549945,38.48
2/24/2011,15.9549945,38.71
2/25/2011,16.25,39.1125
2/28/2011,16.489998,39.41
3/1/2011,16.195,38.66
3/2/2011,16.109993,38.81
3/3/2011,16.5049975,39.5
3/4/2011,16.559998,39.21
3/7/2011,16.7999955,38.82
3/8/2011,17.0049975,39.13
3/9/2011,17.269997,39.22
3/10/2011,18.984993,38.77
3/11/2011,18.279999,39.01
3/14/2011,17.864998,38.53
3/15/2011,17.859993,38.21
3/16/2011,17.5,37.56
3/17/2011,17.5449985,37.73
3/18/2011,17.479996,37.58
3/21/2011,17.654999,38.16
3/22/2011,17.4749985,37.86
3/23/2011,18.344994,38.19
3/24/2011,18.7899935,38.75
3/25/2011,18.449997,38.82
3/28/2011,18.439995,38.4175
3/29/2011,18.429993,38.77
3/30/2011,18.359993,39.19
3/31/2011,18.4749985,39.05
4/1/2011,18.625,39.3
4/4/2011,18.364998,39.39
4/5/2011,18.199997,39.52
4/6/2011,18.195,39.45
4/7/2011,17.949997,39.29
4/8/2011,17.884995,39.06
4/11/2011,17.7449955,39.07
4/12/2011,17.884995,39.02
4/13/2011,17.903748,39.15
4/14/2011,17.984993,39.06
4/15/2011,18.189995,39.25
4/18/2011,17.904999,38.9
4/19/2011,18.0799945,38.99
4/20/2011,18.445,39.69
4/21/2011,18.5,39.91
4/25/2011,18.434998,39.87
4/26/2011,18.2999955,39.94
4/27/2011,18.594994,40.42
4/28/2011,18.439995,40.58
4/29/2011,18.0999985,40.55
5/2/2011,18.3399965,40.69
5/3/2011,18.149994,40.46
5/4/2011,18.2849965,40.37
5/5/2011,18.25,40.26
5/6/2011,18.2649995,40.29
5/9/2011,18.059998,40.34
5/10/2011,18.114998,40.86
5/11/2011,17.894997,40.47
5/12/2011,18.2249985,40.87
5/13/2011,18.074997,40.56
5/16/2011,17.5799945,40.02
5/17/2011,17.649994,40.06
5/18/2011,18.304993,40.53
5/19/2011,18.57,40.66
5/20/2011,18.304993,40.27
5/23/2011,18.219994,39.89
5/24/2011,18.144997,39.69
5/25/2011,18.059998,39.7
5/26/2011,18.219994,40.06
5/27/2011,18.229996,40.16
5/31/2011,18.394997,40.44
6/1/2011,17.989998,39.52
6/2/2011,17.9599995,39.43
6/3/2011,17.5799945,38.92
6/6/2011,17.8699955,38.51
6/7/2011,17.9649965,38.55
6/8/2011,17.8699955,38.25
6/9/2011,17.7649995,38.57
6/10/2011,17.5574955,37.86
6/13/2011,17.449997,37.81
6/14/2011,17.634995,38.48
6/15/2011,17.429993,37.89
6/16/2011,17.57,37.8
6/17/2011,17.719994,37.95
6/20/2011,17.9149935,38.26
6/21/2011,18.364998,39.04
6/22/2011,18.6399995,38.74
6/23/2011,18.864998,38.88
6/24/2011,18.6749955,38.5
6/27/2011,18.9949955,38.97
6/28/2011,19.625,39.71
6/29/2011,19.7149965,39.89
6/30/2011,19.7449955,40.21
7/1/2011,20.094994,41.02
7/5/2011,20.4749985,41.2
7/6/2011,20.2099995,41.05
7/7/2011,20.1599965,41.62
7/8/2011,20.1749955,41.37
7/11/2011,19.8699955,40.57
7/12/2011,19.7849965,40.37
7/13/2011,19.7899935,40.58
7/14/2011,19.564995,40.27
7/15/2011,19.899994,40.29
7/18/2011,19.699997,39.9
7/19/2011,20.1599965,40.67
7/20/2011,19.9149935,40.46
7/21/2011,20.189995,40.93
7/22/2011,20.1749955,41.09
7/25/2011,20.199997,40.82
7/26/2011,20.0899965,40.75
7/27/2011,19.484993,40.04
7/28/2011,19.989998,39.84
7/29/2011,20.0449985,39.65
8/1/2011,19.899994,39.44
8/2/2011,19.304993,37.95
8/3/2011,19.6399995,38.23
8/4/2011,18.449997,36.37
8/5/2011,18.359993,36.34
8/8/2011,17.024994,34.06
8/9/2011,18.019997,35.64
8/10/2011,17.3799975,34.12
8/11/2011,18.554993,35.63
8/12/2011,18.679993,36.07
8/15/2011,19.2099995,36.6
8/16/2011,19.445,36.4
8/17/2011,19.3499985,36.35
8/18/2011,17.375496,34.55
8/19/2011,17.5499955,34.05
8/22/2011,17.445,34.15
8/23/2011,18.364998,35.47
8/24/2011,18.684998,36.1
8/25/2011,18.2099995,35.38
8/26/2011,18.695,36.12
8/29/2011,19.024994,37.17
8/30/2011,19.25,37.34
8/31/2011,19.309998,37.57
9/1/2011,19.094994,37.11
9/2/2011,18.7449955,36.06
9/6/2011,18.875,35.95
9/7/2011,19.5899965,36.88
9/8/2011,19.4599995,36.38
9/9/2011,18.654999,35.42
9/12/2011,18.824997,35.84
9/13/2011,19.094994,36.26
9/14/2011,19.274994,36.86
9/15/2011,19.5349965,37.48
9/16/2011,19.5999985,37.77
9/19/2011,20.5799945,37.7
9/20/2011,20.5399935,37.5
9/21/2011,19.949997,36.29
9/22/2011,19.302498,35.2
9/23/2011,19.354996,35.73
9/26/2011,19.7449955,36.57
9/27/2011,19.9249955,36.82
9/28/2011,19.7149965,36.19
9/29/2011,19.0849995,35.89
9/30/2011,18.644997,34.86
10/3/2011,18.0999985,33.84
10/4/2011,18.625,34.91
10/5/2011,19.024994,35.55
10/6/2011,19.25,36.38
10/7/2011,19.6299975,36.35
10/10/2011,20.4599995,37.58
10/11/2011,20.6649935,37.74
10/12/2011,20.7549975,38.08
10/13/2011,20.5449985,38.05
10/14/2011,21.109993,38.67
10/17/2011,20.5799945,37.88
10/18/2011,21.2249985,38.65
10/19/2011,20.4599995,38.07
10/20/2011,20.4949955,38.26
10/21/2011,21.0449985,39.32
10/24/2011,21.269997,39.9
10/25/2011,20.6399995,39.03
10/26/2011,20.699997,38.88
10/27/2011,21.5349965,39.94
10/28/2011,21.25,39.63
10/31/2011,21.179993,39.02
11/1/2011,20.614998,38.18
11/2/2011,20.5899965,38.57
11/3/2011,20.699997,39.07
11/4/2011,22.094994,38.92
11/7/2011,22.114998,39.17
11/8/2011,22.179993,39.55
11/9/2011,21.4749985,38.14
11/10/2011,21.759995,38.5
11/11/2011,22.1699985,39.47
11/14/2011,21.82,39.18
11/15/2011,22.0149995,39.32
11/16/2011,21.509995,38.58
11/17/2011,21.0149995,37.9
11/18/2011,21.009995,37.88
11/21/2011,20.8399965,37.29
11/22/2011,21.1399995,37.27
11/23/2011,20.625,36.53
11/25/2011,20.4199985,36.33
11/28/2011,20.9249955,37.44
11/29/2011,21.104996,37.57
11/30/2011,21.739998,38.74
12/1/2011,21.7949985,38.77
12/2/2011,21.9549945,39.07
12/5/2011,22.0999985,39.43
12/6/2011,21.864998,39.3
12/7/2011,21.939995,39.55
12/8/2011,21.429993,38.71
12/9/2011,21.979996,39.35
12/12/2011,22,39.23
12/13/2011,21.804993,38.46
12/14/2011,21.5449985,38.06
12/15/2011,21.699997,38.12
12/16/2011,21.739998,37.9
12/19/2011,21.809998,37.48
12/20/2011,22.529999,38.51
12/21/2011,22.6199955,38.64
12/22/2011,22.5,38.75
12/23/2011,22.7224965,39.18
12/27/2011,22.969994,39.3
12/28/2011,22.8899995,38.87
12/29/2011,23.2249985,39.27
12/30/2011,23.0049975,39.02
1/3/2012,22.6424945,39.35
1/4/2012,23.0849995,39.66
1/5/2012,23.179993,39.99
1/6/2012,23.359993,40.05
1/9/2012,23.2949985,39.99
1/10/2012,23.4099965,40.25
1/11/2012,23.559998,40.31
1/12/2012,23.7999955,40.43
1/13/2012,23.679993,40.38
1/17/2012,23.854996,40.49
1/18/2012,24.019997,41.14
1/19/2012,24.009995,41.5
1/20/2012,24.074997,41.16
1/23/2012,23.6699985,41.13
1/24/2012,23.824997,41.25
1/25/2012,23.884995,41.55
1/26/2012,24.1699985,41.48
1/27/2012,23.9249955,41.45
1/30/2012,24.239998,41.33
1/31/2012,23.9599995,41.32
2/1/2012,24.1199955,41.46
2/2/2012,23.8299945,41.41
2/3/2012,24.1599965,42.26
2/6/2012,24.144997,42.17
2/7/2012,24.2049945,42.37
2/8/2012,24.359993,42.47
2/9/2012,24.5999985,42.54
2/10/2012,24.4099965,42.31
2/13/2012,24.625,42.65
2/14/2012,24.559998,42.6
2/15/2012,24.239998,42.41
2/16/2012,24.259995,42.59
2/17/2012,24.2249985,42.96
2/21/2012,24.1299975,42.81
2/22/2012,24.1649935,42.7
2/23/2012,24.229996,42.91
2/24/2012,24.149994,42.86
2/27/2012,24.114998,43.11
2/28/2012,24.4549945,43.35
2/29/2012,24.279999,43.19
3/1/2012,24.354996,43.55
3/2/2012,24.445,43.52
3/5/2012,24.519997,43.48
3/6/2012,24.1649935,42.8
3/7/2012,24.7449955,43.29
3/8/2012,25.184998,43.73
3/9/2012,25.9199985,43.98
3/12/2012,25.554993,43.86
3/13/2012,26.1699985,44.54
3/14/2012,26.3399965,44.48
3/15/2012,26.5349965,44.63
3/16/2012,26.604996,44.35
3/19/2012,26.774994,44.58
3/20/2012,26.864998,44.655
3/21/2012,26.904999,44.71
3/22/2012,27.6024935,44.6
3/23/2012,27.672493,44.65
3/26/2012,27.9549945,45.36
3/27/2012,28.1299975,45.29
3/28/2012,28.0149995,44.9
3/29/2012,27.864998,44.89
3/30/2012,27.945,45.09
4/2/2012,28.3349995,45.21
4/3/2012,28.4549945,45.12
4/4/2012,28.479996,44.7
4/5/2012,29.0899965,45.01
4/9/2012,28.7099995,44.6
4/10/2012,28.3899995,43.51
4/11/2012,29.6474995,44.11
4/12/2012,30.3125,44.67
4/13/2012,30.8349995,44.55
4/16/2012,29.824997,44.39
4/17/2012,29.3299945,44.93
4/18/2012,30.1649935,44.93
4/19/2012,29.404999,44.57
4/20/2012,29.5799945,44.64
4/23/2012,29.279999,44.16
4/24/2012,29.024994,44.01
4/25/2012,29.75,44.75
4/26/2012,30.3299945,45.31
4/27/2012,28.7149965,45.87
4/30/2012,28.684998,45.61
5/1/2012,28.8299945,45.91
5/2/2012,28.9599995,46.16
5/3/2012,28.324997,45.8
5/4/2012,27.779999,44.91
5/7/2012,27.739998,44.89
5/8/2012,27.094994,44.35
5/9/2012,27.0499955,44.18
5/10/2012,27.4249955,44.33
5/11/2012,27.5049975,44.24
5/14/2012,26.8349995,43.615
5/15/2012,26.6699985,43.55
5/16/2012,26.509995,43.48
5/17/2012,25.8349995,42.33
5/18/2012,25.7649995,42.01
5/21/2012,26.8499985,42.75
5/22/2012,26.684998,42.92
5/23/2012,27.644997,43.15
5/24/2012,27.3799975,43.35
5/25/2012,27.279999,43.28
5/29/2012,27.7899935,43.88
5/30/2012,27.364998,43.19
5/31/2012,27.445,43.1
6/1/2012,26.074997,41.74
6/4/2012,26.949997,41.89
6/5/2012,26.2049945,42.115
6/6/2012,26.734993,43.03
6/7/2012,26.719994,43.03
6/8/2012,26.7949985,43.41
6/11/2012,26.4149935,42.75
6/12/2012,26.519997,43.21
6/13/2012,25.634995,42.58
6/14/2012,26.1649935,43.15
6/15/2012,26.269997,43.42
6/18/2012,27.0899965,43.73
6/19/2012,27.559998,44.13
6/20/2012,27.82,44.08
6/21/2012,27.0349965,43.115
6/22/2012,27.32,43.31
6/25/2012,26.6474995,42.64
6/26/2012,26.9749985,43.17
6/27/2012,26.375,43.11
6/28/2012,26.0449985,42.87
6/29/2012,26.6599965,43.78
7/2/2012,26.394997,43.91
7/3/2012,25.969994,43.87
7/5/2012,26.199997,43.98
7/6/2012,25.984993,43.77
7/9/2012,26.195,43.53
7/10/2012,26.1699985,43.27
7/11/2012,26.0799945,43.02
7/12/2012,26.3399965,42.92
7/13/2012,26.804993,43.62
7/16/2012,26.449997,43.34
7/17/2012,26.864998,43.77
7/18/2012,26.649994,44
7/19/2012,27.0999985,44.29
7/20/2012,25.979996,43.75
7/23/2012,25.2999955,43.11
7/24/2012,25.239998,42.82
7/25/2012,25.2049945,42.73
7/26/2012,26.2024995,43.42
7/27/2012,23.734993,44.28
7/30/2012,23.439995,44.11
7/31/2012,22.6399995,43.54
8/1/2012,21.8899995,43.36
8/2/2012,21.5799945,43.47
8/3/2012,21.9549945,44.33
8/6/2012,21.739998,44.49
8/7/2012,22.654999,44.91
8/8/2012,22.644997,44.69
8/9/2012,22.554993,44.66
8/10/2012,22.7849965,44.62
8/13/2012,23.054993,44.64
8/14/2012,23.2149965,44.75
8/15/2012,24.0499955,44.89
8/16/2012,24.199997,45.26
8/17/2012,24.109993,45.43
8/20/2012,24.024994,45.24
8/21/2012,24.0449985,45.18
8/22/2012,24.059998,45.31
8/23/2012,23.949997,45
8/24/2012,24.3499985,45.37
8/27/2012,24.57,45.3
8/28/2012,24.679993,45.39
8/29/2012,24.5849995,45.61
8/30/2012,24.854996,45.36
8/31/2012,24.804993,45.55
9/4/2012,24.7549975,45.44
9/5/2012,24.899994,45.51
9/6/2012,25.4199985,46.525
9/7/2012,25.5849995,46.78
9/10/2012,25.4149935,46.71
9/11/2012,25.364998,46.69
9/12/2012,25.5849995,46.92
9/13/2012,25.859993,47.52
9/14/2012,25.229996,47.71
9/17/2012,24.8299945,47.53
9/18/2012,24.625,47.3
9/19/2012,25.0554965,47.79
9/20/2012,25.594994,47.73
9/21/2012,25.5349965,47.53
9/24/2012,25.5799945,47.395
9/25/2012,25.262497,46.84
9/26/2012,25.0499955,46.52
9/27/2012,25.5174945,46.99
9/28/2012,25.354996,46.79
10/1/2012,25.072495,46.76
10/2/2012,24.649994,46.67
10/3/2012,24.7449955,47.04
10/4/2012,24.5499955,47.47
10/5/2012,24.3699955,47.61
10/8/2012,24.3799975,47.52
10/9/2012,23.6749955,46.76
10/10/2012,23.4749985,46.47
10/11/2012,23.5799945,46.26
10/12/2012,23.5899965,46.25
10/15/2012,23.8349995,46.71
10/16/2012,24.479996,47.13
10/17/2012,24.195,47.4
10/18/2012,23.7049945,47.43
10/19/2012,22.842499,46.58
10/22/2012,22.649994,46.43
10/23/2012,22.4857485,46.06
10/24/2012,22.6306995,45.88
10/25/2012,23.125,45.77
10/26/2012,22.934998,45.92
10/31/2012,22.949997,46.0717
11/1/2012,23.309845,46.6
11/2/2012,25.4199985,46.5711
11/5/2012,25.5049975,46.69
11/6/2012,25.8550495,46.94
11/7/2012,25.9048465,46.39
11/8/2012,25.429993,45.64
11/9/2012,25.479996,45.42
11/12/2012,25.3399965,45.46
11/13/2012,25.154999,45.59
11/14/2012,24.4199985,44.91
11/15/2012,24.2149965,44.88
11/16/2012,24.3799975,45.1813
11/19/2012,24.8699955,46.15
11/20/2012,25.029999,46.38
11/21/2012,25.2549975,46.54
11/23/2012,25.594994,47.16
11/26/2012,25.445,46.94
11/27/2012,25.105095,46.75
11/28/2012,25.684998,47.36
11/29/2012,25.899994,47.49
11/30/2012,25.934998,47.53
12/3/2012,25.8946,47.28
12/4/2012,25.559998,47.08
12/5/2012,25.394997,46.94
12/6/2012,26.8499985,47.24
12/7/2012,26.82,47.42
12/10/2012,26.479996,47.15
12/11/2012,26.594994,47.3
12/12/2012,26.799149,47.36
12/13/2012,26.5899965,47.05
12/14/2012,26.679993,46.85
12/17/2012,27.2899935,47.69
12/18/2012,27.1699985,48.25
12/19/2012,27.134995,47.91
12/20/2012,27.104996,48.01
12/21/2012,26.7999955,47.28
12/24/2012,26.844994,47.32
12/26/2012,26.564995,46.83
12/27/2012,26.6199955,46.89
12/28/2012,26.32,46.51
12/31/2012,26.814995,47.4391
1/2/2013,27.5,48.43
1/3/2013,27.684998,48.55
1/4/2013,27.844994,48.7287
1/7/2013,27.860199,48.61
1/8/2013,27.809998,48.4698
1/9/2013,27.314995,48.55
1/10/2013,27.269997,48.83
1/11/2013,27.5049975,48.87
1/14/2013,27.3349995,48.99
1/15/2013,27.239998,49.35
1/16/2013,27.1749955,49.24
1/17/2013,27.25,49.76
1/18/2013,27.404999,49.82
1/22/2013,27.4949955,49.95
1/23/2013,27.229996,49.99
1/24/2013,27.2849965,50.37
1/25/2013,28.404999,50.9
1/28/2013,28.009995,50.66
1/29/2013,27.7999955,50.46
1/30/2013,28,50.37
1/31/2013,28.059998,50.13
2/1/2013,28.429993,50.42
2/4/2013,28.0449985,49.8
2/5/2013,28.0999985,50.33
2/6/2013,28.024994,50.44
2/7/2013,27.929993,50.33
2/8/2013,28.184998,50.72
2/11/2013,28.07,50.55
2/12/2013,28.1299975,50.75
2/13/2013,27.9149935,50.86
2/14/2013,27.774994,50.878
2/15/2013,27.1699985,50.94
2/19/2013,27.2249985,51.13
2/20/2013,26.654999,50.35
2/21/2013,26.6749955,49.93
2/22/2013,27.0849995,50.21
2/25/2013,26.604996,49.43
2/26/2013,26.6399995,49.92
2/27/2013,27.2849965,50.68
2/28/2013,27.4249955,50.93
3/1/2013,27.434998,51.05
3/4/2013,27.8499985,51.5
3/5/2013,28.2549975,52.02
3/6/2013,28.5499955,51.98
3/7/2013,29.125,52.07
3/8/2013,29.3349995,52.62
3/11/2013,29.304993,52.75
3/12/2013,29.1399995,52.6
3/13/2013,29.292496,52.89
3/14/2013,28.8399965,52.95
3/15/2013,28.8299945,52.591
3/18/2013,28.4649965,52.19
3/19/2013,28.4149935,51.82
3/20/2013,28.7149965,52.42
3/21/2013,28.524994,51.98
3/22/2013,28.689995,52.62
3/25/2013,28.344994,52.53
3/26/2013,28.524994,52.79
3/27/2013,28.4549945,52.81
3/28/2013,28.4749985,53
4/1/2013,28.434998,52.6
4/2/2013,29.1299975,53.04
4/3/2013,28.8499985,52.55
4/4/2013,29.054993,52.85
4/5/2013,28.899994,52.59
4/8/2013,29.059998,53.19
4/9/2013,28.7049945,53.05
4/10/2013,28.899994,53.67
4/11/2013,29.2874985,54.12
4/12/2013,29.5449985,54.41
4/15/2013,28.854996,52.98
4/16/2013,29.279999,53.74
4/17/2013,29.0849995,53.19
4/18/2013,28.859993,52.61
4/19/2013,29.2024995,53.24
4/22/2013,29.32,53.47
4/23/2013,29.695,54.01
4/24/2013,29.9149935,54.05
4/25/2013,30.25,54.51
4/26/2013,30,54.27
4/29/2013,30.2899935,54.46
4/30/2013,30.4199985,54.61
5/1/2013,30.07,54.32
5/2/2013,30.189995,54.85
5/3/2013,30.934998,55.54
5/6/2013,31.239998,55.72
5/7/2013,31.094994,56.19
5/8/2013,31.2049945,56.23
5/9/2013,31.179993,56.33
5/10/2013,31.5484925,56.77
5/13/2013,31.4099965,56.78
5/14/2013,31.759995,57.36
5/15/2013,32.0349965,57.67
5/16/2013,31.774994,57
5/17/2013,32.064995,57.55
5/20/2013,31.9149935,57.38
5/21/2013,32.125,57.64
5/22/2013,32.074997,57.09
5/23/2013,31.759995,56.97
5/24/2013,31.679993,56.8
5/28/2013,32.1299975,57.35
5/29/2013,31.814995,56.76
5/30/2013,31.734993,56.76
5/31/2013,31.57,56.12
6/3/2013,31.729996,56.37
6/4/2013,31.6649935,56.17
6/5/2013,31.1699985,55.24
6/6/2013,31.509995,55.82
6/7/2013,32.519997,56.84
6/10/2013,33.054993,56.67
6/11/2013,32.7099995,56.11
6/12/2013,32.2249985,55.49
6/13/2013,32.984993,56.53
6/14/2013,32.7999955,56.35
6/17/2013,33.0149995,56.66
6/18/2013,33.547493,57.24
6/19/2013,33.2049945,56.59
6/20/2013,32.609993,55.11
6/21/2013,32.344994,55.045
6/24/2013,32.0049975,54.54
6/25/2013,32.3699955,55.03
6/26/2013,32.899994,55.72
6/27/2013,32.844994,56.2
6/28/2013,32.7549975,56.4
7/1/2013,33.1199955,56.79
7/2/2013,33.394997,56.89
7/3/2013,33.649994,57.15
7/5/2013,33.859993,57.77
7/8/2013,34.144997,58.31
7/9/2013,34.064995,58.54
7/10/2013,34.0499955,58.6
7/11/2013,34.6699985,59.44
7/12/2013,34.859993,59.72
7/15/2013,34.8299945,59.57
7/16/2013,34.759995,59.25
7/17/2013,34.0999985,59.28
7/18/2013,34.239998,59.62
7/19/2013,34.394997,59.57
7/22/2013,34.509995,59.53
7/23/2013,33.8299945,59.45
7/24/2013,33.304993,59.25
7/25/2013,34.0849995,59.33
7/26/2013,36.679993,59.52
7/29/2013,36.2249985,59.21
7/30/2013,35.9649965,59.06
7/31/2013,35.6444935,59.37
8/1/2013,36.739998,60.29
8/2/2013,37.114998,60.72
8/5/2013,36.984993,60.59
8/6/2013,36.399994,60.34
8/7/2013,36.094994,59.81
8/8/2013,36.469994,60.21
8/9/2013,36.399994,60.08
8/12/2013,36.4649965,60
8/13/2013,36.32,60
8/14/2013,35.9249955,59.34
8/15/2013,35.3699955,58.3
8/16/2013,35.354996,58.09
8/19/2013,35.144997,57.84
8/20/2013,35.3299945,58.43
8/21/2013,35.356499,57.93
8/22/2013,35.949997,58.51
8/23/2013,35.984993,58.52
8/26/2013,35.939995,58.4
8/27/2013,35.0799945,57.45
8/28/2013,35.479996,57.76
8/29/2013,35.5899965,58.04
8/30/2013,35.259995,57.68
9/3/2013,35.7999955,58.09
9/4/2013,36.07,58.7
9/5/2013,36.024994,58.72
9/6/2013,35.7849965,58.65
9/9/2013,36.219994,59.17
9/10/2013,37.1074985,59.745
9/11/2013,37.695,60.18
9/12/2013,37.8349995,60.04
9/13/2013,37.7849965,60.21
9/16/2013,37.6199955,60.48
9/17/2013,38.019997,60.83
9/18/2013,38.6649935,61.53
9/19/2013,38.1749955,61.51
9/20/2013,38.059998,60.96
9/23/2013,37.679993,60.49
9/24/2013,38.274994,60.65
9/25/2013,38.1699985,60.28
9/26/2013,38.5899965,60.85
9/27/2013,38.6649935,60.86
9/30/2013,38.484993,60.63
10/1/2013,38.5799945,61.12
10/2/2013,38.594994,61.1
10/3/2013,38.434998,60.41
10/4/2013,38.699997,60.98
10/7/2013,38.4304965,60.12
10/8/2013,37.7649995,59.17
10/9/2013,37.6299975,58.9
10/10/2013,38.559998,60.27
10/11/2013,38.9099965,60.79
10/14/2013,39.0499955,61.04
10/15/2013,38.354996,60.46
10/16/2013,39.019997,61.21
10/17/2013,39.367493,61.66
10/18/2013,39.654999,62.04
10/21/2013,39.729996,62.2
10/22/2013,40.449997,62.62
10/23/2013,40.024994,62.22
10/24/2013,39.524994,62.84
10/25/2013,39.979996,63.31
10/28/2013,39.354996,63.19
10/29/2013,39.809998,63.56
10/30/2013,40.4149935,63.25
10/31/2013,40.524994,63.41
11/1/2013,40.184998,63.56
11/4/2013,40.184998,63.78
11/5/2013,40.9949955,63.78
11/6/2013,40.564995,63.62
11/7/2013,39.5349965,62.3
11/8/2013,40.5999985,63.29
11/11/2013,40.4949955,63.39
11/12/2013,40.3074955,63.28
11/13/2013,40.7304995,64.28
11/14/2013,40.57,64.73
11/15/2013,40.594994,64.95
11/18/2013,40.269997,64.44
11/19/2013,39.9599995,64.16
11/20/2013,39.844994,63.83
11/21/2013,40.7649995,64.49
11/22/2013,40.6749955,64.85
11/25/2013,40.354996,64.91
11/26/2013,40.7549975,65.29
11/27/2013,40.809998,65.54
11/29/2013,40.729996,65.6
12/2/2013,40.5349965,65.29
12/3/2013,40.274994,64.67
12/4/2013,39.75,64.52
12/5/2013,39.859993,64.59
12/6/2013,39.969994,65.13
12/9/2013,39.864998,65.08
12/10/2013,38.689995,65.12
12/11/2013,38.199997,64.52
12/12/2013,38.239998,64.32
12/13/2013,38.1749955,64.48
12/16/2013,38.229996,64.9
12/17/2013,38.0449985,64.73
12/18/2013,38.8399965,65.69
12/19/2013,38.574997,65.65
12/20/2013,38.8299945,65.66
12/23/2013,39.1599965,65.95
12/24/2013,39.2849965,66.09
12/26/2013,39.439995,66.58
12/27/2013,39.2849965,66.27
12/30/2013,39.274994,66.57
12/31/2013,39.195,66.83
1/2/2014,38.5849995,66.52
1/3/2014,38.4749985,66.34
1/6/2014,38.0849995,65.93
1/7/2014,38.604996,66.33
1/8/2014,39.0149995,66.15
1/9/2014,38.7999955,66.14
1/10/2014,38.8349995,66.34
1/13/2014,37.559998,65.01
1/14/2014,37.729996,65.57
1/15/2014,38.094994,65.73
1/16/2014,37.644997,65.38
1/17/2014,37.449997,65.09
1/21/2014,36.824997,65.03
1/22/2014,36.7999955,65.2
1/23/2014,36.695,64.74
1/24/2014,37.489998,63.5
1/27/2014,37.104996,63.25
1/28/2014,36.945,63.69
1/29/2014,35.779999,62.67
1/30/2014,35.9549945,63.72
1/31/2014,35.559998,62.82
2/3/2014,34.484993,61.17
2/4/2014,35.324997,61.92
2/5/2014,35.2449955,62
2/6/2014,36.179993,63.31
2/7/2014,37.0174945,64.09
2/10/2014,37.399994,64.05
2/11/2014,37.25,64.52
2/12/2014,36.9549945,64.58
2/13/2014,37.344994,64.78
2/14/2014,37.5149995,65.17
2/18/2014,36.984993,65.25
2/19/2014,36.6599965,64.72
2/20/2014,36.774994,65.07
2/21/2014,36.279999,65.2
2/24/2014,36.279999,65.47
2/25/2014,35.274994,65.93
2/26/2014,35.8899995,66.3
2/27/2014,36.094994,66.57
2/28/2014,35.479996,66.84
3/3/2014,35.234993,66.21
3/4/2014,35.8299945,67.04
3/5/2014,35.649994,67.32
3/6/2014,36.344994,67.49
3/7/2014,36.5349965,67.39
3/10/2014,36.779999,67.21
3/11/2014,37.5149995,66.82
3/12/2014,37.814995,66.72
3/13/2014,37.2149965,65.91
3/14/2014,37.134995,65.85
3/17/2014,37.0899965,66.29
3/18/2014,37.2999955,66.58
3/19/2014,37.9549945,66.14
3/20/2014,38.4774935,66.31
3/21/2014,38.354996,65.68
3/24/2014,37.884995,65.02
3/25/2014,37.304993,64.63
3/26/2014,36.769997,64.11
3/27/2014,36.699997,63.8
3/28/2014,36.8499985,64.28
3/31/2014,36.689995,64.72
4/1/2014,37.0049975,65.62
4/2/2014,36.8349995,66.06
4/3/2014,36.5449985,65.74
4/4/2014,35.774994,64.65
4/7/2014,35.2149965,63.39
4/8/2014,35.739998,64.03
4/9/2014,36.239998,64.72
4/10/2014,35.109993,63.11
4/11/2014,34.364998,62.24
4/14/2014,34.654999,62.73
4/15/2014,34.445,62.81
4/16/2014,35.394997,63.69
4/17/2014,35.074997,63.77
4/21/2014,35.239998,63.94
4/22/2014,35.5744935,64.49
4/23/2014,35.195,64.19
4/24/2014,35.5449985,64.54
4/25/2014,35.7249985,63.44
4/28/2014,35.4649965,63.28
4/29/2014,35.32,63.57
4/30/2014,35.309998,63.84
5/1/2014,35.559998,64.09
5/2/2014,35.2999955,64.25
5/5/2014,35.4599995,64.31
5/6/2014,34.7899935,63.39
5/7/2014,34.8699955,63.31
5/8/2014,34.7899935,63.49
5/9/2014,35.144997,63.84
5/12/2014,35.574997,64.64
5/13/2014,35.5799945,64.46
5/14/2014,35.0849995,63.74
5/15/2014,34.9249955,63.28
5/16/2014,35.469994,63.75
5/19/2014,35.509995,64.04
5/20/2014,35.114998,63.46
5/21/2014,35.199997,64.23
5/22/2014,35.699997,64.57
5/23/2014,35.989998,65.08
5/27/2014,36.8299945,65.42
5/28/2014,36.634995,65.35
5/29/2014,36.554993,65.62
5/30/2014,36.6199955,65.68
6/2/2014,36.9249955,65.9
6/3/2014,37.0899965,65.78
6/4/2014,37.3349995,66.1
6/5/2014,37.359993,66.53
6/6/2014,37.6649935,66.92
6/9/2014,37.5899965,66.94
6/10/2014,37.2999955,66.81
6/11/2014,37.399994,66.61
6/12/2014,36.979996,65.76
6/13/2014,37.344994,65.79
6/16/2014,37.5449985,65.94
6/17/2014,37.654999,66.2
6/18/2014,37.779999,66.7
6/19/2014,38.614998,66.54
6/20/2014,38.2999955,66.08
6/23/2014,38.364998,66.16
6/24/2014,38.7149965,66
6/25/2014,39.059998,66.56
6/26/2014,39.029999,66.61
6/27/2014,38.969994,66.77
6/30/2014,38.689995,66.74
7/1/2014,39.0399935,67.45
7/2/2014,39.094994,67.55
7/3/2014,39.529999,68.07
7/7/2014,39.344994,67.65
7/8/2014,39.279999,66.99
7/9/2014,39.7249985,67.8
7/10/2014,39.4249955,67.17
7/11/2014,39.2999955,67.39
7/14/2014,39.279999,67.58
7/15/2014,39.445,67.35
7/16/2014,39.364998,67.52
7/17/2014,38.6199955,66.88
7/18/2014,38.969994,67.4999
7/21/2014,38.804993,67.19
7/22/2014,39.3699955,67.47
7/23/2014,39.57,67.42
7/24/2014,40.2249985,67.57
7/25/2014,39.3699955,66.82
7/28/2014,39.179993,66.95
7/29/2014,39.324997,66.76
7/30/2014,39.449997,67.13
7/31/2014,38.8399965,65.89
8/1/2014,38.489998,65.65
8/4/2014,38.7649995,66.29
8/5/2014,38.394997,65.83
8/6/2014,38.564995,65.69
8/7/2014,38.354996,65.35
8/8/2014,38.809998,66.36
8/11/2014,38.934998,66.66
8/12/2014,38.9099965,66.49
8/13/2014,38.6199955,66.73
8/14/2014,38.309998,67.25
8/15/2014,38.4549945,67.12
8/18/2014,38.7949985,67.74
8/19/2014,39.059998,68.25
8/20/2014,39.0149995,68.57
8/21/2014,38.734993,68.51
8/22/2014,38.6399995,68.64
8/25/2014,38.984993,68.84
8/26/2014,38.894997,68.85
8/27/2014,38.9599995,68.92
8/28/2014,38.904999,68.83
8/29/2014,38.904999,68.82
9/2/2014,38.739998,68.95
9/3/2014,38.394997,68.77
9/4/2014,38.5799945,69.03
9/5/2014,38.9749985,69.26
9/8/2014,38.8349995,68.97
9/9/2014,38.559998,68.28
9/10/2014,38.604996,68.52
9/11/2014,38.059998,68.55
9/12/2014,37.734993,68.35
9/15/2014,37.4599995,68.07
9/16/2014,37.5449985,68.42
9/17/2014,37.6699985,68.39
9/18/2014,37.864998,68.69
9/19/2014,38.0349965,68.49
9/22/2014,37.2999955,67.53
9/23/2014,36.9774935,66.95
9/24/2014,37.6599965,67.71
9/25/2014,37.059998,66.72
9/26/2014,37.5849995,67.41
9/29/2014,37.634995,67.06
9/30/2014,37.729996,66.69
10/1/2014,37.304993,65.8
10/2/2014,37.2249985,66.1
10/3/2014,37.945,66.95
10/6/2014,37.572495,66.59
10/7/2014,37.024994,65.6
10/8/2014,37.6299975,66.63
10/9/2014,37.239998,65.12
10/10/2014,37.229996,64.55
10/13/2014,36.094994,63.24
10/14/2014,36.3699955,63.7
10/15/2014,36.189995,63.17
10/16/2014,36.32,63.24
10/17/2014,36.769997,63.94
10/20/2014,37.3499985,64.83
10/21/2014,37.179993,66.09
10/22/2014,37.2999955,65.52
10/23/2014,37.4199985,66.41
10/24/2014,37.904999,66.35
10/27/2014,37.984993,66.48
10/28/2014,38.524994,67.2
10/29/2014,38.269997,67
10/30/2014,38.6599965,67.44
10/31/2014,37.779999,68.1
11/3/2014,38.0499955,68.1
11/4/2014,38.354996,67.28
11/5/2014,38.3299945,67.55
11/6/2014,38.7249985,68.12
11/7/2014,38.894997,68.0067
11/10/2014,38.824997,67.97
11/11/2014,38.864998,68.26
11/12/2014,38.9250035,68.58
11/13/2014,38.945,69.01
11/14/2014,39.059998,69.28
11/17/2014,38.915001,69.2
11/18/2014,38.785004,69.33
11/19/2014,38.910004,69.62
11/20/2014,39.0999985,69.92
11/21/2014,39.8799975,70.09
11/24/2014,40.2600025,70.74
11/25/2014,40.1050035,70.96
11/26/2014,39.8499985,70.95
11/28/2014,40.6050035,71.81
12/1/2014,40.4250035,71.02
12/2/2014,40.184998,71.29
12/3/2014,40.235001,71.41
12/4/2014,40.654999,71.37
12/5/2014,41.785004,71.53
12/8/2014,41.900002,70.95
12/9/2014,41.5149995,70.82
12/10/2014,41.330002,69.88
12/11/2014,41.559998,70.45
12/12/2014,41.625,70
12/15/2014,40.445,69.577
12/16/2014,39.5650025,68.51
12/17/2014,40.217499,69.82
12/18/2014,40.0149995,70.97
12/19/2014,39.7200015,70.87
12/22/2014,40.269997,71.56
12/23/2014,40.7149965,71.96
12/24/2014,40.6350025,71.84
12/26/2014,40.915001,72.23
12/29/2014,41.1900025,72.78
12/30/2014,40.894997,72.44
12/31/2014,41.025002,72.15
1/2/2015,40.7200015,71.63
1/5/2015,39.9400025,70.26
1/6/2015,39.614998,69.56
1/7/2015,40.5899965,70.66
1/8/2015,41.245003,71.72
1/9/2015,39.894997,70.89
1/12/2015,40.114998,70.51
1/13/2015,40.434998,70.51
1/14/2015,40.2099995,69.66
1/15/2015,39.790001,68.76
1/16/2015,40.3050005,69.67
1/20/2015,40.6125035,69.27
1/21/2015,40.644997,69.72
1/22/2015,41.370003,71.03
1/23/2015,44.110001,70.93
1/26/2015,44.059998,71.3
1/27/2015,44.1699985,70.73
1/28/2015,43.7825015,69.81
1/29/2015,44.525002,70.76
1/30/2015,43.7649995,69.99
2/2/2015,43.995003,70.62
2/3/2015,44.245003,72.12
2/4/2015,44.3499985,72.6
2/5/2015,44.82,73.05
2/6/2015,44.5,72.94
2/9/2015,44.410004,72.66
2/10/2015,45.5899965,73.55
2/11/2015,45.394997,73.57
2/12/2015,45.9124985,74.44
2/13/2015,45.790001,74.89
2/17/2015,46.0149995,74.72
2/18/2015,46.5,74.68
2/19/2015,46.5849995,74.91
2/20/2015,46.7549975,75.44
2/23/2015,46.790001,75.37
2/24/2015,46.7249985,75.73
2/25/2015,47.1299975,76.31
2/26/2015,47.275002,76.07
2/27/2015,46.7425005,75.97
3/2/2015,47.1125035,76.88
3/3/2015,47,76.67
3/4/2015,46.529999,76.27
3/5/2015,46.8150025,76.32
3/6/2015,46.1074985,75.41
3/9/2015,46.519997,75.84
3/10/2015,46.0899965,74.66
3/11/2015,45.7099995,74.25
3/12/2015,46.6900025,75.76
3/13/2015,46.644997,75.16
3/16/2015,47.0224995,76.04
3/17/2015,47.1924975,75.62
3/18/2015,47.9199985,76.29
3/19/2015,48.8799975,76.18
3/20/2015,48.7300035,76.77
3/23/2015,48.684998,76.64
3/24/2015,48.957497,76.24
3/25/2015,47.8850025,75
3/26/2015,47.540001,74.53
3/27/2015,47.535004,74.91
3/30/2015,47.989998,75.68
3/31/2015,47.3499985,75.35
4/1/2015,46.5100025,75.02
4/2/2015,47.195,75.69
4/6/2015,47.2600025,76.05
4/7/2015,47.035004,75.63
4/8/2015,47.614998,76.34
4/9/2015,47.960007,76.41
4/10/2015,48.169999,76.67
4/13/2015,48.5,76.25
4/14/2015,48.300004,76.21
4/15/2015,48.14,76.21
4/16/2015,48.244996,76.36
4/17/2015,47.619996,75.23
4/20/2015,47.970002,76.06
4/21/2015,48.369996,76.14
4/22/2015,48.335007,76.21
4/23/2015,49.429993,76.59
4/24/2015,51.839997,77.63
4/27/2015,50.869996,76.95
4/28/2015,50.610001,76.68
4/29/2015,50.649994,76.16
4/30/2015,49.580002,75.31
5/1/2015,50.289994,76.35
5/4/2015,50.445008,76.51
5/5/2015,49.404999,75.71
5/6/2015,48.929993,75.4
5/7/2015,49.350007,75.79
5/8/2015,49.779999,76.6
5/11/2015,49.5,76.26
5/12/2015,49.710007,76.12
5/13/2015,49.589997,75.64
5/14/2015,50.554993,75.98
5/15/2015,50.800004,76.59
5/18/2015,51.179993,76.88
5/19/2015,51.419999,76.86
5/20/2015,51.029999,76.77
5/21/2015,51.330002,77.07
5/22/2015,51.479996,76.94
5/26/2015,50.839997,76.39
5/27/2015,51.589997,76.96
5/28/2015,51.809998,76.83
5/29/2015,51.960007,76.3
6/1/2015,52.220002,76.52
6/2/2015,51.729996,76.69
6/3/2015,52.119996,77.29
6/4/2015,51.720002,76.74
6/5/2015,52.190003,76.52
6/8/2015,51.529999,75.98
6/9/2015,51.539994,75.9
6/10/2015,52.690003,76.68
6/11/2015,52.490006,76.94
6/12/2015,52.630005,76.59
6/15/2015,52.270005,76.23
6/16/2015,52.964997,76.69
6/17/2015,53.240006,77.04
6/18/2015,54.110001,77.97
6/19/2015,53.929993,77.45
6/22/2015,53.899994,77.88
6/23/2015,54.115006,78.19
6/24/2015,53.710007,77.65
6/25/2015,54.070008,77.59
6/26/2015,54.619996,77.9
6/29/2015,53.550004,76.14
6/30/2015,53.615006,76.48
7/1/2015,53.89,77.35
7/2/2015,54.240006,77.2
7/6/2015,54.304993,77.05
7/7/2015,54.375,77.72
7/8/2015,53.39,76.24
7/9/2015,54.050004,76.56
7/10/2015,54.570008,77.67
7/13/2015,55.699997,78.79
7/14/2015,55.75,78.89
7/15/2015,55.339997,78.81
7/16/2015,55.740006,79.29
7/17/2015,55.690003,79.15
7/20/2015,56.210007,79.19
7/21/2015,56.199997,78.94
7/22/2015,56.690003,79.32
7/23/2015,56.559998,78.85
7/24/2015,57.289994,78.85
7/27/2015,56.979996,78.26
7/28/2015,57.14,78.87
7/29/2015,57.509995,79.68
7/30/2015,58.059998,79.97
7/31/2015,57.929993,80.22
8/3/2015,58.190003,79.95
8/4/2015,58.699997,80.29
8/5/2015,59.009995,79.42
8/6/2015,57.229996,78.34
8/7/2015,57.199997,78.28
8/10/2015,56.270005,78.91
8/11/2015,56.350007,78.2
8/12/2015,56.380005,77.86
8/13/2015,56.850007,78.31
8/14/2015,57.100007,78.36
8/17/2015,57.740006,79.11
8/18/2015,57.830002,79.18
8/19/2015,57.589997,79.04
8/20/2015,55.809998,76.82
8/21/2015,52.839997,74.36
8/24/2015,50.339997,71.39
8/25/2015,51.089997,71.1
8/26/2015,53.960007,73.8
8/27/2015,55.949997,75.53
8/28/2015,55.630005,75.56
8/31/2015,54.710007,74.98
9/1/2015,53.5,73.08
9/2/2015,55.259995,74.62
9/3/2015,54.690003,74.65
9/4/2015,54.279999,73.85
9/8/2015,55.210007,75.56
9/9/2015,54.690003,74.75
9/10/2015,55.369996,74.96
9/11/2015,56.529999,75.52
9/14/2015,56.289994,75.12
9/15/2015,56.910004,75.91
9/16/2015,57.259995,76.77
9/17/2015,57.279999,76.97
9/18/2015,56.839997,75.46
9/21/2015,57.539994,76.12
9/22/2015,57.119996,75.11
9/23/2015,57.789994,74.91
9/24/2015,58.369996,74.71
9/25/2015,57.990006,74.7
9/28/2015,55.770005,72.55
9/29/2015,55.720002,72.31
9/30/2015,56.839997,74.26
10/1/2015,57.479996,74.81
10/2/2015,58.080002,75.88
10/5/2015,59.039994,77
10/6/2015,58.690003,76.43
10/7/2015,58.779999,76.69
10/8/2015,59.460007,77.63
10/9/2015,60.070008,77.72
10/12/2015,60.539994,78.09
10/13/2015,60.160004,77.67
10/14/2015,58.820008,76.88
10/15/2015,59.690003,77.88
10/16/2015,59.929993,78.29
10/19/2015,60.970002,78.66
10/20/2015,60.880005,78.56
10/21/2015,60.529999,78.21
10/22/2015,61.490006,79.24
10/23/2015,62.610001,79.63
10/26/2015,63.429993,80.19
10/27/2015,62.710007,79.81
10/28/2015,63.509995,80.57
10/29/2015,62.5,80.8
10/30/2015,62.570008,80.97
11/2/2015,62.240006,81.34
11/3/2015,62.800004,81.65
11/4/2015,61.960007,81.12
11/5/2015,62.279999,81.41
11/6/2015,61.970002,81.42
11/9/2015,61.339997,80.3
11/10/2015,62.179993,81.06
11/11/2015,61.869996,80.58
11/12/2015,61.070008,79.83
11/13/2015,59.740006,77.73
11/16/2015,60.679993,78.67
11/17/2015,60.550004,78.82
11/18/2015,61.800004,80.17
11/19/2015,61.460007,80.27
11/20/2015,61.990006,81.23
11/23/2015,62.64,81.53
11/24/2015,61.960007,81.36
11/25/2015,62.190003,81.77
11/27/2015,62.179993,81.47
11/30/2015,61.39,80.78
12/1/2015,61.369996,81.61
12/2/2015,61.220002,80.9
12/3/2015,59.550004,79.68
12/4/2015,61.75,81.22
12/7/2015,61.89,80.88
12/8/2015,62.160004,80.64
12/9/2015,61.179993,79.61
12/10/2015,61.869996,79.88
12/11/2015,59.820008,78.06
12/14/2015,59.919999,78.46
12/15/2015,59.979996,78.89
12/16/2015,60.350007,80.21
12/17/2015,59.515,78.89
12/18/2015,58.619996,77.33
12/21/2015,59.539994,77.72
12/22/2015,59.990006,78.29
12/23/2015,60.339997,78.69
12/24/2015,60.320008,78.48
12/28/2015,60.190003,78.68
12/29/2015,61.130005,79.59
12/30/2015,60.820008,78.95
12/31/2015,60.029999,78.1608
1/4/2016,58.259995,76.82
1/5/2016,58.649994,76.72
1/6/2016,58.130005,75.97
1/7/2016,56.690003,74.41
1/8/2016,56.630005,73.61
1/11/2016,57.820008,74.19
1/12/2016,59.460007,75.01
1/13/2016,57.869996,72.48
1/14/2016,58.979996,73
1/15/2016,58,71.5
1/19/2016,58.550004,71.77
1/20/2016,56.919999,71.14
1/21/2016,59.029999,72.05
1/22/2016,59.169999,73.31
1/25/2016,57.710007,72.47
1/26/2016,58.610001,73.53
1/27/2016,57.630005,72.38
1/28/2016,59.285004,73.31
1/29/2016,60.770005,74.11
2/1/2016,61.399994,74.56
2/2/2016,60.695008,73.11
2/3/2016,59.529999,72.92
2/4/2016,58.289994,72.5
2/5/2016,54.490006,70.16
2/8/2016,54.14,68.8
2/9/2016,54.419999,68.69
2/10/2016,55.14,68.57
2/11/2016,54.919999,68.53
2/12/2016,55.860001,69.79
2/16/2016,56.410004,71.48
2/17/2016,57.630005,73.02
2/18/2016,56.960007,72.54
2/19/2016,57.669999,72.74
2/22/2016,58.869996,74.15
2/23/2016,58.460007,73.74
2/24/2016,58.110001,74.17
2/25/2016,58.75,74.91
2/26/2016,58.339997,74.83
2/29/2016,58.210007,74.44
3/1/2016,60.039994,76.41
3/2/2016,59.559998,76.34
3/3/2016,59.039994,76.79
3/4/2016,58.699997,76.72
3/7/2016,58,76.39
3/8/2016,57.600007,75.79
3/9/2016,57.070008,75.94
3/10/2016,57.520005,76.13
3/11/2016,57.589997,77.3
3/14/2016,58.649994,77.59
3/15/2016,59.080002,77.57
3/16/2016,59.669999,78.2
3/17/2016,59.550004,78.31
3/18/2016,59.699997,78.09
3/21/2016,59.100007,78.13
3/22/2016,59.380005,78
3/23/2016,58.830002,77.45
3/24/2016,58.360001,77.55
3/28/2016,58.960007,77.9
3/29/2016,59.550004,78.69
3/30/2016,60.009995,79.19
3/31/2016,59.699997,79.1
4/1/2016,61.020005,79.43
4/4/2016,60.25,78.81
4/5/2016,60.039994,78.14
4/6/2016,60.830002,78.88
4/7/2016,61.169999,77.99
4/8/2016,61.039994,77.87
4/11/2016,60.899994,77.58
4/12/2016,59.5,78.17
4/13/2016,60.210007,79.27
4/14/2016,60.130005,79.27
4/15/2016,60.509995,79.49
4/18/2016,60.89,80.24
4/19/2016,60.899994,79.8
4/20/2016,60.899994,79.9
4/21/2016,60.64,79.62
4/22/2016,57.679993,79.46
4/25/2016,57.770005,79.55
4/26/2016,57.720002,79.74
4/27/2016,56.899994,79.66
4/28/2016,56.419999,78.8
4/29/2016,56.229996,79.2
5/2/2016,57.360001,80.31
5/3/2016,56.25,79.57
5/4/2016,56.39,79.21
5/5/2016,56.25,78.7
5/6/2016,56.309998,79.28
5/9/2016,56.64,79.5
5/10/2016,57.490006,80.52
5/11/2016,56.229996,78.9
5/12/2016,56.300004,79.05
5/13/2016,55.820008,78.11
5/16/2016,55.529999,78.6
5/17/2016,54.880005,77.71
5/18/2016,54.800004,77.26
5/19/2016,54.550004,77.19
5/20/2016,54.619996,77.7
5/23/2016,54.600007,77.43
5/24/2016,55.440003,78.36
5/25/2016,55.149994,78.79
5/26/2016,55.289994,78.95
5/27/2016,55.149994,79.32
5/31/2016,54.89,79.24
6/1/2016,54.820008,79.19
6/2/2016,54.619996,79.63
6/3/2016,54.610001,79.11
6/6/2016,55.589997,79.31
6/7/2016,55.300004,79.41
6/8/2016,55.220002,79.5
6/9/2016,55.580002,79.32
6/10/2016,54.865006,78.49
6/13/2016,55.039994,78.06
6/14/2016,55.570008,77.86
6/15/2016,55.350007,78.08
6/16/2016,55.529999,78.33
6/17/2016,55.309998,77.93
6/20/2016,55.380005,78.63
6/21/2016,55.809998,78.45
6/22/2016,55.610001,78.34
6/23/2016,56.130005,79.11
6/24/2016,54.679993,76.15
6/27/2016,53.690003,74.77
6/28/2016,54.850007,76.26
6/29/2016,56.740006,77.49
6/30/2016,57.119996,78.06
7/1/2016,56.990006,78.87
7/5/2016,56.770005,78.23
7/6/2016,56.75,78.9
7/7/2016,56.910004,79.24
7/8/2016,56.509995,80.62
7/11/2016,56.320008,81.09
7/12/2016,57.479996,81.41
7/13/2016,56.479996,81.01
7/14/2016,57.589997,81.34
7/15/2016,57.410004,80.98
7/18/2016,56.919999,81.29
7/19/2016,56.759995,81.14
7/20/2016,57.539994,81.48
7/21/2016,57.600007,81.26
7/22/2016,57.899994,81.6
7/25/2016,57.949997,81.73
7/26/2016,58.309998,81.63
7/27/2016,57.850007,81.38
7/28/2016,58.210007,81.53
7/29/2016,58.050004,81.62
8/1/2016,57.630005,81.75
8/2/2016,56.729996,80.53
8/3/2016,55.940003,80.76
8/4/2016,55.419999,80.72
8/5/2016,55.899994,81.57
8/8/2016,55.360001,81.3
8/9/2016,55.199997,81.06
8/10/2016,55.619996,81.23
8/11/2016,55.470002,82.04
8/12/2016,55.470002,82
8/15/2016,55.25,82.16
8/16/2016,55.369996,81.69
8/17/2016,55.800004,81.5
8/18/2016,55.529999,81.45
8/19/2016,54.940003,81.5
8/22/2016,55.850007,81.42
8/23/2016,56.399994,81.83
8/24/2016,57.089997,81.44
8/25/2016,57.289994,81.17
8/26/2016,57.289994,80.94
8/29/2016,56.800004,81.22
8/30/2016,56.399994,80.77
8/31/2016,56.229996,80.56
9/1/2016,56.309998,80.72
9/2/2016,56.179993,80.88
9/6/2016,56.020005,81.03
9/7/2016,56.320008,81.07
9/8/2016,55.300004,80.37
9/9/2016,54.350007,78.43
9/12/2016,54.710007,79.53
9/13/2016,53.979996,78.4
9/14/2016,53.899994,78.41
9/15/2016,54.110001,78.98
9/16/2016,53.740006,78.51
9/19/2016,53.009995,78.45
9/20/2016,53.300004,78.51
9/21/2016,53.979996,79.27
9/22/2016,54.39,79.85
9/23/2016,54.429993,79.67
9/26/2016,54.039994,78.79
9/27/2016,54.190003,79.59
9/28/2016,53.979996,79.81
9/29/2016,53.449997,79.4
9/30/2016,54.14,80.04
10/3/2016,53.839997,79.99
10/4/2016,53.529999,79.71
10/5/2016,53.350007,80.04
10/6/2016,53.14,80.1
10/7/2016,53.460007,79.74
10/10/2016,53.300004,79.87
10/11/2016,52.919999,78.9
10/12/2016,53.160004,79.27
10/13/2016,52.949997,78.98
10/14/2016,53.080002,78.89
10/17/2016,52.759995,78.24
10/18/2016,52.610001,78.76
10/19/2016,53.149994,79.11
10/20/2016,53.589997,78.96
10/21/2016,53.630005,79.59
10/24/2016,54.179993,80.16
10/25/2016,53.669999,79.22
10/26/2016,53.630005,78.88
10/27/2016,53.589997,78.22
10/28/2016,53.529999,78.04
10/31/2016,53.070008,78.1
11/1/2016,52.5,77.55
11/2/2016,52.979996,77.08
11/3/2016,51.770005,76.88
11/4/2016,52.75,76.73
11/7/2016,54.490006,78.5
11/8/2016,54.619996,78.82
11/9/2016,54.580002,78.98
11/10/2016,53.570008,79.27
11/11/2016,53.929993,79.72
11/14/2016,54.220002,79.73
11/15/2016,54.589997,80.04
11/16/2016,55.440003,80.48
11/17/2016,55.850007,81.45
11/18/2016,55.770005,81.2
11/21/2016,56.100007,81.73
11/22/2016,57.119996,82.7
11/23/2016,57.589997,82.78
11/25/2016,57.429993,82.98
11/28/2016,57.589997,82.32
11/29/2016,58.169999,82.54
11/30/2016,57.970002,81.85
12/1/2016,58.509995,81.89
12/2/2016,57.210007,81.44
12/5/2016,57.5,82.33
12/6/2016,57.440003,82.52
12/7/2016,58.759995,84.12
12/8/2016,58.649994,84.12
12/9/2016,58.75,84.31
12/12/2016,58.770005,83.61
12/13/2016,59.309998,84.36
12/14/2016,58.75,83.79
12/15/2016,57.710007,83.59
12/16/2016,57.660004,82.69
12/19/2016,57.649994,82.91
12/20/2016,57.699997,83.57
12/21/2016,57.440003,83.53
12/22/2016,57.110001,82.63
12/23/2016,57.009995,82.45
12/27/2016,56.860001,82.77
12/28/2016,56.350007,82.2
12/29/2016,56.320008,82.09
12/30/2016,55.520005,81.4
1/3/2017,55.350007,81.88
1/4/2017,55.990006,82.97
1/5/2017,56.460007,82.91
1/6/2017,57.130005,83.32
1/9/2017,58.199997,83.25
1/10/2017,57.880005,83.55
1/11/2017,58.100007,83.73
1/12/2017,58.029999,83.65
1/13/2017,57.850007,83.96
1/17/2017,58,84.1
1/18/2017,58.449997,83.95
1/19/2017,57.89,83.69
1/20/2017,57.660004,83.93
1/23/2017,57.759995,83.99
1/24/2017,58.440003,84.68
1/25/2017,58.699997,85.2
1/26/2017,58.460007,85.33
1/27/2017,56.119996,85.06
1/30/2017,55.899994,84.96
1/31/2017,55.220002,84.83
2/1/2017,53.899994,84.67
2/2/2017,53.869996,84.6
2/3/2017,55.059998,84.49
2/6/2017,55.729996,84.24
2/7/2017,55.240006,84.16
2/8/2017,55.220002,84.68
2/9/2017,55.809998,85.21
2/10/2017,56.220002,85.73
2/13/2017,56.110001,85.83
2/14/2017,56.580002,86.32
2/15/2017,56.860001,86.77
2/16/2017,56.729996,86.33
2/17/2017,57.350007,86.61
2/21/2017,57.539994,87.11
2/22/2017,57.570008,87.11
2/23/2017,57.64,86.52
2/24/2017,57.479996,86.92
2/27/2017,56.779999,87.02
2/28/2017,56.869996,86.37
3/1/2017,57.14,87.34
3/2/2017,57.119996,87.13
3/3/2017,57.100007,87
3/6/2017,56.679993,86.72
3/7/2017,56.199997,86.44
3/8/2017,55.740006,86.8
3/9/2017,55.190003,86.72
3/10/2017,54.529999,86.85
3/13/2017,54.630005,87.08
3/14/2017,54.270005,87.06
3/15/2017,54.539994,87.52
3/16/2017,54.800004,87.51
3/17/2017,55.779999,87.36
3/20/2017,55.809998,87.154
3/21/2017,55.539994,86.05
3/22/2017,55.89,86.15
3/23/2017,55.850007,86.35
3/24/2017,56.809998,86.56
3/27/2017,57.229996,86.53
3/28/2017,57.350007,87.19
3/29/2017,57.539994,87.71
3/30/2017,58.160004,87.94
3/31/2017,58.39,87.95
4/3/2017,58.440003,87.6
4/4/2017,58.320008,87.46
4/5/2017,58.220002,87.25
4/6/2017,57.919999,87.52
4/7/2017,58.020005,87.26
4/10/2017,57.949997,87.58
4/11/2017,57.880005,87.51
4/12/2017,57.580002,87.16
4/13/2017,57.509995,86.55
4/17/2017,58.080002,87.44
4/18/2017,58.350007,87.45
4/19/2017,59.039994,87.53
4/20/2017,60.080002,88.45
4/21/2017,60.610001,88.25
4/24/2017,61.110001,88.82
4/25/2017,60.960007,89.52
4/26/2017,61.559998,89.94
4/27/2017,61.300004,90.42
4/28/2017,60.059998,90.06
5/1/2017,60.179993,90.18
5/2/2017,60.5,90.28
5/3/2017,60.589997,89.75
5/4/2017,60.830002,89.61
5/5/2017,60.949997,90.17
5/8/2017,60.940003,90.34
5/9/2017,60.979996,90.86
5/10/2017,60.660004,90.55
5/11/2017,60.270005,90.01
5/12/2017,59.929993,89.88
5/15/2017,60.449997,89.9
5/16/2017,59.979996,89.59
5/17/2017,59.729996,88.14
5/18/2017,59.820008,88.65
5/19/2017,61.360001,89.25
5/22/2017,61.229996,89.7
5/23/2017,61.149994,89.36
5/24/2017,61.89,89.68
5/25/2017,62.899994,90.47
5/26/2017,63.300004,90.74
5/30/2017,63.259995,90.81
5/31/2017,63.610001,91.05
6/1/2017,63.75,91.91
6/2/2017,64.570008,92.24
6/5/2017,64.270005,91.99
6/6/2017,64.160004,91.2
6/7/2017,63.5,91.36
6/8/2017,62.240006,90.77
6/9/2017,62.190003,90.37
6/12/2017,61.289994,90.32
6/13/2017,60.919999,90.88
6/14/2017,60.270005,90.83
6/15/2017,60.089997,90.45
6/16/2017,60.14,90.15
6/19/2017,60.899994,90.84
6/20/2017,59.860001,89.7
6/21/2017,59.960007,89.84
6/22/2017,59.509995,89.63
6/23/2017,59.809998,89.52
6/26/2017,59.64,89.84
6/27/2017,58.960007,89.13
6/28/2017,59.179993,90.03
6/29/2017,58.360001,89.16
6/30/2017,58.309998,89.63
7/3/2017,58.25,89.54
7/5/2017,57.940003,89.32
7/6/2017,57.600007,88.41
7/7/2017,58.039994,89.2
7/10/2017,57.809998,89.39
7/11/2017,57.899994,89.21
7/12/2017,58.539994,89.89
7/13/2017,58.380005,89.9
7/14/2017,58.759995,90.19
7/17/2017,58.330002,90.41
7/18/2017,58.210007,90.82
7/19/2017,58.110001,91.26
7/20/2017,58.029999,91.07
7/21/2017,57.979996,91.13
7/24/2017,58.020005,90.82
7/25/2017,58.550004,91.46
7/26/2017,57.940003,91.42
7/27/2017,59.5,92.09
7/28/2017,54,91.39
7/31/2017,53.979996,91.36
8/1/2017,54.729996,91.52
8/2/2017,55.429993,91.27
8/3/2017,55.679993,91.02
8/4/2017,55.440003,91.03
8/7/2017,55.630005,91.24
8/8/2017,54.520005,91.29
8/9/2017,53.740006,90.76
8/10/2017,53.070008,89.4
8/11/2017,53.179993,89.86
8/14/2017,53.220002,90.5
8/15/2017,53.149994,89.67
8/16/2017,53.5,90.13
8/17/2017,53.039994,88.69
8/18/2017,52.699997,88.25
8/21/2017,53.149994,88.41
8/22/2017,54.449997,89.36
8/23/2017,54.080002,88.6
8/24/2017,53.940003,88.41
8/25/2017,54.360001,88.63
8/28/2017,54.399994,88.68
8/29/2017,54.100007,88.6
8/30/2017,54.520005,89.24
8/31/2017,54.860001,89.66
9/1/2017,54.929993,90.07
9/5/2017,55.130005,89.7
9/6/2017,54.309998,90.26
9/7/2017,53.470002,89.48
9/8/2017,53.490006,89.17
9/11/2017,54.020005,89.64
9/12/2017,53.539994,90.04
9/13/2017,54.289994,90.69
9/14/2017,54.529999,90.2
9/15/2017,54.669999,89.63
9/18/2017,54.690003,89.32
9/19/2017,54.619996,89.24
9/20/2017,55.149994,89.54
9/21/2017,55.009995,89.39
9/22/2017,55.089997,89.54
9/25/2017,54.949997,89.35
9/26/2017,55.130005,89.36
9/27/2017,54.990006,89.85
9/28/2017,54.5,89.74
9/29/2017,53.710007,90.08
10/2/2017,53.809998,90.25
10/3/2017,53.990006,90.63
10/4/2017,53.929993,91.1
10/5/2017,54.600007,91.61
10/6/2017,55.169999,91.72
10/9/2017,55.020005,91.43
10/10/2017,55.419999,91.34
10/11/2017,55.64,91.39
10/12/2017,55.970002,90.78
10/13/2017,55.720002,91.22
10/16/2017,54.910004,91.34
10/17/2017,54.509995,91.39
10/18/2017,55.210007,91.14
10/19/2017,55.399994,91.14
10/20/2017,54.570008,91.36
10/23/2017,54.270005,90.74
10/24/2017,54.279999,90.96
10/25/2017,54.160004,90.61
10/26/2017,54.910004,90.93
10/27/2017,54.880005,92.4
10/30/2017,55.169999,91.98
10/31/2017,54.839997,91.99
11/1/2017,55.130005,92.02
11/2/2017,54.869996,91.33
11/3/2017,56.029999,91.7
11/6/2017,56.570008,92.37
11/7/2017,57.220002,91.82
11/8/2017,57.910004,91.92
11/9/2017,57.360001,92.06
11/10/2017,57.039994,92.37
11/13/2017,56.64,92.68
11/14/2017,56.929993,92.76
11/15/2017,56.699997,92.36
11/16/2017,57.240006,93.13
11/17/2017,56.929993,93.54
11/20/2017,56.809998,93.72
11/21/2017,57.259995,94.3
11/22/2017,57.14,94.39
11/24/2017,56.800004,94.63
11/27/2017,55.910004,94.7
11/28/2017,56.660004,95.75
11/29/2017,57.509995,96.16
11/30/2017,57.820008,96.65
12/1/2017,57.320008,96.61
12/4/2017,58.759995,97.73
12/5/2017,59.339997,97.17
12/6/2017,59.279999,96.54
12/7/2017,59.14,96.79
12/8/2017,58.610001,97.25
12/11/2017,59.070008,97.46
12/12/2017,59.270005,97.5
12/13/2017,59.490006,97.58
12/14/2017,59.699997,97.88
12/15/2017,58.289994,97.97
12/18/2017,58.029999,98.85
12/19/2017,58.009995,98.72
12/20/2017,57.729996,98.53
12/21/2017,57.580002,99.17
12/22/2017,57.300004,98.98
12/26/2017,57.14,99.2
12/27/2017,57.270005,99
12/28/2017,57.809998,99.27
12/29/2017,57.429993,98.69
1/2/2018,57.630005,100.19
1/3/2018,58.710007,100.65
1/4/2018,58.929993,100.98
1/5/2018,59.610001,101.78
1/8/2018,59.309998,101.9
1/9/2018,59.179993,102.1
1/10/2018,59.820008,102.03
1/11/2018,60,103.69
1/12/2018,60.399994,105.03
1/16/2018,60.559998,104.28
1/17/2018,60.660004,104.78
1/18/2018,61.089997,104.69
1/19/2018,61.259995,105.6
1/22/2018,61.410004,106.77
1/23/2018,61.690003,107.67
1/24/2018,60.830002,108.13
1/25/2018,60.550004,107.94
1/26/2018,57.990006,109
1/29/2018,57.020005,108.7
1/30/2018,57.190003,108.16
1/31/2018,56.809998,107.81
2/1/2018,56,106.61
2/2/2018,55.770005,105.59
2/5/2018,54.690003,102.03
2/6/2018,55.610001,104.64
2/7/2018,54.460007,104.32
2/8/2018,53.770005,100.16
2/9/2018,54.580002,100.83
2/12/2018,55.380005,102.2
2/13/2018,55.669999,102.73
2/14/2018,55.990006,104.37
2/15/2018,56.580002,105.3
2/16/2018,56.479996,104.79
2/20/2018,55.970002,104.47
2/21/2018,56.100007,104.32
2/22/2018,55.399994,104.45
2/23/2018,56.14,105.91
2/26/2018,57.169999,106.8
2/27/2018,56.570008,104.54
2/28/2018,57.100007,104.07
3/1/2018,56.169999,102.95
3/2/2018,56.929993,103.05
3/5/2018,56.990006,104.28
3/6/2018,57.029999,105
3/7/2018,57.029999,104.29
3/8/2018,57.470002,104.62
3/9/2018,58.460007,106.24
3/12/2018,59.399994,106.59
3/13/2018,59.050004,105.84
3/14/2018,58.830002,105.71
3/15/2018,59.369996,105.6
3/16/2018,59,105.18
3/19/2018,58.300004,103.87
3/20/2018,58.660004,104.49
3/21/2018,58.470002,104.41
3/22/2018,57.770005,102.19
3/23/2018,56.309998,100.18
3/26/2018,57.800004,103.14
3/27/2018,57.460007,101.12
3/28/2018,57.899994,99.89
3/29/2018,57.89,101.29
4/2/2018,56.240006,98.43
4/3/2018,58,99.68
4/4/2018,58.830002,101.51
4/5/2018,59.14,102.87
4/6/2018,58.339997,100.68
4/9/2018,58.699997,100.44
4/10/2018,59.410004,101.66
4/11/2018,59.419999,101.35
4/12/2018,59.429993,101.79
4/13/2018,59.240006,101.22
4/16/2018,59.429993,101.98
4/17/2018,59.830002,103.88
4/18/2018,59.5,104.37
4/19/2018,59.220002,104.04
4/20/2018,58,102.98
4/23/2018,58.160004,103.2
4/24/2018,57.809998,101.57
4/25/2018,57.710007,101.99
4/26/2018,59.380005,103.64
4/27/2018,58.360001,104.11
4/30/2018,57.570008,103.7
5/1/2018,58.130005,103.84
5/2/2018,56.699997,103.13
5/3/2018,56.130005,102.67
5/4/2018,57.679993,104.02
5/7/2018,57.449997,104.37
5/8/2018,57.669999,103.93
5/9/2018,57.039994,104.29
5/10/2018,57.649994,104.67
5/11/2018,57.270005,104.89
5/14/2018,57.130005,105.09
5/15/2018,56.64,104.48
5/16/2018,57.149994,105.35
5/17/2018,57.199997,105
5/18/2018,57.160004,104.87
5/21/2018,57.339997,105.45
5/22/2018,56.960007,104.98
5/23/2018,57.490006,105.74
5/24/2018,57.679993,105.97
5/25/2018,57.919999,106.13
5/29/2018,57.229996,105.31
5/30/2018,57.479996,106.27
5/31/2018,56.669999,105.76
6/1/2018,56.910004,106.54
6/4/2018,57.070008,107.73
6/5/2018,55.679993,108.36
6/6/2018,57.169999,109.37
6/7/2018,57.14,109.69
6/8/2018,56.600007,109.92
6/11/2018,56.479996,110.36
6/12/2018,56.479996,110.89
6/13/2018,56.210007,111.06
6/14/2018,57.020005,112.22
6/15/2018,57.110001,112.11
6/18/2018,57.220002,111.92
6/19/2018,57.429993,111.78
6/20/2018,52.220002,112.31
6/21/2018,50.619996,111.51
6/22/2018,51.240006,111.32
6/25/2018,50.660004,108.9
6/26/2018,50.380005,109.68
6/27/2018,49.839997,108.26
6/28/2018,48.539994,109.11
6/29/2018,48.850007,109.3
7/2/2018,49.059998,109.45
7/3/2018,48.770005,108.9
7/5/2018,48.610001,109.44
7/6/2018,48.979996,110.3
7/9/2018,49.899994,111.62
7/10/2018,50.419999,111.86
7/11/2018,50.14,111.6
7/12/2018,50.25,112.34
7/13/2018,51.619996,112.59
7/16/2018,50.940003,112.87
7/17/2018,51.279999,112.98
7/18/2018,51.149994,112.91
7/19/2018,51.339997,112.65
7/20/2018,50.910004,112.15
7/23/2018,51.190003,112.03
7/24/2018,51.169999,111.7
7/25/2018,51.619996,112.52
7/26/2018,51.449997,111.93
7/27/2018,52.149994,111.64
7/30/2018,51.899994,110.75
7/31/2018,52.39,111.27
8/1/2018,51.929993,110.72
8/2/2018,51.679993,111.48
8/3/2018,52.229996,111.86
8/6/2018,52.070008,112.61
8/7/2018,52.070008,113.13
8/8/2018,51.550004,113.25
8/9/2018,51.919999,113.67
8/10/2018,51.509995,112.72
8/13/2018,51.809998,112.15
8/14/2018,52.589997,113.24
8/15/2018,52.75,111.86
8/16/2018,53.039994,112.41
8/17/2018,53.559998,112.51
8/20/2018,53.919999,113.31
8/21/2018,54,114.21
8/22/2018,52.820008,114.33
8/23/2018,52.660004,114.22
8/24/2018,52.75,114.89
8/27/2018,52.970002,115.63
8/28/2018,53.050004,115.86
8/29/2018,53.25,117.16
8/30/2018,53.100007,116.49
8/31/2018,53.449997,116.95
9/4/2018,53.529999,117.17
9/5/2018,53.789994,115.91
9/6/2018,54.210007,115.59
9/7/2018,54.860001,115.58
9/10/2018,54.970002,116.01
9/11/2018,55.119996,116.94
9/12/2018,54.970002,117.16
9/13/2018,54.89,117.36
9/14/2018,54.75,116.92
9/17/2018,54.570008,115.47
9/18/2018,55.070008,116.94
9/19/2018,55.429993,116.99
9/20/2018,56.429993,117.79
9/21/2018,57.449997,116.92
9/24/2018,56.690003,116.16
9/25/2018,56.899994,116.65
9/26/2018,57.270005,116.92
9/27/2018,57.339997,117.32
9/28/2018,56.839997,117.22
10/1/2018,55.580002,116.86
10/2/2018,55.589997,115.28
10/3/2018,55.470002,114.89
10/4/2018,55.89,113.09
10/5/2018,55.759995,112.24
10/8/2018,56.539994,112.53
10/9/2018,57.710007,112.2
10/10/2018,56.009995,108.42
10/11/2018,54.860001,106.51
10/12/2018,56.449997,108.48
10/15/2018,56.75,108.23
10/16/2018,57.809998,110.4
10/17/2018,59.100007,109.49
10/18/2018,58.64,107.39
10/19/2018,58.660004,106.34
10/22/2018,58.899994,106.77
10/23/2018,58.809998,106.79
10/24/2018,58.059998,103.6
10/25/2018,58.960007,106.73
10/26/2018,58.070008,103.41
10/29/2018,58.369996,102.5
10/30/2018,58.589997,104.04
10/31/2018,58.270005,105.38
11/1/2018,58.630005,107.53
11/2/2018,64.320008,107.97
11/5/2018,64.479996,108.12
11/6/2018,66.009995,108.6
11/7/2018,68.160004,111.54
11/8/2018,68.720002,111.57
11/9/2018,68.600007,110.02
11/12/2018,67.910004,107.81
11/13/2018,67.410004,107.76
11/14/2018,67.039994,106.95
11/15/2018,67.619996,106.79
11/16/2018,68.160004,106.37
11/19/2018,67.910004,103.77
11/20/2018,67.179993,101.42
11/21/2018,66.770005,102.48
11/23/2018,65.699997,102.02
11/26/2018,65.690003,104.31
11/27/2018,66.080002,104.62
11/28/2018,66.820008,107.71
11/29/2018,66.880005,107.21
11/30/2018,66.720002,107.99
12/3/2018,67.5,110.01
12/4/2018,66.649994,106.05
12/6/2018,66.550004,106.56
12/7/2018,65.470002,103.37
12/10/2018,65.490006,103.45
12/11/2018,65.919999,103.49
12/12/2018,66.130005,104.58
12/13/2018,66.910004,104.06
12/14/2018,65.339997,102.33
12/17/2018,64.470002,99.73
12/18/2018,64.919999,100.51
12/19/2018,64.059998,98.52
12/20/2018,62.149994,96.31
12/21/2018,61.39,93.76
12/24/2018,60.559998,91.98
12/26/2018,63.080002,97.43
12/27/2018,63.199997,97.95
12/28/2018,63.39,97.96
12/31/2018,64.399994,99.01
1/2/2019,64.320008,99.76
1/3/2019,61.529999,97.6
1/4/2019,63.570008,100.83
1/7/2019,63.570008,103.11
1/8/2019,63.619996,104.25
1/9/2019,63.880005,104.78
1/10/2019,64.190003,104.48
1/11/2019,63.729996,104.58
1/14/2019,63.369996,103.94
1/15/2019,64.080002,104.88
1/16/2019,63.770005,104.64
1/17/2019,64.279999,105.35
1/18/2019,64.699997,106.81
1/22/2019,65.39,105.21
1/23/2019,66.429993,105.42
1/24/2019,64.740006,105.86
1/25/2019,67.089997,107.03
1/28/2019,66.899994,106.41
1/29/2019,67.039994,105.72
1/30/2019,68.149994,107.8
1/31/2019,68.14,108.78
2/1/2019,68.110001,107.19
2/4/2019,67.580002,107.89
2/5/2019,69.339997,108.9
2/6/2019,68.850007,108.45
2/7/2019,69.14,107.56
2/8/2019,69.75,107.13
2/11/2019,69.990006,107.32
2/12/2019,69.75,108.97
2/13/2019,70.509995,109.71
2/14/2019,70.839997,109.31
2/15/2019,70.710007,110.06
2/19/2019,70.199997,110.51
2/20/2019,70.39,110.73
2/21/2019,70.699997,110.51
2/22/2019,71.300004,111.11
2/25/2019,71.050004,110.74
2/26/2019,71.14,110.89
2/27/2019,70.149994,110.81
2/28/2019,70.259995,110.21
3/1/2019,70.850007,111.1
3/4/2019,70.949997,110.75
3/5/2019,71.580002,111.03
3/6/2019,71.270005,110.51
3/7/2019,70.610001,109.17
3/8/2019,69.360001,108.41
3/11/2019,69.679993,109.9
3/12/2019,70.050004,110.21
3/13/2019,70.100007,110.6
3/14/2019,70.740006,110.27
3/15/2019,70.669999,110.6
3/18/2019,70.839997,111.67
3/19/2019,71.380005,112.23
3/20/2019,71.630005,112.39
3/21/2019,72.259995,113.93
3/22/2019,71.960007,111.67
3/25/2019,72.300004,112.33
3/26/2019,72.960007,112.81
3/27/2019,72.740006,112.58
3/28/2019,73.960007,113.26
3/29/2019,74.339997,113.85
4/1/2019,73.960007,115.1
4/2/2019,74.270005,115.08
4/3/2019,74.330002,115.89
4/4/2019,74.350007,116.83
4/5/2019,75.029999,117.52
4/8/2019,75.199997,117.94
4/9/2019,75.119996,116.88
4/10/2019,75.479996,117.44
4/11/2019,75.869996,117.59
4/12/2019,76.649994,118.32
4/15/2019,76.160004,118.56
4/16/2019,75.699997,119.08
4/17/2019,75.119996,119.31
4/18/2019,76.059998,119.27
4/22/2019,75.399994,118.82
4/23/2019,75.990006,120.24
4/24/2019,76.39,120.35
4/25/2019,77.110001,119.72
4/26/2019,77.449997,120.67
4/29/2019,76.910004,120.25
4/30/2019,77.679993,120.07
5/1/2019,77.520005,118.61
5/2/2019,77.470002,118.7
5/3/2019,78.050004,120.1
5/6/2019,78.059998,119.37
5/7/2019,77.960007,117.56
5/8/2019,78.050004,117.6
5/9/2019,77.899994,117.12
5/10/2019,78.419999,117.29
5/13/2019,76.679993,113.8
5/14/2019,77.059998,114.95
5/15/2019,77.759995,115.73
5/16/2019,78.899994,116.8
5/17/2019,78.910004,115.91
5/20/2019,76.660004,115.09
5/21/2019,77.529999,115.89
5/22/2019,77.25,114.7
5/23/2019,76.410004,113.28
5/24/2019,76.149994,113.43
5/28/2019,75.699997,112.68
5/29/2019,75.279999,111.68
5/30/2019,76.169999,112.41
5/31/2019,76.059998,110.94
6/3/2019,76.220002,110.01
6/4/2019,78.520005,112.99
6/5/2019,79.960007,113.55
6/6/2019,81.399994,114.13
6/7/2019,82.479996,115.78
6/10/2019,81.929993,116.76
6/11/2019,82.369996,117.21
6/12/2019,82.929993,117.18
6/13/2019,83.350007,118.23
6/14/2019,84.240006,118.49
6/17/2019,83.020005,118.54
6/18/2019,82.919999,119.44
6/19/2019,83.809998,119.66
6/20/2019,84.690003,120.49
6/21/2019,83.820008,119.52
6/24/2019,83.649994,118.88
6/25/2019,84.25,117.74
6/26/2019,83.380005,118.12
6/27/2019,83.559998,118.86
6/28/2019,83.830002,119.2
7/1/2019,84.550004,120.25
7/2/2019,85.509995,120.51
7/3/2019,87.789994,121.56
7/5/2019,87.789994,121.7
7/8/2019,87.440003,121.85
7/9/2019,87.229996,121.98
7/10/2019,88.380005,122.42
7/11/2019,89.070008,122.67
7/12/2019,89.770005,124.08
7/15/2019,90.160004,124.48
7/16/2019,90.080002,124.32
7/17/2019,90.25,123.13
7/18/2019,91.5,122.97
7/19/2019,90.300004,122.16
7/22/2019,90.919999,122.23
7/23/2019,90.110001,123.06
7/24/2019,90.649994,123.68
7/25/2019,90.979996,122.99
7/26/2019,99.110001,123.55
7/29/2019,98.020005,122.95
7/30/2019,96.649994,122.12
7/31/2019,94.690003,120.72
8/1/2019,95.380005,119.08
8/2/2019,95.509995,118.1
8/5/2019,93.699997,114.93
8/6/2019,95.339997,116.68
8/7/2019,95.220002,117.15
8/8/2019,96.270005,119.41
8/9/2019,96.300004,118.29
8/12/2019,94.910004,116.57
8/13/2019,96.630005,118.49
8/14/2019,94.919999,114.78
8/15/2019,95.529999,114.59
8/16/2019,96.520005,115.89
8/19/2019,96.660004,117.35
8/20/2019,95.630005,117.38
8/21/2019,96.320008,119.64
8/22/2019,96.490006,119.67
8/23/2019,94.699997,116.49
8/26/2019,96.5,117.64
8/27/2019,96.089997,117.06
8/28/2019,97.070008,118.52
8/29/2019,97.699997,120.3
8/30/2019,96.559998,119.58
9/3/2019,96.770005,119.09
9/4/2019,96.110001,120.27
9/5/2019,95.559998,122.57
9/6/2019,95.740006,122.87
9/9/2019,94.160004,123.34
9/10/2019,90.350007,122.85
9/11/2019,90.979996,123.08
9/12/2019,92.059998,123.67
9/13/2019,90.479996,123.42
9/16/2019,89.419999,121.84
9/17/2019,90.75,122.58
9/18/2019,90.960007,122.52
9/19/2019,91.559998,122.19
9/20/2019,90.070008,120.39
9/23/2019,90.809998,120.81
9/24/2019,89.919999,119.52
9/25/2019,90.350007,120.61
9/26/2019,89.800004,120.09
9/27/2019,88.369996,119.67
9/30/2019,88.419999,120.7
10/1/2019,86.509995,119.69
10/2/2019,84.320008,117.54
10/3/2019,84.669999,118.11
10/4/2019,85.919999,119.22
10/7/2019,85.850007,118.7
10/8/2019,84.910004,117.45
10/9/2019,85.850007,118.45
10/10/2019,85.960007,119.24
10/11/2019,86.360001,120.59
10/14/2019,86.619996,120.53
10/15/2019,86.449997,121.59
10/16/2019,86.710007,122.09
10/17/2019,86.289994,122.41
10/18/2019,86.029999,122.17
10/21/2019,85.350007,122.6
10/22/2019,83.460007,121.82
10/23/2019,82.740006,121.26
10/24/2019,83.179993,121.2
10/25/2019,83.380005,121.06
10/28/2019,83.600007,121.44
10/29/2019,84.130005,120.75
10/30/2019,84.190003,121.5
10/31/2019,84.559998,120.85
11/1/2019,83.210007,121.65
11/4/2019,82.369996,121.71
11/5/2019,81.89,121.89
11/6/2019,82.990006,122.02
11/7/2019,81.949997,121.29
11/8/2019,81.770005,121.34
11/11/2019,82.429993,121.09
11/12/2019,83.320008,121.01
11/13/2019,83.940003,120.63
11/14/2019,84.380005,121.15
11/15/2019,84.210007,121.37
11/18/2019,84.020005,121.79
11/19/2019,83.660004,120.45
11/20/2019,83.600007,120.17
11/21/2019,82.300004,119.49
11/22/2019,83.020005,120.31
11/25/2019,83.75,121.37
11/26/2019,84.559998,122.2
11/27/2019,85.770005,123.25
11/29/2019,85.429993,122.45
12/2/2019,84.570008,121.44
12/3/2019,84.820008,120.22
12/4/2019,85.399994,120.89
12/5/2019,84.449997,120.77
12/6/2019,86.320008,121.74
12/9/2019,86.279999,121.89
12/10/2019,86.039994,121.68
12/11/2019,86.589997,121.99
12/12/2019,88.210007,123.06
12/13/2019,88.669999,123.17
12/16/2019,88.779999,123.71
12/17/2019,88.130005,124.26
12/18/2019,87.990006,124.38
12/19/2019,88.520005,124.77
12/20/2019,88.460007,124.55
12/23/2019,88.229996,124.26
12/24/2019,88.520005,124.54
12/26/2019,88.074997,126.06
12/27/2019,88.130005,126.05
12/30/2019,87.440003,125.24
12/31/2019,87.919999,125.42
1/2/2020,89.350007,126.91
1/3/2020,88.830002,125.83
1/6/2020,88.130005,126.18
1/7/2020,87.860001,125.98
1/8/2020,88.880005,126.36
1/9/2020,90.529999,127.03
1/10/2020,90.160004,126.34
1/13/2020,91.080002,126.74
1/14/2020,90.990006,126.7
1/15/2020,91.539994,126.41
1/16/2020,92.580002,127.54
1/17/2020,93.619996,127.99
1/21/2020,92.529999,127.6
1/22/2020,92.529999,127.54
1/23/2020,93.75,127.73
1/24/2020,92.029999,125.95
1/27/2020,88.729996,124.07
1/28/2020,88.600007,125.28
1/29/2020,86.720002,125.21
1/30/2020,85.839997,125
1/31/2020,84.830002,125.32
2/3/2020,86.009995,126.21
2/4/2020,88.380005,128.50999
2/5/2020,87.559998,129.16
2/6/2020,86.149994,128.87
2/7/2020,86.419999,128.31
2/10/2020,87.529999,129.75999
2/11/2020,87.509995,130.78
2/12/2020,88.570008,132.12
2/13/2020,89.925004,131.89
2/14/2020,89.279999,131.69
2/18/2020,89.229996,131.67999
2/19/2020,90.14,132.27
2/20/2020,88.600007,132.32001
2/21/2020,87.360001,130.3
2/24/2020,84.520005,125.82
2/25/2020,82.190003,122.46
2/26/2020,80.669999,121.49
2/27/2020,78.289994,116.58
2/28/2020,78.429993,115.83
3/2/2020,82.380005,119.81
3/3/2020,78.600007,116.91
3/4/2020,79.669999,120.95
3/5/2020,76.190003,116.44
3/6/2020,75.339997,114.65
3/9/2020,70.830002,107.43
3/10/2020,74.869996,113.37
3/11/2020,68.300004,107.17
3/12/2020,62.100007,96.34
3/13/2020,69.919999,102.3
3/16/2020,58.589997,89.34
3/17/2020,58.979996,92.78
3/18/2020,56.330002,87.45
3/19/2020,61.410004,90.5
3/20/2020,58.029999,87.81
3/23/2020,56.550004,87.53
3/24/2020,64.880005,95.74
3/25/2020,65.809998,97.42
3/26/2020,69.899994,101.45
3/27/2020,66.339997,98.05
3/30/2020,67.860001,100.1
3/31/2020,65.740006,98.08
4/1/2020,62.619996,93.7
4/2/2020,65,94.05
4/3/2020,63.050004,92.41
4/6/2020,67.789994,100.1
4/7/2020,68.710007,101.59
4/8/2020,71.570008,104.79
4/9/2020,73.880005,106.68
4/13/2020,71.759995,106.65
4/14/2020,73.669999,110.82
4/15/2020,72.550004,108.39
4/16/2020,73.509995,109.69
4/17/2020,77.100007,112.93
4/20/2020,75.320008,110.96
4/21/2020,72.720002,108.08
4/22/2020,77.449997,110.41
4/23/2020,75.149994,110.38
4/24/2020,75.580002,112.25
4/27/2020,77.740006,114.35
4/28/2020,78.690003,114.8
4/29/2020,76.860001,117.33
4/30/2020,76.729996,116.6
5/1/2020,73.789994,112.24
5/4/2020,71.89,112.85
5/5/2020,72.899994,113.26
5/6/2020,72.960007,113.24
5/7/2020,76,115.02
5/8/2020,77.869996,117.26
5/11/2020,75.869996,117
5/12/2020,74.350007,114.44
5/13/2020,73.619996,112.47
5/14/2020,74.190003,114.15
5/15/2020,74.160004,115.48
5/18/2020,76.229996,119.85
5/19/2020,75.860001,119.42
5/20/2020,77.759995,120.98
5/21/2020,78.050004,121.41
5/22/2020,77.619996,121.23
5/26/2020,77.759995,123.15
5/27/2020,78.600007,125.26
5/28/2020,78.539994,123.74
5/29/2020,77.990006,124.19
6/1/2020,78.320008,125.37
6/2/2020,77.779999,126.44
6/3/2020,79.580002,128.83
6/4/2020,78.740006,128.17999
6/5/2020,82.14,131.25
6/8/2020,83.559998,133.25
6/9/2020,82.369996,132.21001
6/10/2020,79.009995,130.97
6/11/2020,72.570008,124.11
6/12/2020,76.380005,125.34
6/15/2020,76.960007,126.53
6/16/2020,77.839997,129.19
6/17/2020,77.100007,128.85001
6/18/2020,76.309998,128.38
6/19/2020,75.399994,127.38
6/22/2020,75.399994,128.39
6/23/2020,75.490006,129.39999
6/24/2020,73.64,126.55
6/25/2020,73.850007,126.72
6/26/2020,71.570008,123.75
6/29/2020,73.479996,126.1
6/30/2020,73.589997,127.71
7/1/2020,74.029999,129
7/2/2020,73.779999,129.50999
7/6/2020,75.440003,132.58
7/7/2020,74.25,130.5
7/8/2020,74.14,131.89
7/9/2020,73.570008,131.74001
7/10/2020,74.289994,133.31
7/13/2020,72.649994,131.62
7/14/2020,72.729996,132.92999
7/15/2020,75.610001,134.83
7/16/2020,74.39,134.47
7/17/2020,74.160004,133.84
7/20/2020,74.960007,135.98
7/21/2020,75.440003,136.19
7/22/2020,77.240006,137.36
7/23/2020,75.360001,135.3
7/24/2020,75.779999,135.53999
7/27/2020,76.460007,136.38
7/28/2020,74.64,135.03
7/29/2020,77.419999,136.39999
7/30/2020,76.64,136.28999
7/31/2020,76.529999,137
8/3/2020,75.5,136.71001
8/4/2020,75.130005,137.81
8/5/2020,75.779999,139.49001
8/6/2020,75.660004,140.17
8/7/2020,75.789994,140.38
8/10/2020,77.470002,142.06
8/11/2020,78.869996,141.78
8/12/2020,79.289994,143.66
8/13/2020,79.020005,143.60001
8/14/2020,78.369996,143.59
8/17/2020,78.949997,145.44
8/18/2020,78.990006,146.34
8/19/2020,77.630005,145.64999
8/20/2020,77.220002,145.42999
8/21/2020,77.070008,146.17999
8/24/2020,78.679993,148.39999
8/25/2020,82.720002,148.89
8/26/2020,82.410004,150.36
8/27/2020,83.410004,149.55
8/28/2020,85,150.53
8/31/2020,84.470002,150.09
9/1/2020,86.050004,151.66
9/2/2020,88.350007,153.75999
9/3/2020,86.479996,148.88
9/4/2020,86.270005,147.16
9/8/2020,85.410004,145.23
9/9/2020,85.860001,147.97
9/10/2020,84.880005,145.85001
9/11/2020,85.270005,146.07001
9/14/2020,86.630005,147.62
9/15/2020,87.710007,148.83
9/16/2020,88.380005,148
9/17/2020,86.75,145.92
9/18/2020,84.949997,143.89
9/21/2020,83.89,141.50999
9/22/2020,83.949997,144.5
9/23/2020,82.990006,142.13
9/24/2020,83.039994,142.07001
9/25/2020,84.300004,143.92
9/28/2020,86.070008,146.92999
9/29/2020,84.800004,145.78999
9/30/2020,85.919999,146.98
10/1/2020,86.740006,148.89999
10/2/2020,86.570008,148.27
10/5/2020,88.470002,150.23
10/6/2020,87.009995,147.45
10/7/2020,88.449997,150.82001
10/8/2020,89.529999,151.81
10/9/2020,90.009995,153.39
10/12/2020,90.779999,155.42999
10/13/2020,90.160004,155.39999
10/14/2020,89.309998,153.67999
10/15/2020,88.830002,154.25
10/16/2020,88.520005,152.85001
10/19/2020,87.600007,150.97
10/20/2020,88.509995,152.17999
10/21/2020,88.270005,151.35001
10/22/2020,89.360001,151.66
10/23/2020,90.800004,152.99001
10/26/2020,89.660004,150.05
10/27/2020,90.050004,149.98
10/28/2020,87.169999,145.24001
10/29/2020,88.300004,146.16
10/30/2020,86.960007,142.97
11/2/2020,85.970002,143.99001
11/3/2020,88.39,147.16
11/4/2020,89.789994,150.28999
11/5/2020,90.619996,153.22
11/6/2020,90.649994,152.75999
11/9/2020,95.880005,152.25999
11/10/2020,93.919999,151.72
11/11/2020,95.039994,153.05
11/12/2020,93.529999,151
11/13/2020,95.559998,153.45
11/16/2020,97.779999,155.46001
11/17/2020,98.600007,154.8
11/18/2020,97.910004,153.74001
11/19/2020,97.759995,154.5
11/20/2020,97.009995,153.69
11/23/2020,96.880005,155.38
11/24/2020,98.300004,157.69
11/25/2020,98.199997,157.88
11/27/2020,98.660004,158.22
11/30/2020,98.020005,157.25999
12/1/2020,98.820008,158.42999
12/2/2020,98.910004,157.44
12/3/2020,100.11001,157.88
12/4/2020,102.28,158.03
12/7/2020,101.41001,157.67
12/8/2020,101.21001,157.34
12/9/2020,100.4,157.19
12/10/2020,105.39,157.05
12/11/2020,103,156.3
12/14/2020,103.32001,156.53
12/15/2020,104.18,158.64
12/16/2020,103.27001,159.67999
12/17/2020,103.21001,160.77
12/18/2020,103.28,159.99001
12/21/2020,102.94001,157.89
12/22/2020,102.41001,157.21001
12/23/2020,102.06,157.55
12/24/2020,102.01,157.88
12/28/2020,104.34,159.67999
12/29/2020,105.63001,159.73
12/30/2020,105.97001,160.69
12/31/2020,106.98,160.78
1/4/2021,103.10001,159.42
1/5/2021,103.44001,160.61
1/6/2021,104.19001,162.25
1/7/2021,103.35001,165.38
1/8/2021,105.67,168.78999
1/11/2021,104.60001,165.64
1/12/2021,102.82001,168.17
1/13/2021,102.89,168.16
1/14/2021,101.82001,167.09
1/15/2021,102.33001,165.8
1/19/2021,102.54,166.74001
1/20/2021,105.46001,169.89
1/21/2021,104.58001,170.67999
1/22/2021,103.91001,170.10001
1/25/2021,103.45,170.73
1/26/2021,104.69001,170.62
1/27/2021,97.869996,165.36
1/28/2021,98.149994,165.88
1/29/2021,96.809998,162.00999
2/1/2021,98.580002,166.22
2/2/2021,101.65,169.75
2/3/2021,101.02001,168.8
2/4/2021,103.64,170.60001
2/5/2021,106.48,172.23
2/8/2021,106.26,173.21001
2/9/2021,106.22001,172.25
2/10/2021,105.87,170.55
2/11/2021,105.86001,170.08
2/12/2021,105.30001,170.32001
2/16/2021,106.15,169.58
2/17/2021,104.44001,170.56
2/18/2021,104.97001,170.61
2/19/2021,103.37,169.62
2/22/2021,101.81,166.03999
2/23/2021,101.37,164.95
2/24/2021,104.38001,166.67999
2/25/2021,103.47001,160.48
2/26/2021,108.03,161.14999
3/1/2021,106.87,164.92999
3/2/2021,107.2,163.03
3/3/2021,106.22001,159.2
3/4/2021,104.89,155.83
3/5/2021,105.2,156.82001
3/8/2021,105.03,157.00999
3/9/2021,106.55001,162.94
3/10/2021,107.78,163.77
3/11/2021,107.32001,166.28
3/12/2021,107.81,166.77
3/15/2021,108.9,169.00999
3/16/2021,111.34,167.25999
3/17/2021,110.46001,169.61
3/18/2021,107.62,165.46001
3/19/2021,106.34,166.45
3/22/2021,107.57001,167.28
3/23/2021,106.25,165.71001
3/24/2021,104.97001,163.25999
3/25/2021,107.35001,164.69
3/26/2021,109.9,166.06
3/29/2021,109.13001,165.14999
3/30/2021,110.27001,166.77
3/31/2021,109.27001,168.07001
4/1/2021,109.38001,169.42
4/5/2021,111.02001,173.27
4/6/2021,113.15,174.02
4/7/2021,113.19001,173.5
4/8/2021,113.04,174.32001
4/9/2021,113.18,175.98
4/12/2021,113.81,177.11
4/13/2021,115.36001,178.98
4/14/2021,115.16001,177.22
4/15/2021,116.66001,178.49001
4/16/2021,118.34,179.87
4/19/2021,117.60001,177.85001
4/20/2021,116.27001,175.61
4/21/2021,116.74001,177.95
4/22/2021,115.92,175.98
4/23/2021,117.56,177.82001
4/26/2021,115.92,178.60001
4/27/2021,116.15,178.39
4/28/2021,112.4,178.17999
4/29/2021,114.63001,178.23
4/30/2021,114.49001,178.92
5/3/2021,115.72001,178.07001
5/4/2021,114.11001,176.21001
5/5/2021,113.48,175.66
5/6/2021,114.74001,176.03999
5/7/2021,114.34,177.62
5/10/2021,114.30001,174.46001
5/11/2021,113.55001,172.49001
5/12/2021,109.79,166.64999
5/13/2021,110.49001,167.83
5/14/2021,111.2,170.74001
5/17/2021,110.98,170.42999
5/18/2021,111.07001,169.10001
5/19/2021,109.67,167.67999
5/20/2021,111.41001,169.39999
5/21/2021,110.92,168.55
5/24/2021,112.52001,170.22
5/25/2021,112.63001,170.75999
5/26/2021,112.85001,172.39
5/27/2021,113.51,173.08
5/28/2021,113.88001,172.84
6/1/2021,113.34,172.50999
6/2/2021,113,171.71001
6/3/2021,111.12,169.67
6/4/2021,111.99001,171.03
6/7/2021,111.33001,171.03
6/8/2021,111.52001,172.41
6/9/2021,111.39,171.46001
6/10/2021,112.21001,172.27
6/11/2021,112.56,173.21001
6/14/2021,112.45,173.25999
6/15/2021,111.89,172.34
6/16/2021,111.36001,172.42
6/17/2021,111.39,173.07001
6/18/2021,109.7,172.16
6/21/2021,110.97001,173.23
6/22/2021,111.85001,174.86
6/23/2021,111.56,176.21001
6/24/2021,111.99001,176.81
6/25/2021,113.04,177.92999
6/28/2021,112.24001,177.97
6/29/2021,112.27001,178.41
6/30/2021,111.81,178.55
7/1/2021,113.41001,179.56
7/2/2021,114.97001,181.14
7/6/2021,115.73,181.35001
7/7/2021,117.14,181.25
7/8/2021,115.99001,180.8
7/9/2021,117.47001,182.49001
7/12/2021,118.46001,183.74001
7/13/2021,119.55001,181.53999
7/14/2021,119.80001,181.21001
7/15/2021,118.97001,180.23
7/16/2021,118.73,178.00999
7/19/2021,115.32001,175.97
7/20/2021,117.42,179.22
7/21/2021,119.27001,180.87
7/22/2021,122.63001,181.64999
7/23/2021,125.97001,183.27
7/26/2021,126.06,184.63
7/27/2021,126.03,182.75999
7/28/2021,122.41001,182.17
7/29/2021,122.38001,184.22
7/30/2021,121.43,180.42999
8/2/2021,120.37,180.95
8/3/2021,119.13001,182.28999
8/4/2021,118.25,180.52
8/5/2021,119.03,182.25
8/6/2021,119.05001,181.00999
8/9/2021,117.94001,180.75999
8/10/2021,116.39,181.47
8/11/2021,116.5,182
8/12/2021,115.75,182.08
8/13/2021,116.76,181.56
8/16/2021,117.54,180.72
8/17/2021,116.57001,176.42999
8/18/2021,115.68,177.06
8/19/2021,114.32001,175.92999
8/20/2021,114.63001,177.62
8/23/2021,115.15,179.91
8/24/2021,115.08001,181.17999
8/25/2021,115.57001,181.88
8/26/2021,114.32001,180.2
8/27/2021,115.12,181.84
8/30/2021,115.61001,183.21001
8/31/2021,117.49001,183.64999
9/1/2021,117.45,183.64
9/2/2021,117.37,183.63
9/3/2021,117.19001,183.52
9/7/2021,115.79,184.06
9/8/2021,118.04,184.27
9/9/2021,118.79,184.03
9/10/2021,119.34,182.89999
9/13/2021,119.18,183.35001
9/14/2021,118.86001,182.74001
9/15/2021,114.64,183.92
9/16/2021,114.67,184.75999
9/17/2021,113.41001,184.11
9/20/2021,111.82001,179.64
9/21/2021,112.22001,179.91
9/22/2021,113.07001,182.36
9/23/2021,114.14,184.21001
9/24/2021,114.11001,184.89999
9/27/2021,113.68,185.89
9/28/2021,111.71001,182.31
9/29/2021,112.17,182.49001
9/30/2021,110.31,179.45
10/1/2021,112.92,180.8
10/4/2021,111.46001,179.37
10/5/2021,110.85001,180.09
10/6/2021,111.64,180.66
10/7/2021,112.21001,183.47
10/8/2021,111.22001,182.63
10/11/2021,110.94001,181.89
10/12/2021,111,183.33
10/13/2021,110.76,184.23
10/14/2021,111.87,186.16
10/15/2021,111.45,189.00999
10/18/2021,113.37,191.32001
10/19/2021,113.49001,190.78
10/20/2021,113.86001,190.64
10/21/2021,114.44001,193.44
10/22/2021,114.55001,192.75
10/25/2021,114.71001,197.53
10/26/2021,114.92,197.56
10/27/2021,113.51,198
10/28/2021,113.2,200.63
10/29/2021,106.07001,201.14999
11/1/2021,109.80001,204.84
11/2/2021,111.45,203.46001
11/3/2021,112.61001,207.12
11/4/2021,112.16001,209.91
11/5/2021,116.91001,211.25999
11/8/2021,115.16001,208.27
11/9/2021,114.13001,204.42
11/10/2021,113.25,203.66
11/11/2021,111.44001,203.11
11/12/2021,111.72001,203.78999
11/15/2021,111.87,203.62
11/16/2021,112.23,206.83
11/17/2021,112.52001,208.14999
11/18/2021,112.9,210.50999
11/19/2021,110.78,211.42
11/22/2021,111.45,210.89
11/23/2021,113.58001,209.36
11/24/2021,113.97001,209.78999
11/26/2021,110.66001,204.07001
11/29/2021,110.73,207.24001
11/30/2021,109.64,204.44
12/1/2021,108.66001,200.75
12/2/2021,111.42,203.61
12/3/2021,111.24001,199.64999
12/6/2021,113.36001,201.92999
12/7/2021,116.26,206.64
12/8/2021,116.25,207.16
12/9/2021,115.35001,203.57001
12/10/2021,116.73,204.99001
12/13/2021,115.56,199.71001
12/14/2021,114.71001,198.55
12/15/2021,114.68,201.07001
12/16/2021,113.59,196.63
12/17/2021,108.63001,195.28999
12/20/2021,108.09,191.85001
12/21/2021,110.37,196.82001
12/22/2021,111.74001,200.41
12/23/2021,112.37,203.19
12/27/2021,114.22001,205.17
12/28/2021,115.57001,205.25999
12/29/2021,116.38001,205.67
12/30/2021,116.24001,204.92999
12/31/2021,116.97001,204.44
1/3/2022,116.68,210.31
1/4/2022,114.24001,209.03
1/5/2022,110.44001,203.39
1/6/2022,111.14,202.86
1/7/2022,107.57001,199.48
1/10/2022,106.03,198.25999
1/11/2022,104.04,200.17
1/12/2022,103.87,201.49001
1/13/2022,102.4,197.44
1/14/2022,100.12,196.52
1/18/2022,97.729996,192.8
1/19/2022,96.869996,189.32001
1/20/2022,95.720002,185.87
1/21/2022,96.309998,180.42
1/24/2022,98.100007,182.59
1/25/2022,97.009995,179.5
1/26/2022,95.580002,178.63
1/27/2022,95.320008,174.3
1/28/2022,97.210007,178.10001
1/31/2022,98.320008,184.95
2/1/2022,98.759995,186.07001
2/2/2022,97.729996,184.96001
2/3/2022,95.940003,179.3
2/4/2022,95,184.39999
2/7/2022,95.190003,184.02
2/8/2022,94.919999,186.61
2/9/2022,97.130005,189.08
2/10/2022,95.309998,185.82001
2/11/2022,93.729996,180.48
2/14/2022,93.649994,181.50999
2/15/2022,94.509995,185.57001
2/16/2022,95.179993,186.10001
2/17/2022,93.050004,181.12
2/18/2022,93.339997,180
2/22/2022,93.110001,174.75
2/23/2022,89.649994,168.91
2/24/2022,91.009995,172.77
2/25/2022,92.580002,176.19
2/28/2022,91.789994,177.42999
3/1/2022,90.14,174.74001
3/2/2022,92.770005,178.41
3/3/2022,91.529999,174.37
3/4/2022,90.029999,171.60001
3/7/2022,84.460007,163.19
3/8/2022,84,163.53
3/9/2022,87.600007,168.78999
3/10/2022,87.160004,169.99001
3/11/2022,82.729996,166.72
3/14/2022,79.289994,163.94
3/15/2022,83.119996,169.42999
3/16/2022,87.410004,175.21001
3/17/2022,87.660004,178.13
3/18/2022,89.600007,181.88
3/21/2022,86.860001,180.08
3/22/2022,87.89,184.55
3/23/2022,86.220002,182.25999
3/24/2022,87.119996,183.67999
3/25/2022,87.449997,183.36
3/28/2022,88.380005,188.25
3/29/2022,91.229996,191.53
3/30/2022,91.029999,188.62
3/31/2022,90.970002,185
4/1/2022,91.490006,185.23
4/4/2022,88.089997,189.39
4/5/2022,84.119996,184.95
4/6/2022,83.360001,180.23
4/7/2022,83.119996,181.14999
4/8/2022,81.520005,179.48
4/11/2022,80.679993,176.14999
4/12/2022,79.789994,176.53999
4/13/2022,80.919999,180.92999
4/14/2022,79.5,178.39999
4/18/2022,79.600007,178.94
4/19/2022,81.220002,184.13
4/20/2022,80.169999,181.75999
4/21/2022,78.960007,180
4/22/2022,77.919999,175.82001
4/25/2022,77.979996,177.09
4/26/2022,75.630005,168.13
4/27/2022,74.740006,168.14999
4/28/2022,76.580002,171.60001
4/29/2022,74.64,162.88
5/2/2022,75.369996,165.25999
5/3/2022,74.330002,164.85001
5/4/2022,81.64,169.69
5/5/2022,77.479996,160.17999
5/6/2022,76.520005,158.14999
5/9/2022,73.490006,151.41
5/10/2022,71.860001,150.96001
5/11/2022,70.059998,145.55
5/12/2022,69.899994,146.55
5/13/2022,75.600007,152.32001
5/16/2022,72.419999,149.03
5/17/2022,73.720002,152.78999
5/18/2022,71.279999,142.8
5/19/2022,71.929993,142.89999
5/20/2022,73.39,140.41
5/23/2022,73.419999,141.46001
5/24/2022,72.720002,137.82001
5/25/2022,72.479996,141.71001
5/26/2022,74.490006,148.66
5/27/2022,76.710007,153.75999
5/31/2022,78.5,154.53999
6/1/2022,76.279999,152.92999
6/2/2022,79.419999,157.61
6/3/2022,79.050004,153
6/6/2022,78.979996,154.53
6/7/2022,79.470002,154.14999
6/8/2022,78.470002,153.24001
6/9/2022,78.910004,150.47
6/10/2022,75.669999,144.47
6/13/2022,72.360001,137.8
6/14/2022,72.309998,137.69
6/15/2022,74.190003,141.56
6/16/2022,70.949997,134.63
6/17/2022,71.869996,136.10001
6/21/2022,72.960007,139.67
6/22/2022,73.300004,139.39999
6/23/2022,75.199997,141.59
6/24/2022,78.110001,146.99001
6/27/2022,77.679993,145.45
6/28/2022,76.339997,139.64
6/29/2022,76.429993,139.53
6/30/2022,76.39,137.48
7/1/2022,79.259995,140.00999
7/5/2022,79.520005,143.14
7/6/2022,78.860001,142.67
7/7/2022,79.240006,146.35001
7/8/2022,79.279999,146.37
7/11/2022,77.899994,142.36
7/12/2022,77.759995,141.5
7/13/2022,77.919999,142.66
7/14/2022,78.199997,142.53999
7/15/2022,79.619996,144.84
7/18/2022,80.229996,145.25999
7/19/2022,82.550004,149.71001
7/20/2022,83.270005,152.17
7/21/2022,83.539994,155.64999
7/22/2022,83.589997,154.75
7/25/2022,81.5,153.42
7/26/2022,80.309998,148.48
7/27/2022,82.960007,154.10001
7/28/2022,84.669999,156.75
7/29/2022,84.779999,162.83
8/1/2022,84.910004,163.64
8/2/2022,83.710007,162.52
8/3/2022,87.270005,166.48
8/4/2022,86.880005,167.16
8/5/2022,85.729996,164.31
8/8/2022,85.720002,165.05
8/9/2022,84.839997,162.42
8/10/2022,86.490006,167
8/11/2022,87.270005,166.14999
8/12/2022,88.309998,169.91
8/15/2022,89.160004,171.08
8/16/2022,89.399994,172.97
8/17/2022,88.350007,171.11
8/18/2022,88.550004,171.06
8/19/2022,86.919999,167.53
8/22/2022,84.949997,162.88
8/23/2022,84.690003,163.34
8/24/2022,86.050004,164.03999
8/25/2022,87.39,166
8/26/2022,84.059998,159.67999
8/29/2022,84.119996,158.83
8/30/2022,83.410004,157.06
8/31/2022,84.070008,155.50999
9/1/2022,85.399994,156.92999
9/2/2022,82.940003,155.49001
9/6/2022,84.520005,155.17
9/7/2022,88.309998,159.92999
9/8/2022,89.460007,161.42
9/9/2022,88.690003,164.48
9/12/2022,89.070008,166.60001
9/13/2022,87.839997,158.00999
9/14/2022,92.699997,160.03999
9/15/2022,92.220002,159.22
9/16/2022,91.309998,157.94
9/19/2022,92.14,159.84
9/20/2022,90.789994,157.13
9/21/2022,88.600007,153.41
9/22/2022,84.699997,149.87
9/23/2022,84.169999,146.42
9/26/2022,84.809998,146.09
9/27/2022,84.279999,146.55
9/28/2022,87.110001,150.50999
9/29/2022,86.570008,145.31
9/30/2022,84.259995,142.45
10/3/2022,85.619996,142.59
10/4/2022,88.509995,147.57001
10/5/2022,90.119996,146.7
10/6/2022,89.350007,145.66
10/7/2022,87.029999,140.64999
10/10/2022,87.059998,139.78
10/11/2022,86.210007,138.64
10/12/2022,86.869996,139
10/13/2022,89.369996,140.52
10/14/2022,86.369996,135.27
10/17/2022,88.899994,140.75999
10/18/2022,88.960007,142.7
10/19/2022,87.520005,141.10001
10/20/2022,86.789994,138.37
10/21/2022,88.610001,142.39999
10/24/2022,83.759995,142.99001
10/25/2022,85.210007,146.57001
10/26/2022,85.89,145.39
10/27/2022,85.279999,144.83
10/28/2022,87.100007,144.96001
10/31/2022,86.589997,144.03
11/1/2022,87.100007,142.57001
11/2/2022,84.580002,137.17999
11/3/2022,84.679993,136.36
11/4/2022,91.860001,137.5
11/7/2022,90.449997,136.53999
11/8/2022,92.75,136.2
11/9/2022,91.630005,132.03999
11/10/2022,96.259995,141.69
11/11/2022,97.380005,145.09
11/14/2022,97.419999,142.78999
11/15/2022,97.830002,144.74001
11/16/2022,97.070008,142.53
11/17/2022,96.970002,140.8
11/18/2022,97.949997,140.99001
11/21/2022,98.320008,138.95
11/22/2022,98.429993,140.52
11/23/2022,99.520005,142.55
11/25/2022,99.559998,142.63
11/28/2022,98.660004,141.75
11/29/2022,98.660004,141.3
11/30/2022,102.2,146.17
12/1/2022,103.37,146.14999
12/2/2022,105.05001,145.96001
12/5/2022,103.55001,141.75
12/6/2022,102.08001,139.53999
12/7/2022,101.87,138.7
12/8/2022,103.74001,140.03999
12/9/2022,101.79,139.42999
12/12/2022,102.7,139.78
12/13/2022,102.11001,139.78
12/14/2022,102.19001,138.74001
12/15/2022,99.990006,136.46001
12/16/2022,98.830002,133.91
12/19/2022,98.300004,131.39999
12/20/2022,98,129.87
12/21/2022,98.669999,131.94
12/22/2022,97.759995,128.55
12/23/2022,98.270005,129.42999
12/27/2022,99.199997,127.33
12/28/2022,98.600007,126.26
12/29/2022,99.770005,129.50999
12/30/2022,99.199997,129.16
1/3/2023,100.83001,128.39
1/4/2023,104.46001,130.25
1/5/2023,104.43,129.03999
1/6/2023,106.69001,132.07001
1/9/2023,104.74001,132.87
1/10/2023,106,134.53999
1/11/2023,106.30001,138.17
1/12/2023,105.85001,138.39999
1/13/2023,107.23,139.7
1/17/2023,106.75,139.8
1/18/2023,105,137.98
1/19/2023,104.26,135.69
1/20/2023,105.04,138.98
1/23/2023,106.21001,141.14999
1/24/2023,106.64,140.99001
1/25/2023,106.98,141.71001
1/26/2023,108.76,144.61
1/27/2023,109.02001,147.89
1/30/2023,108.4,145.37
1/31/2023,109.14,148.7
2/1/2023,109.99001,151.52
2/2/2023,109.15,156.16
2/3/2023,104.30001,151.35001
2/6/2023,105.02001,151.13
2/7/2023,106.825,151.48
2/8/2023,106.30001,150.19
2/9/2023,106.05001,149.91
2/10/2023,107.09,148.14999
2/13/2023,108.52001,150.32001
2/14/2023,107.98,152.12
2/15/2023,109,153.89999
2/16/2023,107.54,150.53999
2/17/2023,107.10001,150.57001
2/21/2023,104.78,145.53999
2/22/2023,104.77001,146.28
2/23/2023,103.51,146.16
2/24/2023,101.60001,143.86
2/27/2023,102.44001,145.64
2/28/2023,102.09,145.53999
3/1/2023,101.43,143.71001
3/2/2023,103.01,143.23
3/3/2023,104.55001,146.31
3/6/2023,104.99001,145.24001
3/7/2023,103.34,143.25999
3/8/2023,102.5,143
3/9/2023,100.30001,139.59
3/10/2023,99.380005,138.2
3/13/2023,99.080002,138.49001
3/14/2023,99.460007,140.84
3/15/2023,99.339997,140.63
3/16/2023,100.43,143.17
3/17/2023,98.699997,141.34
3/20/2023,99.850007,141.52
3/21/2023,100.54,145.42999
3/22/2023,99.119996,142.19
3/23/2023,98.419999,142.03999
3/24/2023,98.339997,141.58
3/27/2023,98.660004,141.87
3/28/2023,98.720002,141.7
3/29/2023,100.62,144.39
3/30/2023,101.32001,145.64999
3/31/2023,104.13001,149.53999
4/3/2023,104.85001,148.17
4/4/2023,104,147.92999
4/5/2023,104.9,144.89999
4/6/2023,104.68,144.92999
4/10/2023,104.74001,145.57001
4/11/2023,105.74001,145.8
4/12/2023,105.60001,143.53999
4/13/2023,106.99001,146.71001
4/14/2023,107.47001,146.89999
4/17/2023,108.31,147.94
4/18/2023,107.91001,148.17999
4/19/2023,107.16001,148.03999
4/20/2023,107.05001,145.75999
4/21/2023,108.19001,147.37
4/24/2023,109.29,147.35001
4/25/2023,109.34,144.42999
4/26/2023,111.47001,143.69
4/27/2023,112.75,147.48
4/28/2023,114.29,147.86
5/1/2023,114.56,146.39999
5/2/2023,114.46001,146.55
5/3/2023,103.96001,145.39
5/4/2023,104.72001,144.27
5/5/2023,107.21001,147.19
5/8/2023,107.17,147.69
5/9/2023,106.71001,147.64999
5/10/2023,106.97001,148.39999
5/11/2023,105.63001,149.09
5/12/2023,106.12,147.83
5/15/2023,106.64,148.02
5/16/2023,105.28,147.42
5/17/2023,105.69001,150.49001
5/18/2023,107.09,152.83
5/19/2023,105.51,151.55
5/22/2023,102.9,151.08
5/23/2023,100.34,149.7
5/24/2023,99.610001,149.14999
5/25/2023,98.440003,148.48
5/26/2023,98.529999,151.97
5/30/2023,97.75,152.99001
5/31/2023,97.64,151.61
6/1/2023,97.520005,153.39999
6/2/2023,99.5,157
6/5/2023,99.929993,157.47
6/6/2023,98.220002,159.11
6/7/2023,97.919999,158.03
6/8/2023,99.149994,160.37
6/9/2023,97.960007,161.2
6/12/2023,98.460007,163.97
6/13/2023,99.259995,165.67
6/14/2023,100.66001,165.55
6/15/2023,101.38001,166.63
6/16/2023,101.87,166.38
6/20/2023,101.27001,167.28999
6/21/2023,101.87,165.28
6/22/2023,100.85001,167.39
6/23/2023,98.339997,165.45
6/26/2023,98.229996,163.33
6/27/2023,98.720002,166.84
6/28/2023,98.610001,167.5
6/29/2023,98.679993,167.67999
6/30/2023,99.059998,169.81
7/3/2023,99.149994,171.86
7/5/2023,98.460007,171.92999
7/6/2023,96.199997,169.16
7/7/2023,96.050004,169.37
7/10/2023,99.130005,169.89
7/11/2023,100.09,171.31
7/12/2023,101.14,172.85001
7/13/2023,101.60001,174.47
7/14/2023,101.61001,174.92
7/17/2023,100.93,175.63
7/18/2023,100.76,176.35001
7/19/2023,101.83001,176.97
7/20/2023,100.88001,170.94
7/21/2023,102.82001,170.98
7/24/2023,102.78,172.10001
7/25/2023,102.92,171.7
7/26/2023,101.73,171.66
7/27/2023,100.78,169.88
7/28/2023,101.25,172.75999
7/31/2023,101.57001,173.74001
8/1/2023,101.26,171.77
8/2/2023,102.13001,168.69
8/3/2023,102.33001,169.09
8/4/2023,100.68,171.55
8/7/2023,101.74001,173.31
8/8/2023,100.69501,171.92999
8/9/2023,99.919999,169.89
8/10/2023,101.66001,170.3
8/11/2023,100.99001,169.72
8/14/2023,101.01,170.24001
8/15/2023,100.04,167.92
8/16/2023,98.979996,165.84
8/17/2023,96.570008,163.03
8/18/2023,97.229996,162.66
8/21/2023,96.460007,164.53
8/22/2023,96.070008,164.77
8/23/2023,95.179993,166.09
8/24/2023,94.830002,162.84
8/25/2023,95.479996,164.66
8/28/2023,97.039994,165.32001
8/29/2023,99.149994,169.45
8/30/2023,99.240006,170.17999
8/31/2023,97.440003,170.71001
9/1/2023,98,169.67
9/5/2023,96.839997,169.78999
9/6/2023,95.949997,168.28
9/7/2023,95.100007,168.75
9/8/2023,95.279999,168.75
9/11/2023,95.669999,173.28999
9/12/2023,96.240006,171.72
9/13/2023,96.929993,173.08
9/14/2023,97.160004,174.78
9/15/2023,96.229996,171.78999
9/18/2023,96.759995,169.62
9/19/2023,95.289994,168.77
9/20/2023,95.160004,167.09
9/21/2023,93.100007,162.53
9/22/2023,93.679993,160.92999
9/25/2023,92.740006,161.92
9/26/2023,92,158.97
9/27/2023,91.169999,158.36
9/28/2023,91.080002,160.13
9/29/2023,91.270005,160.98
10/2/2023,91.130005,161.11
10/3/2023,89.479996,157.19
10/4/2023,91.149994,160.28999
10/5/2023,92.369996,159.49001
10/6/2023,92.850007,160.61
10/9/2023,92.679993,160.78
10/10/2023,93.179993,162.53999
10/11/2023,91.949997,163.12
10/12/2023,91.419999,161.34
10/13/2023,91.479996,158.97
10/16/2023,93.649994,161.53999
10/17/2023,94.179993,161.92
10/18/2023,93.75,158.12
10/19/2023,94.419999,154.08
10/20/2023,94.190003,151.69
10/23/2023,94.199997,151.87
10/24/2023,94.619996,153.49001
10/25/2023,94,150.39
10/26/2023,92.669999,148.03999
10/27/2023,92.020005,149.59
10/30/2023,93.149994,150.96001
10/31/2023,92.240006,152.10001
11/1/2023,91.350007,153.98
11/2/2023,100.01,158
11/3/2023,102.65,160.22
11/6/2023,104.03,160.42
11/7/2023,103.68,162.21001
11/8/2023,104.30001,161.78
11/9/2023,102.23,158.75999
11/10/2023,104.33001,161.39999
11/13/2023,103.51,162.09
11/14/2023,105.60001,167.55
11/15/2023,106.03,167.75
11/16/2023,107.21001,166.03
11/17/2023,105.57001,167.14
11/20/2023,104.30001,168
11/21/2023,103.69001,167.57001
11/22/2023,103.44001,168.08
11/24/2023,102.78,168.24001
11/27/2023,102.36001,168.50999
11/28/2023,101.18,169.48
11/29/2023,99.850007,169.02
11/30/2023,99.300004,168.78
12/1/2023,99.199997,171.09
12/4/2023,97.600007,170.44
12/5/2023,95.539994,170.74001
12/6/2023,97.020005,170.99001
12/7/2023,96.440003,172.39999
12/8/2023,96.610001,173.19
12/11/2023,98.119996,173.64999
12/12/2023,98.149994,174.19
12/13/2023,98.110001,176.47
12/14/2023,97.839997,178.84
12/15/2023,96.75,179.21001
12/18/2023,96.559998,180
12/19/2023,97.720002,181.41
12/20/2023,94.710007,178.10001
12/21/2023,95.330002,180.81
12/22/2023,95.279999,179.48
12/26/2023,95.669999,180.24001
12/27/2023,95.289994,180.86
12/28/2023,95.929993,179.92
12/29/2023,96.009995,178.81
