date,STT,KCE
2010-01-04,44.46,37.71
2010-01-05,44.55,37.94
2010-01-06,43.81,37.76
2010-01-07,44.6,37.94
2010-01-08,45.51,37.94
2010-01-11,44.36,37.91
2010-01-12,44.2,37.41
2010-01-13,44.61,37.74
2010-01-14,43.79,37.63
2010-01-15,42.67,37.12
2010-01-19,43.2,37.57
2010-01-20,46.28,37.51
2010-01-21,45.47,36.7964
2010-01-22,43.36,35.59
2010-01-25,43.94,35.86
2010-01-26,43.08,35.0634
2010-01-27,44.51,35.68
2010-01-28,43.83,35.18
2010-01-29,42.88,34.66
2010-02-01,44.16,35.13
2010-02-02,44.57,35.4
2010-02-03,44.4,35.22
2010-02-04,43.07,33.64
2010-02-05,43.35,34.15
2010-02-08,43.0,33.65
2010-02-09,44.22,33.97
2010-02-10,44.64,34.32
2010-02-11,45.05,34.46
2010-02-12,44.62,34.66
2010-02-16,45.47,35.14
2010-02-17,44.84,34.99
2010-02-18,45.23,35.01
2010-02-19,46.64,35.34
2010-02-22,46.78,35.36
2010-02-23,45.86,34.82
2010-02-24,45.38,35.14
2010-02-25,44.99,35.0
2010-02-26,44.91,35.31
2010-03-01,44.97,35.54
2010-03-02,45.03,35.84
2010-03-03,44.92,35.87
2010-03-04,45.1,36.35
2010-03-05,45.64,37.05
2010-03-08,45.49,37.32
2010-03-09,45.78,37.23
2010-03-10,45.31,37.33
2010-03-11,45.03,37.54
2010-03-12,44.65,37.44
2010-03-15,44.53,37.35
2010-03-16,45.09,37.62
2010-03-17,46.27,38.07
2010-03-18,46.24,37.95
2010-03-19,45.95,37.59
2010-03-22,45.69,37.58
2010-03-23,46.16,37.71
2010-03-24,45.37,37.51
2010-03-25,46.06,37.59
2010-03-26,46.16,37.36
2010-03-29,46.27,37.49
2010-03-30,45.78,37.41
2010-03-31,45.14,37.21
2010-04-01,45.97,37.58
2010-04-05,46.35,37.97
2010-04-06,46.61,38.3
2010-04-07,46.41,38.26
2010-04-08,46.38,38.38
2010-04-09,46.96,38.57
2010-04-12,48.07,38.85
2010-04-13,47.85,38.96
2010-04-14,47.85,39.75
2010-04-15,47.95,39.79
2010-04-16,46.5,38.49
2010-04-19,47.25,38.75
2010-04-20,45.28,38.78
2010-04-21,43.67,38.81
2010-04-22,44.39,39.06
2010-04-23,44.48,39.3
2010-04-26,43.75,38.81
2010-04-27,42.78,37.91
2010-04-28,43.54,38.06
2010-04-29,44.32,39.05
2010-04-30,43.5,38.38
2010-05-03,43.79,38.87
2010-05-04,42.61,37.7
2010-05-05,43.41,37.58
2010-05-06,42.12,36.25
2010-05-07,41.34,35.41
2010-05-10,43.28,36.99
2010-05-11,42.81,36.877
2010-05-12,42.8,37.19
2010-05-13,41.91,36.93
2010-05-14,41.63,36.08
2010-05-17,41.54,36.16
2010-05-18,40.58,35.21
2010-05-19,40.6,35.2
2010-05-20,39.01,33.71
2010-05-21,39.65,34.73
2010-05-24,38.59,33.86
2010-05-25,38.88,34.02
2010-05-26,38.29,33.81
2010-05-27,39.14,35.04
2010-05-28,38.17,34.47
2010-06-01,37.02,33.68
2010-06-02,38.38,34.67
2010-06-03,38.91,34.73
2010-06-04,36.48,33.61
2010-06-07,36.28,32.98
2010-06-08,36.86,33.1
2010-06-09,36.5,32.69
2010-06-10,37.55,33.69
2010-06-11,37.68,34.12
2010-06-14,37.03,33.79
2010-06-15,38.49,34.4
2010-06-16,38.15,34.36
2010-06-17,37.57,33.99
2010-06-18,37.2,33.92
2010-06-21,37.17,33.76
2010-06-22,36.41,33.39
2010-06-23,35.81,33.16
2010-06-24,34.86,32.45
2010-06-25,35.83,33.03
2010-06-28,35.31,32.95
2010-06-29,33.95,31.49
2010-06-30,33.82,31.07
2010-07-01,33.28,30.81
2010-07-02,32.81,30.59
2010-07-06,33.34,30.57
2010-07-07,36.63,31.72
2010-07-08,36.38,31.95
2010-07-09,37.21,32.4
2010-07-12,37.12,32.25
2010-07-13,38.34,33.06
2010-07-14,37.58,32.68
2010-07-15,37.84,32.77
2010-07-16,36.91,31.94
2010-07-19,37.35,32.1
2010-07-20,39.53,32.51
2010-07-21,37.88,32.16
2010-07-22,39.06,32.97
2010-07-23,39.79,33.24
2010-07-26,39.7,33.74
2010-07-27,39.0,33.6
2010-07-28,38.87,33.37
2010-07-29,39.02,33.61
2010-07-30,38.92,33.33
2010-08-02,40.11,34.18
2010-08-03,39.86,33.99
2010-08-04,39.97,34.55
2010-08-05,39.95,34.49
2010-08-06,39.08,34.2
2010-08-09,39.59,34.45
2010-08-10,39.15,33.9
2010-08-11,37.35,32.65
2010-08-12,37.3,32.49
2010-08-13,37.28,32.17
2010-08-16,37.11,32.08
2010-08-17,38.29,32.7
2010-08-18,38.41,32.68
2010-08-19,37.01,31.92
2010-08-20,36.89,32.1
2010-08-23,36.43,31.91
2010-08-24,35.32,31.2
2010-08-25,35.41,31.27
2010-08-26,34.87,30.85
2010-08-27,35.85,31.36
2010-08-30,34.89,30.5
2010-08-31,35.08,30.45
2010-09-01,36.5,31.56
2010-09-02,36.43,31.82
2010-09-03,37.92,32.74
2010-09-07,36.7,32.0534
2010-09-08,37.3,32.4
2010-09-09,38.26,32.81
2010-09-10,37.93,32.96
2010-09-13,38.82,33.75
2010-09-14,38.23,33.572
2010-09-15,38.85,33.64
2010-09-16,38.64,33.47
2010-09-17,38.2125,33.42
2010-09-20,39.52,34.02
2010-09-21,38.64,33.56
2010-09-22,37.75,32.83
2010-09-23,37.18,32.29
2010-09-24,38.32,33.31
2010-09-27,38.18,33.05
2010-09-28,37.97,33.14
2010-09-29,37.34,32.92
2010-09-30,37.66,32.91
2010-10-01,38.21,33.23
2010-10-04,37.54,32.87
2010-10-05,38.7,33.89
2010-10-06,39.04,33.88
2010-10-07,38.67,33.61
2010-10-08,38.99,33.8118
2010-10-11,39.5,33.72
2010-10-12,39.66,34.01
2010-10-13,40.16,34.22
2010-10-14,39.84,33.97
2010-10-15,40.05,34.05
2010-10-18,41.21,34.74
2010-10-19,40.3,34.41
2010-10-20,40.53,34.78
2010-10-21,40.24,34.61
2010-10-22,40.4,34.73
2010-10-25,40.26,34.67
2010-10-26,40.98,34.7
2010-10-27,41.42,34.93
2010-10-28,41.11,35.02
2010-10-29,41.76,35.14
2010-11-01,41.77,35.09
2010-11-02,41.93,35.39
2010-11-03,42.28,35.64
2010-11-04,43.95,36.68
2010-11-05,45.47,37.46
2010-11-08,44.75,37.17
2010-11-09,43.97,36.7
2010-11-10,44.67,36.9
2010-11-11,44.96,36.76
2010-11-12,43.89,36.2
2010-11-15,43.87,36.38
2010-11-16,43.13,35.75
2010-11-17,43.01,35.68
2010-11-18,43.95,36.14
2010-11-19,43.44,36.14
2010-11-22,42.8,35.61
2010-11-23,42.1,35.02
2010-11-24,43.69,35.78
2010-11-26,43.84,35.55
2010-11-29,43.7,35.43
2010-11-30,43.2,35.17
2010-12-01,44.8,36.11
2010-12-02,45.62,37.35
2010-12-03,45.71,37.4
2010-12-06,45.76,37.56
2010-12-07,45.51,37.6
2010-12-08,46.18,37.99
2010-12-09,45.74,38.17
2010-12-10,45.93,38.32
2010-12-13,45.36,38.34
2010-12-14,45.2,38.09
2010-12-15,45.36,38.02
2010-12-16,45.7,38.21
2010-12-17,45.47,37.89
2010-12-20,45.9,37.9
2010-12-21,46.68,38.47
2010-12-22,47.77,38.75
2010-12-23,47.22,38.49
2010-12-27,47.17,38.75
2010-12-28,46.8,38.72
2010-12-29,46.66,38.54
2010-12-30,46.27,38.43
2010-12-31,46.34,38.39
2011-01-03,47.62,38.89
2011-01-04,46.68,38.52
2011-01-05,47.28,38.81
2011-01-06,47.32,38.89
2011-01-07,46.62,38.54
2011-01-10,46.4,38.75
2011-01-11,47.15,38.72
2011-01-12,47.78,39.49
2011-01-13,48.57,39.65
2011-01-14,49.99,40.06
2011-01-18,50.06,40.04
2011-01-19,48.0,38.93
2011-01-20,47.56,39.12
2011-01-21,48.25,39.41
2011-01-24,47.81,39.47
2011-01-25,47.69,39.14
2011-01-26,47.41,39.16
2011-01-27,47.58,39.53
2011-01-28,46.41,38.7
2011-01-31,46.72,38.99
2011-02-01,47.65,39.66
2011-02-02,47.27,39.64
2011-02-03,46.54,39.38
2011-02-04,46.37,39.48
2011-02-07,47.32,40.05
2011-02-08,47.31,40.04
2011-02-09,47.15,40.18
2011-02-10,47.78,40.48
2011-02-11,46.98,40.84
2011-02-14,46.59,40.98
2011-02-15,45.7,40.89
2011-02-16,46.2,41.2
2011-02-17,46.04,41.32
2011-02-18,46.12,41.4
2011-02-22,44.52,40.01
2011-02-23,44.23,39.65
2011-02-24,44.27,39.66
2011-02-25,44.8,40.36
2011-02-28,44.72,40.36
2011-03-01,44.35,39.66
2011-03-02,44.03,39.68
2011-03-03,44.16,40.41
2011-03-04,43.81,39.82
2011-03-07,43.84,39.59
2011-03-08,44.59,40.05
2011-03-09,44.52,39.75
2011-03-10,43.39,38.81
2011-03-11,43.34,38.98
2011-03-14,43.37,38.62
2011-03-15,42.73,38.05
2011-03-16,42.97,37.33
2011-03-17,43.4,37.62
2011-03-18,44.37,37.98
2011-03-21,43.92,38.75
2011-03-22,43.63,38.69
2011-03-23,43.77,38.802
2011-03-24,44.08,39.08
2011-03-25,44.04,39.11
2011-03-28,43.74,38.9
2011-03-29,44.09,38.955
2011-03-30,45.07,39.39
2011-03-31,44.94,39.39
2011-04-01,45.47,40.075
2011-04-04,45.64,39.88
2011-04-05,45.79,39.88
2011-04-06,46.37,40.315
2011-04-07,46.37,40.115
2011-04-08,46.06,39.84
2011-04-11,46.19,39.66
2011-04-12,46.16,39.4
2011-04-13,45.58,39.245
2011-04-14,45.15,39.09
2011-04-15,45.41,39.36
2011-04-18,44.67,38.67
2011-04-19,45.69,38.48
2011-04-20,46.02,39.11
2011-04-21,46.32,39.34
2011-04-25,45.96,38.99
2011-04-26,46.98,39.31
2011-04-27,46.56,39.29
2011-04-28,46.52,39.16
2011-04-29,46.55,39.127
2011-05-02,46.89,39.07
2011-05-03,46.7,38.66
2011-05-04,46.37,38.28
2011-05-05,45.88,37.92
2011-05-06,46.55,38.15
2011-05-09,46.49,38.14
2011-05-10,47.08,38.57
2011-05-11,46.88,38.0
2011-05-12,46.52,38.03
2011-05-13,45.55,37.52
2011-05-16,45.79,37.07
2011-05-17,46.41,36.79
2011-05-18,47.08,37.36
2011-05-19,47.47,37.42
2011-05-20,46.84,37.08
2011-05-23,45.65,36.48
2011-05-24,44.96,36.34
2011-05-25,45.18,36.42
2011-05-26,45.34,36.44
2011-05-27,45.19,36.76
2011-05-31,45.77,37.27
2011-06-01,43.55,35.7168
2011-06-02,43.99,35.7
2011-06-03,43.5,35.24
2011-06-06,43.04,34.63
2011-06-07,42.66,34.65
2011-06-08,42.15,34.198
2011-06-09,43.38,34.75
2011-06-10,42.71,34.44
2011-06-13,42.99,34.56
2011-06-14,44.12,35.02
2011-06-15,42.67,34.41
2011-06-16,43.15,34.42
2011-06-17,43.41,34.66
2011-06-20,43.41,34.71
2011-06-21,44.23,35.21
2011-06-22,44.04,34.86
2011-06-23,44.13,34.46
2011-06-24,43.31,33.95
2011-06-27,44.22,34.31
2011-06-28,44.01,34.46
2011-06-29,45.16,35.32
2011-06-30,45.09,35.47
2011-07-01,45.95,36.15
2011-07-05,45.13,35.85
2011-07-06,46.05,35.59
2011-07-07,46.84,36.3
2011-07-08,46.34,35.76
2011-07-11,44.58,34.53
2011-07-12,44.47,34.45
2011-07-13,44.64,34.56
2011-07-14,44.2,34.19
2011-07-15,43.83,34.05
2011-07-18,42.95,33.52
2011-07-19,42.02,33.85
2011-07-20,42.6,34.34
2011-07-21,43.44,35.38
2011-07-22,42.62,35.24
2011-07-25,42.63,35.04
2011-07-26,42.42,34.97
2011-07-27,41.61,33.78
2011-07-28,41.76,33.83
2011-07-29,41.47,33.75
2011-08-01,41.37,33.66
2011-08-02,40.54,32.54
2011-08-03,40.86,32.82
2011-08-04,38.59,30.94
2011-08-05,38.74,30.6
2011-08-08,34.84,27.82
2011-08-09,35.66,29.65
2011-08-10,33.24,27.53
2011-08-11,35.58,29.51
2011-08-12,34.68,28.95
2011-08-15,34.85,29.7
2011-08-16,34.59,29.07
2011-08-17,34.81,29.09
2011-08-18,32.67,27.38
2011-08-19,31.91,26.88
2011-08-22,31.77,26.845
2011-08-23,33.07,27.93
2011-08-24,34.08,28.62
2011-08-25,33.59,28.01
2011-08-26,34.04,28.48
2011-08-29,35.33,29.79
2011-08-30,35.1,29.63
2011-08-31,35.52,29.82
2011-09-01,34.8,29.04
2011-09-02,33.33,27.88
2011-09-06,32.58,27.41
2011-09-07,34.2,28.73
2011-09-08,33.3,27.9
2011-09-09,32.05,27.2
2011-09-12,32.4,27.45
2011-09-13,32.76,27.86
2011-09-14,33.22,28.32
2011-09-15,34.46,29.34
2011-09-16,34.43,29.19
2011-09-19,32.79,28.15
2011-09-20,32.67,27.91
2011-09-21,31.48,26.76
2011-09-22,31.22,25.9
2011-09-23,30.94,26.22
2011-09-26,32.22,26.97
2011-09-27,33.46,27.51
2011-09-28,32.22,26.37
2011-09-29,33.07,27.11
2011-09-30,32.16,25.77
2011-10-03,30.38,24.47
2011-10-04,32.06,25.97
2011-10-05,32.47,26.47
2011-10-06,32.62,27.15
2011-10-07,31.59,26.18
2011-10-10,33.23,27.57
2011-10-11,33.1,27.44
2011-10-12,33.8,28.1
2011-10-13,33.22,27.71
2011-10-14,33.9,27.97
2011-10-17,33.87,27.33
2011-10-18,37.49,28.53
2011-10-19,36.91,27.87
2011-10-20,38.18,28.31
2011-10-21,38.78,28.88
2011-10-24,39.4,29.77
2011-10-25,38.75,28.33
2011-10-26,38.86,28.84
2011-10-27,41.89,31.27
2011-10-28,42.01,31.14
2011-10-31,40.39,29.68
2011-11-01,38.76,28.1
2011-11-02,40.23,29.01
2011-11-03,40.37,29.74
2011-11-04,39.99,29.43
2011-11-07,40.6,29.54
2011-11-08,41.74,29.97
2011-11-09,39.44,28.25
2011-11-10,40.11,28.45
2011-11-11,41.24,29.13
2011-11-14,40.9,28.56
2011-11-15,41.0,28.84
2011-11-16,39.93,28.04
2011-11-17,38.54,27.56
2011-11-18,38.5,27.59
2011-11-21,37.19,27.03
2011-11-22,37.25,26.56
2011-11-23,36.33,25.92
2011-11-25,36.24,25.85
2011-11-28,36.91,26.93
2011-11-29,36.64,26.76
2011-11-30,39.65,28.63
2011-12-01,39.22,28.23
2011-12-02,39.98,28.62
2011-12-05,40.17,29.16
2011-12-06,40.27,29.19
2011-12-07,41.34,29.48
2011-12-08,39.81,28.23
2011-12-09,40.93,28.96
2011-12-12,40.07,28.16
2011-12-13,39.55,27.7
2011-12-14,39.23,27.16
2011-12-15,39.11,27.25
2011-12-16,40.04,26.9
2011-12-19,39.03,26.26
2011-12-20,40.48,27.5
2011-12-21,40.62,27.58
2011-12-22,41.09,28.08
2011-12-23,41.39,28.2503
2011-12-27,41.18,28.28
2011-12-28,40.3,27.53
2011-12-29,40.78,28.03
2011-12-30,40.31,27.95
2012-01-03,41.82,28.78
2012-01-04,41.3,28.67
2012-01-05,41.76,28.94
2012-01-06,41.76,28.96
2012-01-09,41.77,29.07
2012-01-10,43.17,29.81
2012-01-11,43.05,29.77
2012-01-12,43.61,29.96
2012-01-13,42.94,29.737
2012-01-17,42.75,29.61
2012-01-18,39.95,30.01
2012-01-19,41.06,30.9
2012-01-20,41.5,31.14
2012-01-23,41.79,31.24
2012-01-24,41.31,31.16
2012-01-25,39.91,31.07
2012-01-26,38.78,31.06
2012-01-27,39.06,31.07
2012-01-30,38.83,30.7
2012-01-31,39.18,30.661
2012-02-01,40.2,31.3677
2012-02-02,40.98,31.44
2012-02-03,42.57,32.39
2012-02-06,41.83,32.3
2012-02-07,41.64,32.24
2012-02-08,41.81,32.05
2012-02-09,41.1,32.099
2012-02-10,40.66,31.753
2012-02-13,40.23,31.99
2012-02-14,39.46,31.76
2012-02-15,39.52,31.69
2012-02-16,40.36,31.89
2012-02-17,40.25,32.56
2012-02-21,40.01,32.47
2012-02-22,39.62,32.289
2012-02-23,40.86,32.572
2012-02-24,40.53,32.608
2012-02-27,41.46,32.69
2012-02-28,42.02,32.9
2012-02-29,42.23,32.74
2012-03-01,42.42,33.11
2012-03-02,41.98,32.75
2012-03-05,41.76,32.5
2012-03-06,40.92,31.73
2012-03-07,41.42,32.23
2012-03-08,41.76,32.53
2012-03-09,42.1,32.96
2012-03-12,41.68,32.79
2012-03-13,43.87,33.9111
2012-03-14,44.88,33.81
2012-03-15,45.84,34.47
2012-03-16,45.76,34.26
2012-03-19,45.96,34.52
2012-03-20,45.9,34.45
2012-03-21,45.53,34.41
2012-03-22,45.01,33.89
2012-03-23,45.63,34.24
2012-03-26,46.29,34.78
2012-03-27,45.49,34.47
2012-03-28,45.47,34.18
2012-03-29,45.06,33.8
2012-03-30,45.5,34.01
2012-04-02,45.88,34.32
2012-04-03,45.9,34.3
2012-04-04,44.6,33.64
2012-04-05,44.56,33.54
2012-04-09,43.82,32.89
2012-04-10,43.0,32.01
2012-04-11,43.32,32.32
2012-04-12,44.18,33.02
2012-04-13,43.19,32.09
2012-04-16,43.68,32.19
2012-04-17,44.55,32.68
2012-04-18,44.94,32.32
2012-04-19,45.03,32.24
2012-04-20,45.12,32.25
2012-04-23,44.57,31.91
2012-04-24,45.22,32.0529
2012-04-25,45.95,32.57
2012-04-26,46.36,32.92
2012-04-27,46.32,33.03
2012-04-30,46.22,32.92
2012-05-01,46.55,32.94
2012-05-02,46.16,32.58
2012-05-03,46.07,32.13
2012-05-04,45.19,31.69
2012-05-07,45.27,31.75
2012-05-08,44.74,31.54
2012-05-09,43.66,31.27
2012-05-10,43.9,31.23
2012-05-11,43.57,31.13
2012-05-14,42.44,30.55
2012-05-15,42.78,30.33
2012-05-16,41.8,30.0
2012-05-17,41.5,29.48
2012-05-18,41.1,29.0
2012-05-21,41.64,29.54
2012-05-22,41.44,29.56
2012-05-23,41.9,29.67
2012-05-24,41.73,29.79
2012-05-25,41.78,29.79
2012-05-29,42.57,30.27
2012-05-30,41.63,29.75
2012-05-31,41.21,29.83
2012-06-01,39.88,28.79
2012-06-04,39.52,28.5
2012-06-05,39.86,28.8748
2012-06-06,41.12,29.82
2012-06-07,41.85,30.171
2012-06-08,42.16,30.11
2012-06-11,42.79,29.71
2012-06-12,43.42,29.92
2012-06-13,43.32,29.79
2012-06-14,43.3,30.09
2012-06-15,43.85,30.3
2012-06-18,43.61,30.19
2012-06-19,44.42,30.77
2012-06-20,43.9,30.7
2012-06-21,43.14,29.92
2012-06-22,43.91,30.21
2012-06-25,42.5,29.42
2012-06-26,42.5,29.6
2012-06-27,42.99,29.98
2012-06-28,43.17,30.1
2012-06-29,44.64,30.95
2012-07-02,44.72,31.25
2012-07-03,44.91,31.48
2012-07-05,44.8,31.19
2012-07-06,44.04,30.86
2012-07-09,43.67,30.57
2012-07-10,43.18,30.46
2012-07-11,43.2,30.44
2012-07-12,42.8,30.14
2012-07-13,44.11,30.87
2012-07-16,44.14,30.85
2012-07-17,41.33,30.88
2012-07-18,41.61,30.86
2012-07-19,41.54,30.52
2012-07-20,40.08,29.91
2012-07-23,39.72,29.58
2012-07-24,39.42,29.25
2012-07-25,39.17,29.33
2012-07-26,39.69,29.71
2012-07-27,40.37,30.47
2012-07-30,40.18,30.44
2012-07-31,40.38,30.24
2012-08-01,40.24,29.77
2012-08-02,39.56,29.19
2012-08-03,40.7,30.23
2012-08-06,40.49,30.25
2012-08-07,41.31,30.8452
2012-08-08,41.38,30.7
2012-08-09,41.81,30.921
2012-08-10,41.85,30.96
2012-08-13,41.79,30.98
2012-08-14,41.22,30.92
2012-08-15,41.35,31.07
2012-08-16,41.57,31.38
2012-08-17,41.91,31.46
2012-08-20,41.91,31.5
2012-08-21,41.85,31.61
2012-08-22,41.68,31.53
2012-08-23,41.22,31.24
2012-08-24,41.44,31.41
2012-08-27,41.1,31.23
2012-08-28,41.1,31.48
2012-08-29,41.23,31.61
2012-08-30,41.18,31.42
2012-08-31,41.6,31.58
2012-09-04,41.72,31.85
2012-09-05,41.95,31.84
2012-09-06,42.86,32.59
2012-09-07,43.0,32.93
2012-09-10,42.9,32.8
2012-09-11,43.1,32.92
2012-09-12,43.18,33.18
2012-09-13,44.09,33.77
2012-09-14,43.92,34.14
2012-09-17,43.91,33.89
2012-09-18,43.69,33.681
2012-09-19,43.45,33.61
2012-09-20,43.43,33.28
2012-09-21,43.71,33.21
2012-09-24,43.39,32.98
2012-09-25,42.36,32.3
2012-09-26,41.71,32.0965
2012-09-27,42.04,32.47
2012-09-28,41.96,32.34
2012-10-01,42.07,32.531
2012-10-02,42.08,32.45
2012-10-03,41.94,32.51
2012-10-04,42.29,32.88
2012-10-05,41.99,33.27
2012-10-08,41.95,32.873
2012-10-09,41.49,32.6334
2012-10-10,41.46,32.47
2012-10-11,42.02,32.66
2012-10-12,41.38,32.21
2012-10-15,41.58,32.5
2012-10-16,43.53,32.95
2012-10-17,44.69,33.565
2012-10-18,44.93,33.34
2012-10-19,44.66,32.74
2012-10-22,44.71,32.553
2012-10-23,43.92,32.24
2012-10-24,44.26,32.33
2012-10-25,44.69,32.59
2012-10-26,44.38,32.67
2012-10-31,44.57,32.809
2012-11-01,45.05,33.45
2012-11-02,44.72,33.11
2012-11-05,45.93,33.3104
2012-11-06,46.33,33.54
2012-11-07,44.72,32.43
2012-11-08,44.38,32.25
2012-11-09,44.31,32.201
2012-11-12,44.39,32.361
2012-11-13,44.28,32.12
2012-11-14,43.98,31.29
2012-11-15,44.14,31.64
2012-11-16,44.21,31.69
2012-11-19,45.29,32.52
2012-11-20,45.29,32.68
2012-11-21,45.4,32.66
2012-11-23,45.78,32.882
2012-11-26,44.9,32.978
2012-11-27,44.54,32.97
2012-11-28,44.66,33.1499
2012-11-29,44.6,33.23
2012-11-30,44.44,33.13
2012-12-03,44.71,33.2
2012-12-04,44.4,33.01
2012-12-05,44.63,33.1835
2012-12-06,44.57,33.23
2012-12-07,45.15,33.3466
2012-12-10,44.94,33.21
2012-12-11,45.35,33.642
2012-12-12,45.41,33.6725
2012-12-13,45.35,33.52
2012-12-14,45.45,33.56
2012-12-17,46.43,34.29
2012-12-18,46.97,34.78
2012-12-19,46.5,34.942
2012-12-20,46.55,35.11
2012-12-21,46.41,34.2
2012-12-24,46.38,34.11
2012-12-26,46.47,33.93
2012-12-27,46.32,33.69
2012-12-28,46.05,33.61
2012-12-31,47.01,34.11
2013-01-02,48.32,35.1301
2013-01-03,48.06,35.1399
2013-01-04,49.39,35.732
2013-01-07,49.44,35.7848
2013-01-08,49.11,35.56
2013-01-09,49.51,35.73
2013-01-10,50.25,36.08
2013-01-11,50.58,36.26
2013-01-14,51.01,36.17
2013-01-15,50.8,36.26
2013-01-16,49.85,36.12
2013-01-17,50.38,36.4799
2013-01-18,53.36,36.86
2013-01-22,55.25,37.27
2013-01-23,55.33,37.17
2013-01-24,55.52,37.16
2013-01-25,56.45,37.44
2013-01-28,56.39,37.44
2013-01-29,56.04,37.8
2013-01-30,55.92,37.79
2013-01-31,55.65,37.94
2013-02-01,56.36,38.31
2013-02-04,55.94,37.964
2013-02-05,56.17,38.3899
2013-02-06,56.38,38.54
2013-02-07,56.23,38.44
2013-02-08,56.55,38.65
2013-02-11,56.6,38.74
2013-02-12,56.93,39.0134
2013-02-13,57.07,39.16
2013-02-14,57.2,39.47
2013-02-15,57.24,39.42
2013-02-19,57.54,39.78
2013-02-20,56.73,38.9868
2013-02-21,56.09,38.19
2013-02-22,57.19,38.8
2013-02-25,56.2,37.94
2013-02-26,56.9,38.0
2013-02-27,56.97,38.59
2013-02-28,56.59,38.52
2013-03-01,56.31,38.39
2013-03-04,57.1,38.75
2013-03-05,57.5,39.24
2013-03-06,58.66,39.4726
2013-03-07,58.66,39.72
2013-03-08,59.2,39.96
2013-03-11,59.38,40.15
2013-03-12,59.13,39.93
2013-03-13,59.81,40.3
2013-03-14,59.95,40.43
2013-03-15,60.03,40.18
2013-03-18,59.31,39.7359
2013-03-19,59.26,39.18
2013-03-20,60.53,39.64
2013-03-21,59.0,39.0599
2013-03-22,59.77,39.04
2013-03-25,59.32,38.9
2013-03-26,59.76,39.12
2013-03-27,59.41,39.0919
2013-03-28,59.09,39.27
2013-04-01,58.23,38.67
2013-04-02,58.71,38.96
2013-04-03,56.91,37.9431
2013-04-04,57.17,38.15
2013-04-05,57.57,37.94
2013-04-08,57.96,38.38
2013-04-09,58.48,38.52
2013-04-10,59.94,39.4
2013-04-11,60.48,39.49
2013-04-12,59.75,39.14
2013-04-15,57.66,37.87
2013-04-16,58.31,38.3
2013-04-17,57.29,37.49
2013-04-18,56.51,36.86
2013-04-19,56.93,37.34
2013-04-22,57.25,37.58
2013-04-23,58.26,38.3
2013-04-24,58.27,38.31
2013-04-25,58.3,38.39
2013-04-26,57.86,38.3
2013-04-29,58.15,38.66
2013-04-30,58.47,39.1
2013-05-01,57.47,38.2
2013-05-02,57.6,38.72
2013-05-03,59.45,39.37
2013-05-06,59.53,39.67
2013-05-07,59.68,39.839
2013-05-08,60.56,40.21
2013-05-09,60.22,40.12
2013-05-10,60.33,40.35
2013-05-13,61.67,40.62
2013-05-14,63.59,41.49
2013-05-15,63.61,41.71
2013-05-16,63.81,41.87
2013-05-17,65.16,42.29
2013-05-20,65.19,42.3552
2013-05-21,65.09,42.26
2013-05-22,65.16,41.52
2013-05-23,64.6,41.26
2013-05-24,64.49,41.23
2013-05-28,67.15,42.14
2013-05-29,66.85,41.9636
2013-05-30,67.19,42.36
2013-05-31,66.18,41.7
2013-06-03,66.31,41.33
2013-06-04,66.15,41.23
2013-06-05,64.88,40.15
2013-06-06,65.53,40.84
2013-06-07,67.44,41.74
2013-06-10,67.36,41.789
2013-06-11,66.12,40.98
2013-06-12,64.91,40.42
2013-06-13,66.41,41.35
2013-06-14,66.06,40.89
2013-06-17,66.85,41.7
2013-06-18,67.32,41.99
2013-06-19,66.68,41.35
2013-06-20,65.97,39.99
2013-06-21,64.95,39.53
2013-06-24,64.09,38.61
2013-06-25,64.84,39.34
2013-06-26,64.99,39.55
2013-06-27,65.55,40.292
2013-06-28,65.21,39.96
2013-07-01,65.76,40.25
2013-07-02,65.87,40.19
2013-07-03,65.81,39.97
2013-07-05,67.76,40.7
2013-07-08,67.81,40.97
2013-07-09,68.83,41.43
2013-07-10,68.58,41.4
2013-07-11,68.5,41.89
2013-07-12,68.95,42.14
2013-07-15,69.25,42.54
2013-07-16,68.69,42.03
2013-07-17,69.4,42.11
2013-07-18,70.1,42.75
2013-07-19,69.28,42.78
2013-07-22,70.02,43.14
2013-07-23,71.2,43.33
2013-07-24,69.67,42.88
2013-07-25,69.35,43.33
2013-07-26,68.95,43.35
2013-07-29,68.53,42.89
2013-07-30,68.64,43.1
2013-07-31,69.67,43.26
2013-08-01,70.7,44.12
2013-08-02,70.57,44.14
2013-08-05,70.35,44.07
2013-08-06,70.65,43.59
2013-08-07,69.34,43.23
2013-08-08,69.51,43.35
2013-08-09,69.32,43.37
2013-08-12,68.55,43.02
2013-08-13,69.23,43.3801
2013-08-14,69.26,43.206
2013-08-15,67.8,42.4
2013-08-16,67.85,42.44
2013-08-19,67.42,41.81
2013-08-20,68.26,42.36
2013-08-21,68.21,42.02
2013-08-22,69.73,42.61
2013-08-23,69.67,42.63
2013-08-26,69.52,42.55
2013-08-27,66.87,41.29
2013-08-28,66.79,41.33
2013-08-29,67.2,41.78
2013-08-30,66.72,41.24
2013-09-03,67.56,41.53
2013-09-04,68.26,42.21
2013-09-05,68.31,42.3
2013-09-06,67.63,42.49
2013-09-09,68.11,42.93
2013-09-10,68.65,43.69
2013-09-11,68.29,43.51
2013-09-12,67.8,43.23
2013-09-13,68.05,43.4059
2013-09-16,68.83,43.81
2013-09-17,69.1,44.2
2013-09-18,69.03,44.26
2013-09-19,68.63,44.13
2013-09-20,67.64,43.54
2013-09-23,66.59,43.15
2013-09-24,66.49,43.05
2013-09-25,66.73,43.09
2013-09-26,66.97,43.04
2013-09-27,66.21,42.98
2013-09-30,65.75,42.7
2013-10-01,66.7,43.1052
2013-10-02,65.94,42.6945
2013-10-03,65.75,42.35
2013-10-04,66.42,42.78
2013-10-07,65.95,42.17
2013-10-08,64.71,41.33
2013-10-09,64.78,41.63
2013-10-10,67.11,42.79
2013-10-11,67.22,43.2
2013-10-14,67.27,43.4
2013-10-15,67.03,43.18
2013-10-16,68.53,43.7703
2013-10-17,69.52,44.39
2013-10-18,69.77,44.89
2013-10-21,69.81,44.82
2013-10-22,67.54,44.85
2013-10-23,67.64,44.76
2013-10-24,67.94,45.24
2013-10-25,68.74,45.59
2013-10-28,68.58,45.58
2013-10-29,70.26,45.94
2013-10-30,70.23,45.68
2013-10-31,70.07,45.41
2013-11-01,70.35,45.3601
2013-11-04,70.92,45.57
2013-11-05,70.8,45.52
2013-11-06,71.18,45.9
2013-11-07,69.85,44.96
2013-11-08,71.86,46.14
2013-11-11,71.81,46.36
2013-11-12,69.9,46.03
2013-11-13,70.88,46.52
2013-11-14,70.62,46.73
2013-11-15,70.64,46.85
2013-11-18,70.99,46.9247
2013-11-19,70.9,46.57
2013-11-20,71.08,46.7
2013-11-21,72.05,47.43
2013-11-22,72.7,47.76
2013-11-25,72.11,47.85
2013-11-26,72.55,47.93
2013-11-27,72.34,48.04
2013-11-29,72.61,48.1399
2013-12-02,72.89,47.86
2013-12-03,71.5,47.5
2013-12-04,70.83,47.56
2013-12-05,70.16,47.25
2013-12-06,71.23,47.99
2013-12-09,71.82,48.18
2013-12-10,71.35,47.99
2013-12-11,70.37,47.34
2013-12-12,70.21,47.33
2013-12-13,69.73,47.51
2013-12-16,70.02,48.3
2013-12-17,69.59,48.13
2013-12-18,71.43,49.47
2013-12-19,71.03,49.15
2013-12-20,71.55,49.48
2013-12-23,72.21,49.89
2013-12-24,72.23,49.97
2013-12-26,72.73,50.1
2013-12-27,72.96,49.91
2013-12-30,72.66,49.78
2013-12-31,73.39,50.1
2014-01-02,73.16,49.54
2014-01-03,74.7,50.02
2014-01-06,74.69,49.94
2014-01-07,75.24,50.33
2014-01-08,75.05,50.23
2014-01-09,75.35,50.2699
2014-01-10,74.88,50.18
2014-01-13,72.93,49.35
2014-01-14,73.47,49.86
2014-01-15,74.32,50.61
2014-01-16,73.72,50.61
2014-01-17,73.5,50.5
2014-01-21,74.17,50.82
2014-01-22,75.15,51.22
2014-01-23,72.76,50.21
2014-01-24,69.52,48.45
2014-01-27,68.3,47.43
2014-01-28,68.88,48.19
2014-01-29,67.6,47.25
2014-01-30,68.24,47.87
2014-01-31,66.95,47.28
2014-02-03,64.6,45.43
2014-02-04,65.46,46.27
2014-02-05,64.34,45.77
2014-02-06,65.92,46.32
2014-02-07,68.23,46.99
2014-02-10,68.16,47.2878
2014-02-11,68.75,47.67
2014-02-12,68.8,47.95
2014-02-13,68.5,48.34
2014-02-14,68.81,48.05
2014-02-18,68.22,48.57
2014-02-19,68.05,47.81
2014-02-20,67.82,48.13
2014-02-21,68.52,48.09
2014-02-24,69.07,48.67
2014-02-25,67.87,48.07
2014-02-26,67.41,47.87
2014-02-27,67.39,48.2936
2014-02-28,65.67,48.4
2014-03-03,65.2,47.76
2014-03-04,66.41,49.06
2014-03-05,66.5,49.035
2014-03-06,67.73,49.27
2014-03-07,68.14,49.329
2014-03-10,68.2,49.39
2014-03-11,66.83,48.8524
2014-03-12,66.16,48.89
2014-03-13,64.48,48.3401
2014-03-14,64.73,48.08
2014-03-17,65.44,48.68
2014-03-18,65.34,49.075
2014-03-19,66.15,48.81
2014-03-20,68.0,49.94
2014-03-21,68.81,49.3
2014-03-24,70.21,49.18
2014-03-25,70.16,48.951
2014-03-26,68.64,48.63
2014-03-27,68.49,48.0499
2014-03-28,68.99,48.18
2014-03-31,69.55,49.02
2014-04-01,69.57,49.486
2014-04-02,69.28,49.879
2014-04-03,69.49,49.17
2014-04-04,68.25,47.6
2014-04-07,66.52,46.53
2014-04-08,65.92,46.71
2014-04-09,67.07,47.25
2014-04-10,65.15,45.9201
2014-04-11,63.76,45.03
2014-04-14,64.44,45.3101
2014-04-15,64.35,45.64
2014-04-16,64.91,46.45
2014-04-17,65.53,46.85
2014-04-21,65.0,46.8
2014-04-22,65.36,47.51
2014-04-23,65.91,47.57
2014-04-24,65.73,47.38
2014-04-25,63.79,46.58
2014-04-28,63.49,46.06
2014-04-29,64.34,46.7
2014-04-30,64.56,47.2
2014-05-01,64.6,47.18
2014-05-02,65.36,47.32
2014-05-05,64.13,47.15
2014-05-06,63.55,46.27
2014-05-07,64.25,46.81
2014-05-08,64.96,46.82
2014-05-09,64.86,46.76
2014-05-12,65.86,47.85
2014-05-13,65.59,47.49
2014-05-14,64.87,46.8
2014-05-15,63.21,45.58
2014-05-16,63.19,45.62
2014-05-19,63.81,46.2
2014-05-20,63.23,45.48
2014-05-21,64.27,46.18
2014-05-22,64.69,46.54
2014-05-23,64.49,46.78
2014-05-27,65.17,47.17
2014-05-28,64.83,46.93
2014-05-29,65.01,47.04
2014-05-30,65.27,46.92
2014-06-02,65.07,47.01
2014-06-03,65.79,47.16
2014-06-04,66.32,47.61
2014-06-05,66.43,48.12
2014-06-06,67.0,48.67
2014-06-09,67.21,48.9
2014-06-10,66.96,48.53
2014-06-11,66.48,48.09
2014-06-12,66.23,47.89
2014-06-13,66.26,47.89
2014-06-16,66.09,47.9
2014-06-17,67.73,48.84
2014-06-18,67.82,49.15
2014-06-19,67.22,48.86
2014-06-20,67.8,49.17
2014-06-23,68.03,49.24
2014-06-24,67.55,48.6
2014-06-25,68.03,48.93
2014-06-26,67.67,48.7
2014-06-27,66.82,48.91
2014-06-30,67.26,49.23
2014-07-01,67.66,49.48
2014-07-02,68.1,49.2
2014-07-03,68.84,49.75
2014-07-07,68.54,49.29
2014-07-08,67.79,48.4899
2014-07-09,68.15,48.38
2014-07-10,67.7,47.86
2014-07-11,67.61,47.94
2014-07-14,68.58,48.166
2014-07-15,69.11,48.14
2014-07-16,69.42,48.08
2014-07-17,69.12,47.686
2014-07-18,69.9,48.21
2014-07-21,69.75,48.07
2014-07-22,70.07,48.44
2014-07-23,70.29,48.54
2014-07-24,71.56,48.899
2014-07-25,71.45,48.44
2014-07-28,71.25,48.47
2014-07-29,71.02,48.96
2014-07-30,71.86,48.95
2014-07-31,70.44,47.645
2014-08-01,69.96,47.21
2014-08-04,70.47,47.23
2014-08-05,69.62,46.83
2014-08-06,70.32,47.237
2014-08-07,69.69,46.81
2014-08-08,70.36,47.35
2014-08-11,70.3,47.59
2014-08-12,69.77,47.42
2014-08-13,69.99,47.68
2014-08-14,70.17,47.77
2014-08-15,69.63,47.61
2014-08-18,70.19,48.226
2014-08-19,70.2,48.19
2014-08-20,70.44,48.54
2014-08-21,70.77,48.83
2014-08-22,70.92,48.964
2014-08-25,71.75,49.45
2014-08-26,72.2,49.94
2014-08-27,71.61,49.39
2014-08-28,71.67,49.2
2014-08-29,72.03,49.452
2014-09-02,72.39,49.76
2014-09-03,72.31,49.6352
2014-09-04,72.43,49.239
2014-09-05,72.66,49.228
2014-09-08,72.69,49.41
2014-09-09,71.55,48.87
2014-09-10,72.19,49.23
2014-09-11,72.92,49.238
2014-09-12,74.08,49.35
2014-09-15,74.3,48.88
2014-09-16,74.3,49.05
2014-09-17,74.81,49.482
2014-09-18,75.73,49.94
2014-09-19,74.84,49.152
2014-09-22,74.47,48.46
2014-09-23,73.94,48.12
2014-09-24,74.94,48.32
2014-09-25,73.86,47.71
2014-09-26,74.31,48.69
2014-09-29,73.61,48.265
2014-09-30,73.61,48.0
2014-10-01,72.5,47.19
2014-10-02,72.66,47.5
2014-10-03,73.59,47.9439
2014-10-06,73.51,47.789
2014-10-07,71.27,46.63
2014-10-08,71.93,47.52
2014-10-09,69.11,46.03
2014-10-10,68.04,45.206
2014-10-13,66.9,44.873
2014-10-14,67.23,44.509
2014-10-15,65.81,44.66
2014-10-16,66.19,45.04
2014-10-17,67.38,45.46
2014-10-20,67.42,45.628
2014-10-21,68.97,46.66
2014-10-22,67.9,45.92
2014-10-23,68.94,46.6
2014-10-24,71.88,46.96
2014-10-27,72.36,46.8999
2014-10-28,72.95,47.6
2014-10-29,73.82,47.85
2014-10-30,73.55,47.9
2014-10-31,75.46,48.94
2014-11-03,75.86,48.8
2014-11-04,76.58,48.6999
2014-11-05,77.22,49.11
2014-11-06,77.85,49.1099
2014-11-07,77.81,49.08
2014-11-10,78.12,49.2
2014-11-11,77.68,49.34
2014-11-12,77.45,49.51
2014-11-13,76.48,49.53
2014-11-14,76.07,49.27
2014-11-17,75.67,48.91
2014-11-18,75.86,49.18
2014-11-19,75.88,48.9299
2014-11-20,76.2,49.02
2014-11-21,76.57,49.3
2014-11-24,77.21,49.54
2014-11-25,77.19,49.71
2014-11-26,76.87,49.642
2014-11-28,76.73,49.49
2014-12-01,76.02,48.97
2014-12-02,77.42,49.36
2014-12-03,78.35,49.9
2014-12-04,78.28,49.88
2014-12-05,79.28,50.59
2014-12-08,79.72,50.748
2014-12-09,79.6,50.8201
2014-12-10,78.38,49.73
2014-12-11,78.2,49.8
2014-12-12,75.24,48.42
2014-12-15,75.42,48.15
2014-12-16,74.89,47.64
2014-12-17,76.86,49.4139
2014-12-18,79.47,50.39
2014-12-19,79.73,50.5
2014-12-22,79.66,50.4
2014-12-23,80.33,50.97
2014-12-24,80.07,51.0437
2014-12-26,79.9,51.11
2014-12-29,79.91,51.0
2014-12-30,79.21,50.91
2014-12-31,78.5,50.86
2015-01-02,78.35,50.46
2015-01-05,77.05,49.18
2015-01-06,74.85,48.07
2015-01-07,75.55,48.74
2015-01-08,77.15,49.25
2015-01-09,76.03,48.82
2015-01-12,75.37,48.13
2015-01-13,75.19,48.16
2015-01-14,73.35,47.3402
2015-01-15,72.78,46.75
2015-01-16,73.66,46.39
2015-01-20,73.2,46.4296
2015-01-21,74.74,46.69
2015-01-22,77.09,48.15
2015-01-23,72.4,47.96
2015-01-26,73.28,48.37
2015-01-27,72.54,47.88
2015-01-28,71.28,46.87
2015-01-29,71.8,47.196
2015-01-30,71.51,46.53
2015-02-02,72.98,47.34
2015-02-03,74.62,48.34
2015-02-04,73.77,48.13
2015-02-05,74.69,49.01
2015-02-06,76.12,49.53
2015-02-09,76.16,49.1601
2015-02-10,77.27,49.59
2015-02-11,76.99,49.5
2015-02-12,77.39,50.0199
2015-02-13,76.93,50.37
2015-02-17,77.27,50.77
2015-02-18,76.25,50.24
2015-02-19,76.54,50.51
2015-02-20,77.63,50.8899
2015-02-23,77.1,50.54
2015-02-24,78.21,51.14
2015-02-25,76.91,50.95
2015-02-26,74.81,50.72
2015-02-27,74.45,50.09
2015-03-02,75.57,50.54
2015-03-03,75.37,50.23
2015-03-04,75.13,49.975
2015-03-05,74.67,50.35
2015-03-06,72.81,50.3
2015-03-09,73.57,50.34
2015-03-10,71.34,49.63
2015-03-11,72.42,50.03
2015-03-12,73.67,50.952
2015-03-13,73.41,50.344
2015-03-16,74.9,51.298
2015-03-17,75.56,51.22
2015-03-18,75.13,51.02
2015-03-19,74.83,50.57
2015-03-20,76.24,51.33
2015-03-23,75.57,51.29
2015-03-24,74.75,51.0614
2015-03-25,73.27,50.13
2015-03-26,73.65,50.25
2015-03-27,73.47,49.93
2015-03-30,73.88,50.516
2015-03-31,73.53,50.31
2015-04-01,73.45,50.36
2015-04-02,73.97,50.56
2015-04-06,74.65,50.59
2015-04-07,75.2,50.16
2015-04-08,75.78,50.52
2015-04-09,76.22,50.65
2015-04-10,76.35,50.2899
2015-04-13,76.65,50.7445
2015-04-14,76.39,50.28
2015-04-15,76.53,50.671
2015-04-16,76.44,50.82
2015-04-17,75.68,50.02
2015-04-20,76.28,50.4964
2015-04-21,76.67,50.56
2015-04-22,77.93,50.98
2015-04-23,78.19,51.14
2015-04-24,76.36,50.9517
2015-04-27,76.93,50.84
2015-04-28,77.48,51.02
2015-04-29,77.65,50.8
2015-04-30,77.12,50.55
2015-05-01,77.65,50.39
2015-05-04,78.74,50.87
2015-05-05,78.75,50.27
2015-05-06,78.01,49.9
2015-05-07,78.17,50.373
2015-05-08,78.75,50.6
2015-05-11,78.02,50.561
2015-05-12,77.76,50.1988
2015-05-13,78.0,50.1556
2015-05-14,77.72,50.5999
2015-05-15,77.85,50.25
2015-05-18,78.69,50.9068
2015-05-19,79.11,50.82
2015-05-20,78.95,50.82
2015-05-21,78.9,50.7855
2015-05-22,78.62,50.63
2015-05-26,77.61,50.3399
2015-05-27,78.47,50.91
2015-05-28,79.12,50.9996
2015-05-29,77.93,50.695
2015-06-01,77.44,50.62
2015-06-02,77.15,50.95
2015-06-03,78.35,51.65
2015-06-04,77.33,51.22
2015-06-05,78.52,51.83
2015-06-08,78.79,51.7672
2015-06-09,79.15,51.4899
2015-06-10,80.68,52.1199
2015-06-11,80.84,52.26
2015-06-12,80.64,51.99
2015-06-15,79.82,51.83
2015-06-16,79.84,52.1199
2015-06-17,79.49,52.16
2015-06-18,79.91,52.38
2015-06-19,78.95,52.09
2015-06-22,79.52,52.42
2015-06-23,79.9,52.48
2015-06-24,79.76,51.98
2015-06-25,78.66,51.8
2015-06-26,78.98,51.99
2015-06-29,76.29,50.39
2015-06-30,77.0,50.76
2015-07-01,77.43,50.91
2015-07-02,77.01,50.9
2015-07-06,76.62,50.43
2015-07-07,76.63,50.47
2015-07-08,74.6,49.27
2015-07-09,74.95,49.5891
2015-07-10,75.97,50.24
2015-07-13,77.22,50.9201
2015-07-14,77.54,51.03
2015-07-15,77.99,51.1068
2015-07-16,79.3,51.64
2015-07-17,79.38,51.42
2015-07-20,79.8,51.327
2015-07-21,79.95,51.0618
2015-07-22,80.82,51.11
2015-07-23,79.71,50.76
2015-07-24,75.38,50.02
2015-07-27,74.83,49.39
2015-07-28,76.17,49.7404
2015-07-29,76.42,50.22
2015-07-30,77.15,50.29
2015-07-31,76.56,50.496
2015-08-03,77.19,50.4699
2015-08-04,78.15,50.56
2015-08-05,78.1,50.28
2015-08-06,78.35,49.62
2015-08-07,78.51,49.42
2015-08-10,79.53,50.27
2015-08-11,78.43,49.44
2015-08-12,77.21,48.87
2015-08-13,77.55,49.0497
2015-08-14,78.47,49.2532
2015-08-17,78.13,49.35
2015-08-18,78.38,49.1601
2015-08-19,77.95,48.55
2015-08-20,75.92,47.07
2015-08-21,73.88,45.6994
2015-08-24,69.46,43.72
2015-08-25,68.09,43.46
2015-08-26,70.77,44.11
2015-08-27,72.94,44.95
2015-08-28,73.11,45.1896
2015-08-31,71.92,45.02
2015-09-01,69.68,43.26
2015-09-02,70.82,43.53
2015-09-03,71.45,43.66
2015-09-04,70.03,43.13
2015-09-08,72.22,44.21
2015-09-09,71.26,43.72
2015-09-10,71.62,43.75
2015-09-11,71.52,43.7
2015-09-14,71.3,43.57
2015-09-15,71.93,44.18
2015-09-16,72.09,44.7063
2015-09-17,71.49,44.31
2015-09-18,69.0,42.85
2015-09-21,69.84,43.34
2015-09-22,68.61,42.7416
2015-09-23,68.56,42.69
2015-09-24,67.73,42.3699
2015-09-25,68.74,42.64
2015-09-28,66.39,41.04
2015-09-29,66.62,40.8
2015-09-30,67.21,41.48
2015-10-01,67.11,41.33
2015-10-02,67.12,41.31
2015-10-05,68.67,42.56
2015-10-06,68.11,42.24
2015-10-07,69.02,42.91
2015-10-08,69.45,42.93
2015-10-09,68.77,42.71
2015-10-12,69.11,42.55
2015-10-13,67.71,41.96
2015-10-14,66.64,41.55
2015-10-15,68.51,42.79
2015-10-16,68.51,43.17
2015-10-19,67.82,42.81
2015-10-20,68.26,43.1
2015-10-21,67.19,42.3448
2015-10-22,69.27,43.5
2015-10-23,67.14,44.2405
2015-10-26,66.92,44.03
2015-10-27,67.47,43.3091
2015-10-28,70.34,44.95
2015-10-29,69.78,44.52
2015-10-30,69.0,44.495
2015-11-02,70.32,45.59
2015-11-03,71.25,45.88
2015-11-04,71.27,45.55
2015-11-05,72.46,46.0121
2015-11-06,73.62,46.92
2015-11-09,72.42,46.09
2015-11-10,71.43,45.8
2015-11-11,71.65,45.87
2015-11-12,70.62,45.28
2015-11-13,69.96,44.57
2015-11-16,70.59,45.13
2015-11-17,70.98,45.0
2015-11-18,72.88,46.05
2015-11-19,72.62,46.04
2015-11-20,72.78,46.2
2015-11-23,72.62,46.13
2015-11-24,72.34,46.17
2015-11-25,72.82,46.56
2015-11-27,72.8,46.685
2015-11-30,72.58,46.668
2015-12-01,72.43,46.933
2015-12-02,72.36,46.4298
2015-12-03,71.34,45.5
2015-12-04,73.69,46.43
2015-12-07,72.52,45.68
2015-12-08,70.96,45.14
2015-12-09,68.83,44.3
2015-12-10,69.05,44.68
2015-12-11,66.12,42.82
2015-12-14,65.73,42.23
2015-12-15,67.41,43.34
2015-12-16,68.61,44.1
2015-12-17,66.4,43.39
2015-12-18,64.73,42.19
2015-12-21,65.77,42.51
2015-12-22,66.4,43.02
2015-12-23,67.16,43.801
2015-12-24,67.14,43.77
2015-12-28,67.17,43.72
2015-12-29,67.65,44.08
2015-12-30,66.57,43.61
2015-12-31,66.36,43.6
2016-01-04,65.14,42.47
2016-01-05,65.24,42.24
2016-01-06,63.07,41.04
2016-01-07,60.22,39.4399
2016-01-08,58.65,38.67
2016-01-11,58.44,38.6
2016-01-12,59.35,38.66
2016-01-13,56.81,36.946
2016-01-14,57.44,37.71
2016-01-15,54.97,36.54
2016-01-19,55.54,36.52
2016-01-20,55.13,36.0356
2016-01-21,54.43,35.66
2016-01-22,55.83,36.82
2016-01-25,54.22,35.72
2016-01-26,55.93,36.44
2016-01-27,51.91,35.96
2016-01-28,51.98,35.81
2016-01-29,55.73,36.6801
2016-02-01,54.79,36.49
2016-02-02,52.97,34.91
2016-02-03,53.78,34.85
2016-02-04,55.11,35.66
2016-02-05,54.42,35.06
2016-02-08,53.57,33.91
2016-02-09,53.4,33.79
2016-02-10,53.73,34.18
2016-02-11,52.38,33.0
2016-02-12,54.68,33.7415
2016-02-16,56.64,34.86
2016-02-17,56.58,35.65
2016-02-18,55.58,35.2601
2016-02-19,56.19,35.13
2016-02-22,56.82,35.652
2016-02-23,55.63,35.08
2016-02-24,54.18,34.74
2016-02-25,54.74,35.43
2016-02-26,55.41,36.25
2016-02-29,54.78,36.0101
2016-03-01,57.14,37.3301
2016-03-02,57.69,37.5932
2016-03-03,58.05,38.1816
2016-03-04,58.67,38.63
2016-03-07,58.5,38.58
2016-03-08,57.28,37.77
2016-03-09,56.99,37.67
2016-03-10,56.57,37.53
2016-03-11,57.95,38.91
2016-03-14,57.76,38.73
2016-03-15,56.75,37.94
2016-03-16,56.85,38.22
2016-03-17,57.4,39.16
2016-03-18,59.05,39.36
2016-03-21,59.94,39.3401
2016-03-22,59.36,39.18
2016-03-23,59.64,38.53
2016-03-24,58.75,38.2
2016-03-28,58.41,38.15
2016-03-29,58.49,38.73
2016-03-30,58.52,39.12
2016-03-31,58.52,38.94
2016-04-01,58.95,39.28
2016-04-04,58.8,38.67
2016-04-05,57.61,37.9075
2016-04-06,58.2,38.2499
2016-04-07,56.18,36.89
2016-04-08,56.27,36.96
2016-04-11,56.57,37.3399
2016-04-12,57.49,38.05
2016-04-13,59.74,39.75
2016-04-14,60.08,39.89
2016-04-15,59.57,39.54
2016-04-18,59.89,39.79
2016-04-19,60.26,40.1501
2016-04-20,61.75,40.9199
2016-04-21,61.19,41.02
2016-04-22,61.89,41.42
2016-04-25,61.41,40.92
2016-04-26,62.48,41.15
2016-04-27,63.93,41.25
2016-04-28,62.81,40.13
2016-04-29,62.3,39.83
2016-05-02,62.91,40.06
2016-05-03,61.06,39.09
2016-05-04,60.02,38.48
2016-05-05,59.74,38.38
2016-05-06,59.76,38.51
2016-05-09,59.8,38.58
2016-05-10,61.11,39.4901
2016-05-11,60.38,38.8601
2016-05-12,60.03,38.85
2016-05-13,59.23,38.17
2016-05-16,59.71,38.44
2016-05-17,59.69,38.3
2016-05-18,61.5,39.274
2016-05-19,60.72,38.69
2016-05-20,61.43,39.32
2016-05-23,61.25,39.39
2016-05-24,62.55,40.38
2016-05-25,63.68,40.97
2016-05-26,62.87,40.73
2016-05-27,63.33,41.2
2016-05-31,63.06,41.27
2016-06-01,62.96,41.22
2016-06-02,63.0,41.18
2016-06-03,61.01,40.33
2016-06-06,62.55,41.0
2016-06-07,61.77,40.68
2016-06-08,61.54,40.6
2016-06-09,60.29,39.95
2016-06-10,59.18,38.99
2016-06-13,59.11,38.66
2016-06-14,58.22,37.87
2016-06-15,57.91,38.1
2016-06-16,57.55,38.0401
2016-06-17,57.94,37.9111
2016-06-20,58.65,38.43
2016-06-21,58.78,38.37
2016-06-22,58.49,38.41
2016-06-23,60.27,39.52
2016-06-24,54.99,36.26
2016-06-27,50.79,34.01
2016-06-28,51.27,34.4848
2016-06-29,52.16,35.4387
2016-06-30,53.92,36.16
2016-07-01,53.84,35.98
2016-07-05,52.6,35.05
2016-07-06,52.12,35.28
2016-07-07,52.04,35.58
2016-07-08,53.23,36.48
2016-07-11,53.61,36.9388
2016-07-12,54.71,38.05
2016-07-13,54.81,37.79
2016-07-14,56.22,38.36
2016-07-15,56.91,38.5324
2016-07-18,57.62,38.8333
2016-07-19,57.46,38.61
2016-07-20,57.77,38.94
2016-07-21,57.3,38.74
2016-07-22,58.24,39.031
2016-07-25,57.79,38.866
2016-07-26,58.32,38.97
2016-07-27,63.75,39.1499
2016-07-28,65.45,39.235
2016-07-29,65.78,39.2199
2016-08-01,65.94,38.99
2016-08-02,65.33,38.295
2016-08-03,65.85,39.054
2016-08-04,65.79,39.1367
2016-08-05,67.95,40.1673
2016-08-08,68.18,40.1247
2016-08-09,67.81,39.9501
2016-08-10,67.69,39.77
2016-08-11,68.5,40.0499
2016-08-12,68.24,39.7748
2016-08-15,69.21,40.34
2016-08-16,68.99,40.2166
2016-08-17,69.09,40.1667
2016-08-18,69.05,40.3166
2016-08-19,69.02,40.39
2016-08-22,68.97,40.23
2016-08-23,69.32,40.5757
2016-08-24,69.02,40.4264
2016-08-25,69.04,40.3178
2016-08-26,69.07,40.6186
2016-08-29,69.63,40.87
2016-08-30,70.34,41.3
2016-08-31,70.24,41.1948
2016-09-01,70.12,40.8
2016-09-02,70.63,41.14
2016-09-06,70.37,40.9042
2016-09-07,70.57,41.21
2016-09-08,70.54,41.36
2016-09-09,69.7,40.56
2016-09-12,70.65,41.25
2016-09-13,69.18,40.39
2016-09-14,69.42,40.253
2016-09-15,70.37,41.06
2016-09-16,69.29,40.428
2016-09-19,69.02,40.57
2016-09-20,69.97,40.47
2016-09-21,71.07,40.84
2016-09-22,71.04,41.075
2016-09-23,70.62,40.8788
2016-09-26,69.33,39.97
2016-09-27,70.08,40.07
2016-09-28,70.44,40.21
2016-09-29,68.59,39.91
2016-09-30,69.63,40.51
2016-10-03,69.82,40.49
2016-10-04,71.35,40.4587
2016-10-05,72.7,41.1001
2016-10-06,72.5,41.0367
2016-10-07,72.26,40.8399
2016-10-10,71.84,40.9196
2016-10-11,70.34,40.28
2016-10-12,70.63,40.24
2016-10-13,68.76,39.79
2016-10-14,69.01,40.01
2016-10-17,68.63,39.608
2016-10-18,69.77,39.905
2016-10-19,70.53,40.22
2016-10-20,71.03,40.006
2016-10-21,70.88,40.105
2016-10-24,71.43,40.235
2016-10-25,70.89,39.88
2016-10-26,70.19,39.8696
2016-10-27,70.81,39.55
2016-10-28,70.48,39.39
2016-10-31,70.21,39.27
2016-11-01,70.67,39.02
2016-11-02,69.98,38.55
2016-11-03,70.35,38.8
2016-11-04,70.39,39.04
2016-11-07,72.34,39.62
2016-11-08,72.26,39.59
2016-11-09,75.54,41.507
2016-11-10,76.74,42.6208
2016-11-11,76.45,42.882
2016-11-14,78.51,43.7
2016-11-15,79.25,43.8679
2016-11-16,77.88,43.6865
2016-11-17,78.52,44.17
2016-11-18,78.5,44.3192
2016-11-21,78.59,44.53
2016-11-22,78.01,44.5568
2016-11-23,78.28,44.919
2016-11-25,78.44,44.8894
2016-11-28,76.86,44.36
2016-11-29,77.01,44.3708
2016-11-30,78.8,44.77
2016-12-01,80.39,45.26
2016-12-02,78.44,44.8129
2016-12-05,79.16,45.2347
2016-12-06,79.61,45.5766
2016-12-07,79.92,46.36
2016-12-08,81.44,46.9672
2016-12-09,80.53,46.8682
2016-12-12,80.23,46.29
2016-12-13,80.06,46.2275
2016-12-14,79.38,45.85
2016-12-15,80.09,46.0
2016-12-16,78.62,45.27
2016-12-19,78.32,45.3099
2016-12-20,79.01,45.93
2016-12-21,78.86,45.73
2016-12-22,79.0,45.25
2016-12-23,78.69,45.32
2016-12-27,79.0,45.51
2016-12-28,78.4,44.925
2016-12-29,77.66,44.82
2016-12-30,77.72,44.88
2017-01-03,79.25,45.397
2017-01-04,82.27,46.5
2017-01-05,81.68,46.1
2017-01-06,82.44,46.41
2017-01-09,81.37,45.8
2017-01-10,81.3,45.9005
2017-01-11,82.85,45.95
2017-01-12,82.09,45.76
2017-01-13,82.93,46.0452
2017-01-17,80.2,45.1775
2017-01-18,80.15,45.417
2017-01-19,78.75,45.3281
2017-01-20,79.01,45.54
2017-01-23,78.56,45.53
2017-01-24,80.52,46.1705
2017-01-25,77.8,46.438
2017-01-26,76.58,46.1901
2017-01-27,76.0,45.88
2017-01-30,76.2,45.9
2017-01-31,76.2,45.945
2017-02-01,76.34,46.19
2017-02-02,75.97,45.7999
2017-02-03,77.54,46.6
2017-02-06,77.32,46.59
2017-02-07,77.5,46.64
2017-02-08,77.35,46.2889
2017-02-09,77.94,46.92
2017-02-10,78.11,47.1012
2017-02-13,79.29,47.4701
2017-02-14,81.45,47.709
2017-02-15,81.91,48.2177
2017-02-16,80.76,47.95
2017-02-17,80.67,48.07
2017-02-21,80.53,48.36
2017-02-22,80.21,48.3545
2017-02-23,79.82,48.29
2017-02-24,78.95,48.085
2017-02-27,79.21,48.312
2017-02-28,79.71,47.71
2017-03-01,81.65,48.66
2017-03-02,80.37,48.0
2017-03-03,80.22,48.0264
2017-03-06,79.62,47.68
2017-03-07,79.6,47.45
2017-03-08,79.92,47.45
2017-03-09,79.91,47.48
2017-03-10,79.91,47.52
2017-03-13,79.54,47.667
2017-03-14,79.14,47.42
2017-03-15,79.66,47.94
2017-03-16,80.61,48.3908
2017-03-17,78.61,47.4
2017-03-20,77.76,47.1
2017-03-21,76.31,46.018
2017-03-22,76.79,45.83
2017-03-23,77.27,45.9359
2017-03-24,77.21,45.8079
2017-03-27,78.11,45.4374
2017-03-28,79.4,46.2293
2017-03-29,79.31,46.0583
2017-03-30,80.04,46.7099
2017-03-31,79.61,46.736
2017-04-03,78.82,46.35
2017-04-04,78.69,46.0808
2017-04-05,78.61,46.25
2017-04-06,78.88,46.0666
2017-04-07,78.78,46.01
2017-04-10,78.42,45.826
2017-04-11,78.32,45.7453
2017-04-12,77.73,45.567
2017-04-13,77.3,45.28
2017-04-17,78.48,45.5074
2017-04-18,77.71,45.7958
2017-04-19,77.87,45.9578
2017-04-20,78.32,46.5201
2017-04-21,77.7,46.3496
2017-04-24,79.79,47.03
2017-04-25,80.62,47.1
2017-04-26,83.55,47.215
2017-04-27,84.73,47.074
2017-04-28,83.9,46.9019
2017-05-01,83.94,46.8209
2017-05-02,83.35,46.77
2017-05-03,83.78,46.96
2017-05-04,83.72,46.9477
2017-05-05,83.6,46.7411
2017-05-08,83.39,46.69
2017-05-09,83.45,46.81
2017-05-10,83.56,47.0328
2017-05-11,82.83,46.6312
2017-05-12,82.57,46.5092
2017-05-15,82.79,46.9329
2017-05-16,82.9,46.995
2017-05-17,79.82,45.7326
2017-05-18,79.89,45.88
2017-05-19,80.81,46.2
2017-05-22,80.81,46.3796
2017-05-23,81.51,46.3784
2017-05-24,81.81,46.2211
2017-05-25,82.14,46.68
2017-05-26,81.99,46.664
2017-05-30,81.68,46.3553
2017-05-31,81.46,46.05
2017-06-01,82.82,47.134
2017-06-02,82.68,47.2305
2017-06-05,83.07,47.3643
2017-06-06,83.3,47.17
2017-06-07,84.39,47.399
2017-06-08,86.0,47.8
2017-06-09,87.35,48.43
2017-06-12,87.11,48.699
2017-06-13,88.59,49.0666
2017-06-14,88.79,49.085
2017-06-15,88.8,49.03
2017-06-16,88.25,48.581
2017-06-19,89.52,49.2172
2017-06-20,89.15,48.9636
2017-06-21,89.38,48.4204
2017-06-22,88.68,48.43
2017-06-23,87.24,48.2005
2017-06-26,87.82,48.4807
2017-06-27,87.9,48.84
2017-06-28,89.66,49.3458
2017-06-29,89.64,49.1338
2017-06-30,89.73,49.2001
2017-07-03,91.08,49.65
2017-07-05,91.53,49.7
2017-07-06,90.61,49.212
2017-07-07,90.87,49.65
2017-07-10,91.52,49.95
2017-07-11,90.2,49.64
2017-07-12,90.99,49.87
2017-07-13,91.79,50.35
2017-07-14,92.07,50.274
2017-07-17,92.56,50.13
2017-07-18,92.08,50.14
2017-07-19,90.61,50.48
2017-07-20,90.87,50.6577
2017-07-21,90.99,50.5783
2017-07-24,91.53,50.7872
2017-07-25,92.54,51.6
2017-07-26,94.28,51.46
2017-07-27,93.55,50.5874
2017-07-28,93.17,50.6265
2017-07-31,93.23,51.01
2017-08-01,93.6,51.1599
2017-08-02,94.22,50.4
2017-08-03,93.77,50.38
2017-08-04,95.1,50.4944
2017-08-07,94.45,50.5
2017-08-08,94.35,50.42
2017-08-09,94.28,50.16
2017-08-10,92.5,49.24
2017-08-11,92.08,49.2799
2017-08-14,93.52,49.9505
2017-08-15,93.82,50.015
2017-08-16,93.04,49.785
2017-08-17,91.79,48.8387
2017-08-18,92.42,48.7605
2017-08-21,92.33,48.59
2017-08-22,93.64,49.2699
2017-08-23,93.45,49.255
2017-08-24,93.78,49.3112
2017-08-25,93.47,49.4411
2017-08-28,92.9,49.2306
2017-08-29,92.0,48.98
2017-08-30,92.4,49.3298
2017-08-31,92.49,49.61
2017-09-01,93.18,49.87
2017-09-05,91.79,48.758
2017-09-06,91.63,48.604
2017-09-07,90.97,48.13
2017-09-08,92.5,48.39
2017-09-11,94.33,49.1124
2017-09-12,94.96,49.592
2017-09-13,94.27,49.5201
2017-09-14,94.1,49.6899
2017-09-15,94.04,49.43
2017-09-18,94.76,49.86
2017-09-19,95.68,50.08
2017-09-20,95.82,50.3461
2017-09-21,95.95,50.4687
2017-09-22,95.56,50.73
2017-09-25,94.46,50.7305
2017-09-26,93.91,51.0695
2017-09-27,95.54,51.96
2017-09-28,95.81,52.125
2017-09-29,95.54,52.39
2017-10-02,96.34,52.789
2017-10-03,96.99,53.2192
2017-10-04,97.11,53.2654
2017-10-05,98.95,53.62
2017-10-06,98.8,53.385
2017-10-09,98.09,53.33
2017-10-10,99.17,53.5
2017-10-11,99.29,53.5197
2017-10-12,98.63,53.65
2017-10-13,99.26,53.6274
2017-10-16,98.54,53.6142
2017-10-17,97.15,53.2245
2017-10-18,98.35,53.7821
2017-10-19,97.48,53.4967
2017-10-20,99.12,54.05
2017-10-23,96.17,53.711
2017-10-24,96.43,53.98
2017-10-25,94.05,53.45
2017-10-26,94.74,53.9
2017-10-27,93.51,53.75
2017-10-30,93.29,53.29
2017-10-31,92.0,53.37
2017-11-01,92.25,53.32
2017-11-02,92.51,53.85
2017-11-03,92.53,53.28
2017-11-06,92.29,53.52
2017-11-07,90.28,53.049
2017-11-08,91.13,53.3376
2017-11-09,90.77,53.1543
2017-11-10,90.65,53.24
2017-11-13,90.79,53.3349
2017-11-14,91.31,53.3701
2017-11-15,91.86,53.32
2017-11-16,92.4,53.6566
2017-11-17,92.31,53.7044
2017-11-20,93.06,54.308
2017-11-21,93.06,54.8355
2017-11-22,92.67,54.7345
2017-11-24,92.46,54.63
2017-11-27,91.36,54.71
2017-11-28,93.14,55.53
2017-11-29,94.68,56.27
2017-11-30,95.35,56.64
2017-12-01,95.48,56.72
2017-12-04,97.1,57.63
2017-12-05,96.83,57.0848
2017-12-06,96.52,57.01
2017-12-07,96.92,57.33
2017-12-08,97.67,57.7701
2017-12-11,97.41,57.42
2017-12-12,98.18,57.86
2017-12-13,99.18,57.35
2017-12-14,97.97,56.85
2017-12-15,98.53,57.34
2017-12-18,98.21,57.75
2017-12-19,97.87,57.56
2017-12-20,97.08,57.56
2017-12-21,98.31,57.94
2017-12-22,97.93,57.9099
2017-12-26,97.44,57.79
2017-12-27,97.71,57.6295
2017-12-28,98.23,57.9
2017-12-29,97.61,57.94
2018-01-02,96.72,57.45
2018-01-03,97.43,57.79
2018-01-04,98.48,58.38
2018-01-05,98.57,58.78
2018-01-08,99.65,59.0
2018-01-09,101.4,59.46
2018-01-10,104.25,59.53
2018-01-11,105.78,60.01
2018-01-12,107.24,60.6726
2018-01-16,105.97,60.1161
2018-01-17,106.4,60.66
2018-01-18,105.05,60.282
2018-01-19,107.61,61.01
2018-01-22,108.99,61.18
2018-01-23,112.18,61.2276
2018-01-24,112.71,61.349
2018-01-25,110.33,60.765
2018-01-26,110.91,61.56
2018-01-29,111.69,60.98
2018-01-30,110.14,60.09
2018-01-31,110.17,59.94
2018-02-01,110.33,60.82
2018-02-02,107.47,59.25
2018-02-05,102.47,56.85
2018-02-06,104.5,57.7789
2018-02-07,103.52,57.88
2018-02-08,98.54,55.93
2018-02-09,100.01,56.3339
2018-02-12,101.78,57.5802
2018-02-13,101.27,57.68
2018-02-14,103.94,59.04
2018-02-15,103.96,59.14
2018-02-16,104.55,59.6021
2018-02-20,103.79,59.34
2018-02-21,103.96,59.33
2018-02-22,102.72,58.69
2018-02-23,104.5,59.67
2018-02-26,106.82,60.35
2018-02-27,107.17,60.17
2018-02-28,106.15,60.3002
2018-03-01,104.58,58.51
2018-03-02,104.28,58.7286
2018-03-05,105.85,59.85
2018-03-06,105.46,60.45
2018-03-07,105.35,60.41
2018-03-08,106.18,60.81
2018-03-09,109.83,62.39
2018-03-12,108.83,62.28
2018-03-13,107.33,61.62
2018-03-14,105.78,61.07
2018-03-15,105.9,60.791
2018-03-16,106.87,61.1586
2018-03-19,105.83,60.26
2018-03-20,106.15,60.696
2018-03-21,106.81,61.0865
2018-03-22,101.5,58.5494
2018-03-23,97.71,56.92
2018-03-26,101.45,58.801
2018-03-27,98.96,57.4211
2018-03-28,98.28,57.5594
2018-03-29,99.73,58.309
2018-04-02,97.22,57.16
2018-04-03,99.33,57.7
2018-04-04,99.94,58.44
2018-04-05,100.57,58.6892
2018-04-06,97.49,57.2754
2018-04-09,98.3,57.5525
2018-04-10,99.91,58.2274
2018-04-11,98.63,57.63
2018-04-12,101.09,58.47
2018-04-13,99.8,57.76
2018-04-16,100.6,58.52
2018-04-17,100.94,58.9738
2018-04-18,101.42,58.93
2018-04-19,104.18,59.2571
2018-04-20,99.66,59.03
2018-04-23,102.3,58.855
2018-04-24,101.1,58.272
2018-04-25,100.89,58.633
2018-04-26,100.59,59.015
2018-04-27,100.26,58.75
2018-04-30,99.78,59.0723
2018-05-01,98.4,58.3589
2018-05-02,97.74,58.2
2018-05-03,96.4,57.8352
2018-05-04,97.75,58.674
2018-05-07,98.5,59.1987
2018-05-08,99.3,59.5589
2018-05-09,101.11,60.2211
2018-05-10,101.78,60.65
2018-05-11,102.01,60.539
2018-05-14,102.31,60.471
2018-05-15,101.21,60.5203
2018-05-16,101.1,61.08
2018-05-17,101.24,61.1489
2018-05-18,99.32,61.0816
2018-05-21,99.99,61.5588
2018-05-22,100.33,61.61
2018-05-23,100.42,61.06
2018-05-24,100.71,61.02
2018-05-25,100.47,60.881
2018-05-29,95.08,59.36
2018-05-30,97.42,60.325
2018-05-31,96.11,59.8179
2018-06-01,98.45,60.29
2018-06-04,98.41,60.5
2018-06-05,97.81,60.5689
2018-06-06,99.49,61.485
2018-06-07,100.85,61.5467
2018-06-08,100.46,61.84
2018-06-11,100.24,61.9248
2018-06-12,99.42,61.4291
2018-06-13,98.36,61.616
2018-06-14,98.26,61.3791
2018-06-15,98.34,60.905
2018-06-18,98.66,60.8558
2018-06-19,97.74,60.805
2018-06-20,97.73,61.01
2018-06-21,98.19,60.3512
2018-06-22,98.14,60.4
2018-06-25,95.92,59.38
2018-06-26,95.6,58.94
2018-06-27,93.99,58.2111
2018-06-28,94.26,58.05
2018-06-29,93.09,58.0301
2018-07-02,94.02,58.0264
2018-07-03,92.92,58.1069
2018-07-05,92.43,57.76
2018-07-06,92.75,58.1585
2018-07-09,94.47,59.21
2018-07-10,93.77,59.1341
2018-07-11,92.7,58.83
2018-07-12,92.86,58.7945
2018-07-13,92.44,58.5809
2018-07-16,93.2,58.8551
2018-07-17,93.45,59.3483
2018-07-18,95.33,60.1566
2018-07-19,92.74,59.5206
2018-07-20,85.87,59.2128
2018-07-23,87.02,59.77
2018-07-24,87.75,59.6837
2018-07-25,87.21,59.7933
2018-07-26,86.93,59.9099
2018-07-27,87.0,59.2502
2018-07-30,87.22,58.9496
2018-07-31,88.31,59.2724
2018-08-01,87.27,58.33
2018-08-02,86.83,58.14
2018-08-03,86.88,57.99
2018-08-06,86.94,58.3535
2018-08-07,87.06,58.7399
2018-08-08,86.73,58.64
2018-08-09,85.8,58.3361
2018-08-10,83.99,57.79
2018-08-13,82.85,57.52
2018-08-14,83.88,58.13
2018-08-15,82.92,57.58
2018-08-16,84.21,58.13
2018-08-17,84.96,58.14
2018-08-20,85.37,58.44
2018-08-21,86.18,58.59
2018-08-22,85.93,58.486
2018-08-23,85.36,58.148
2018-08-24,86.12,58.438
2018-08-27,87.06,59.0
2018-08-28,87.99,58.97
2018-08-29,87.84,59.0
2018-08-30,86.72,58.5591
2018-08-31,86.91,58.6835
2018-09-04,87.6,58.6316
2018-09-05,87.26,58.38
2018-09-06,86.41,57.8691
2018-09-07,86.38,57.5205
2018-09-10,87.1,57.75
2018-09-11,86.86,57.8866
2018-09-12,86.55,57.4988
2018-09-13,86.4,57.4412
2018-09-14,87.29,58.1285
2018-09-17,85.88,57.377
2018-09-18,85.62,57.58
2018-09-19,87.92,58.385
2018-09-20,89.57,58.7693
2018-09-21,88.77,58.67
2018-09-24,87.05,57.804
2018-09-25,86.85,57.4
2018-09-26,86.21,56.8
2018-09-27,85.69,56.6
2018-09-28,83.78,56.26
2018-10-01,85.51,56.1733
2018-10-02,85.45,55.8384
2018-10-03,86.09,56.3882
2018-10-04,86.91,56.39
2018-10-05,86.37,56.332
2018-10-08,87.14,55.98
2018-10-09,86.36,55.64
2018-10-10,82.87,53.88
2018-10-11,81.73,52.71
2018-10-12,81.46,52.1125
2018-10-15,81.2,53.207
2018-10-16,82.27,53.82
2018-10-17,82.15,54.0306
2018-10-18,79.7,52.95
2018-10-19,72.9,53.03
2018-10-22,70.81,52.33
2018-10-23,69.72,51.53
2018-10-24,67.29,50.13
2018-10-25,68.05,51.2283
2018-10-26,66.39,50.721
2018-10-29,66.41,50.2279
2018-10-30,67.74,51.6
2018-10-31,68.75,52.28
2018-11-01,69.96,52.44
2018-11-02,69.98,52.42
2018-11-05,71.91,52.65
2018-11-06,72.02,53.03
2018-11-07,73.98,54.07
2018-11-08,73.34,54.22
2018-11-09,72.25,53.4835
2018-11-12,70.86,52.685
2018-11-13,71.02,52.4816
2018-11-14,70.34,51.7845
2018-11-15,71.86,52.65
2018-11-16,71.65,53.08
2018-11-19,71.77,52.5513
2018-11-20,71.19,51.671
2018-11-21,72.09,52.25
2018-11-23,71.89,52.3938
2018-11-26,73.92,53.1351
2018-11-27,72.7,52.75
2018-11-28,74.38,53.4045
2018-11-29,72.37,53.05
2018-11-30,73.02,53.3
2018-12-03,73.15,53.5997
2018-12-04,67.81,51.43
2018-12-06,65.9,50.9417
2018-12-07,65.04,50.13
2018-12-10,64.03,49.76
2018-12-11,63.09,49.5118
2018-12-12,63.43,50.09
2018-12-13,63.19,49.5537
2018-12-14,63.53,48.7664
2018-12-17,63.89,48.0814
2018-12-18,61.69,47.85
2018-12-19,59.88,47.0175
2018-12-20,60.4,46.48
2018-12-21,60.17,45.8182
2018-12-24,59.78,44.8405
2018-12-26,62.85,46.6729
2018-12-27,63.22,47.0514
2018-12-28,63.48,47.2785
2018-12-31,63.07,47.77
2019-01-02,63.93,47.9687
2019-01-03,61.85,47.0
2019-01-04,64.19,48.7117
2019-01-07,64.99,48.8267
2019-01-08,65.27,49.1335
2019-01-09,66.78,49.5
2019-01-10,66.51,49.695
2019-01-11,67.01,49.55
2019-01-14,68.46,49.6412
2019-01-15,68.66,50.1621
2019-01-16,70.47,51.5077
2019-01-17,71.05,51.5727
2019-01-18,71.3,52.4838
2019-01-22,70.59,51.6622
2019-01-23,70.82,51.6331
2019-01-24,71.32,51.7864
2019-01-25,72.64,52.279
2019-01-28,71.53,52.31
2019-01-29,70.63,51.8318
2019-01-30,71.02,51.6666
2019-01-31,70.9,51.934
2019-02-01,71.17,52.342
2019-02-04,71.1,52.6478
2019-02-05,70.91,53.04
2019-02-06,70.24,52.8894
2019-02-07,69.76,52.7428
2019-02-08,68.96,52.4211
2019-02-11,68.79,52.7855
2019-02-12,69.51,53.3634
2019-02-13,69.49,53.5203
2019-02-14,68.66,53.0766
2019-02-15,70.66,53.9137
2019-02-19,71.37,54.2475
2019-02-20,72.24,54.4953
2019-02-21,72.18,54.2314
2019-02-22,72.4,54.7166
2019-02-25,72.47,54.7089
2019-02-26,72.65,54.8116
2019-02-27,72.44,54.9735
2019-02-28,71.87,54.8291
2019-03-01,72.8,55.3981
2019-03-04,71.49,54.8179
2019-03-05,71.53,54.6201
2019-03-06,70.5,53.8948
2019-03-07,68.38,52.9253
2019-03-08,68.1,52.7845
2019-03-11,68.69,53.4603
2019-03-12,69.0,53.6399
2019-03-13,69.85,53.9915
2019-03-14,70.29,53.9959
2019-03-15,70.1,54.1936
2019-03-18,70.82,54.5624
2019-03-19,70.16,54.29
2019-03-20,68.26,53.4158
2019-03-21,68.08,53.63
2019-03-22,65.0,52.0121
2019-03-25,64.88,51.943
2019-03-26,66.18,52.7388
2019-03-27,65.52,52.6264
2019-03-28,66.27,53.0436
2019-03-29,65.81,53.2007
2019-04-01,67.59,54.5827
2019-04-02,67.21,54.67
2019-04-03,68.03,54.8302
2019-04-04,68.64,55.2186
2019-04-05,68.57,55.4842
2019-04-08,69.15,55.44
2019-04-09,68.43,54.7945
2019-04-10,69.0,55.3509
2019-04-11,69.52,55.5381
2019-04-12,71.03,56.35
2019-04-15,70.12,56.1529
2019-04-16,71.71,57.0138
2019-04-17,69.63,56.887
2019-04-18,69.96,56.89
2019-04-22,69.9,56.69
2019-04-23,66.86,57.2605
2019-04-24,66.13,57.26
2019-04-25,67.09,57.2085
2019-04-26,67.14,57.31
2019-04-29,68.4,57.6249
2019-04-30,67.66,57.3939
2019-05-01,66.33,56.9343
2019-05-02,66.51,56.78
2019-05-03,67.21,57.5522
2019-05-06,66.58,57.3776
2019-05-07,64.99,56.2928
2019-05-08,64.49,56.07
2019-05-09,64.54,55.91
2019-05-10,64.81,56.08
2019-05-13,63.18,54.1751
2019-05-14,62.78,54.82
2019-05-15,61.81,54.6559
2019-05-16,61.62,55.1509
2019-05-17,60.39,54.5952
2019-05-20,59.85,54.5273
2019-05-21,59.76,55.2003
2019-05-22,59.5,54.87
2019-05-23,58.64,54.0
2019-05-24,58.97,54.5077
2019-05-28,58.19,53.9431
2019-05-29,57.71,53.9554
2019-05-30,56.28,53.64
2019-05-31,55.25,52.6662
2019-06-03,56.0,52.8038
2019-06-04,57.63,54.3784
2019-06-05,55.68,54.71
2019-06-06,56.22,55.0819
2019-06-07,56.62,55.3749
2019-06-10,57.22,55.7603
2019-06-11,55.11,55.4197
2019-06-12,54.89,55.1544
2019-06-13,55.03,55.1682
2019-06-14,55.36,55.1135
2019-06-17,54.53,54.4785
2019-06-18,55.26,55.1391
2019-06-19,54.76,55.1746
2019-06-20,55.41,55.6489
2019-06-21,55.52,55.504
2019-06-24,55.73,54.5746
2019-06-25,56.0,54.11
2019-06-26,55.24,54.2367
2019-06-27,55.65,54.98
2019-06-28,56.06,55.48
2019-07-01,56.69,55.81
2019-07-02,55.82,55.7766
2019-07-03,56.47,56.37
2019-07-05,56.8,56.64
2019-07-08,55.06,55.73
2019-07-09,55.07,56.1606
2019-07-10,54.42,56.1338
2019-07-11,55.04,56.5127
2019-07-12,55.19,57.0628
2019-07-15,55.45,56.7494
2019-07-16,54.82,56.837
2019-07-17,54.59,56.3224
2019-07-18,56.29,56.8455
2019-07-19,60.08,56.9131
2019-07-22,59.23,56.7415
2019-07-23,59.9,57.205
2019-07-24,59.6,57.74
2019-07-25,59.48,57.36
2019-07-26,60.37,57.96
2019-07-29,59.13,57.3733
2019-07-30,58.88,57.32
2019-07-31,58.09,56.9271
2019-08-01,55.59,55.57
2019-08-02,55.66,55.25
2019-08-05,53.8,53.34
2019-08-06,53.5,54.1613
2019-08-07,52.5,53.68
2019-08-08,53.41,54.3113
2019-08-09,52.96,53.72
2019-08-12,51.57,52.604
2019-08-13,51.47,53.3782
2019-08-14,49.63,51.67
2019-08-15,48.81,51.79
2019-08-16,50.2,52.8026
2019-08-19,50.89,53.4069
2019-08-20,50.51,52.99
2019-08-21,50.54,53.4771
2019-08-22,51.14,53.6769
2019-08-23,49.96,52.1344
2019-08-26,49.82,52.4658
2019-08-27,49.4,52.25
2019-08-28,49.81,52.77
2019-08-29,51.28,53.6124
2019-08-30,51.31,53.9183
2019-09-03,49.64,53.1787
2019-09-04,50.88,53.7749
2019-09-05,52.47,55.0188
2019-09-06,51.84,55.1053
2019-09-09,54.0,55.7635
2019-09-10,58.84,56.024
2019-09-11,60.0,56.8314
2019-09-12,60.27,57.1028
2019-09-13,61.15,57.1886
2019-09-16,60.51,57.0368
2019-09-17,60.22,57.0818
2019-09-18,60.48,57.0794
2019-09-19,61.1,56.896
2019-09-20,60.11,56.38
2019-09-23,60.19,56.1185
2019-09-24,59.04,55.2314
2019-09-25,59.8,55.8665
2019-09-26,59.05,55.1837
2019-09-27,59.8,54.6974
2019-09-30,59.19,54.7495
2019-10-01,56.87,52.8153
2019-10-02,55.59,51.67
2019-10-03,55.78,51.6
2019-10-04,56.87,52.3557
2019-10-07,56.28,52.2264
2019-10-08,55.15,51.2934
2019-10-09,55.66,51.828
2019-10-10,56.83,52.2543
2019-10-11,58.7,53.2229
2019-10-14,58.49,53.13
2019-10-15,59.38,53.7144
2019-10-16,59.11,53.4711
2019-10-17,59.7,53.9231
2019-10-18,63.34,54.1561
2019-10-21,65.4,54.64
2019-10-22,66.05,54.1927
2019-10-23,65.92,54.6206
2019-10-24,65.21,54.5431
2019-10-25,65.75,54.7099
2019-10-28,67.12,55.5921
2019-10-29,67.21,55.854
2019-10-30,66.72,55.8844
2019-10-31,66.07,55.6973
2019-11-01,67.76,56.4645
2019-11-04,70.86,57.278
2019-11-05,70.26,57.3323
2019-11-06,70.99,57.2428
2019-11-07,72.66,57.5443
2019-11-08,73.1,57.4831
2019-11-11,72.99,57.4777
2019-11-12,73.41,57.6076
2019-11-13,72.7,57.36
2019-11-14,72.25,57.44
2019-11-15,72.54,57.8297
2019-11-18,73.4,57.8722
2019-11-19,73.39,58.3116
2019-11-20,73.01,58.3369
2019-11-21,73.01,58.18
2019-11-22,73.92,58.5922
2019-11-25,75.3,59.64
2019-11-26,74.29,59.332
2019-11-27,75.33,59.5313
2019-11-29,75.1,59.3456
2019-12-02,75.38,58.85
2019-12-03,73.61,58.29
2019-12-04,74.57,58.7549
2019-12-05,75.36,58.9983
2019-12-06,77.02,59.56
2019-12-09,77.67,59.3228
2019-12-10,77.83,58.9586
2019-12-11,78.19,59.007
2019-12-12,80.42,59.7321
2019-12-13,79.13,59.455
2019-12-16,79.62,59.78
2019-12-17,80.33,60.0
2019-12-18,79.99,59.79
2019-12-19,79.64,60.16
2019-12-20,79.23,60.0
2019-12-23,79.45,59.4178
2019-12-24,79.64,59.5149
2019-12-26,79.85,59.65
2019-12-27,80.12,59.5432
2019-12-30,79.88,59.3303
2019-12-31,79.1,59.27
2020-01-02,80.76,59.7792
2020-01-03,79.57,59.2963
2020-01-06,80.79,59.39
2020-01-07,81.91,59.4907
2020-01-08,81.49,59.851
2020-01-09,82.92,60.2489
2020-01-10,81.69,59.9382
2020-01-13,82.08,60.6607
2020-01-14,81.53,60.4
2020-01-15,81.21,60.5401
2020-01-16,81.14,61.4449
2020-01-17,82.56,61.4716
2020-01-21,81.31,61.2996
2020-01-22,80.54,61.5046
2020-01-23,80.46,61.3889
2020-01-24,78.34,60.583
2020-01-27,75.45,59.7715
2020-01-28,76.5,60.4012
2020-01-29,76.23,60.7536
2020-01-30,77.61,61.5
2020-01-31,75.63,60.5432
2020-02-03,76.09,61.0956
2020-02-04,77.74,62.1956
2020-02-05,80.04,62.8893
2020-02-06,80.27,62.925
2020-02-07,79.14,62.4299
2020-02-10,79.13,62.7599
2020-02-11,79.78,63.33
2020-02-12,80.43,63.5736
2020-02-13,78.85,63.3419
2020-02-14,77.85,63.2891
2020-02-18,76.88,63.6678
2020-02-19,78.76,64.4794
2020-02-20,77.89,64.6789
2020-02-21,77.13,63.5844
2020-02-24,74.01,61.5872
2020-02-25,70.85,59.5312
2020-02-26,70.14,59.3615
2020-02-27,69.38,57.2122
2020-02-28,68.11,55.3728
2020-03-02,68.69,58.0265
2020-03-03,65.85,56.5615
2020-03-04,67.0,57.7034
2020-03-05,62.4,55.071
2020-03-06,60.13,53.7834
2020-03-09,52.66,49.3466
2020-03-10,56.73,51.2039
2020-03-11,54.19,48.4447
2020-03-12,48.12,43.4966
2020-03-13,58.86,47.3381
2020-03-16,47.72,43.115
2020-03-17,49.93,44.4586
2020-03-18,45.22,39.9846
2020-03-19,46.63,42.08
2020-03-20,46.67,40.318
2020-03-23,43.21,37.9184
2020-03-24,48.57,41.8568
2020-03-25,49.38,43.4846
2020-03-26,49.42,46.32
2020-03-27,48.66,45.0572
2020-03-30,51.77,46.2339
2020-03-31,53.27,45.44
2020-04-01,50.4,43.5362
2020-04-02,52.42,44.61
2020-04-03,52.16,44.12
2020-04-06,55.55,47.1
2020-04-07,56.13,47.25
2020-04-08,58.56,48.5516
2020-04-09,60.95,50.0869
2020-04-13,59.44,48.5731
2020-04-14,60.61,49.2242
2020-04-15,57.07,47.9172
2020-04-16,58.5,48.1956
2020-04-17,58.49,49.4665
2020-04-20,58.18,48.9862
2020-04-21,55.99,47.8422
2020-04-22,57.47,48.462
2020-04-23,57.05,48.1137
2020-04-24,57.41,48.4536
2020-04-27,61.29,50.7938
2020-04-28,62.75,51.2903
2020-04-29,64.46,52.7867
2020-04-30,63.04,51.9487
2020-05-01,59.08,50.3846
2020-05-04,58.4,50.5446
2020-05-05,58.08,50.8929
2020-05-06,56.33,50.3185
2020-05-07,58.24,51.5454
2020-05-08,60.22,52.5429
2020-05-11,58.76,52.6792
2020-05-12,56.33,51.005
2020-05-13,53.27,49.6964
2020-05-14,54.7,50.38
2020-05-15,54.41,50.452
2020-05-18,58.46,52.701
2020-05-19,56.74,51.4883
2020-05-20,58.38,52.2815
2020-05-21,58.09,52.1025
2020-05-22,55.32,52.2158
2020-05-26,60.52,54.113
2020-05-27,64.34,55.608
2020-05-28,62.46,54.9997
2020-05-29,60.96,54.9698
2020-06-01,62.35,55.8492
2020-06-02,62.81,56.1797
2020-06-03,65.9,57.7929
2020-06-04,69.03,58.121
2020-06-05,70.7,59.3968
2020-06-08,71.03,60.2105
2020-06-09,70.48,59.8638
2020-06-10,66.14,58.6449
2020-06-11,61.13,54.77
2020-06-12,63.12,55.9617
2020-06-15,62.65,56.6795
2020-06-16,64.27,57.4675
2020-06-17,63.21,57.5732
2020-06-18,63.4,57.48
2020-06-19,65.4,57.2475
2020-06-22,63.75,56.8575
2020-06-23,64.69,56.8568
2020-06-24,61.63,54.956
2020-06-25,64.16,56.155
2020-06-26,60.53,53.885
2020-06-29,61.56,54.8018
2020-06-30,63.55,56.1526
2020-07-01,62.13,55.6881
2020-07-02,63.13,55.8596
2020-07-06,64.48,56.8134
2020-07-07,63.17,55.9387
2020-07-08,64.95,56.9392
2020-07-09,61.66,55.5849
2020-07-10,64.12,56.8975
2020-07-13,64.59,56.649
2020-07-14,64.99,57.11
2020-07-15,64.64,58.6657
2020-07-16,64.52,58.2902
2020-07-17,61.71,58.5565
2020-07-20,60.36,58.61
2020-07-21,61.8,59.4341
2020-07-22,61.4,59.0885
2020-07-23,62.41,58.615
2020-07-24,62.35,58.0793
2020-07-27,62.85,58.5519
2020-07-28,63.09,57.7478
2020-07-29,64.39,58.5706
2020-07-30,63.5,57.7646
2020-07-31,63.79,57.7823
2020-08-03,64.32,58.29
2020-08-04,64.91,58.0301
2020-08-05,66.74,59.0565
2020-08-06,66.54,58.864
2020-08-07,69.57,59.744
2020-08-10,69.87,59.58
2020-08-11,70.35,59.9763
2020-08-12,71.18,60.3656
2020-08-13,70.35,59.9828
2020-08-14,70.53,60.0826
2020-08-17,69.21,59.93
2020-08-18,69.67,59.7612
2020-08-19,70.45,59.8907
2020-08-20,67.93,59.23
2020-08-21,67.55,59.23
2020-08-24,68.94,60.072
2020-08-25,69.07,60.0802
2020-08-26,67.98,60.09
2020-08-27,69.25,60.66
2020-08-28,70.11,60.6595
2020-08-31,68.09,60.3445
2020-09-01,68.58,60.662
2020-09-02,69.88,61.4048
2020-09-03,67.4,59.9833
2020-09-04,68.35,59.6487
2020-09-08,65.55,57.655
2020-09-09,65.79,58.419
2020-09-10,64.23,57.2864
2020-09-11,64.91,57.5022
2020-09-14,64.43,58.3774
2020-09-15,63.2,58.0749
2020-09-16,63.32,58.8692
2020-09-17,62.37,58.3729
2020-09-18,61.95,58.3756
2020-09-21,59.92,56.5536
2020-09-22,58.88,56.5917
2020-09-23,57.77,55.4947
2020-09-24,57.68,55.4235
2020-09-25,58.5,56.2102
2020-09-28,60.49,57.7713
2020-09-29,59.89,57.5259
2020-09-30,59.33,58.0151
2020-10-01,58.75,58.134
2020-10-02,59.68,59.1752
2020-10-05,61.39,60.0511
2020-10-06,61.02,59.7483
2020-10-07,63.41,60.6462
2020-10-08,65.0,62.7226
2020-10-09,66.43,63.1781
2020-10-12,67.22,63.9091
2020-10-13,66.09,63.8092
2020-10-14,66.03,63.7577
2020-10-15,66.95,64.4526
2020-10-16,66.58,64.4803
2020-10-19,64.35,63.5264
2020-10-20,64.58,63.9663
2020-10-21,64.0,63.45
2020-10-22,65.6,63.806
2020-10-23,65.31,63.9305
2020-10-26,63.51,62.5961
2020-10-27,61.65,62.1177
2020-10-28,58.48,60.3494
2020-10-29,58.8,60.829
2020-10-30,58.9,60.44
2020-11-02,59.68,61.3036
2020-11-03,62.38,62.7238
2020-11-04,60.42,63.4629
2020-11-05,62.83,64.7785
2020-11-06,62.23,64.0657
2020-11-09,70.1,66.4752
2020-11-10,70.05,66.8211
2020-11-11,68.48,66.9626
2020-11-12,66.9,65.898
2020-11-13,68.52,67.1739
2020-11-16,69.81,68.2796
2020-11-17,70.56,68.6502
2020-11-18,69.18,67.9061
2020-11-19,69.27,67.6839
2020-11-20,67.95,67.715
2020-11-23,70.56,68.9342
2020-11-24,73.42,70.0335
2020-11-25,72.24,70.0313
2020-11-27,71.59,70.2162
2020-11-30,70.48,69.0123
2020-12-01,72.26,70.2383
2020-12-02,74.06,70.7425
2020-12-03,73.88,72.4422
2020-12-04,76.38,73.438
2020-12-07,75.96,73.6191
2020-12-08,75.84,74.1904
2020-12-09,72.76,73.86
2020-12-10,71.73,73.6534
2020-12-11,72.8,73.4653
2020-12-14,70.7,72.9743
2020-12-15,71.79,74.1298
2020-12-16,71.2,74.5454
2020-12-17,70.74,75.15
2020-12-18,70.66,74.9421
2020-12-21,70.34,74.18
2020-12-22,70.19,74.1647
2020-12-23,71.58,74.55
2020-12-24,71.78,74.73
2020-12-28,72.12,75.04
2020-12-29,71.94,74.1902
2020-12-30,72.42,74.6546
2020-12-31,72.78,75.3057
2021-01-04,72.25,74.27
2021-01-05,72.68,74.5668
2021-01-06,77.63,77.1824
2021-01-07,77.73,78.15
2021-01-08,77.13,78.37
2021-01-11,78.14,78.4987
2021-01-12,80.42,79.3535
2021-01-13,78.66,79.0525
2021-01-14,79.58,79.1906
2021-01-15,77.18,78.5324
2021-01-19,78.4,79.092
2021-01-20,76.64,79.1733
2021-01-21,74.58,78.43
2021-01-22,74.17,77.94
2021-01-25,72.55,77.1669
2021-01-26,72.63,76.8554
2021-01-27,70.14,74.33
2021-01-28,71.63,76.0709
2021-01-29,70.0,74.5214
2021-02-01,70.25,76.68
2021-02-02,70.8,78.04
2021-02-03,71.6,77.9179
2021-02-04,73.79,78.8778
2021-02-05,74.77,79.3
2021-02-08,76.07,80.2713
2021-02-09,75.84,80.6098
2021-02-10,74.09,80.8773
2021-02-11,72.92,80.8481
2021-02-12,73.5,81.7773
2021-02-16,75.46,82.65
2021-02-17,75.16,82.0009
2021-02-18,74.7,81.19
2021-02-19,71.93,81.89
2021-02-22,73.54,81.6332
2021-02-23,74.06,81.51
2021-02-24,76.82,82.79
2021-02-25,74.26,81.4206
2021-02-26,72.77,80.6321
2021-03-01,76.74,83.22
2021-03-02,77.03,82.27
2021-03-03,79.31,82.16
2021-03-04,78.2,80.69
2021-03-05,79.42,82.1065
2021-03-08,80.5,82.8262
2021-03-09,81.84,83.61
2021-03-10,83.24,84.64
2021-03-11,83.58,85.3127
2021-03-12,83.8,85.96
2021-03-15,83.67,86.3494
2021-03-16,83.65,85.5518
2021-03-17,84.76,86.2
2021-03-18,85.25,85.01
2021-03-19,84.16,85.2113
2021-03-22,81.62,84.609
2021-03-23,79.38,82.87
2021-03-24,79.86,82.4
2021-03-25,82.37,82.981
2021-03-26,85.89,84.3151
2021-03-29,85.33,83.8496
2021-03-30,86.31,83.8727
2021-03-31,84.01,84.39
2021-04-01,84.95,86.2264
2021-04-05,85.4,87.33
2021-04-06,84.98,86.98
2021-04-07,84.74,86.51
2021-04-08,84.41,86.7467
2021-04-09,86.47,87.4039
2021-04-12,86.93,88.0557
2021-04-13,85.75,87.4
2021-04-14,86.68,88.0649
2021-04-15,86.51,88.44
2021-04-16,80.43,88.73
2021-04-19,80.89,88.4891
2021-04-20,78.6,87.1292
2021-04-21,80.14,88.11
2021-04-22,78.7,87.38
2021-04-23,81.11,89.33
2021-04-26,81.3,89.6488
2021-04-27,82.24,89.98
2021-04-28,83.25,90.1505
2021-04-29,83.48,90.713
2021-04-30,83.95,89.7118
2021-05-03,84.68,90.28
2021-05-04,84.85,90.106
2021-05-05,86.21,91.28
2021-05-06,87.33,91.6585
2021-05-07,87.23,92.42
2021-05-10,87.83,91.55
2021-05-11,86.1,90.3
2021-05-12,84.87,88.2738
2021-05-13,85.71,90.1739
2021-05-14,86.75,91.79
2021-05-17,86.38,91.41
2021-05-18,84.64,90.2535
2021-05-19,84.09,89.89
2021-05-20,84.21,90.3965
2021-05-21,86.25,91.2911
2021-05-24,86.41,91.6878
2021-05-25,85.36,90.8538
2021-05-26,86.29,91.6238
2021-05-27,86.99,92.4347
2021-05-28,86.98,92.7479
2021-06-01,87.98,92.9
2021-06-02,87.07,92.98
2021-06-03,87.09,93.1488
2021-06-04,86.9,93.1976
2021-06-07,86.41,92.953
2021-06-08,86.06,93.2699
2021-06-09,84.57,92.38
2021-06-10,83.64,92.2037
2021-06-11,83.74,93.0938
2021-06-14,84.79,92.82
2021-06-15,85.79,93.3309
2021-06-16,87.21,93.7836
2021-06-17,82.78,92.4384
2021-06-18,78.85,90.26
2021-06-21,81.61,92.1154
2021-06-22,80.69,92.12
2021-06-23,80.98,92.61
2021-06-24,81.86,93.4848
2021-06-25,83.23,94.58
2021-06-28,82.1,93.5789
2021-06-29,82.2,93.9584
2021-06-30,82.28,94.04
2021-07-01,83.82,94.61
2021-07-02,84.3,94.6798
2021-07-06,81.9,94.13
2021-07-07,81.4,94.3349
2021-07-08,79.59,92.3132
2021-07-09,84.11,94.28
2021-07-12,84.32,95.3
2021-07-13,83.6,94.238
2021-07-14,82.47,93.0303
2021-07-15,81.97,92.8744
2021-07-16,84.34,92.0767
2021-07-19,79.63,89.9073
2021-07-20,82.81,92.2861
2021-07-21,85.13,94.0314
2021-07-22,84.89,93.3183
2021-07-23,85.35,93.8084
2021-07-26,86.16,94.3182
2021-07-27,85.7,93.545
2021-07-28,86.24,94.1207
2021-07-29,87.96,95.5642
2021-07-30,87.14,95.2973
2021-08-02,87.01,95.59
2021-08-03,88.02,95.44
2021-08-04,86.59,95.4938
2021-08-05,87.49,97.0597
2021-08-06,90.0,98.14
2021-08-09,90.57,98.51
2021-08-10,91.28,98.46
2021-08-11,92.01,98.9125
2021-08-12,91.46,98.8511
2021-08-13,90.79,98.552
2021-08-16,90.06,98.5381
2021-08-17,88.15,97.34
2021-08-18,87.35,96.0879
2021-08-19,85.5,95.03
2021-08-20,86.09,96.37
2021-08-23,88.12,97.53
2021-08-24,89.57,98.2398
2021-08-25,92.0,99.0662
2021-08-26,92.5,98.365
2021-08-27,94.28,100.3603
2021-08-30,92.51,99.59
2021-08-31,92.91,99.5734
2021-09-01,91.87,99.89
2021-09-02,92.69,100.3692
2021-09-03,92.89,100.06
2021-09-07,89.43,98.8638
2021-09-08,87.31,98.31
2021-09-09,87.89,98.45
2021-09-10,87.56,97.7865
2021-09-13,88.3,98.01
2021-09-14,86.57,97.0829
2021-09-15,87.92,98.23
2021-09-16,87.05,97.79
2021-09-17,84.82,97.5817
2021-09-20,82.45,94.11
2021-09-21,81.69,93.99
2021-09-22,83.15,95.3343
2021-09-23,85.86,97.27
2021-09-24,85.74,97.5164
2021-09-27,88.47,98.3976
2021-09-28,86.81,96.25
2021-09-29,86.54,96.48
2021-09-30,84.72,95.4037
2021-10-01,86.41,96.6557
2021-10-04,86.12,95.6047
2021-10-05,88.72,97.7054
2021-10-06,88.47,97.95
2021-10-07,89.08,99.185
2021-10-08,91.2,99.6955
2021-10-11,90.97,99.02
2021-10-12,90.63,98.79
2021-10-13,89.61,99.04
2021-10-14,91.71,100.9681
2021-10-15,92.73,101.84
2021-10-18,94.79,102.2
2021-10-19,97.06,103.42
2021-10-20,99.37,104.14
2021-10-21,98.14,104.37
2021-10-22,99.4,105.4
2021-10-25,98.6,106.09
2021-10-26,98.27,106.07
2021-10-27,96.24,103.9
2021-10-28,98.82,105.93
2021-10-29,98.55,106.72
2021-11-01,99.33,108.18
2021-11-02,99.44,108.84
2021-11-03,99.6,110.05
2021-11-04,96.53,109.37
2021-11-05,95.67,109.62
2021-11-08,96.63,109.61
2021-11-09,96.03,109.39
2021-11-10,97.55,108.04
2021-11-11,98.48,109.1786
2021-11-12,99.07,109.925
2021-11-15,99.92,110.02
2021-11-16,98.61,109.8937
2021-11-17,96.19,108.63
2021-11-18,95.24,108.15
2021-11-19,94.75,107.454
2021-11-22,97.25,107.154
2021-11-23,98.2,107.9
2021-11-24,98.26,107.81
2021-11-26,93.35,104.25
2021-11-29,93.19,105.41
2021-11-30,88.97,102.23
2021-12-01,88.62,101.12
2021-12-02,92.39,103.728
2021-12-03,90.01,101.56
2021-12-06,93.61,102.46
2021-12-07,94.9,104.89
2021-12-08,92.91,104.83
2021-12-09,93.98,103.23
2021-12-10,93.51,103.02
2021-12-13,91.26,101.5922
2021-12-14,92.1,101.8
2021-12-15,91.86,102.66
2021-12-16,92.69,102.58
2021-12-17,91.83,101.5972
2021-12-20,90.1,98.4692
2021-12-21,92.32,100.84
2021-12-22,92.59,102.25
2021-12-23,93.03,103.74
2021-12-27,93.79,105.33
2021-12-28,93.7,104.883
2021-12-29,93.79,104.16
2021-12-30,93.24,103.9
2021-12-31,93.0,103.7
2022-01-03,94.45,103.4467
2022-01-04,98.32,104.6184
2022-01-05,97.15,101.43
2022-01-06,98.92,102.42
2022-01-07,101.66,102.57
2022-01-10,101.2,101.9765
2022-01-11,102.35,103.99
2022-01-12,103.33,103.26
2022-01-13,103.44,101.79
2022-01-14,103.77,100.55
2022-01-18,101.01,97.65
2022-01-19,93.88,95.96
2022-01-20,94.21,95.1
2022-01-21,90.99,92.61
2022-01-24,93.8,92.89
2022-01-25,94.13,91.5
2022-01-26,94.32,91.13
2022-01-27,93.12,90.86
2022-01-28,93.65,92.49
2022-01-31,94.5,95.36
2022-02-01,96.51,96.33
2022-02-02,97.57,96.18
2022-02-03,97.09,94.71
2022-02-04,98.89,96.17
2022-02-07,99.33,96.38
2022-02-08,101.85,97.15
2022-02-09,101.67,98.82
2022-02-10,101.39,97.06
2022-02-11,99.17,95.1
2022-02-14,98.68,94.22
2022-02-15,100.32,96.35
2022-02-16,100.28,96.81
2022-02-17,93.65,93.63
2022-02-18,93.39,93.06
2022-02-22,92.43,91.6418
2022-02-23,87.23,89.86
2022-02-24,85.48,90.45
2022-02-25,88.74,93.11
2022-02-28,85.33,92.18
2022-03-01,80.89,89.4
2022-03-02,83.94,91.8693
2022-03-03,83.94,90.61
2022-03-04,80.51,88.36
2022-03-07,78.17,84.49
2022-03-08,79.36,84.12
2022-03-09,83.58,87.4181
2022-03-10,82.92,86.58
2022-03-11,82.09,85.83
2022-03-14,83.35,86.13
2022-03-15,83.97,87.26
2022-03-16,87.45,90.97
2022-03-17,88.05,91.67
2022-03-18,88.93,92.87
2022-03-21,88.36,91.1
2022-03-22,90.33,92.62
2022-03-23,87.48,90.58
2022-03-24,89.01,91.55
2022-03-25,90.53,91.54
2022-03-28,90.11,91.89
2022-03-29,91.97,94.05
2022-03-30,92.11,92.64
2022-03-31,87.12,91.35
2022-04-01,85.81,91.72
2022-04-04,85.84,91.77
2022-04-05,85.31,90.28
2022-04-06,83.7,87.88
2022-04-07,83.96,87.37
2022-04-08,84.17,87.37
2022-04-11,82.72,86.55
2022-04-12,82.25,85.71
2022-04-13,82.85,87.05
2022-04-14,75.81,85.92
2022-04-18,74.38,85.39
2022-04-19,74.91,88.01
2022-04-20,75.91,88.56
2022-04-21,74.58,85.8768
2022-04-22,70.87,83.39
2022-04-25,70.95,84.2
2022-04-26,67.73,81.25
2022-04-27,66.86,81.22
2022-04-28,68.84,82.28
2022-04-29,66.97,78.92
2022-05-02,68.58,80.146
2022-05-03,69.91,80.93
2022-05-04,72.76,82.9
2022-05-05,71.22,79.59
2022-05-06,70.13,78.2503
2022-05-09,69.25,75.79
2022-05-10,67.71,75.62
2022-05-11,66.31,74.0
2022-05-12,67.62,74.68
2022-05-13,69.21,77.03
2022-05-16,68.31,76.38
2022-05-17,69.66,78.87
2022-05-18,66.97,76.03
2022-05-19,65.96,76.36
2022-05-20,67.47,77.285
2022-05-23,69.73,78.1804
2022-05-24,68.67,77.4388
2022-05-25,69.3,78.67
2022-05-26,70.99,80.7605
2022-05-27,73.04,82.68
2022-05-31,72.49,82.02
2022-06-01,69.95,80.56
2022-06-02,73.13,82.6634
2022-06-03,71.3,81.31
2022-06-06,71.41,81.86
2022-06-07,73.01,82.2414
2022-06-08,69.04,80.6383
2022-06-09,68.14,78.9734
2022-06-10,65.23,76.05
2022-06-13,63.07,72.79
2022-06-14,62.18,72.7481
2022-06-15,63.94,73.88
2022-06-16,62.33,71.31
2022-06-17,61.75,71.76
2022-06-21,63.8,72.92
2022-06-22,63.33,72.9158
2022-06-23,62.89,73.93
2022-06-24,66.27,76.6289
2022-06-27,65.21,76.15
2022-06-28,64.49,75.2321
2022-06-29,64.08,73.95
2022-06-30,61.65,72.93
2022-07-01,63.38,73.75
2022-07-05,63.07,75.1541
2022-07-06,62.27,74.2016
2022-07-07,63.7,75.53
2022-07-08,63.03,75.152
2022-07-11,62.7,73.7648
2022-07-12,62.36,73.6546
2022-07-13,60.94,72.86
2022-07-14,59.84,72.1971
2022-07-15,65.67,74.43
2022-07-18,64.96,73.9574
2022-07-19,67.33,76.5878
2022-07-20,66.97,77.8194
2022-07-21,67.82,78.6696
2022-07-22,68.16,78.29
2022-07-25,68.4,78.1232
2022-07-26,66.99,76.8841
2022-07-27,68.91,78.4834
2022-07-28,69.97,80.54
2022-07-29,71.04,81.6226
2022-08-01,70.36,81.4349
2022-08-02,69.22,81.05
2022-08-03,71.02,82.9734
2022-08-04,70.33,83.6863
2022-08-05,70.66,83.6876
2022-08-08,70.3,84.24
2022-08-09,70.38,83.3209
2022-08-10,72.52,85.6896
2022-08-11,73.51,85.9042
2022-08-12,74.93,87.69
2022-08-15,74.46,87.86
2022-08-16,74.48,87.94
2022-08-17,73.96,87.2799
2022-08-18,74.2,87.3964
2022-08-19,72.26,84.89
2022-08-22,70.88,83.1036
2022-08-23,70.77,82.96
2022-08-24,70.53,83.335
2022-08-25,71.67,84.48
2022-08-26,69.13,81.6977
2022-08-29,68.72,80.7795
2022-08-30,69.08,80.2334
2022-08-31,68.35,80.0624
2022-09-01,68.59,79.9
2022-09-02,67.68,78.9496
2022-09-06,68.06,79.23
2022-09-07,69.74,80.6617
2022-09-08,72.06,81.965
2022-09-09,73.0,83.62
2022-09-12,74.19,84.19
2022-09-13,72.13,80.7005
2022-09-14,71.4,80.49
2022-09-15,71.4,80.2471
2022-09-16,70.1,79.2511
2022-09-19,70.87,79.65
2022-09-20,68.95,78.2113
2022-09-21,67.77,77.2321
2022-09-22,66.08,75.6
2022-09-23,63.63,73.71
2022-09-26,62.61,72.8942
2022-09-27,61.28,72.23
2022-09-28,63.23,73.64
2022-09-29,61.72,72.0786
2022-09-30,60.81,71.57
2022-10-03,63.11,73.49
2022-10-04,65.61,76.9129
2022-10-05,65.43,76.5244
2022-10-06,63.96,75.89
2022-10-07,62.11,73.5462
2022-10-10,61.62,73.2901
2022-10-11,60.81,72.224
2022-10-12,60.16,72.1101
2022-10-13,63.5,74.07
2022-10-14,61.11,71.56
2022-10-17,63.81,73.52
2022-10-18,64.42,74.4323
2022-10-19,64.57,73.3
2022-10-20,64.86,72.39
2022-10-21,69.12,74.52
2022-10-24,70.52,75.2
2022-10-25,72.05,76.9323
2022-10-26,72.28,77.5102
2022-10-27,73.1,78.1664
2022-10-28,74.78,80.1225
2022-10-31,74.0,79.5015
2022-11-01,74.4,80.04
2022-11-02,73.88,78.9587
2022-11-03,73.07,77.7952
2022-11-04,75.45,79.4491
2022-11-07,75.93,80.39
2022-11-08,76.15,80.88
2022-11-09,75.22,79.1713
2022-11-10,79.86,84.9
2022-11-11,80.99,86.26
2022-11-14,79.0,84.27
2022-11-15,79.46,85.31
2022-11-16,78.91,83.9393
2022-11-17,74.51,82.8335
2022-11-18,75.59,83.0504
2022-11-21,76.61,83.2154
2022-11-22,76.59,84.22
2022-11-23,77.05,84.4974
2022-11-25,77.06,84.7092
2022-11-28,73.52,83.0105
2022-11-29,73.93,83.2251
2022-11-30,79.67,85.2
2022-12-01,78.72,85.6126
2022-12-02,77.72,85.64
2022-12-05,76.24,83.6858
2022-12-06,74.36,82.74
2022-12-07,80.45,82.3758
2022-12-08,78.12,82.5299
2022-12-09,79.03,82.1361
2022-12-12,80.26,82.9969
2022-12-13,81.33,83.89
2022-12-14,79.89,82.55
2022-12-15,78.26,80.3062
2022-12-16,77.7,79.56
2022-12-19,77.56,78.15
2022-12-20,77.99,78.35
2022-12-21,78.71,79.86
2022-12-22,77.85,78.49
2022-12-23,77.49,78.83
2022-12-27,77.15,78.42
2022-12-28,76.84,77.6081
2022-12-29,78.34,79.5134
2022-12-30,77.57,78.85
2023-01-03,78.4,79.48
2023-01-04,79.48,80.8166
2023-01-05,78.71,79.9811
2023-01-06,80.68,82.0651
2023-01-09,80.91,83.2299
2023-01-10,81.46,84.5
2023-01-11,82.34,85.63
2023-01-12,82.37,86.4426
2023-01-13,82.97,87.0046
2023-01-17,83.0,87.15
2023-01-18,81.54,86.46
2023-01-19,80.52,85.0874
2023-01-20,84.28,86.83
2023-01-23,86.22,87.6099
2023-01-24,87.03,87.2189
2023-01-25,88.2,87.1694
2023-01-26,90.23,88.0285
2023-01-27,90.73,88.8505
2023-01-30,90.15,87.8602
2023-01-31,91.33,89.34
2023-02-01,92.28,90.64
2023-02-02,92.37,92.85
2023-02-03,91.08,92.52
2023-02-06,90.73,91.12
2023-02-07,92.68,91.8853
2023-02-08,93.59,91.1589
2023-02-09,92.53,89.5692
2023-02-10,92.58,89.9423
2023-02-13,94.03,91.4
2023-02-14,93.58,91.26
2023-02-15,94.11,92.21
2023-02-16,93.27,91.17
2023-02-17,92.0,91.2002
2023-02-21,89.17,88.47
2023-02-22,88.1,88.25
2023-02-23,87.11,88.4001
2023-02-24,87.17,87.1744
2023-02-27,88.81,87.6044
2023-02-28,88.68,88.1966
2023-03-01,89.51,87.9025
2023-03-02,88.77,87.73
2023-03-03,90.42,89.02
2023-03-06,90.18,88.2821
2023-03-07,86.66,86.7926
2023-03-08,86.59,87.3
2023-03-09,82.84,84.2716
2023-03-10,79.87,80.3098
2023-03-13,73.97,78.7741
2023-03-14,76.74,80.81
2023-03-15,73.7,79.8086
2023-03-16,74.75,81.4128
2023-03-17,71.77,80.14
2023-03-20,73.44,80.3219
2023-03-21,76.72,82.8782
2023-03-22,73.75,80.83
2023-03-23,72.69,80.2499
2023-03-24,71.65,79.7781
2023-03-27,73.39,80.5899
2023-03-28,73.62,80.5654
2023-03-29,75.45,81.62
2023-03-30,75.0,81.48
2023-03-31,75.69,83.07
2023-04-03,75.46,82.2637
2023-04-04,74.62,81.23
2023-04-05,75.59,80.3436
2023-04-06,76.16,80.6142
2023-04-10,77.33,81.0039
2023-04-11,78.58,82.08
2023-04-12,78.21,81.8403
2023-04-13,78.81,82.8926
2023-04-14,80.03,83.2869
2023-04-17,72.68,83.61
2023-04-18,74.9,84.1201
2023-04-19,75.29,84.64
2023-04-20,74.99,83.9953
2023-04-21,73.63,83.8897
2023-04-24,73.47,83.4
2023-04-25,70.62,81.3
2023-04-26,69.82,79.9621
2023-04-27,71.17,80.83
2023-04-28,72.26,81.7048
2023-05-01,71.53,81.0928
2023-05-02,70.29,79.09
2023-05-03,68.92,78.02
2023-05-04,66.86,76.3862
2023-05-05,68.5,78.7396
2023-05-08,69.07,78.5397
2023-05-09,68.98,78.4836
2023-05-10,68.5,78.8694
2023-05-11,67.73,78.4675
2023-05-12,66.54,78.1339
2023-05-15,68.0,78.9153
2023-05-16,66.66,77.9612
2023-05-17,68.46,79.4473
2023-05-18,69.06,79.8296
2023-05-19,68.0,79.5991
2023-05-22,68.5,80.5183
2023-05-23,68.37,79.7046
2023-05-24,67.03,78.6755
2023-05-25,67.75,78.8081
2023-05-26,68.47,79.8025
2023-05-30,69.33,80.0069
2023-05-31,68.02,79.08
2023-06-01,69.53,79.9639
2023-06-02,71.55,82.1778
2023-06-05,71.82,81.5822
2023-06-06,74.25,82.7552
2023-06-07,74.63,83.7
2023-06-08,73.53,84.1
2023-06-09,73.91,83.9331
2023-06-12,73.07,83.2565
2023-06-13,74.07,84.55
2023-06-14,73.2,84.97
2023-06-15,74.65,86.213
2023-06-16,73.77,85.415
2023-06-20,73.16,84.5998
2023-06-21,73.03,83.85
2023-06-22,72.21,82.5841
2023-06-23,71.07,81.69
2023-06-26,70.92,81.82
2023-06-27,72.59,83.11
2023-06-28,72.14,83.46
2023-06-29,73.14,84.6417
2023-06-30,73.18,84.8837
2023-07-03,74.34,85.6873
2023-07-05,73.53,84.51
2023-07-06,72.85,83.5006
2023-07-07,73.88,84.1488
2023-07-10,74.5,84.9883
2023-07-11,75.66,86.6224
2023-07-12,75.84,87.8889
2023-07-13,77.46,90.07
2023-07-14,68.1,89.2222
2023-07-17,66.51,89.8899
2023-07-18,68.29,91.66
2023-07-19,69.38,92.6362
2023-07-20,70.34,92.499
2023-07-21,70.27,92.2
2023-07-24,71.24,92.55
2023-07-25,70.73,92.6005
2023-07-26,71.47,92.72
2023-07-27,70.48,91.28
2023-07-28,71.17,91.52
2023-07-31,72.44,91.65
2023-08-01,72.13,91.442
2023-08-02,72.71,90.38
2023-08-03,73.0,90.28
2023-08-04,73.14,90.1634
2023-08-07,73.9,91.1759
2023-08-08,72.73,89.9322
2023-08-09,72.23,89.13
2023-08-10,73.13,89.1389
2023-08-11,73.68,89.0735
2023-08-14,71.34,88.9012
2023-08-15,69.56,87.4821
2023-08-16,68.83,87.1
2023-08-17,68.3,86.9343
2023-08-18,67.95,87.0694
2023-08-21,67.42,86.9538
2023-08-22,65.85,86.3262
2023-08-23,67.55,87.421
2023-08-24,67.75,87.0
2023-08-25,67.55,87.28
2023-08-28,68.4,88.27
2023-08-29,68.52,89.69
2023-08-30,68.45,89.87
2023-08-31,68.74,89.81
2023-09-01,69.85,90.3781
2023-09-05,70.08,89.2
2023-09-06,69.86,88.79
2023-09-07,69.51,88.7898
2023-09-08,70.16,89.46
2023-09-11,71.39,89.7031
2023-09-12,71.49,90.01
2023-09-13,71.25,89.665
2023-09-14,72.39,90.69
2023-09-15,71.85,90.6783
2023-09-18,71.26,90.25
2023-09-19,70.55,89.768
2023-09-20,69.69,89.2064
2023-09-21,68.82,87.63
2023-09-22,67.81,87.01
2023-09-25,67.61,87.2147
2023-09-26,66.83,85.7432
2023-09-27,66.78,85.94
2023-09-28,67.56,87.156
2023-09-29,66.96,86.7571
2023-10-02,66.19,85.821
2023-10-03,64.79,83.7184
2023-10-04,64.46,84.62
2023-10-05,64.27,85.4474
2023-10-06,65.17,86.26
2023-10-09,64.74,86.4813
2023-10-10,65.44,86.72
2023-10-11,65.3,86.84
2023-10-12,64.09,85.3
2023-10-13,64.28,84.6
2023-10-16,65.6,85.6377
2023-10-17,67.26,86.221
2023-10-18,68.63,84.1889
2023-10-19,66.36,82.6575
2023-10-20,64.86,81.74
2023-10-23,64.25,81.5
2023-10-24,64.74,82.0037
2023-10-25,64.02,80.4077
2023-10-26,64.66,81.4047
2023-10-27,62.93,80.2992
2023-10-30,63.88,81.5756
2023-10-31,64.63,82.0817
2023-11-01,64.74,82.79
2023-11-02,66.68,84.8936
2023-11-03,67.76,86.71
2023-11-06,67.22,85.97
2023-11-07,66.54,85.93
2023-11-08,66.56,85.69
2023-11-09,66.52,85.33
2023-11-10,67.6,86.07
2023-11-13,67.05,85.6164
2023-11-14,68.94,88.0957
2023-11-15,69.73,88.62
2023-11-16,69.29,88.01
2023-11-17,70.19,88.63
2023-11-20,69.95,88.9591
2023-11-21,69.05,88.67
2023-11-22,69.88,89.36
2023-11-24,70.38,89.73
2023-11-27,69.74,89.59
2023-11-28,70.11,89.4633
2023-11-29,71.74,90.549
2023-11-30,72.82,91.3
2023-12-01,73.92,92.64
2023-12-04,74.1,93.55
2023-12-05,73.22,93.12
2023-12-06,71.44,92.91
2023-12-07,73.18,93.52
2023-12-08,73.97,94.57
2023-12-11,74.6,94.88
2023-12-12,75.12,95.419
2023-12-13,76.61,97.42
2023-12-14,78.55,100.304
2023-12-15,77.63,99.8647
2023-12-18,77.19,99.37
2023-12-19,77.68,100.6918
2023-12-20,76.05,99.24
2023-12-21,77.01,100.6746
2023-12-22,77.19,101.146
2023-12-26,77.72,101.8734
2023-12-27,77.97,102.67
2023-12-28,78.42,102.8064
2023-12-29,77.46,101.9717
