date,T,XLK
2010-01-04,28.58,23.27
2010-01-05,28.44,23.24
2010-01-06,27.61,22.98
2010-01-07,27.3,22.89
2010-01-08,27.1,23.04
2010-01-11,26.97,22.95
2010-01-12,26.96,22.7
2010-01-13,26.64,22.92
2010-01-14,26.19,22.98
2010-01-15,25.79,22.66
2010-01-19,26.2,23.05
2010-01-20,25.83,22.68
2010-01-21,25.67,22.44
2010-01-22,25.39,21.66
2010-01-25,25.58,21.84
2010-01-26,25.33,21.78
2010-01-27,25.62,21.96
2010-01-28,25.54,21.33
2010-01-29,25.36,20.959
2010-02-01,25.38,21.2
2010-02-02,25.69,21.41
2010-02-03,25.58,21.46
2010-02-04,25.03,20.86
2010-02-05,25.24,21.07
2010-02-08,24.98,20.98
2010-02-09,25.26,21.16
2010-02-10,25.12,21.1
2010-02-11,25.19,21.32
2010-02-12,25.07,21.36
2010-02-16,25.32,21.68
2010-02-17,25.4,21.74
2010-02-18,25.24,21.88
2010-02-19,25.1,21.82
2010-02-22,25.02,21.78
2010-02-23,24.83,21.51
2010-02-24,24.91,21.72
2010-02-25,24.77,21.66
2010-02-26,24.81,21.69
2010-03-01,25.0,21.97
2010-03-02,24.88,21.94
2010-03-03,24.89,21.95
2010-03-04,24.96,22.04
2010-03-05,24.99,22.31
2010-03-08,25.28,22.43
2010-03-09,25.56,22.53
2010-03-10,25.52,22.68
2010-03-11,25.6,22.77
2010-03-12,25.62,22.75
2010-03-15,25.78,22.73
2010-03-16,25.85,22.9
2010-03-17,25.9,22.97
2010-03-18,26.06,23.0
2010-03-19,26.24,22.79
2010-03-22,26.4,22.96
2010-03-23,26.55,23.18
2010-03-24,26.26,23.07
2010-03-25,26.15,23.11
2010-03-26,26.24,23.0
2010-03-29,26.51,23.07
2010-03-30,25.95,23.17
2010-03-31,25.84,23.1
2010-04-01,26.11,23.06
2010-04-05,26.31,23.33
2010-04-06,26.31,23.35
2010-04-07,25.65,23.26
2010-04-08,26.02,23.3
2010-04-09,26.44,23.48
2010-04-12,26.38,23.53
2010-04-13,26.2,23.6
2010-04-14,26.24,23.94
2010-04-15,26.24,24.05
2010-04-16,25.93,23.73
2010-04-19,26.38,23.78
2010-04-20,26.66,23.91
2010-04-21,26.34,23.96
2010-04-22,26.27,24.02
2010-04-23,26.25,24.08
2010-04-26,26.27,24.05
2010-04-27,25.95,23.58
2010-04-28,25.91,23.65
2010-04-29,26.14,23.89
2010-04-30,26.06,23.389
2010-05-03,26.28,23.71
2010-05-04,25.9,23.03
2010-05-05,25.77,22.93
2010-05-06,25.14,22.24
2010-05-07,25.1,21.75
2010-05-10,25.67,22.75
2010-05-11,25.64,22.6
2010-05-12,25.82,23.19
2010-05-13,25.74,22.85
2010-05-14,25.4,22.41
2010-05-17,25.77,22.52
2010-05-18,25.59,22.18
2010-05-19,25.57,22.01
2010-05-20,24.96,21.31
2010-05-21,24.85,21.47
2010-05-24,24.43,21.37
2010-05-25,24.32,21.31
2010-05-26,24.13,21.1
2010-05-27,24.63,21.82
2010-05-28,24.3,21.64
2010-06-01,24.33,21.43
2010-06-02,24.78,21.91
2010-06-03,24.8,22.13
2010-06-04,24.17,21.42
2010-06-07,24.32,21.11
2010-06-08,24.97,21.15
2010-06-09,24.9,21.04
2010-06-10,25.44,21.55
2010-06-11,25.29,21.74
2010-06-14,25.17,21.7
2010-06-15,25.54,22.27
2010-06-16,25.52,22.33
2010-06-17,25.57,22.41
2010-06-18,25.43,22.33
2010-06-21,25.44,22.17
2010-06-22,25.36,21.98
2010-06-23,25.44,21.94
2010-06-24,25.05,21.5
2010-06-25,24.79,21.475
2010-06-28,24.95,21.52
2010-06-29,24.46,20.72
2010-06-30,24.19,20.4
2010-07-01,24.34,20.32
2010-07-02,24.29,20.29
2010-07-06,24.41,20.49
2010-07-07,24.33,21.15
2010-07-08,24.57,21.28
2010-07-09,24.83,21.39
2010-07-12,24.84,21.49
2010-07-13,24.95,21.8
2010-07-14,24.96,21.93
2010-07-15,25.0,22.0
2010-07-16,24.69,21.3725
2010-07-19,24.88,21.58
2010-07-20,24.79,21.72
2010-07-21,24.92,21.46
2010-07-22,25.51,22.04
2010-07-23,25.54,22.19
2010-07-26,25.96,22.32
2010-07-27,26.15,22.39
2010-07-28,26.2,22.21
2010-07-29,26.02,22.01
2010-07-30,25.94,21.92
2010-08-02,26.59,22.38
2010-08-03,26.69,22.26
2010-08-04,26.64,22.44
2010-08-05,26.74,22.34
2010-08-06,26.54,22.28
2010-08-09,26.86,22.43
2010-08-10,27.01,22.2
2010-08-11,26.55,21.67
2010-08-12,26.66,21.37
2010-08-13,26.72,21.27
2010-08-16,26.65,21.31
2010-08-17,26.97,21.54
2010-08-18,27.28,21.66
2010-08-19,26.97,21.4
2010-08-20,26.45,21.35
2010-08-23,26.49,21.16
2010-08-24,26.72,20.87
2010-08-25,26.89,21.0
2010-08-26,26.7,20.79
2010-08-27,26.94,21.04
2010-08-30,26.63,20.76
2010-08-31,27.03,20.69
2010-09-01,27.35,21.22
2010-09-02,27.4,21.41
2010-09-03,27.44,21.73
2010-09-07,27.27,21.55
2010-09-08,27.39,21.67
2010-09-09,27.81,21.73
2010-09-10,27.83,21.74
2010-09-13,27.93,22.13
2010-09-14,27.93,22.22
2010-09-15,28.01,22.36
2010-09-16,28.11,22.49
2010-09-17,28.17,22.53
2010-09-20,28.54,22.86
2010-09-21,28.61,22.82
2010-09-22,28.59,22.71
2010-09-23,28.51,22.68
2010-09-24,28.58,23.12
2010-09-27,28.87,23.13
2010-09-28,28.92,23.16
2010-09-29,28.71,23.11
2010-09-30,28.6,23.02
2010-10-01,28.81,23.03
2010-10-04,28.86,22.84
2010-10-05,29.36,23.29
2010-10-06,28.62,23.18
2010-10-07,28.25,23.18
2010-10-08,28.22,23.31
2010-10-11,28.32,23.35
2010-10-12,28.39,23.49
2010-10-13,28.47,23.68
2010-10-14,28.5,23.69
2010-10-15,28.33,24.09
2010-10-18,28.62,24.25
2010-10-19,28.21,23.82
2010-10-20,28.61,24.02
2010-10-21,28.34,24.04
2010-10-22,28.29,24.11
2010-10-25,28.36,24.18
2010-10-26,28.31,24.24
2010-10-27,28.35,24.31
2010-10-28,28.5,24.31
2010-10-29,28.52,24.35
2010-11-01,28.72,24.37
2010-11-02,28.94,24.61
2010-11-03,29.06,24.75
2010-11-04,29.44,25.12
2010-11-05,29.27,25.1
2010-11-08,29.18,25.12
2010-11-09,29.18,25.05
2010-11-10,29.05,25.07
2010-11-11,28.83,24.685
2010-11-12,28.46,24.34
2010-11-15,28.63,24.27
2010-11-16,28.24,23.83
2010-11-17,27.96,23.84
2010-11-18,28.44,24.24
2010-11-19,28.32,24.31
2010-11-22,28.29,24.45
2010-11-23,28.03,24.09
2010-11-24,28.14,24.49
2010-11-26,27.98,24.25
2010-11-29,27.7,24.19
2010-11-30,27.79,23.95
2010-12-01,28.28,24.46
2010-12-02,28.55,24.75
2010-12-03,28.49,24.805
2010-12-06,28.3,24.81
2010-12-07,28.54,24.84
2010-12-08,28.63,25.05
2010-12-09,28.82,25.07
2010-12-10,28.89,25.185
2010-12-13,28.78,25.14
2010-12-14,29.34,25.18
2010-12-15,29.13,25.08
2010-12-16,29.23,25.12
2010-12-17,29.21,25.08
2010-12-20,29.13,25.1
2010-12-21,29.07,25.25
2010-12-22,29.13,25.22
2010-12-23,29.2,25.21
2010-12-27,29.25,25.26
2010-12-28,29.23,25.23
2010-12-29,29.31,25.28
2010-12-30,29.33,25.22
2010-12-31,29.38,25.19
2011-01-03,29.67,25.47
2011-01-04,29.88,25.57
2011-01-05,29.98,25.72
2011-01-06,29.15,25.87
2011-01-07,28.85,25.75
2011-01-10,28.34,25.7725
2011-01-11,27.91,25.73
2011-01-12,28.04,25.96
2011-01-13,28.08,25.94
2011-01-14,28.43,26.17
2011-01-18,28.33,26.1975
2011-01-19,28.33,26.01
2011-01-20,28.23,25.87
2011-01-21,28.33,25.72
2011-01-24,28.48,26.08
2011-01-25,28.76,26.2
2011-01-26,28.73,26.35
2011-01-27,28.13,26.44
2011-01-28,27.49,25.83
2011-01-31,27.52,25.99
2011-02-01,27.87,26.43
2011-02-02,27.67,26.4775
2011-02-03,27.99,26.52
2011-02-04,27.97,26.69
2011-02-07,27.96,26.8225
2011-02-08,27.91,26.9325
2011-02-09,27.97,26.88
2011-02-10,28.24,26.76
2011-02-11,28.47,26.9025
2011-02-14,28.46,26.94
2011-02-15,28.24,26.84
2011-02-16,28.3,26.9875
2011-02-17,28.5,27.04
2011-02-18,28.57,27.0
2011-02-22,28.2,26.34
2011-02-23,28.03,26.03
2011-02-24,27.92,26.12
2011-02-25,28.13,26.45
2011-02-28,28.38,26.56
2011-03-01,28.08,26.05
2011-03-02,28.17,26.21
2011-03-03,28.13,26.63
2011-03-04,27.9175,26.415
2011-03-07,27.9,26.08
2011-03-08,28.45,26.2975
2011-03-09,28.79,26.19
2011-03-10,28.61,25.7
2011-03-11,28.46,25.8
2011-03-14,28.19,25.68
2011-03-15,27.81,25.3
2011-03-16,27.33,24.6825
2011-03-17,27.74,24.94
2011-03-18,27.94,24.9
2011-03-21,28.26,25.3225
2011-03-22,28.1,25.28
2011-03-23,28.14,25.42
2011-03-24,28.54,25.8175
2011-03-25,28.85,25.88
2011-03-28,29.36,25.82
2011-03-29,30.05,26.0
2011-03-30,30.71,26.11
2011-03-31,30.61,26.0625
2011-04-01,30.62,26.01
2011-04-04,30.77,25.92
2011-04-05,30.7,25.88
2011-04-06,30.47,26.07
2011-04-07,30.54,26.08
2011-04-08,30.71,25.93
2011-04-11,30.66,25.89
2011-04-12,30.47,25.68
2011-04-13,30.18,25.84
2011-04-14,30.29,25.79
2011-04-15,30.65,25.74
2011-04-18,30.31,25.51
2011-04-19,30.31,25.58
2011-04-20,30.13,26.119
2011-04-21,30.68,26.35
2011-04-25,30.55,26.37
2011-04-26,30.94,26.59
2011-04-27,31.42,26.75
2011-04-28,31.37,26.76
2011-04-29,31.12,26.74
2011-05-02,31.21,26.64
2011-05-03,31.86,26.65
2011-05-04,31.79,26.57
2011-05-05,31.22,26.43
2011-05-06,31.26,26.48
2011-05-09,31.35,26.59
2011-05-10,31.69,26.83
2011-05-11,31.38,26.59
2011-05-12,31.64,26.79
2011-05-13,31.41,26.46
2011-05-16,31.06,26.08
2011-05-17,31.12,26.08
2011-05-18,31.2,26.27
2011-05-19,31.4,26.32
2011-05-20,31.32,26.169
2011-05-23,31.08,25.8
2011-05-24,31.16,25.72
2011-05-25,31.0,25.8
2011-05-26,31.11,25.97
2011-05-27,31.29,26.1
2011-05-31,31.56,26.46
2011-06-01,31.17,25.91
2011-06-02,30.97,25.93
2011-06-03,30.65,25.54
2011-06-06,30.36,25.35
2011-06-07,30.31,25.27
2011-06-08,30.34,25.1
2011-06-09,30.33,25.12
2011-06-10,30.34,24.77
2011-06-13,30.55,24.79
2011-06-14,30.79,25.1
2011-06-15,30.35,24.63
2011-06-16,30.43,24.57
2011-06-17,30.77,24.445
2011-06-20,30.96,24.5425
2011-06-21,31.11,24.98
2011-06-22,30.88,24.8
2011-06-23,30.72,24.97
2011-06-24,30.44,24.54
2011-06-27,30.76,24.87
2011-06-28,31.02,25.18
2011-06-29,31.26,25.38
2011-06-30,31.41,25.7
2011-07-01,31.68,26.12
2011-07-05,31.63,26.16
2011-07-06,31.23,26.28
2011-07-07,31.23,26.6
2011-07-08,31.14,26.47
2011-07-11,30.8,26.03
2011-07-12,30.77,25.8
2011-07-13,30.82,25.86
2011-07-14,30.58,25.64
2011-07-15,30.31,25.92
2011-07-18,30.12,25.83
2011-07-19,30.33,26.45
2011-07-20,30.23,26.37
2011-07-21,30.28,26.49
2011-07-22,30.32,26.72
2011-07-25,29.91,26.65
2011-07-26,29.94,26.77
2011-07-27,29.96,26.06
2011-07-28,29.26,26.02
2011-07-29,29.26,25.81
2011-08-01,29.52,25.79
2011-08-02,29.18,25.25
2011-08-03,29.5,25.51
2011-08-04,28.78,24.48
2011-08-05,28.93,24.33
2011-08-08,27.7,22.96
2011-08-09,28.85,24.01
2011-08-10,27.88,23.07
2011-08-11,28.44,23.95
2011-08-12,28.22,24.121
2011-08-15,28.81,24.55
2011-08-16,28.79,24.37
2011-08-17,29.17,24.26
2011-08-18,28.46,23.08
2011-08-19,27.99,22.52
2011-08-22,28.45,22.64
2011-08-23,28.98,23.47
2011-08-24,29.43,23.68
2011-08-25,29.06,23.34
2011-08-26,29.04,23.8
2011-08-29,29.26,24.4
2011-08-30,29.62,24.5
2011-08-31,28.48,24.44
2011-09-01,28.27,24.17
2011-09-02,28.05,23.62
2011-09-06,27.83,23.51
2011-09-07,28.13,24.12
2011-09-08,27.96,24.0
2011-09-09,27.54,23.49
2011-09-12,27.88,23.77
2011-09-13,28.12,24.05
2011-09-14,28.26,24.41
2011-09-15,28.54,24.8
2011-09-16,28.94,24.98
2011-09-19,28.58,24.92
2011-09-20,28.85,24.86
2011-09-21,28.3,24.49
2011-09-22,27.75,23.73
2011-09-23,27.85,24.0
2011-09-26,28.34,24.3
2011-09-27,28.67,24.61
2011-09-28,28.55,24.26
2011-09-29,28.84,24.21
2011-09-30,28.52,23.6
2011-10-03,28.16,23.07
2011-10-04,28.31,23.54
2011-10-05,28.31,24.03
2011-10-06,28.41,24.39
2011-10-07,28.44,24.3
2011-10-10,29.17,25.05
2011-10-11,28.77,25.16
2011-10-12,28.99,25.27
2011-10-13,29.1,25.55
2011-10-14,29.17,26.0
2011-10-17,29.02,25.59
2011-10-18,29.21,25.82
2011-10-19,29.09,25.32
2011-10-20,28.99,25.21
2011-10-21,29.13,25.53
2011-10-24,28.88,25.93
2011-10-25,28.41,25.52
2011-10-26,28.75,25.63
2011-10-27,29.47,26.39
2011-10-28,29.74,26.48
2011-10-31,29.31,26.01
2011-11-01,28.7,25.29
2011-11-02,29.08,25.6
2011-11-03,29.44,26.21
2011-11-04,29.16,26.05
2011-11-07,29.44,26.21
2011-11-08,29.46,26.51
2011-11-09,28.91,25.59
2011-11-10,29.16,25.67
2011-11-11,29.42,26.16
2011-11-14,29.19,25.96
2011-11-15,29.25,26.31
2011-11-16,28.78,25.92
2011-11-17,28.61,25.42
2011-11-18,28.64,25.21
2011-11-21,28.36,24.77
2011-11-22,28.08,24.73
2011-11-23,27.55,24.14
2011-11-25,27.41,24.01
2011-11-28,27.95,24.8
2011-11-29,28.06,24.67
2011-11-30,28.98,25.62
2011-12-01,28.84,25.76
2011-12-02,28.96,25.74
2011-12-05,29.15,26.03
2011-12-06,29.17,26.02
2011-12-07,29.4,26.05
2011-12-08,28.86,25.64
2011-12-09,29.03,26.04
2011-12-12,29.01,25.71
2011-12-13,29.04,25.47
2011-12-14,28.81,25.08
2011-12-15,28.79,25.02
2011-12-16,28.85,24.98
2011-12-19,28.74,24.74
2011-12-20,29.12,25.435
2011-12-21,29.3,25.02
2011-12-22,29.66,25.31
2011-12-23,29.87,25.56
2011-12-27,30.04,25.6
2011-12-28,29.95,25.34
2011-12-29,30.17,25.53
2011-12-30,30.24,25.45
2012-01-03,30.38,25.81
2012-01-04,30.43,25.88
2012-01-05,30.4,25.96
2012-01-06,29.68,25.97
2012-01-09,29.66,25.93
2012-01-10,29.76,26.02
2012-01-11,29.99,26.1
2012-01-12,30.12,26.23
2012-01-13,30.07,26.08
2012-01-17,30.25,26.2
2012-01-18,30.33,26.58
2012-01-19,30.42,26.77
2012-01-20,30.51,26.8
2012-01-23,30.4,26.89
2012-01-24,30.09,26.87
2012-01-25,30.21,27.08
2012-01-26,29.45,26.9
2012-01-27,29.16,26.9
2012-01-30,29.34,26.98
2012-01-31,29.41,27.03
2012-02-01,29.6,27.3
2012-02-02,29.79,27.37
2012-02-03,29.95,27.715
2012-02-06,29.97,27.73
2012-02-07,30.04,27.8
2012-02-08,30.02,27.97
2012-02-09,29.99,28.24
2012-02-10,29.84,28.03
2012-02-13,30.04,28.21
2012-02-14,30.07,28.26
2012-02-15,29.87,28.11
2012-02-16,30.02,28.52
2012-02-17,30.01,28.52
2012-02-21,30.34,28.64
2012-02-22,30.28,28.54
2012-02-23,30.46,28.65
2012-02-24,30.34,28.82
2012-02-27,30.36,28.87
2012-02-28,30.53,29.08
2012-02-29,30.59,28.945
2012-03-01,30.63,29.12
2012-03-02,30.87,29.08
2012-03-05,30.99,28.83
2012-03-06,30.725,28.545
2012-03-07,30.88,28.76
2012-03-08,31.0,29.05
2012-03-09,31.18,29.18
2012-03-12,31.44,29.22
2012-03-13,31.63,29.8
2012-03-14,31.45,29.91
2012-03-15,31.64,29.99
2012-03-16,31.59,29.88
2012-03-19,31.65,30.1
2012-03-20,31.79,30.07
2012-03-21,31.84,30.06
2012-03-22,31.71,29.99
2012-03-23,31.52,29.985
2012-03-26,31.79,30.43
2012-03-27,31.64,30.42
2012-03-28,31.36,30.31
2012-03-29,31.21,30.25
2012-03-30,31.23,30.16
2012-04-02,31.45,30.48
2012-04-03,31.43,30.46
2012-04-04,31.57,30.1
2012-04-05,30.94,30.17
2012-04-09,30.64,29.96
2012-04-10,30.13,29.535
2012-04-11,30.45,29.71
2012-04-12,30.84,30.075
2012-04-13,30.54,29.61
2012-04-16,30.61,29.3
2012-04-17,30.89,29.94
2012-04-18,30.75,29.69
2012-04-19,30.74,29.39
2012-04-20,30.86,29.28
2012-04-23,30.61,29.05
2012-04-24,31.72,28.99
2012-04-25,31.74,29.805
2012-04-26,32.44,30.04
2012-04-27,32.67,30.03
2012-04-30,32.91,29.82
2012-05-01,33.06,29.92
2012-05-02,33.04,29.94
2012-05-03,33.11,29.69
2012-05-04,32.86,29.07
2012-05-07,33.0,28.99
2012-05-08,33.04,28.885
2012-05-09,32.81,28.89
2012-05-10,33.13,28.67
2012-05-11,33.59,28.69
2012-05-14,33.53,28.44
2012-05-15,33.35,28.36
2012-05-16,33.19,28.13
2012-05-17,33.29,27.73
2012-05-18,33.66,27.47
2012-05-21,33.63,28.15
2012-05-22,33.54,28.06
2012-05-23,33.36,28.09
2012-05-24,33.64,27.93
2012-05-25,33.69,27.87
2012-05-29,33.94,28.24
2012-05-30,33.84,28.06
2012-05-31,34.17,27.93
2012-06-01,33.9,27.2
2012-06-04,34.15,27.36
2012-06-05,34.06,27.525
2012-06-06,34.56,28.155
2012-06-07,34.16,28.02
2012-06-08,34.55,28.33
2012-06-11,34.59,27.93
2012-06-12,34.98,28.21
2012-06-13,34.98,28.04
2012-06-14,35.69,28.18
2012-06-15,35.71,28.37
2012-06-18,35.63,28.58
2012-06-19,35.47,28.8
2012-06-20,35.41,28.85
2012-06-21,35.03,28.165
2012-06-22,35.17,28.48
2012-06-25,34.95,27.9
2012-06-26,34.98,28.01
2012-06-27,35.19,28.18
2012-06-28,35.39,27.95
2012-06-29,35.66,28.725
2012-07-02,36.2,28.89
2012-07-03,36.0,29.12
2012-07-05,35.77,29.12
2012-07-06,35.44,28.69
2012-07-09,35.54,28.63
2012-07-10,35.44,28.31
2012-07-11,35.26,28.18
2012-07-12,34.87,27.9
2012-07-13,35.35,28.27
2012-07-16,35.42,28.24
2012-07-17,35.82,28.35
2012-07-18,36.19,28.84
2012-07-19,35.48,29.09
2012-07-20,35.29,28.755
2012-07-23,35.38,28.48
2012-07-24,34.63,28.19
2012-07-25,35.33,28.08
2012-07-26,36.3,28.51
2012-07-27,37.14,29.13
2012-07-30,37.43,29.14
2012-07-31,37.92,29.26
2012-08-01,37.64,29.16
2012-08-02,37.54,28.97
2012-08-03,37.58,29.54
2012-08-06,37.61,29.75
2012-08-07,37.44,29.95
2012-08-08,37.43,29.96
2012-08-09,37.23,30.06
2012-08-10,37.49,30.13
2012-08-13,37.39,30.22
2012-08-14,37.25,30.16
2012-08-15,37.1,30.17
2012-08-16,37.24,30.58
2012-08-17,37.17,30.75
2012-08-20,36.89,30.78
2012-08-21,36.59,30.58
2012-08-22,36.56,30.63
2012-08-23,36.56,30.38
2012-08-24,36.95,30.57
2012-08-27,36.87,30.6
2012-08-28,36.64,30.53
2012-08-29,36.82,30.59
2012-08-30,36.69,30.25
2012-08-31,36.64,30.49
2012-09-04,36.81,30.49
2012-09-05,36.93,30.46
2012-09-06,37.44,31.14
2012-09-07,37.3,31.09
2012-09-10,37.42,30.76
2012-09-11,37.62,30.84
2012-09-12,37.72,31.01
2012-09-13,38.15,31.43
2012-09-14,37.26,31.58
2012-09-17,37.6,31.61
2012-09-18,37.66,31.63
2012-09-19,37.76,31.66
2012-09-20,37.94,31.6
2012-09-21,38.08,31.51
2012-09-24,38.25,31.31
2012-09-25,38.06,30.87
2012-09-26,38.08,30.65
2012-09-27,37.99,31.045
2012-09-28,37.7,30.825
2012-10-01,37.75,30.76
2012-10-02,37.81,30.8
2012-10-03,38.17,30.96
2012-10-04,38.34,31.05
2012-10-05,37.86,30.89
2012-10-08,37.66,30.57
2012-10-09,37.14,30.18
2012-10-10,36.92,30.06
2012-10-11,36.26,29.94
2012-10-12,35.63,29.92
2012-10-15,35.21,30.07
2012-10-16,35.4,30.48
2012-10-17,35.72,30.32
2012-10-18,36.02,29.965
2012-10-19,35.32,29.29
2012-10-22,35.26,29.49
2012-10-23,35.0,29.17
2012-10-24,34.71,29.0
2012-10-25,34.5,28.94
2012-10-26,34.63,28.99
2012-10-31,34.59,28.8705
2012-11-01,35.09,29.34
2012-11-02,34.93,28.96
2012-11-05,34.83,29.12
2012-11-06,34.8,29.25
2012-11-07,33.6382,28.52
2012-11-08,33.2,28.11
2012-11-09,33.54,28.24
2012-11-12,33.87,28.195
2012-11-13,33.95,28.06
2012-11-14,33.78,27.775
2012-11-15,33.42,27.62
2012-11-16,33.14,27.66
2012-11-19,33.82,28.415
2012-11-20,33.68,28.3
2012-11-21,33.85,28.39
2012-11-23,34.36,28.85
2012-11-26,33.97,28.975
2012-11-27,33.62,28.8487
2012-11-28,33.62,29.02
2012-11-29,33.93,29.16
2012-11-30,34.13,29.13
2012-12-03,34.14,29.09
2012-12-04,33.92,29.035
2012-12-05,33.91,28.75
2012-12-06,33.65,28.915
2012-12-07,33.735,28.77
2012-12-10,33.73,28.84
2012-12-11,34.15,29.23
2012-12-12,34.49,29.18
2012-12-13,34.32,28.97
2012-12-14,34.01,28.69
2012-12-17,34.23,29.04
2012-12-18,34.34,29.47
2012-12-19,33.91,29.32
2012-12-20,34.17,29.37
2012-12-21,33.67,28.95
2012-12-24,33.74,28.87
2012-12-26,33.78,28.71
2012-12-27,33.66,28.68
2012-12-28,33.32,28.36
2012-12-31,33.71,28.85
2013-01-02,35.0,29.81
2013-01-03,35.02,29.62
2013-01-04,35.23,29.5
2013-01-07,35.39,29.4612
2013-01-08,34.35,29.35
2013-01-09,34.24,29.4
2013-01-10,34.37,29.55
2013-01-11,34.27,29.59
2013-01-14,34.02,29.4
2013-01-15,33.76,29.21
2013-01-16,33.26,29.31
2013-01-17,33.2,29.43
2013-01-18,33.44,29.39
2013-01-22,33.61,29.47
2013-01-23,33.78,29.78
2013-01-24,33.75,29.27
2013-01-25,34.02,29.3
2013-01-28,34.13,29.4
2013-01-29,34.68,29.44
2013-01-30,34.48,29.35
2013-01-31,34.79,29.4
2013-02-01,35.51,29.73
2013-02-04,35.23,29.34
2013-02-05,35.35,29.68
2013-02-06,35.43,29.67
2013-02-07,35.27,29.67
2013-02-08,35.27,29.93
2013-02-11,35.23,29.99
2013-02-12,35.6,29.89
2013-02-13,35.42,29.88
2013-02-14,35.29,29.802
2013-02-15,35.36,29.78
2013-02-19,35.67,29.975
2013-02-20,35.47,29.57
2013-02-21,35.43,29.33
2013-02-22,35.68,29.69
2013-02-25,35.19,29.27
2013-02-26,35.49,29.442
2013-02-27,35.85,29.69
2013-02-28,35.91,29.63
2013-03-01,36.01,29.68
2013-03-04,36.23,29.77
2013-03-05,36.6,30.18
2013-03-06,36.29,30.16
2013-03-07,36.39,30.23
2013-03-08,36.68,30.29
2013-03-11,36.6,30.36
2013-03-12,36.72,30.25
2013-03-13,36.6,30.23
2013-03-14,36.86,30.445
2013-03-15,36.43,30.2
2013-03-18,36.15,30.21
2013-03-19,36.14,30.17
2013-03-20,36.19,30.32
2013-03-21,36.15,29.975
2013-03-22,36.43,30.172
2013-03-25,36.39,30.1
2013-03-26,36.74,30.29
2013-03-27,36.62,30.21
2013-03-28,36.69,30.27
2013-04-01,37.25,30.07
2013-04-02,37.57,30.19
2013-04-03,37.28,29.95
2013-04-04,37.91,29.96
2013-04-05,38.02,29.73
2013-04-08,37.62,29.86
2013-04-09,37.76,30.07
2013-04-10,38.18,30.6
2013-04-11,38.54,30.5
2013-04-12,38.59,30.365
2013-04-15,37.95,29.87
2013-04-16,37.94,30.24
2013-04-17,37.78,29.62
2013-04-18,37.74,29.31
2013-04-19,38.28,29.35
2013-04-22,38.73,29.575
2013-04-23,39.0,29.9
2013-04-24,37.04,29.95
2013-04-25,37.28,30.05
2013-04-26,37.04,30.04
2013-04-29,37.3,30.47
2013-04-30,37.46,30.8
2013-05-01,37.56,30.53
2013-05-02,37.56,30.92
2013-05-03,37.34,31.21
2013-05-06,37.09,31.36
2013-05-07,37.52,31.34
2013-05-08,37.83,31.59
2013-05-09,37.33,31.5
2013-05-10,37.36,31.59
2013-05-13,37.0,31.51
2013-05-14,37.23,31.61
2013-05-15,37.53,31.71
2013-05-16,37.38,31.88
2013-05-17,37.44,32.2
2013-05-20,37.22,32.2
2013-05-21,36.94,32.1
2013-05-22,36.62,31.75
2013-05-23,36.74,31.74
2013-05-24,36.75,31.69
2013-05-28,36.18,31.84
2013-05-29,35.91,31.76
2013-05-30,35.5,31.96
2013-05-31,34.99,31.66
2013-06-03,35.07,31.82
2013-06-04,35.67,31.68
2013-06-05,35.26,31.37
2013-06-06,35.81,31.44
2013-06-07,35.45,31.73
2013-06-10,35.99,31.8
2013-06-11,35.76,31.47
2013-06-12,35.62,31.26
2013-06-13,36.3,31.615
2013-06-14,35.91,31.38
2013-06-17,35.76,31.67
2013-06-18,36.17,31.92
2013-06-19,35.25,31.55
2013-06-20,34.35,30.85
2013-06-21,34.47,30.51
2013-06-24,34.46,30.14
2013-06-25,35.03,30.39
2013-06-26,35.33,30.57
2013-06-27,35.63,30.72
2013-06-28,35.4,30.585
2013-07-01,35.3,30.75
2013-07-02,35.53,30.8
2013-07-03,35.62,30.98
2013-07-05,35.83,31.18
2013-07-08,35.58,31.16
2013-07-09,35.6,31.28
2013-07-10,35.39,31.38
2013-07-11,35.87,31.91
2013-07-12,35.81,31.93
2013-07-15,35.55,32.02
2013-07-16,35.88,32.045
2013-07-17,35.96,32.07
2013-07-18,35.74,31.99
2013-07-19,35.81,31.445
2013-07-22,35.58,31.54
2013-07-23,35.81,31.411
2013-07-24,35.4,31.62
2013-07-25,35.46,31.64
2013-07-26,35.6,31.73
2013-07-29,35.88,31.68
2013-07-30,35.42,31.84
2013-07-31,35.27,31.73
2013-08-01,35.72,32.07
2013-08-02,35.77,32.21
2013-08-05,35.67,32.28
2013-08-06,35.48,32.11
2013-08-07,35.59,32.03
2013-08-08,35.29,32.135
2013-08-09,34.8,31.97
2013-08-12,34.92,32.18
2013-08-13,34.72,32.4
2013-08-14,34.77,32.37
2013-08-15,34.35,31.85
2013-08-16,34.18,31.815
2013-08-19,33.79,31.72
2013-08-20,33.87,31.77
2013-08-21,33.48,31.7
2013-08-22,33.82,31.84
2013-08-23,34.29,32.07
2013-08-26,33.82,31.92
2013-08-27,33.69,31.36
2013-08-28,33.58,31.38
2013-08-29,33.65,31.55
2013-08-30,33.83,31.4
2013-09-03,33.32,31.431
2013-09-04,33.74,31.735
2013-09-05,33.34,31.75
2013-09-06,33.41,31.77
2013-09-09,33.63,32.15
2013-09-10,33.97,32.35
2013-09-11,33.97,32.2
2013-09-12,34.375,32.225
2013-09-13,34.32,32.255
2013-09-16,34.57,32.21
2013-09-17,34.75,32.37
2013-09-18,34.95,32.779
2013-09-19,34.81,32.805
2013-09-20,34.315,32.415
2013-09-23,34.22,32.51
2013-09-24,34.09,32.37
2013-09-25,34.05,32.32
2013-09-26,34.23,32.44
2013-09-27,33.98,32.24
2013-09-30,33.82,32.04
2013-10-01,34.06,32.32
2013-10-02,33.94,32.33
2013-10-03,33.64,32.05
2013-10-04,33.75,32.18
2013-10-07,34.0,32.04
2013-10-08,33.11,31.53
2013-10-09,33.75,31.65
2013-10-10,34.15,32.18
2013-10-11,34.2,32.45
2013-10-14,33.92,32.56
2013-10-15,33.71,32.36
2013-10-16,34.2,32.67
2013-10-17,34.44,32.68
2013-10-18,34.61,33.24
2013-10-21,35.22,33.42
2013-10-22,35.23,33.41
2013-10-23,35.279,33.25
2013-10-24,34.63,33.33
2013-10-25,35.19,33.5
2013-10-28,35.57,33.61
2013-10-29,36.27,33.825
2013-10-30,36.26,33.76
2013-10-31,36.2,33.65
2013-11-01,36.24,33.66
2013-11-04,36.45,33.79
2013-11-05,35.53,33.7
2013-11-06,35.82,34.04
2013-11-07,35.11,33.595
2013-11-08,35.17,33.9
2013-11-11,35.03,33.94
2013-11-12,35.17,34.03
2013-11-13,35.07,34.32
2013-11-14,35.16,34.225
2013-11-15,35.43,34.3
2013-11-18,35.6,34.17
2013-11-19,35.72,34.05
2013-11-20,35.4,33.94
2013-11-21,35.3,34.23
2013-11-22,35.42,34.16
2013-11-25,35.37,34.16
2013-11-26,35.28,34.28
2013-11-27,35.41,34.55
2013-11-29,35.21,34.69
2013-12-02,34.8,34.58
2013-12-03,34.74,34.66
2013-12-04,34.6,34.69
2013-12-05,34.25,34.58
2013-12-06,34.53,34.82
2013-12-09,34.69,34.93
2013-12-10,34.4,34.86
2013-12-11,33.95,34.54
2013-12-12,33.89,34.31
2013-12-13,33.85,34.2
2013-12-16,34.15,34.54
2013-12-17,33.85,34.53
2013-12-18,34.38,34.8
2013-12-19,34.45,34.86
2013-12-20,34.3,34.96
2013-12-23,34.69,35.42
2013-12-24,34.95,35.52
2013-12-26,35.16,35.61
2013-12-27,35.18,35.58
2013-12-30,35.2,35.51
2013-12-31,35.16,35.74
2014-01-02,34.95,35.39
2014-01-03,34.8,35.22
2014-01-06,34.96,35.16
2014-01-07,34.95,35.48
2014-01-08,34.24,35.48
2014-01-09,33.54,35.25
2014-01-10,33.62,35.32
2014-01-13,33.3,34.94
2014-01-14,33.48,35.53
2014-01-15,33.79,35.96
2014-01-16,33.96,35.95
2014-01-17,33.7,35.75
2014-01-21,33.57,35.93
2014-01-22,33.34,35.89
2014-01-23,33.8,35.82
2014-01-24,33.42,35.13
2014-01-27,33.51,34.8
2014-01-28,33.7,34.59
2014-01-29,33.31,34.32
2014-01-30,33.35,34.74
2014-01-31,33.32,34.82
2014-02-03,31.95,34.09
2014-02-04,32.45,34.22
2014-02-05,32.08,34.25
2014-02-06,32.0,34.63
2014-02-07,32.3,35.1
2014-02-10,32.44,35.17
2014-02-11,32.95,35.6
2014-02-12,32.94,35.74
2014-02-13,33.49,36.0
2014-02-14,33.15,36.07
2014-02-18,32.82,36.09
2014-02-19,32.85,35.97
2014-02-20,33.18,36.09
2014-02-21,32.8,35.95
2014-02-24,32.47,36.09
2014-02-25,32.17,35.99
2014-02-26,32.0,36.02
2014-02-27,32.23,36.31
2014-02-28,31.93,36.35
2014-03-03,31.86,35.96
2014-03-04,32.15,36.43
2014-03-05,32.13,36.48
2014-03-06,32.34,36.53
2014-03-07,32.54,36.42
2014-03-10,32.51,36.36
2014-03-11,32.23,36.28
2014-03-12,32.38,36.34
2014-03-13,32.35,35.85
2014-03-14,32.49,35.63
2014-03-17,32.89,36.05
2014-03-18,32.98,36.52
2014-03-19,32.96,36.37
2014-03-20,34.09,36.65
2014-03-21,34.3,36.31
2014-03-24,34.46,36.28
2014-03-25,34.72,36.5
2014-03-26,34.61,36.06
2014-03-27,34.96,35.93
2014-03-28,35.07,36.07
2014-03-31,35.07,36.35
2014-04-01,35.09,36.78
2014-04-02,35.37,36.8
2014-04-03,35.63,36.62
2014-04-04,35.55,35.92
2014-04-07,35.49,35.64
2014-04-08,35.27,35.96
2014-04-09,34.92,36.44
2014-04-10,35.12,35.6
2014-04-11,35.2,35.2
2014-04-14,35.36,35.55
2014-04-15,35.68,35.73
2014-04-16,36.1,36.08
2014-04-17,36.04,36.03
2014-04-21,36.06,36.17
2014-04-22,36.29,36.32
2014-04-23,34.92,35.93
2014-04-24,34.5,36.21
2014-04-25,34.49,35.75
2014-04-28,35.08,36.09
2014-04-29,35.42,36.34
2014-04-30,35.7,36.45
2014-05-01,35.58,36.49
2014-05-02,35.63,36.39
2014-05-05,35.76,36.58
2014-05-06,35.49,36.17
2014-05-07,35.76,36.19
2014-05-08,36.4,36.29
2014-05-09,36.44,36.33
2014-05-12,36.57,36.82
2014-05-13,36.2,36.84
2014-05-14,36.39,36.67
2014-05-15,36.52,36.45
2014-05-16,36.74,36.68
2014-05-19,36.38,36.92
2014-05-20,35.5,36.71
2014-05-21,35.27,36.96
2014-05-22,35.38,37.03
2014-05-23,35.32,37.34
2014-05-27,35.21,37.66
2014-05-28,35.34,37.56
2014-05-29,35.39,37.78
2014-05-30,35.47,37.82
2014-06-02,35.44,37.76
2014-06-03,35.2,37.7
2014-06-04,35.05,37.77
2014-06-05,35.1,38.02
2014-06-06,35.02,38.19
2014-06-09,35.01,38.31
2014-06-10,34.94,38.33
2014-06-11,34.81,38.24
2014-06-12,34.83,37.91
2014-06-13,35.03,38.13
2014-06-16,34.98,38.13
2014-06-17,35.02,38.22
2014-06-18,35.2,38.42
2014-06-19,35.36,38.35
2014-06-20,35.39,38.09
2014-06-23,35.39,38.2
2014-06-24,35.29,38.0
2014-06-25,35.26,38.15
2014-06-26,35.26,38.11
2014-06-27,35.41,38.34
2014-06-30,35.36,38.35
2014-07-01,35.48,38.74
2014-07-02,35.67,38.78
2014-07-03,35.84,38.95
2014-07-07,36.02,38.99
2014-07-08,35.56,38.64
2014-07-09,35.65,38.83
2014-07-10,35.7,38.72
2014-07-11,35.76,38.92
2014-07-14,35.86,39.2
2014-07-15,36.24,39.13
2014-07-16,36.45,39.49
2014-07-17,36.03,38.98
2014-07-18,36.17,39.4499
2014-07-21,35.96,39.4
2014-07-22,35.94,39.73
2014-07-23,35.88,39.8
2014-07-24,35.5,39.77
2014-07-25,35.54,39.72
2014-07-28,35.65,39.79
2014-07-29,36.59,39.71
2014-07-30,36.36,39.75
2014-07-31,35.59,39.0
2014-08-01,35.33,38.789
2014-08-04,35.46,39.065
2014-08-05,35.11,38.7
2014-08-06,34.62,38.58
2014-08-07,34.21,38.42
2014-08-08,34.47,38.67
2014-08-11,34.47,38.86
2014-08-12,34.64,38.84
2014-08-13,34.69,39.22
2014-08-14,34.91,39.29
2014-08-15,34.74,39.29
2014-08-18,34.65,39.66
2014-08-19,34.48,39.91
2014-08-20,34.53,39.91
2014-08-21,34.64,40.1
2014-08-22,34.5,40.11
2014-08-25,34.51,40.15
2014-08-26,34.5,40.17
2014-08-27,34.75,40.16
2014-08-28,34.74,40.1
2014-08-29,34.96,40.28
2014-09-02,34.84,40.29
2014-09-03,34.97,40.07
2014-09-04,34.94,40.05
2014-09-05,35.15,40.29
2014-09-08,35.01,40.35
2014-09-09,34.66,40.06
2014-09-10,34.7,40.3
2014-09-11,34.85,40.39
2014-09-12,34.5,40.22
2014-09-15,34.69,39.98
2014-09-16,34.95,40.28
2014-09-17,35.02,40.36
2014-09-18,35.16,40.6
2014-09-19,35.47,40.34
2014-09-22,35.5,40.07
2014-09-23,35.26,39.98
2014-09-24,35.4,40.24
2014-09-25,35.08,39.36
2014-09-26,35.28,39.79
2014-09-29,35.23,39.78
2014-09-30,35.24,39.9
2014-10-01,34.96,39.28
2014-10-02,34.97,39.26
2014-10-03,35.36,39.58
2014-10-06,35.49,39.59
2014-10-07,35.33,38.97
2014-10-08,35.15,39.71
2014-10-09,34.66,39.05
2014-10-10,34.25,38.05
2014-10-13,33.82,37.63
2014-10-14,33.84,37.69
2014-10-15,33.87,37.43
2014-10-16,33.64,37.21
2014-10-17,34.08,37.65
2014-10-20,34.28,37.92
2014-10-21,34.62,38.66
2014-10-22,34.5,38.48
2014-10-23,33.66,38.91
2014-10-24,33.87,39.25
2014-10-27,34.11,39.29
2014-10-28,34.33,39.83
2014-10-29,34.4,39.79
2014-10-30,34.51,39.92
2014-10-31,34.84,40.54
2014-11-03,34.84,40.71
2014-11-04,34.79,40.7
2014-11-05,34.92,40.81
2014-11-06,34.72,40.79
2014-11-07,34.91,40.84
2014-11-10,35.12,40.95
2014-11-11,35.1,40.97
2014-11-12,35.4,41.1
2014-11-13,35.61,41.32
2014-11-14,35.9,41.61
2014-11-17,35.85,41.53
2014-11-18,35.72,41.67
2014-11-19,35.37,41.4
2014-11-20,35.28,41.61
2014-11-21,35.28,41.67
2014-11-24,34.7,41.89
2014-11-25,34.82,41.91
2014-11-26,35.13,42.29
2014-11-28,35.38,42.49
2014-12-01,35.06,42.005
2014-12-02,34.29,42.02
2014-12-03,34.0,42.17
2014-12-04,33.91,42.17
2014-12-05,33.94,42.12
2014-12-08,33.88,41.69
2014-12-09,32.89,41.68
2014-12-10,32.49,41.05
2014-12-11,32.71,41.23
2014-12-12,32.16,40.615
2014-12-15,32.25,40.37
2014-12-16,32.14,39.83
2014-12-17,32.67,40.58
2014-12-18,33.51,41.74
2014-12-19,33.54,41.57
2014-12-22,33.85,42.07
2014-12-23,34.03,42.18
2014-12-24,33.96,42.14
2014-12-26,34.17,42.32
2014-12-29,34.11,42.11
2014-12-30,34.08,41.81
2014-12-31,33.59,41.35
2015-01-02,33.87,41.27
2015-01-05,33.55,40.64
2015-01-06,33.6,40.15
2015-01-07,33.17,40.49
2015-01-08,33.5,41.38
2015-01-09,33.4,41.25
2015-01-12,33.49,40.77
2015-01-13,33.49,40.74
2015-01-14,33.33,40.51
2015-01-15,33.26,39.99
2015-01-16,33.8,40.38
2015-01-20,33.95,40.72
2015-01-21,34.0,40.79
2015-01-22,33.79,41.46
2015-01-23,33.37,41.45
2015-01-26,33.18,41.28
2015-01-27,32.81,40.09
2015-01-28,32.68,40.02
2015-01-29,32.96,40.4
2015-01-30,32.92,39.9
2015-02-02,33.56,40.31
2015-02-03,34.34,40.77
2015-02-04,34.41,40.85
2015-02-05,34.54,41.23
2015-02-06,34.87,41.1
2015-02-09,34.64,41.04
2015-02-10,34.85,41.65
2015-02-11,34.39,41.81
2015-02-12,34.61,42.38
2015-02-13,34.66,42.65
2015-02-17,34.71,42.67
2015-02-18,34.49,42.71
2015-02-19,34.09,42.86
2015-02-20,34.08,43.08
2015-02-23,33.85,43.11
2015-02-24,34.05,43.24
2015-02-25,34.21,42.97
2015-02-26,34.5,43.24
2015-02-27,34.56,43.09
2015-03-02,34.64,43.43
2015-03-03,34.41,43.14
2015-03-04,34.0,42.97
2015-03-05,34.0,42.92
2015-03-06,33.48,42.39
2015-03-09,33.35,42.59
2015-03-10,32.78,41.72
2015-03-11,32.62,41.45
2015-03-12,33.13,41.72
2015-03-13,32.76,41.49
2015-03-16,33.06,41.98
2015-03-17,32.9,41.99
2015-03-18,33.59,42.56
2015-03-19,33.2,42.44
2015-03-20,33.23,42.54
2015-03-23,33.28,42.54
2015-03-24,33.07,42.4
2015-03-25,32.62,41.31
2015-03-26,32.82,41.34
2015-03-27,32.75,41.37
2015-03-30,32.97,41.87
2015-03-31,32.65,41.44
2015-04-01,32.89,41.38
2015-04-02,33.13,41.37
2015-04-06,33.33,41.77
2015-04-07,33.16,41.68
2015-04-08,32.65,41.81
2015-04-09,32.69,41.92
2015-04-10,32.77,42.08
2015-04-13,32.88,41.96
2015-04-14,32.69,41.83
2015-04-15,32.89,42.2
2015-04-16,32.75,42.05
2015-04-17,32.51,41.47
2015-04-20,32.83,42.18
2015-04-21,32.66,42.16
2015-04-22,32.86,42.59
2015-04-23,34.23,42.76
2015-04-24,34.01,43.13
2015-04-27,34.09,43.25
2015-04-28,34.86,43.39
2015-04-29,34.76,43.18
2015-04-30,34.64,42.58
2015-05-01,34.42,43.1
2015-05-04,34.53,43.14
2015-05-05,33.72,42.47
2015-05-06,33.38,42.11
2015-05-07,33.37,42.42
2015-05-08,33.69,43.03
2015-05-11,33.49,42.81
2015-05-12,33.66,42.58
2015-05-13,33.9,42.76
2015-05-14,34.13,43.45
2015-05-15,34.33,43.31
2015-05-18,34.87,43.52
2015-05-19,34.37,43.41
2015-05-20,34.62,43.44
2015-05-21,35.07,43.63
2015-05-22,34.71,43.6
2015-05-26,34.67,42.97
2015-05-27,34.95,43.78
2015-05-28,34.8,43.69
2015-05-29,34.54,43.37
2015-06-01,34.35,43.49
2015-06-02,34.36,43.4
2015-06-03,35.03,43.49
2015-06-04,35.27,43.09
2015-06-05,34.57,42.95
2015-06-08,34.59,42.47
2015-06-09,34.51,42.37
2015-06-10,34.72,43.03
2015-06-11,34.88,43.05
2015-06-12,34.65,42.67
2015-06-15,34.41,42.41
2015-06-16,34.67,42.69
2015-06-17,34.8,42.71
2015-06-18,35.02,43.09
2015-06-19,34.99,42.54
2015-06-22,35.04,42.89
2015-06-23,35.91,42.92
2015-06-24,35.78,42.72
2015-06-25,36.18,42.62
2015-06-26,36.12,42.26
2015-06-29,35.77,41.36
2015-06-30,35.52,41.4
2015-07-01,35.57,41.68
2015-07-02,35.73,41.74
2015-07-06,35.61,41.57
2015-07-07,35.77,41.63
2015-07-08,34.79,40.95
2015-07-09,34.39,40.79
2015-07-10,34.65,41.44
2015-07-13,34.88,42.07
2015-07-14,35.12,42.23
2015-07-15,34.73,42.24
2015-07-16,35.16,42.78
2015-07-17,35.01,43.44
2015-07-20,34.9,43.67
2015-07-21,34.57,43.38
2015-07-22,34.27,42.68
2015-07-23,33.93,42.59
2015-07-24,34.29,42.36
2015-07-27,34.32,41.98
2015-07-28,34.33,42.36
2015-07-29,34.69,42.64
2015-07-30,34.8,42.72
2015-07-31,34.74,42.58
2015-08-03,34.66,42.35
2015-08-04,34.58,42.1
2015-08-05,34.57,42.51
2015-08-06,34.24,42.09
2015-08-07,34.21,42.12
2015-08-10,34.78,42.78
2015-08-11,34.65,42.14
2015-08-12,34.02,42.33
2015-08-13,33.81,42.21
2015-08-14,34.05,42.42
2015-08-17,34.23,42.66
2015-08-18,34.35,42.44
2015-08-19,34.36,42.16
2015-08-20,33.95,41.13
2015-08-21,33.38,39.56
2015-08-24,32.37,38.14
2015-08-25,31.8,37.7
2015-08-26,32.69,39.6
2015-08-27,33.44,40.52
2015-08-28,33.29,40.6
2015-08-31,33.2,40.23
2015-09-01,32.32,38.94
2015-09-02,32.82,39.88
2015-09-03,33.04,39.91
2015-09-04,32.56,39.3
2015-09-08,33.14,40.4
2015-09-09,32.78,39.87
2015-09-10,32.75,40.27
2015-09-11,32.72,40.46
2015-09-14,32.55,40.36
2015-09-15,32.86,40.88
2015-09-16,32.94,41.05
2015-09-17,32.78,40.77
2015-09-18,32.55,40.06
2015-09-21,32.56,40.46
2015-09-22,32.27,39.78
2015-09-23,32.2,39.88
2015-09-24,32.11,39.88
2015-09-25,32.33,39.81
2015-09-28,31.9,38.9
2015-09-29,32.07,38.73
2015-09-30,32.58,39.5
2015-10-01,32.53,39.52
2015-10-02,32.64,40.08
2015-10-05,33.43,40.87
2015-10-06,33.31,40.92
2015-10-07,33.12,41.11
2015-10-08,33.4,41.3
2015-10-09,33.14,41.48
2015-10-12,33.3,41.53
2015-10-13,33.22,41.44
2015-10-14,33.27,41.36
2015-10-15,33.49,41.89
2015-10-16,33.83,41.97
2015-10-19,33.63,42.13
2015-10-20,33.75,42.02
2015-10-21,33.6,41.7
2015-10-22,33.96,42.64
2015-10-23,33.74,43.83
2015-10-26,33.66,43.66
2015-10-27,33.21,43.41
2015-10-28,33.42,44.06
2015-10-29,33.55,43.94
2015-10-30,33.51,43.65
2015-11-02,33.61,44.04
2015-11-03,33.63,44.27
2015-11-04,33.48,44.32
2015-11-05,33.34,44.19
2015-11-06,33.16,44.34
2015-11-09,32.84,43.91
2015-11-10,32.79,43.62
2015-11-11,32.92,43.6
2015-11-12,32.69,43.22
2015-11-13,32.31,42.37
2015-11-16,33.04,43.02
2015-11-17,33.26,43.03
2015-11-18,33.54,43.68
2015-11-19,33.62,43.88
2015-11-20,33.66,44.2
2015-11-23,33.46,43.94
2015-11-24,33.39,43.95
2015-11-25,33.45,43.81
2015-11-27,33.57,43.91
2015-11-30,33.67,43.96
2015-12-01,33.77,44.35
2015-12-02,33.56,44.07
2015-12-03,33.1,43.5
2015-12-04,34.11,44.57
2015-12-07,34.27,44.35
2015-12-08,33.85,44.24
2015-12-09,33.57,43.59
2015-12-10,33.67,43.71
2015-12-11,33.17,42.8
2015-12-14,33.6,43.13
2015-12-15,33.81,43.32
2015-12-16,34.4,43.91
2015-12-17,34.03,43.22
2015-12-18,33.6,42.17
2015-12-21,34.09,42.6
2015-12-22,34.41,42.91
2015-12-23,34.78,43.27
2015-12-24,34.66,43.25
2015-12-28,34.76,43.22
2015-12-29,34.93,43.81
2015-12-30,34.74,43.44
2015-12-31,34.41,42.83
2016-01-04,34.35,42.27
2016-01-05,34.59,42.16
2016-01-06,34.06,41.64
2016-01-07,33.51,40.41
2016-01-08,33.54,40.09
2016-01-11,33.95,40.35
2016-01-12,33.9,40.83
2016-01-13,33.74,39.73
2016-01-14,34.3,40.48
2016-01-15,33.99,39.34
2016-01-19,34.51,39.38
2016-01-20,33.9,39.07
2016-01-21,34.54,39.29
2016-01-22,35.14,40.38
2016-01-25,35.0,39.91
2016-01-26,35.4,40.3
2016-01-27,35.48,39.47
2016-01-28,35.53,39.98
2016-01-29,36.06,41.24
2016-02-01,36.18,41.39
2016-02-02,36.06,40.65
2016-02-03,36.72,40.6
2016-02-04,36.53,40.64
2016-02-05,36.88,39.5
2016-02-08,37.11,38.93
2016-02-09,36.65,38.75
2016-02-10,36.43,38.83
2016-02-11,36.21,38.73
2016-02-12,36.47,39.27
2016-02-16,36.65,39.97
2016-02-17,36.64,40.79
2016-02-18,36.99,40.63
2016-02-19,36.57,40.66
2016-02-22,36.86,41.2
2016-02-23,36.74,40.55
2016-02-24,37.1,40.86
2016-02-25,37.37,41.37
2016-02-26,37.13,41.26
2016-02-29,36.95,40.97
2016-03-01,37.39,42.19
2016-03-02,37.69,42.31
2016-03-03,37.99,42.31
2016-03-04,37.93,42.42
2016-03-07,38.13,42.16
2016-03-08,38.09,41.9
2016-03-09,37.98,42.26
2016-03-10,38.31,42.22
2016-03-11,38.36,42.87
2016-03-14,38.32,42.92
2016-03-15,38.52,43.08
2016-03-16,38.77,43.58
2016-03-17,39.12,43.74
2016-03-18,38.56,43.59
2016-03-21,38.92,43.74
2016-03-22,38.63,43.75
2016-03-23,38.54,43.5
2016-03-24,38.88,43.62
2016-03-28,39.07,43.51
2016-03-29,39.45,44.19
2016-03-30,39.37,44.45
2016-03-31,39.17,44.36
2016-04-01,39.05,44.7
2016-04-04,39.36,44.53
2016-04-05,39.19,44.1
2016-04-06,38.64,44.53
2016-04-07,38.59,43.89
2016-04-08,38.5,43.89
2016-04-11,38.39,43.77
2016-04-12,38.67,44.07
2016-04-13,38.25,44.52
2016-04-14,38.42,44.51
2016-04-15,38.48,44.34
2016-04-18,38.65,44.53
2016-04-19,38.92,44.28
2016-04-20,38.72,44.37
2016-04-21,37.86,44.21
2016-04-22,38.07,43.44
2016-04-25,38.21,43.45
2016-04-26,38.09,43.24
2016-04-27,38.72,43.04
2016-04-28,38.64,42.5
2016-04-29,38.82,42.13
2016-05-02,39.1,42.44
2016-05-03,38.91,42.05
2016-05-04,38.88,41.92
2016-05-05,38.74,41.94
2016-05-06,38.99,42.25
2016-05-09,38.86,42.25
2016-05-10,39.31,42.8
2016-05-11,39.18,42.49
2016-05-12,39.55,42.37
2016-05-13,39.15,42.21
2016-05-16,39.28,42.8
2016-05-17,39.11,42.37
2016-05-18,38.45,42.45
2016-05-19,38.44,42.22
2016-05-20,38.45,42.73
2016-05-23,38.32,42.65
2016-05-24,38.5,43.45
2016-05-25,38.62,43.75
2016-05-26,38.84,43.89
2016-05-27,38.99,44.1
2016-05-31,39.15,44.19
2016-06-01,38.73,44.08
2016-06-02,38.84,44.04
2016-06-03,39.21,43.94
2016-06-06,39.34,44.02
2016-06-07,39.79,44.2
2016-06-08,39.86,44.29
2016-06-09,40.09,44.3
2016-06-10,40.33,43.96
2016-06-13,40.19,43.47
2016-06-14,40.38,43.57
2016-06-15,40.29,43.46
2016-06-16,40.49,43.55
2016-06-17,40.73,43.05
2016-06-20,40.78,43.23
2016-06-21,41.07,43.53
2016-06-22,41.3,43.38
2016-06-23,41.88,43.97
2016-06-24,41.52,42.28
2016-06-27,42.03,41.43
2016-06-28,42.02,42.25
2016-06-29,42.54,42.9
2016-06-30,43.21,43.37
2016-07-01,43.47,43.47
2016-07-05,43.35,43.15
2016-07-06,43.1,43.45
2016-07-07,42.3,43.45
2016-07-08,42.61,44.13
2016-07-11,42.51,44.39
2016-07-12,42.41,44.75
2016-07-13,42.59,44.76
2016-07-14,42.77,45.05
2016-07-15,42.89,45.01
2016-07-18,42.85,45.31
2016-07-19,42.77,45.21
2016-07-20,42.71,45.8
2016-07-21,42.52,45.56
2016-07-22,43.11,45.83
2016-07-25,42.94,45.77
2016-07-26,42.38,45.87
2016-07-27,42.76,46.25
2016-07-28,42.58,46.28
2016-07-29,43.29,46.45
2016-08-01,43.18,46.54
2016-08-02,43.16,46.19
2016-08-03,43.14,46.35
2016-08-04,43.08,46.6
2016-08-05,43.16,47.05
2016-08-08,42.93,47.04
2016-08-09,43.08,47.14
2016-08-10,43.2,46.99
2016-08-11,43.39,47.16
2016-08-12,43.28,47.11
2016-08-15,43.02,47.34
2016-08-16,41.96,46.99
2016-08-17,41.86,46.97
2016-08-18,41.4,46.99
2016-08-19,41.01,47.02
2016-08-22,40.91,47.02
2016-08-23,40.85,47.19
2016-08-24,40.87,46.93
2016-08-25,41.07,47.03
2016-08-26,40.68,47.05
2016-08-29,41.0,47.23
2016-08-30,40.89,47.07
2016-08-31,40.88,46.99
2016-09-01,40.96,47.14
2016-09-02,40.95,47.35
2016-09-06,41.23,47.59
2016-09-07,41.27,47.71
2016-09-08,41.19,47.32
2016-09-09,39.71,46.16
2016-09-12,40.71,46.93
2016-09-13,39.97,46.59
2016-09-14,39.89,46.81
2016-09-15,40.45,47.58
2016-09-16,40.2,47.21
2016-09-19,40.06,47.12
2016-09-20,39.96,47.09
2016-09-21,40.57,47.62
2016-09-22,41.11,47.91
2016-09-23,41.28,47.49
2016-09-26,41.14,47.21
2016-09-27,41.46,47.73
2016-09-28,40.85,47.82
2016-09-29,40.73,47.53
2016-09-30,40.61,47.78
2016-10-03,40.77,47.64
2016-10-04,39.9,47.47
2016-10-05,39.16,47.64
2016-10-06,39.11,47.75
2016-10-07,38.87,47.62
2016-10-10,39.01,47.95
2016-10-11,39.1,47.41
2016-10-12,39.33,47.49
2016-10-13,39.37,47.19
2016-10-14,39.22,47.37
2016-10-17,39.27,47.27
2016-10-18,39.36,47.53
2016-10-19,39.38,47.62
2016-10-20,38.65,47.4
2016-10-21,37.49,47.53
2016-10-24,36.86,47.99
2016-10-25,36.7,47.82
2016-10-26,36.43,47.55
2016-10-27,36.52,47.49
2016-10-28,36.51,47.44
2016-10-31,36.79,47.42
2016-11-01,36.56,47.01
2016-11-02,36.37,46.71
2016-11-03,36.63,46.26
2016-11-04,36.5,46.18
2016-11-07,36.81,47.18
2016-11-08,36.99,47.41
2016-11-09,37.44,47.35
2016-11-10,36.57,46.59
2016-11-11,36.51,46.73
2016-11-14,36.13,46.02
2016-11-15,36.77,46.67
2016-11-16,37.15,47.1
2016-11-17,37.41,47.4
2016-11-18,37.56,47.36
2016-11-21,37.74,47.84
2016-11-22,38.55,47.99
2016-11-23,38.73,47.8
2016-11-25,39.21,48.0
2016-11-28,39.54,48.04
2016-11-29,39.48,48.07
2016-11-30,38.63,47.5
2016-12-01,38.88,46.52
2016-12-02,38.61,46.69
2016-12-05,38.63,47.14
2016-12-06,39.35,47.28
2016-12-07,40.45,48.18
2016-12-08,40.41,48.3
2016-12-09,40.38,48.65
2016-12-12,41.12,48.5
2016-12-13,41.36,49.11
2016-12-14,41.1,48.94
2016-12-15,41.5,49.16
2016-12-16,41.67,48.59
2016-12-19,42.12,48.94
2016-12-20,42.47,49.12
2016-12-21,42.36,49.02
2016-12-22,42.72,48.92
2016-12-23,42.73,48.97
2016-12-27,42.65,49.17
2016-12-28,42.52,48.73
2016-12-29,42.66,48.74
2016-12-30,42.53,48.36
2017-01-03,43.02,48.79
2017-01-04,42.77,48.96
2017-01-05,42.65,49.04
2017-01-06,41.32,49.4
2017-01-09,40.8,49.39
2017-01-10,40.81,49.4
2017-01-11,40.61,49.63
2017-01-12,41.01,49.51
2017-01-13,40.96,49.66
2017-01-17,41.11,49.47
2017-01-18,40.8,49.6
2017-01-19,41.0,49.53
2017-01-20,41.45,49.8
2017-01-23,42.0,49.89
2017-01-24,41.36,50.2
2017-01-25,41.39,50.68
2017-01-26,41.77,50.54
2017-01-27,42.01,50.74
2017-01-30,41.82,50.33
2017-01-31,42.16,50.08
2017-02-01,42.06,50.46
2017-02-02,41.18,50.36
2017-02-03,41.25,50.69
2017-02-06,41.06,50.72
2017-02-07,41.12,50.92
2017-02-08,41.21,51.01
2017-02-09,41.31,51.17
2017-02-10,41.38,51.32
2017-02-13,40.65,51.55
2017-02-14,40.75,51.72
2017-02-15,41.12,51.89
2017-02-16,41.25,52.01
2017-02-17,41.48,52.19
2017-02-21,41.73,52.46
2017-02-22,41.59,52.52
2017-02-23,41.95,52.51
2017-02-24,42.36,52.63
2017-02-27,41.82,52.6
2017-02-28,41.79,52.35
2017-03-01,42.04,53.09
2017-03-02,42.07,52.74
2017-03-03,42.01,52.86
2017-03-06,41.96,52.78
2017-03-07,41.88,52.78
2017-03-08,41.77,52.84
2017-03-09,41.94,52.83
2017-03-10,42.35,53.11
2017-03-13,42.37,53.16
2017-03-14,42.09,53.04
2017-03-15,42.59,53.4
2017-03-16,42.44,53.43
2017-03-17,42.61,53.34
2017-03-20,42.42,53.3706
2017-03-21,42.08,52.61
2017-03-22,41.65,52.94
2017-03-23,41.65,52.8
2017-03-24,41.68,52.84
2017-03-27,41.49,52.84
2017-03-28,41.56,53.22
2017-03-29,41.45,53.31
2017-03-30,41.76,53.41
2017-03-31,41.55,53.31
2017-04-03,41.57,53.26
2017-04-04,41.69,53.3
2017-04-05,41.51,53.08
2017-04-06,40.6,53.09
2017-04-07,40.59,53.06
2017-04-10,40.38,52.96
2017-04-11,40.31,52.76
2017-04-12,40.56,52.58
2017-04-13,40.28,52.37
2017-04-17,40.3,52.85
2017-04-18,40.25,52.84
2017-04-19,40.25,52.8
2017-04-20,40.36,53.28
2017-04-21,39.93,53.17
2017-04-24,40.02,53.8
2017-04-25,39.94,54.08
2017-04-26,40.44,54.02
2017-04-27,39.91,54.24
2017-04-28,39.63,54.38
2017-05-01,39.1,54.79
2017-05-02,38.95,54.91
2017-05-03,38.4,54.81
2017-05-04,38.01,54.77
2017-05-05,38.56,54.97
2017-05-08,38.57,55.21
2017-05-09,38.22,55.28
2017-05-10,38.45,55.49
2017-05-11,38.44,55.42
2017-05-12,38.49,55.56
2017-05-15,38.59,55.87
2017-05-16,38.19,56.13
2017-05-17,37.46,54.6
2017-05-18,37.95,54.92
2017-05-19,38.24,55.24
2017-05-22,38.25,55.68
2017-05-23,38.31,55.78
2017-05-24,38.15,56.01
2017-05-25,38.23,56.41
2017-05-26,38.12,56.38
2017-05-30,38.55,56.62
2017-05-31,38.53,56.53
2017-06-01,38.87,56.67
2017-06-02,38.87,57.19
2017-06-05,38.81,57.24
2017-06-06,38.73,57.13
2017-06-07,38.76,57.31
2017-06-08,38.5,57.44
2017-06-09,38.79,56.02
2017-06-12,39.07,55.69
2017-06-13,38.68,56.09
2017-06-14,38.72,55.82
2017-06-15,38.84,55.57
2017-06-16,38.96,55.25
2017-06-19,38.91,56.07
2017-06-20,38.66,55.62
2017-06-21,38.15,55.93
2017-06-22,38.1,55.95
2017-06-23,37.95,56.3
2017-06-26,38.15,56.0
2017-06-27,37.7,55.08
2017-06-28,37.94,55.77
2017-06-29,37.62,54.77
2017-06-30,37.73,54.72
2017-07-03,38.11,54.34
2017-07-05,38.12,54.88
2017-07-06,37.18,54.38
2017-07-07,36.98,55.01
2017-07-10,36.83,55.41
2017-07-11,36.6,55.53
2017-07-12,36.83,56.25
2017-07-13,36.21,56.36
2017-07-14,36.3,56.86
2017-07-17,36.39,56.87
2017-07-18,35.99,57.13
2017-07-19,36.13,57.42
2017-07-20,36.52,57.54
2017-07-21,36.51,57.47
2017-07-24,36.23,57.61
2017-07-25,36.22,57.5
2017-07-26,38.03,57.72
2017-07-27,39.41,57.5
2017-07-28,39.0,57.44
2017-07-31,39.0,57.16
2017-08-01,38.88,57.45
2017-08-02,38.27,57.61
2017-08-03,38.28,57.48
2017-08-04,38.43,57.61
2017-08-07,38.52,57.96
2017-08-08,38.36,57.88
2017-08-09,38.36,57.85
2017-08-10,38.19,56.71
2017-08-11,38.1,57.1
2017-08-14,38.5,58.01
2017-08-15,38.16,58.1
2017-08-16,38.23,58.27
2017-08-17,37.6,57.13
2017-08-18,37.37,57.07
2017-08-21,37.58,57.05
2017-08-22,37.98,57.9
2017-08-23,37.92,57.76
2017-08-24,37.68,57.71
2017-08-25,37.99,57.7
2017-08-28,37.94,57.81
2017-08-29,37.85,58.06
2017-08-30,37.67,58.48
2017-08-31,37.46,58.83
2017-09-01,37.48,58.78
2017-09-05,37.09,58.26
2017-09-06,36.57,58.31
2017-09-07,35.6,58.51
2017-09-08,35.59,58.03
2017-09-11,35.74,58.85
2017-09-12,36.26,58.99
2017-09-13,36.55,58.91
2017-09-14,36.32,58.71
2017-09-15,37.1,58.74
2017-09-18,37.42,58.79
2017-09-19,38.21,59.05
2017-09-20,38.43,58.81
2017-09-21,38.22,58.49
2017-09-22,38.59,58.52
2017-09-25,39.12,57.83
2017-09-26,38.72,58.04
2017-09-27,38.77,58.63
2017-09-28,39.04,58.7
2017-09-29,39.17,59.1
2017-10-02,39.11,59.19
2017-10-03,39.48,59.33
2017-10-04,39.5,59.29
2017-10-05,39.51,59.86
2017-10-06,38.59,59.95
2017-10-09,38.3,60.1
2017-10-10,38.5,60.16
2017-10-11,38.19,60.36
2017-10-12,35.86,60.21
2017-10-13,35.7,60.5
2017-10-16,36.17,60.72
2017-10-17,36.23,60.72
2017-10-18,35.71,60.87
2017-10-19,35.69,60.69
2017-10-20,35.54,61.1
2017-10-23,35.25,60.81
2017-10-24,34.86,60.98
2017-10-25,33.49,60.65
2017-10-26,33.68,60.9
2017-10-27,33.97,62.54
2017-10-30,33.54,62.68
2017-10-31,33.65,62.95
2017-11-01,33.55,62.96
2017-11-02,33.17,62.99
2017-11-03,33.3,63.49
2017-11-06,32.86,63.63
2017-11-07,33.07,63.66
2017-11-08,33.44,64.01
2017-11-09,34.0,63.5
2017-11-10,34.22,63.5
2017-11-13,34.17,63.48
2017-11-14,33.72,63.35
2017-11-15,33.81,62.88
2017-11-16,34.52,63.76
2017-11-17,34.51,63.35
2017-11-20,34.64,63.59
2017-11-21,34.33,64.26
2017-11-22,34.87,64.14
2017-11-24,34.81,64.5
2017-11-27,34.68,64.5
2017-11-28,35.42,64.71
2017-11-29,36.48,63.28
2017-11-30,36.38,63.84
2017-12-01,36.5,63.51
2017-12-04,37.27,62.49
2017-12-05,36.55,62.51
2017-12-06,36.11,62.91
2017-12-07,36.17,63.3
2017-12-08,36.73,63.6
2017-12-11,36.9,64.15
2017-12-12,38.1,64.13
2017-12-13,38.04,64.15
2017-12-14,37.74,64.07
2017-12-15,38.24,64.56
2017-12-18,38.46,65.13
2017-12-19,38.05,64.73
2017-12-20,38.55,64.71
2017-12-21,38.88,64.58
2017-12-22,38.94,64.54
2017-12-26,39.06,64.11
2017-12-27,38.89,64.18
2017-12-28,39.18,64.29
2017-12-29,38.88,63.95
2018-01-02,38.54,64.74
2018-01-03,37.65,65.28
2018-01-04,38.0,65.61
2018-01-05,38.14,66.3
2018-01-08,38.25,66.55
2018-01-09,37.49,66.38
2018-01-10,36.62,66.15
2018-01-11,36.48,66.42
2018-01-12,36.9,66.81
2018-01-16,36.72,66.55
2018-01-17,36.85,67.55
2018-01-18,37.15,67.67
2018-01-19,37.21,67.8
2018-01-22,37.87,68.46
2018-01-23,37.19,68.76
2018-01-24,37.02,68.23
2018-01-25,37.45,68.11
2018-01-26,37.82,69.19
2018-01-29,37.26,68.56
2018-01-30,37.44,67.94
2018-01-31,37.45,68.45
2018-02-01,39.16,68.51
2018-02-02,38.07,66.48
2018-02-05,36.63,63.7
2018-02-06,36.83,65.53
2018-02-07,36.93,64.69
2018-02-08,35.57,62.01
2018-02-09,36.05,63.53
2018-02-12,36.37,64.67
2018-02-13,36.6,64.83
2018-02-14,36.41,66.02
2018-02-15,37.0,67.28
2018-02-16,37.14,67.18
2018-02-20,36.77,67.24
2018-02-21,36.31,66.81
2018-02-22,36.47,66.89
2018-02-23,36.72,68.29
2018-02-26,37.46,69.36
2018-02-27,36.87,68.66
2018-02-28,36.3,68.17
2018-03-01,36.0,67.04
2018-03-02,36.35,67.68
2018-03-05,36.7,68.37
2018-03-06,36.87,68.52
2018-03-07,36.91,68.9
2018-03-08,37.11,69.2
2018-03-09,37.05,70.51
2018-03-12,37.36,70.73
2018-03-13,37.39,69.92
2018-03-14,37.03,69.86
2018-03-15,37.04,69.9
2018-03-16,37.0,69.61
2018-03-19,36.58,68.23
2018-03-20,36.34,68.2
2018-03-21,36.0,67.79
2018-03-22,35.37,66.04
2018-03-23,34.7,64.28
2018-03-26,34.69,66.72
2018-03-27,34.9,64.58
2018-03-28,35.56,64.15
2018-03-29,35.65,65.42
2018-04-02,35.1,63.86
2018-04-03,35.37,64.49
2018-04-04,35.88,65.39
2018-04-05,36.14,65.66
2018-04-06,35.63,64.05
2018-04-09,35.17,64.55
2018-04-10,35.81,66.14
2018-04-11,35.25,65.75
2018-04-12,35.16,66.54
2018-04-13,35.14,66.32
2018-04-16,35.64,66.83
2018-04-17,35.36,68.07
2018-04-18,35.21,67.89
2018-04-19,34.82,67.14
2018-04-20,34.67,66.21
2018-04-23,34.89,65.97
2018-04-24,35.0,64.82
2018-04-25,35.2,64.83
2018-04-26,33.1,66.01
2018-04-27,33.04,65.89
2018-04-30,32.7,65.46
2018-05-01,32.54,66.28
2018-05-02,32.06,66.21
2018-05-03,31.94,66.36
2018-05-04,32.14,67.62
2018-05-07,32.04,68.09
2018-05-08,31.7,68.24
2018-05-09,31.4,69.08
2018-05-10,31.88,69.98
2018-05-11,32.29,69.88
2018-05-14,32.19,69.87
2018-05-15,32.09,69.21
2018-05-16,32.3,69.52
2018-05-17,31.93,69.16
2018-05-18,32.05,68.87
2018-05-21,32.59,69.47
2018-05-22,32.43,69.37
2018-05-23,32.33,69.88
2018-05-24,32.78,69.8
2018-05-25,32.51,69.75
2018-05-29,32.33,69.37
2018-05-30,32.57,69.88
2018-05-31,32.32,69.9
2018-06-01,32.47,71.09
2018-06-04,32.41,71.66
2018-06-05,32.68,71.91
2018-06-06,33.38,72.38
2018-06-07,33.81,71.8
2018-06-08,33.83,71.68
2018-06-11,34.18,71.76
2018-06-12,34.35,72.11
2018-06-13,32.22,71.74
2018-06-14,32.52,72.25
2018-06-15,33.15,71.72
2018-06-18,32.19,71.8
2018-06-19,32.39,71.43
2018-06-20,32.0,71.58
2018-06-21,31.6,71.03
2018-06-22,31.69,70.8
2018-06-25,31.71,69.33
2018-06-26,31.62,69.61
2018-06-27,31.65,68.66
2018-06-28,32.19,69.5
2018-06-29,32.11,69.47
2018-07-02,32.21,70.09
2018-07-03,32.71,69.26
2018-07-05,32.6,70.24
2018-07-06,32.68,71.06
2018-07-09,32.15,71.6
2018-07-10,32.5,71.77
2018-07-11,31.87,71.49
2018-07-12,32.23,72.62
2018-07-13,31.67,72.54
2018-07-16,31.9,72.37
2018-07-17,31.76,72.91
2018-07-18,31.71,72.79
2018-07-19,31.27,72.53
2018-07-20,31.1,72.55
2018-07-23,31.0,72.92
2018-07-24,31.68,73.32
2018-07-25,30.25,74.24
2018-07-26,30.35,73.1
2018-07-27,31.08,71.85
2018-07-30,32.0,70.73
2018-07-31,31.97,70.92
2018-08-01,31.9,71.56
2018-08-02,31.85,72.46
2018-08-03,32.27,72.72
2018-08-06,32.11,73.11
2018-08-07,32.4,73.39
2018-08-08,32.36,73.59
2018-08-09,32.49,73.62
2018-08-10,32.26,73.03
2018-08-13,32.21,72.93
2018-08-14,32.24,73.38
2018-08-15,32.47,72.72
2018-08-16,33.09,73.04
2018-08-17,33.03,73.15
2018-08-20,33.11,73.04
2018-08-21,33.4,73.16
2018-08-22,32.68,73.38
2018-08-23,32.49,73.54
2018-08-24,32.64,74.28
2018-08-27,32.83,74.96
2018-08-28,32.67,75.09
2018-08-29,32.23,75.77
2018-08-30,31.96,75.54
2018-08-31,31.94,75.6
2018-09-04,31.86,75.31
2018-09-05,32.02,74.37
2018-09-06,32.18,73.83
2018-09-07,32.12,73.58
2018-09-10,32.39,73.81
2018-09-11,32.67,74.44
2018-09-12,33.42,74.13
2018-09-13,33.68,75.0
2018-09-14,33.6,74.94
2018-09-17,33.62,74.0
2018-09-18,33.72,74.47
2018-09-19,33.37,74.28
2018-09-20,33.44,75.16
2018-09-21,33.78,74.61
2018-09-24,33.91,74.98
2018-09-25,33.76,74.89
2018-09-26,33.35,74.61
2018-09-27,33.42,75.05
2018-09-28,33.58,75.33
2018-10-01,33.49,75.69
2018-10-02,33.92,75.7
2018-10-03,33.92,75.93
2018-10-04,34.12,74.56
2018-10-05,33.99,73.62
2018-10-08,34.11,72.79
2018-10-09,33.5,73.05
2018-10-10,32.85,69.51
2018-10-11,31.75,68.63
2018-10-12,32.25,70.83
2018-10-15,32.36,69.67
2018-10-16,32.39,71.77
2018-10-17,32.57,71.44
2018-10-18,32.5,70.04
2018-10-19,32.87,70.01
2018-10-22,32.67,70.59
2018-10-23,33.02,70.32
2018-10-24,30.36,67.17
2018-10-25,29.98,69.48
2018-10-26,29.09,68.09
2018-10-29,29.64,66.94
2018-10-30,30.47,67.69
2018-10-31,30.68,69.3
2018-11-01,30.49,70.11
2018-11-02,30.52,68.74
2018-11-05,30.63,68.67
2018-11-06,30.96,69.1
2018-11-07,31.1,71.13
2018-11-08,31.04,71.07
2018-11-09,30.69,69.84
2018-11-12,30.78,67.38
2018-11-13,30.33,67.46
2018-11-14,30.51,66.65
2018-11-15,30.12,68.32
2018-11-16,30.29,68.21
2018-11-19,30.35,65.61
2018-11-20,29.42,64.2
2018-11-21,29.77,64.67
2018-11-23,29.36,64.08
2018-11-26,29.95,65.53
2018-11-27,30.44,65.66
2018-11-28,30.74,67.96
2018-11-29,30.57,67.3
2018-11-30,31.24,67.94
2018-12-03,31.71,69.44
2018-12-04,30.73,66.81
2018-12-06,30.53,66.96
2018-12-07,30.14,64.6
2018-12-10,29.91,65.49
2018-12-11,29.7,65.57
2018-12-12,30.16,66.08
2018-12-13,29.91,66.19
2018-12-14,30.22,64.57
2018-12-17,29.86,63.2
2018-12-18,29.75,63.7
2018-12-19,29.82,62.44
2018-12-20,28.65,61.32
2018-12-21,28.31,59.2
2018-12-24,27.36,57.62
2018-12-26,28.08,61.1
2018-12-27,28.15,61.54
2018-12-28,28.46,61.4
2018-12-31,28.54,61.98
2019-01-02,29.54,62.02
2019-01-03,29.58,58.89
2019-01-04,30.34,61.5
2019-01-07,30.89,62.05
2019-01-08,31.28,62.57
2019-01-09,30.1,63.38
2019-01-10,30.4,63.66
2019-01-11,30.87,63.54
2019-01-14,30.62,62.95
2019-01-15,30.6,63.9
2019-01-16,30.56,63.96
2019-01-17,30.64,64.37
2019-01-18,30.96,65.35
2019-01-22,30.58,64.25
2019-01-23,30.89,64.47
2019-01-24,30.6,65.01
2019-01-25,30.66,65.93
2019-01-28,30.67,65.05
2019-01-29,30.7,64.35
2019-01-30,29.37,66.35
2019-01-31,30.06,66.28
2019-02-01,30.0,66.67
2019-02-04,29.61,67.74
2019-02-05,29.63,68.31
2019-02-06,29.56,68.54
2019-02-07,29.45,67.6
2019-02-08,29.55,67.99
2019-02-11,29.71,67.96
2019-02-12,29.81,68.86
2019-02-13,29.84,68.95
2019-02-14,29.79,69.07
2019-02-15,30.47,69.62
2019-02-19,30.63,69.64
2019-02-20,30.85,69.72
2019-02-21,30.83,69.75
2019-02-22,31.15,70.64
2019-02-25,31.13,70.98
2019-02-26,31.22,71.13
2019-02-27,31.06,71.06
2019-02-28,31.12,70.86
2019-03-01,30.82,71.34
2019-03-04,29.98,71.07
2019-03-05,29.95,70.86
2019-03-06,29.81,70.49
2019-03-07,29.92,69.82
2019-03-08,29.96,69.81
2019-03-11,30.22,71.31
2019-03-12,30.63,71.73
2019-03-13,30.28,72.2
2019-03-14,30.28,72.35
2019-03-15,30.67,72.99
2019-03-18,30.8,73.3
2019-03-19,30.68,73.45
2019-03-20,30.51,73.25
2019-03-21,31.06,75.09
2019-03-22,31.07,73.32
2019-03-25,30.77,73.0
2019-03-26,31.39,73.4
2019-03-27,31.4,72.98
2019-03-28,31.01,73.28
2019-03-29,31.36,74.0
2019-04-01,31.95,75.01
2019-04-02,31.63,75.27
2019-04-03,31.87,75.88
2019-04-04,31.98,75.56
2019-04-05,32.35,75.92
2019-04-08,32.39,76.21
2019-04-09,31.75,75.85
2019-04-10,31.88,76.38
2019-04-11,32.2,76.28
2019-04-12,32.2,76.81
2019-04-15,32.02,76.78
2019-04-16,32.25,77.17
2019-04-17,31.95,77.6
2019-04-18,32.03,77.82
2019-04-22,32.08,78.0
2019-04-23,32.1,78.85
2019-04-24,30.79,78.88
2019-04-25,30.34,78.86
2019-04-26,30.68,78.56
2019-04-29,30.88,78.58
2019-04-30,30.96,78.71
2019-05-01,30.79,78.51
2019-05-02,30.62,78.1
2019-05-03,30.7,78.84
2019-05-06,30.59,78.23
2019-05-07,30.53,76.55
2019-05-08,30.3,76.46
2019-05-09,30.38,75.94
2019-05-10,30.62,76.18
2019-05-13,30.47,73.31
2019-05-14,31.09,74.49
2019-05-15,31.25,75.3
2019-05-16,31.62,75.99
2019-05-17,31.8,75.38
2019-05-20,32.19,74.07
2019-05-21,32.41,74.98
2019-05-22,32.28,74.59
2019-05-23,32.14,73.28
2019-05-24,32.27,73.3
2019-05-28,31.93,73.09
2019-05-29,31.91,72.66
2019-05-30,31.86,73.11
2019-05-31,30.58,71.89
2019-06-03,31.09,70.63
2019-06-04,31.48,72.99
2019-06-05,31.68,73.94
2019-06-06,32.1,74.8
2019-06-07,32.49,76.19
2019-06-10,31.93,76.97
2019-06-11,32.11,76.97
2019-06-12,32.18,76.54
2019-06-13,32.29,76.77
2019-06-14,32.35,76.1
2019-06-17,32.3,76.16
2019-06-18,32.44,77.54
2019-06-19,32.41,77.82
2019-06-20,32.54,78.96
2019-06-21,32.45,78.31
2019-06-24,32.58,78.46
2019-06-25,32.55,77.02
2019-06-26,32.53,77.85
2019-06-27,32.98,78.05
2019-06-28,33.51,78.04
2019-07-01,33.43,79.28
2019-07-02,33.84,79.49
2019-07-03,33.98,80.1
2019-07-05,34.3,79.95
2019-07-08,34.25,79.34
2019-07-09,33.54,79.62
2019-07-10,33.76,80.25
2019-07-11,33.46,80.55
2019-07-12,33.65,81.14
2019-07-15,33.71,81.41
2019-07-16,33.58,80.65
2019-07-17,33.26,80.44
2019-07-18,33.09,81.04
2019-07-19,32.79,80.69
2019-07-22,32.13,81.62
2019-07-23,32.09,82.07
2019-07-24,33.24,82.75
2019-07-25,33.81,82.41
2019-07-26,34.15,82.59
2019-07-29,34.34,82.54
2019-07-30,34.18,82.01
2019-07-31,34.05,80.77
2019-08-01,34.12,80.36
2019-08-02,34.17,79.05
2019-08-05,33.49,75.75
2019-08-06,33.96,77.01
2019-08-07,34.06,77.49
2019-08-08,34.54,79.39
2019-08-09,34.54,78.49
2019-08-12,34.48,77.46
2019-08-13,34.86,79.4
2019-08-14,34.09,76.96
2019-08-15,34.34,76.82
2019-08-16,34.97,78.28
2019-08-19,35.38,79.47
2019-08-20,34.98,79.07
2019-08-21,35.16,80.0
2019-08-22,35.39,79.81
2019-08-23,34.82,77.17
2019-08-26,34.93,78.24
2019-08-27,34.72,78.12
2019-08-28,34.96,78.19
2019-08-29,35.15,79.55
2019-08-30,35.26,79.53
2019-09-03,35.38,78.56
2019-09-04,35.72,79.9
2019-09-05,35.89,81.57
2019-09-06,36.25,81.5
2019-09-09,36.79,80.89
2019-09-10,37.58,80.48
2019-09-11,38.74,81.32
2019-09-12,38.38,81.76
2019-09-13,37.91,81.16
2019-09-16,37.31,80.96
2019-09-17,37.16,81.29
2019-09-18,36.76,81.28
2019-09-19,37.15,81.46
2019-09-20,37.91,80.26
2019-09-23,37.6,80.51
2019-09-24,37.38,79.73
2019-09-25,37.38,80.68
2019-09-26,37.38,80.77
2019-09-27,37.43,79.69
2019-09-30,37.84,80.53
2019-10-01,37.41,79.78
2019-10-02,37.08,78.28
2019-10-03,37.19,79.24
2019-10-04,37.51,80.55
2019-10-07,37.66,80.21
2019-10-08,37.48,78.74
2019-10-09,37.05,79.91
2019-10-10,37.42,80.46
2019-10-11,37.58,81.57
2019-10-14,37.47,81.52
2019-10-15,37.9,82.42
2019-10-16,37.79,81.85
2019-10-17,37.81,81.69
2019-10-18,38.47,80.91
2019-10-21,38.23,81.78
2019-10-22,38.17,80.68
2019-10-23,37.74,80.75
2019-10-24,36.82,81.93
2019-10-25,36.91,82.92
2019-10-28,38.49,83.97
2019-10-29,38.06,83.21
2019-10-30,38.2,83.72
2019-10-31,38.49,83.67
2019-11-01,38.95,84.67
2019-11-04,38.89,85.11
2019-11-05,39.17,85.01
2019-11-06,39.25,84.97
2019-11-07,39.42,85.64
2019-11-08,39.38,86.12
2019-11-11,39.37,86.16
2019-11-12,39.17,86.45
2019-11-13,39.16,86.64
2019-11-14,38.95,86.54
2019-11-15,39.5,87.24
2019-11-18,39.63,87.5
2019-11-19,38.0,87.67
2019-11-20,37.18,87.14
2019-11-21,37.6,86.7
2019-11-22,37.75,86.59
2019-11-25,37.26,87.85
2019-11-26,37.4,87.93
2019-11-27,37.66,88.42
2019-11-29,37.38,88.16
2019-12-02,37.32,86.9
2019-12-03,37.55,86.13
2019-12-04,38.1,86.48
2019-12-05,38.19,86.8
2019-12-06,38.2,87.76
2019-12-09,38.04,87.3
2019-12-10,38.06,87.37
2019-12-11,38.17,87.96
2019-12-12,38.35,88.9
2019-12-13,38.26,89.49
2019-12-16,38.59,90.29
2019-12-17,38.5,90.08
2019-12-18,38.74,90.07
2019-12-19,38.93,90.72
2019-12-20,39.15,90.95
2019-12-23,39.07,91.21
2019-12-24,38.96,91.24
2019-12-26,39.16,91.92
2019-12-27,39.24,91.91
2019-12-30,39.04,91.38
2019-12-31,39.08,91.67
2020-01-02,38.86,93.39
2020-01-03,39.06,92.34
2020-01-06,39.1,92.56
2020-01-07,39.25,92.52
2020-01-08,39.37,93.51
2020-01-09,38.8,94.57
2020-01-10,38.57,94.35
2020-01-13,38.1,95.53
2020-01-14,38.09,95.08
2020-01-15,37.87,95.19
2020-01-16,38.03,96.47
2020-01-17,38.38,97.12
2020-01-21,38.52,97.08
2020-01-22,39.04,97.43
2020-01-23,38.63,97.89
2020-01-24,38.5,97.43
2020-01-27,38.25,95.11
2020-01-28,38.58,96.93
2020-01-29,37.05,97.18
2020-01-30,37.43,98.02
2020-01-31,37.62,95.33
2020-02-03,36.96,96.59
2020-02-04,37.63,99.12
2020-02-05,37.81,99.7
2020-02-06,38.44,100.61
2020-02-07,38.45,99.69
2020-02-10,38.34,101.04
2020-02-11,38.17,100.7
2020-02-12,38.04,101.79
2020-02-13,38.31,101.52
2020-02-14,38.25,101.96
2020-02-18,38.26,101.58
2020-02-19,38.44,102.79
2020-02-20,38.61,101.72
2020-02-21,38.55,99.44
2020-02-24,38.05,95.33
2020-02-25,37.35,92.28
2020-02-26,37.1,92.7
2020-02-27,35.73,87.7
2020-02-28,35.22,88.37
2020-03-02,37.18,93.48
2020-03-03,36.3,89.93
2020-03-04,38.18,93.79
2020-03-05,37.18,90.83
2020-03-06,37.03,88.91
2020-03-09,34.69,82.16
2020-03-10,35.85,87.64
2020-03-11,34.52,83.5
2020-03-12,31.33,75.35
2020-03-13,34.47,84.19
2020-03-16,31.81,72.56
2020-03-17,33.74,77.5
2020-03-18,32.85,74.58
2020-03-19,31.15,74.85
2020-03-20,28.45,71.42
2020-03-23,26.77,70.4
2020-03-24,28.09,77.61
2020-03-25,28.4,77.51
2020-03-26,30.6,82.31
2020-03-27,29.84,78.59
2020-03-30,30.23,81.9
2020-03-31,29.15,80.37
2020-04-01,28.05,76.54
2020-04-02,28.76,78.33
2020-04-03,27.46,77.12
2020-04-06,29.44,83.7
2020-04-07,30.08,82.95
2020-04-08,29.89,85.18
2020-04-09,30.73,85.2
2020-04-13,30.19,85.39
2020-04-14,31.13,88.97
2020-04-15,30.09,87.03
2020-04-16,30.16,88.09
2020-04-17,31.23,89.26
2020-04-20,30.98,87.83
2020-04-21,29.87,84.15
2020-04-22,29.47,87.39
2020-04-23,29.5,86.79
2020-04-24,29.71,88.63
2020-04-27,30.54,89.39
2020-04-28,30.65,88.2
2020-04-29,31.43,91.82
2020-04-30,30.47,91.41
2020-05-01,29.9,88.9
2020-05-04,29.6,90.08
2020-05-05,29.74,91.32
2020-05-06,28.79,92.03
2020-05-07,28.89,93.41
2020-05-08,29.79,94.78
2020-05-11,29.38,95.41
2020-05-12,28.89,93.44
2020-05-13,28.09,91.83
2020-05-14,28.58,93.0
2020-05-15,28.31,93.47
2020-05-18,29.45,95.76
2020-05-19,28.96,95.41
2020-05-20,29.59,97.5
2020-05-21,29.77,96.14
2020-05-22,29.88,96.49
2020-05-26,30.82,96.39
2020-05-27,31.85,96.94
2020-05-28,31.06,96.75
2020-05-29,30.86,97.97
2020-06-01,30.93,97.94
2020-06-02,30.99,98.86
2020-06-03,31.51,99.63
2020-06-04,31.8,98.81
2020-06-05,32.77,101.41
2020-06-08,33.23,101.92
2020-06-09,32.62,102.4
2020-06-10,32.14,104.11
2020-06-11,30.17,98.14
2020-06-12,30.5,99.41
2020-06-15,30.5,100.37
2020-06-16,30.78,102.51
2020-06-17,30.26,102.49
2020-06-18,30.35,102.95
2020-06-19,30.31,102.24
2020-06-22,30.11,103.88
2020-06-23,30.25,104.63
2020-06-24,29.42,102.27
2020-06-25,29.72,103.58
2020-06-26,29.08,101.54
2020-06-29,29.91,102.65
2020-06-30,30.23,104.49
2020-07-01,29.9,104.66
2020-07-02,30.08,105.27
2020-07-06,30.49,107.11
2020-07-07,30.32,105.99
2020-07-08,30.46,107.72
2020-07-09,29.54,108.11
2020-07-10,30.13,108.08
2020-07-13,29.76,105.84
2020-07-14,29.96,107.06
2020-07-15,30.01,107.64
2020-07-16,30.39,106.31
2020-07-17,30.25,106.83
2020-07-20,29.85,109.56
2020-07-21,30.25,108.46
2020-07-22,30.16,109.33
2020-07-23,29.9,106.49
2020-07-24,29.57,105.2
2020-07-27,29.29,106.86
2020-07-28,29.69,105.61
2020-07-29,29.56,107.14
2020-07-30,29.57,107.74
2020-07-31,29.58,110.43
2020-08-03,29.62,113.15
2020-08-04,30.01,113.44
2020-08-05,29.85,113.86
2020-08-06,29.84,115.46
2020-08-07,30.02,113.74
2020-08-10,30.2,113.42
2020-08-11,30.2,111.38
2020-08-12,30.18,113.91
2020-08-13,29.91,113.96
2020-08-14,30.01,113.88
2020-08-17,29.85,114.64
2020-08-18,29.79,115.07
2020-08-19,29.73,114.93
2020-08-20,29.67,116.46
2020-08-21,29.69,117.94
2020-08-24,30.03,118.96
2020-08-25,29.9,119.56
2020-08-26,29.99,121.99
2020-08-27,29.9,122.09
2020-08-28,30.04,123.16
2020-08-31,29.81,123.55
2020-09-01,29.47,125.91
2020-09-02,29.7,127.03
2020-09-03,29.59,119.79
2020-09-04,29.42,118.12
2020-09-08,29.51,112.78
2020-09-09,29.37,116.46
2020-09-10,28.91,113.83
2020-09-11,29.0,112.96
2020-09-14,29.14,115.33
2020-09-15,29.12,116.47
2020-09-16,29.24,114.67
2020-09-17,29.07,113.72
2020-09-18,28.93,111.76
2020-09-21,28.63,112.44
2020-09-22,28.51,114.22
2020-09-23,27.87,110.66
2020-09-24,28.04,111.28
2020-09-25,28.04,113.94
2020-09-28,28.38,116.12
2020-09-29,28.3,115.73
2020-09-30,28.51,116.7
2020-10-01,28.49,117.93
2020-10-02,28.68,114.94
2020-10-05,28.67,117.46
2020-10-06,28.71,115.64
2020-10-07,28.8,117.76
2020-10-08,28.61,118.37
2020-10-09,28.32,120.18
2020-10-12,28.13,123.46
2020-10-13,27.75,122.67
2020-10-14,27.49,122.02
2020-10-15,27.45,121.47
2020-10-16,27.33,121.12
2020-10-19,26.88,118.9
2020-10-20,26.76,119.31
2020-10-21,26.72,119.13
2020-10-22,28.28,118.57
2020-10-23,27.82,118.44
2020-10-26,27.38,115.87
2020-10-27,26.92,116.45
2020-10-28,26.5,111.51
2020-10-29,26.76,113.37
2020-10-30,27.02,110.86
2020-11-02,27.34,111.14
2020-11-03,27.46,113.1
2020-11-04,27.04,117.5
2020-11-05,27.51,121.15
2020-11-06,27.44,121.58
2020-11-09,28.3,120.7
2020-11-10,28.85,118.45
2020-11-11,28.73,121.26
2020-11-12,28.44,120.18
2020-11-13,28.91,121.2
2020-11-16,28.97,122.37
2020-11-17,29.03,121.69
2020-11-18,28.62,120.39
2020-11-19,28.28,121.36
2020-11-20,28.32,120.11
2020-11-23,28.62,120.08
2020-11-24,29.23,121.75
2020-11-25,28.99,122.01
2020-11-27,29.03,122.66
2020-11-30,28.75,123.48
2020-12-01,28.87,125.06
2020-12-02,29.09,124.87
2020-12-03,29.23,124.79
2020-12-04,29.54,126.04
2020-12-07,29.64,126.4
2020-12-08,30.81,126.81
2020-12-09,31.46,124.38
2020-12-10,30.69,124.56
2020-12-11,31.01,124.3
2020-12-14,30.55,124.75
2020-12-15,30.58,126.83
2020-12-16,30.29,127.69
2020-12-17,29.62,128.7
2020-12-18,29.4,128.25
2020-12-21,29.01,128.08
2020-12-22,28.4,129.19
2020-12-23,28.75,128.21001
2020-12-24,28.69,129.06
2020-12-28,28.55,130.52
2020-12-29,28.54,129.89999
2020-12-30,28.49,129.83
2020-12-31,28.76,130.02
2021-01-04,29.44,127.9
2021-01-05,29.26,128.73
2021-01-06,29.83,126.51
2021-01-07,29.91,129.92
2021-01-08,29.02,130.75999
2021-01-11,28.87,129.67999
2021-01-12,28.75,129.06
2021-01-13,28.61,129.88
2021-01-14,29.29,128.74001
2021-01-15,29.17,127.42
2021-01-19,28.95,129.08
2021-01-20,28.96,131.64
2021-01-21,28.83,133.34
2021-01-22,28.93,132.83
2021-01-25,29.11,133.94
2021-01-26,29.75,134.03
2021-01-27,29.14,131.5
2021-01-28,28.8,132.03999
2021-01-29,28.63,128.92999
2021-02-01,28.65,132.16
2021-02-02,28.54,133.95
2021-02-03,28.51,133.49001
2021-02-04,28.89,135.62
2021-02-05,28.93,135.32001
2021-02-08,28.77,136.74001
2021-02-09,28.62,136.58
2021-02-10,28.55,136.38
2021-02-11,28.69,137.88
2021-02-12,28.8,138.59
2021-02-16,28.97,138.14
2021-02-17,29.57,136.92
2021-02-18,29.23,136.25
2021-02-19,29.0,136.05
2021-02-22,29.32,133.05
2021-02-23,29.18,132.67999
2021-02-24,29.38,134.71001
2021-02-25,28.63,130.0
2021-02-26,27.89,130.69
2021-03-01,28.09,134.89999
2021-03-02,28.22,132.75999
2021-03-03,28.72,129.42
2021-03-04,28.92,126.56
2021-03-05,29.62,128.95
2021-03-08,29.99,125.83
2021-03-09,29.64,130.11
2021-03-10,29.99,129.59
2021-03-11,29.54,132.36
2021-03-12,29.81,131.41
2021-03-15,29.93,132.81
2021-03-16,29.99,133.81
2021-03-17,30.15,133.7
2021-03-18,30.01,129.99001
2021-03-19,29.76,129.60001
2021-03-22,29.99,131.87
2021-03-23,30.0,131.05
2021-03-24,29.99,129.46001
2021-03-25,30.08,129.38
2021-03-26,30.31,132.67
2021-03-29,30.56,131.98
2021-03-30,30.73,130.73
2021-03-31,30.27,132.81
2021-04-01,30.47,135.48
2021-04-05,30.71,138.28
2021-04-06,30.98,137.69
2021-04-07,30.93,138.42
2021-04-08,30.0,140.42
2021-04-09,30.04,141.77
2021-04-12,29.96,141.09
2021-04-13,29.63,142.42
2021-04-14,29.73,140.91
2021-04-15,29.75,143.33
2021-04-16,29.95,143.3
2021-04-19,29.99,142.11
2021-04-20,29.89,140.85001
2021-04-21,30.11,142.27
2021-04-22,31.36,140.60001
2021-04-23,31.4,142.7
2021-04-26,30.91,143.42999
2021-04-27,30.77,143.08
2021-04-28,30.96,141.75
2021-04-29,31.34,141.63
2021-04-30,31.41,139.7
2021-05-03,31.5,139.31
2021-05-04,32.02,136.81
2021-05-05,32.03,136.48
2021-05-06,32.41,137.85001
2021-05-07,32.16,139.03
2021-05-10,32.63,135.52
2021-05-11,32.26,135.11
2021-05-12,31.97,131.31
2021-05-13,32.21,133.05
2021-05-14,32.24,135.98
2021-05-17,31.37,134.98
2021-05-18,29.55,133.89999
2021-05-19,28.96,134.37
2021-05-20,29.64,136.94
2021-05-21,30.01,136.19
2021-05-24,29.75,138.61
2021-05-25,29.52,138.64999
2021-05-26,29.55,138.64
2021-05-27,29.71,137.91
2021-05-28,29.43,138.39999
2021-06-01,29.32,137.72
2021-06-02,29.61,138.67
2021-06-03,29.23,137.38
2021-06-04,29.27,140.02
2021-06-07,29.08,139.99001
2021-06-08,28.98,140.0
2021-06-09,29.01,140.10001
2021-06-10,29.18,141.13
2021-06-11,29.32,141.97
2021-06-14,29.09,143.41
2021-06-15,29.28,142.53
2021-06-16,29.06,141.75999
2021-06-17,28.74,143.39999
2021-06-18,28.65,142.09
2021-06-21,28.93,143.35001
2021-06-22,28.78,144.64999
2021-06-23,28.65,144.49001
2021-06-24,28.79,145.39999
2021-06-25,28.89,145.23
2021-06-28,28.78,146.75
2021-06-29,28.66,147.82001
2021-06-30,28.78,147.66
2021-07-01,29.11,147.91
2021-07-02,29.23,149.86
2021-07-06,29.02,150.42999
2021-07-07,28.93,151.25
2021-07-08,28.18,149.82001
2021-07-09,28.45,151.2
2021-07-12,28.48,151.32001
2021-07-13,28.27,151.94
2021-07-14,28.26,153.06
2021-07-15,28.43,151.8
2021-07-16,28.34,150.3
2021-07-19,27.79,148.23
2021-07-20,27.91,150.42999
2021-07-21,27.9,151.88
2021-07-22,28.01,153.0
2021-07-23,28.15,154.52
2021-07-26,28.18,154.44
2021-07-27,28.2,152.98
2021-07-28,28.01,152.78999
2021-07-29,28.29,153.5
2021-07-30,28.05,153.39999
2021-08-02,28.11,152.85001
2021-08-03,28.19,153.83
2021-08-04,27.85,154.14
2021-08-05,27.94,154.99001
2021-08-06,27.96,154.86
2021-08-09,27.85,154.36
2021-08-10,28.09,153.25
2021-08-11,28.16,153.27
2021-08-12,28.02,154.14999
2021-08-13,28.19,154.99001
2021-08-16,28.2,155.69
2021-08-17,28.19,154.39999
2021-08-18,27.83,152.27
2021-08-19,27.53,153.75999
2021-08-20,27.57,155.74001
2021-08-23,27.52,157.75
2021-08-24,27.45,157.57001
2021-08-25,27.43,157.48
2021-08-26,27.02,156.49001
2021-08-27,27.13,158.0
2021-08-30,27.23,159.7
2021-08-31,27.42,158.86
2021-09-01,27.19,158.89999
2021-09-02,27.64,158.73
2021-09-03,27.56,159.36
2021-09-07,27.42,159.39999
2021-09-08,27.6,158.78999
2021-09-09,27.42,158.19
2021-09-10,27.18,156.63
2021-09-13,27.52,156.67999
2021-09-14,27.33,156.48
2021-09-15,27.57,157.85001
2021-09-16,27.6,157.94
2021-09-17,27.53,155.48
2021-09-20,27.21,152.38
2021-09-21,26.96,152.44
2021-09-22,27.01,154.53
2021-09-23,27.19,156.60001
2021-09-24,27.13,156.71001
2021-09-27,27.4,155.19
2021-09-28,27.24,150.59
2021-09-29,27.4,150.39999
2021-09-30,27.01,149.32001
2021-10-01,27.16,151.57001
2021-10-04,27.25,148.06
2021-10-05,27.35,150.17
2021-10-06,27.31,151.14999
2021-10-07,27.09,152.53
2021-10-08,26.77,151.96001
2021-10-11,26.03,151.12
2021-10-12,25.43,150.34
2021-10-13,25.3,151.25999
2021-10-14,25.62,154.67
2021-10-15,25.7,155.91
2021-10-18,25.33,157.23
2021-10-19,25.59,158.78999
2021-10-20,25.91,158.35001
2021-10-21,25.76,158.96001
2021-10-22,25.49,158.41
2021-10-25,25.64,158.92999
2021-10-26,25.37,159.38
2021-10-27,25.06,159.24001
2021-10-28,25.55,160.84
2021-10-29,25.26,161.53
2021-11-01,25.37,161.28999
2021-11-02,25.23,162.71001
2021-11-03,25.18,163.66
2021-11-04,24.8,166.22
2021-11-05,25.1,167.08
2021-11-08,24.88,167.98
2021-11-09,24.71,167.28999
2021-11-10,24.95,164.53
2021-11-11,24.92,165.3
2021-11-12,24.94,167.31
2021-11-15,24.8,167.14
2021-11-16,24.66,168.89999
2021-11-17,24.66,168.39
2021-11-18,24.39,170.07001
2021-11-19,24.13,171.31
2021-11-22,24.7,169.39999
2021-11-23,24.76,169.00999
2021-11-24,24.47,170.24001
2021-11-26,24.22,165.99001
2021-11-29,23.89,170.14
2021-11-30,22.83,168.72
2021-12-01,22.23,166.41
2021-12-02,23.05,167.94
2021-12-03,23.46,165.13
2021-12-06,23.28,166.7
2021-12-07,23.08,172.52
2021-12-08,23.17,173.31
2021-12-09,22.94,171.44
2021-12-10,22.84,174.88
2021-12-13,22.44,172.28
2021-12-14,22.29,169.45
2021-12-15,22.17,173.94
2021-12-16,23.71,169.00999
2021-12-17,23.78,167.88
2021-12-20,24.19,165.57001
2021-12-21,24.47,169.75999
2021-12-22,24.78,171.98
2021-12-23,24.87,172.94
2021-12-27,24.78,176.64999
2021-12-28,24.82,175.73
2021-12-29,24.64,175.88
2021-12-30,24.78,174.72
2021-12-31,24.6,173.87
2022-01-03,25.43,175.52
2022-01-04,25.64,173.66
2022-01-05,26.21,168.32001
2022-01-06,26.11,167.47
2022-01-07,26.29,165.92999
2022-01-10,26.46,165.96001
2022-01-11,26.34,167.95
2022-01-12,26.45,168.74001
2022-01-13,26.8,164.37
2022-01-14,27.18,165.75999
2022-01-18,27.31,161.78
2022-01-19,27.28,159.52
2022-01-20,27.02,157.46001
2022-01-21,26.61,154.33
2022-01-24,26.34,155.13
2022-01-25,26.48,151.53999
2022-01-26,24.25,152.42999
2022-01-27,24.12,151.38
2022-01-28,25.21,158.0
2022-01-31,25.5,161.97
2022-02-01,24.42,162.39
2022-02-02,24.54,163.71001
2022-02-03,24.56,158.96001
2022-02-04,24.08,159.60001
2022-02-07,23.93,158.53999
2022-02-08,23.94,160.5
2022-02-09,24.5,164.06
2022-02-10,24.25,159.77
2022-02-11,24.13,154.89
2022-02-14,24.05,154.84
2022-02-15,24.34,158.91
2022-02-16,23.94,158.75
2022-02-17,23.76,154.0
2022-02-18,23.87,152.44
2022-02-22,23.75,151.03
2022-02-23,23.51,147.25
2022-02-24,23.23,152.28
2022-02-25,23.91,154.35001
2022-02-28,23.69,154.07001
2022-03-01,23.53,150.99001
2022-03-02,23.82,154.25999
2022-03-03,23.91,152.42
2022-03-04,23.87,149.75
2022-03-07,23.57,144.27
2022-03-08,23.0,143.57001
2022-03-09,23.26,149.25
2022-03-10,23.19,146.64
2022-03-11,23.19,144.06
2022-03-14,22.89,141.39
2022-03-15,23.09,146.14
2022-03-16,23.19,150.89
2022-03-17,23.19,151.96001
2022-03-18,23.22,155.07001
2022-03-21,23.16,154.49001
2022-03-22,23.21,156.71001
2022-03-23,23.21,154.3
2022-03-24,23.33,158.31
2022-03-25,23.84,158.22
2022-03-28,23.87,160.10001
2022-03-29,23.99,163.5
2022-03-30,24.14,161.32001
2022-03-31,23.63,158.92999
2022-04-01,23.98,158.46001
2022-04-04,24.18,161.47
2022-04-05,23.89,158.07001
2022-04-06,24.03,154.33
2022-04-07,23.73,154.57001
2022-04-08,24.14,152.41
2022-04-11,19.63,148.57001
2022-04-12,19.56,147.91
2022-04-13,19.42,150.28999
2022-04-14,19.54,146.64
2022-04-18,19.46,147.12
2022-04-19,19.49,149.88
2022-04-20,19.43,149.74001
2022-04-21,20.21,147.2
2022-04-22,19.52,143.08
2022-04-25,19.51,145.23
2022-04-26,19.3,139.82001
2022-04-27,19.07,141.89
2022-04-28,19.42,147.57001
2022-04-29,18.86,141.42
2022-05-02,19.12,143.57001
2022-05-03,19.33,143.82001
2022-05-04,19.95,148.87
2022-05-05,19.95,141.71001
2022-05-06,20.03,140.57001
2022-05-09,19.55,135.13
2022-05-10,19.36,137.19
2022-05-11,19.43,132.86
2022-05-12,19.72,131.49001
2022-05-13,19.84,135.86
2022-05-16,20.28,134.66
2022-05-17,20.57,138.56
2022-05-18,20.23,132.22
2022-05-19,20.21,130.77
2022-05-20,20.4,131.06
2022-05-23,20.74,134.07001
2022-05-24,21.16,132.08
2022-05-25,21.3,133.62
2022-05-26,21.32,136.83
2022-05-27,21.29,141.46001
2022-05-31,21.29,140.45
2022-06-01,21.22,140.03
2022-06-02,21.19,143.42
2022-06-03,20.9,139.99001
2022-06-06,20.94,140.0
2022-06-07,21.14,141.67
2022-06-08,21.05,140.07001
2022-06-09,20.88,136.33
2022-06-10,20.69,131.09
2022-06-13,19.76,125.28
2022-06-14,19.45,126.07
2022-06-15,19.44,128.73
2022-06-16,18.96,123.49
2022-06-17,19.38,124.62
2022-06-21,19.96,127.46
2022-06-22,20.32,126.92
2022-06-23,20.61,128.82001
2022-06-24,20.99,133.45
2022-06-27,20.78,132.55
2022-06-28,20.61,128.58
2022-06-29,20.95,128.84
2022-06-30,20.96,127.12
2022-07-01,21.31,127.41
2022-07-05,21.17,129.00999
2022-07-06,21.09,130.12
2022-07-07,21.15,132.81
2022-07-08,20.8,132.87
2022-07-11,20.66,131.03999
2022-07-12,20.6,129.25
2022-07-13,20.45,128.91
2022-07-14,20.33,130.09
2022-07-15,20.57,132.38
2022-07-18,20.53,131.10001
2022-07-19,20.8,135.10001
2022-07-20,20.48,137.21001
2022-07-21,18.92,139.14
2022-07-22,18.4,137.22
2022-07-25,18.53,136.35001
2022-07-26,18.3,134.14
2022-07-27,18.39,139.91
2022-07-28,18.58,142.03999
2022-07-29,18.78,144.22
2022-08-01,18.73,143.91
2022-08-02,18.36,142.89
2022-08-03,18.37,146.69
2022-08-04,18.27,147.36
2022-08-05,18.35,147.02
2022-08-08,18.0,145.77
2022-08-09,18.1,144.31
2022-08-10,18.01,148.25
2022-08-11,18.04,147.67
2022-08-12,18.27,150.61
2022-08-15,18.39,151.56
2022-08-16,18.57,151.14999
2022-08-17,18.42,150.07001
2022-08-18,18.43,150.85001
2022-08-19,18.43,148.11
2022-08-22,18.13,143.98
2022-08-23,18.06,143.60001
2022-08-24,18.01,143.69
2022-08-25,18.09,146.12
2022-08-26,17.89,139.88
2022-08-29,17.78,138.03
2022-08-30,17.82,136.59
2022-08-31,17.54,135.25999
2022-09-01,17.5,134.60001
2022-09-02,17.19,132.85001
2022-09-06,16.79,131.97
2022-09-07,16.87,134.08
2022-09-08,16.77,134.53999
2022-09-09,17.03,137.2
2022-09-12,17.38,139.39999
2022-09-13,16.83,132.0
2022-09-14,16.77,132.48
2022-09-15,16.76,129.42999
2022-09-16,16.74,128.71001
2022-09-19,16.76,129.44
2022-09-20,16.56,128.67999
2022-09-21,16.25,126.67
2022-09-22,16.24,125.38
2022-09-23,16.01,123.74
2022-09-26,15.67,122.88
2022-09-27,15.73,123.04
2022-09-28,15.83,124.34
2022-09-29,15.53,121.1
2022-09-30,15.34,118.78
2022-10-03,15.9,122.46
2022-10-04,16.09,126.57
2022-10-05,15.93,126.99
2022-10-06,15.32,125.95
2022-10-07,14.94,120.77
2022-10-10,14.9,118.74
2022-10-11,14.81,116.92
2022-10-12,14.63,116.56
2022-10-13,15.12,120.18
2022-10-14,14.99,116.8
2022-10-17,15.31,120.36
2022-10-18,15.6,121.38
2022-10-19,15.54,121.03
2022-10-20,16.74,121.1
2022-10-21,17.1,124.34
2022-10-24,17.51,126.06
2022-10-25,17.69,128.47
2022-10-26,18.14,125.61
2022-10-27,18.03,124.18
2022-10-28,18.48,129.58
2022-10-31,18.23,127.87
2022-11-01,18.35,126.8
2022-11-02,18.43,122.42
2022-11-03,18.17,118.82
2022-11-04,18.32,120.99
2022-11-07,18.36,123.01
2022-11-08,18.57,124.19
2022-11-09,18.38,120.96
2022-11-10,18.84,130.89999
2022-11-11,19.05,133.14
2022-11-14,19.06,132.0
2022-11-15,19.02,133.60001
2022-11-16,18.93,131.77
2022-11-17,18.95,131.94
2022-11-18,18.97,132.09
2022-11-21,18.84,130.67
2022-11-22,19.0,133.2
2022-11-23,19.09,134.38
2022-11-25,19.12,133.60001
2022-11-28,18.82,130.74001
2022-11-29,19.01,129.46001
2022-11-30,19.28,135.96001
2022-12-01,19.19,136.14999
2022-12-02,19.02,135.36
2022-12-05,18.75,133.11
2022-12-06,19.17,130.25999
2022-12-07,19.3,129.60001
2022-12-08,19.12,131.72
2022-12-09,19.09,130.91
2022-12-12,19.3,133.77
2022-12-13,19.12,135.35001
2022-12-14,18.9,134.21001
2022-12-15,18.47,129.19
2022-12-16,18.49,127.48
2022-12-19,17.86,125.42
2022-12-20,18.07,125.61
2022-12-21,18.15,127.69
2022-12-22,18.27,124.47
2022-12-23,18.31,124.6
2022-12-27,18.46,123.42
2022-12-28,18.22,121.43
2022-12-29,18.45,124.61
2022-12-30,18.41,124.44
2023-01-03,18.74,123.26
2023-01-04,19.14,123.58
2023-01-05,19.21,121.18
2023-01-06,19.53,124.73
2023-01-09,19.04,126.18
2023-01-10,19.47,126.96
2023-01-11,19.41,129.16
2023-01-12,19.41,130.12
2023-01-13,19.55,130.49001
2023-01-17,19.33,131.08
2023-01-18,19.02,129.39
2023-01-19,18.94,127.88
2023-01-20,19.23,131.34
2023-01-23,19.1,134.33
2023-01-24,19.16,134.27
2023-01-25,20.42,133.99001
2023-01-26,20.0,136.13
2023-01-27,19.95,136.7
2023-01-30,20.16,134.09
2023-01-31,20.37,135.96001
2023-02-01,20.18,139.16
2023-02-02,20.28,142.96001
2023-02-03,19.83,141.77
2023-02-06,19.58,140.03999
2023-02-07,19.25,143.53999
2023-02-08,19.16,141.81
2023-02-09,18.97,141.03
2023-02-10,19.07,140.38
2023-02-13,19.26,142.81
2023-02-14,19.15,143.42
2023-02-15,19.25,144.09
2023-02-16,19.26,141.59
2023-02-17,19.44,139.82001
2023-02-21,19.21,136.5
2023-02-22,19.38,136.3
2023-02-23,19.35,138.56
2023-02-24,19.24,136.09
2023-02-27,19.03,136.82001
2023-02-28,18.91,136.52
2023-03-01,18.66,135.52
2023-03-02,18.66,137.19
2023-03-03,18.81,140.14
2023-03-06,18.77,140.81
2023-03-07,18.71,139.06
2023-03-08,18.61,140.21001
2023-03-09,18.32,138.2
2023-03-10,18.43,135.77
2023-03-13,18.3,136.50999
2023-03-14,18.44,139.66
2023-03-15,18.31,139.74001
2023-03-16,18.39,143.66
2023-03-17,18.13,143.46001
2023-03-20,18.49,143.53
2023-03-21,18.54,144.69
2023-03-22,18.39,143.25
2023-03-23,18.46,145.58
2023-03-24,18.61,145.96001
2023-03-27,18.87,144.83
2023-03-28,18.72,144.14999
2023-03-29,19.0,147.17
2023-03-30,19.08,148.88
2023-03-31,19.25,151.00999
2023-04-03,19.39,150.77
2023-04-04,19.64,149.94
2023-04-05,19.88,148.23
2023-04-06,19.65,149.07001
2023-04-10,19.57,148.99001
2023-04-11,19.69,147.59
2023-04-12,19.77,146.75
2023-04-13,19.96,149.48
2023-04-14,19.93,148.64999
2023-04-17,19.79,149.19
2023-04-18,19.82,149.64999
2023-04-19,19.7,149.22
2023-04-20,17.65,148.24001
2023-04-21,18.22,147.75999
2023-04-24,17.53,147.11
2023-04-25,17.51,143.97
2023-04-26,17.2,146.11
2023-04-27,17.61,149.21001
2023-04-28,17.67,150.83
2023-05-01,17.5,150.92
2023-05-02,17.07,149.50999
2023-05-03,17.09,148.25
2023-05-04,16.91,147.53999
2023-05-05,17.13,151.24001
2023-05-08,17.12,151.16
2023-05-09,17.02,150.0
2023-05-10,17.04,151.83
2023-05-11,16.96,151.14999
2023-05-12,17.03,150.95
2023-05-15,16.95,152.2
2023-05-16,16.53,152.36
2023-05-17,16.66,154.39
2023-05-18,16.55,157.55
2023-05-19,16.31,157.48
2023-05-22,16.38,157.78
2023-05-23,16.1,155.45
2023-05-24,15.95,154.31
2023-05-25,15.15,160.23
2023-05-26,15.5,164.78
2023-05-30,15.64,165.66
2023-05-31,15.73,164.28
2023-06-01,15.81,165.95
2023-06-02,15.21,166.89999
2023-06-05,15.39,165.94
2023-06-06,15.67,165.89999
2023-06-07,16.1,163.42
2023-06-08,16.07,165.19
2023-06-09,15.95,166.00999
2023-06-12,15.93,169.62
2023-06-13,15.82,170.64999
2023-06-14,15.84,172.41
2023-06-15,16.03,174.63
2023-06-16,16.06,173.19
2023-06-20,15.78,171.66
2023-06-21,15.61,169.12
2023-06-22,15.58,170.5
2023-06-23,15.45,168.64999
2023-06-26,15.63,167.44
2023-06-27,15.84,170.74001
2023-06-28,15.78,170.84
2023-06-29,15.98,171.14
2023-06-30,15.95,173.86
2023-07-03,16.12,173.49001
2023-07-05,16.07,172.42
2023-07-06,15.87,171.96001
2023-07-07,15.61,171.21001
2023-07-10,15.27,171.66
2023-07-11,15.23,172.03
2023-07-12,15.12,173.98
2023-07-13,15.12,176.25
2023-07-14,14.5,175.99001
2023-07-17,13.53,178.24001
2023-07-18,13.45,180.25999
2023-07-19,14.59,179.81
2023-07-20,14.66,176.22
2023-07-21,14.76,176.13
2023-07-24,14.95,176.44
2023-07-25,14.8,178.46001
2023-07-26,14.89,176.06
2023-07-27,14.51,175.55
2023-07-28,14.45,177.94
2023-07-31,14.52,178.35001
2023-08-01,14.3,178.64999
2023-08-02,14.35,174.23
2023-08-03,14.09,173.52
2023-08-04,14.0,171.16
2023-08-07,14.01,171.64
2023-08-08,14.18,170.32001
2023-08-09,14.27,168.12
2023-08-10,14.17,168.14
2023-08-11,14.37,166.89999
2023-08-14,14.26,169.56
2023-08-15,14.14,167.89
2023-08-16,14.1,166.28999
2023-08-17,14.01,164.71001
2023-08-18,14.05,164.96001
2023-08-21,14.1,168.11
2023-08-22,14.26,167.92
2023-08-23,14.16,170.95
2023-08-24,14.15,167.00999
2023-08-25,14.11,168.71001
2023-08-28,14.21,170.09
2023-08-29,14.77,173.5
2023-08-30,14.73,174.81
2023-08-31,14.79,175.66
2023-09-01,14.65,176.2
2023-09-05,14.48,176.83
2023-09-06,14.61,174.96001
2023-09-07,14.61,172.42999
2023-09-08,14.4,172.78999
2023-09-11,14.52,173.69
2023-09-12,14.46,170.53999
2023-09-13,14.62,170.97
2023-09-14,15.06,172.21001
2023-09-15,15.23,168.89999
2023-09-18,15.09,169.35001
2023-09-19,15.21,169.25999
2023-09-20,15.55,166.60001
2023-09-21,15.31,164.06
2023-09-22,15.12,164.41
2023-09-25,15.06,164.94
2023-09-26,15.02,161.97
2023-09-27,14.87,162.22
2023-09-28,15.01,163.37
2023-09-29,15.02,163.92999
2023-10-02,14.67,165.69
2023-10-03,14.78,162.88
2023-10-04,14.65,164.91
2023-10-05,14.83,165.13
2023-10-06,14.45,168.22
2023-10-09,14.73,169.09
2023-10-10,14.96,169.35001
2023-10-11,14.77,170.92
2023-10-12,14.45,171.08
2023-10-13,14.36,168.63
2023-10-16,14.41,170.25
2023-10-17,14.58,169.46001
2023-10-18,14.32,167.72
2023-10-19,15.26,166.75999
2023-10-20,15.38,163.94
2023-10-23,14.95,164.13
2023-10-24,15.53,165.25999
2023-10-25,15.19,163.31
2023-10-26,15.12,160.19
2023-10-27,14.82,161.12
2023-10-30,15.26,162.85001
2023-10-31,15.4,164.00999
2023-11-01,15.58,167.17999
2023-11-02,15.73,170.00999
2023-11-03,15.88,171.75999
2023-11-06,15.75,172.89
2023-11-07,15.84,174.78
2023-11-08,15.65,175.77
2023-11-09,15.63,174.95
2023-11-10,15.64,179.52
2023-11-13,15.58,178.47
2023-11-14,15.63,182.03999
2023-11-15,15.76,182.27
2023-11-16,15.88,183.17999
2023-11-17,15.9,182.8
2023-11-20,16.1,185.45
2023-11-21,16.19,183.95
2023-11-22,16.17,184.77
2023-11-24,16.21,184.41
2023-11-27,16.21,184.39999
2023-11-28,16.18,184.75
2023-11-29,16.3,184.89
2023-11-30,16.57,185.16
2023-12-01,16.76,185.58
2023-12-04,16.66,183.32001
2023-12-05,17.22,184.42
2023-12-06,16.94,182.86
2023-12-07,17.09,185.08
2023-12-08,16.92,186.66
2023-12-11,16.62,188.28999
2023-12-12,16.41,189.53999
2023-12-13,16.45,191.21001
2023-12-14,16.65,190.74001
2023-12-15,16.52,191.7
2023-12-18,16.46,191.85001
2023-12-19,16.61,192.58
2023-12-20,16.4,189.67
2023-12-21,16.49,191.8
2023-12-22,16.55,192.05
2023-12-26,16.57,192.85001
2023-12-27,16.58,192.84
2023-12-28,16.74,193.07001
2023-12-29,16.78,192.48
