date,TOL,XHB
2010-01-04,19.05,15.32
2010-01-05,19.05,15.43
2010-01-06,18.94,15.51
2010-01-07,20.26,16.15
2010-01-08,20.03,16.22
2010-01-11,19.95,16.17
2010-01-12,19.77,15.95
2010-01-13,20.18,15.98
2010-01-14,19.74,15.94
2010-01-15,19.34,15.63
2010-01-19,19.56,15.86
2010-01-20,19.1,15.55
2010-01-21,18.66,15.23
2010-01-22,18.28,14.95
2010-01-25,18.15,15.11
2010-01-26,18.22,15.1
2010-01-27,18.4,15.15
2010-01-28,18.49,15.15
2010-01-29,18.47,15.11
2010-02-01,18.62,15.16
2010-02-02,19.66,15.89
2010-02-03,19.5,15.68
2010-02-04,18.82,15.19
2010-02-05,18.65,15.02
2010-02-08,19.01,15.17
2010-02-09,19.07,15.45
2010-02-10,19.14,15.39
2010-02-11,19.83,15.76
2010-02-12,19.87,15.88
2010-02-16,20.05,16.17
2010-02-17,19.71,16.0
2010-02-18,19.1,16.04
2010-02-19,19.16,16.08
2010-02-22,19.39,16.15
2010-02-23,18.9,15.74
2010-02-24,18.78,15.72
2010-02-25,18.73,15.72
2010-02-26,18.83,15.91
2010-03-01,19.01,16.25
2010-03-02,18.95,16.15
2010-03-03,19.34,16.32
2010-03-04,19.16,16.26
2010-03-05,19.53,16.57
2010-03-08,19.76,16.81
2010-03-09,20.14,16.73
2010-03-10,20.21,16.76
2010-03-11,20.1,16.87
2010-03-12,19.9,16.82
2010-03-15,19.82,16.81
2010-03-16,20.44,16.96
2010-03-17,20.28,16.93
2010-03-18,20.32,16.86
2010-03-19,20.27,16.54
2010-03-22,20.32,16.8
2010-03-23,20.43,16.94
2010-03-24,20.61,16.9
2010-03-25,20.71,16.88
2010-03-26,21.26,16.96
2010-03-29,21.07,17.01
2010-03-30,21.01,17.03
2010-03-31,20.8,16.82
2010-04-01,20.47,16.98
2010-04-05,20.8,17.3
2010-04-06,20.42,17.17
2010-04-07,20.14,16.92
2010-04-08,20.27,17.27
2010-04-09,20.33,17.44
2010-04-12,20.33,17.66
2010-04-13,20.06,17.76
2010-04-14,20.69,18.31
2010-04-15,20.56,18.12
2010-04-16,20.43,17.86
2010-04-19,20.44,17.88
2010-04-20,20.88,18.17
2010-04-21,21.65,18.61
2010-04-22,22.4,19.31
2010-04-23,23.0,19.64
2010-04-26,22.79,19.5
2010-04-27,22.16,18.68
2010-04-28,22.24,18.92
2010-04-29,22.89,19.47
2010-04-30,22.57,19.1
2010-05-03,23.15,19.51
2010-05-04,22.42,18.86
2010-05-05,22.02,18.36
2010-05-06,21.5,17.66
2010-05-07,20.7,17.1
2010-05-10,22.38,18.39
2010-05-11,22.39,18.38
2010-05-12,22.44,18.89
2010-05-13,21.3,18.34
2010-05-14,20.91,17.96
2010-05-17,20.88,17.94
2010-05-18,21.15,17.63
2010-05-19,20.8,17.36
2010-05-20,20.31,16.62
2010-05-21,20.69,16.74
2010-05-24,20.52,16.58
2010-05-25,20.61,16.71
2010-05-26,20.78,16.78
2010-05-27,21.12,17.42
2010-05-28,21.07,17.22
2010-06-01,20.13,16.58
2010-06-02,20.73,16.86
2010-06-03,20.23,16.9
2010-06-04,19.5,16.03
2010-06-07,18.61,15.43
2010-06-08,18.59,15.38
2010-06-09,18.3,15.42
2010-06-10,18.83,16.13
2010-06-11,18.84,16.12
2010-06-14,18.64,16.23
2010-06-15,18.93,16.59
2010-06-16,18.78,16.41
2010-06-17,18.03,16.02
2010-06-18,17.95,15.82
2010-06-21,17.63,15.61
2010-06-22,17.06,15.23
2010-06-23,17.49,15.41
2010-06-24,17.43,15.11
2010-06-25,17.2,15.15
2010-06-28,17.05,15.12
2010-06-29,16.61,14.49
2010-06-30,16.36,14.32
2010-07-01,16.4,14.19
2010-07-02,16.11,14.02
2010-07-06,16.02,13.88
2010-07-07,16.48,14.51
2010-07-08,16.49,14.54
2010-07-09,16.92,14.88
2010-07-12,16.74,14.66
2010-07-13,17.56,15.23
2010-07-14,17.16,14.91
2010-07-15,17.48,14.95
2010-07-16,16.43,14.24
2010-07-19,16.23,14.2
2010-07-20,16.95,14.73
2010-07-21,16.51,14.51
2010-07-22,17.14,15.04
2010-07-23,17.47,15.42
2010-07-26,17.89,15.82
2010-07-27,17.27,15.27
2010-07-28,16.86,14.84
2010-07-29,17.08,14.94
2010-07-30,17.36,15.07
2010-08-02,18.02,15.46
2010-08-03,17.49,15.06
2010-08-04,17.27,15.02
2010-08-05,17.0,14.89
2010-08-06,17.24,14.99
2010-08-09,17.71,15.41
2010-08-10,17.43,14.96
2010-08-11,16.71,14.43
2010-08-12,16.38,14.188
2010-08-13,16.43,14.15
2010-08-16,16.24,14.11
2010-08-17,16.74,14.49
2010-08-18,17.1,14.81
2010-08-19,16.6,14.39
2010-08-20,16.57,14.35
2010-08-23,16.2,14.05
2010-08-24,16.19,13.96
2010-08-25,17.13,14.37
2010-08-26,17.0,14.14
2010-08-27,17.35,14.55
2010-08-30,17.06,14.19
2010-08-31,17.2875,14.1525
2010-09-01,17.65,14.7225
2010-09-02,17.93,15.16
2010-09-03,18.2,15.36
2010-09-07,17.96,14.94
2010-09-08,18.09,15.01
2010-09-09,18.25,15.07
2010-09-10,18.52,15.18
2010-09-13,18.68,15.51
2010-09-14,18.67,15.39
2010-09-15,18.49,15.3
2010-09-16,18.17,15.13
2010-09-17,18.04,15.07
2010-09-20,18.63,15.57
2010-09-21,18.66,15.64
2010-09-22,18.55,15.4
2010-09-23,18.25,15.17
2010-09-24,18.84,15.71
2010-09-27,18.78,15.73
2010-09-28,19.09,15.91
2010-09-29,19.0,15.82
2010-09-30,19.02,15.8
2010-10-01,18.84,15.8
2010-10-04,18.74,15.59
2010-10-05,18.76,15.82
2010-10-06,18.69,15.82
2010-10-07,18.68,15.71
2010-10-08,18.68,15.91
2010-10-11,18.4,15.82
2010-10-12,18.51,15.84
2010-10-13,18.54,15.92
2010-10-14,18.56,15.75
2010-10-15,18.34,15.61
2010-10-18,18.26,15.54
2010-10-19,18.23,15.41
2010-10-20,18.12,15.5
2010-10-21,18.23,15.7
2010-10-22,18.4,15.66
2010-10-25,18.16,15.75
2010-10-26,18.04,15.67
2010-10-27,18.04,15.56
2010-10-28,17.86,15.45
2010-10-29,17.94,15.5
2010-11-01,17.85,15.52
2010-11-02,18.52,15.93
2010-11-03,18.09,15.87
2010-11-04,18.8,16.53
2010-11-05,19.31,16.66
2010-11-08,19.5,16.63
2010-11-09,19.22,16.26
2010-11-10,19.41,16.49
2010-11-11,19.43,16.55
2010-11-12,19.2,16.17
2010-11-15,18.41,15.89
2010-11-16,18.07,15.61
2010-11-17,18.09,15.6
2010-11-18,17.98,15.55
2010-11-19,17.92,15.56
2010-11-22,17.78,15.6
2010-11-23,17.94,15.4
2010-11-24,18.21,15.78
2010-11-26,17.85,15.59
2010-11-29,17.82,15.58
2010-11-30,17.95,15.64
2010-12-01,18.46,16.2
2010-12-02,18.87,16.65
2010-12-03,18.86,16.8
2010-12-06,18.91,16.89
2010-12-07,19.0,16.93
2010-12-08,18.79,16.96
2010-12-09,18.69,17.02
2010-12-10,18.71,17.15
2010-12-13,18.71,17.23
2010-12-14,18.56,17.13
2010-12-15,18.45,17.02
2010-12-16,18.49,17.25
2010-12-17,18.61,17.11
2010-12-20,19.32,17.36
2010-12-21,19.43,17.56
2010-12-22,19.96,17.6525
2010-12-23,19.4,17.46
2010-12-27,19.39,17.61
2010-12-28,19.03,17.43
2010-12-29,19.08,17.42
2010-12-30,19.01,17.43
2010-12-31,19.0,17.39
2011-01-03,19.54,17.65
2011-01-04,19.43,17.3275
2011-01-05,19.88,17.57
2011-01-06,20.93,17.69
2011-01-07,20.9,17.7675
2011-01-10,20.27,17.71
2011-01-11,20.33,17.94
2011-01-12,20.46,18.1325
2011-01-13,20.39,18.02
2011-01-14,20.9,18.3675
2011-01-18,20.96,18.32
2011-01-19,20.47,17.88
2011-01-20,20.7,17.86
2011-01-21,20.32,17.66
2011-01-24,20.53,17.93
2011-01-25,20.5,17.9625
2011-01-26,20.78,18.3125
2011-01-27,20.72,18.33
2011-01-28,20.44,17.81
2011-01-31,20.24,17.69
2011-02-01,20.77,18.0
2011-02-02,20.52,17.76
2011-02-03,20.14,17.6825
2011-02-04,20.0,17.7375
2011-02-07,20.55,18.0175
2011-02-08,21.36,18.355
2011-02-09,21.75,18.48
2011-02-10,21.63,18.42
2011-02-11,21.46,18.47
2011-02-14,21.16,18.35
2011-02-15,21.46,18.12
2011-02-16,21.9,18.46
2011-02-17,21.9,18.73
2011-02-18,21.84,18.6825
2011-02-22,20.76,17.9
2011-02-23,21.2,17.6
2011-02-24,20.94,17.57
2011-02-25,21.32,17.9
2011-02-28,21.26,17.85
2011-03-01,20.52,17.33
2011-03-02,20.88,17.5375
2011-03-03,21.18,17.9025
2011-03-04,21.09,17.74
2011-03-07,21.0,17.51
2011-03-08,21.58,18.1275
2011-03-09,21.58,18.25
2011-03-10,21.14,17.75
2011-03-11,21.18,17.87
2011-03-14,20.64,17.6
2011-03-15,20.86,17.94
2011-03-16,20.41,17.535
2011-03-17,20.46,17.6
2011-03-18,20.67,17.78
2011-03-21,20.95,18.0525
2011-03-22,20.49,17.89
2011-03-23,20.29,17.99
2011-03-24,20.25,18.13
2011-03-25,20.52,18.25
2011-03-28,20.48,18.14
2011-03-29,20.44,18.16
2011-03-30,20.16,18.23
2011-03-31,19.77,18.21
2011-04-01,19.76,18.35
2011-04-04,19.66,18.22
2011-04-05,19.82,18.27
2011-04-06,20.06,18.39
2011-04-07,19.97,18.61
2011-04-08,20.28,18.49
2011-04-11,20.41,18.44
2011-04-12,20.24,18.33
2011-04-13,20.16,18.32
2011-04-14,19.94,18.34
2011-04-15,20.12,18.53
2011-04-18,20.58,18.42
2011-04-19,20.75,18.61
2011-04-20,20.87,18.82
2011-04-21,20.28,18.82
2011-04-25,20.19,18.79
2011-04-26,20.21,18.91
2011-04-27,20.23,19.0
2011-04-28,20.37,19.05
2011-04-29,21.01,19.05
2011-05-02,20.63,18.88
2011-05-03,20.39,18.69
2011-05-04,20.3,18.58
2011-05-05,20.51,18.7
2011-05-06,20.22,18.72
2011-05-09,20.11,18.72
2011-05-10,20.53,18.93
2011-05-11,20.2,18.63
2011-05-12,20.22,18.75
2011-05-13,20.12,18.56
2011-05-16,20.17,18.36
2011-05-17,20.16,18.24
2011-05-18,20.38,18.51
2011-05-19,20.61,18.53
2011-05-20,20.66,18.43
2011-05-23,20.2,18.2
2011-05-24,20.27,18.12
2011-05-25,20.63,18.32
2011-05-26,20.89,18.53
2011-05-27,21.27,18.7
2011-05-31,21.75,18.9
2011-06-01,21.26,18.41
2011-06-02,21.11,18.22
2011-06-03,21.03,17.9
2011-06-06,20.4,17.55
2011-06-07,20.11,17.47
2011-06-08,19.99,17.2
2011-06-09,20.14,17.4
2011-06-10,19.72,17.07
2011-06-13,19.95,17.17
2011-06-14,20.28,17.59
2011-06-15,19.7,17.195
2011-06-16,19.88,17.29
2011-06-17,19.96,17.43
2011-06-20,20.26,17.68
2011-06-21,20.54,18.01
2011-06-22,20.64,17.89
2011-06-23,20.85,18.1
2011-06-24,20.61,17.89
2011-06-27,20.78,17.92
2011-06-28,21.1,18.14
2011-06-29,20.78,18.01
2011-06-30,20.74,18.06
2011-07-01,21.07,18.45
2011-07-05,21.02,18.39
2011-07-06,21.1,18.35
2011-07-07,21.45,18.51
2011-07-08,21.27,18.3
2011-07-11,20.77,17.83
2011-07-12,20.78,17.769
2011-07-13,20.75,17.83
2011-07-14,20.71,17.68
2011-07-15,20.72,17.58
2011-07-18,20.6,17.31
2011-07-19,21.32,17.77
2011-07-20,21.26,17.74
2011-07-21,21.24,17.86
2011-07-22,21.15,17.7
2011-07-25,20.91,17.5
2011-07-26,20.55,17.265
2011-07-27,20.05,16.85
2011-07-28,20.07,16.72
2011-07-29,19.96,16.78
2011-08-01,19.97,16.58
2011-08-02,19.2,15.851
2011-08-03,19.2,15.88
2011-08-04,18.08,14.96
2011-08-05,17.8,14.84
2011-08-08,16.65,13.57
2011-08-09,16.72,14.13
2011-08-10,15.64,13.4
2011-08-11,16.13,14.03
2011-08-12,16.15,14.26
2011-08-15,16.83,14.67
2011-08-16,16.92,14.54
2011-08-17,16.66,14.33
2011-08-18,15.52,13.47
2011-08-19,14.98,13.18
2011-08-22,14.9,13.17
2011-08-23,14.74,13.49
2011-08-24,15.42,13.86
2011-08-25,15.63,13.89
2011-08-26,16.12,14.31
2011-08-29,16.86,15.0
2011-08-30,17.18,15.17
2011-08-31,17.19,15.07
2011-09-01,16.59,14.77
2011-09-02,16.13,14.22
2011-09-06,16.11,14.16
2011-09-07,16.56,14.65
2011-09-08,16.14,14.305
2011-09-09,15.68,13.86
2011-09-12,15.81,14.0
2011-09-13,15.54,14.1
2011-09-14,15.82,14.5
2011-09-15,15.93,14.62
2011-09-16,15.95,14.59
2011-09-19,15.84,14.44
2011-09-20,16.0,14.33
2011-09-21,15.16,13.81
2011-09-22,14.31,13.26
2011-09-23,14.38,13.44
2011-09-26,14.79,13.88
2011-09-27,14.96,14.02
2011-09-28,14.53,13.575
2011-09-29,14.87,13.83
2011-09-30,14.43,13.29
2011-10-03,13.75,12.55
2011-10-04,14.0,13.2
2011-10-05,15.04,13.66
2011-10-06,15.27,14.06
2011-10-07,15.12,13.83
2011-10-10,15.53,14.49
2011-10-11,15.53,14.51
2011-10-12,15.77,14.77
2011-10-13,15.55,14.71
2011-10-14,15.64,15.03
2011-10-17,15.14,14.49
2011-10-18,17.07,15.35
2011-10-19,16.77,15.18
2011-10-20,17.11,15.4
2011-10-21,18.09,16.025
2011-10-24,18.52,16.49
2011-10-25,17.78,16.03
2011-10-26,18.04,16.38
2011-10-27,18.37,16.98
2011-10-28,18.05,16.58
2011-10-31,17.44,16.14
2011-11-01,17.05,15.52
2011-11-02,17.5,15.87
2011-11-03,17.61,16.16
2011-11-04,17.36,16.17
2011-11-07,18.1,16.26
2011-11-08,19.43,16.62
2011-11-09,18.11,15.817
2011-11-10,18.64,16.0
2011-11-11,18.9,16.49
2011-11-14,18.9,16.31
2011-11-15,19.22,16.48
2011-11-16,19.55,16.35
2011-11-17,19.1,16.07
2011-11-18,18.86,15.99
2011-11-21,18.93,15.61
2011-11-22,19.25,15.56
2011-11-23,18.73,15.07
2011-11-25,18.55,14.96
2011-11-28,18.9,15.51
2011-11-29,18.99,15.72
2011-11-30,20.31,16.54
2011-12-01,20.26,16.63
2011-12-02,20.23,16.79
2011-12-05,20.74,17.12
2011-12-06,21.3,17.15
2011-12-07,20.93,17.22
2011-12-08,20.39,16.66
2011-12-09,20.77,17.14
2011-12-12,20.57,16.92
2011-12-13,19.69,16.33
2011-12-14,19.02,15.83
2011-12-15,19.44,16.04
2011-12-16,19.66,16.13
2011-12-19,19.26,15.95
2011-12-20,20.5,16.79
2011-12-21,20.68,17.03
2011-12-22,20.42,17.095
2011-12-23,20.13,17.085
2011-12-27,20.09,17.005
2011-12-28,19.85,16.65
2011-12-29,20.62,17.25
2011-12-30,20.42,17.1
2012-01-03,21.01,17.37
2012-01-04,21.62,17.58
2012-01-05,22.07,18.03
2012-01-06,21.73,17.93
2012-01-09,21.56,18.03
2012-01-10,22.5,18.35
2012-01-11,22.96,18.65
2012-01-12,23.2,18.65
2012-01-13,22.81,18.43
2012-01-17,22.42,18.47
2012-01-18,23.49,19.12
2012-01-19,22.9,19.17
2012-01-20,22.89,18.68
2012-01-23,22.23,18.6
2012-01-24,22.53,18.9
2012-01-25,23.23,19.3
2012-01-26,22.07,19.05
2012-01-27,22.47,19.2
2012-01-30,22.17,18.94
2012-01-31,21.81,18.67
2012-02-01,22.46,19.24
2012-02-02,22.53,19.45
2012-02-03,23.85,20.29
2012-02-06,23.28,20.23
2012-02-07,23.2,20.155
2012-02-08,23.36,20.21
2012-02-09,23.7,20.25
2012-02-10,23.31,19.955
2012-02-13,23.97,20.35
2012-02-14,23.71,20.12
2012-02-15,23.57,19.86
2012-02-16,23.5,20.02
2012-02-17,23.96,20.1
2012-02-21,23.7,19.85
2012-02-22,22.48,19.56
2012-02-23,22.8,19.94
2012-02-24,22.62,19.65
2012-02-27,22.85,19.97
2012-02-28,22.43,19.91
2012-02-29,23.46,20.125
2012-03-01,23.2,20.07
2012-03-02,22.87,19.805
2012-03-05,22.7,19.9
2012-03-06,22.22,19.3
2012-03-07,22.75,19.75
2012-03-08,23.42,20.21
2012-03-09,24.03,20.61
2012-03-12,24.0,20.74
2012-03-13,24.66,21.41
2012-03-14,24.39,21.29
2012-03-15,24.88,21.83
2012-03-16,24.7,21.51
2012-03-19,24.4,21.54
2012-03-20,24.14,21.37
2012-03-21,24.24,21.6
2012-03-22,23.8,21.33
2012-03-23,23.6,21.23
2012-03-26,23.65,21.485
2012-03-27,24.4,21.67
2012-03-28,25.07,21.72
2012-03-29,24.6,21.57
2012-03-30,23.99,21.35
2012-04-02,23.72,21.19
2012-04-03,24.07,21.19
2012-04-04,23.53,20.99
2012-04-05,23.15,20.99
2012-04-09,22.88,20.82
2012-04-10,21.81,19.94
2012-04-11,22.68,20.51
2012-04-12,23.15,21.03
2012-04-13,22.95,20.73
2012-04-16,23.22,20.8
2012-04-17,23.69,21.08
2012-04-18,23.33,20.79
2012-04-19,23.37,20.525
2012-04-20,23.74,20.5
2012-04-23,23.06,20.24
2012-04-24,23.51,20.53
2012-04-25,24.03,20.94
2012-04-26,24.97,21.35
2012-04-27,25.56,21.9
2012-04-30,25.4,21.515
2012-05-01,25.94,21.78
2012-05-02,26.37,22.21
2012-05-03,26.22,21.84
2012-05-04,25.7,21.47
2012-05-07,26.02,21.46
2012-05-08,26.08,21.19
2012-05-09,26.96,21.35
2012-05-10,26.76,21.27
2012-05-11,27.19,21.54
2012-05-14,26.78,21.11
2012-05-15,27.25,21.23
2012-05-16,26.89,21.06
2012-05-17,25.96,19.97
2012-05-18,25.61,19.73
2012-05-21,26.56,20.13
2012-05-22,27.03,20.47
2012-05-23,27.75,20.68
2012-05-24,27.96,20.95
2012-05-25,28.2,21.04
2012-05-29,28.69,21.52
2012-05-30,27.23,20.77
2012-05-31,27.28,20.71
2012-06-01,25.24,19.54
2012-06-04,23.96,19.06
2012-06-05,24.87,19.53
2012-06-06,25.28,19.91
2012-06-07,25.38,19.98
2012-06-08,25.82,20.38
2012-06-11,24.86,19.7
2012-06-12,25.1,20.025
2012-06-13,24.46,19.59
2012-06-14,25.28,20.09
2012-06-15,25.21,20.23
2012-06-18,25.89,20.63
2012-06-19,26.28,20.85
2012-06-20,26.25,20.66
2012-06-21,25.69,19.705
2012-06-22,26.04,19.85
2012-06-25,25.54,19.55
2012-06-26,26.89,19.97
2012-06-27,27.95,20.32
2012-06-28,28.39,20.52
2012-06-29,29.73,21.345
2012-07-02,29.96,21.53
2012-07-03,29.56,21.61
2012-07-05,30.25,21.85
2012-07-06,30.15,21.69
2012-07-09,30.08,21.58
2012-07-10,29.53,21.15
2012-07-11,28.89,20.94
2012-07-12,29.66,21.24
2012-07-13,29.71,21.62
2012-07-16,29.67,21.395
2012-07-17,30.04,21.42
2012-07-18,29.61,21.56
2012-07-19,29.42,21.71
2012-07-20,30.71,21.63
2012-07-23,31.03,21.57
2012-07-24,30.44,21.115
2012-07-25,29.31,20.89
2012-07-26,30.74,21.52
2012-07-27,30.69,21.875
2012-07-30,30.04,21.5
2012-07-31,29.17,21.04
2012-08-01,28.97,20.84
2012-08-02,29.1,20.97
2012-08-03,29.24,21.44
2012-08-06,29.4,21.59
2012-08-07,30.02,21.99
2012-08-08,30.58,22.17
2012-08-09,30.8,22.43
2012-08-10,30.42,22.14
2012-08-13,30.46,22.2
2012-08-14,30.48,22.3
2012-08-15,30.46,22.37
2012-08-16,32.16,23.09
2012-08-17,32.37,23.43
2012-08-20,31.97,23.0
2012-08-21,31.81,22.91
2012-08-22,33.01,23.27
2012-08-23,32.62,23.16
2012-08-24,32.59,23.42
2012-08-27,32.28,23.29
2012-08-28,32.41,23.33
2012-08-29,32.57,23.48
2012-08-30,32.38,23.3
2012-08-31,32.72,23.59
2012-09-04,32.72,23.86
2012-09-05,32.74,23.78
2012-09-06,33.48,24.35
2012-09-07,33.36,24.39
2012-09-10,33.4,24.28
2012-09-11,33.53,24.39
2012-09-12,34.94,24.87
2012-09-13,35.49,25.295
2012-09-14,36.31,25.87
2012-09-17,35.73,25.47
2012-09-18,35.19,25.215
2012-09-19,36.41,25.66
2012-09-20,36.34,25.71
2012-09-21,36.43,25.93
2012-09-24,36.13,25.621
2012-09-25,35.49,25.175
2012-09-26,34.16,24.6
2012-09-27,33.99,25.04
2012-09-28,33.23,24.83
2012-10-01,33.18,24.7
2012-10-02,33.44,24.83
2012-10-03,34.68,25.38
2012-10-04,34.9,25.56
2012-10-05,34.81,25.84
2012-10-08,34.03,25.64
2012-10-09,33.5,25.01
2012-10-10,33.75,24.93
2012-10-11,33.12,24.74
2012-10-12,32.71,24.62
2012-10-15,33.83,25.18
2012-10-16,33.83,25.39
2012-10-17,34.45,25.88
2012-10-18,34.7,26.17
2012-10-19,35.1,26.11
2012-10-22,34.96,26.01
2012-10-23,34.55,25.89
2012-10-24,35.25,25.91
2012-10-25,34.21,25.62
2012-10-26,33.82,25.52
2012-10-31,33.01,26.04
2012-11-01,33.31,26.83
2012-11-02,32.2,26.36
2012-11-05,33.39,26.74
2012-11-06,33.12,26.7
2012-11-07,33.11,26.43
2012-11-08,32.76,25.96
2012-11-09,31.99,25.67
2012-11-12,30.83,25.29
2012-11-13,30.83,25.3
2012-11-14,29.76,24.61
2012-11-15,29.73,24.35
2012-11-16,30.97,24.89
2012-11-19,31.15,25.39
2012-11-20,32.05,25.97
2012-11-21,32.19,26.03
2012-11-23,32.47,26.37
2012-11-26,32.23,26.23
2012-11-27,32.11,26.22
2012-11-28,31.97,26.27
2012-11-29,32.06,26.28
2012-11-30,31.84,26.32
2012-12-03,32.43,26.21
2012-12-04,31.86,26.29
2012-12-05,30.62,25.65
2012-12-06,30.67,25.57
2012-12-07,30.77,25.58
2012-12-10,30.35,25.5487
2012-12-11,30.36,25.43
2012-12-12,31.54,25.85
2012-12-13,31.0,25.8
2012-12-14,30.85,25.6
2012-12-17,32.22,26.34
2012-12-18,32.51,26.89
2012-12-19,32.08,26.77
2012-12-20,32.38,26.86
2012-12-21,31.74,26.45
2012-12-24,31.52,26.29
2012-12-26,31.28,26.03
2012-12-27,31.38,26.03
2012-12-28,31.27,25.9
2012-12-31,32.33,26.6
2013-01-02,33.48,27.31
2013-01-03,33.39,27.39
2013-01-04,33.66,27.61
2013-01-07,34.35,27.42
2013-01-08,34.23,27.51
2013-01-09,34.41,27.75
2013-01-10,34.09,27.73
2013-01-11,34.41,27.77
2013-01-14,34.09,27.66
2013-01-15,35.39,27.87
2013-01-16,34.91,27.64
2013-01-17,36.16,28.15
2013-01-18,36.05,28.21
2013-01-22,36.31,28.31
2013-01-23,37.06,28.53
2013-01-24,37.1,28.84
2013-01-25,37.98,29.11
2013-01-28,37.53,28.81
2013-01-29,37.78,29.1
2013-01-30,37.34,28.82
2013-01-31,37.45,28.82
2013-02-01,36.3,28.75
2013-02-04,36.42,28.41
2013-02-05,36.57,28.63
2013-02-06,36.55,28.59
2013-02-07,36.26,28.31
2013-02-08,36.32,28.42
2013-02-11,35.88,28.38
2013-02-12,37.46,29.24
2013-02-13,37.42,29.26
2013-02-14,37.5,29.15
2013-02-15,37.08,29.08
2013-02-19,36.9,29.02
2013-02-20,33.56,27.73
2013-02-21,34.47,27.59
2013-02-22,34.59,27.94
2013-02-25,33.09,26.97
2013-02-26,34.18,27.77
2013-02-27,34.87,28.37
2013-02-28,34.12,28.3
2013-03-01,34.08,28.39
2013-03-04,34.55,28.75
2013-03-05,35.0,29.19
2013-03-06,35.62,29.2484
2013-03-07,35.26,29.19
2013-03-08,35.12,29.51
2013-03-11,34.99,29.68
2013-03-12,34.21,29.39
2013-03-13,34.08,29.53
2013-03-14,34.57,29.8
2013-03-15,34.13,29.7
2013-03-18,34.12,29.78
2013-03-19,34.51,29.8
2013-03-20,36.53,30.52
2013-03-21,35.64,29.93
2013-03-22,35.83,30.01
2013-03-25,35.17,29.89
2013-03-26,34.96,29.96
2013-03-27,34.74,30.13
2013-03-28,34.24,30.06
2013-04-01,33.69,29.55
2013-04-02,33.38,29.35
2013-04-03,32.48,28.52
2013-04-04,31.8,28.7
2013-04-05,32.16,28.91
2013-04-08,33.09,29.49
2013-04-09,32.74,29.27
2013-04-10,31.98,29.45
2013-04-11,32.55,29.56
2013-04-12,33.04,29.64
2013-04-15,30.5,28.17
2013-04-16,31.4,28.74
2013-04-17,31.56,28.38
2013-04-18,30.3,28.02
2013-04-19,30.91,28.7
2013-04-22,31.22,28.91
2013-04-23,34.13,29.65
2013-04-24,33.67,29.98
2013-04-25,33.89,30.4
2013-04-26,34.69,30.49
2013-04-29,34.19,30.5
2013-04-30,34.31,30.29
2013-05-01,33.89,29.83
2013-05-02,34.95,30.48
2013-05-03,35.29,30.86
2013-05-06,35.37,31.17
2013-05-07,35.55,31.28
2013-05-08,36.0,31.4
2013-05-09,36.34,31.47
2013-05-10,36.4,31.91
2013-05-13,36.43,31.92
2013-05-14,37.04,32.35
2013-05-15,36.56,32.44
2013-05-16,36.13,31.9
2013-05-17,36.92,32.42
2013-05-20,36.61,32.13
2013-05-21,36.01,32.06
2013-05-22,37.07,31.62
2013-05-23,37.6,31.79
2013-05-24,36.75,31.72
2013-05-28,36.37,31.93
2013-05-29,34.47,31.2
2013-05-30,34.41,31.22
2013-05-31,34.17,30.8999
2013-06-03,33.59,30.63
2013-06-04,32.92,29.98
2013-06-05,32.36,29.6
2013-06-06,33.83,30.29
2013-06-07,33.57,30.51
2013-06-10,32.58,30.26
2013-06-11,31.8,29.81
2013-06-12,31.75,29.75
2013-06-13,33.04,30.83
2013-06-14,32.88,30.83
2013-06-17,33.66,31.29
2013-06-18,34.04,31.57
2013-06-19,33.14,30.85
2013-06-20,31.7,29.365
2013-06-21,31.7,28.87
2013-06-24,31.85,28.42
2013-06-25,31.96,28.83
2013-06-26,32.56,29.09
2013-06-27,33.41,29.81
2013-06-28,32.63,29.42
2013-07-01,32.44,29.72
2013-07-02,32.13,29.45
2013-07-03,32.49,29.61
2013-07-05,31.52,29.45
2013-07-08,30.97,29.22
2013-07-09,32.95,30.03
2013-07-10,32.51,30.06
2013-07-11,34.66,31.14
2013-07-12,34.6,31.15
2013-07-15,33.84,30.85
2013-07-16,33.94,30.57
2013-07-17,34.55,30.66
2013-07-18,34.16,30.58
2013-07-19,34.11,30.79
2013-07-22,33.72,30.7
2013-07-23,34.43,30.83
2013-07-24,32.31,30.19
2013-07-25,31.95,29.77
2013-07-26,32.01,29.61
2013-07-29,31.89,29.41
2013-07-30,31.86,29.7
2013-07-31,32.87,30.09
2013-08-01,32.6,30.34
2013-08-02,33.52,30.8
2013-08-05,33.03,30.61
2013-08-06,32.2,29.91
2013-08-07,31.23,29.43
2013-08-08,31.63,29.62
2013-08-09,31.65,29.53
2013-08-12,32.23,29.69
2013-08-13,31.63,29.44
2013-08-14,31.26,28.93
2013-08-15,32.33,28.97
2013-08-16,31.76,28.991
2013-08-19,30.68,28.32
2013-08-20,31.64,29.07
2013-08-21,31.65,28.98
2013-08-22,32.47,29.49
2013-08-23,31.19,29.08
2013-08-26,31.43,29.27
2013-08-27,30.84,28.62
2013-08-28,30.64,28.58
2013-08-29,31.19,28.92
2013-08-30,30.61,28.55
2013-09-03,30.51,28.57
2013-09-04,30.5,28.7
2013-09-05,30.1,28.64
2013-09-06,30.44,29.0
2013-09-09,31.87,29.99
2013-09-10,31.67,30.03
2013-09-11,32.5,30.24
2013-09-12,32.47,30.13
2013-09-13,32.27,30.225
2013-09-16,32.61,30.46
2013-09-17,32.89,30.76
2013-09-18,34.59,31.725
2013-09-19,33.84,31.335
2013-09-20,33.03,30.74
2013-09-23,32.62,30.4
2013-09-24,33.33,30.78
2013-09-25,33.14,30.82
2013-09-26,33.17,30.88
2013-09-27,32.36,30.65
2013-09-30,32.43,30.599
2013-10-01,32.5,30.81
2013-10-02,32.68,30.86
2013-10-03,32.05,30.43
2013-10-04,31.04,30.26
2013-10-07,30.76,29.85
2013-10-08,30.32,29.16
2013-10-09,30.43,29.095
2013-10-10,30.85,29.71
2013-10-11,31.47,30.21
2013-10-14,31.1,29.97
2013-10-15,30.29,29.35
2013-10-16,31.07,29.62
2013-10-17,32.45,29.88
2013-10-18,32.29,29.88
2013-10-21,31.85,29.71
2013-10-22,32.65,30.41
2013-10-23,32.99,30.55
2013-10-24,33.76,31.25
2013-10-25,33.81,31.17
2013-10-28,33.58,31.03
2013-10-29,34.12,31.36
2013-10-30,33.56,30.985
2013-10-31,32.88,30.515
2013-11-01,32.47,30.34
2013-11-04,32.69,30.72
2013-11-05,32.22,30.47
2013-11-06,32.52,30.48
2013-11-07,32.68,30.17
2013-11-08,31.94,30.2
2013-11-11,31.96,30.18
2013-11-12,32.16,30.33
2013-11-13,32.66,30.73
2013-11-14,33.51,31.23
2013-11-15,33.47,31.39
2013-11-18,33.21,31.12
2013-11-19,33.46,31.06
2013-11-20,33.23,30.95
2013-11-21,33.89,31.609
2013-11-22,33.73,31.38
2013-11-25,33.71,31.37
2013-11-26,34.88,32.02
2013-11-27,34.56,32.03
2013-11-29,34.1,31.94
2013-12-02,33.53,31.34
2013-12-03,33.18,31.13
2013-12-04,32.97,30.98
2013-12-05,32.74,30.87
2013-12-06,32.89,31.3
2013-12-09,33.58,31.42
2013-12-10,33.34,31.25
2013-12-11,32.76,30.78
2013-12-12,32.64,30.79
2013-12-13,32.59,30.79
2013-12-16,33.01,31.02
2013-12-17,33.4,31.08
2013-12-18,34.61,32.02
2013-12-19,34.22,31.76
2013-12-20,35.16,32.14
2013-12-23,36.81,32.87
2013-12-24,36.66,32.88
2013-12-26,36.47,32.96
2013-12-27,36.67,32.97
2013-12-30,36.8,33.13
2013-12-31,37.0,33.3
2014-01-02,36.63,33.1
2014-01-03,36.4,33.15
2014-01-06,35.65,32.53
2014-01-07,35.66,32.54
2014-01-08,36.05,32.81
2014-01-09,36.02,32.43
2014-01-10,36.73,32.82
2014-01-13,36.07,32.08
2014-01-14,36.27,32.3
2014-01-15,36.25,32.24
2014-01-16,36.26,32.26
2014-01-17,35.96,31.84
2014-01-21,35.96,31.83
2014-01-22,36.7,32.17
2014-01-23,36.81,32.2
2014-01-24,35.57,31.2
2014-01-27,35.0,31.05
2014-01-28,36.44,31.62
2014-01-29,36.44,31.29
2014-01-30,36.13,31.27
2014-01-31,36.75,31.57
2014-02-03,35.71,30.58
2014-02-04,36.19,30.96
2014-02-05,35.83,30.87
2014-02-06,36.53,31.73
2014-02-07,36.5,31.99
2014-02-10,36.26,31.8
2014-02-11,36.42,31.93
2014-02-12,36.61,32.17
2014-02-13,36.98,32.32
2014-02-14,37.79,32.54
2014-02-18,37.56,32.47
2014-02-19,37.06,32.3
2014-02-20,37.38,32.59
2014-02-21,38.19,32.83
2014-02-24,38.34,32.9
2014-02-25,38.25,33.09
2014-02-26,38.9,33.97
2014-02-27,39.1,34.21
2014-02-28,39.01,34.03
2014-03-03,38.97,33.69
2014-03-04,39.51,34.0
2014-03-05,39.55,33.94
2014-03-06,39.41,33.84
2014-03-07,39.22,33.66
2014-03-10,38.26,33.33
2014-03-11,38.0,33.21
2014-03-12,37.77,33.17
2014-03-13,36.77,32.61
2014-03-14,36.21,32.67
2014-03-17,36.24,33.01
2014-03-18,36.53,33.3
2014-03-19,36.49,33.26
2014-03-20,35.95,32.88
2014-03-21,35.72,32.44
2014-03-24,35.48,32.2
2014-03-25,35.51,32.3
2014-03-26,35.07,31.73
2014-03-27,35.26,31.68
2014-03-28,35.72,32.24
2014-03-31,35.9,32.55
2014-04-01,36.7,32.88
2014-04-02,36.55,33.02
2014-04-03,37.0,32.94
2014-04-04,36.78,32.66
2014-04-07,36.0,31.77
2014-04-08,35.93,31.89
2014-04-09,35.94,32.14
2014-04-10,35.55,31.58
2014-04-11,34.73,31.25
2014-04-14,34.91,31.23
2014-04-15,34.51,31.18
2014-04-16,34.66,31.53
2014-04-17,34.16,31.43
2014-04-21,33.93,31.5
2014-04-22,34.29,31.81
2014-04-23,33.66,31.38
2014-04-24,34.78,31.71
2014-04-25,34.27,31.01
2014-04-28,34.31,30.99
2014-04-29,34.48,30.96
2014-04-30,34.24,31.0
2014-05-01,34.72,31.3
2014-05-02,35.4,31.76
2014-05-05,34.91,31.35
2014-05-06,33.99,30.725
2014-05-07,34.07,30.71
2014-05-08,33.92,30.69
2014-05-09,34.09,30.97
2014-05-12,34.76,31.65
2014-05-13,34.87,31.48
2014-05-14,34.35,30.8
2014-05-15,34.17,30.55
2014-05-16,34.45,30.87
2014-05-19,34.37,30.87
2014-05-20,34.26,30.59
2014-05-21,34.26,30.7
2014-05-22,34.94,31.28
2014-05-23,35.5,31.78
2014-05-27,35.64,31.85
2014-05-28,36.38,31.62
2014-05-29,36.4,31.63
2014-05-30,36.22,31.5
2014-06-02,36.2,31.51
2014-06-03,36.22,31.56
2014-06-04,35.97,31.64
2014-06-05,36.37,31.91
2014-06-06,36.88,32.41
2014-06-09,37.27,32.77
2014-06-10,37.12,32.54
2014-06-11,36.53,32.12
2014-06-12,36.3,31.92
2014-06-13,35.94,31.78
2014-06-16,36.34,32.06
2014-06-17,36.21,32.2
2014-06-18,35.98,32.3
2014-06-19,36.37,32.33
2014-06-20,36.11,32.15
2014-06-23,36.13,32.21
2014-06-24,36.56,32.21
2014-06-25,36.8,32.46
2014-06-26,36.46,32.35
2014-06-27,36.51,32.52
2014-06-30,36.9,32.75
2014-07-01,37.44,33.02
2014-07-02,36.96,32.71
2014-07-03,37.1,33.0
2014-07-07,36.34,32.46
2014-07-08,36.31,32.27
2014-07-09,36.4,32.03
2014-07-10,36.03,31.5
2014-07-11,35.57,31.37
2014-07-14,35.59,31.37
2014-07-15,35.44,31.11
2014-07-16,36.26,31.35
2014-07-17,35.22,30.73
2014-07-18,35.2,30.95
2014-07-21,35.28,30.99
2014-07-22,35.53,31.4
2014-07-23,36.04,31.58
2014-07-24,34.55,31.06
2014-07-25,34.2,30.75
2014-07-28,33.68,30.27
2014-07-29,33.46,30.15
2014-07-30,33.1,30.02
2014-07-31,32.69,29.46
2014-08-01,32.77,29.51
2014-08-04,32.72,29.765
2014-08-05,32.7,29.66
2014-08-06,32.61,29.71
2014-08-07,32.47,29.59
2014-08-08,33.34,30.34
2014-08-11,33.4,30.42
2014-08-12,33.2,30.17
2014-08-13,33.36,30.32
2014-08-14,34.07,30.8
2014-08-15,33.99,30.58
2014-08-18,34.57,31.14
2014-08-19,35.34,31.77
2014-08-20,35.51,31.77
2014-08-21,35.67,31.74
2014-08-22,35.57,31.85
2014-08-25,35.31,31.68
2014-08-26,35.55,31.77
2014-08-27,35.46,31.79
2014-08-28,35.46,31.5
2014-08-29,35.59,31.55
2014-09-02,35.63,31.55
2014-09-03,33.95,31.18
2014-09-04,33.71,31.36
2014-09-05,33.78,31.47
2014-09-08,33.71,31.41
2014-09-09,33.62,31.24
2014-09-10,33.84,31.34
2014-09-11,33.67,31.34
2014-09-12,33.07,31.0
2014-09-15,33.11,30.94
2014-09-16,33.11,31.1
2014-09-17,33.75,31.49
2014-09-18,33.79,31.18
2014-09-19,33.46,30.84
2014-09-22,32.41,30.27
2014-09-23,32.28,30.15
2014-09-24,32.14,30.33
2014-09-25,31.76,30.02
2014-09-26,31.83,30.11
2014-09-29,31.63,29.96
2014-09-30,31.16,29.59
2014-10-01,30.95,29.16
2014-10-02,31.03,29.45
2014-10-03,31.38,29.77
2014-10-06,31.54,29.78
2014-10-07,31.41,29.37
2014-10-08,31.67,29.75
2014-10-09,31.06,29.14
2014-10-10,30.43,28.61
2014-10-13,29.18,28.02
2014-10-14,29.98,28.29
2014-10-15,30.31,28.74
2014-10-16,30.48,28.89
2014-10-17,31.23,29.36
2014-10-20,31.64,29.99
2014-10-21,31.7,30.49
2014-10-22,31.85,30.22
2014-10-23,32.42,30.69
2014-10-24,32.47,30.76
2014-10-27,32.14,30.76
2014-10-28,32.42,31.1
2014-10-29,31.97,30.75
2014-10-30,32.16,31.02
2014-10-31,31.95,31.13
2014-11-03,32.25,31.28
2014-11-04,31.81,31.03
2014-11-05,31.4,31.13
2014-11-06,31.96,31.71
2014-11-07,32.22,31.82
2014-11-10,32.95,31.93
2014-11-11,33.72,32.31
2014-11-12,33.51,32.3
2014-11-13,33.73,32.2
2014-11-14,33.72,32.27
2014-11-17,33.84,32.17
2014-11-18,33.89,32.25
2014-11-19,33.85,32.41
2014-11-20,34.21,33.1
2014-11-21,34.87,33.27
2014-11-24,35.16,33.6
2014-11-25,34.94,33.5
2014-11-26,34.6,33.33
2014-11-28,34.99,33.47
2014-12-01,34.43,33.12
2014-12-02,34.9,33.22
2014-12-03,34.78,33.35
2014-12-04,34.61,33.19
2014-12-05,34.74,33.26
2014-12-08,34.6,33.1
2014-12-09,34.79,33.19
2014-12-10,32.06,32.36
2014-12-11,32.13,32.63
2014-12-12,31.56,32.3
2014-12-15,31.2,32.24
2014-12-16,30.92,31.925
2014-12-17,31.86,32.83
2014-12-18,32.64,33.31
2014-12-19,32.49,33.28
2014-12-22,32.52,33.42
2014-12-23,32.38,33.61
2014-12-24,32.74,33.61
2014-12-26,32.72,33.69
2014-12-29,33.03,34.01
2014-12-30,33.31,34.0
2014-12-31,34.27,34.12
2015-01-02,34.23,33.81
2015-01-05,34.38,33.45
2015-01-06,34.05,33.16
2015-01-07,34.84,34.07
2015-01-08,35.18,34.89
2015-01-09,35.37,34.93
2015-01-12,35.01,35.08
2015-01-13,34.6,34.55
2015-01-14,34.16,34.46
2015-01-15,32.8,33.04
2015-01-16,33.93,33.65
2015-01-20,33.2,33.09
2015-01-21,33.45,33.42
2015-01-22,33.73,33.84
2015-01-23,33.56,33.82
2015-01-26,33.97,34.35
2015-01-27,34.1,34.4
2015-01-28,33.86,34.33
2015-01-29,34.94,35.01
2015-01-30,34.62,34.29
2015-02-02,34.65,34.55
2015-02-03,35.55,35.1
2015-02-04,36.23,35.64
2015-02-05,36.07,35.26
2015-02-06,36.4,35.45
2015-02-09,36.72,35.41
2015-02-10,37.51,35.88
2015-02-11,37.27,35.78
2015-02-12,37.84,36.27
2015-02-13,37.99,36.36
2015-02-17,38.11,36.53
2015-02-18,38.02,36.46
2015-02-19,37.57,36.44
2015-02-20,37.65,36.61
2015-02-23,37.1,36.59
2015-02-24,38.53,37.01
2015-02-25,38.5,36.35
2015-02-26,38.05,36.29
2015-02-27,38.31,36.34
2015-03-02,38.27,36.4
2015-03-03,37.7,35.94
2015-03-04,37.88,35.93
2015-03-05,37.92,35.97
2015-03-06,36.92,35.31
2015-03-09,37.08,35.37
2015-03-10,37.0,35.12
2015-03-11,37.54,35.36
2015-03-12,37.79,35.83
2015-03-13,37.73,35.51
2015-03-16,37.49,35.6
2015-03-17,37.4,35.39
2015-03-18,38.18,35.85
2015-03-19,38.15,35.86
2015-03-20,38.7,36.43
2015-03-23,38.21,36.2
2015-03-24,38.78,36.55
2015-03-25,38.29,35.96
2015-03-26,38.33,35.68
2015-03-27,39.22,36.2
2015-03-30,39.21,36.85
2015-03-31,39.34,36.86
2015-04-01,39.13,36.54
2015-04-02,39.9,36.99
2015-04-06,39.89,36.85
2015-04-07,38.86,36.38
2015-04-08,39.86,36.8
2015-04-09,39.81,36.42
2015-04-10,39.68,36.5
2015-04-13,39.28,36.31
2015-04-14,39.68,36.53
2015-04-15,39.99,36.67
2015-04-16,38.76,36.02
2015-04-17,38.35,35.61
2015-04-20,38.08,35.73
2015-04-21,38.78,36.07
2015-04-22,37.62,35.91
2015-04-23,36.05,35.35
2015-04-24,36.8,35.95
2015-04-27,36.71,35.51
2015-04-28,36.83,35.61
2015-04-29,36.15,35.19
2015-04-30,35.54,34.6
2015-05-01,35.81,35.25
2015-05-04,35.77,35.26
2015-05-05,35.54,34.92
2015-05-06,35.71,34.87
2015-05-07,36.33,35.32
2015-05-08,36.59,35.7999
2015-05-11,36.34,35.56
2015-05-12,36.58,35.33
2015-05-13,36.35,35.33
2015-05-14,36.72,35.66
2015-05-15,37.39,35.95
2015-05-18,37.9,36.31
2015-05-19,37.9,36.53
2015-05-20,38.04,36.36
2015-05-21,37.75,36.4
2015-05-22,37.69,36.2
2015-05-26,36.99,35.94
2015-05-27,36.16,36.22
2015-05-28,36.46,36.27
2015-05-29,36.17,35.94
2015-06-01,36.55,36.04
2015-06-02,36.32,36.13
2015-06-03,36.72,36.38
2015-06-04,36.31,35.94
2015-06-05,36.48,36.06
2015-06-08,36.14,35.77
2015-06-09,36.21,35.67
2015-06-10,36.81,36.23
2015-06-11,37.33,36.41
2015-06-12,37.29,36.48
2015-06-15,37.19,36.42
2015-06-16,36.94,36.46
2015-06-17,36.93,36.43
2015-06-18,37.12,36.68
2015-06-19,37.71,36.84
2015-06-22,37.87,37.19
2015-06-23,37.91,37.24
2015-06-24,38.22,37.28
2015-06-25,38.31,37.22
2015-06-26,38.39,37.32
2015-06-29,37.67,36.49
2015-06-30,38.19,36.62
2015-07-01,38.5,36.9
2015-07-02,38.44,36.7
2015-07-06,38.35,36.61
2015-07-07,39.07,36.77
2015-07-08,38.26,36.24
2015-07-09,38.49,36.4
2015-07-10,38.87,36.77
2015-07-13,39.25,37.13
2015-07-14,39.4,37.17
2015-07-15,38.78,36.91
2015-07-16,38.41,36.95
2015-07-17,38.31,36.66
2015-07-20,37.87,36.54
2015-07-21,37.81,36.48
2015-07-22,38.77,37.19
2015-07-23,38.43,37.07
2015-07-24,37.77,36.45
2015-07-27,37.85,36.12
2015-07-28,38.38,36.6
2015-07-29,38.68,37.08
2015-07-30,38.89,37.3
2015-07-31,38.92,37.58
2015-08-03,38.48,37.26
2015-08-04,38.13,37.19
2015-08-05,37.42,37.02
2015-08-06,37.4,36.77
2015-08-07,37.62,36.97
2015-08-10,38.48,37.52
2015-08-11,38.81,37.51
2015-08-12,39.22,37.55
2015-08-13,40.04,37.92
2015-08-14,39.84,38.14
2015-08-17,40.75,38.57
2015-08-18,41.88,39.05
2015-08-19,41.68,39.08
2015-08-20,40.75,38.12
2015-08-21,39.95,37.26
2015-08-24,38.06,35.635
2015-08-25,35.08,34.89
2015-08-26,35.98,35.69
2015-08-27,36.92,36.18
2015-08-28,36.64,36.17
2015-08-31,36.97,36.23
2015-09-01,36.07,35.3
2015-09-02,37.2,36.14
2015-09-03,37.6,36.47
2015-09-04,36.77,35.93
2015-09-08,37.92,37.12
2015-09-09,37.34,36.73
2015-09-10,36.98,36.63
2015-09-11,37.54,37.08
2015-09-14,37.23,36.9
2015-09-15,37.38,37.12
2015-09-16,37.35,37.27
2015-09-17,37.75,37.53
2015-09-18,36.64,36.7
2015-09-21,36.4,36.5
2015-09-22,35.58,35.78
2015-09-23,35.61,35.83
2015-09-24,35.62,35.69
2015-09-25,36.05,35.75
2015-09-28,34.43,34.34
2015-09-29,34.02,33.71
2015-09-30,34.24,34.23
2015-10-01,34.36,34.64
2015-10-02,34.85,34.78
2015-10-05,36.17,35.78
2015-10-06,35.58,35.29
2015-10-07,36.57,35.91
2015-10-08,36.89,36.35
2015-10-09,36.87,36.33
2015-10-12,37.09,36.43
2015-10-13,36.55,35.96
2015-10-14,35.7,35.19
2015-10-15,36.06,35.62
2015-10-16,36.3,35.82
2015-10-19,36.4,36.07
2015-10-20,36.83,36.35
2015-10-21,36.58,36.18
2015-10-22,36.44,36.3
2015-10-23,36.78,36.11
2015-10-26,36.66,36.26
2015-10-27,35.76,35.63
2015-10-28,36.55,36.27
2015-10-29,35.57,35.73
2015-10-30,35.97,35.74
2015-11-02,36.25,36.15
2015-11-03,36.0,36.24
2015-11-04,35.77,36.14
2015-11-05,35.4,36.13
2015-11-06,34.87,35.93
2015-11-09,34.44,35.37
2015-11-10,35.14,35.77
2015-11-11,35.97,35.96
2015-11-12,35.56,35.3
2015-11-13,35.18,34.7
2015-11-16,36.29,35.34
2015-11-17,36.32,35.32
2015-11-18,36.95,35.97
2015-11-19,37.03,35.95
2015-11-20,37.19,36.1
2015-11-23,37.1,36.21
2015-11-24,37.37,36.49
2015-11-25,37.71,36.83
2015-11-27,37.89,36.78
2015-11-30,37.18,36.35
2015-12-01,38.06,36.75
2015-12-02,37.2,36.3
2015-12-03,36.64,35.58
2015-12-04,37.49,36.28
2015-12-07,37.52,36.12
2015-12-08,34.88,35.63
2015-12-09,33.84,34.83
2015-12-10,34.09,35.02
2015-12-11,33.87,34.5
2015-12-14,33.11,34.2
2015-12-15,33.58,34.42
2015-12-16,34.61,35.19
2015-12-17,33.88,34.45
2015-12-18,32.85,33.66
2015-12-21,33.35,33.92
2015-12-22,33.83,34.19
2015-12-23,33.88,34.43
2015-12-24,34.08,34.49
2015-12-28,33.75,34.46
2015-12-29,33.86,34.66
2015-12-30,33.52,34.5
2015-12-31,33.3,34.18
2016-01-04,32.73,33.53
2016-01-05,32.95,33.45
2016-01-06,32.13,32.63
2016-01-07,30.37,31.61
2016-01-08,29.79,31.06
2016-01-11,29.89,30.94
2016-01-12,30.2,31.22
2016-01-13,29.9,30.15
2016-01-14,29.58,30.07
2016-01-15,29.08,29.73
2016-01-19,28.57,29.4
2016-01-20,27.67,29.08
2016-01-21,27.82,29.48
2016-01-22,28.21,30.25
2016-01-25,26.95,29.55
2016-01-26,27.56,30.16
2016-01-27,26.79,29.77
2016-01-28,26.84,29.65
2016-01-29,27.62,30.52
2016-02-01,27.03,30.37
2016-02-02,26.56,29.65
2016-02-03,26.84,29.59
2016-02-04,27.39,29.8
2016-02-05,26.24,29.12
2016-02-08,25.13,28.26
2016-02-09,25.05,28.51
2016-02-10,25.12,28.72
2016-02-11,24.1,27.98
2016-02-12,25.04,28.72
2016-02-16,25.71,29.53
2016-02-17,25.23,30.0
2016-02-18,25.03,29.89
2016-02-19,25.08,29.92
2016-02-22,26.03,30.47
2016-02-23,27.02,30.56
2016-02-24,26.83,30.85
2016-02-25,27.71,30.93
2016-02-26,27.57,31.23
2016-02-29,27.45,30.87
2016-03-01,28.44,31.66
2016-03-02,28.71,31.76
2016-03-03,28.82,32.13
2016-03-04,28.2,32.18
2016-03-07,28.52,32.22
2016-03-08,27.49,31.82
2016-03-09,27.6,31.93
2016-03-10,27.43,31.87
2016-03-11,28.37,32.49
2016-03-14,28.17,32.48
2016-03-15,27.59,32.37
2016-03-16,28.28,32.79
2016-03-17,28.78,33.04
2016-03-18,29.59,33.46
2016-03-21,29.41,33.26
2016-03-22,29.02,33.16
2016-03-23,28.53,32.75
2016-03-24,28.53,32.78
2016-03-28,28.68,33.11
2016-03-29,29.61,33.67
2016-03-30,29.04,33.62
2016-03-31,29.51,33.84
2016-04-01,29.53,34.09
2016-04-04,28.8,33.66
2016-04-05,28.82,33.69
2016-04-06,29.33,34.17
2016-04-07,28.9,33.81
2016-04-08,28.74,33.9
2016-04-11,29.02,33.88
2016-04-12,29.02,34.17
2016-04-13,29.98,34.91
2016-04-14,29.9,34.71
2016-04-15,29.61,34.84
2016-04-18,29.67,34.9
2016-04-19,29.38,34.72
2016-04-20,29.01,34.85
2016-04-21,29.17,34.73
2016-04-22,29.05,34.74
2016-04-25,28.78,34.51
2016-04-26,29.18,34.83
2016-04-27,29.18,34.84
2016-04-28,27.52,33.79
2016-04-29,27.3,33.66
2016-05-02,27.57,34.0
2016-05-03,26.94,33.46
2016-05-04,26.96,33.38
2016-05-05,26.62,33.3
2016-05-06,26.47,33.5
2016-05-09,26.66,33.52
2016-05-10,26.86,33.83
2016-05-11,26.53,33.17
2016-05-12,26.71,33.14
2016-05-13,26.56,32.82
2016-05-16,26.92,33.05
2016-05-17,26.86,32.93
2016-05-18,26.77,32.82
2016-05-19,26.75,32.77
2016-05-20,27.57,33.23
2016-05-23,27.1,32.98
2016-05-24,29.46,33.99
2016-05-25,29.09,34.13
2016-05-26,28.9,34.01
2016-05-27,29.15,34.29
2016-05-31,29.15,34.18
2016-06-01,29.16,34.41
2016-06-02,29.04,34.39
2016-06-03,28.82,34.2
2016-06-06,28.87,34.23
2016-06-07,29.58,34.68
2016-06-08,29.75,34.96
2016-06-09,29.43,34.42
2016-06-10,28.59,33.7
2016-06-13,27.78,33.16
2016-06-14,27.34,32.94
2016-06-15,27.53,33.14
2016-06-16,27.51,33.16
2016-06-17,27.82,33.38
2016-06-20,27.76,33.71
2016-06-21,27.42,33.59
2016-06-22,27.17,33.54
2016-06-23,27.59,33.92
2016-06-24,26.56,32.64
2016-06-27,25.46,31.69
2016-06-28,26.11,32.5
2016-06-29,26.59,33.05
2016-06-30,26.91,33.54
2016-07-01,27.06,33.75
2016-07-05,26.44,33.31
2016-07-06,27.08,33.95
2016-07-07,27.23,34.06
2016-07-08,28.24,34.88
2016-07-11,27.94,35.12
2016-07-12,27.78,35.28
2016-07-13,27.7,35.2
2016-07-14,27.46,35.15
2016-07-15,27.4,35.17
2016-07-18,27.69,35.33
2016-07-19,27.69,35.27
2016-07-20,27.92,35.6
2016-07-21,28.0,35.36
2016-07-22,28.28,35.63
2016-07-25,28.65,35.78
2016-07-26,29.14,36.09
2016-07-27,28.67,35.9
2016-07-28,28.55,36.49
2016-07-29,28.01,36.08
2016-08-01,27.9,36.14
2016-08-02,27.25,35.69
2016-08-03,27.5,35.82
2016-08-04,27.43,35.7
2016-08-05,27.82,36.15
2016-08-08,27.85,36.12
2016-08-09,27.89,36.07
2016-08-10,27.93,35.89
2016-08-11,28.07,36.16
2016-08-12,27.97,36.07
2016-08-15,28.86,36.32
2016-08-16,28.76,36.01
2016-08-17,28.48,35.62
2016-08-18,28.62,35.75
2016-08-19,28.78,35.78
2016-08-22,29.33,35.9
2016-08-23,31.91,36.54
2016-08-24,31.03,36.23
2016-08-25,31.24,36.31
2016-08-26,30.74,35.97
2016-08-29,30.9,36.27
2016-08-30,31.25,36.28
2016-08-31,31.09,36.14
2016-09-01,30.62,36.02
2016-09-02,30.72,36.14
2016-09-06,30.97,36.07
2016-09-07,31.0,36.3
2016-09-08,30.56,35.94
2016-09-09,29.31,34.3
2016-09-12,29.89,34.76
2016-09-13,29.13,34.16
2016-09-14,28.97,34.07
2016-09-15,29.68,34.3
2016-09-16,29.37,33.85
2016-09-19,29.39,34.12
2016-09-20,28.97,33.81
2016-09-21,29.05,34.16
2016-09-22,29.22,34.54
2016-09-23,29.19,34.44
2016-09-26,29.27,34.15
2016-09-27,29.3,34.32
2016-09-28,29.41,34.09
2016-09-29,29.56,33.65
2016-09-30,29.86,33.94
2016-10-03,29.53,33.7
2016-10-04,29.38,33.66
2016-10-05,29.39,33.85
2016-10-06,29.53,34.13
2016-10-07,29.25,33.5
2016-10-10,29.34,33.62
2016-10-11,29.15,33.05
2016-10-12,29.02,33.24
2016-10-13,28.62,32.92
2016-10-14,28.55,32.91
2016-10-17,28.41,32.85
2016-10-18,28.61,32.92
2016-10-19,28.94,32.87
2016-10-20,28.71,32.64
2016-10-21,28.53,32.63
2016-10-24,28.76,32.92
2016-10-25,28.22,31.8
2016-10-26,28.07,31.64
2016-10-27,27.2,31.24
2016-10-28,27.41,31.58
2016-10-31,27.44,31.62
2016-11-01,27.09,31.23
2016-11-02,27.06,31.06
2016-11-03,27.12,30.95
2016-11-04,27.42,31.38
2016-11-07,27.81,31.93
2016-11-08,27.49,31.88
2016-11-09,27.63,32.29
2016-11-10,29.41,33.12
2016-11-11,28.93,33.11
2016-11-14,29.22,33.52
2016-11-15,28.93,33.52
2016-11-16,28.35,33.22
2016-11-17,29.14,33.89
2016-11-18,29.14,33.88
2016-11-21,29.66,34.11
2016-11-22,29.8,34.24
2016-11-23,30.05,34.35
2016-11-25,30.37,34.6
2016-11-28,30.17,34.16
2016-11-29,30.61,34.34
2016-11-30,29.66,33.85
2016-12-01,29.14,33.53
2016-12-02,29.32,33.63
2016-12-05,30.47,34.04
2016-12-06,31.93,34.37
2016-12-07,32.61,35.25
2016-12-08,32.98,35.65
2016-12-09,32.17,35.51
2016-12-12,31.88,35.31
2016-12-13,32.15,35.39
2016-12-14,31.2,34.96
2016-12-15,31.02,34.58
2016-12-16,31.59,34.58
2016-12-19,31.74,34.71
2016-12-20,31.61,34.86
2016-12-21,31.79,35.03
2016-12-22,31.32,34.35
2016-12-23,31.33,34.28
2016-12-27,31.91,34.54
2016-12-28,31.53,34.15
2016-12-29,31.38,34.1
2016-12-30,31.0,33.85
2017-01-03,31.31,34.16
2017-01-04,32.0,34.69
2017-01-05,31.86,34.51
2017-01-06,31.24,34.23
2017-01-09,31.12,34.02
2017-01-10,31.12,34.18
2017-01-11,31.38,34.31
2017-01-12,30.92,34.2
2017-01-13,31.02,34.36
2017-01-17,30.9,34.28
2017-01-18,31.07,34.28
2017-01-19,30.98,34.05
2017-01-20,31.02,34.21
2017-01-23,30.91,34.32
2017-01-24,32.4,35.33
2017-01-25,32.93,35.73
2017-01-26,32.71,35.49
2017-01-27,31.9,35.11
2017-01-30,31.6,34.67
2017-01-31,31.36,34.5
2017-02-01,31.49,34.5
2017-02-02,31.34,34.32
2017-02-03,31.67,34.61
2017-02-06,31.53,34.39
2017-02-07,31.33,34.36
2017-02-08,31.2,34.44
2017-02-09,31.17,34.79
2017-02-10,31.72,35.21
2017-02-13,31.81,35.19
2017-02-14,31.6,35.17
2017-02-15,31.89,35.44
2017-02-16,31.43,35.38
2017-02-17,31.49,35.4
2017-02-21,31.99,35.83
2017-02-22,33.93,35.85
2017-02-23,33.96,35.68
2017-02-24,33.74,35.83
2017-02-27,34.4,36.38
2017-02-28,34.14,36.02
2017-03-01,34.92,36.85
2017-03-02,34.99,36.63
2017-03-03,35.11,36.75
2017-03-06,35.07,36.38
2017-03-07,35.47,36.37
2017-03-08,35.87,36.72
2017-03-09,35.57,36.63
2017-03-10,36.29,37.01
2017-03-13,35.9,36.93
2017-03-14,35.75,36.78
2017-03-15,36.15,37.29
2017-03-16,37.08,37.58
2017-03-17,36.67,37.44
2017-03-20,36.4,37.3439
2017-03-21,35.83,36.73
2017-03-22,35.76,36.71
2017-03-23,35.84,36.85
2017-03-24,35.87,36.77
2017-03-27,35.89,36.76
2017-03-28,36.42,37.03
2017-03-29,36.36,37.15
2017-03-30,36.39,37.22
2017-03-31,36.11,37.23
2017-04-03,35.8,36.96
2017-04-04,35.46,36.78
2017-04-05,35.23,36.56
2017-04-06,35.43,36.83
2017-04-07,35.33,36.75
2017-04-10,35.42,36.92
2017-04-11,36.58,37.21
2017-04-12,36.08,36.8
2017-04-13,36.22,36.7
2017-04-17,36.83,37.09
2017-04-18,37.09,37.17
2017-04-19,36.96,37.31
2017-04-20,36.31,37.45
2017-04-21,36.18,37.52
2017-04-24,35.93,37.72
2017-04-25,35.63,37.9
2017-04-26,36.36,38.27
2017-04-27,36.51,38.24
2017-04-28,35.99,37.81
2017-05-01,36.13,37.63
2017-05-02,36.05,37.58
2017-05-03,36.03,37.47
2017-05-04,36.47,37.55
2017-05-05,36.61,37.8
2017-05-08,36.64,37.71
2017-05-09,37.36,38.07
2017-05-10,37.26,38.1
2017-05-11,37.3,37.96
2017-05-12,37.01,37.62
2017-05-15,37.44,38.02
2017-05-16,37.63,37.96
2017-05-17,36.84,37.32
2017-05-18,37.47,37.34
2017-05-19,37.84,37.74
2017-05-22,38.03,37.89
2017-05-23,37.78,37.63
2017-05-24,37.97,37.76
2017-05-25,37.68,37.65
2017-05-26,37.39,37.51
2017-05-30,37.04,37.44
2017-05-31,36.91,37.49
2017-06-01,37.75,37.9
2017-06-02,38.29,38.26
2017-06-05,37.53,38.01
2017-06-06,37.74,37.74
2017-06-07,38.03,37.8
2017-06-08,37.86,37.87
2017-06-09,37.84,38.04
2017-06-12,37.98,38.28
2017-06-13,38.57,38.7
2017-06-14,39.12,38.96
2017-06-15,38.56,38.7
2017-06-16,38.54,38.5
2017-06-19,38.75,38.9
2017-06-20,39.02,38.74
2017-06-21,39.04,38.62
2017-06-22,38.89,38.51
2017-06-23,39.07,38.26
2017-06-26,39.3,38.51
2017-06-27,39.02,38.19
2017-06-28,39.6,38.61
2017-06-29,38.91,38.09
2017-06-30,39.51,38.53
2017-07-03,39.33,38.53
2017-07-05,39.61,38.58
2017-07-06,39.2,38.06
2017-07-07,40.41,38.63
2017-07-10,40.95,38.74
2017-07-11,40.19,38.46
2017-07-12,39.71,38.63
2017-07-13,40.11,38.81
2017-07-14,40.17,38.84
2017-07-17,39.87,38.85
2017-07-18,39.16,38.6
2017-07-19,39.49,38.93
2017-07-20,39.25,38.46
2017-07-21,39.3,38.68
2017-07-24,39.21,38.47
2017-07-25,39.79,38.65
2017-07-26,39.29,38.64
2017-07-27,39.32,38.7
2017-07-28,38.84,38.41
2017-07-31,38.59,38.35
2017-08-01,39.44,38.69
2017-08-02,39.43,38.67
2017-08-03,39.44,38.55
2017-08-04,39.73,38.85
2017-08-07,39.73,38.98
2017-08-08,39.84,38.92
2017-08-09,39.66,38.75
2017-08-10,38.42,37.94
2017-08-11,38.73,38.13
2017-08-14,39.08,38.57
2017-08-15,39.21,38.22
2017-08-16,39.7,38.39
2017-08-17,38.63,37.77
2017-08-18,38.15,37.44
2017-08-21,38.26,37.52
2017-08-22,37.27,37.66
2017-08-23,37.51,37.33
2017-08-24,37.0,37.23
2017-08-25,37.78,37.51
2017-08-28,37.88,37.51
2017-08-29,37.85,37.46
2017-08-30,38.22,37.74
2017-08-31,38.96,38.18
2017-09-01,39.0,38.36
2017-09-05,38.54,38.24
2017-09-06,38.9,38.4
2017-09-07,38.93,38.31
2017-09-08,39.46,38.85
2017-09-11,39.67,38.88
2017-09-12,40.2,39.47
2017-09-13,39.87,39.03
2017-09-14,39.21,38.89
2017-09-15,39.41,38.77
2017-09-18,39.95,38.68
2017-09-19,40.2,38.7
2017-09-20,39.74,38.37
2017-09-21,39.84,38.38
2017-09-22,39.75,38.47
2017-09-25,40.21,38.65
2017-09-26,40.21,38.99
2017-09-27,40.24,39.3
2017-09-28,40.98,39.59
2017-09-29,41.47,39.82
2017-10-02,41.57,40.04
2017-10-03,41.93,40.33
2017-10-04,42.5,40.56
2017-10-05,42.33,40.44
2017-10-06,42.71,40.49
2017-10-09,42.81,40.43
2017-10-10,42.95,40.36
2017-10-11,43.18,40.39
2017-10-12,42.66,40.31
2017-10-13,42.48,40.3
2017-10-16,42.76,40.29
2017-10-17,43.04,40.28
2017-10-18,43.11,40.28
2017-10-19,43.96,40.72
2017-10-20,44.21,41.19
2017-10-23,44.36,41.23
2017-10-24,44.61,41.44
2017-10-25,44.73,40.84
2017-10-26,45.32,41.17
2017-10-27,45.54,41.18
2017-10-30,45.51,41.1
2017-10-31,46.04,41.36
2017-11-01,46.63,41.45
2017-11-02,43.79,40.42
2017-11-03,43.9,40.41
2017-11-06,44.84,40.7
2017-11-07,45.35,40.51
2017-11-08,46.03,40.96
2017-11-09,45.8,40.83
2017-11-10,45.91,40.85
2017-11-13,46.05,41.0
2017-11-14,47.05,41.3
2017-11-15,46.94,41.03
2017-11-16,46.73,41.47
2017-11-17,47.0,41.56
2017-11-20,46.99,41.79
2017-11-21,47.95,42.17
2017-11-22,48.07,42.19
2017-11-24,48.4,42.23
2017-11-27,48.18,42.19
2017-11-28,49.47,42.99
2017-11-29,50.09,43.57
2017-11-30,50.33,43.83
2017-12-01,49.67,43.64
2017-12-04,50.66,44.14
2017-12-05,46.93,43.42
2017-12-06,46.68,42.96
2017-12-07,47.0,43.29
2017-12-08,47.87,43.61
2017-12-11,47.74,43.33
2017-12-12,47.09,43.21
2017-12-13,47.06,43.36
2017-12-14,47.08,43.04
2017-12-15,47.7,43.28
2017-12-18,47.84,43.97
2017-12-19,47.44,43.83
2017-12-20,47.39,44.19
2017-12-21,47.47,44.24
2017-12-22,47.29,44.15
2017-12-26,47.62,44.37
2017-12-27,48.03,44.38
2017-12-28,48.5,44.55
2017-12-29,48.02,44.26
2018-01-02,48.32,44.45
2018-01-03,50.42,45.13
2018-01-04,50.13,45.02
2018-01-05,51.21,45.42
2018-01-08,51.9,45.59
2018-01-09,52.1,45.55
2018-01-10,50.57,45.02
2018-01-11,51.81,45.85
2018-01-12,51.58,46.21
2018-01-16,50.83,45.67
2018-01-17,52.07,46.3
2018-01-18,51.57,46.07
2018-01-19,51.88,46.58
2018-01-22,52.54,46.75
2018-01-23,52.23,46.74
2018-01-24,51.43,46.73
2018-01-25,49.71,46.25
2018-01-26,49.31,46.31
2018-01-29,47.49,45.42
2018-01-30,47.02,45.04
2018-01-31,46.58,44.75
2018-02-01,47.35,44.45
2018-02-02,46.4,43.17
2018-02-05,44.82,41.47
2018-02-06,46.75,42.59
2018-02-07,46.04,42.65
2018-02-08,43.75,41.0
2018-02-09,44.53,41.22
2018-02-12,45.31,41.87
2018-02-13,45.59,41.81
2018-02-14,46.49,42.51
2018-02-15,46.59,42.75
2018-02-16,47.07,42.94
2018-02-20,46.78,42.41
2018-02-21,46.68,42.26
2018-02-22,46.24,42.11
2018-02-23,46.55,42.48
2018-02-26,47.53,42.44
2018-02-27,45.1,41.49
2018-02-28,43.83,40.54
2018-03-01,43.84,40.15
2018-03-02,43.91,40.26
2018-03-05,44.32,40.7
2018-03-06,45.06,41.36
2018-03-07,44.74,41.2
2018-03-08,45.01,41.2
2018-03-09,45.22,42.04
2018-03-12,44.94,42.09
2018-03-13,45.11,42.17
2018-03-14,44.38,41.68
2018-03-15,43.85,41.32
2018-03-16,44.79,41.54
2018-03-19,44.58,41.17
2018-03-20,44.09,40.99
2018-03-21,45.0,41.43
2018-03-22,44.05,40.59
2018-03-23,43.8,39.89
2018-03-26,44.23,40.93
2018-03-27,43.4,40.31
2018-03-28,42.67,40.23
2018-03-29,43.25,40.79
2018-04-02,41.95,39.5
2018-04-03,42.14,40.04
2018-04-04,43.85,41.36
2018-04-05,44.62,41.76
2018-04-06,43.19,40.81
2018-04-09,43.03,40.48
2018-04-10,43.3,40.87
2018-04-11,42.87,40.6
2018-04-12,42.26,40.06
2018-04-13,42.35,39.99
2018-04-16,42.69,40.36
2018-04-17,43.41,40.71
2018-04-18,43.3,40.95
2018-04-19,41.68,39.93
2018-04-20,41.37,39.48
2018-04-23,41.47,39.6
2018-04-24,40.99,39.1
2018-04-25,42.03,39.33
2018-04-26,42.95,39.67
2018-04-27,43.52,39.76
2018-04-30,42.16,38.96
2018-05-01,42.95,39.47
2018-05-02,42.07,39.02
2018-05-03,42.78,39.12
2018-05-04,43.44,39.57
2018-05-07,43.52,39.59
2018-05-08,43.61,39.68
2018-05-09,42.26,39.25
2018-05-10,42.53,39.53
2018-05-11,42.66,39.73
2018-05-14,42.79,39.62
2018-05-15,40.89,38.79
2018-05-16,41.7,38.98
2018-05-17,42.4,39.32
2018-05-18,43.16,39.67
2018-05-21,43.63,39.83
2018-05-22,39.46,39.04
2018-05-23,39.91,39.52
2018-05-24,40.04,39.5
2018-05-25,40.77,39.87
2018-05-29,40.93,39.88
2018-05-30,39.9,39.92
2018-05-31,39.49,39.28
2018-06-01,39.53,39.38
2018-06-04,39.62,39.85
2018-06-05,39.31,40.11
2018-06-06,39.2,40.36
2018-06-07,39.33,40.56
2018-06-08,40.52,41.33
2018-06-11,40.13,41.39
2018-06-12,40.72,41.88
2018-06-13,38.96,40.86
2018-06-14,39.05,41.0
2018-06-15,38.7,40.88
2018-06-18,37.78,40.51
2018-06-19,37.57,40.42
2018-06-20,37.4,40.5
2018-06-21,37.4,40.09
2018-06-22,37.11,39.85
2018-06-25,36.45,39.36
2018-06-26,36.87,39.67
2018-06-27,36.01,39.23
2018-06-28,36.46,39.23
2018-06-29,36.99,39.55
2018-07-02,36.74,39.52
2018-07-03,36.88,39.64
2018-07-05,37.0,40.13
2018-07-06,37.01,40.24
2018-07-09,37.83,40.78
2018-07-10,37.21,40.71
2018-07-11,37.17,40.36
2018-07-12,37.15,40.49
2018-07-13,37.14,40.72
2018-07-16,37.01,40.55
2018-07-17,38.04,41.14
2018-07-18,37.86,41.08
2018-07-19,38.05,41.46
2018-07-20,37.34,41.0
2018-07-23,36.93,40.55
2018-07-24,36.25,39.85
2018-07-25,34.97,39.11
2018-07-26,35.68,39.37
2018-07-27,35.14,39.17
2018-07-30,35.17,39.14
2018-07-31,35.26,39.62
2018-08-01,35.31,39.38
2018-08-02,34.88,39.37
2018-08-03,35.08,39.49
2018-08-06,35.27,39.59
2018-08-07,35.92,39.97
2018-08-08,36.04,39.73
2018-08-09,36.28,39.84
2018-08-10,35.67,39.33
2018-08-13,34.17,38.63
2018-08-14,34.22,39.05
2018-08-15,34.12,39.05
2018-08-16,34.11,39.24
2018-08-17,34.4,39.47
2018-08-20,34.73,39.6
2018-08-21,39.52,40.62
2018-08-22,38.37,40.49
2018-08-23,37.29,40.47
2018-08-24,37.01,40.39
2018-08-27,37.52,40.63
2018-08-28,37.12,40.45
2018-08-29,36.88,40.33
2018-08-30,36.25,39.99
2018-08-31,36.23,40.02
2018-09-04,36.64,40.15
2018-09-05,37.4,40.48
2018-09-06,36.83,40.36
2018-09-07,36.09,40.0
2018-09-10,36.29,40.31
2018-09-11,36.57,40.45
2018-09-12,36.95,40.63
2018-09-13,36.35,40.23
2018-09-14,36.78,40.37
2018-09-17,36.17,40.09
2018-09-18,36.49,40.24
2018-09-19,36.33,40.22
2018-09-20,35.86,40.1
2018-09-21,35.85,39.91
2018-09-24,35.12,39.39
2018-09-25,35.25,39.31
2018-09-26,34.36,38.96
2018-09-27,33.55,38.67
2018-09-28,33.03,38.44
2018-10-01,33.15,38.3
2018-10-02,33.4,38.08
2018-10-03,32.74,37.94
2018-10-04,32.28,37.46
2018-10-05,32.06,37.18
2018-10-08,32.5,37.27
2018-10-09,31.7,36.2
2018-10-10,31.42,35.54
2018-10-11,31.35,34.98
2018-10-12,31.24,34.86
2018-10-15,31.0,34.85
2018-10-16,32.02,35.63
2018-10-17,31.19,34.95
2018-10-18,31.3,34.2
2018-10-19,30.02,33.63
2018-10-22,29.06,33.27
2018-10-23,30.25,33.81
2018-10-24,28.93,32.64
2018-10-25,30.38,33.59
2018-10-26,31.31,32.59
2018-10-29,30.53,32.18
2018-10-30,33.2,33.8
2018-10-31,33.66,33.99
2018-11-01,33.5,35.11
2018-11-02,32.74,34.96
2018-11-05,33.52,35.33
2018-11-06,33.16,35.23
2018-11-07,33.39,35.45
2018-11-08,32.36,35.05
2018-11-09,32.38,34.65
2018-11-12,31.98,34.21
2018-11-13,32.33,34.63
2018-11-14,31.83,34.27
2018-11-15,29.94,33.97
2018-11-16,30.39,34.21
2018-11-19,31.07,34.09
2018-11-20,31.68,33.96
2018-11-21,32.57,34.42
2018-11-23,32.6,34.53
2018-11-26,33.06,34.88
2018-11-27,33.09,34.83
2018-11-28,33.58,35.69
2018-11-29,33.61,35.42
2018-11-30,32.97,35.51
2018-12-03,33.53,36.07
2018-12-04,32.99,34.39
2018-12-06,33.2,34.69
2018-12-07,33.14,34.26
2018-12-10,32.11,33.68
2018-12-11,31.89,33.43
2018-12-12,32.92,33.85
2018-12-13,32.64,33.52
2018-12-14,32.22,33.14
2018-12-17,31.96,32.72
2018-12-18,32.32,33.17
2018-12-19,31.98,32.76
2018-12-20,32.42,32.41
2018-12-21,31.14,31.44
2018-12-24,31.19,30.74
2018-12-26,32.81,32.2
2018-12-27,32.76,32.41
2018-12-28,33.2,32.37
2018-12-31,32.93,32.52
2019-01-02,33.46,32.81
2019-01-03,33.2,32.41
2019-01-04,34.9,33.66
2019-01-07,35.33,34.42
2019-01-08,35.03,34.69
2019-01-09,36.31,35.42
2019-01-10,36.14,35.34
2019-01-11,35.9,35.39
2019-01-14,35.7,35.14
2019-01-15,36.11,35.07
2019-01-16,35.77,34.72
2019-01-17,35.19,34.96
2019-01-18,34.95,35.28
2019-01-22,34.49,34.67
2019-01-23,34.83,34.53
2019-01-24,35.42,35.03
2019-01-25,34.98,35.22
2019-01-28,34.86,35.35
2019-01-29,35.16,35.74
2019-01-30,35.72,36.03
2019-01-31,36.94,36.68
2019-02-01,36.97,36.59
2019-02-04,36.84,36.82
2019-02-05,37.31,37.02
2019-02-06,36.32,36.64
2019-02-07,36.66,36.96
2019-02-08,36.35,37.01
2019-02-11,35.95,37.2
2019-02-12,37.46,38.51
2019-02-13,36.62,38.36
2019-02-14,36.71,38.29
2019-02-15,36.85,38.68
2019-02-19,37.09,38.87
2019-02-20,36.73,38.72
2019-02-21,37.3,38.88
2019-02-22,37.68,39.21
2019-02-25,37.31,39.05
2019-02-26,37.27,38.84
2019-02-27,36.33,38.85
2019-02-28,35.6,38.37
2019-03-01,35.46,38.62
2019-03-04,35.87,38.89
2019-03-05,35.03,38.38
2019-03-06,34.82,38.08
2019-03-07,35.51,38.08
2019-03-08,35.59,38.08
2019-03-11,36.38,38.48
2019-03-12,36.11,38.53
2019-03-13,35.73,38.36
2019-03-14,36.15,38.15
2019-03-15,35.93,37.97
2019-03-18,36.0,38.21
2019-03-19,35.3,37.8
2019-03-20,34.88,37.57
2019-03-21,35.74,38.32
2019-03-22,35.46,37.68
2019-03-25,36.46,38.17
2019-03-26,36.45,38.2
2019-03-27,37.16,38.57
2019-03-28,36.41,38.56
2019-03-29,36.2,38.55
2019-04-01,36.19,38.93
2019-04-02,36.01,38.91
2019-04-03,36.53,39.2
2019-04-04,37.23,39.75
2019-04-05,37.66,40.33
2019-04-08,37.86,40.39
2019-04-09,37.25,39.81
2019-04-10,37.45,40.2
2019-04-11,37.64,40.47
2019-04-12,37.49,40.59
2019-04-15,37.61,40.63
2019-04-16,38.34,40.83
2019-04-17,38.72,40.88
2019-04-18,39.22,41.08
2019-04-22,38.2,40.77
2019-04-23,38.61,41.23
2019-04-24,38.38,40.87
2019-04-25,37.56,40.26
2019-04-26,37.43,40.48
2019-04-29,37.58,40.73
2019-04-30,38.1,40.66
2019-05-01,38.16,40.6
2019-05-02,38.3,41.02
2019-05-03,38.94,41.54
2019-05-06,38.71,41.22
2019-05-07,38.0,40.52
2019-05-08,37.63,40.23
2019-05-09,38.17,40.28
2019-05-10,38.21,40.42
2019-05-13,37.95,39.52
2019-05-14,38.37,40.09
2019-05-15,38.65,40.2
2019-05-16,39.03,40.5
2019-05-17,38.42,40.04
2019-05-20,37.51,39.65
2019-05-21,38.35,40.38
2019-05-22,36.6,39.8
2019-05-23,35.66,39.26
2019-05-24,36.31,39.77
2019-05-28,36.01,39.18
2019-05-29,35.54,38.67
2019-05-30,35.47,38.94
2019-05-31,34.77,38.36
2019-06-03,35.62,38.91
2019-06-04,36.16,40.08
2019-06-05,36.49,40.32
2019-06-06,36.47,40.43
2019-06-07,37.17,40.68
2019-06-10,37.15,40.86
2019-06-11,36.39,40.69
2019-06-12,37.0,40.65
2019-06-13,37.64,41.34
2019-06-14,38.28,41.47
2019-06-17,37.55,41.17
2019-06-18,37.65,41.36
2019-06-19,37.15,41.13
2019-06-20,37.44,41.6
2019-06-21,36.45,41.1
2019-06-24,36.49,40.97
2019-06-25,35.79,40.48
2019-06-26,35.76,40.58
2019-06-27,36.52,41.2
2019-06-28,36.62,41.68
2019-07-01,36.96,42.02
2019-07-02,36.93,42.02
2019-07-03,37.27,42.34
2019-07-05,36.79,42.07
2019-07-08,37.05,41.92
2019-07-09,36.25,41.63
2019-07-10,36.77,41.8
2019-07-11,36.29,41.75
2019-07-12,36.8,42.52
2019-07-15,36.42,42.47
2019-07-16,37.18,42.82
2019-07-17,36.46,42.42
2019-07-18,36.27,42.37
2019-07-19,36.1,41.97
2019-07-22,35.46,41.7
2019-07-23,34.98,41.48
2019-07-24,35.28,41.68
2019-07-25,35.74,41.98
2019-07-26,35.52,41.66
2019-07-29,35.52,41.22
2019-07-30,36.26,41.99
2019-07-31,35.97,41.65
2019-08-01,36.51,41.11
2019-08-02,36.02,40.9
2019-08-05,35.04,40.14
2019-08-06,35.62,40.7
2019-08-07,36.13,41.04
2019-08-08,36.47,41.63
2019-08-09,35.96,41.1
2019-08-12,35.47,40.56
2019-08-13,35.86,41.16
2019-08-14,35.03,40.05
2019-08-15,34.77,40.05
2019-08-16,35.22,40.61
2019-08-19,36.41,41.25
2019-08-20,36.91,41.44
2019-08-21,35.26,42.05
2019-08-22,36.0,42.13
2019-08-23,34.94,40.94
2019-08-26,35.67,41.18
2019-08-27,35.61,40.93
2019-08-28,35.71,41.38
2019-08-29,36.13,41.86
2019-08-30,36.19,42.05
2019-09-03,36.21,41.28
2019-09-04,36.62,41.84
2019-09-05,36.43,42.3
2019-09-06,36.7,42.41
2019-09-09,36.37,42.79
2019-09-10,37.19,43.06
2019-09-11,38.39,43.66
2019-09-12,38.46,43.67
2019-09-13,38.74,43.62
2019-09-16,40.76,43.3
2019-09-17,40.68,43.39
2019-09-18,39.19,43.41
2019-09-19,39.13,43.34
2019-09-20,39.0,43.07
2019-09-23,39.23,43.12
2019-09-24,39.71,43.05
2019-09-25,40.37,43.48
2019-09-26,40.45,43.65
2019-09-27,40.1,43.54
2019-09-30,41.05,44.08
2019-10-01,40.27,43.47
2019-10-02,39.68,42.76
2019-10-03,39.28,42.9
2019-10-04,39.73,43.59
2019-10-07,39.54,43.45
2019-10-08,39.31,43.01
2019-10-09,39.14,43.16
2019-10-10,39.28,43.35
2019-10-11,39.47,43.95
2019-10-14,39.25,43.96
2019-10-15,39.58,44.48
2019-10-16,40.73,44.84
2019-10-17,40.6,45.26
2019-10-18,40.59,45.42
2019-10-21,40.38,45.4
2019-10-22,41.22,45.57
2019-10-23,40.89,45.39
2019-10-24,41.21,45.75
2019-10-25,40.93,46.0
2019-10-28,39.86,45.68
2019-10-29,39.66,45.43
2019-10-30,40.01,45.56
2019-10-31,39.77,45.53
2019-11-01,40.78,46.07
2019-11-04,39.87,45.71
2019-11-05,39.49,45.45
2019-11-06,39.77,45.68
2019-11-07,39.17,45.17
2019-11-08,39.72,45.22
2019-11-11,40.26,45.59
2019-11-12,39.62,45.74
2019-11-13,40.07,45.78
2019-11-14,40.37,45.97
2019-11-15,40.08,45.68
2019-11-18,40.52,45.88
2019-11-19,39.96,45.38
2019-11-20,40.02,45.39
2019-11-21,39.47,45.09
2019-11-22,39.39,45.24
2019-11-25,40.27,45.73
2019-11-26,40.71,46.42
2019-11-27,40.37,46.3
2019-11-29,40.17,45.92
2019-12-02,39.73,45.3
2019-12-03,39.83,44.95
2019-12-04,40.11,45.34
2019-12-05,40.91,45.79
2019-12-06,40.88,45.99
2019-12-09,41.42,45.87
2019-12-10,39.4,45.6
2019-12-11,40.08,46.0
2019-12-12,39.24,45.92
2019-12-13,39.73,45.79
2019-12-16,39.5,45.89
2019-12-17,39.58,45.79
2019-12-18,39.51,45.58
2019-12-19,39.01,45.4
2019-12-20,39.98,45.76
2019-12-23,39.57,45.41
2019-12-24,39.81,45.69
2019-12-26,39.79,45.64
2019-12-27,39.88,45.55
2019-12-30,39.44,45.44
2019-12-31,39.51,45.51
2020-01-02,40.08,45.65
2020-01-03,40.78,45.41
2020-01-06,40.38,45.75
2020-01-07,41.05,45.54
2020-01-08,41.34,45.98
2020-01-09,41.06,46.08
2020-01-10,41.33,46.14
2020-01-13,42.03,46.52
2020-01-14,42.82,46.69
2020-01-15,44.07,47.25
2020-01-16,44.64,47.61
2020-01-17,44.18,47.6
2020-01-21,44.9,47.98
2020-01-22,45.19,48.17
2020-01-23,46.29,48.74
2020-01-24,45.6,48.1
2020-01-27,45.33,47.71
2020-01-28,45.87,48.64
2020-01-29,45.26,48.2
2020-01-30,45.16,48.14
2020-01-31,44.36,46.98
2020-02-03,44.57,47.28
2020-02-04,44.52,47.5
2020-02-05,47.29,48.43
2020-02-06,47.27,48.23
2020-02-07,47.96,47.92
2020-02-10,48.58,48.36
2020-02-11,49.25,48.81
2020-02-12,48.46,49.04
2020-02-13,48.11,48.99
2020-02-14,47.58,49.21
2020-02-18,47.05,48.88
2020-02-19,47.35,48.92
2020-02-20,48.14,49.23
2020-02-21,47.84,48.97
2020-02-24,46.98,47.76
2020-02-25,44.29,46.07
2020-02-26,37.82,44.94
2020-02-27,38.01,43.81
2020-02-28,37.03,42.66
2020-03-02,38.7,44.19
2020-03-03,38.74,43.8
2020-03-04,40.54,45.97
2020-03-05,37.97,44.33
2020-03-06,36.97,43.17
2020-03-09,34.11,39.55
2020-03-10,34.42,41.06
2020-03-11,30.67,37.97
2020-03-12,26.99,33.66
2020-03-13,26.85,35.19
2020-03-16,18.99,28.72
2020-03-17,15.59,28.63
2020-03-18,15.0,25.7
2020-03-19,17.12,26.99
2020-03-20,15.82,25.6
2020-03-23,13.8,24.72
2020-03-24,19.19,28.54
2020-03-25,21.7,30.57
2020-03-26,22.12,31.92
2020-03-27,21.66,30.61
2020-03-30,20.31,30.81
2020-03-31,19.25,29.79
2020-04-01,17.54,27.34
2020-04-02,17.35,27.24
2020-04-03,17.85,26.48
2020-04-06,21.01,29.82
2020-04-07,20.72,30.58
2020-04-08,22.97,32.56
2020-04-09,23.75,33.8
2020-04-13,21.92,32.28
2020-04-14,23.01,33.18
2020-04-15,21.37,31.33
2020-04-16,21.48,31.24
2020-04-17,21.83,32.74
2020-04-20,20.28,31.69
2020-04-21,20.26,30.99
2020-04-22,20.3,31.33
2020-04-23,21.22,31.68
2020-04-24,22.08,32.66
2020-04-27,23.61,34.4
2020-04-28,24.51,35.73
2020-04-29,26.24,37.56
2020-04-30,24.02,36.05
2020-05-01,23.85,35.37
2020-05-04,24.59,35.54
2020-05-05,24.97,36.24
2020-05-06,25.02,36.1
2020-05-07,25.85,36.51
2020-05-08,27.35,37.94
2020-05-11,26.99,37.35
2020-05-12,26.31,36.06
2020-05-13,24.67,34.82
2020-05-14,24.51,35.58
2020-05-15,24.86,36.13
2020-05-18,27.8,39.0
2020-05-19,27.55,38.5
2020-05-20,27.49,38.87
2020-05-21,28.35,39.5
2020-05-22,28.99,39.97
2020-05-26,30.13,41.53
2020-05-27,33.0,43.31
2020-05-28,32.24,41.9
2020-05-29,32.31,42.15
2020-06-01,32.14,42.24
2020-06-02,32.78,42.88
2020-06-03,35.8,44.25
2020-06-04,34.44,43.98
2020-06-05,36.33,45.6
2020-06-08,35.06,45.69
2020-06-09,34.82,45.15
2020-06-10,34.31,44.61
2020-06-11,30.5,41.23
2020-06-12,31.78,41.96
2020-06-15,33.31,43.32
2020-06-16,34.16,44.52
2020-06-17,33.36,44.45
2020-06-18,32.3,43.82
2020-06-19,31.87,43.24
2020-06-22,32.39,43.58
2020-06-23,32.54,44.08
2020-06-24,31.4,42.51
2020-06-25,30.52,42.46
2020-06-26,29.33,41.78
2020-06-29,31.4,43.24
2020-06-30,32.59,43.9
2020-07-01,31.53,43.25
2020-07-02,31.61,43.44
2020-07-06,32.69,44.52
2020-07-07,32.16,44.12
2020-07-08,33.81,45.05
2020-07-09,32.09,43.9
2020-07-10,33.6,44.43
2020-07-13,31.9,43.81
2020-07-14,33.41,45.23
2020-07-15,34.28,46.45
2020-07-16,35.67,46.97
2020-07-17,35.42,47.06
2020-07-20,34.7,47.08
2020-07-21,34.33,47.19
2020-07-22,36.69,48.6
2020-07-23,36.6,48.55
2020-07-24,37.2,48.49
2020-07-27,38.63,49.92
2020-07-28,37.35,48.73
2020-07-29,38.6,50.06
2020-07-30,38.36,49.85
2020-07-31,38.2,49.61
2020-08-03,38.69,50.27
2020-08-04,38.45,50.1
2020-08-05,39.19,50.66
2020-08-06,39.09,50.68
2020-08-07,38.72,51.01
2020-08-10,39.96,51.75
2020-08-11,39.22,51.59
2020-08-12,39.55,52.33
2020-08-13,39.76,52.41
2020-08-14,39.74,52.41
2020-08-17,42.15,53.38
2020-08-18,42.79,53.22
2020-08-19,42.56,53.12
2020-08-20,43.06,52.9
2020-08-21,44.65,53.71
2020-08-24,45.68,54.31
2020-08-25,46.05,54.04
2020-08-26,45.09,54.06
2020-08-27,43.11,53.4
2020-08-28,42.96,53.43
2020-08-31,42.22,52.75
2020-09-01,43.9,53.9
2020-09-02,43.57,54.29
2020-09-03,41.78,52.03
2020-09-04,41.26,51.31
2020-09-08,41.74,51.04
2020-09-09,43.28,52.29
2020-09-10,43.21,51.87
2020-09-11,44.5,52.49
2020-09-14,44.0,53.44
2020-09-15,43.07,53.35
2020-09-16,44.97,54.2
2020-09-17,44.38,53.81
2020-09-18,44.75,53.16
2020-09-21,47.03,52.08
2020-09-22,48.19,53.09
2020-09-23,47.0,51.5
2020-09-24,47.48,51.83
2020-09-25,47.89,51.97
2020-09-28,49.35,53.63
2020-09-29,47.12,53.22
2020-09-30,48.66,53.88
2020-10-01,49.48,54.69
2020-10-02,49.79,55.1
2020-10-05,49.08,55.85
2020-10-06,47.32,54.8
2020-10-07,47.54,55.51
2020-10-08,49.23,56.63
2020-10-09,49.83,56.94
2020-10-12,49.83,57.31
2020-10-13,49.19,57.23
2020-10-14,49.46,57.16
2020-10-15,49.62,57.57
2020-10-16,48.43,57.32
2020-10-19,48.43,56.19
2020-10-20,49.1,56.54
2020-10-21,46.99,55.48
2020-10-22,45.76,54.99
2020-10-23,47.26,55.82
2020-10-26,44.85,54.01
2020-10-27,44.38,53.39
2020-10-28,44.43,52.63
2020-10-29,43.59,52.67
2020-10-30,42.28,51.98
2020-11-02,43.74,53.8
2020-11-03,44.71,54.9
2020-11-04,47.09,56.37
2020-11-05,46.7,57.21
2020-11-06,45.38,56.71
2020-11-09,41.18,53.51
2020-11-10,44.19,54.74
2020-11-11,45.3,55.56
2020-11-12,44.57,54.72
2020-11-13,45.39,56.05
2020-11-16,45.68,56.93
2020-11-17,46.6,57.05
2020-11-18,46.97,56.8
2020-11-19,47.24,57.22
2020-11-20,47.07,57.15
2020-11-23,48.26,58.42
2020-11-24,46.57,58.22
2020-11-25,47.55,58.03
2020-11-27,47.56,57.92
2020-11-30,47.35,57.23
2020-12-01,45.99,56.91
2020-12-02,45.35,55.8
2020-12-03,47.31,56.9
2020-12-04,47.9,56.73
2020-12-07,49.21,57.12
2020-12-08,45.32,56.61
2020-12-09,43.99,56.91
2020-12-10,44.67,56.78
2020-12-11,44.39,56.54
2020-12-14,44.78,56.51
2020-12-15,45.01,57.74
2020-12-16,45.33,57.66
2020-12-17,46.12,59.09
2020-12-18,46.25,59.41
2020-12-21,46.02,59.04
2020-12-22,46.12,59.16
2020-12-23,45.08,58.75
2020-12-24,45.62,59.37
2020-12-28,45.15,58.41
2020-12-29,44.92,57.93
2020-12-30,44.76,58.15
2020-12-31,43.47,57.64
2021-01-04,42.66,56.77
2021-01-05,42.41,57.0
2021-01-06,42.36,58.27
2021-01-07,44.22,59.65
2021-01-08,42.97,58.65
2021-01-11,43.94,59.45
2021-01-12,44.45,60.42
2021-01-13,44.19,60.31
2021-01-14,44.39,60.6
2021-01-15,44.62,60.49
2021-01-19,46.12,61.11
2021-01-20,48.66,62.73
2021-01-21,50.03,63.17
2021-01-22,50.82,63.56
2021-01-25,51.31,63.47
2021-01-26,52.99,62.6
2021-01-27,53.57,61.43
2021-01-28,52.56,61.41
2021-01-29,51.1,60.3
2021-02-01,51.5,61.24
2021-02-02,52.56,61.84
2021-02-03,52.04,61.69
2021-02-04,52.01,62.47
2021-02-05,53.62,63.61
2021-02-08,55.03,65.09
2021-02-09,54.56,64.52
2021-02-10,55.68,64.53
2021-02-11,56.35,65.25
2021-02-12,56.09,65.06
2021-02-16,54.13,63.51
2021-02-17,54.22,63.55
2021-02-18,53.96,63.18
2021-02-19,54.94,64.4
2021-02-22,53.65,63.44
2021-02-23,54.23,63.37
2021-02-24,55.95,63.79
2021-02-25,51.95,61.21
2021-02-26,53.42,62.04
2021-03-01,53.04,63.35
2021-03-02,53.91,63.43
2021-03-03,52.63,62.24
2021-03-04,51.78,60.87
2021-03-05,53.89,63.18
2021-03-08,55.19,64.41
2021-03-09,54.95,64.33
2021-03-10,57.54,65.88
2021-03-11,57.33,66.15
2021-03-12,55.5,66.09
2021-03-15,56.74,67.41
2021-03-16,56.11,66.81
2021-03-17,58.48,68.05
2021-03-18,53.89,67.19
2021-03-19,54.42,68.08
2021-03-22,55.08,68.32
2021-03-23,53.98,66.62
2021-03-24,53.9,66.4
2021-03-25,56.25,68.35
2021-03-26,58.58,70.84
2021-03-29,56.25,69.55
2021-03-30,57.47,70.69
2021-03-31,56.73,70.37
2021-04-01,58.99,71.59
2021-04-05,59.3,72.4
2021-04-06,60.0,73.03
2021-04-07,59.41,72.04
2021-04-08,58.56,72.08
2021-04-09,60.34,73.75
2021-04-12,60.13,73.93
2021-04-13,59.69,73.39
2021-04-14,59.65,73.18
2021-04-15,59.55,73.52
2021-04-16,61.29,75.11
2021-04-19,60.65,74.64
2021-04-20,58.44,72.98
2021-04-21,59.85,73.93
2021-04-22,59.8,73.7
2021-04-23,60.79,75.12
2021-04-26,61.88,75.49
2021-04-27,62.24,76.2
2021-04-28,62.69,75.82
2021-04-29,64.09,76.67
2021-04-30,62.7,75.35
2021-05-03,64.59,77.04
2021-05-04,65.57,77.26
2021-05-05,66.03,77.42
2021-05-06,65.68,78.11
2021-05-07,67.65,79.38
2021-05-10,66.93,79.38
2021-05-11,63.65,76.63
2021-05-12,59.42,72.74
2021-05-13,61.73,74.9
2021-05-14,62.97,75.98
2021-05-17,62.12,75.15
2021-05-18,60.24,73.42
2021-05-19,59.87,72.63
2021-05-20,60.47,73.07
2021-05-21,59.9,72.59
2021-05-24,60.58,73.0
2021-05-25,62.02,73.74
2021-05-26,64.37,74.67
2021-05-27,65.07,75.11
2021-05-28,65.24,74.97
2021-06-01,65.48,75.01
2021-06-02,63.91,73.95
2021-06-03,62.14,72.95
2021-06-04,63.28,73.56
2021-06-07,62.37,73.46
2021-06-08,62.79,73.9
2021-06-09,61.85,72.82
2021-06-10,58.78,71.97
2021-06-11,59.14,72.56
2021-06-14,57.76,71.58
2021-06-15,58.44,71.83
2021-06-16,57.18,70.96
2021-06-17,57.14,70.56
2021-06-18,56.46,70.13
2021-06-21,57.0,71.53
2021-06-22,57.07,71.81
2021-06-23,56.4,71.46
2021-06-24,56.88,71.74
2021-06-25,57.73,72.2
2021-06-28,58.2,72.7
2021-06-29,58.17,73.22
2021-06-30,57.81,73.24
2021-07-01,58.9,74.29
2021-07-02,58.24,73.96
2021-07-06,57.07,72.94
2021-07-07,58.08,74.18
2021-07-08,55.68,72.11
2021-07-09,56.2,73.21
2021-07-12,56.1,73.42
2021-07-13,54.44,71.82
2021-07-14,54.4,71.58
2021-07-15,54.33,71.5
2021-07-16,53.32,70.93
2021-07-19,53.35,70.21
2021-07-20,55.06,72.19
2021-07-21,55.62,73.36
2021-07-22,55.47,72.75
2021-07-23,57.06,74.35
2021-07-26,56.26,73.65
2021-07-27,56.46,73.57
2021-07-28,56.44,73.36
2021-07-29,59.0,75.52
2021-07-30,59.27,75.39
2021-08-02,59.59,75.29
2021-08-03,59.73,76.53
2021-08-04,57.65,75.7
2021-08-05,58.36,76.2
2021-08-06,57.99,75.76
2021-08-09,57.56,75.41
2021-08-10,58.29,76.35
2021-08-11,60.54,78.14
2021-08-12,60.77,77.7
2021-08-13,61.06,77.51
2021-08-16,61.39,77.93
2021-08-17,58.63,75.42
2021-08-18,58.36,75.29
2021-08-19,57.9,75.01
2021-08-20,59.52,76.21
2021-08-23,59.38,76.21
2021-08-24,61.04,77.27
2021-08-25,63.66,78.18
2021-08-26,63.14,77.6
2021-08-27,64.44,78.64
2021-08-30,63.77,78.72
2021-08-31,64.06,78.1
2021-09-01,64.49,78.61
2021-09-02,64.1,78.88
2021-09-03,63.8,78.34
2021-09-07,63.48,77.09
2021-09-08,61.23,76.43
2021-09-09,61.33,76.86
2021-09-10,61.27,76.59
2021-09-13,60.89,76.55
2021-09-14,59.34,75.4
2021-09-15,60.54,76.01
2021-09-16,62.05,76.27
2021-09-17,62.89,75.94
2021-09-20,60.69,74.5
2021-09-21,59.88,74.1
2021-09-22,60.4,74.95
2021-09-23,59.89,75.19
2021-09-24,59.94,75.03
2021-09-27,60.62,75.6
2021-09-28,57.53,73.73
2021-09-29,57.61,74.11
2021-09-30,55.29,71.76
2021-10-01,55.22,72.01
2021-10-04,55.22,71.78
2021-10-05,55.5,71.94
2021-10-06,57.03,72.16
2021-10-07,57.08,73.42
2021-10-08,56.21,72.54
2021-10-11,56.23,72.38
2021-10-12,57.08,72.39
2021-10-13,58.1,72.77
2021-10-14,59.82,74.78
2021-10-15,58.59,74.72
2021-10-18,59.87,75.86
2021-10-19,59.2,75.67
2021-10-20,60.76,76.73
2021-10-21,60.9,76.93
2021-10-22,60.44,77.22
2021-10-25,60.87,77.45
2021-10-26,60.43,76.8
2021-10-27,59.5,76.49
2021-10-28,60.47,77.97
2021-10-29,60.17,77.58
2021-11-01,61.13,78.52
2021-11-02,60.03,78.17
2021-11-03,60.56,78.72
2021-11-04,60.4,79.46
2021-11-05,62.02,80.06
2021-11-08,62.15,80.12
2021-11-09,63.91,81.63
2021-11-10,62.25,80.41
2021-11-11,63.14,80.84
2021-11-12,63.99,82.45
2021-11-15,63.71,82.14
2021-11-16,64.58,83.73
2021-11-17,65.05,83.62
2021-11-18,65.7,83.86
2021-11-19,65.99,84.05
2021-11-22,65.31,84.03
2021-11-23,66.08,83.98
2021-11-24,65.35,83.84
2021-11-26,64.47,82.31
2021-11-29,64.31,82.37
2021-11-30,63.47,80.32
2021-12-01,64.72,80.13
2021-12-02,68.51,82.88
2021-12-03,68.26,82.59
2021-12-06,70.85,84.25
2021-12-07,71.24,85.37
2021-12-08,72.45,85.82
2021-12-09,72.72,85.48
2021-12-10,74.61,86.27
2021-12-13,72.09,84.64
2021-12-14,70.16,83.57
2021-12-15,71.14,84.85
2021-12-16,69.41,83.5
2021-12-17,68.54,81.56
2021-12-20,67.15,79.58
2021-12-21,68.06,81.67
2021-12-22,70.9,82.87
2021-12-23,70.48,83.33
2021-12-27,71.45,84.55
2021-12-28,71.55,84.78
2021-12-29,72.32,85.57
2021-12-30,71.78,85.05
2021-12-31,72.39,85.78
2022-01-03,70.24,84.1
2022-01-04,71.33,85.09
2022-01-05,69.58,82.76
2022-01-06,68.57,82.55
2022-01-07,65.54,79.71
2022-01-10,65.46,79.49
2022-01-11,66.93,80.92
2022-01-12,67.12,80.89
2022-01-13,67.27,80.56
2022-01-14,66.44,78.88
2022-01-18,63.35,76.63
2022-01-19,60.35,75.21
2022-01-20,58.48,73.66
2022-01-21,57.43,72.83
2022-01-24,59.29,75.18
2022-01-25,58.78,73.77
2022-01-26,56.17,72.02
2022-01-27,54.89,70.94
2022-01-28,56.24,72.64
2022-01-31,58.97,74.44
2022-02-01,59.17,74.44
2022-02-02,60.21,74.89
2022-02-03,58.05,73.09
2022-02-04,54.53,71.53
2022-02-07,55.24,71.62
2022-02-08,56.05,72.74
2022-02-09,57.48,74.44
2022-02-10,54.81,71.75
2022-02-11,54.01,70.64
2022-02-14,54.08,70.56
2022-02-15,55.09,71.96
2022-02-16,55.63,72.23
2022-02-17,53.87,70.34
2022-02-18,54.03,70.29
2022-02-22,52.27,68.04
2022-02-23,48.93,66.19
2022-02-24,51.17,67.92
2022-02-25,53.62,70.06
2022-02-28,54.26,70.05
2022-03-01,53.68,69.14
2022-03-02,54.88,71.16
2022-03-03,53.7,70.39
2022-03-04,53.13,69.28
2022-03-07,49.05,65.57
2022-03-08,49.05,65.67
2022-03-09,51.6,68.12
2022-03-10,51.44,67.64
2022-03-11,50.61,66.97
2022-03-14,48.53,66.25
2022-03-15,50.69,68.45
2022-03-16,51.08,69.88
2022-03-17,52.04,70.96
2022-03-18,53.42,71.88
2022-03-21,50.92,69.7
2022-03-22,51.27,69.74
2022-03-23,49.52,66.99
2022-03-24,49.51,66.26
2022-03-25,49.11,65.57
2022-03-28,48.66,66.11
2022-03-29,50.8,68.22
2022-03-30,49.45,65.76
2022-03-31,47.02,63.2
2022-04-01,47.88,63.71
2022-04-04,48.61,64.39
2022-04-05,47.42,63.06
2022-04-06,46.3,61.59
2022-04-07,45.71,61.27
2022-04-08,45.8,61.47
2022-04-11,46.65,61.78
2022-04-12,46.18,61.58
2022-04-13,47.14,62.63
2022-04-14,46.18,61.45
2022-04-18,45.47,60.9
2022-04-19,47.2,63.21
2022-04-20,47.43,63.89
2022-04-21,46.7,63.08
2022-04-22,45.6,61.34
2022-04-25,47.96,62.96
2022-04-26,46.56,61.49
2022-04-27,45.71,61.39
2022-04-28,47.65,63.09
2022-04-29,46.37,61.29
2022-05-02,46.98,62.64
2022-05-03,48.01,63.36
2022-05-04,50.52,65.46
2022-05-05,47.91,62.27
2022-05-06,47.67,61.36
2022-05-09,47.26,61.1
2022-05-10,46.1,60.26
2022-05-11,44.15,58.1
2022-05-12,45.92,60.09
2022-05-13,47.68,61.3
2022-05-16,47.3,60.66
2022-05-17,48.92,62.29
2022-05-18,46.39,58.87
2022-05-19,46.81,59.31
2022-05-20,47.68,59.12
2022-05-23,46.73,59.14
2022-05-24,44.54,57.59
2022-05-25,48.09,59.62
2022-05-26,50.03,61.96
2022-05-27,51.1,63.22
2022-05-31,50.47,62.41
2022-06-01,49.9,61.79
2022-06-02,50.64,63.23
2022-06-03,50.03,62.59
2022-06-06,50.03,62.89
2022-06-07,50.58,63.16
2022-06-08,49.26,61.92
2022-06-09,49.46,61.63
2022-06-10,47.34,58.98
2022-06-13,44.17,55.96
2022-06-14,44.37,55.52
2022-06-15,44.38,55.71
2022-06-16,41.58,52.03
2022-06-17,41.53,52.27
2022-06-21,42.05,52.49
2022-06-22,42.41,52.84
2022-06-23,44.46,54.73
2022-06-24,45.01,56.26
2022-06-27,45.63,56.34
2022-06-28,44.63,55.17
2022-06-29,44.21,54.94
2022-06-30,44.6,54.71
2022-07-01,47.07,56.56
2022-07-05,48.14,57.95
2022-07-06,47.24,57.58
2022-07-07,47.35,58.41
2022-07-08,48.04,58.38
2022-07-11,47.99,58.09
2022-07-12,47.93,58.5
2022-07-13,48.16,58.6
2022-07-14,47.48,57.96
2022-07-15,48.01,58.66
2022-07-18,47.45,58.4
2022-07-19,48.65,60.37
2022-07-20,47.83,60.7
2022-07-21,49.78,61.97
2022-07-22,50.07,62.18
2022-07-25,48.44,61.39
2022-07-26,47.97,60.77
2022-07-27,49.01,62.03
2022-07-28,48.91,63.31
2022-07-29,49.18,64.0
2022-08-01,49.57,64.43
2022-08-02,46.93,62.46
2022-08-03,47.35,62.83
2022-08-04,48.64,63.92
2022-08-05,48.05,64.12
2022-08-08,48.64,64.87
2022-08-09,47.27,62.74
2022-08-10,48.96,64.92
2022-08-11,49.49,65.46
2022-08-12,50.04,66.7
2022-08-15,49.71,66.77
2022-08-16,49.49,67.45
2022-08-17,48.91,66.33
2022-08-18,49.0,66.59
2022-08-19,47.26,64.67
2022-08-22,45.53,62.96
2022-08-23,45.63,62.77
2022-08-24,46.22,63.24
2022-08-25,48.05,64.37
2022-08-26,46.12,61.39
2022-08-29,45.35,61.0
2022-08-30,44.7,60.54
2022-08-31,43.79,59.79
2022-09-01,43.68,59.78
2022-09-02,43.81,59.38
2022-09-06,43.39,58.77
2022-09-07,44.19,60.43
2022-09-08,44.22,60.99
2022-09-09,45.34,62.06
2022-09-12,45.88,62.63
2022-09-13,43.06,58.96
2022-09-14,43.04,58.28
2022-09-15,42.81,58.06
2022-09-16,43.66,57.79
2022-09-19,44.58,58.68
2022-09-20,43.5,57.27
2022-09-21,42.94,56.65
2022-09-22,42.09,55.45
2022-09-23,42.42,55.36
2022-09-26,41.12,53.98
2022-09-27,40.83,54.21
2022-09-28,43.05,56.81
2022-09-29,42.01,55.11
2022-09-30,42.0,54.69
2022-10-03,43.7,56.85
2022-10-04,45.99,59.32
2022-10-05,45.36,58.82
2022-10-06,46.09,58.9
2022-10-07,44.57,57.17
2022-10-10,44.32,57.29
2022-10-11,43.93,57.41
2022-10-12,42.87,56.65
2022-10-13,42.87,56.79
2022-10-14,41.28,54.79
2022-10-17,42.04,56.2
2022-10-18,43.08,57.47
2022-10-19,40.9,54.73
2022-10-20,40.28,53.4
2022-10-21,41.76,55.06
2022-10-24,41.9,55.92
2022-10-25,43.7,58.35
2022-10-26,43.28,57.77
2022-10-27,43.33,57.99
2022-10-28,44.4,58.98
2022-10-31,43.08,58.34
2022-11-01,43.74,58.09
2022-11-02,42.24,55.86
2022-11-03,41.48,54.92
2022-11-04,42.82,56.05
2022-11-07,42.75,56.8
2022-11-08,42.4,57.21
2022-11-09,41.9,56.21
2022-11-10,46.52,62.02
2022-11-11,46.99,62.83
2022-11-14,45.37,61.02
2022-11-15,46.24,62.3
2022-11-16,45.94,61.45
2022-11-17,45.27,60.59
2022-11-18,45.52,60.95
2022-11-21,45.04,60.58
2022-11-22,46.0,61.71
2022-11-23,47.18,62.02
2022-11-25,46.82,62.07
2022-11-28,46.07,60.75
2022-11-29,47.2,61.16
2022-11-30,47.91,62.28
2022-12-01,48.35,63.06
2022-12-02,47.89,62.63
2022-12-05,46.86,61.19
2022-12-06,45.94,60.35
2022-12-07,49.5,61.46
2022-12-08,49.46,61.85
2022-12-09,48.72,61.38
2022-12-12,49.44,62.18
2022-12-13,50.59,63.29
2022-12-14,50.79,62.95
2022-12-15,51.33,62.57
2022-12-16,50.55,61.6
2022-12-19,50.11,60.38
2022-12-20,50.06,60.05
2022-12-21,51.38,61.17
2022-12-22,50.97,60.64
2022-12-23,50.8,60.83
2022-12-27,50.58,60.66
2022-12-28,49.38,59.46
2022-12-29,50.41,60.91
2022-12-30,49.92,60.32
2023-01-03,50.58,61.13
2023-01-04,51.87,62.63
2023-01-05,52.14,62.16
2023-01-06,53.11,63.62
2023-01-09,53.39,63.65
2023-01-10,53.91,64.31
2023-01-11,55.45,65.96
2023-01-12,56.01,66.16
2023-01-13,56.13,66.57
2023-01-17,56.09,66.04
2023-01-18,56.3,65.4
2023-01-19,55.09,63.42
2023-01-20,55.86,64.98
2023-01-23,56.04,65.81
2023-01-24,56.36,66.08
2023-01-25,56.63,66.35
2023-01-26,57.16,66.53
2023-01-27,57.39,67.15
2023-01-30,56.49,66.29
2023-01-31,59.49,69.45
2023-02-01,60.26,70.89
2023-02-02,61.72,72.27
2023-02-03,60.74,71.21
2023-02-06,59.53,69.96
2023-02-07,60.07,70.29
2023-02-08,58.49,69.29
2023-02-09,58.31,68.92
2023-02-10,58.76,68.71
2023-02-13,59.78,70.41
2023-02-14,59.49,70.15
2023-02-15,59.52,70.59
2023-02-16,58.9,69.72
2023-02-17,57.2,68.96
2023-02-21,55.77,66.29
2023-02-22,57.46,66.71
2023-02-23,58.88,67.39
2023-02-24,58.33,66.74
2023-02-27,59.18,67.18
2023-02-28,59.94,67.52
2023-03-01,58.97,66.96
2023-03-02,59.18,67.42
2023-03-03,60.12,68.81
2023-03-06,59.08,68.12
2023-03-07,59.0,67.43
2023-03-08,59.53,68.12
2023-03-09,58.29,67.0
2023-03-10,57.37,65.47
2023-03-13,57.4,65.25
2023-03-14,58.48,66.16
2023-03-15,57.42,64.73
2023-03-16,58.78,65.93
2023-03-17,57.67,64.93
2023-03-20,57.56,65.38
2023-03-21,58.26,66.32
2023-03-22,57.8,65.18
2023-03-23,58.31,65.16
2023-03-24,58.42,65.19
2023-03-27,58.49,65.3
2023-03-28,58.9,65.68
2023-03-29,59.42,66.21
2023-03-30,58.74,66.12
2023-03-31,60.03,67.76
2023-04-03,60.32,67.84
2023-04-04,59.1,65.9
2023-04-05,58.55,64.93
2023-04-06,57.8,64.48
2023-04-10,58.01,65.4
2023-04-11,59.5,66.72
2023-04-12,59.47,66.66
2023-04-13,59.77,66.91
2023-04-14,60.01,67.12
2023-04-17,60.48,67.78
2023-04-18,62.11,68.96
2023-04-19,61.87,69.15
2023-04-20,62.49,69.65
2023-04-21,61.83,69.41
2023-04-24,62.2,69.59
2023-04-25,62.15,68.56
2023-04-26,61.36,67.59
2023-04-27,63.04,69.89
2023-04-28,63.91,70.92
2023-05-01,63.17,70.6
2023-05-02,62.94,70.3
2023-05-03,63.77,70.73
2023-05-04,62.48,69.58
2023-05-05,63.48,70.77
2023-05-08,64.24,71.19
2023-05-09,64.8,71.32
2023-05-10,64.58,71.18
2023-05-11,64.96,71.13
2023-05-12,64.21,70.79
2023-05-15,64.85,71.39
2023-05-16,65.33,70.51
2023-05-17,65.83,71.64
2023-05-18,67.49,72.89
2023-05-19,66.36,71.64
2023-05-22,64.7,70.94
2023-05-23,63.75,69.8
2023-05-24,65.09,69.57
2023-05-25,68.13,69.78
2023-05-26,68.04,70.2
2023-05-30,68.5,70.34
2023-05-31,67.7,68.89
2023-06-01,68.7,69.84
2023-06-02,71.35,72.66
2023-06-05,70.84,71.97
2023-06-06,74.05,74.06
2023-06-07,73.94,75.27
2023-06-08,74.09,75.01
2023-06-09,74.29,74.69
2023-06-12,74.94,75.54
2023-06-13,75.08,76.54
2023-06-14,73.3,75.53
2023-06-15,74.05,76.76
2023-06-16,73.49,76.47
2023-06-20,75.33,76.75
2023-06-21,76.21,77.14
2023-06-22,75.82,76.72
2023-06-23,76.1,76.86
2023-06-26,75.87,77.33
2023-06-27,78.34,79.55
2023-06-28,78.55,79.25
2023-06-29,78.32,79.76
2023-06-30,79.07,80.3
2023-07-03,78.94,80.05
2023-07-05,77.66,79.29
2023-07-06,76.41,77.67
2023-07-07,76.81,77.95
2023-07-10,78.9,80.16
2023-07-11,79.9,81.23
2023-07-12,82.16,82.91
2023-07-13,81.98,83.2
2023-07-14,83.52,83.5
2023-07-17,82.72,83.77
2023-07-18,82.62,84.36
2023-07-19,81.98,84.32
2023-07-20,78.59,82.6
2023-07-21,78.72,82.49
2023-07-24,78.83,82.8
2023-07-25,80.64,83.63
2023-07-26,80.1,83.76
2023-07-27,79.25,83.66
2023-07-28,80.21,84.45
2023-07-31,80.33,84.51
2023-08-01,80.33,85.02
2023-08-02,79.83,84.23
2023-08-03,77.7,83.31
2023-08-04,79.39,83.87
2023-08-07,80.26,84.84
2023-08-08,80.76,84.65
2023-08-09,80.52,83.89
2023-08-10,79.49,83.32
2023-08-11,79.47,83.24
2023-08-14,80.63,83.71
2023-08-15,81.39,83.48
2023-08-16,80.14,82.35
2023-08-17,76.45,79.38
2023-08-18,76.38,79.57
2023-08-21,75.05,78.98
2023-08-22,75.92,79.23
2023-08-23,78.85,80.87
2023-08-24,78.07,79.62
2023-08-25,77.4,79.33
2023-08-28,77.06,80.17
2023-08-29,78.97,82.07
2023-08-30,81.64,82.82
2023-08-31,81.93,83.07
2023-09-01,83.83,84.26
2023-09-05,79.22,80.99
2023-09-06,81.34,81.36
2023-09-07,81.98,81.62
2023-09-08,80.92,81.25
2023-09-11,82.01,82.16
2023-09-12,79.98,80.65
2023-09-13,79.19,79.74
2023-09-14,80.72,80.66
2023-09-15,77.87,78.9
2023-09-18,77.93,78.89
2023-09-19,77.99,78.94
2023-09-20,76.61,78.01
2023-09-21,73.63,76.1
2023-09-22,74.07,76.18
2023-09-25,73.97,76.78
2023-09-26,72.61,75.64
2023-09-27,73.28,76.14
2023-09-28,74.39,77.09
2023-09-29,73.96,76.57
2023-10-02,72.99,75.63
2023-10-03,70.3,73.68
2023-10-04,71.74,74.75
2023-10-05,70.76,74.33
2023-10-06,70.98,74.95
2023-10-09,72.46,75.72
2023-10-10,74.14,76.59
2023-10-11,75.4,77.54
2023-10-12,71.05,74.61
2023-10-13,71.73,74.17
2023-10-16,71.67,75.23
2023-10-17,72.44,75.39
2023-10-18,70.48,72.93
2023-10-19,69.43,71.49
2023-10-20,68.67,70.86
2023-10-23,69.45,71.07
2023-10-24,69.77,70.93
2023-10-25,68.16,69.36
2023-10-26,69.26,69.97
2023-10-27,68.77,69.78
2023-10-30,69.37,70.74
2023-10-31,70.71,71.62
2023-11-01,74.25,73.82
2023-11-02,77.93,75.42
2023-11-03,81.27,77.45
2023-11-06,80.07,76.44
2023-11-07,80.21,76.94
2023-11-08,79.68,76.93
2023-11-09,78.41,75.94
2023-11-10,80.34,77.52
2023-11-13,79.59,77.23
2023-11-14,85.98,81.77
2023-11-15,85.22,81.57
2023-11-16,85.14,81.54
2023-11-17,85.79,82.41
2023-11-20,86.06,82.57
2023-11-21,84.99,81.81
2023-11-22,85.31,82.23
2023-11-24,85.52,82.56
2023-11-27,85.42,82.43
2023-11-28,84.43,81.9
2023-11-29,86.07,82.75
2023-11-30,85.89,82.95
2023-12-01,87.78,85.46
2023-12-04,87.21,86.03
2023-12-05,87.21,85.63
2023-12-06,88.9,86.68
2023-12-07,91.16,87.4
2023-12-08,92.86,88.47
2023-12-11,92.93,88.7
2023-12-12,92.41,88.45
2023-12-13,96.46,90.69
2023-12-14,105.18,95.74
2023-12-15,102.48,94.71
2023-12-18,101.38,93.71
2023-12-19,103.38,94.99
2023-12-20,102.12,93.97
2023-12-21,103.32,95.26
2023-12-22,103.57,95.6
2023-12-26,103.47,96.14
2023-12-27,104.06,96.47
2023-12-28,103.53,96.18
2023-12-29,102.79,95.66
