date,URBN,XRT
2010-01-04,34.91,35.94
2010-01-05,35.56,36.17
2010-01-06,35.28,36.5
2010-01-07,34.08,36.6
2010-01-08,34.01,36.52
2010-01-11,33.82,36.41
2010-01-12,33.59,36.16
2010-01-13,34.16,36.56
2010-01-14,33.78,36.26
2010-01-15,32.45,35.83
2010-01-19,32.72,36.14
2010-01-20,31.62,35.84
2010-01-21,31.45,35.26
2010-01-22,31.05,34.72
2010-01-25,31.12,35.01
2010-01-26,31.38,34.95
2010-01-27,31.54,35.14
2010-01-28,30.52,34.68
2010-01-29,31.57,34.62
2010-02-01,32.49,35.23
2010-02-02,32.67,35.94
2010-02-03,31.99,35.63
2010-02-04,30.85,34.69
2010-02-05,30.83,34.75
2010-02-08,30.91,34.51
2010-02-09,31.85,35.23
2010-02-10,31.39,35.07
2010-02-11,31.14,35.44
2010-02-12,30.84,35.45
2010-02-16,31.2,35.99
2010-02-17,31.56,36.47
2010-02-18,32.1,36.68
2010-02-19,31.96,36.77
2010-02-22,32.04,36.79
2010-02-23,31.66,36.4
2010-02-24,31.79,37.0
2010-02-25,31.88,37.31
2010-02-26,32.2,37.3
2010-03-01,33.18,38.16
2010-03-02,33.11,37.92
2010-03-03,33.4,38.05
2010-03-04,34.34,38.79
2010-03-05,34.98,39.34
2010-03-08,35.32,39.61
2010-03-09,35.84,39.48
2010-03-10,36.31,39.69
2010-03-11,36.46,39.87
2010-03-12,36.49,40.191
2010-03-15,36.75,40.32
2010-03-16,36.42,40.68
2010-03-17,36.04,40.79
2010-03-18,36.14,40.83
2010-03-19,35.6,40.49
2010-03-22,36.44,41.32
2010-03-23,36.39,41.7
2010-03-24,36.29,41.12
2010-03-25,36.85,41.26
2010-03-26,37.98,41.62
2010-03-29,37.51,41.59
2010-03-30,38.13,41.59
2010-03-31,38.07,41.3
2010-04-01,37.84,41.8
2010-04-05,38.91,42.31
2010-04-06,39.15,42.48
2010-04-07,38.29,42.24
2010-04-08,38.29,42.34
2010-04-09,38.56,42.8
2010-04-12,38.05,42.68
2010-04-13,38.32,42.87
2010-04-14,39.18,43.81
2010-04-15,39.4,43.94
2010-04-16,38.41,43.37
2010-04-19,37.97,43.03
2010-04-20,38.2,43.26
2010-04-21,38.42,43.77
2010-04-22,40.3,44.78
2010-04-23,39.87,45.12
2010-04-26,40.56,45.4
2010-04-27,39.16,43.83
2010-04-28,38.12,43.42
2010-04-29,38.15,44.23
2010-04-30,37.56,42.76
2010-05-03,38.48,43.57
2010-05-04,37.54,42.51
2010-05-05,38.05,42.5
2010-05-06,35.92,40.8401
2010-05-07,34.89,39.79
2010-05-10,38.55,42.11
2010-05-11,38.78,42.27
2010-05-12,39.41,43.07
2010-05-13,36.78,41.58
2010-05-14,35.88,40.81
2010-05-17,36.0,41.14
2010-05-18,35.06,40.21
2010-05-19,35.35,39.97
2010-05-20,34.41,38.92
2010-05-21,35.55,39.75
2010-05-24,35.74,39.56
2010-05-25,36.5,39.99
2010-05-26,35.33,39.26
2010-05-27,36.49,40.78
2010-05-28,36.3,40.64
2010-06-01,36.35,39.67
2010-06-02,37.79,40.39
2010-06-03,39.15,40.66
2010-06-04,36.88,38.72
2010-06-07,36.08,37.76
2010-06-08,36.0,38.24
2010-06-09,36.02,38.43
2010-06-10,37.29,39.49
2010-06-11,37.12,39.75
2010-06-14,37.575,40.17
2010-06-15,38.06,40.72
2010-06-16,36.93,40.23
2010-06-17,36.54,39.86
2010-06-18,36.53,39.41
2010-06-21,35.77,38.57
2010-06-22,34.7,37.82
2010-06-23,35.07,38.09
2010-06-24,34.66,37.18
2010-06-25,36.06,37.44
2010-06-28,35.8,37.12
2010-06-29,34.62,35.82
2010-06-30,34.39,35.65
2010-07-01,35.25,36.33
2010-07-02,34.69,35.8
2010-07-06,33.68,35.31
2010-07-07,34.43,36.4225
2010-07-08,33.97,36.42
2010-07-09,34.12,36.95
2010-07-12,33.66,36.57
2010-07-13,33.91,37.57
2010-07-14,33.26,37.4
2010-07-15,33.32,37.62
2010-07-16,31.96,36.28
2010-07-19,32.21,36.42
2010-07-20,33.64,37.3
2010-07-21,32.94,36.6
2010-07-22,33.87,37.64
2010-07-23,34.19,38.45
2010-07-26,34.62,39.11
2010-07-27,32.97,38.46
2010-07-28,32.56,37.94
2010-07-29,32.02,37.84
2010-07-30,32.16,38.12
2010-08-02,32.39,38.97
2010-08-03,31.56,37.8
2010-08-04,32.21,38.52
2010-08-05,33.22,38.43
2010-08-06,33.11,38.18
2010-08-09,33.58,38.75
2010-08-10,32.89,38.11
2010-08-11,31.88,37.28
2010-08-12,31.61,37.51
2010-08-13,30.9,36.88
2010-08-16,31.36,36.97
2010-08-17,32.95,37.44
2010-08-18,33.43,37.91
2010-08-19,33.16,37.34
2010-08-20,32.95,37.43
2010-08-23,32.65,37.05
2010-08-24,31.75,36.37
2010-08-25,32.34,36.98
2010-08-26,31.52,36.52
2010-08-27,31.05,36.97
2010-08-30,30.7,36.04
2010-08-31,30.32,35.92
2010-09-01,31.19,37.36
2010-09-02,32.58,38.18
2010-09-03,33.1,38.77
2010-09-07,32.29,38.19
2010-09-08,33.34,38.59
2010-09-09,33.32,38.38
2010-09-10,33.18,38.7
2010-09-13,33.71,39.54
2010-09-14,34.76,40.32
2010-09-15,34.97,40.3
2010-09-16,34.82,40.29
2010-09-17,34.11,40.33
2010-09-20,34.13,41.11
2010-09-21,33.61,40.69
2010-09-22,33.4,40.6
2010-09-23,33.43,40.65
2010-09-24,34.67,41.84
2010-09-27,34.37,41.65
2010-09-28,34.87,42.2
2010-09-29,31.96,42.02
2010-09-30,31.44,41.82
2010-10-01,31.47,41.97
2010-10-04,31.49,41.57
2010-10-05,32.15,42.22
2010-10-06,32.06,42.02
2010-10-07,31.46,42.4
2010-10-08,31.28,42.83
2010-10-11,30.82,43.33
2010-10-12,31.21,43.8
2010-10-13,31.79,43.71
2010-10-14,31.27,43.55
2010-10-15,31.0,44.03
2010-10-18,31.18,44.12
2010-10-19,29.28,42.83
2010-10-20,29.4,43.23
2010-10-21,29.36,42.98
2010-10-22,30.28,43.34
2010-10-25,31.16,43.63
2010-10-26,31.81,44.05
2010-10-27,31.05,43.49
2010-10-28,30.34,43.45
2010-10-29,30.79,43.61
2010-11-01,30.31,43.2
2010-11-02,30.31,43.75
2010-11-03,31.54,43.79
2010-11-04,31.72,44.93
2010-11-05,32.44,45.3
2010-11-08,33.33,45.45
2010-11-09,33.27,44.96
2010-11-10,33.43,45.32
2010-11-11,33.1,45.34
2010-11-12,32.9,44.6
2010-11-15,32.735,44.5
2010-11-16,36.635,44.27
2010-11-17,37.28,45.12
2010-11-18,36.66,45.38
2010-11-19,37.26,46.0
2010-11-22,37.35,46.43
2010-11-23,37.74,46.58
2010-11-24,38.4,47.33
2010-11-26,38.46,47.37
2010-11-29,38.23,46.96
2010-11-30,37.79,47.11
2010-12-01,38.12,47.6825
2010-12-02,38.32,47.85
2010-12-03,38.26,48.08
2010-12-06,37.88,48.0425
2010-12-07,38.1,47.78
2010-12-08,38.32,47.57
2010-12-09,37.63,47.86
2010-12-10,37.2,48.14
2010-12-13,36.15,47.45
2010-12-14,36.34,47.26
2010-12-15,36.62,47.32
2010-12-16,36.67,48.06
2010-12-17,36.36,47.96
2010-12-20,36.79,47.9
2010-12-21,36.79,48.06
2010-12-22,36.06,48.03
2010-12-23,35.87,48.45
2010-12-27,35.72,48.23
2010-12-28,36.07,48.1
2010-12-29,36.2,48.47
2010-12-30,36.39,48.73
2010-12-31,35.81,48.36
2011-01-03,35.45,48.71
2011-01-04,35.89,47.8
2011-01-05,35.75,47.76
2011-01-06,36.07,47.08
2011-01-07,36.01,46.935
2011-01-10,36.09,47.36
2011-01-11,35.89,46.76
2011-01-12,36.21,47.2
2011-01-13,36.31,47.03
2011-01-14,35.94,47.02
2011-01-18,35.63,46.97
2011-01-19,35.04,46.52
2011-01-20,35.0,46.9575
2011-01-21,35.03,46.65
2011-01-24,34.23,46.83
2011-01-25,34.14,46.75
2011-01-26,34.27,46.79
2011-01-27,34.41,47.38
2011-01-28,33.82,46.27
2011-01-31,33.82,46.43
2011-02-01,34.01,47.06
2011-02-02,33.5975,46.13
2011-02-03,33.86,47.45
2011-02-04,34.76,48.11
2011-02-07,35.11,48.38
2011-02-08,37.06,48.91
2011-02-09,37.31,48.9775
2011-02-10,37.32,49.17
2011-02-11,37.61,49.68
2011-02-14,37.78,49.43
2011-02-15,37.72,49.25
2011-02-16,37.68,50.04
2011-02-17,37.86,50.02
2011-02-18,37.78,50.12
2011-02-22,37.55,49.2
2011-02-23,36.79,48.36
2011-02-24,37.07,48.5
2011-02-25,37.49,49.21
2011-02-28,38.38,49.22
2011-03-01,38.0,48.3
2011-03-02,37.93,48.75
2011-03-03,38.32,49.34
2011-03-04,38.5,49.11
2011-03-07,37.99,48.38
2011-03-08,31.66,48.65
2011-03-09,31.17,48.99
2011-03-10,31.67,48.61
2011-03-11,32.12,49.23
2011-03-14,31.73,48.771
2011-03-15,31.32,48.71
2011-03-16,31.19,48.17
2011-03-17,31.15,47.99
2011-03-18,31.25,47.87
2011-03-21,31.79,48.77
2011-03-22,30.4,48.33
2011-03-23,30.4,48.68
2011-03-24,30.19,49.46
2011-03-25,30.06,49.93
2011-03-28,29.62,49.6
2011-03-29,29.9,50.19
2011-03-30,30.55,51.13
2011-03-31,29.83,50.8
2011-04-01,30.35,51.06
2011-04-04,30.19,50.88
2011-04-05,30.68,51.97
2011-04-06,31.28,52.109
2011-04-07,31.0,52.55
2011-04-08,30.91,51.97
2011-04-11,31.3,51.96
2011-04-12,31.56,51.66
2011-04-13,31.69,51.72
2011-04-14,31.31,51.75
2011-04-15,30.64,52.15
2011-04-18,30.4,51.68
2011-04-19,31.43,51.69
2011-04-20,31.2,52.79
2011-04-21,31.76,52.8
2011-04-25,31.9,52.78
2011-04-26,32.65,52.95
2011-04-27,33.1,53.68
2011-04-28,31.83,53.62
2011-04-29,31.47,53.31
2011-05-02,31.85,52.93
2011-05-03,32.19,52.69
2011-05-04,32.12,52.62
2011-05-05,31.55,52.6
2011-05-06,31.38,52.72
2011-05-09,31.43,52.97
2011-05-10,32.9,53.78
2011-05-11,32.87,53.54
2011-05-12,32.99,54.4
2011-05-13,32.62,54.1
2011-05-16,32.29,53.21
2011-05-17,33.06,53.05
2011-05-18,32.43,53.6
2011-05-19,32.54,53.32
2011-05-20,31.51,52.41
2011-05-23,31.36,52.26
2011-05-24,30.97,52.38
2011-05-25,30.18,52.36
2011-05-26,30.24,53.23
2011-05-27,30.46,53.69
2011-05-31,30.46,54.14
2011-06-01,30.02,52.57
2011-06-02,29.8,52.0
2011-06-03,29.19,51.23
2011-06-06,28.9,50.34
2011-06-07,29.28,50.3
2011-06-08,28.49,49.67
2011-06-09,29.19,50.35
2011-06-10,29.03,49.48
2011-06-13,28.96,49.64
2011-06-14,29.15,50.9
2011-06-15,28.71,50.13
2011-06-16,28.27,50.18
2011-06-17,28.81,50.59
2011-06-20,28.97,51.71
2011-06-21,29.28,52.74
2011-06-22,28.63,51.93
2011-06-23,29.26,52.65
2011-06-24,28.43,51.96
2011-06-27,28.45,52.36
2011-06-28,28.68,53.47
2011-06-29,28.34,53.2
2011-06-30,28.15,53.38
2011-07-01,28.92,54.44
2011-07-05,29.11,54.5
2011-07-06,30.75,54.66
2011-07-07,32.58,56.34
2011-07-08,32.03,55.91
2011-07-11,31.3,54.64
2011-07-12,31.7,54.32
2011-07-13,31.85,54.79
2011-07-14,31.3,54.1
2011-07-15,31.41,54.3
2011-07-18,31.02,53.74
2011-07-19,31.59,54.88
2011-07-20,31.5,54.52
2011-07-21,32.17,54.93
2011-07-22,32.56,54.95
2011-07-25,32.49,54.34
2011-07-26,33.59,55.0
2011-07-27,32.16,53.28
2011-07-28,32.58,53.25
2011-07-29,32.54,53.26
2011-08-01,32.21,53.03
2011-08-02,30.76,50.84
2011-08-03,31.32,51.93
2011-08-04,29.2,48.46
2011-08-05,29.39,48.69
2011-08-08,27.41,44.69
2011-08-09,28.365,47.33
2011-08-10,27.38,45.0
2011-08-11,28.24,47.21
2011-08-12,29.68,47.15
2011-08-15,29.69,47.77
2011-08-16,27.835,47.23
2011-08-17,27.0,46.68
2011-08-18,26.02,44.33
2011-08-19,25.95,43.83
2011-08-22,27.03,44.12
2011-08-23,26.41,46.26
2011-08-24,25.64,46.74
2011-08-25,24.21,45.73
2011-08-26,24.77,47.12
2011-08-29,25.46,49.04
2011-08-30,25.73,49.25
2011-08-31,26.175,49.6
2011-09-01,26.0,48.5
2011-09-02,25.96,46.86
2011-09-06,25.78,47.1
2011-09-07,25.26,49.13
2011-09-08,24.96,48.07
2011-09-09,24.56,47.22
2011-09-12,24.85,47.85
2011-09-13,24.66,48.68
2011-09-14,25.13,49.5
2011-09-15,25.35,49.85
2011-09-16,24.83,50.06
2011-09-19,24.58,49.85
2011-09-20,24.34,48.99
2011-09-21,23.7925,47.26
2011-09-22,22.87,46.04
2011-09-23,23.41,46.91
2011-09-26,24.2,48.53
2011-09-27,23.84,48.87
2011-09-28,23.11,47.67
2011-09-29,23.31,47.6
2011-09-30,22.31,46.22
2011-10-03,21.9,44.44
2011-10-04,22.49,46.85
2011-10-05,23.49,47.49
2011-10-06,24.06,48.63
2011-10-07,23.29,48.23
2011-10-10,23.66,49.84
2011-10-11,23.54,50.17
2011-10-12,24.15,50.52
2011-10-13,23.89,50.07
2011-10-14,23.84,50.94
2011-10-17,23.12,49.82
2011-10-18,23.59,50.99
2011-10-19,23.48,50.58
2011-10-20,23.67,51.11
2011-10-21,25.07,52.16
2011-10-24,26.37,53.76
2011-10-25,26.19,52.42
2011-10-26,26.23,52.45
2011-10-27,27.89,54.49
2011-10-28,28.1,53.65
2011-10-31,27.25,52.58
2011-11-01,26.54,51.93
2011-11-02,26.62,53.07
2011-11-03,26.76,53.26
2011-11-04,26.72,53.07
2011-11-07,27.21,53.06
2011-11-08,26.34,53.64
2011-11-09,26.05,51.41
2011-11-10,26.17,52.12
2011-11-11,26.82,53.57
2011-11-14,26.83,53.14
2011-11-15,26.85,53.37
2011-11-16,26.7,52.12
2011-11-17,26.18,51.43
2011-11-18,25.96,51.34
2011-11-21,26.12,50.65
2011-11-22,25.68,50.28
2011-11-23,25.26,48.98
2011-11-25,25.19,48.5
2011-11-28,26.04,50.17
2011-11-29,26.1,50.12
2011-11-30,26.98,51.88
2011-12-01,27.4,52.0
2011-12-02,27.09,52.56
2011-12-05,27.7,53.35
2011-12-06,27.16,53.17
2011-12-07,26.91,53.32
2011-12-08,26.03,52.29
2011-12-09,26.34,53.51
2011-12-12,26.46,53.23
2011-12-13,27.87,51.64
2011-12-14,27.11,51.0
2011-12-15,26.86,51.33
2011-12-16,26.58,51.49
2011-12-19,26.14,50.84
2011-12-20,27.08,52.535
2011-12-21,27.06,52.76
2011-12-22,27.2,52.59
2011-12-23,27.55,53.05
2011-12-27,27.68,53.14
2011-12-28,27.22,52.51
2011-12-29,27.49,52.82
2011-12-30,27.56,52.55
2012-01-03,27.75,52.53
2012-01-04,28.41,52.38
2012-01-05,27.98,52.67
2012-01-06,27.67,52.07
2012-01-09,28.78,52.665
2012-01-10,29.41,52.81
2012-01-11,23.93,52.78
2012-01-12,24.55,52.84
2012-01-13,25.13,52.74
2012-01-17,24.81,52.99
2012-01-18,25.1,54.36
2012-01-19,25.91,55.09
2012-01-20,25.4,54.77
2012-01-23,25.71,54.88
2012-01-24,26.615,55.36
2012-01-25,27.54,55.85
2012-01-26,26.83,55.45
2012-01-27,26.99,55.8133
2012-01-30,26.51,55.7
2012-01-31,26.5,55.15
2012-02-01,26.39,55.7
2012-02-02,26.44,55.78
2012-02-03,27.685,56.9
2012-02-06,27.48,57.09
2012-02-07,26.9,57.33
2012-02-08,27.14,57.37
2012-02-09,27.405,57.56
2012-02-10,27.0,57.28
2012-02-13,27.02,57.61
2012-02-14,27.175,58.09
2012-02-15,27.28,57.5
2012-02-16,27.47,58.35
2012-02-17,28.48,58.84
2012-02-21,28.49,57.96
2012-02-22,29.33,57.87
2012-02-23,29.14,58.55
2012-02-24,29.62,58.37
2012-02-27,29.66,58.7
2012-02-28,29.19,59.72
2012-02-29,28.39,58.88
2012-03-01,28.4,59.5601
2012-03-02,28.11,59.51
2012-03-05,28.52,59.66
2012-03-06,27.93,58.91
2012-03-07,28.24,59.39
2012-03-08,28.68,60.11
2012-03-09,29.5,60.82
2012-03-12,29.51,60.67
2012-03-13,27.95,61.45
2012-03-14,28.21,61.32
2012-03-15,27.98,61.72
2012-03-16,27.98,61.0
2012-03-19,27.81,61.08
2012-03-20,28.51,61.47
2012-03-21,28.51,61.61
2012-03-22,29.05,61.49
2012-03-23,29.37,61.59
2012-03-26,29.49,62.835
2012-03-27,29.72,62.55
2012-03-28,29.23,61.89
2012-03-29,29.19,61.76
2012-03-30,29.11,61.25
2012-04-02,29.54,61.78
2012-04-03,30.22,61.87
2012-04-04,30.16,61.27
2012-04-05,30.03,60.96
2012-04-09,29.48,60.415
2012-04-10,28.51,58.77
2012-04-11,28.8,59.78
2012-04-12,29.0,60.55
2012-04-13,28.67,59.87
2012-04-16,28.48,60.15
2012-04-17,28.94,61.35
2012-04-18,29.17,61.25
2012-04-19,29.06,60.71
2012-04-20,28.94,60.94
2012-04-23,28.14,60.24
2012-04-24,27.87,59.33
2012-04-25,28.34,60.54
2012-04-26,28.92,61.4
2012-04-27,29.21,62.44
2012-04-30,28.96,61.74
2012-05-01,28.83,61.43
2012-05-02,30.1,62.43
2012-05-03,28.97,61.72
2012-05-04,28.31,60.64
2012-05-07,28.2,60.37
2012-05-08,27.65,59.68
2012-05-09,27.84,59.88
2012-05-10,27.69,60.21
2012-05-11,27.45,59.92
2012-05-14,27.02,59.2
2012-05-15,26.74,59.34
2012-05-16,26.33,59.05
2012-05-17,25.56,57.0
2012-05-18,25.62,57.17
2012-05-21,26.16,58.34
2012-05-22,28.1,58.39
2012-05-23,28.18,59.07
2012-05-24,28.03,59.1
2012-05-25,28.42,59.41
2012-05-29,28.72,59.9
2012-05-30,28.19,58.74
2012-05-31,27.97,58.41
2012-06-01,26.69,56.53
2012-06-04,26.64,56.67
2012-06-05,26.7,57.13
2012-06-06,27.59,58.48
2012-06-07,27.33,57.56
2012-06-08,27.64,58.28
2012-06-11,27.13,57.09
2012-06-12,27.75,58.04
2012-06-13,26.4,56.5
2012-06-14,26.62,57.45
2012-06-15,27.51,57.97
2012-06-18,27.63,58.09
2012-06-19,28.27,58.85
2012-06-20,28.46,58.92
2012-06-21,27.685,57.56
2012-06-22,27.55,57.83
2012-06-25,26.895,56.86
2012-06-26,27.11,57.43
2012-06-27,26.75,57.15
2012-06-28,26.39,57.12
2012-06-29,27.59,59.09
2012-07-02,27.56,59.49
2012-07-03,27.63,59.89
2012-07-05,28.03,60.52
2012-07-06,27.41,60.01
2012-07-09,27.52,59.72
2012-07-10,27.93,59.62
2012-07-11,27.86,59.03
2012-07-12,28.39,58.32
2012-07-13,29.18,59.22
2012-07-16,29.49,58.87
2012-07-17,30.59,58.99
2012-07-18,31.07,59.56
2012-07-19,31.56,59.84
2012-07-20,31.01,59.05
2012-07-23,30.3,58.34
2012-07-24,29.96,57.81
2012-07-25,30.09,57.46
2012-07-26,30.495,58.16
2012-07-27,30.97,59.6
2012-07-30,30.95,59.49
2012-07-31,30.55,59.11
2012-08-01,30.42,58.44
2012-08-02,29.69,58.03
2012-08-03,30.16,59.39
2012-08-06,30.4,59.74
2012-08-07,30.96,60.54
2012-08-08,30.91,60.56
2012-08-09,30.87,60.39
2012-08-10,30.66,60.1
2012-08-13,30.49,59.96
2012-08-14,30.32,60.08
2012-08-15,31.24,60.34
2012-08-16,30.98,61.05
2012-08-17,31.4,61.46
2012-08-20,31.28,61.09
2012-08-21,36.98,61.15
2012-08-22,37.19,61.27
2012-08-23,36.834,60.48
2012-08-24,36.94,60.69
2012-08-27,36.92,60.73
2012-08-28,37.02,61.02
2012-08-29,37.77,61.4
2012-08-30,37.85,61.22
2012-08-31,37.54,61.22
2012-09-04,38.1,61.71
2012-09-05,38.25,61.84
2012-09-06,39.03,63.37
2012-09-07,38.73,63.52
2012-09-10,39.48,63.44
2012-09-11,38.9,63.2
2012-09-12,39.24,63.79
2012-09-13,39.5,64.6
2012-09-14,39.71,65.13
2012-09-17,39.82,64.76
2012-09-18,39.35,64.03
2012-09-19,39.09,64.66
2012-09-20,38.87,64.48
2012-09-21,38.75,64.02
2012-09-24,38.43,63.555
2012-09-25,37.94,62.6632
2012-09-26,37.51,62.47
2012-09-27,37.455,63.04
2012-09-28,37.56,62.75
2012-10-01,37.33,62.56
2012-10-02,36.86,62.21
2012-10-03,37.0,62.57
2012-10-04,37.57,63.55
2012-10-05,37.73,63.68
2012-10-08,37.3,64.03
2012-10-09,36.7,62.92
2012-10-10,36.85,62.67
2012-10-11,36.97,62.61
2012-10-12,36.61,62.23
2012-10-15,37.48,62.57
2012-10-16,38.24,63.04
2012-10-17,37.99,63.18
2012-10-18,37.9085,63.31
2012-10-19,37.09,62.21
2012-10-22,36.39,62.14
2012-10-23,35.94,61.82
2012-10-24,36.06,61.58
2012-10-25,35.8,61.39
2012-10-26,35.74,61.62
2012-10-31,35.75,62.31
2012-11-01,36.69,63.47
2012-11-02,36.56,62.7998
2012-11-05,37.08,63.01
2012-11-06,36.95,63.77
2012-11-07,36.21,62.6
2012-11-08,35.25,61.24
2012-11-09,35.31,60.92
2012-11-12,35.38,60.71
2012-11-13,35.95,60.91
2012-11-14,36.21,60.16
2012-11-15,34.82,60.2
2012-11-16,35.05,60.35
2012-11-19,37.07,61.85
2012-11-20,36.81,61.85
2012-11-21,37.35,62.26
2012-11-23,37.86,63.2
2012-11-26,38.34,62.59
2012-11-27,37.65,62.74
2012-11-28,38.16,63.82
2012-11-29,37.82,63.36
2012-11-30,37.7,63.27
2012-12-03,37.37,63.0398
2012-12-04,36.54,62.79
2012-12-05,36.35,62.55
2012-12-06,36.97,62.74
2012-12-07,37.37,62.77
2012-12-10,37.0,62.43
2012-12-11,38.65,62.64
2012-12-12,38.18,62.32
2012-12-13,38.23,62.33
2012-12-14,38.6,62.07
2012-12-17,39.58,63.09
2012-12-18,39.69,63.7
2012-12-19,40.18,63.55
2012-12-20,40.42,63.4311
2012-12-21,39.425,62.28
2012-12-24,39.3,62.17
2012-12-26,38.24,61.09
2012-12-27,38.61,61.22
2012-12-28,38.22,60.91
2012-12-31,39.36,62.3758
2013-01-02,40.98,62.85
2013-01-03,40.74,63.42
2013-01-04,41.39,63.92
2013-01-07,40.84,63.23
2013-01-08,41.1768,62.98
2013-01-09,40.75,63.02
2013-01-10,42.64,63.05
2013-01-11,42.75,63.04
2013-01-14,42.25,63.22
2013-01-15,42.1,64.54
2013-01-16,41.9,64.75
2013-01-17,43.18,65.18
2013-01-18,43.39,65.51
2013-01-22,42.82,65.58
2013-01-23,42.5,65.63
2013-01-24,42.72,66.19
2013-01-25,43.62,67.13
2013-01-28,43.13,66.99
2013-01-29,42.93,67.08
2013-01-30,42.8,66.45
2013-01-31,42.8,67.05
2013-02-01,43.35,67.14
2013-02-04,42.57,66.37
2013-02-05,42.72,67.57
2013-02-06,43.15,67.78
2013-02-07,43.17,67.47
2013-02-08,42.58,68.0
2013-02-11,42.37,67.78
2013-02-12,42.25,67.82
2013-02-13,41.53,67.73
2013-02-14,41.43,67.73
2013-02-15,41.29,67.47
2013-02-19,41.69,68.69
2013-02-20,41.26,67.56
2013-02-21,40.26,67.31
2013-02-22,39.54,67.31
2013-02-25,39.06,65.92
2013-02-26,39.56,66.19
2013-02-27,40.18,67.26
2013-02-28,40.52,67.09
2013-03-01,40.81,67.43
2013-03-04,41.01,67.92
2013-03-05,41.71,68.68
2013-03-06,40.74,68.44
2013-03-07,40.49,68.86
2013-03-08,41.31,69.51
2013-03-11,41.5,69.46
2013-03-12,41.81,69.27
2013-03-13,41.51,70.19
2013-03-14,41.17,70.64
2013-03-15,40.65,70.34
2013-03-18,40.08,70.05
2013-03-19,39.4,69.35
2013-03-20,40.32,70.38
2013-03-21,39.52,69.74
2013-03-22,38.75,70.26
2013-03-25,39.36,70.27
2013-03-26,39.41,70.29
2013-03-27,39.14,70.16
2013-03-28,38.74,70.39
2013-04-01,38.41,69.63
2013-04-02,39.87,69.81
2013-04-03,39.06,68.99
2013-04-04,39.52,70.17
2013-04-05,39.97,70.13
2013-04-08,40.68,70.73
2013-04-09,40.47,70.3
2013-04-10,40.81,71.54
2013-04-11,41.55,72.97
2013-04-12,41.38,73.02
2013-04-15,40.06,70.68
2013-04-16,40.54,71.42
2013-04-17,39.61,70.37
2013-04-18,39.255,69.65
2013-04-19,39.455,70.47
2013-04-22,39.5,70.725
2013-04-23,39.6,71.56
2013-04-24,39.73,72.14
2013-04-25,41.04,73.31
2013-04-26,41.16,73.02
2013-04-29,41.35,73.02
2013-04-30,41.44,73.47
2013-05-01,40.9,72.52
2013-05-02,40.97,73.37
2013-05-03,41.54,74.54
2013-05-06,41.65,74.51
2013-05-07,43.66,75.25
2013-05-08,43.39,75.39
2013-05-09,43.39,75.37
2013-05-10,43.83,76.45
2013-05-13,43.75,76.17
2013-05-14,44.11,77.34
2013-05-15,44.43,77.77
2013-05-16,43.64,76.93
2013-05-17,44.54,77.75
2013-05-20,44.49,78.11
2013-05-21,43.27,78.68
2013-05-22,42.81,77.93
2013-05-23,42.3,78.33
2013-05-24,41.84,77.59
2013-05-28,41.1,77.99
2013-05-29,40.91,77.52
2013-05-30,41.87,77.79
2013-05-31,41.93,77.6
2013-06-03,41.86,77.71
2013-06-04,42.31,77.42
2013-06-05,41.57,76.55
2013-06-06,41.77,77.09
2013-06-07,42.58,78.32
2013-06-10,42.27,78.55
2013-06-11,42.04,77.73
2013-06-12,41.18,76.81
2013-06-13,41.41,78.07
2013-06-14,40.88,77.62
2013-06-17,40.79,78.06
2013-06-18,40.645,78.79
2013-06-19,39.9,77.87
2013-06-20,39.16,75.89
2013-06-21,39.535,75.5
2013-06-24,38.74,74.59
2013-06-25,39.04,75.28
2013-06-26,39.52,75.79
2013-06-27,40.34,76.57
2013-06-28,40.22,76.61
2013-07-01,40.41,77.34
2013-07-02,40.66,77.45
2013-07-03,40.37,77.59
2013-07-05,41.04,78.59
2013-07-08,41.77,79.59
2013-07-09,41.95,80.23
2013-07-10,42.34,80.34
2013-07-11,43.17,81.01
2013-07-12,42.98,80.81
2013-07-15,43.09,81.22
2013-07-16,42.63,80.66
2013-07-17,42.5,80.64
2013-07-18,42.72,81.17
2013-07-19,42.85,80.88
2013-07-22,42.76,80.99
2013-07-23,42.34,80.88
2013-07-24,42.04,80.35
2013-07-25,42.29,81.26
2013-07-26,41.95,81.28
2013-07-29,41.98,81.15
2013-07-30,42.5,81.44
2013-07-31,42.56,81.68
2013-08-01,43.79,82.97
2013-08-02,43.83,83.1
2013-08-05,43.67,82.99
2013-08-06,42.47,81.97
2013-08-07,41.27,80.78
2013-08-08,41.64,81.53
2013-08-09,41.46,81.42
2013-08-12,42.1,81.79
2013-08-13,41.77,82.23
2013-08-14,40.77,81.648
2013-08-15,40.28,80.03
2013-08-16,39.74,79.41
2013-08-19,39.92,78.93
2013-08-20,43.19,80.14
2013-08-21,42.3,79.02
2013-08-22,42.7,79.14
2013-08-23,42.8,78.89
2013-08-26,42.06,78.84
2013-08-27,41.45,77.36
2013-08-28,41.95,77.79
2013-08-29,42.49,78.47
2013-08-30,41.93,77.88
2013-09-03,41.76,78.09
2013-09-04,41.82,78.69
2013-09-05,41.96,79.15
2013-09-06,42.56,78.75
2013-09-09,42.71,80.05
2013-09-10,38.35,80.89
2013-09-11,38.2,81.09
2013-09-12,38.3,80.36
2013-09-13,38.38,80.76
2013-09-16,38.39,80.89
2013-09-17,38.12,81.76
2013-09-18,37.97,82.64
2013-09-19,38.12,82.82
2013-09-20,38.1,82.3
2013-09-23,37.43,81.99
2013-09-24,37.29,82.25
2013-09-25,36.94,81.92
2013-09-26,36.98,82.4
2013-09-27,37.07,82.38
2013-09-30,36.77,82.018
2013-10-01,36.51,82.93
2013-10-02,36.92,82.93
2013-10-03,36.7,82.22
2013-10-04,36.96,82.75
2013-10-07,35.66,81.32
2013-10-08,35.06,79.75
2013-10-09,35.7,79.71
2013-10-10,36.455,81.27
2013-10-11,35.895,81.75
2013-10-14,36.07,82.05
2013-10-15,35.89,81.34
2013-10-16,36.46,82.72
2013-10-17,36.439,83.07
2013-10-18,37.01,83.85
2013-10-21,36.5,83.8
2013-10-22,36.345,83.61
2013-10-23,36.45,83.41
2013-10-24,37.59,83.88
2013-10-25,37.88,83.96
2013-10-28,38.0,84.03
2013-10-29,38.24,84.63
2013-10-30,38.09,84.05
2013-10-31,37.88,84.17
2013-11-01,38.59,84.55
2013-11-04,39.47,85.28
2013-11-05,38.93,85.39
2013-11-06,38.76,84.7
2013-11-07,38.47,83.68
2013-11-08,39.48,84.87
2013-11-11,40.02,85.72
2013-11-12,39.82,86.18
2013-11-13,39.991,87.31
2013-11-14,40.0,87.49
2013-11-15,40.17,88.03
2013-11-18,39.64,87.49
2013-11-19,39.31,86.84
2013-11-20,39.02,86.87
2013-11-21,38.98,87.55
2013-11-22,38.44,87.47
2013-11-25,38.91,87.65
2013-11-26,38.87,88.09
2013-11-27,39.07,88.54
2013-11-29,39.02,88.46
2013-12-02,37.66,87.87
2013-12-03,37.24,87.8
2013-12-04,36.63,87.02
2013-12-05,36.29,86.75
2013-12-06,35.99,86.25
2013-12-09,36.04,86.39
2013-12-10,35.74,86.02
2013-12-11,36.84,85.46
2013-12-12,36.0,85.32
2013-12-13,35.78,85.44
2013-12-16,36.03,85.81
2013-12-17,35.85,85.44
2013-12-18,36.27,86.9
2013-12-19,35.72,86.45
2013-12-20,36.48,87.14
2013-12-23,36.88,87.54
2013-12-24,36.76,87.71
2013-12-26,37.55,88.21
2013-12-27,37.06,87.57
2013-12-30,37.32,88.01
2013-12-31,37.1,88.1
2014-01-02,37.78,87.44
2014-01-03,37.99,87.6
2014-01-06,37.96,86.76
2014-01-07,37.98,86.9
2014-01-08,37.87,86.49
2014-01-09,38.01,85.81
2014-01-10,37.57,85.84
2014-01-13,36.89,83.36
2014-01-14,37.13,84.31
2014-01-15,37.13,84.02
2014-01-16,36.78,83.35
2014-01-17,37.02,82.97
2014-01-21,36.89,82.81
2014-01-22,36.88,82.92
2014-01-23,36.52,82.39
2014-01-24,36.0,80.95
2014-01-27,36.28,80.76
2014-01-28,35.84,80.89
2014-01-29,35.41,79.55
2014-01-30,35.96,80.21
2014-01-31,35.82,79.85
2014-02-03,34.28,77.47
2014-02-04,34.77,77.87
2014-02-05,34.72,78.12
2014-02-06,35.6,80.0
2014-02-07,36.24,80.74
2014-02-10,36.64,80.59
2014-02-11,35.61,81.15
2014-02-12,35.25,81.04
2014-02-13,36.03,81.44
2014-02-14,35.85,81.22
2014-02-18,36.31,81.73
2014-02-19,36.32,82.04
2014-02-20,35.75,82.01
2014-02-21,35.92,82.28
2014-02-24,36.22,82.58
2014-02-25,36.79,83.64
2014-02-26,37.9,85.21
2014-02-27,37.62,85.74
2014-02-28,37.44,85.63
2014-03-03,37.52,85.32
2014-03-04,37.3,86.84
2014-03-05,37.14,86.53
2014-03-06,36.99,86.39
2014-03-07,37.56,87.09
2014-03-10,37.51,87.15
2014-03-11,35.91,86.62
2014-03-12,35.2932,86.6
2014-03-13,34.89,85.58
2014-03-14,35.55,85.72
2014-03-17,35.34,86.26
2014-03-18,35.87,86.67
2014-03-19,35.95,86.12
2014-03-20,35.88,86.06
2014-03-21,36.38,86.03
2014-03-24,36.5,85.18
2014-03-25,35.8,84.3
2014-03-26,35.96,83.34
2014-03-27,35.96,83.11
2014-03-28,36.36,83.84
2014-03-31,36.47,84.25
2014-04-01,36.65,85.5
2014-04-02,38.11,86.74
2014-04-03,38.28,86.49
2014-04-04,38.0,84.9
2014-04-07,36.76,83.01
2014-04-08,37.28,83.89
2014-04-09,37.91,84.62
2014-04-10,37.12,82.27
2014-04-11,36.01,81.11
2014-04-14,36.27,81.51
2014-04-15,36.07,81.57
2014-04-16,36.26,82.0
2014-04-17,35.62,81.93
2014-04-21,35.4,82.17
2014-04-22,35.76,83.19
2014-04-23,35.83,83.14
2014-04-24,35.97,83.3
2014-04-25,35.79,82.27
2014-04-28,35.93,83.07
2014-04-29,36.01,83.42
2014-04-30,35.655,83.52
2014-05-01,35.93,83.56
2014-05-02,35.57,83.98
2014-05-05,35.78,83.61
2014-05-06,35.005,82.19
2014-05-07,34.8,81.33
2014-05-08,35.38,81.8
2014-05-09,36.32,83.26
2014-05-12,36.89,84.88
2014-05-13,37.19,84.51
2014-05-14,36.67,83.35
2014-05-15,35.36,82.37
2014-05-16,36.21,83.57
2014-05-19,36.17,83.9
2014-05-20,32.98,81.83
2014-05-21,32.52,81.99
2014-05-22,32.53,82.87
2014-05-23,32.54,83.23
2014-05-27,32.59,83.7
2014-05-28,33.05,82.93
2014-05-29,33.27,83.44
2014-05-30,33.52,83.78
2014-06-02,33.49,83.56
2014-06-03,33.59,83.8
2014-06-04,33.9,84.44
2014-06-05,34.19,85.0
2014-06-06,34.4,85.5
2014-06-09,34.68,85.75
2014-06-10,33.39,85.71
2014-06-11,33.79,85.56
2014-06-12,33.46,84.41
2014-06-13,33.52,84.87
2014-06-16,33.32,85.54
2014-06-17,34.01,86.28
2014-06-18,33.92,86.85
2014-06-19,33.87,86.45
2014-06-20,34.14,86.23
2014-06-23,34.01,86.33
2014-06-24,34.02,85.73
2014-06-25,33.9,86.12
2014-06-26,33.83,86.07
2014-06-27,33.74,86.55
2014-06-30,33.86,86.8
2014-07-01,33.42,87.47
2014-07-02,34.05,87.5
2014-07-03,34.52,88.65
2014-07-07,34.29,87.63
2014-07-08,34.05,86.73
2014-07-09,34.43,87.35
2014-07-10,33.78,86.28
2014-07-11,33.55,85.81
2014-07-14,33.36,85.78
2014-07-15,33.29,85.24
2014-07-16,33.25,84.93
2014-07-17,33.38,83.87
2014-07-18,34.01,85.37
2014-07-21,33.82,84.76
2014-07-22,33.84,84.55
2014-07-23,33.93,84.78
2014-07-24,34.91,85.33
2014-07-25,34.53,84.33
2014-07-28,34.98,84.24
2014-07-29,35.4,84.24
2014-07-30,36.07,85.07
2014-07-31,35.73,83.85
2014-08-01,35.6,83.64
2014-08-04,36.01,84.57
2014-08-05,36.05,84.27
2014-08-06,36.93,84.61
2014-08-07,36.34,83.94
2014-08-08,37.17,85.24
2014-08-11,36.78,85.75
2014-08-12,36.76,85.06
2014-08-13,36.36,84.52
2014-08-14,36.345,85.36
2014-08-15,36.05,84.63
2014-08-18,36.92,85.94
2014-08-19,38.59,87.05
2014-08-20,39.15,87.68
2014-08-21,39.27,87.49
2014-08-22,39.8,88.08
2014-08-25,40.19,88.51
2014-08-26,40.245,89.17
2014-08-27,40.26,89.47
2014-08-28,39.77,89.03
2014-08-29,39.79,88.83
2014-09-02,39.79,89.06
2014-09-03,39.62,88.87
2014-09-04,40.095,89.39
2014-09-05,39.37,89.2
2014-09-08,39.07,88.92
2014-09-09,38.89,88.06
2014-09-10,38.655,88.38
2014-09-11,38.82,89.15
2014-09-12,38.82,89.12
2014-09-15,38.43,88.26
2014-09-16,38.62,89.06
2014-09-17,38.02,89.19
2014-09-18,38.46,89.36
2014-09-19,38.02,88.54
2014-09-22,37.26,87.13
2014-09-23,37.31,86.18
2014-09-24,38.13,87.18
2014-09-25,37.52,86.09
2014-09-26,37.46,86.39
2014-09-29,36.96,86.44
2014-09-30,36.7,85.58
2014-10-01,36.135,84.33
2014-10-02,36.24,85.43
2014-10-03,36.45,86.71
2014-10-06,36.075,85.82
2014-10-07,35.77,84.3
2014-10-08,36.25,85.42
2014-10-09,35.71,83.69
2014-10-10,34.94,83.44
2014-10-13,34.625,81.93
2014-10-14,34.66,82.92
2014-10-15,34.69,83.08
2014-10-16,34.56,82.96
2014-10-17,29.62,82.74
2014-10-20,30.19,84.32
2014-10-21,30.24,85.54
2014-10-22,30.055,84.59
2014-10-23,30.7,86.11
2014-10-24,30.29,85.94
2014-10-27,30.44,86.13
2014-10-28,30.52,87.4
2014-10-29,30.35,86.89
2014-10-30,30.41,87.66
2014-10-31,30.36,88.45
2014-11-03,30.41,88.3
2014-11-04,29.7,87.99
2014-11-05,30.065,88.33
2014-11-06,31.16,89.72
2014-11-07,31.18,90.05
2014-11-10,30.6,89.75
2014-11-11,30.81,89.87
2014-11-12,32.03,91.54
2014-11-13,31.645,91.13
2014-11-14,30.85,91.31
2014-11-17,30.83,90.28
2014-11-18,28.79,90.37
2014-11-19,29.53,91.04
2014-11-20,31.61,92.56
2014-11-21,31.48,92.68
2014-11-24,33.17,93.9
2014-11-25,33.01,93.75
2014-11-26,32.48,93.47
2014-11-28,32.32,94.31
2014-12-01,31.24,92.25
2014-12-02,31.09,92.57
2014-12-03,31.27,93.37
2014-12-04,31.16,92.73
2014-12-05,31.16,92.43
2014-12-08,31.5,91.73
2014-12-09,31.19,92.05
2014-12-10,30.01,90.54
2014-12-11,32.29,91.71
2014-12-12,32.06,92.28
2014-12-15,32.47,92.47
2014-12-16,32.63,91.32
2014-12-17,33.32,93.53
2014-12-18,34.17,95.0
2014-12-19,34.02,94.13
2014-12-22,34.49,94.67
2014-12-23,34.68,95.3
2014-12-24,34.15,95.24
2014-12-26,34.855,95.55
2014-12-29,35.25,96.49
2014-12-30,35.07,96.29
2014-12-31,35.13,96.01
2015-01-02,35.1,95.34
2015-01-05,35.1,94.26
2015-01-06,34.48,93.26
2015-01-07,35.38,95.7
2015-01-08,36.69,96.99
2015-01-09,36.44,95.25
2015-01-12,36.42,95.45
2015-01-13,34.51,94.63
2015-01-14,33.85,94.28
2015-01-15,32.99,92.12
2015-01-16,33.32,93.44
2015-01-20,33.57,92.23
2015-01-21,33.89,92.83
2015-01-22,34.63,94.56
2015-01-23,34.8,95.18
2015-01-26,35.36,95.98
2015-01-27,35.66,95.67
2015-01-28,35.41,94.13
2015-01-29,35.39,94.87
2015-01-30,34.86,92.9
2015-02-02,35.14,93.4
2015-02-03,36.07,95.18
2015-02-04,36.025,95.37
2015-02-05,36.35,96.01
2015-02-06,36.665,95.95
2015-02-09,36.51,95.55
2015-02-10,37.25,96.42
2015-02-11,37.66,96.54
2015-02-12,38.2,97.44
2015-02-13,38.465,98.02
2015-02-17,38.26,97.93
2015-02-18,38.05,97.88
2015-02-19,37.9,97.91
2015-02-20,38.34,98.47
2015-02-23,38.54,98.46
2015-02-24,38.3,98.29
2015-02-25,38.83,98.52
2015-02-26,38.35,98.43
2015-02-27,38.96,98.7
2015-03-02,39.02,99.14
2015-03-03,38.84,98.6
2015-03-04,38.835,98.25
2015-03-05,38.74,98.37
2015-03-06,38.89,97.71
2015-03-09,39.51,98.17
2015-03-10,44.06,97.28
2015-03-11,44.33,97.61
2015-03-12,44.52,99.31
2015-03-13,44.83,98.92
2015-03-16,44.52,99.6
2015-03-17,44.34,99.79
2015-03-18,45.1,100.1
2015-03-19,46.7,100.68
2015-03-20,47.01,100.96
2015-03-23,46.97,101.16
2015-03-24,46.18,101.36
2015-03-25,45.66,99.72
2015-03-26,45.46,99.42
2015-03-27,45.47,100.24
2015-03-30,45.78,101.58
2015-03-31,45.65,101.04
2015-04-01,44.75,100.49
2015-04-02,43.97,101.22
2015-04-06,44.14,101.51
2015-04-07,43.81,100.63
2015-04-08,43.52,101.51
2015-04-09,43.52,101.11
2015-04-10,43.85,101.44
2015-04-13,43.96,101.52
2015-04-14,43.87,100.66
2015-04-15,43.41,100.59
2015-04-16,43.13,100.66
2015-04-17,42.0,98.78
2015-04-20,42.39,99.69
2015-04-21,42.14,99.9
2015-04-22,42.17,100.14
2015-04-23,42.39,100.8
2015-04-24,41.895,100.98
2015-04-27,41.56,99.9
2015-04-28,41.17,99.53
2015-04-29,40.05,97.6
2015-04-30,40.04,96.73
2015-05-01,40.4,98.2
2015-05-04,40.54,98.55
2015-05-05,40.4,97.29
2015-05-06,40.66,97.23
2015-05-07,40.66,98.34
2015-05-08,40.67,99.17
2015-05-11,40.58,99.14
2015-05-12,40.14,98.59
2015-05-13,40.03,98.3
2015-05-14,39.31,97.65
2015-05-15,39.59,98.64
2015-05-18,40.72,99.61
2015-05-19,34.61,98.93
2015-05-20,34.12,99.0
2015-05-21,34.53,99.54
2015-05-22,34.84,99.24
2015-05-26,34.97,98.15
2015-05-27,34.975,98.64
2015-05-28,34.66,98.74
2015-05-29,34.38,97.79
2015-06-01,34.96,97.79
2015-06-02,34.63,98.49
2015-06-03,35.985,99.94
2015-06-04,36.37,99.85
2015-06-05,36.34,99.46
2015-06-08,36.115,98.71
2015-06-09,36.08,98.27
2015-06-10,35.16,99.17
2015-06-11,35.055,99.46
2015-06-12,35.54,99.54
2015-06-15,34.99,98.98
2015-06-16,35.15,99.47
2015-06-17,35.015,99.82
2015-06-18,35.2,100.8
2015-06-19,35.08,100.35
2015-06-22,35.4,100.77
2015-06-23,35.775,101.69
2015-06-24,35.36,100.97
2015-06-25,35.37,100.68
2015-06-26,35.665,101.21
2015-06-29,34.88,98.45
2015-06-30,35.0,98.66
2015-07-01,35.5,99.28
2015-07-02,35.59,98.77
2015-07-06,35.57,98.91
2015-07-07,35.97,99.88
2015-07-08,35.4,98.69
2015-07-09,35.05,98.91
2015-07-10,35.36,99.96
2015-07-13,35.38,101.2
2015-07-14,36.26,100.77
2015-07-15,35.385,100.5
2015-07-16,36.1,101.81
2015-07-17,35.18,100.65
2015-07-20,35.45,100.31
2015-07-21,34.88,99.65
2015-07-22,34.86,100.07
2015-07-23,34.32,98.79
2015-07-24,33.715,97.14
2015-07-27,33.46,96.33
2015-07-28,33.66,96.66
2015-07-29,33.68,97.26
2015-07-30,33.0,97.9
2015-07-31,32.62,98.35
2015-08-03,32.42,97.22
2015-08-04,32.4,97.89
2015-08-05,32.66,98.99
2015-08-06,32.37,97.04
2015-08-07,32.59,96.12
2015-08-10,33.16,97.26
2015-08-11,32.8,96.86
2015-08-12,32.57,96.35
2015-08-13,32.34,96.21
2015-08-14,32.32,96.9
2015-08-17,32.23,97.6
2015-08-18,31.55,97.29
2015-08-19,30.95,96.48
2015-08-20,30.27,94.15
2015-08-21,30.15,91.08
2015-08-24,28.54,88.4
2015-08-25,28.82,88.15
2015-08-26,29.77,91.34
2015-08-27,30.8,93.18
2015-08-28,31.05,93.72
2015-08-31,30.86,93.55
2015-09-01,30.5,91.59
2015-09-02,30.79,92.89
2015-09-03,31.23,92.93
2015-09-04,31.1,92.2
2015-09-08,31.0,94.01
2015-09-09,30.67,92.62
2015-09-10,30.3,92.51
2015-09-11,30.31,46.2
2015-09-14,30.2,45.95
2015-09-15,29.69,46.3
2015-09-16,30.3,47.06
2015-09-17,29.83,47.08
2015-09-18,29.46,46.1
2015-09-21,29.96,46.4
2015-09-22,29.25,45.82
2015-09-23,29.29,45.67
2015-09-24,29.52,45.57
2015-09-25,29.42,45.28
2015-09-28,28.64,43.85
2015-09-29,29.01,43.8
2015-09-30,29.38,44.42
2015-10-01,29.17,44.16
2015-10-02,30.14,44.94
2015-10-05,30.99,45.66
2015-10-06,30.58,45.15
2015-10-07,30.87,45.61
2015-10-08,31.45,46.3
2015-10-09,31.22,46.23
2015-10-12,30.74,46.1
2015-10-13,30.27,45.53
2015-10-14,30.11,45.09
2015-10-15,29.4,45.67
2015-10-16,29.33,45.91
2015-10-19,28.23,46.21
2015-10-20,28.23,46.35
2015-10-21,28.12,45.76
2015-10-22,28.03,45.62
2015-10-23,27.44,44.99
2015-10-26,27.78,45.23
2015-10-27,27.37,44.7
2015-10-28,28.74,45.84
2015-10-29,28.4,45.64
2015-10-30,28.6,45.89
2015-11-02,28.85,46.35
2015-11-03,29.39,46.91
2015-11-04,28.97,46.41
2015-11-05,29.44,46.66
2015-11-06,29.39,46.27
2015-11-09,28.31,45.3
2015-11-10,28.71,45.65
2015-11-11,26.59,44.62
2015-11-12,26.15,44.05
2015-11-13,24.49,42.37
2015-11-16,22.67,43.02
2015-11-17,21.8,42.86
2015-11-18,22.48,43.61
2015-11-19,22.29,43.28
2015-11-20,23.0,44.16
2015-11-23,23.27,44.58
2015-11-24,24.04,45.0
2015-11-25,24.31,45.62
2015-11-27,23.65,45.56
2015-11-30,22.4,44.57
2015-12-01,22.47,44.74
2015-12-02,22.45,44.69
2015-12-03,20.98,43.91
2015-12-04,21.36,44.67
2015-12-07,21.37,44.27
2015-12-08,21.09,44.22
2015-12-09,22.29,44.02
2015-12-10,22.6,44.27
2015-12-11,22.69,43.42
2015-12-14,22.55,43.42
2015-12-15,22.81,43.65
2015-12-16,23.76,44.39
2015-12-17,23.03,43.46
2015-12-18,23.06,42.74
2015-12-21,22.68,42.71
2015-12-22,23.45,43.54
2015-12-23,23.47,44.02
2015-12-24,23.19,43.65
2015-12-28,23.06,43.54
2015-12-29,23.42,44.0
2015-12-30,23.09,43.69
2015-12-31,22.75,43.24
2016-01-04,22.75,42.97
2016-01-05,22.58,43.32
2016-01-06,21.92,42.41
2016-01-07,22.21,42.26
2016-01-08,22.36,40.98
2016-01-11,21.84,41.11
2016-01-12,22.05,41.45
2016-01-13,21.02,40.08
2016-01-14,21.26,40.17
2016-01-15,21.17,39.41
2016-01-19,20.79,39.09
2016-01-20,20.95,39.29
2016-01-21,21.43,39.67
2016-01-22,21.65,40.37
2016-01-25,21.38,39.58
2016-01-26,22.16,40.51
2016-01-27,21.74,39.94
2016-01-28,21.91,39.93
2016-01-29,22.88,41.04
2016-02-01,23.01,41.25
2016-02-02,23.7,40.43
2016-02-03,23.82,40.17
2016-02-04,23.74,40.17
2016-02-05,23.4,39.11
2016-02-08,23.89,38.65
2016-02-09,23.59,38.53
2016-02-10,24.34,38.51
2016-02-11,23.9,38.39
2016-02-12,24.81,39.32
2016-02-16,25.99,40.9
2016-02-17,26.67,41.75
2016-02-18,27.13,41.67
2016-02-19,26.82,41.35
2016-02-22,27.03,42.06
2016-02-23,26.78,42.15
2016-02-24,26.86,42.66
2016-02-25,26.5,43.25
2016-02-26,26.68,43.35
2016-02-29,26.49,43.32
2016-03-01,26.92,44.01
2016-03-02,26.99,44.21
2016-03-03,27.43,44.6
2016-03-04,27.66,44.82
2016-03-07,28.16,45.05
2016-03-08,32.69,44.73
2016-03-09,32.79,44.83
2016-03-10,32.66,44.92
2016-03-11,33.11,45.61
2016-03-14,32.63,45.57
2016-03-15,32.05,45.68
2016-03-16,31.82,45.32
2016-03-17,32.73,45.77
2016-03-18,33.61,45.98
2016-03-21,33.37,45.74
2016-03-22,32.83,45.52
2016-03-23,32.12,44.96
2016-03-24,32.43,45.19
2016-03-28,32.28,45.53
2016-03-29,33.1,46.14
2016-03-30,33.04,46.24
2016-03-31,33.09,46.18
2016-04-01,34.29,46.12
2016-04-04,33.56,45.52
2016-04-05,32.11,45.02
2016-04-06,32.33,45.36
2016-04-07,30.62,44.1
2016-04-08,30.44,43.86
2016-04-11,29.93,43.49
2016-04-12,30.04,44.09
2016-04-13,31.1,45.29
2016-04-14,30.41,44.99
2016-04-15,31.43,45.34
2016-04-18,31.05,45.54
2016-04-19,31.18,45.37
2016-04-20,31.25,45.55
2016-04-21,30.98,45.01
2016-04-22,31.29,45.23
2016-04-25,30.72,44.83
2016-04-26,31.26,45.54
2016-04-27,31.48,45.79
2016-04-28,31.1,44.77
2016-04-29,30.32,44.2
2016-05-02,30.01,44.6
2016-05-03,29.42,43.96
2016-05-04,29.12,43.81
2016-05-05,27.98,42.91
2016-05-06,28.61,43.03
2016-05-09,28.96,43.73
2016-05-10,28.52,43.66
2016-05-11,27.03,41.72
2016-05-12,26.9,41.61
2016-05-13,25.99,41.04
2016-05-16,26.08,41.38
2016-05-17,25.44,40.72
2016-05-18,24.59,40.16
2016-05-19,28.01,40.68
2016-05-20,28.48,41.26
2016-05-23,28.3,40.87
2016-05-24,28.47,41.2
2016-05-25,28.81,41.7
2016-05-26,28.63,41.81
2016-05-27,28.92,42.3
2016-05-31,28.53,42.31
2016-06-01,28.9,42.46
2016-06-02,29.29,42.95
2016-06-03,29.17,42.65
2016-06-06,28.56,42.65
2016-06-07,28.55,42.95
2016-06-08,28.31,42.97
2016-06-09,27.93,42.32
2016-06-10,26.32,41.71
2016-06-13,25.96,41.2
2016-06-14,25.93,41.08
2016-06-15,25.77,41.59
2016-06-16,25.55,41.36
2016-06-17,25.98,41.44
2016-06-20,26.15,41.96
2016-06-21,26.28,41.61
2016-06-22,26.97,41.42
2016-06-23,26.9,42.0
2016-06-24,25.86,41.1
2016-06-27,25.72,40.14
2016-06-28,26.16,40.68
2016-06-29,26.97,41.61
2016-06-30,27.5,41.96
2016-07-01,27.83,42.34
2016-07-05,27.61,41.66
2016-07-06,28.17,42.29
2016-07-07,28.06,42.29
2016-07-08,29.09,43.39
2016-07-11,29.48,43.87
2016-07-12,29.69,44.21
2016-07-13,29.45,43.86
2016-07-14,29.16,43.93
2016-07-15,29.17,43.74
2016-07-18,29.61,44.44
2016-07-19,29.21,44.06
2016-07-20,29.7,44.46
2016-07-21,29.32,44.29
2016-07-22,29.16,44.49
2016-07-25,29.97,44.94
2016-07-26,30.46,45.24
2016-07-27,30.11,44.86
2016-07-28,29.79,44.87
2016-07-29,29.9,45.09
2016-08-01,29.58,44.93
2016-08-02,28.7,43.8
2016-08-03,29.14,44.24
2016-08-04,29.16,44.08
2016-08-05,30.15,44.83
2016-08-08,30.12,44.79
2016-08-09,29.33,44.17
2016-08-10,29.83,44.19
2016-08-11,30.5,45.26
2016-08-12,30.65,45.51
2016-08-15,31.24,45.96
2016-08-16,31.24,45.82
2016-08-17,36.05,45.34
2016-08-18,36.77,45.75
2016-08-19,37.81,45.94
2016-08-22,36.85,45.7
2016-08-23,36.83,46.16
2016-08-24,36.74,45.62
2016-08-25,36.78,45.36
2016-08-26,37.22,45.02
2016-08-29,37.17,45.23
2016-08-30,36.23,44.5
2016-08-31,35.85,44.47
2016-09-01,35.78,44.21
2016-09-02,36.1,44.51
2016-09-06,35.19,44.44
2016-09-07,35.85,44.76
2016-09-08,36.35,44.47
2016-09-09,36.08,43.52
2016-09-12,36.67,44.14
2016-09-13,35.82,43.52
2016-09-14,35.88,43.54
2016-09-15,36.36,44.1
2016-09-16,35.89,43.75
2016-09-19,35.88,43.68
2016-09-20,35.62,43.17
2016-09-21,35.76,43.48
2016-09-22,35.73,43.81
2016-09-23,35.66,43.78
2016-09-26,35.01,43.3
2016-09-27,35.13,43.59
2016-09-28,34.58,43.31
2016-09-29,34.43,42.91
2016-09-30,34.52,43.55
2016-10-03,34.79,43.43
2016-10-04,35.42,43.41
2016-10-05,36.05,43.99
2016-10-06,35.86,43.88
2016-10-07,36.61,43.85
2016-10-10,36.3,44.02
2016-10-11,35.6,43.35
2016-10-12,35.96,43.68
2016-10-13,35.15,43.21
2016-10-14,35.54,43.12
2016-10-17,34.77,42.7
2016-10-18,33.26,42.75
2016-10-19,33.59,43.16
2016-10-20,33.64,42.91
2016-10-21,33.58,42.95
2016-10-24,33.74,43.25
2016-10-25,34.04,42.88
2016-10-26,34.06,42.73
2016-10-27,33.5,41.91
2016-10-28,33.91,42.13
2016-10-31,33.45,42.23
2016-11-01,33.5,41.53
2016-11-02,32.86,41.53
2016-11-03,32.59,41.04
2016-11-04,32.17,41.07
2016-11-07,32.6,41.83
2016-11-08,32.96,41.71
2016-11-09,34.44,42.59
2016-11-10,36.37,43.72
2016-11-11,37.87,44.41
2016-11-14,39.25,45.26
2016-11-15,39.37,45.06
2016-11-16,39.12,45.28
2016-11-17,38.83,45.74
2016-11-18,37.51,45.31
2016-11-21,37.17,45.54
2016-11-22,39.01,46.6
2016-11-23,34.31,46.83
2016-11-25,33.56,46.64
2016-11-28,32.41,46.07
2016-11-29,32.42,46.01
2016-11-30,31.6,45.71
2016-12-01,31.66,45.51
2016-12-02,31.67,45.61
2016-12-05,33.19,46.24
2016-12-06,33.64,46.67
2016-12-07,34.39,47.5
2016-12-08,35.34,48.16
2016-12-09,34.19,47.94
2016-12-12,33.28,47.09
2016-12-13,32.34,47.09
2016-12-14,32.26,46.54
2016-12-15,31.22,46.55
2016-12-16,30.56,45.91
2016-12-19,30.05,46.12
2016-12-20,30.4,46.75
2016-12-21,29.92,46.36
2016-12-22,28.58,44.74
2016-12-23,28.42,44.48
2016-12-27,28.64,44.91
2016-12-28,28.73,44.37
2016-12-29,28.78,44.25
2016-12-30,28.48,44.07
2017-01-03,28.58,44.3
2017-01-04,29.09,45.17
2017-01-05,27.56,44.02
2017-01-06,27.42,43.71
2017-01-09,26.9,43.82
2017-01-10,27.59,44.33
2017-01-11,27.41,44.05
2017-01-12,27.02,43.97
2017-01-13,27.05,44.01
2017-01-17,26.95,44.36
2017-01-18,26.98,44.32
2017-01-19,26.19,43.52
2017-01-20,26.26,43.43
2017-01-23,26.08,43.07
2017-01-24,26.64,43.64
2017-01-25,27.02,43.82
2017-01-26,26.41,43.27
2017-01-27,25.93,42.69
2017-01-30,26.05,42.83
2017-01-31,26.54,43.2
2017-02-01,26.23,42.78
2017-02-02,26.23,42.72
2017-02-03,26.32,43.03
2017-02-06,26.19,42.57
2017-02-07,25.99,42.34
2017-02-08,26.66,43.0
2017-02-09,26.87,43.74
2017-02-10,27.44,44.04
2017-02-13,27.09,43.5
2017-02-14,27.61,43.95
2017-02-15,27.32,44.35
2017-02-16,26.92,43.43
2017-02-17,27.48,43.82
2017-02-21,27.65,44.31
2017-02-22,27.73,44.13
2017-02-23,26.3,43.1
2017-02-24,26.88,43.72
2017-02-27,26.79,44.03
2017-02-28,26.03,42.93
2017-03-01,25.48,42.89
2017-03-02,26.93,43.34
2017-03-03,26.06,42.72
2017-03-06,25.68,42.34
2017-03-07,25.41,41.94
2017-03-08,24.75,42.37
2017-03-09,24.72,41.83
2017-03-10,25.17,42.14
2017-03-13,24.21,41.88
2017-03-14,23.86,41.91
2017-03-15,24.09,42.3
2017-03-16,23.97,42.43
2017-03-17,23.61,42.44
2017-03-20,23.18,41.7871
2017-03-21,22.58,40.96
2017-03-22,22.71,40.9
2017-03-23,23.0,41.21
2017-03-24,22.94,41.1
2017-03-27,23.21,41.28
2017-03-28,23.35,41.72
2017-03-29,24.41,42.54
2017-03-30,24.46,42.59
2017-03-31,23.76,42.24
2017-04-03,23.2,41.6
2017-04-04,22.49,41.22
2017-04-05,22.01,40.82
2017-04-06,22.31,41.65
2017-04-07,22.33,41.51
2017-04-10,22.39,42.11
2017-04-11,22.82,42.5
2017-04-12,22.85,42.04
2017-04-13,22.42,41.65
2017-04-17,22.72,42.02
2017-04-18,22.79,42.18
2017-04-19,23.13,42.43
2017-04-20,23.49,43.22
2017-04-21,23.24,42.89
2017-04-24,23.44,43.15
2017-04-25,23.31,43.11
2017-04-26,23.7,43.53
2017-04-27,23.15,43.47
2017-04-28,22.88,42.91
2017-05-01,22.82,42.88
2017-05-02,23.28,43.31
2017-05-03,23.45,43.02
2017-05-04,23.04,42.77
2017-05-05,23.59,43.39
2017-05-08,23.27,43.26
2017-05-09,23.24,43.79
2017-05-10,23.69,44.1
2017-05-11,23.01,42.91
2017-05-12,21.61,42.13
2017-05-15,20.95,42.07
2017-05-16,20.46,41.74
2017-05-17,19.6,40.88
2017-05-18,19.4,40.97
2017-05-19,19.45,40.96
2017-05-22,19.14,41.31
2017-05-23,18.81,40.55
2017-05-24,18.8,40.4
2017-05-25,18.82,40.81
2017-05-26,19.07,40.82
2017-05-30,19.01,40.75
2017-05-31,18.87,40.74
2017-06-01,19.59,41.64
2017-06-02,18.93,41.3
2017-06-05,18.6,41.29
2017-06-06,18.19,40.39
2017-06-07,18.23,40.55
2017-06-08,16.35,40.46
2017-06-09,17.62,41.04
2017-06-12,18.17,41.15
2017-06-13,17.96,41.26
2017-06-14,18.24,41.17
2017-06-15,18.18,40.66
2017-06-16,18.09,39.97
2017-06-19,18.14,40.14
2017-06-20,17.6,39.32
2017-06-21,17.27,38.8
2017-06-22,17.47,39.06
2017-06-23,17.76,39.53
2017-06-26,18.06,40.25
2017-06-27,18.18,40.25
2017-06-28,18.19,40.58
2017-06-29,18.44,40.48
2017-06-30,18.54,40.72
2017-07-03,19.08,41.02
2017-07-05,19.13,40.33
2017-07-06,17.99,39.46
2017-07-07,18.41,39.7
2017-07-10,17.75,38.75
2017-07-11,17.56,38.79
2017-07-12,17.62,39.03
2017-07-13,18.49,39.93
2017-07-14,18.33,39.86
2017-07-17,18.47,40.22
2017-07-18,17.84,40.12
2017-07-19,18.15,40.5
2017-07-20,18.13,40.59
2017-07-21,17.95,40.36
2017-07-24,17.47,39.76
2017-07-25,18.42,40.81
2017-07-26,18.64,40.81
2017-07-27,19.29,41.37
2017-07-28,19.38,41.32
2017-07-31,19.59,41.16
2017-08-01,19.58,41.3
2017-08-02,19.08,40.77
2017-08-03,18.76,40.69
2017-08-04,19.28,41.11
2017-08-07,18.71,41.33
2017-08-08,18.92,41.11
2017-08-09,18.3,40.64
2017-08-10,17.19,39.4
2017-08-11,17.76,39.65
2017-08-14,17.73,39.66
2017-08-15,16.82,38.59
2017-08-16,19.76,38.96
2017-08-17,18.94,38.32
2017-08-18,19.27,38.19
2017-08-21,18.89,37.93
2017-08-22,19.46,38.45
2017-08-23,19.55,38.49
2017-08-24,20.0,38.84
2017-08-25,21.62,39.3
2017-08-28,21.19,39.13
2017-08-29,20.77,38.9
2017-08-30,20.29,38.99
2017-08-31,20.44,39.17
2017-09-01,21.1,39.7
2017-09-05,21.87,39.66
2017-09-06,22.01,40.18
2017-09-07,21.98,40.37
2017-09-08,21.62,40.08
2017-09-11,21.79,40.34
2017-09-12,22.46,40.95
2017-09-13,23.54,41.38
2017-09-14,22.77,41.07
2017-09-15,22.76,41.2
2017-09-18,22.68,41.04
2017-09-19,23.09,40.62
2017-09-20,23.37,40.51
2017-09-21,22.74,40.31
2017-09-22,22.87,40.8
2017-09-25,23.43,41.2
2017-09-26,23.94,41.46
2017-09-27,24.43,41.96
2017-09-28,23.93,41.73
2017-09-29,23.9,41.77
2017-10-02,23.99,41.76
2017-10-03,23.11,41.9
2017-10-04,23.03,41.59
2017-10-05,23.59,41.9
2017-10-06,23.13,41.65
2017-10-09,22.95,40.86
2017-10-10,23.19,40.97
2017-10-11,23.0,40.41
2017-10-12,22.19,39.88
2017-10-13,22.54,40.0
2017-10-16,22.94,39.73
2017-10-17,23.33,40.02
2017-10-18,23.77,40.27
2017-10-19,23.72,40.16
2017-10-20,24.63,40.65
2017-10-23,24.7,40.77
2017-10-24,24.83,40.9
2017-10-25,24.89,40.59
2017-10-26,25.02,40.75
2017-10-27,25.14,40.14
2017-10-30,24.55,39.48
2017-10-31,24.52,39.49
2017-11-01,24.94,39.58
2017-11-02,24.85,40.04
2017-11-03,24.72,39.88
2017-11-06,24.98,39.94
2017-11-07,24.32,39.0
2017-11-08,24.19,39.07
2017-11-09,24.97,39.71
2017-11-10,25.4,40.18
2017-11-13,24.95,39.7
2017-11-14,25.1,39.8
2017-11-15,25.68,39.88
2017-11-16,26.45,40.61
2017-11-17,27.9,41.75
2017-11-20,28.27,42.1
2017-11-21,29.32,41.58
2017-11-22,29.8,41.7
2017-11-24,30.16,41.52
2017-11-27,30.6,41.6
2017-11-28,31.57,42.87
2017-11-29,32.09,43.94
2017-11-30,31.12,43.73
2017-12-01,31.32,43.52
2017-12-04,32.13,44.52
2017-12-05,32.31,44.07
2017-12-06,32.64,44.11
2017-12-07,32.53,44.41
2017-12-08,33.09,44.93
2017-12-11,32.27,44.82
2017-12-12,32.38,44.19
2017-12-13,32.7,44.65
2017-12-14,32.31,43.82
2017-12-15,32.78,44.28
2017-12-18,34.5,45.46
2017-12-19,34.58,45.05
2017-12-20,34.91,45.2
2017-12-21,35.0,45.39
2017-12-22,34.72,45.51
2017-12-26,35.63,46.02
2017-12-27,35.3,45.47
2017-12-28,35.26,45.52
2017-12-29,35.06,45.18
2018-01-02,35.84,46.01
2018-01-03,35.63,45.98
2018-01-04,34.35,45.71
2018-01-05,34.26,46.11
2018-01-08,33.74,46.3
2018-01-09,32.37,45.81
2018-01-10,32.94,46.14
2018-01-11,34.24,47.28
2018-01-12,34.64,47.82
2018-01-16,33.31,46.8
2018-01-17,33.77,47.29
2018-01-18,33.84,47.42
2018-01-19,34.82,48.3
2018-01-22,35.105,48.91
2018-01-23,35.31,48.85
2018-01-24,34.57,48.51
2018-01-25,34.09,48.35
2018-01-26,34.99,48.84
2018-01-29,35.28,48.76
2018-01-30,34.42,47.67
2018-01-31,34.11,47.22
2018-02-01,33.68,46.73
2018-02-02,32.62,45.49
2018-02-05,32.09,44.02
2018-02-06,33.08,45.3
2018-02-07,33.94,45.75
2018-02-08,32.36,44.43
2018-02-09,34.23,44.74
2018-02-12,33.7,44.73
2018-02-13,34.14,44.95
2018-02-14,35.9,45.77
2018-02-15,36.07,46.3
2018-02-16,35.38,46.21
2018-02-20,35.23,45.3
2018-02-21,35.54,45.34
2018-02-22,35.38,45.26
2018-02-23,37.05,45.96
2018-02-26,37.11,46.11
2018-02-27,35.97,45.17
2018-02-28,35.29,45.28
2018-03-01,35.16,44.85
2018-03-02,36.48,45.31
2018-03-05,36.23,45.53
2018-03-06,36.98,46.17
2018-03-07,37.07,45.54
2018-03-08,35.13,44.77
2018-03-09,35.88,45.45
2018-03-12,35.06,45.3
2018-03-13,35.46,45.19
2018-03-14,35.3,44.93
2018-03-15,35.38,44.65
2018-03-16,35.93,44.74
2018-03-19,35.75,44.4
2018-03-20,36.38,44.05
2018-03-21,36.53,44.06
2018-03-22,36.01,43.37
2018-03-23,36.22,42.96
2018-03-26,37.79,44.32
2018-03-27,36.14,43.42
2018-03-28,36.38,43.87
2018-03-29,36.96,44.3
2018-04-02,36.91,43.13
2018-04-03,36.92,43.69
2018-04-04,37.06,44.9
2018-04-05,38.55,45.26
2018-04-06,38.54,44.49
2018-04-09,37.88,44.23
2018-04-10,38.58,45.15
2018-04-11,38.23,45.03
2018-04-12,38.98,45.09
2018-04-13,38.94,44.49
2018-04-16,39.61,44.81
2018-04-17,39.36,45.1
2018-04-18,39.68,45.12
2018-04-19,39.44,44.57
2018-04-20,38.35,43.98
2018-04-23,38.83,44.45
2018-04-24,38.64,44.36
2018-04-25,39.56,44.61
2018-04-26,39.98,45.26
2018-04-27,40.8,45.72
2018-04-30,40.27,45.18
2018-05-01,39.63,45.06
2018-05-02,39.81,45.24
2018-05-03,39.54,44.71
2018-05-04,38.71,44.99
2018-05-07,38.48,44.78
2018-05-08,39.01,44.75
2018-05-09,39.79,45.2
2018-05-10,39.08,45.14
2018-05-11,39.88,45.55
2018-05-14,40.64,46.06
2018-05-15,40.8,46.2
2018-05-16,42.32,46.95
2018-05-17,42.76,47.0
2018-05-18,42.27,46.51
2018-05-21,42.29,46.77
2018-05-22,41.21,45.95
2018-05-23,40.8,46.28
2018-05-24,42.19,46.66
2018-05-25,42.19,46.66
2018-05-29,41.7,46.63
2018-05-30,41.69,47.26
2018-05-31,41.54,46.37
2018-06-01,42.8,46.62
2018-06-04,44.21,47.64
2018-06-05,46.42,48.49
2018-06-06,46.81,48.83
2018-06-07,46.4,49.12
2018-06-08,46.42,49.55
2018-06-11,47.02,50.07
2018-06-12,47.9,50.25
2018-06-13,46.89,49.63
2018-06-14,45.99,49.21
2018-06-15,45.75,49.36
2018-06-18,45.52,49.83
2018-06-19,45.34,50.05
2018-06-20,46.32,50.56
2018-06-21,46.65,50.61
2018-06-22,46.05,50.44
2018-06-25,45.22,49.65
2018-06-26,46.27,49.85
2018-06-27,45.55,49.1
2018-06-28,46.01,49.11
2018-06-29,44.55,48.56
2018-07-02,45.1,48.47
2018-07-03,46.4,48.72
2018-07-05,45.76,49.28
2018-07-06,46.26,49.83
2018-07-09,45.8,49.97
2018-07-10,45.82,49.61
2018-07-11,45.4,49.15
2018-07-12,44.29,48.95
2018-07-13,44.56,49.22
2018-07-16,44.48,49.32
2018-07-17,45.92,49.91
2018-07-18,46.44,50.08
2018-07-19,46.98,50.63
2018-07-20,45.99,50.07
2018-07-23,46.46,50.02
2018-07-24,45.17,49.2
2018-07-25,45.84,49.67
2018-07-26,45.92,50.13
2018-07-27,43.73,49.34
2018-07-30,43.95,49.56
2018-07-31,44.4,49.63
2018-08-01,43.69,49.05
2018-08-02,44.77,49.56
2018-08-03,44.71,49.99
2018-08-06,46.0,50.29
2018-08-07,46.49,50.71
2018-08-08,46.71,50.74
2018-08-09,47.54,50.96
2018-08-10,48.28,50.99
2018-08-13,47.4,50.71
2018-08-14,48.74,51.86
2018-08-15,45.33,50.45
2018-08-16,45.57,50.62
2018-08-17,46.62,51.2
2018-08-20,47.51,51.93
2018-08-21,47.74,52.34
2018-08-22,45.48,52.37
2018-08-23,47.17,52.5
2018-08-24,45.6,51.92
2018-08-27,44.97,51.55
2018-08-28,45.41,51.8
2018-08-29,45.38,51.75
2018-08-30,45.35,51.4
2018-08-31,46.48,52.09
2018-09-04,48.26,52.33
2018-09-05,47.74,51.81
2018-09-06,43.54,51.16
2018-09-07,43.46,51.29
2018-09-10,43.96,51.86
2018-09-11,44.73,52.22
2018-09-12,44.25,52.03
2018-09-13,44.25,51.66
2018-09-14,42.53,51.78
2018-09-17,41.11,51.25
2018-09-18,41.58,51.44
2018-09-19,41.89,51.43
2018-09-20,42.05,51.6
2018-09-21,40.72,51.35
2018-09-24,40.37,50.97
2018-09-25,40.08,50.91
2018-09-26,41.62,51.35
2018-09-27,41.58,51.26
2018-09-28,40.9,51.02
2018-10-01,40.04,50.72
2018-10-02,39.97,49.06
2018-10-03,40.61,49.15
2018-10-04,39.74,48.68
2018-10-05,40.1,48.32
2018-10-08,39.56,48.36
2018-10-09,39.88,48.36
2018-10-10,38.95,47.17
2018-10-11,38.07,46.62
2018-10-12,38.59,47.42
2018-10-15,38.22,47.55
2018-10-16,37.83,48.38
2018-10-17,37.88,47.72
2018-10-18,36.87,46.87
2018-10-19,36.14,46.23
2018-10-22,37.45,46.74
2018-10-23,37.49,46.9
2018-10-24,37.5,45.99
2018-10-25,37.77,46.9
2018-10-26,38.6,46.28
2018-10-29,38.95,46.49
2018-10-30,40.3,47.82
2018-10-31,39.46,47.14
2018-11-01,40.07,47.91
2018-11-02,39.93,48.29
2018-11-05,40.29,48.52
2018-11-06,40.35,48.59
2018-11-07,40.68,49.05
2018-11-08,41.36,49.62
2018-11-09,40.44,48.65
2018-11-12,39.87,48.2
2018-11-13,39.27,48.17
2018-11-14,38.23,47.43
2018-11-15,37.98,47.11
2018-11-16,37.04,46.46
2018-11-19,35.61,45.51
2018-11-20,36.58,44.0
2018-11-21,37.4,44.75
2018-11-23,36.16,44.88
2018-11-26,36.9,45.76
2018-11-27,37.15,45.87
2018-11-28,37.97,46.62
2018-11-29,37.08,46.35
2018-11-30,38.09,46.35
2018-12-03,39.31,46.98
2018-12-04,37.5,45.25
2018-12-06,37.84,44.99
2018-12-07,37.04,43.31
2018-12-10,37.68,43.49
2018-12-11,35.15,43.3
2018-12-12,35.2,43.69
2018-12-13,33.61,42.52
2018-12-14,33.22,42.02
2018-12-17,33.4,41.11
2018-12-18,33.74,41.26
2018-12-19,33.06,40.68
2018-12-20,32.77,39.97
2018-12-21,31.88,38.6
2018-12-24,31.73,38.45
2018-12-26,34.06,40.65
2018-12-27,33.64,40.55
2018-12-28,33.38,40.76
2018-12-31,33.2,40.99
2019-01-02,33.19,41.57
2019-01-03,32.54,40.99
2019-01-04,32.29,42.25
2019-01-07,32.51,43.56
2019-01-08,32.74,43.94
2019-01-09,33.71,44.31
2019-01-10,32.56,43.6
2019-01-11,32.62,43.83
2019-01-14,32.27,43.51
2019-01-15,31.95,43.65
2019-01-16,31.93,43.75
2019-01-17,31.92,44.04
2019-01-18,32.55,44.86
2019-01-22,31.99,43.76
2019-01-23,32.02,43.8
2019-01-24,31.49,43.96
2019-01-25,32.24,44.67
2019-01-28,32.52,44.54
2019-01-29,32.03,43.91
2019-01-30,32.23,44.08
2019-01-31,32.3,44.16
2019-02-01,31.26,43.84
2019-02-04,31.6,44.32
2019-02-05,31.52,44.78
2019-02-06,31.12,44.49
2019-02-07,31.54,44.19
2019-02-08,30.9,43.92
2019-02-11,31.15,44.16
2019-02-12,31.36,44.89
2019-02-13,30.8,44.91
2019-02-14,30.29,44.82
2019-02-15,30.23,45.34
2019-02-19,30.19,45.58
2019-02-20,30.18,45.65
2019-02-21,30.02,44.94
2019-02-22,30.29,45.15
2019-02-25,30.31,45.29
2019-02-26,30.19,45.62
2019-02-27,30.86,46.08
2019-02-28,30.85,45.88
2019-03-01,31.13,46.17
2019-03-04,30.2,45.28
2019-03-05,30.35,45.65
2019-03-06,30.32,45.29
2019-03-07,29.62,44.66
2019-03-08,29.14,44.3
2019-03-11,29.92,45.11
2019-03-12,29.74,45.23
2019-03-13,29.35,45.36
2019-03-14,28.86,44.65
2019-03-15,28.61,44.41
2019-03-18,29.11,44.71
2019-03-19,29.59,44.53
2019-03-20,28.59,44.13
2019-03-21,28.09,44.58
2019-03-22,27.92,43.42
2019-03-25,27.98,43.92
2019-03-26,28.03,44.24
2019-03-27,28.85,44.69
2019-03-28,29.27,44.87
2019-03-29,29.64,45.01
2019-04-01,30.54,45.3
2019-04-02,30.66,44.88
2019-04-03,31.77,45.13
2019-04-04,33.41,45.63
2019-04-05,33.95,45.63
2019-04-08,33.59,45.5
2019-04-09,33.42,44.95
2019-04-10,33.47,45.61
2019-04-11,32.33,45.32
2019-04-12,31.55,45.22
2019-04-15,31.52,45.27
2019-04-16,30.43,45.49
2019-04-17,30.63,45.55
2019-04-18,30.93,45.33
2019-04-22,29.08,44.4
2019-04-23,29.31,45.13
2019-04-24,29.82,45.89
2019-04-25,29.62,45.47
2019-04-26,29.32,45.8
2019-04-29,29.83,45.91
2019-04-30,29.73,45.68
2019-05-01,29.7,45.08
2019-05-02,30.1,45.4
2019-05-03,30.01,45.84
2019-05-06,29.6,45.5
2019-05-07,28.28,44.71
2019-05-08,28.34,44.81
2019-05-09,28.25,44.42
2019-05-10,28.05,44.13
2019-05-13,26.81,42.47
2019-05-14,26.73,43.05
2019-05-15,26.51,42.94
2019-05-16,26.79,42.96
2019-05-17,26.98,42.65
2019-05-20,26.95,42.51
2019-05-21,27.0,43.06
2019-05-22,24.34,42.26
2019-05-23,23.84,41.7
2019-05-24,24.43,41.69
2019-05-28,23.98,41.43
2019-05-29,23.56,40.5
2019-05-30,22.67,40.59
2019-05-31,22.47,40.05
2019-06-03,22.83,40.3
2019-06-04,23.74,41.49
2019-06-05,23.75,40.88
2019-06-06,23.22,40.73
2019-06-07,23.33,41.18
2019-06-10,23.05,41.42
2019-06-11,22.97,41.82
2019-06-12,22.78,41.69
2019-06-13,23.16,42.2
2019-06-14,23.85,42.1
2019-06-17,24.06,42.16
2019-06-18,23.76,42.42
2019-06-19,23.46,42.37
2019-06-20,23.44,42.55
2019-06-21,23.53,42.32
2019-06-24,23.17,41.67
2019-06-25,23.11,41.41
2019-06-26,22.91,41.59
2019-06-27,23.14,42.08
2019-06-28,22.75,42.37
2019-07-01,22.79,42.46
2019-07-02,22.64,42.13
2019-07-03,22.96,42.46
2019-07-05,23.6,42.97
2019-07-08,24.2,42.91
2019-07-09,23.46,42.64
2019-07-10,23.28,42.47
2019-07-11,23.38,42.48
2019-07-12,24.0,43.16
2019-07-15,23.55,43.05
2019-07-16,23.82,43.13
2019-07-17,23.27,42.66
2019-07-18,22.74,42.42
2019-07-19,22.77,42.48
2019-07-22,22.4,42.13
2019-07-23,22.39,42.35
2019-07-24,23.05,43.19
2019-07-25,23.07,42.73
2019-07-26,23.3,42.97
2019-07-29,23.43,43.05
2019-07-30,23.55,42.64
2019-07-31,23.81,42.59
2019-08-01,22.01,41.21
2019-08-02,21.9,41.01
2019-08-05,21.36,40.1
2019-08-06,22.0,40.61
2019-08-07,22.06,40.52
2019-08-08,21.99,41.13
2019-08-09,21.09,40.2
2019-08-12,20.92,39.47
2019-08-13,21.87,40.1
2019-08-14,20.25,38.42
2019-08-15,19.86,37.81
2019-08-16,20.51,38.61
2019-08-19,20.85,39.1
2019-08-20,20.91,38.73
2019-08-21,22.36,39.46
2019-08-22,23.89,40.08
2019-08-23,22.68,38.56
2019-08-26,22.46,39.0
2019-08-27,22.39,38.52
2019-08-28,23.55,39.55
2019-08-29,23.44,40.15
2019-08-30,23.41,39.77
2019-09-03,22.6,39.16
2019-09-04,22.68,39.59
2019-09-05,24.73,41.07
2019-09-06,23.86,41.01
2019-09-09,24.89,42.43
2019-09-10,25.69,43.61
2019-09-11,26.48,43.88
2019-09-12,26.34,43.53
2019-09-13,26.75,43.57
2019-09-16,25.74,43.07
2019-09-17,24.75,42.76
2019-09-18,23.84,42.33
2019-09-19,23.92,42.1
2019-09-20,24.21,41.78
2019-09-23,24.55,42.23
2019-09-24,24.29,41.88
2019-09-25,24.835,42.27
2019-09-26,24.93,42.0
2019-09-27,26.2,42.0
2019-09-30,28.09,42.43
2019-10-01,28.18,42.12
2019-10-02,27.495,41.0
2019-10-03,28.22,41.12
2019-10-04,27.315,41.4
2019-10-07,27.24,41.35
2019-10-08,26.37,40.75
2019-10-09,26.81,41.13
2019-10-10,26.99,41.56
2019-10-11,27.78,42.47
2019-10-14,26.44,42.04
2019-10-15,26.765,42.53
2019-10-16,27.115,42.78
2019-10-17,27.58,43.33
2019-10-18,27.685,42.71
2019-10-21,27.78,43.22
2019-10-22,28.79,43.76
2019-10-23,28.94,43.98
2019-10-24,28.84,43.92
2019-10-25,29.45,44.39
2019-10-28,30.0,44.76
2019-10-29,29.37,44.02
2019-10-30,29.06,43.68
2019-10-31,28.7,43.15
2019-11-01,29.61,43.68
2019-11-04,29.81,44.4
2019-11-05,30.27,44.95
2019-11-06,30.32,44.76
2019-11-07,30.57,44.7
2019-11-08,29.94,44.47
2019-11-11,30.56,44.44
2019-11-12,30.83,44.36
2019-11-13,30.81,44.13
2019-11-14,30.73,44.42
2019-11-15,31.06,44.86
2019-11-18,30.16,44.82
2019-11-19,28.79,43.95
2019-11-20,24.405,43.39
2019-11-21,25.1,43.25
2019-11-22,25.53,43.84
2019-11-25,25.84,44.57
2019-11-26,26.16,44.84
2019-11-27,25.89,45.02
2019-11-29,25.66,44.68
2019-12-02,25.31,44.2
2019-12-03,24.31,43.6
2019-12-04,25.18,43.91
2019-12-05,25.37,43.75
2019-12-06,26.12,44.76
2019-12-09,26.71,44.93
2019-12-10,27.34,44.91
2019-12-11,26.59,44.6
2019-12-12,27.38,45.52
2019-12-13,26.75,44.67
2019-12-16,26.78,44.64
2019-12-17,27.41,45.18
2019-12-18,28.01,45.62
2019-12-19,27.69,45.82
2019-12-20,27.64,45.71
2019-12-23,27.405,45.55
2019-12-24,27.13,45.72
2019-12-26,28.14,46.05
2019-12-27,27.75,46.24
2019-12-30,27.57,45.93
2019-12-31,27.77,46.01
2020-01-02,27.83,45.66
2020-01-03,27.95,45.31
2020-01-06,28.69,45.47
2020-01-07,29.06,45.31
2020-01-08,28.49,45.4
2020-01-09,27.69,45.21
2020-01-10,26.39,45.08
2020-01-13,26.09,45.34
2020-01-14,26.46,45.61
2020-01-15,26.16,45.34
2020-01-16,26.9,45.93
2020-01-17,26.93,45.88
2020-01-21,26.41,45.64
2020-01-22,26.45,45.47
2020-01-23,26.47,45.42
2020-01-24,26.22,44.9
2020-01-27,26.05,44.47
2020-01-28,26.75,44.72
2020-01-29,26.52,44.62
2020-01-30,26.48,44.37
2020-01-31,25.6,43.06
2020-02-03,26.23,43.49
2020-02-04,26.0,43.83
2020-02-05,27.11,44.82
2020-02-06,26.56,44.57
2020-02-07,25.93,43.91
2020-02-10,26.38,44.01
2020-02-11,26.94,44.35
2020-02-12,28.71,45.1
2020-02-13,28.22,44.93
2020-02-14,28.25,44.82
2020-02-18,27.81,45.01
2020-02-19,27.82,45.11
2020-02-20,28.24,46.1
2020-02-21,28.61,45.8
2020-02-24,27.37,44.17
2020-02-25,25.84,42.69
2020-02-26,24.92,41.71
2020-02-27,24.29,40.54
2020-02-28,23.51,40.28
2020-03-02,23.02,40.92
2020-03-03,23.13,39.99
2020-03-04,21.4,41.01
2020-03-05,19.73,39.57
2020-03-06,19.07,39.13
2020-03-09,16.66,37.01
2020-03-10,17.1,37.67
2020-03-11,15.84,34.97
2020-03-12,14.62,30.66
2020-03-13,15.68,32.74
2020-03-16,13.39,28.66
2020-03-17,14.92,30.14
2020-03-18,15.13,27.75
2020-03-19,16.12,29.27
2020-03-20,15.43,27.96
2020-03-23,13.85,26.99
2020-03-24,15.55,29.74
2020-03-25,16.01,30.26
2020-03-26,15.78,31.2
2020-03-27,14.56,30.03
2020-03-30,14.56,30.02
2020-03-31,14.24,29.78
2020-04-01,13.17,28.03
2020-04-02,13.08,27.64
2020-04-03,12.77,27.19
2020-04-06,15.33,30.21
2020-04-07,16.68,31.0
2020-04-08,17.43,32.38
2020-04-09,18.66,33.55
2020-04-13,17.74,33.28
2020-04-14,18.45,34.4
2020-04-15,17.12,33.07
2020-04-16,16.98,32.98
2020-04-17,18.64,34.37
2020-04-20,17.49,33.98
2020-04-21,16.93,33.08
2020-04-22,15.92,33.3
2020-04-23,15.47,33.58
2020-04-24,15.73,34.54
2020-04-27,16.69,36.36
2020-04-28,17.77,36.82
2020-04-29,18.86,37.92
2020-04-30,17.34,36.68
2020-05-01,16.77,35.66
2020-05-04,16.855,35.85
2020-05-05,15.92,36.21
2020-05-06,16.17,36.31
2020-05-07,16.65,36.53
2020-05-08,17.72,38.03
2020-05-11,17.17,37.98
2020-05-12,16.48,37.0
2020-05-13,15.75,36.04
2020-05-14,15.69,36.22
2020-05-15,16.645,36.95
2020-05-18,18.78,38.52
2020-05-19,17.93,38.04
2020-05-20,16.54,38.24
2020-05-21,17.63,39.02
2020-05-22,17.17,39.18
2020-05-26,17.92,40.26
2020-05-27,19.02,41.64
2020-05-28,17.72,40.74
2020-05-29,16.94,40.8
2020-06-01,17.32,41.1
2020-06-02,17.99,42.06
2020-06-03,19.64,43.18
2020-06-04,20.46,43.32
2020-06-05,20.93,44.35
2020-06-08,21.29,45.35
2020-06-09,19.5,44.23
2020-06-10,18.65,43.2
2020-06-11,17.49,40.84
2020-06-12,17.43,41.29
2020-06-15,17.23,41.83
2020-06-16,18.35,43.06
2020-06-17,17.41,42.75
2020-06-18,17.95,42.67
2020-06-19,16.92,42.2
2020-06-22,17.28,43.05
2020-06-23,17.17,43.1
2020-06-24,16.18,41.58
2020-06-25,15.81,41.79
2020-06-26,14.7,41.24
2020-06-29,15.03,42.71
2020-06-30,15.22,42.88
2020-07-01,15.06,43.06
2020-07-02,15.34,43.44
2020-07-06,16.61,44.21
2020-07-07,16.5,43.78
2020-07-08,17.53,44.32
2020-07-09,16.76,43.49
2020-07-10,16.495,44.08
2020-07-13,16.24,43.1
2020-07-14,15.96,43.96
2020-07-15,17.27,45.39
2020-07-16,16.89,45.7
2020-07-17,16.39,45.28
2020-07-20,15.26,44.99
2020-07-21,16.01,46.14
2020-07-22,15.91,46.85
2020-07-23,16.04,46.65
2020-07-24,15.42,46.16
2020-07-27,15.41,46.67
2020-07-28,15.74,46.52
2020-07-29,17.33,47.84
2020-07-30,16.25,47.65
2020-07-31,16.54,47.33
2020-08-03,17.61,48.25
2020-08-04,18.39,49.01
2020-08-05,18.97,50.2
2020-08-06,19.145,49.67
2020-08-07,19.31,50.72
2020-08-10,19.45,50.99
2020-08-11,19.42,50.66
2020-08-12,19.19,51.06
2020-08-13,19.36,51.23
2020-08-14,20.04,51.55
2020-08-17,19.795,52.71
2020-08-18,19.425,52.3
2020-08-19,19.7,52.38
2020-08-20,18.84,51.77
2020-08-21,18.85,51.96
2020-08-24,20.315,52.88
2020-08-25,20.8,52.65
2020-08-26,25.25,52.88
2020-08-27,24.05,52.5
2020-08-28,23.81,52.56
2020-08-31,23.54,51.79
2020-09-01,23.435,52.97
2020-09-02,23.81,53.27
2020-09-03,23.85,51.4
2020-09-04,24.41,50.92
2020-09-08,24.72,50.18
2020-09-09,24.8,51.05
2020-09-10,23.31,50.44
2020-09-11,22.64,49.77
2020-09-14,23.695,50.94
2020-09-15,23.18,50.81
2020-09-16,23.17,51.05
2020-09-17,22.61,50.56
2020-09-18,21.9,50.41
2020-09-21,21.02,49.29
2020-09-22,21.1,50.62
2020-09-23,20.55,49.28
2020-09-24,20.43,48.53
2020-09-25,20.41,48.88
2020-09-28,22.09,50.08
2020-09-29,20.89,49.31
2020-09-30,20.81,49.66
2020-10-01,21.7,51.01
2020-10-02,22.67,51.29
2020-10-05,23.59,52.77
2020-10-06,22.82,51.76
2020-10-07,24.21,53.18
2020-10-08,23.47,54.01
2020-10-09,23.595,54.04
2020-10-12,23.54,54.05
2020-10-13,23.44,54.52
2020-10-14,23.71,54.07
2020-10-15,24.47,54.88
2020-10-16,24.04,54.28
2020-10-19,22.91,53.68
2020-10-20,22.67,53.79
2020-10-21,23.08,53.44
2020-10-22,24.64,53.95
2020-10-23,24.69,54.44
2020-10-26,23.79,53.05
2020-10-27,23.79,52.84
2020-10-28,22.75,51.56
2020-10-29,22.575,51.22
2020-10-30,22.34,49.84
2020-11-02,23.21,50.67
2020-11-03,24.43,52.46
2020-11-04,23.3,52.33
2020-11-05,24.19,53.97
2020-11-06,23.73,53.7
2020-11-09,26.45,54.36
2020-11-10,27.59,54.67
2020-11-11,26.675,54.7
2020-11-12,25.86,53.5
2020-11-13,26.63,54.59
2020-11-16,28.02,56.05
2020-11-17,28.36,56.28
2020-11-18,28.13,56.34
2020-11-19,28.98,57.63
2020-11-20,30.315,57.57
2020-11-23,31.66,59.72
2020-11-24,30.12,60.79
2020-11-25,29.76,60.69
2020-11-27,29.05,61.21
2020-11-30,27.38,60.08
2020-12-01,27.37,60.81
2020-12-02,28.21,60.86
2020-12-03,28.23,61.47
2020-12-04,28.52,62.21
2020-12-07,27.6,61.9
2020-12-08,27.25,62.32
2020-12-09,27.26,62.0
2020-12-10,27.19,61.94
2020-12-11,26.64,61.26
2020-12-14,26.08,60.62
2020-12-15,27.15,62.22
2020-12-16,26.67,62.4
2020-12-17,26.94,63.57
2020-12-18,27.12,63.35
2020-12-21,26.375,63.35
2020-12-22,25.76,64.31
2020-12-23,26.94,64.77
2020-12-24,26.76,64.76
2020-12-28,25.95,65.09
2020-12-29,25.42,64.27
2020-12-30,25.9,64.91
2020-12-31,25.6,64.32
2021-01-04,24.55,63.54
2021-01-05,25.56,64.96
2021-01-06,27.91,67.63
2021-01-07,25.97,68.11
2021-01-08,26.695,68.16
2021-01-11,28.65,69.61
2021-01-12,30.31,71.81
2021-01-13,28.74,71.51
2021-01-14,27.84,73.72
2021-01-15,28.13,71.98
2021-01-19,27.29,72.33
2021-01-20,27.17,72.59
2021-01-21,26.56,73.17
2021-01-22,26.76,74.87
2021-01-25,28.0,76.18
2021-01-26,27.41,81.43
2021-01-27,28.44,91.23
2021-01-28,28.38,82.97
2021-01-29,27.43,88.01
2021-02-01,27.13,82.95
2021-02-02,27.23,76.14
2021-02-03,28.13,77.42
2021-02-04,29.15,77.16
2021-02-05,28.95,78.86
2021-02-08,29.73,80.07
2021-02-09,29.51,79.64
2021-02-10,30.4,79.58
2021-02-11,31.22,80.01
2021-02-12,31.01,80.01
2021-02-16,31.31,79.67
2021-02-17,30.27,79.05
2021-02-18,29.88,77.99
2021-02-19,30.265,79.15
2021-02-22,31.44,79.22
2021-02-23,32.45,78.0
2021-02-24,34.65,82.13
2021-02-25,34.54,79.61
2021-02-26,33.9,79.26
2021-03-01,34.14,83.31
2021-03-02,33.77,81.88
2021-03-03,35.81,81.58
2021-03-04,35.23,80.01
2021-03-05,37.51,81.68
2021-03-08,38.93,86.66
2021-03-09,37.22,90.14
2021-03-10,37.19,91.9
2021-03-11,37.54,92.81
2021-03-12,39.91,94.39
2021-03-15,40.45,93.43
2021-03-16,40.6,91.55
2021-03-17,41.5,92.32
2021-03-18,39.81,89.87
2021-03-19,40.96,90.96
2021-03-22,39.22,90.04
2021-03-23,36.72,87.21
2021-03-24,35.92,84.19
2021-03-25,37.85,86.77
2021-03-26,38.45,88.75
2021-03-29,36.42,87.04
2021-03-30,37.46,88.79
2021-03-31,37.19,89.21
2021-04-01,36.32,89.51
2021-04-05,36.52,90.47
2021-04-06,37.225,90.8
2021-04-07,38.1,90.06
2021-04-08,38.31,90.79
2021-04-09,39.18,92.21
2021-04-12,38.15,92.67
2021-04-13,36.89,91.97
2021-04-14,37.14,92.2
2021-04-15,37.08,92.5
2021-04-16,37.31,92.74
2021-04-19,37.03,91.61
2021-04-20,35.23,89.55
2021-04-21,36.8,91.11
2021-04-22,37.16,91.08
2021-04-23,38.5,93.28
2021-04-26,36.31,92.6
2021-04-27,37.57,93.8
2021-04-28,37.6,94.19
2021-04-29,36.75,94.06
2021-04-30,35.9,92.82
2021-05-03,38.09,94.78
2021-05-04,37.88,93.9
2021-05-05,37.65,93.92
2021-05-06,39.24,94.16
2021-05-07,39.48,95.19
2021-05-10,37.73,93.6
2021-05-11,36.67,92.74
2021-05-12,34.7,88.15
2021-05-13,35.57,89.56
2021-05-14,37.36,93.42
2021-05-17,39.02,94.49
2021-05-18,37.84,93.52
2021-05-19,36.49,91.33
2021-05-20,34.13,90.94
2021-05-21,33.82,91.03
2021-05-24,34.72,91.4
2021-05-25,34.96,91.03
2021-05-26,38.47,93.66
2021-05-27,39.31,94.55
2021-05-28,39.16,93.36
2021-06-01,38.77,94.88
2021-06-02,37.87,95.83
2021-06-03,37.14,94.21
2021-06-04,37.2,93.92
2021-06-07,38.17,94.97
2021-06-08,38.8,96.63
2021-06-09,37.83,95.89
2021-06-10,38.08,94.86
2021-06-11,38.64,96.5
2021-06-14,38.54,95.83
2021-06-15,38.08,94.37
2021-06-16,38.93,94.58
2021-06-17,38.13,93.5
2021-06-18,37.21,91.8
2021-06-21,36.72,93.6
2021-06-22,38.44,95.38
2021-06-23,40.04,96.3
2021-06-24,40.41,97.07
2021-06-25,41.2,97.54
2021-06-28,39.81,96.9
2021-06-29,39.88,96.52
2021-06-30,41.22,97.23
2021-07-01,41.01,98.18
2021-07-02,40.37,97.66
2021-07-06,39.61,95.99
2021-07-07,38.4,94.74
2021-07-08,38.35,94.29
2021-07-09,39.7,97.86
2021-07-12,40.49,98.07
2021-07-13,39.58,96.47
2021-07-14,39.32,95.25
2021-07-15,37.93,93.75
2021-07-16,36.89,92.35
2021-07-19,35.54,91.46
2021-07-20,36.97,94.59
2021-07-21,37.5,96.33
2021-07-22,36.74,95.27
2021-07-23,36.44,96.11
2021-07-26,37.5,96.49
2021-07-27,36.4,95.21
2021-07-28,36.62,95.27
2021-07-29,36.47,96.08
2021-07-30,37.18,95.27
2021-08-02,36.69,95.25
2021-08-03,37.24,96.17
2021-08-04,35.62,93.52
2021-08-05,37.5,94.65
2021-08-06,38.74,94.99
2021-08-09,38.53,94.91
2021-08-10,39.6,97.14
2021-08-11,39.49,97.52
2021-08-12,38.95,96.75
2021-08-13,37.94,95.66
2021-08-16,37.48,95.71
2021-08-17,35.67,92.97
2021-08-18,35.68,92.56
2021-08-19,36.52,92.77
2021-08-20,37.81,94.29
2021-08-23,38.63,95.25
2021-08-24,40.73,97.27
2021-08-25,36.86,97.16
2021-08-26,35.13,95.42
2021-08-27,34.54,96.19
2021-08-30,33.96,96.36
2021-08-31,33.02,95.97
2021-09-01,33.82,96.68
2021-09-02,32.87,95.97
2021-09-03,32.2,95.64
2021-09-07,31.83,94.4
2021-09-08,31.79,93.34
2021-09-09,32.29,94.25
2021-09-10,31.26,92.85
2021-09-13,31.86,92.5
2021-09-14,31.76,91.65
2021-09-15,32.64,92.94
2021-09-16,32.8,94.25
2021-09-17,32.52,94.38
2021-09-20,32.15,92.55
2021-09-21,32.0,92.35
2021-09-22,32.6,94.21
2021-09-23,32.91,95.3
2021-09-24,31.91,94.96
2021-09-27,31.83,96.62
2021-09-28,31.65,94.76
2021-09-29,31.36,94.82
2021-09-30,29.69,90.32
2021-10-01,30.44,91.18
2021-10-04,30.59,90.37
2021-10-05,29.9,90.26
2021-10-06,29.35,89.63
2021-10-07,29.72,91.59
2021-10-08,29.69,90.84
2021-10-11,28.64,89.03
2021-10-12,29.78,89.8
2021-10-13,30.09,90.36
2021-10-14,30.22,91.75
2021-10-15,30.25,91.67
2021-10-18,30.63,93.43
2021-10-19,30.56,92.98
2021-10-20,30.44,93.35
2021-10-21,30.38,94.98
2021-10-22,30.83,94.48
2021-10-25,31.57,95.98
2021-10-26,31.2,94.07
2021-10-27,30.85,91.91
2021-10-28,31.72,93.54
2021-10-29,31.93,94.29
2021-11-01,32.67,96.39
2021-11-02,32.81,97.03
2021-11-03,35.17,100.75
2021-11-04,35.2,100.65
2021-11-05,35.49,101.69
2021-11-08,34.86,101.54
2021-11-09,35.61,102.47
2021-11-10,35.25,100.43
2021-11-11,35.34,101.64
2021-11-12,35.64,102.46
2021-11-15,36.9,103.07
2021-11-16,37.65,104.16
2021-11-17,36.06,101.77
2021-11-18,37.45,103.67
2021-11-19,36.17,101.05
2021-11-22,37.27,102.5
2021-11-23,33.8,100.97
2021-11-24,33.04,99.58
2021-11-26,31.85,97.18
2021-11-29,32.54,96.62
2021-11-30,31.67,93.93
2021-12-01,30.62,90.8
2021-12-02,31.55,92.56
2021-12-03,31.6,90.96
2021-12-06,32.0,92.63
2021-12-07,32.77,94.66
2021-12-08,32.32,94.05
2021-12-09,31.41,92.43
2021-12-10,30.54,92.43
2021-12-13,29.02,89.44
2021-12-14,29.33,89.37
2021-12-15,29.12,90.08
2021-12-16,27.88,87.54
2021-12-17,28.43,87.99
2021-12-20,27.2,85.15
2021-12-21,28.26,87.77
2021-12-22,28.41,87.92
2021-12-23,29.12,88.78
2021-12-27,29.41,89.76
2021-12-28,29.17,89.33
2021-12-29,29.74,89.85
2021-12-30,30.05,90.86
2021-12-31,29.36,90.29
2022-01-03,29.8,91.58
2022-01-04,29.71,90.79
2022-01-05,28.73,87.73
2022-01-06,29.26,88.29
2022-01-07,28.73,87.18
2022-01-10,28.2,85.74
2022-01-11,28.71,87.18
2022-01-12,27.77,86.17
2022-01-13,27.95,85.42
2022-01-14,28.15,83.63
2022-01-18,28.05,81.86
2022-01-19,27.92,81.26
2022-01-20,26.46,78.54
2022-01-21,26.42,77.38
2022-01-24,28.97,82.03
2022-01-25,29.11,80.68
2022-01-26,28.33,78.53
2022-01-27,28.17,77.84
2022-01-28,28.1,78.58
2022-01-31,28.72,81.73
2022-02-01,29.43,82.72
2022-02-02,28.51,80.43
2022-02-03,28.09,78.32
2022-02-04,28.61,78.49
2022-02-07,29.33,78.89
2022-02-08,29.78,81.14
2022-02-09,29.99,82.81
2022-02-10,29.7,81.02
2022-02-11,27.98,79.44
2022-02-14,27.59,78.99
2022-02-15,27.54,81.66
2022-02-16,26.93,80.65
2022-02-17,26.21,78.53
2022-02-18,26.62,77.92
2022-02-22,25.59,74.85
2022-02-23,25.34,73.06
2022-02-24,26.53,75.93
2022-02-25,26.81,77.26
2022-02-28,27.51,77.24
2022-03-01,27.07,75.27
2022-03-02,28.41,77.98
2022-03-03,27.09,77.0
2022-03-04,25.32,75.48
2022-03-07,23.96,72.15
2022-03-08,25.38,73.76
2022-03-09,25.97,75.21
2022-03-10,26.18,75.24
2022-03-11,25.84,73.23
2022-03-14,26.0,72.4
2022-03-15,26.02,74.53
2022-03-16,26.75,77.42
2022-03-17,27.13,78.57
2022-03-18,26.83,79.6
2022-03-21,26.26,77.68
2022-03-22,26.32,79.44
2022-03-23,24.95,77.72
2022-03-24,25.42,78.53
2022-03-25,25.47,77.5
2022-03-28,25.56,78.22
2022-03-29,26.86,81.49
2022-03-30,25.8,77.88
2022-03-31,25.11,75.54
2022-04-01,24.71,75.35
2022-04-04,25.09,77.32
2022-04-05,24.97,75.84
2022-04-06,24.34,74.59
2022-04-07,24.72,74.99
2022-04-08,25.23,75.88
2022-04-11,25.2,76.09
2022-04-12,25.21,75.49
2022-04-13,26.11,77.16
2022-04-14,26.06,76.48
2022-04-18,26.26,75.82
2022-04-19,26.6,78.66
2022-04-20,26.42,77.61
2022-04-21,25.99,76.03
2022-04-22,23.67,73.04
2022-04-25,24.92,74.14
2022-04-26,24.65,71.71
2022-04-27,24.32,71.46
2022-04-28,24.47,72.85
2022-04-29,23.8,70.27
2022-05-02,24.56,72.39
2022-05-03,24.08,72.73
2022-05-04,25.06,74.64
2022-05-05,24.25,71.18
2022-05-06,23.14,69.45
2022-05-09,23.25,67.1
2022-05-10,22.8,65.99
2022-05-11,21.53,63.41
2022-05-12,22.21,65.54
2022-05-13,22.72,67.72
2022-05-16,22.68,66.92
2022-05-17,23.63,68.4
2022-05-18,21.11,62.73
2022-05-19,20.27,62.69
2022-05-20,19.98,61.33
2022-05-23,19.54,61.18
2022-05-24,17.99,59.17
2022-05-25,20.77,63.24
2022-05-26,20.85,66.26
2022-05-27,21.68,67.51
2022-05-31,21.05,66.16
2022-06-01,21.96,64.92
2022-06-02,21.6,66.96
2022-06-03,22.14,65.83
2022-06-06,22.19,66.26
2022-06-07,21.99,66.68
2022-06-08,22.0,66.62
2022-06-09,21.73,65.85
2022-06-10,21.24,63.57
2022-06-13,20.73,60.87
2022-06-14,21.05,61.35
2022-06-15,21.42,62.58
2022-06-16,20.34,59.36
2022-06-17,20.97,60.49
2022-06-21,20.0,61.01
2022-06-22,19.82,60.72
2022-06-23,19.8,62.26
2022-06-24,21.03,64.57
2022-06-27,20.99,63.51
2022-06-28,20.11,61.19
2022-06-29,19.56,59.78
2022-06-30,18.66,58.16
2022-07-01,19.06,58.73
2022-07-05,19.99,60.9
2022-07-06,19.74,59.47
2022-07-07,20.28,61.67
2022-07-08,20.05,61.23
2022-07-11,19.66,59.85
2022-07-12,19.24,59.84
2022-07-13,19.27,59.83
2022-07-14,19.23,59.07
2022-07-15,19.28,60.49
2022-07-18,19.66,61.51
2022-07-19,20.56,63.57
2022-07-20,21.15,64.76
2022-07-21,21.15,64.87
2022-07-22,20.86,63.76
2022-07-25,20.21,62.94
2022-07-26,19.03,60.32
2022-07-27,19.75,61.88
2022-07-28,20.35,63.11
2022-07-29,20.48,63.61
2022-08-01,20.53,65.09
2022-08-02,19.69,64.46
2022-08-03,21.12,66.31
2022-08-04,20.82,66.21
2022-08-05,20.37,66.91
2022-08-08,22.02,69.32
2022-08-09,20.36,66.66
2022-08-10,20.97,68.89
2022-08-11,21.95,70.23
2022-08-12,22.29,71.42
2022-08-15,22.81,71.48
2022-08-16,24.38,74.35
2022-08-17,23.2,72.23
2022-08-18,23.04,71.72
2022-08-19,22.33,69.42
2022-08-22,22.02,67.23
2022-08-23,21.84,67.35
2022-08-24,22.25,66.63
2022-08-25,22.12,67.91
2022-08-26,21.7,65.55
2022-08-29,21.06,65.28
2022-08-30,21.0,64.57
2022-08-31,20.13,63.42
2022-09-01,20.36,63.27
2022-09-02,20.57,62.7
2022-09-06,21.04,62.37
2022-09-07,22.07,64.39
2022-09-08,21.73,64.25
2022-09-09,22.31,66.01
2022-09-12,22.85,67.15
2022-09-13,21.1,63.27
2022-09-14,21.26,63.17
2022-09-15,21.12,63.41
2022-09-16,21.64,62.49
2022-09-19,21.92,62.93
2022-09-20,21.08,61.29
2022-09-21,21.13,60.62
2022-09-22,21.31,59.07
2022-09-23,21.0,58.38
2022-09-26,20.86,57.47
2022-09-27,20.8,58.1
2022-09-28,20.88,60.1
2022-09-29,19.78,57.32
2022-09-30,19.65,56.44
2022-10-03,20.19,57.81
2022-10-04,21.63,60.47
2022-10-05,21.89,60.01
2022-10-06,21.71,59.62
2022-10-07,21.78,58.26
2022-10-10,22.0,57.99
2022-10-11,22.22,58.63
2022-10-12,21.72,58.48
2022-10-13,22.39,59.23
2022-10-14,22.17,57.33
2022-10-17,23.0,58.96
2022-10-18,23.07,59.84
2022-10-19,22.7,58.18
2022-10-20,22.14,57.43
2022-10-21,23.24,58.84
2022-10-24,23.52,59.58
2022-10-25,24.41,61.96
2022-10-26,24.49,61.84
2022-10-27,24.67,62.24
2022-10-28,24.68,63.17
2022-10-31,23.86,62.75
2022-11-01,23.68,63.02
2022-11-02,22.89,60.38
2022-11-03,22.98,60.93
2022-11-04,23.12,60.82
2022-11-07,23.44,61.4
2022-11-08,23.82,61.58
2022-11-09,22.63,59.41
2022-11-10,24.75,64.06
2022-11-11,25.35,65.56
2022-11-14,25.32,64.76
2022-11-15,26.02,66.43
2022-11-16,24.72,63.96
2022-11-17,25.42,64.33
2022-11-18,26.04,64.95
2022-11-21,25.53,64.67
2022-11-22,27.8,66.42
2022-11-23,27.68,66.64
2022-11-25,28.29,66.6
2022-11-28,28.45,65.98
2022-11-29,28.54,66.0
2022-11-30,28.94,67.28
2022-12-01,28.53,66.37
2022-12-02,29.53,67.02
2022-12-05,28.98,65.4
2022-12-06,28.77,64.93
2022-12-07,29.04,64.87
2022-12-08,28.41,65.47
2022-12-09,27.36,64.21
2022-12-12,27.64,64.55
2022-12-13,27.26,64.18
2022-12-14,27.7,64.19
2022-12-15,26.72,62.32
2022-12-16,26.27,61.55
2022-12-19,26.17,59.88
2022-12-20,25.11,59.09
2022-12-21,25.23,60.38
2022-12-22,24.22,59.29
2022-12-23,24.12,60.39
2022-12-27,23.82,59.7
2022-12-28,23.59,58.82
2022-12-29,24.05,60.28
2022-12-30,23.85,60.45
2023-01-03,24.26,60.03
2023-01-04,25.56,61.62
2023-01-05,24.67,61.15
2023-01-06,25.49,62.75
2023-01-09,25.46,62.46
2023-01-10,27.66,63.92
2023-01-11,28.71,65.43
2023-01-12,28.305,66.01
2023-01-13,28.35,65.99
2023-01-17,27.62,65.73
2023-01-18,27.17,64.74
2023-01-19,26.51,63.53
2023-01-20,26.92,65.17
2023-01-23,26.95,67.15
2023-01-24,26.99,66.34
2023-01-25,27.32,66.91
2023-01-26,26.73,67.57
2023-01-27,26.76,68.78
2023-01-30,26.54,68.25
2023-01-31,27.39,70.19
2023-02-01,28.16,72.29
2023-02-02,29.0,74.47
2023-02-03,28.98,73.56
2023-02-06,28.57,72.12
2023-02-07,27.88,71.79
2023-02-08,26.87,70.81
2023-02-09,26.41,69.51
2023-02-10,26.66,68.86
2023-02-13,27.29,70.46
2023-02-14,27.39,70.32
2023-02-15,27.96,72.1
2023-02-16,27.84,70.97
2023-02-17,28.43,71.23
2023-02-21,26.49,67.72
2023-02-22,26.34,68.23
2023-02-23,26.44,67.74
2023-02-24,26.87,66.45
2023-02-27,26.86,66.51
2023-02-28,26.95,66.45
2023-03-01,27.28,65.32
2023-03-02,27.68,66.03
2023-03-03,27.69,67.0
2023-03-06,26.95,65.55
2023-03-07,26.86,65.65
2023-03-08,27.1,65.6
2023-03-09,26.83,64.4
2023-03-10,26.96,62.93
2023-03-13,25.76,61.47
2023-03-14,25.8,61.56
2023-03-15,25.63,61.32
2023-03-16,26.15,61.98
2023-03-17,25.88,60.6
2023-03-20,26.76,60.61
2023-03-21,26.61,61.74
2023-03-22,26.26,60.66
2023-03-23,25.83,59.94
2023-03-24,26.51,60.21
2023-03-27,26.37,60.41
2023-03-28,26.76,60.94
2023-03-29,26.19,61.21
2023-03-30,26.7,61.79
2023-03-31,27.72,63.42
2023-04-03,27.52,63.8
2023-04-04,27.39,62.96
2023-04-05,26.72,61.62
2023-04-06,26.42,61.51
2023-04-10,27.55,62.62
2023-04-11,27.7,63.66
2023-04-12,26.26,62.01
2023-04-13,26.61,62.19
2023-04-14,26.51,62.23
2023-04-17,27.21,62.5
2023-04-18,27.91,62.52
2023-04-19,27.21,62.44
2023-04-20,26.52,62.19
2023-04-21,26.79,62.25
2023-04-24,26.58,62.62
2023-04-25,25.72,60.57
2023-04-26,26.1,60.7
2023-04-27,26.705,61.38
2023-04-28,27.06,61.43
2023-05-01,27.39,61.08
2023-05-02,27.55,60.77
2023-05-03,26.68,60.33
2023-05-04,26.82,59.42
2023-05-05,28.04,61.17
2023-05-08,28.27,61.53
2023-05-09,27.82,61.36
2023-05-10,27.35,61.34
2023-05-11,27.59,61.15
2023-05-12,27.32,60.75
2023-05-15,27.56,61.29
2023-05-16,27.1,59.85
2023-05-17,27.83,61.53
2023-05-18,28.4,61.69
2023-05-19,27.16,59.48
2023-05-22,27.04,59.65
2023-05-23,26.66,59.38
2023-05-24,31.35,59.25
2023-05-25,30.18,58.07
2023-05-26,31.32,58.55
2023-05-30,32.43,58.57
2023-05-31,30.82,56.84
2023-06-01,30.49,56.99
2023-06-02,31.63,59.48
2023-06-05,30.73,58.6
2023-06-06,31.58,60.43
2023-06-07,32.12,61.65
2023-06-08,32.52,62.43
2023-06-09,32.8,61.36
2023-06-12,32.4,62.28
2023-06-13,33.54,63.55
2023-06-14,33.25,62.65
2023-06-15,33.58,63.71
2023-06-16,32.3,62.66
2023-06-20,32.47,62.07
2023-06-21,31.87,62.23
2023-06-22,31.38,62.3
2023-06-23,31.34,61.83
2023-06-26,31.24,61.96
2023-06-27,31.62,63.02
2023-06-28,32.54,63.08
2023-06-29,32.77,63.44
2023-06-30,33.13,63.75
2023-07-03,33.72,64.32
2023-07-05,33.25,64.07
2023-07-06,33.07,63.26
2023-07-07,33.3,63.87
2023-07-10,34.73,65.05
2023-07-11,35.51,66.39
2023-07-12,35.28,66.31
2023-07-13,34.51,65.82
2023-07-14,34.6,65.21
2023-07-17,34.62,65.58
2023-07-18,34.7,66.28
2023-07-19,35.02,67.62
2023-07-20,34.69,66.69
2023-07-21,34.39,66.04
2023-07-24,34.34,66.45
2023-07-25,34.09,66.16
2023-07-26,34.75,67.16
2023-07-27,35.01,66.42
2023-07-28,35.83,67.2
2023-07-31,36.37,67.78
2023-08-01,36.73,67.44
2023-08-02,36.7,66.81
2023-08-03,36.72,66.95
2023-08-04,36.9,66.73
2023-08-07,36.59,66.78
2023-08-08,36.95,66.24
2023-08-09,37.11,65.99
2023-08-10,36.77,65.93
2023-08-11,36.41,65.96
2023-08-14,36.39,66.12
2023-08-15,35.73,65.42
2023-08-16,35.79,64.83
2023-08-17,35.04,64.0
2023-08-18,35.74,64.83
2023-08-21,35.63,64.35
2023-08-22,34.09,62.56
2023-08-23,35.13,63.07
2023-08-24,33.52,61.75
2023-08-25,33.32,62.0
2023-08-28,33.29,62.77
2023-08-29,33.28,63.76
2023-08-30,32.66,64.18
2023-08-31,33.21,64.27
2023-09-01,33.18,64.61
2023-09-05,32.43,63.2
2023-09-06,32.31,62.71
2023-09-07,32.5,62.31
2023-09-08,31.85,61.98
2023-09-11,32.5,62.0
2023-09-12,33.48,61.91
2023-09-13,33.46,61.6
2023-09-14,33.48,63.04
2023-09-15,34.07,62.23
2023-09-18,32.33,61.07
2023-09-19,32.4,60.91
2023-09-20,32.01,60.62
2023-09-21,31.99,59.87
2023-09-22,31.9,59.59
2023-09-25,31.75,59.88
2023-09-26,31.96,58.99
2023-09-27,32.19,59.34
2023-09-28,32.28,60.44
2023-09-29,32.69,60.86
2023-10-02,32.88,60.35
2023-10-03,32.15,59.22
2023-10-04,31.39,59.42
2023-10-05,31.38,58.5
2023-10-06,31.62,58.82
2023-10-09,31.52,59.19
2023-10-10,32.27,60.26
2023-10-11,32.34,60.01
2023-10-12,32.03,58.96
2023-10-13,31.61,58.63
2023-10-16,32.89,60.22
2023-10-17,34.61,61.26
2023-10-18,34.09,60.54
2023-10-19,33.88,59.55
2023-10-20,33.28,59.24
2023-10-23,33.13,58.48
2023-10-24,33.74,58.55
2023-10-25,34.19,58.39
2023-10-26,34.22,58.6
2023-10-27,33.82,57.91
2023-10-30,33.79,58.25
2023-10-31,34.62,58.69
2023-11-01,34.21,58.53
2023-11-02,34.93,60.33
2023-11-03,35.81,62.08
2023-11-06,35.68,61.55
2023-11-07,35.9,61.52
2023-11-08,35.69,60.41
2023-11-09,34.91,59.35
2023-11-10,35.4,59.84
2023-11-13,34.25,59.42
2023-11-14,35.6,62.36
2023-11-15,36.14,63.72
2023-11-16,35.3,61.54
2023-11-17,36.79,63.25
2023-11-20,36.87,63.64
2023-11-21,36.31,63.46
2023-11-22,31.82,63.43
2023-11-24,32.55,63.89
2023-11-27,33.12,63.51
2023-11-28,34.95,64.11
2023-11-29,35.62,64.54
2023-11-30,35.7,64.6
2023-12-01,37.77,67.05
2023-12-04,36.8,67.79
2023-12-05,34.55,65.98
2023-12-06,35.3,66.35
2023-12-07,36.0,67.07
2023-12-08,36.11,67.08
2023-12-11,37.41,68.19
2023-12-12,36.76,67.53
2023-12-13,36.99,69.75
2023-12-14,37.0,71.43
2023-12-15,36.38,70.85
2023-12-18,37.15,70.76
2023-12-19,37.64,72.2
2023-12-20,36.5,70.84
2023-12-21,36.78,72.24
2023-12-22,36.27,72.04
2023-12-26,36.13,72.71
2023-12-27,36.15,73.12
2023-12-28,36.38,73.11
2023-12-29,35.69,72.32
