date,VTR,IYR
2010-01-04,43.35,45.81
2010-01-05,43.56,45.92
2010-01-06,43.07,45.9
2010-01-07,43.55,46.31
2010-01-08,43.07,46.0
2010-01-11,43.94,46.22
2010-01-12,43.66,45.44
2010-01-13,44.91,46.29
2010-01-14,44.76,46.13
2010-01-15,44.67,45.71
2010-01-19,45.33,46.62
2010-01-20,44.56,46.14
2010-01-21,43.56,44.83
2010-01-22,42.75,43.8
2010-01-25,42.64,44.12
2010-01-26,42.45,43.74
2010-01-27,43.08,44.14
2010-01-28,42.7,43.72
2010-01-29,42.2,43.43
2010-02-01,42.76,44.22
2010-02-02,43.4,44.95
2010-02-03,42.72,44.43
2010-02-04,40.95,42.77
2010-02-05,42.07,43.57
2010-02-08,41.21,42.58
2010-02-09,41.08,42.45
2010-02-10,41.39,42.48
2010-02-11,41.87,42.85
2010-02-12,41.88,43.24
2010-02-16,43.3,44.4
2010-02-17,44.17,44.82
2010-02-18,44.96,45.42
2010-02-19,45.09,45.41
2010-02-22,45.03,45.6
2010-02-23,44.72,45.24
2010-02-24,44.9,45.68
2010-02-25,44.45,45.91
2010-02-26,44.19,45.8
2010-03-01,44.49,46.27
2010-03-02,44.45,46.29
2010-03-03,44.31,46.19
2010-03-04,44.37,46.38
2010-03-05,45.12,47.44
2010-03-08,45.39,48.03
2010-03-09,45.69,48.19
2010-03-10,45.41,48.45
2010-03-11,45.91,48.69
2010-03-12,46.49,49.05
2010-03-15,46.65,48.91
2010-03-16,47.42,50.18
2010-03-17,47.92,50.79
2010-03-18,47.54,50.59
2010-03-19,47.41,50.16
2010-03-22,48.62,50.68
2010-03-23,48.48,50.54
2010-03-24,48.65,50.7
2010-03-25,48.52,50.29
2010-03-26,48.1,50.11
2010-03-29,48.14,50.33
2010-03-30,48.14,50.23
2010-03-31,47.48,49.78
2010-04-01,47.39,50.01
2010-04-05,48.15,51.05
2010-04-06,48.86,52.08
2010-04-07,47.88,50.96
2010-04-08,47.31,50.98
2010-04-09,47.0,51.7875
2010-04-12,46.71,51.45
2010-04-13,47.32,52.62
2010-04-14,46.7,52.67
2010-04-15,45.64,51.36
2010-04-16,44.3,50.29
2010-04-19,44.6,50.48
2010-04-20,45.65,51.27
2010-04-21,46.08,52.23
2010-04-22,47.16,52.99
2010-04-23,47.99,53.68
2010-04-26,48.49,54.02
2010-04-27,47.39,52.31
2010-04-28,47.37,52.49
2010-04-29,48.94,54.66
2010-04-30,47.23,52.96
2010-05-03,48.54,54.6
2010-05-04,47.72,53.32
2010-05-05,46.85,52.57
2010-05-06,45.76,50.455
2010-05-07,45.43,49.61
2010-05-10,49.3,52.88
2010-05-11,48.68,52.94
2010-05-12,49.44,53.8
2010-05-13,48.76,53.09
2010-05-14,47.8,51.45
2010-05-17,47.71,51.37
2010-05-18,46.42,50.06
2010-05-19,46.21,49.64
2010-05-20,44.18,47.24
2010-05-21,45.98,48.77
2010-05-24,45.1,47.79
2010-05-25,45.53,48.29
2010-05-26,45.16,48.1
2010-05-27,47.53,50.71
2010-05-28,46.95,49.95
2010-06-01,46.67,48.98
2010-06-02,47.92,50.06
2010-06-03,47.72,49.93
2010-06-04,45.47,47.22
2010-06-07,45.26,46.98
2010-06-08,46.14,47.8
2010-06-09,45.89,48.04
2010-06-10,47.73,50.05
2010-06-11,48.34,50.57
2010-06-14,48.88,51.17
2010-06-15,50.14,52.28
2010-06-16,49.78,51.9
2010-06-17,49.95,51.98
2010-06-18,49.54,51.83
2010-06-21,49.48,51.46
2010-06-22,48.01,50.01
2010-06-23,47.88,50.04
2010-06-24,47.36,48.59
2010-06-25,48.56,49.83
2010-06-28,48.22,49.26
2010-06-29,47.06,47.68
2010-06-30,46.95,47.21
2010-07-01,47.06,47.12
2010-07-02,46.41,46.22
2010-07-06,46.09,45.32
2010-07-07,48.01,47.48
2010-07-08,47.92,47.99
2010-07-09,48.55,48.62
2010-07-12,48.48,48.8
2010-07-13,49.08,49.87
2010-07-14,48.71,49.58
2010-07-15,48.32,49.47
2010-07-16,47.24,47.95
2010-07-19,48.15,48.5
2010-07-20,49.31,49.33
2010-07-21,48.16,48.38
2010-07-22,49.83,50.12
2010-07-23,50.54,50.71
2010-07-26,51.83,52.02
2010-07-27,51.64,52.01
2010-07-28,50.95,51.93
2010-07-29,50.38,51.47
2010-07-30,50.72,51.65
2010-08-02,52.41,53.22
2010-08-03,52.15,52.94
2010-08-04,52.28,53.11
2010-08-05,51.55,52.45
2010-08-06,51.67,52.28
2010-08-09,52.22,52.8
2010-08-10,52.11,52.39
2010-08-11,50.66,51.13
2010-08-12,49.87,50.54
2010-08-13,49.86,50.43
2010-08-16,49.9,50.48
2010-08-17,51.48,51.58
2010-08-18,51.37,51.59
2010-08-19,50.02,50.42
2010-08-20,50.25,50.27
2010-08-23,50.19,50.03
2010-08-24,49.58,49.81
2010-08-25,49.99,50.46
2010-08-26,49.64,50.18
2010-08-27,50.62,50.98
2010-08-30,50.4,50.51
2010-08-31,50.51,50.98
2010-09-01,52.34,52.59
2010-09-02,52.68,53.25
2010-09-03,53.35,53.9475
2010-09-07,52.66,53.2
2010-09-08,52.88,53.23
2010-09-09,52.07,52.83
2010-09-10,52.15,53.04
2010-09-13,52.83,53.865
2010-09-14,52.97,53.71
2010-09-15,52.99,54.13
2010-09-16,52.82,53.84
2010-09-17,52.88,54.0
2010-09-20,53.78,55.21
2010-09-21,52.55,54.34
2010-09-22,52.32,53.78
2010-09-23,50.85,52.12
2010-09-24,52.21,53.54
2010-09-27,51.55,53.01
2010-09-28,51.73,53.15
2010-09-29,51.35,52.76
2010-09-30,51.57,52.88
2010-10-01,51.65,53.14
2010-10-04,52.48,53.59
2010-10-05,54.22,54.29
2010-10-06,54.05,54.13
2010-10-07,53.97,54.25
2010-10-08,53.81,54.32
2010-10-11,53.8,54.24
2010-10-12,53.9,54.71
2010-10-13,54.41,55.25
2010-10-14,54.14,55.08
2010-10-15,53.57,55.05
2010-10-18,54.43,54.77
2010-10-19,53.82,55.04
2010-10-20,54.98,56.14
2010-10-21,54.75,56.03
2010-10-22,52.35,56.04
2010-10-25,53.44,56.15
2010-10-26,53.91,55.82
2010-10-27,53.13,55.26
2010-10-28,53.19,54.92
2010-10-29,53.56,54.96
2010-11-01,53.77,55.36
2010-11-02,53.79,55.67
2010-11-03,53.64,55.61
2010-11-04,55.43,57.05
2010-11-05,55.1,57.62
2010-11-08,55.14,57.34
2010-11-09,53.55,55.27
2010-11-10,54.39,55.93
2010-11-11,54.21,55.48
2010-11-12,53.45,54.96
2010-11-15,53.04,54.36
2010-11-16,50.77,52.65
2010-11-17,51.15,53.11
2010-11-18,51.26,53.48
2010-11-19,51.46,53.73
2010-11-22,51.73,53.84
2010-11-23,51.22,53.46
2010-11-24,52.24,54.49
2010-11-26,51.91,54.26
2010-11-29,51.73,54.3
2010-11-30,51.27,54.0875
2010-12-01,50.67,54.5
2010-12-02,50.74,55.24
2010-12-03,50.51,55.32
2010-12-06,50.46,55.35
2010-12-07,50.88,55.53
2010-12-08,49.98,54.7
2010-12-09,49.38,54.11
2010-12-10,49.97,54.67
2010-12-13,50.35,54.81
2010-12-14,49.32,54.25
2010-12-15,48.77,53.65
2010-12-16,49.0,53.79
2010-12-17,49.64,54.21
2010-12-20,50.31,54.83
2010-12-21,51.04,55.43
2010-12-22,51.77,55.22
2010-12-23,51.94,55.05
2010-12-27,52.25,55.49
2010-12-28,52.75,55.71
2010-12-29,52.6,55.96
2010-12-30,52.87,56.03
2010-12-31,52.48,55.96
2011-01-03,53.83,56.83
2011-01-04,53.2,55.82
2011-01-05,52.77,56.05
2011-01-06,52.72,55.75
2011-01-07,52.41,55.73
2011-01-10,52.02,55.71
2011-01-11,51.83,55.61
2011-01-12,52.52,55.86
2011-01-13,52.6,56.02
2011-01-14,52.91,56.4
2011-01-18,53.75,56.93
2011-01-19,53.43,56.25
2011-01-20,53.5,56.13
2011-01-21,53.57,56.35
2011-01-24,53.46,56.63
2011-01-25,54.26,57.23
2011-01-26,54.34,57.39
2011-01-27,54.94,58.19
2011-01-28,54.36,57.28
2011-01-31,55.46,57.96
2011-02-01,53.97,58.23
2011-02-02,54.07,58.24
2011-02-03,54.22,58.39
2011-02-04,53.7,57.86
2011-02-07,54.03,58.51
2011-02-08,54.73,58.66
2011-02-09,54.97,58.8
2011-02-10,55.13,58.99
2011-02-11,55.22,59.36
2011-02-14,55.41,59.35
2011-02-15,55.38,59.15
2011-02-16,56.15,59.32
2011-02-17,55.54,59.4
2011-02-18,56.36,59.63
2011-02-22,55.88,59.09
2011-02-23,56.12,58.62
2011-02-24,56.13,58.3
2011-02-25,57.19,59.34
2011-02-28,55.42,60.58
2011-03-01,53.01,58.95
2011-03-02,51.99,58.48
2011-03-03,53.14,59.32
2011-03-04,52.83,58.81
2011-03-07,52.57,58.43
2011-03-08,53.07,59.16
2011-03-09,52.43,59.19
2011-03-10,52.48,58.2725
2011-03-11,52.9,58.93
2011-03-14,52.7,58.53
2011-03-15,52.37,58.06
2011-03-16,51.35,57.3
2011-03-17,51.94,57.78
2011-03-18,52.31,58.29
2011-03-21,52.96,58.93
2011-03-22,52.31,58.4
2011-03-23,51.53,57.96
2011-03-24,51.71,58.23
2011-03-25,52.11,58.02
2011-03-28,52.5,58.02
2011-03-29,52.67,58.28
2011-03-30,53.75,58.96
2011-03-31,54.3,59.4
2011-04-01,54.12,59.54
2011-04-04,54.34,59.49
2011-04-05,54.42,59.59
2011-04-06,54.06,59.51
2011-04-07,53.69,58.89
2011-04-08,53.55,58.45
2011-04-11,53.94,58.39
2011-04-12,54.48,58.27
2011-04-13,54.39,58.2
2011-04-14,54.9,58.99
2011-04-15,55.71,59.64
2011-04-18,55.07,59.05
2011-04-19,55.13,59.51
2011-04-20,55.84,60.2
2011-04-21,55.6,60.63
2011-04-25,55.67,60.93
2011-04-26,56.23,61.5
2011-04-27,56.44,61.78
2011-04-28,56.75,62.47
2011-04-29,55.93,62.17
2011-05-02,56.6,62.16
2011-05-03,56.41,61.74
2011-05-04,56.07,61.4
2011-05-05,55.48,61.31
2011-05-06,54.54,60.98
2011-05-09,54.51,61.22
2011-05-10,54.81,62.07
2011-05-11,54.89,61.38
2011-05-12,55.33,61.37
2011-05-13,54.15,60.81
2011-05-16,54.44,60.95
2011-05-17,54.65,60.86
2011-05-18,55.32,61.54
2011-05-19,54.91,61.66
2011-05-20,54.8,61.03
2011-05-23,54.36,60.39
2011-05-24,54.84,60.57
2011-05-25,54.75,60.82
2011-05-26,55.1,61.61
2011-05-27,55.46,61.72
2011-05-31,56.4,62.8
2011-06-01,55.23,61.03
2011-06-02,54.58,60.68
2011-06-03,54.5,60.9
2011-06-06,53.63,60.03
2011-06-07,53.87,60.75
2011-06-08,53.2,60.46
2011-06-09,52.85,59.9
2011-06-10,51.2,58.48
2011-06-13,51.31,58.59
2011-06-14,52.71,59.51
2011-06-15,51.83,58.53
2011-06-16,52.36,58.94
2011-06-17,52.69,59.44
2011-06-20,53.18,60.07
2011-06-21,53.83,60.6
2011-06-22,53.67,60.47
2011-06-23,52.95,59.36
2011-06-24,52.75,58.76
2011-06-27,52.92,59.07
2011-06-28,53.58,59.56
2011-06-29,53.57,60.22
2011-06-30,52.71,60.3
2011-07-01,53.74,61.38
2011-07-05,53.83,61.76
2011-07-06,54.11,62.14
2011-07-07,54.5,62.92
2011-07-08,54.32,62.7
2011-07-11,53.7,61.52
2011-07-12,53.95,61.73
2011-07-13,53.38,61.21
2011-07-14,53.05,60.53
2011-07-15,53.65,61.19
2011-07-18,53.5,60.64
2011-07-19,53.97,61.69
2011-07-20,54.37,62.15
2011-07-21,55.35,62.55
2011-07-22,55.5,62.87
2011-07-25,55.02,62.16
2011-07-26,55.19,62.16
2011-07-27,54.31,60.49
2011-07-28,53.98,60.4
2011-07-29,54.13,60.43
2011-08-01,52.22,59.63
2011-08-02,51.44,57.88
2011-08-03,50.63,57.52
2011-08-04,48.47,54.74
2011-08-05,47.63,53.61
2011-08-08,43.96,49.05
2011-08-09,47.55,53.59
2011-08-10,44.99,52.33
2011-08-11,47.19,54.77
2011-08-12,47.5,54.69
2011-08-15,49.62,56.641
2011-08-16,49.1,56.43
2011-08-17,49.41,56.5
2011-08-18,47.53,54.07
2011-08-19,47.71,52.99
2011-08-22,48.8,53.09
2011-08-23,50.37,54.4
2011-08-24,51.2,55.01
2011-08-25,50.36,53.85
2011-08-26,51.0,54.65
2011-08-29,52.67,56.39
2011-08-30,52.72,56.61
2011-08-31,53.48,57.22
2011-09-01,52.55,56.26
2011-09-02,51.32,54.9
2011-09-06,51.88,54.78
2011-09-07,54.29,56.62
2011-09-08,53.74,56.21
2011-09-09,50.97,54.63
2011-09-12,51.01,54.8
2011-09-13,51.02,54.85
2011-09-14,51.21,55.16
2011-09-15,52.25,56.23
2011-09-16,53.87,56.69
2011-09-19,52.67,55.57
2011-09-20,53.23,55.41
2011-09-21,50.44,52.76
2011-09-22,49.12,51.43
2011-09-23,48.8,51.29
2011-09-26,49.98,51.94
2011-09-27,50.85,52.49
2011-09-28,49.38,51.18
2011-09-29,50.11,51.94
2011-09-30,49.4,50.57
2011-10-03,47.7,48.19
2011-10-04,48.19,50.01
2011-10-05,48.47,49.63
2011-10-06,49.03,51.0
2011-10-07,48.39,49.56
2011-10-10,51.14,51.95
2011-10-11,49.83,50.99
2011-10-12,50.09,51.82
2011-10-13,49.27,51.46
2011-10-14,50.7,52.65
2011-10-17,49.31,51.44
2011-10-18,51.11,53.14
2011-10-19,51.51,52.48
2011-10-20,51.66,52.8
2011-10-21,53.03,54.36
2011-10-24,54.15,55.8
2011-10-25,53.03,54.94
2011-10-26,53.26,55.45
2011-10-27,54.67,57.82
2011-10-28,56.04,58.0
2011-10-31,55.61,57.24
2011-11-01,53.59,55.31
2011-11-02,54.32,56.43
2011-11-03,54.99,57.07
2011-11-04,54.3,56.64
2011-11-07,54.21,56.78
2011-11-08,54.8,57.46
2011-11-09,52.35,54.88
2011-11-10,52.72,54.93
2011-11-11,54.26,56.35
2011-11-14,52.75,55.22
2011-11-15,53.22,55.7
2011-11-16,52.78,55.17
2011-11-17,51.46,54.18
2011-11-18,52.41,54.57
2011-11-21,50.82,53.13
2011-11-22,50.63,52.98
2011-11-23,49.2,51.42
2011-11-25,49.57,51.6
2011-11-28,50.44,52.86
2011-11-29,50.33,52.71
2011-11-30,52.76,55.14
2011-12-01,51.69,54.58
2011-12-02,51.24,54.67
2011-12-05,51.62,55.18
2011-12-06,52.46,55.14
2011-12-07,53.16,55.66
2011-12-08,52.37,54.33
2011-12-09,53.4,55.41
2011-12-12,52.0,54.42
2011-12-13,50.9,53.94
2011-12-14,51.68,54.25
2011-12-15,52.85,54.99
2011-12-16,52.9,55.45
2011-12-19,52.16,54.91
2011-12-20,53.65,56.57
2011-12-21,53.84,56.65
2011-12-22,54.51,56.83
2011-12-23,54.94,57.11
2011-12-27,55.37,57.24
2011-12-28,54.97,56.62
2011-12-29,55.3,57.09
2011-12-30,55.13,56.81
2012-01-03,55.59,57.16
2012-01-04,53.8,56.52
2012-01-05,53.94,56.93
2012-01-06,53.7,56.83
2012-01-09,53.68,56.67
2012-01-10,54.39,57.3
2012-01-11,54.66,57.81
2012-01-12,54.4,57.43
2012-01-13,54.95,57.69
2012-01-17,55.5,57.985
2012-01-18,55.69,58.36
2012-01-19,56.02,58.73
2012-01-20,56.42,59.01
2012-01-23,56.93,59.19
2012-01-24,57.39,59.52
2012-01-25,57.92,60.28
2012-01-26,58.98,60.63
2012-01-27,58.82,60.78
2012-01-30,58.06,60.25
2012-01-31,58.31,60.56
2012-02-01,58.54,61.01
2012-02-02,58.27,61.14
2012-02-03,58.55,62.02
2012-02-06,58.78,61.72
2012-02-07,58.87,61.67
2012-02-08,58.75,61.71
2012-02-09,58.42,61.26
2012-02-10,58.12,60.75
2012-02-13,58.73,61.44
2012-02-14,58.06,60.83
2012-02-15,57.57,60.53
2012-02-16,57.6,61.03
2012-02-17,57.17,61.13
2012-02-21,56.17,60.37
2012-02-22,56.09,59.88
2012-02-23,56.77,60.58
2012-02-24,56.0,60.75
2012-02-27,56.12,60.68
2012-02-28,55.94,60.22
2012-02-29,55.92,60.14
2012-03-01,55.91,60.46
2012-03-02,56.52,60.44
2012-03-05,56.63,60.93
2012-03-06,56.23,60.11
2012-03-07,55.66,60.37
2012-03-08,55.68,60.23
2012-03-09,55.39,60.51
2012-03-12,55.78,60.93
2012-03-13,57.21,62.02
2012-03-14,57.27,61.87
2012-03-15,57.19,61.83
2012-03-16,56.97,62.2
2012-03-19,57.22,62.57
2012-03-20,57.16,62.42
2012-03-21,57.1,62.28
2012-03-22,56.0,61.54
2012-03-23,56.2,61.79
2012-03-26,56.74,61.89
2012-03-27,57.07,61.86
2012-03-28,56.98,61.72
2012-03-29,56.88,61.78
2012-03-30,57.1,62.3
2012-04-02,57.29,62.7
2012-04-03,56.55,62.41
2012-04-04,55.84,61.78
2012-04-05,55.5,61.51
2012-04-09,55.09,60.92
2012-04-10,54.06,59.74
2012-04-11,55.29,60.45
2012-04-12,56.09,61.31
2012-04-13,55.92,60.99
2012-04-16,56.31,61.7
2012-04-17,57.03,62.23
2012-04-18,56.28,61.9
2012-04-19,55.88,61.87
2012-04-20,56.83,62.52
2012-04-23,56.17,61.94
2012-04-24,57.19,62.73
2012-04-25,58.52,63.42
2012-04-26,58.71,63.69
2012-04-27,59.2,64.0
2012-04-30,58.79,63.91
2012-05-01,59.29,64.47
2012-05-02,58.98,64.37
2012-05-03,58.82,64.15
2012-05-04,58.53,63.66
2012-05-07,59.12,64.02
2012-05-08,58.88,63.96
2012-05-09,58.84,63.81
2012-05-10,58.97,63.75
2012-05-11,58.91,64.02
2012-05-14,58.49,63.24
2012-05-15,58.17,62.93
2012-05-16,57.58,62.16
2012-05-17,56.69,60.44
2012-05-18,56.3,59.82
2012-05-21,57.59,61.05
2012-05-22,57.71,61.18
2012-05-23,58.13,61.44
2012-05-24,58.23,61.63
2012-05-25,58.09,61.45
2012-05-29,58.98,62.29
2012-05-30,57.85,60.84
2012-05-31,58.82,61.22
2012-06-01,56.89,59.67
2012-06-04,56.33,59.25
2012-06-05,56.99,60.415
2012-06-06,57.55,61.71
2012-06-07,57.36,61.41
2012-06-08,58.29,62.18
2012-06-11,57.7,60.96
2012-06-12,58.15,61.531
2012-06-13,58.09,61.24
2012-06-14,59.31,62.07
2012-06-15,60.12,62.46
2012-06-18,61.04,62.95
2012-06-19,61.16,62.69
2012-06-20,61.26,62.61
2012-06-21,60.62,61.625
2012-06-22,60.38,61.68
2012-06-25,60.36,61.34
2012-06-26,60.82,61.61
2012-06-27,60.99,62.0
2012-06-28,61.85,62.52
2012-06-29,63.12,63.935
2012-07-02,63.35,64.62
2012-07-03,63.85,64.98
2012-07-05,63.19,64.68
2012-07-06,63.43,64.77
2012-07-09,63.9,64.9
2012-07-10,62.93,64.13
2012-07-11,63.37,64.23
2012-07-12,63.47,64.51
2012-07-13,64.48,65.21
2012-07-16,64.71,65.46
2012-07-17,65.91,66.01
2012-07-18,65.75,65.5
2012-07-19,65.53,64.95
2012-07-20,65.39,64.73
2012-07-23,65.18,64.34
2012-07-24,65.3,64.08
2012-07-25,65.37,64.07
2012-07-26,65.72,64.59
2012-07-27,66.79,65.32
2012-07-30,67.33,65.5
2012-07-31,67.25,65.43
2012-08-01,66.81,65.24
2012-08-02,67.22,65.31
2012-08-03,67.05,65.79
2012-08-06,66.82,65.6
2012-08-07,65.48,64.92
2012-08-08,63.98,64.53
2012-08-09,63.69,64.34
2012-08-10,63.79,64.48
2012-08-13,63.62,64.46
2012-08-14,63.68,64.43
2012-08-15,63.96,64.61
2012-08-16,64.29,65.08
2012-08-17,63.98,65.05
2012-08-20,63.98,65.0
2012-08-21,64.05,65.0
2012-08-22,64.31,64.94
2012-08-23,63.74,64.77
2012-08-24,64.15,65.02
2012-08-27,64.48,65.16
2012-08-28,64.84,65.42
2012-08-29,64.92,65.44
2012-08-30,65.17,65.37
2012-08-31,65.49,65.63
2012-09-04,66.33,65.96
2012-09-05,66.24,65.92
2012-09-06,66.54,66.44
2012-09-07,65.04,66.56
2012-09-10,64.23,66.13
2012-09-11,64.71,66.39
2012-09-12,64.9,66.64
2012-09-13,65.36,67.45
2012-09-14,65.07,67.8
2012-09-17,65.21,67.48
2012-09-18,63.05,66.9
2012-09-19,63.28,66.59
2012-09-20,62.9,65.81
2012-09-21,62.65,65.795
2012-09-24,62.94,65.72
2012-09-25,62.07,64.24
2012-09-26,62.24,64.175
2012-09-27,61.94,64.53
2012-09-28,62.25,64.38
2012-10-01,61.82,63.92
2012-10-02,62.75,64.46
2012-10-03,62.61,64.65
2012-10-04,62.65,64.41
2012-10-05,63.17,64.69
2012-10-08,63.1,64.42
2012-10-09,63.11,64.14
2012-10-10,63.93,64.22
2012-10-11,63.66,64.23
2012-10-12,63.54,63.95
2012-10-15,64.31,64.38
2012-10-16,64.71,64.68
2012-10-17,63.89,64.78
2012-10-18,64.7,65.39
2012-10-19,64.54,64.78
2012-10-22,64.51,64.55
2012-10-23,63.48,63.9006
2012-10-24,63.59,63.94
2012-10-25,63.02,63.66
2012-10-26,63.04,63.29
2012-10-31,63.27,64.0
2012-11-01,63.48,64.07
2012-11-02,64.19,64.4997
2012-11-05,63.23,64.02
2012-11-06,63.91,64.16
2012-11-07,64.12,63.84
2012-11-08,63.43,63.19
2012-11-09,63.69,62.98
2012-11-12,63.79,62.88
2012-11-13,63.95,62.68
2012-11-14,63.21,61.46
2012-11-15,62.91,61.19
2012-11-16,63.81,61.89
2012-11-19,64.52,62.47
2012-11-20,64.71,62.86
2012-11-21,64.32,62.82
2012-11-23,65.06,63.33
2012-11-26,65.16,63.42
2012-11-27,64.06,63.08
2012-11-28,63.81,62.97
2012-11-29,63.58,63.3788
2012-11-30,63.65,63.63
2012-12-03,64.14,63.81
2012-12-04,64.51,63.73
2012-12-05,64.12,63.56
2012-12-06,64.86,64.12
2012-12-07,65.24,64.38
2012-12-10,64.99,64.38
2012-12-11,65.36,64.46
2012-12-12,65.07,64.42
2012-12-13,63.54,63.99
2012-12-14,62.7,63.91
2012-12-17,63.38,64.31
2012-12-18,63.89,64.9698
2012-12-19,63.69,64.09
2012-12-20,64.69,64.82
2012-12-21,64.01,64.62
2012-12-24,64.63,64.71
2012-12-26,64.22,64.39
2012-12-27,64.37,64.47
2012-12-28,63.94,64.08
2012-12-31,64.72,64.67
2013-01-02,65.16,65.72
2013-01-03,64.68,65.72
2013-01-04,64.98,66.12
2013-01-07,64.76,66.22
2013-01-08,65.07,66.09
2013-01-09,65.27,66.34
2013-01-10,65.16,66.5
2013-01-11,65.19,66.49
2013-01-14,65.02,66.59
2013-01-15,65.22,66.9
2013-01-16,65.14,66.83
2013-01-17,65.53,66.98
2013-01-18,65.75,67.38
2013-01-22,65.97,67.72
2013-01-23,65.93,67.73
2013-01-24,66.09,67.81
2013-01-25,66.65,68.09
2013-01-28,66.6,68.16
2013-01-29,66.86,68.29
2013-01-30,66.67,67.66
2013-01-31,66.29,67.27
2013-02-01,67.05,67.72
2013-02-04,66.96,67.58
2013-02-05,66.55,67.49
2013-02-06,66.66,67.61
2013-02-07,66.66,67.29
2013-02-08,67.42,67.96
2013-02-11,67.7,68.03
2013-02-12,68.16,68.43
2013-02-13,68.11,68.4
2013-02-14,67.78,68.13
2013-02-15,69.47,68.21
2013-02-19,69.35,68.68
2013-02-20,69.58,68.1
2013-02-21,69.43,67.57
2013-02-22,70.13,68.15
2013-02-25,68.85,67.0
2013-02-26,69.55,67.59
2013-02-27,70.3,68.11
2013-02-28,70.78,68.12
2013-03-01,71.26,68.25
2013-03-04,71.61,68.76
2013-03-05,71.81,69.29
2013-03-06,70.9,69.03
2013-03-07,70.84,68.78
2013-03-08,70.34,68.82
2013-03-11,70.6,69.09
2013-03-12,70.46,68.84
2013-03-13,70.3,68.86
2013-03-14,70.52,69.23
2013-03-15,70.69,69.26
2013-03-18,70.21,69.07
2013-03-19,69.89,68.58
2013-03-20,70.13,68.98
2013-03-21,70.25,68.75
2013-03-22,70.98,69.17
2013-03-25,71.26,68.54
2013-03-26,71.99,69.05
2013-03-27,72.11,69.16
2013-03-28,73.2,69.48
2013-04-01,73.5,69.7
2013-04-02,74.02,69.88
2013-04-03,73.53,69.51
2013-04-04,74.65,70.53
2013-04-05,74.74,70.72
2013-04-08,75.55,71.38
2013-04-09,75.53,71.41
2013-04-10,76.15,71.83
2013-04-11,76.31,72.18
2013-04-12,77.18,72.6
2013-04-15,76.63,70.79
2013-04-16,77.77,71.91
2013-04-17,77.53,71.04
2013-04-18,77.72,71.04
2013-04-19,79.05,71.86
2013-04-22,79.12,71.96
2013-04-23,79.39,72.38
2013-04-24,79.21,72.61
2013-04-25,78.6,72.52
2013-04-26,78.41,72.19
2013-04-29,79.0,72.75
2013-04-30,79.63,73.46
2013-05-01,79.45,72.96
2013-05-02,80.26,73.24
2013-05-03,79.98,73.3
2013-05-06,80.37,73.59
2013-05-07,80.65,74.02
2013-05-08,79.66,74.2
2013-05-09,78.7,73.82
2013-05-10,79.27,73.84
2013-05-13,79.88,73.95
2013-05-14,80.53,74.34
2013-05-15,81.8,75.0
2013-05-16,81.23,74.76
2013-05-17,81.67,75.23
2013-05-20,82.3,75.19
2013-05-21,82.93,75.54
2013-05-22,80.71,73.67
2013-05-23,78.07,72.64
2013-05-24,76.66,72.36
2013-05-28,74.84,71.64
2013-05-29,72.56,70.21
2013-05-30,72.79,69.54
2013-05-31,71.37,68.69
2013-06-03,71.44,68.86
2013-06-04,70.24,68.06
2013-06-05,69.5,67.33
2013-06-06,71.29,68.59
2013-06-07,71.25,68.55
2013-06-10,70.49,67.95
2013-06-11,69.95,66.91
2013-06-12,68.56,65.93
2013-06-13,69.5,67.94
2013-06-14,70.43,68.11
2013-06-17,71.4,68.2
2013-06-18,71.67,68.31
2013-06-19,68.57,66.26
2013-06-20,64.38,63.67
2013-06-21,65.46,64.42
2013-06-24,65.25,64.01
2013-06-25,67.37,65.19
2013-06-26,68.83,65.55
2013-06-27,69.79,66.72
2013-06-28,69.46,66.43
2013-07-01,68.61,66.08
2013-07-02,69.86,66.85
2013-07-03,69.22,66.56
2013-07-05,68.04,65.86
2013-07-08,68.04,66.12
2013-07-09,69.02,66.96
2013-07-10,68.65,66.96
2013-07-11,71.25,68.81
2013-07-12,70.55,68.36
2013-07-15,70.69,68.61
2013-07-16,70.89,68.5
2013-07-17,71.62,68.86
2013-07-18,72.16,69.29
2013-07-19,71.44,69.22
2013-07-22,71.61,69.42
2013-07-23,71.47,69.39
2013-07-24,68.96,68.04
2013-07-25,69.15,67.96
2013-07-26,68.43,68.14
2013-07-29,68.39,67.6
2013-07-30,67.83,67.52
2013-07-31,65.74,66.59
2013-08-01,64.72,66.22
2013-08-02,64.95,65.93
2013-08-05,65.23,65.89
2013-08-06,64.74,65.66
2013-08-07,64.2,65.39
2013-08-08,64.33,65.45
2013-08-09,64.61,66.07
2013-08-12,64.43,65.53
2013-08-13,63.22,64.63
2013-08-14,62.69,64.49
2013-08-15,61.08,63.27
2013-08-16,59.53,61.81
2013-08-19,58.86,60.97
2013-08-20,60.33,62.4
2013-08-21,61.25,62.27
2013-08-22,60.92,62.62
2013-08-23,62.37,63.35
2013-08-26,62.01,63.11
2013-08-27,62.86,62.92
2013-08-28,62.76,62.62
2013-08-29,62.55,62.72
2013-08-30,62.26,62.24
2013-09-03,61.57,61.72
2013-09-04,61.72,62.16
2013-09-05,60.44,61.63
2013-09-06,61.46,62.76
2013-09-09,62.16,64.0
2013-09-10,61.32,63.92
2013-09-11,61.37,64.355
2013-09-12,60.71,63.945
2013-09-13,61.45,64.09
2013-09-16,63.23,64.72
2013-09-17,62.89,64.67
2013-09-18,65.54,66.93
2013-09-19,64.33,66.67
2013-09-20,62.93,65.515
2013-09-23,62.48,65.1
2013-09-24,62.41,64.07
2013-09-25,62.97,64.29
2013-09-26,63.28,64.68
2013-09-27,62.66,64.44
2013-09-30,61.5,63.79
2013-10-01,63.11,64.76
2013-10-02,63.48,64.8
2013-10-03,62.03,63.8
2013-10-04,61.7,63.57
2013-10-07,62.12,63.85
2013-10-08,62.08,63.12
2013-10-09,62.05,63.1
2013-10-10,63.67,64.61
2013-10-11,64.09,65.23
2013-10-14,63.62,65.21
2013-10-15,63.3,65.0
2013-10-16,64.67,66.181
2013-10-17,65.82,67.2
2013-10-18,65.54,67.071
2013-10-21,64.82,66.72
2013-10-22,65.84,67.43
2013-10-23,66.0,67.57
2013-10-24,66.02,67.515
2013-10-25,67.33,68.18
2013-10-28,66.6,67.71
2013-10-29,66.11,67.14
2013-10-30,65.82,66.65
2013-10-31,65.24,66.17
2013-11-01,65.54,66.589
2013-11-04,65.82,66.68
2013-11-05,63.99,65.67
2013-11-06,64.03,65.66
2013-11-07,63.63,64.86
2013-11-08,61.57,63.99
2013-11-11,61.48,63.94
2013-11-12,60.73,63.72
2013-11-13,60.51,64.17
2013-11-14,60.87,64.68
2013-11-15,61.18,64.84
2013-11-18,60.94,64.39
2013-11-19,60.4,63.9
2013-11-20,59.17,63.34
2013-11-21,59.76,63.68
2013-11-22,59.15,63.49
2013-11-25,58.15,63.22
2013-11-26,57.48,63.04
2013-11-27,57.64,63.69
2013-11-29,56.83,63.1
2013-12-02,56.26,62.77
2013-12-03,55.97,62.7
2013-12-04,56.21,62.84
2013-12-05,56.68,62.91
2013-12-06,56.35,63.4
2013-12-09,57.26,63.81
2013-12-10,57.98,63.81
2013-12-11,56.33,62.43
2013-12-12,55.26,62.01
2013-12-13,55.98,62.26
2013-12-16,56.33,62.33
2013-12-17,56.58,62.66
2013-12-18,57.76,63.76
2013-12-19,56.65,62.98
2013-12-20,57.35,63.47
2013-12-23,57.14,62.97
2013-12-24,57.13,63.08
2013-12-26,57.26,63.15
2013-12-27,57.24,63.23
2013-12-30,57.69,63.28
2013-12-31,57.28,63.08
2014-01-02,56.82,62.98
2014-01-03,56.79,63.35
2014-01-06,58.2,63.61
2014-01-07,58.22,63.83
2014-01-08,57.89,63.73
2014-01-09,58.04,63.7
2014-01-10,60.7,64.46
2014-01-13,59.9,64.04
2014-01-14,59.94,64.44
2014-01-15,60.29,64.74
2014-01-16,61.2,64.89
2014-01-17,60.96,64.68
2014-01-21,61.8,65.13
2014-01-22,61.64,65.3
2014-01-23,61.47,65.27
2014-01-24,61.39,64.31
2014-01-27,61.36,63.92
2014-01-28,61.82,64.57
2014-01-29,61.6,64.27
2014-01-30,61.83,65.05
2014-01-31,62.39,65.25
2014-02-03,61.55,64.3
2014-02-04,61.99,64.97
2014-02-05,61.54,64.95
2014-02-06,61.8,65.43
2014-02-07,61.94,65.87
2014-02-10,62.95,66.47
2014-02-11,62.63,66.7
2014-02-12,61.78,66.74
2014-02-13,62.6,67.0
2014-02-14,61.52,67.27
2014-02-18,61.42,67.67
2014-02-19,61.91,67.65
2014-02-20,61.15,67.53
2014-02-21,60.62,67.64
2014-02-24,61.71,67.75
2014-02-25,61.49,67.78
2014-02-26,61.94,67.97
2014-02-27,62.44,67.9
2014-02-28,62.43,68.35
2014-03-03,62.79,68.4
2014-03-04,63.67,69.24
2014-03-05,63.03,69.15
2014-03-06,61.97,68.82
2014-03-07,60.5,68.04
2014-03-10,60.51,67.79
2014-03-11,61.16,68.16
2014-03-12,61.21,68.31
2014-03-13,60.48,68.09
2014-03-14,60.76,68.11
2014-03-17,60.62,68.22
2014-03-18,60.89,68.52
2014-03-19,58.92,67.31
2014-03-20,59.12,67.4
2014-03-21,59.63,67.95
2014-03-24,59.4,67.55
2014-03-25,60.06,67.27
2014-03-26,59.38,66.52
2014-03-27,59.94,66.84
2014-03-28,60.36,67.28
2014-03-31,60.57,67.67
2014-04-01,61.39,68.1
2014-04-02,61.29,68.11
2014-04-03,61.4,67.87
2014-04-04,61.99,68.14
2014-04-07,63.0,68.21
2014-04-08,64.01,68.59
2014-04-09,63.6,68.54
2014-04-10,63.13,67.93
2014-04-11,63.15,67.52
2014-04-14,64.18,67.77
2014-04-15,66.0,68.49
2014-04-16,65.43,68.9
2014-04-17,65.13,68.71
2014-04-21,65.0,69.0
2014-04-22,64.5,69.23
2014-04-23,64.59,69.02
2014-04-24,64.31,69.25
2014-04-25,64.35,69.01
2014-04-28,65.73,69.37
2014-04-29,65.92,69.41
2014-04-30,66.08,69.72
2014-05-01,66.64,70.26
2014-05-02,66.54,70.23
2014-05-05,66.98,70.48
2014-05-06,67.03,70.22
2014-05-07,67.88,71.04
2014-05-08,68.4,71.08
2014-05-09,67.76,71.07
2014-05-12,66.93,71.22
2014-05-13,66.62,70.8
2014-05-14,67.09,70.98
2014-05-15,67.43,70.86
2014-05-16,68.22,71.38
2014-05-19,67.44,71.12
2014-05-20,67.27,70.9
2014-05-21,66.32,70.62
2014-05-22,66.13,70.56
2014-05-23,67.03,71.09
2014-05-27,67.24,71.52
2014-05-28,66.23,71.23
2014-05-29,66.44,71.32
2014-05-30,66.8,71.67
2014-06-02,64.93,71.8
2014-06-03,64.84,71.71
2014-06-04,64.09,71.78
2014-06-05,65.67,72.9
2014-06-06,65.38,72.75
2014-06-09,64.34,71.97
2014-06-10,63.84,71.6
2014-06-11,63.67,71.31
2014-06-12,63.68,71.1
2014-06-13,63.64,71.28
2014-06-16,63.26,70.92
2014-06-17,62.71,71.0
2014-06-18,62.95,71.44
2014-06-19,64.14,71.99
2014-06-20,64.64,72.24
2014-06-23,64.34,72.07
2014-06-24,64.39,71.5
2014-06-25,63.74,71.5
2014-06-26,63.82,71.42
2014-06-27,64.14,71.85
2014-06-30,64.1,71.79
2014-07-01,64.33,71.97
2014-07-02,64.07,71.89
2014-07-03,63.91,71.55
2014-07-07,64.55,71.62
2014-07-08,64.23,71.84
2014-07-09,64.34,72.0
2014-07-10,64.6,72.23
2014-07-11,64.2,72.28
2014-07-14,64.24,72.61
2014-07-15,64.0,72.59
2014-07-16,64.41,72.86
2014-07-17,64.17,72.43
2014-07-18,64.73,73.07
2014-07-21,64.42,72.86
2014-07-22,64.31,73.17
2014-07-23,64.29,73.33
2014-07-24,64.68,73.14
2014-07-25,64.21,72.73
2014-07-28,64.84,73.17
2014-07-29,64.49,72.83
2014-07-30,63.86,72.76
2014-07-31,63.5,71.71
2014-08-01,63.66,71.57
2014-08-04,64.03,72.0
2014-08-05,63.06,71.36
2014-08-06,62.79,71.49
2014-08-07,62.84,71.6
2014-08-08,63.44,72.14
2014-08-11,63.66,72.54
2014-08-12,63.23,72.33
2014-08-13,64.8,73.23
2014-08-14,65.05,73.21
2014-08-15,64.93,73.28
2014-08-18,65.49,73.96
2014-08-19,65.6,74.02
2014-08-20,65.9,74.38
2014-08-21,65.88,74.31
2014-08-22,65.6,73.81
2014-08-25,65.44,73.78
2014-08-26,65.25,73.78
2014-08-27,65.54,73.9
2014-08-28,65.83,73.83
2014-08-29,65.78,74.2
2014-09-02,65.41,74.24
2014-09-03,66.04,74.26
2014-09-04,65.93,74.12
2014-09-05,66.0,74.82
2014-09-08,65.27,74.69
2014-09-09,64.75,74.29
2014-09-10,63.89,73.26
2014-09-11,64.1,73.35
2014-09-12,61.19,71.24
2014-09-15,61.39,70.95
2014-09-16,61.82,71.48
2014-09-17,61.86,71.43
2014-09-18,61.03,70.91
2014-09-19,61.12,70.95
2014-09-22,61.04,70.32
2014-09-23,60.7,69.92
2014-09-24,61.14,69.22
2014-09-25,61.43,68.88
2014-09-26,62.33,69.64
2014-09-29,62.1,69.62
2014-09-30,61.95,69.2
2014-10-01,62.48,69.24
2014-10-02,62.57,69.13
2014-10-03,62.74,69.6
2014-10-06,62.78,69.69
2014-10-07,62.77,69.28
2014-10-08,63.69,70.6
2014-10-09,64.54,70.51
2014-10-10,65.6,70.41
2014-10-13,65.8,70.29
2014-10-14,66.04,71.35
2014-10-15,66.06,70.85
2014-10-16,66.15,71.04
2014-10-17,66.41,71.4
2014-10-20,67.36,72.42
2014-10-21,67.67,73.11
2014-10-22,67.61,73.08
2014-10-23,67.84,73.63
2014-10-24,66.97,73.66
2014-10-27,67.4,74.1
2014-10-28,67.48,74.34
2014-10-29,67.31,73.79
2014-10-30,67.99,74.42
2014-10-31,68.51,74.98
2014-11-03,68.75,75.56
2014-11-04,69.13,75.65
2014-11-05,69.11,75.65
2014-11-06,67.86,75.33
2014-11-07,68.26,75.27
2014-11-10,68.61,75.61
2014-11-11,68.52,75.42
2014-11-12,68.35,75.03
2014-11-13,69.51,75.33
2014-11-14,68.66,74.87
2014-11-17,68.8,75.15
2014-11-18,69.03,75.51
2014-11-19,68.52,75.04
2014-11-20,68.65,75.25
2014-11-21,69.72,75.8
2014-11-24,69.73,76.02
2014-11-25,70.29,76.23
2014-11-26,71.0,76.8
2014-11-28,71.55,77.02
2014-12-01,72.42,76.74
2014-12-02,72.48,77.01
2014-12-03,72.34,76.94
2014-12-04,72.56,77.06
2014-12-05,71.06,76.66
2014-12-08,71.67,77.0
2014-12-09,72.38,77.26
2014-12-10,73.07,77.08
2014-12-11,73.67,77.15
2014-12-12,74.44,76.45
2014-12-15,72.72,75.55
2014-12-16,71.99,75.2
2014-12-17,73.25,76.88
2014-12-18,71.85,77.57
2014-12-19,71.89,77.73
2014-12-22,73.52,79.01
2014-12-23,72.62,78.61
2014-12-24,71.73,77.48
2014-12-26,72.37,77.78
2014-12-29,72.75,78.12
2014-12-30,72.89,78.04
2014-12-31,71.7,76.84
2015-01-02,73.31,77.79
2015-01-05,73.68,78.05
2015-01-06,75.32,78.62
2015-01-07,76.44,79.64
2015-01-08,76.07,80.09
2015-01-09,76.06,80.12
2015-01-12,76.94,80.56
2015-01-13,77.23,80.35
2015-01-14,77.62,80.88
2015-01-15,77.71,80.99
2015-01-16,78.0,81.68
2015-01-20,78.81,81.04
2015-01-21,78.34,80.92
2015-01-22,80.06,82.5
2015-01-23,80.43,82.33
2015-01-26,80.65,83.14
2015-01-27,80.76,83.03
2015-01-28,80.75,82.44
2015-01-29,80.95,82.58
2015-01-30,79.81,81.23
2015-02-02,79.79,80.97
2015-02-03,79.73,81.72
2015-02-04,78.57,81.48
2015-02-05,79.37,82.33
2015-02-06,76.01,80.16
2015-02-09,75.75,79.781
2015-02-10,76.67,80.06
2015-02-11,76.49,79.89
2015-02-12,77.02,80.75
2015-02-13,76.61,80.31
2015-02-17,76.49,80.08
2015-02-18,77.85,80.76
2015-02-19,76.34,79.22
2015-02-20,77.43,79.95
2015-02-23,77.58,80.58
2015-02-24,74.54,79.06
2015-02-25,74.43,79.23
2015-02-26,73.78,78.56
2015-02-27,74.47,79.12
2015-03-02,74.68,79.43
2015-03-03,74.53,79.22
2015-03-04,73.03,78.56
2015-03-05,72.9,78.82
2015-03-06,69.91,76.42
2015-03-09,70.0,77.1
2015-03-10,69.5,76.72
2015-03-11,69.12,76.83
2015-03-12,70.37,78.1
2015-03-13,70.11,77.81
2015-03-16,70.7,78.66
2015-03-17,70.29,78.59
2015-03-18,71.5,80.14
2015-03-19,71.86,80.02
2015-03-20,73.73,81.96
2015-03-23,74.06,81.84
2015-03-24,73.38,81.18
2015-03-25,72.0,79.19
2015-03-26,71.66,78.74
2015-03-27,72.32,79.01
2015-03-30,73.65,79.9
2015-03-31,73.02,79.32
2015-04-01,73.03,79.31
2015-04-02,73.23,79.84
2015-04-06,76.9,80.64
2015-04-07,74.97,79.33
2015-04-08,75.1,79.55
2015-04-09,74.12,78.15
2015-04-10,74.05,78.1
2015-04-13,73.33,77.88
2015-04-14,73.85,78.04
2015-04-15,73.17,77.58
2015-04-16,73.29,77.9
2015-04-17,72.91,77.49
2015-04-20,73.15,77.59
2015-04-21,72.79,77.65
2015-04-22,72.71,77.88
2015-04-23,73.06,78.02
2015-04-24,72.82,78.15
2015-04-27,72.32,77.94
2015-04-28,72.62,77.92
2015-04-29,70.87,76.39
2015-04-30,68.9,75.5
2015-05-01,69.34,75.9
2015-05-04,68.78,76.1
2015-05-05,67.74,74.43
2015-05-06,67.1,74.23
2015-05-07,68.46,75.21
2015-05-08,69.12,76.36
2015-05-11,67.9,75.25
2015-05-12,68.07,75.47
2015-05-13,67.09,74.84
2015-05-14,68.2,76.2
2015-05-15,69.4,76.83
2015-05-18,69.19,76.6
2015-05-19,69.21,76.5
2015-05-20,68.89,76.34
2015-05-21,68.32,75.99
2015-05-22,68.28,76.01
2015-05-26,67.72,75.55
2015-05-27,67.83,76.12
2015-05-28,67.13,76.07
2015-05-29,66.52,75.25
2015-06-01,67.14,75.98
2015-06-02,66.7,75.36
2015-06-03,64.8,74.45
2015-06-04,64.92,74.38
2015-06-05,63.56,73.48
2015-06-08,63.95,73.335
2015-06-09,63.23,72.8
2015-06-10,63.71,73.32
2015-06-11,64.07,73.9
2015-06-12,63.97,73.76
2015-06-15,63.56,73.38
2015-06-16,64.18,74.0
2015-06-17,64.4,74.46
2015-06-18,65.12,75.49
2015-06-19,65.19,75.0
2015-06-22,64.2,74.26
2015-06-23,63.58,73.9
2015-06-24,62.95,72.83
2015-06-25,61.82,72.14
2015-06-26,62.79,72.49
2015-06-29,62.38,71.33
2015-06-30,62.09,71.3
2015-07-01,62.61,72.39
2015-07-02,62.95,72.55
2015-07-06,62.83,72.88
2015-07-07,64.39,74.0
2015-07-08,64.13,73.61
2015-07-09,64.09,73.26
2015-07-10,64.55,73.77
2015-07-13,64.59,73.88
2015-07-14,64.25,74.08
2015-07-15,64.3,74.15
2015-07-16,64.59,74.68
2015-07-17,64.44,74.39
2015-07-20,64.31,74.52
2015-07-21,63.94,74.25
2015-07-22,64.28,74.46
2015-07-23,63.65,73.93
2015-07-24,65.39,73.95
2015-07-27,66.08,74.11
2015-07-28,66.23,74.25
2015-07-29,66.64,74.63
2015-07-30,66.36,74.35
2015-07-31,67.09,74.83
2015-08-03,67.44,75.2
2015-08-04,66.76,74.81
2015-08-05,66.43,74.49
2015-08-06,66.99,74.49
2015-08-07,67.4,74.75
2015-08-10,66.77,74.76
2015-08-11,67.48,75.26
2015-08-12,67.97,75.37
2015-08-13,67.85,75.52
2015-08-14,68.39,75.95
2015-08-17,68.52,76.52
2015-08-18,59.8,76.58
2015-08-19,60.05,76.16
2015-08-20,60.55,75.57
2015-08-21,59.6,74.09
2015-08-24,56.87,70.63
2015-08-25,54.96,68.85
2015-08-26,56.1,70.57
2015-08-27,57.02,71.99
2015-08-28,56.69,71.91
2015-08-31,55.02,70.48
2015-09-01,54.27,69.14
2015-09-02,54.45,69.88
2015-09-03,54.45,70.02
2015-09-04,53.1,68.69
2015-09-08,53.61,69.73
2015-09-09,52.85,68.88
2015-09-10,52.78,68.96
2015-09-11,52.66,70.09
2015-09-14,52.93,70.05
2015-09-15,53.82,70.64
2015-09-16,54.58,71.55
2015-09-17,55.45,72.25
2015-09-18,56.15,72.01
2015-09-21,56.77,72.64
2015-09-22,56.62,71.68
2015-09-23,56.87,72.01
2015-09-24,56.57,71.35
2015-09-25,56.92,71.04
2015-09-28,55.38,69.76
2015-09-29,55.88,70.25
2015-09-30,56.06,70.95
2015-10-01,55.76,71.28
2015-10-02,56.06,71.9
2015-10-05,57.32,73.19
2015-10-06,57.06,73.01
2015-10-07,57.57,73.72
2015-10-08,57.84,74.33
2015-10-09,57.65,74.25
2015-10-12,57.55,74.65
2015-10-13,56.99,74.1
2015-10-14,55.93,73.62
2015-10-15,55.99,74.46
2015-10-16,56.97,75.06
2015-10-19,58.03,75.95
2015-10-20,57.73,76.04
2015-10-21,58.28,75.77
2015-10-22,58.38,76.6
2015-10-23,55.13,75.9
2015-10-26,55.08,75.89
2015-10-27,55.15,75.7
2015-10-28,54.92,75.99
2015-10-29,54.88,75.91
2015-10-30,53.72,75.36
2015-11-02,54.49,77.03
2015-11-03,53.61,76.31
2015-11-04,53.44,75.94
2015-11-05,54.19,76.16
2015-11-06,50.82,73.98
2015-11-09,49.77,72.98
2015-11-10,50.15,73.65
2015-11-11,49.88,73.74
2015-11-12,49.99,73.21
2015-11-13,49.68,72.44
2015-11-16,50.52,73.29
2015-11-17,50.06,73.33
2015-11-18,51.1,74.11
2015-11-19,51.59,74.32
2015-11-20,52.74,75.08
2015-11-23,53.36,75.21
2015-11-24,52.79,74.84
2015-11-25,53.0,75.09
2015-11-27,53.67,75.69
2015-11-30,53.34,75.21
2015-12-01,53.96,76.14
2015-12-02,52.92,74.7
2015-12-03,52.08,73.6
2015-12-04,53.2,74.83
2015-12-07,53.82,74.63
2015-12-08,54.02,74.45
2015-12-09,53.82,73.99
2015-12-10,53.63,73.57
2015-12-11,54.38,73.23
2015-12-14,54.43,73.46
2015-12-15,54.48,74.27
2015-12-16,55.72,75.73
2015-12-17,54.81,75.36
2015-12-18,53.92,74.4
2015-12-21,54.04,74.78
2015-12-22,54.47,75.09
2015-12-23,55.4,75.94
2015-12-24,55.52,75.0
2015-12-28,55.86,75.22
2015-12-29,56.51,75.99
2015-12-30,56.63,75.65
2015-12-31,56.43,75.08
2016-01-04,56.74,74.35
2016-01-05,57.74,75.57
2016-01-06,57.21,75.32
2016-01-07,56.21,73.64
2016-01-08,56.26,72.77
2016-01-11,56.58,73.06
2016-01-12,55.89,72.55
2016-01-13,54.54,71.45
2016-01-14,54.64,71.35
2016-01-15,54.69,70.535
2016-01-19,55.63,70.75
2016-01-20,52.92,68.87
2016-01-21,54.0,69.33
2016-01-22,55.5,71.25
2016-01-25,54.98,70.55
2016-01-26,55.94,72.06
2016-01-27,53.79,70.94
2016-01-28,53.79,70.47
2016-01-29,55.32,72.0
2016-02-01,55.48,72.01
2016-02-02,54.76,71.25
2016-02-03,56.0,71.6
2016-02-04,56.37,71.68
2016-02-05,56.32,70.07
2016-02-08,53.71,68.01
2016-02-09,50.08,66.91
2016-02-10,50.0,67.26
2016-02-11,48.72,66.27
2016-02-12,48.43,67.13
2016-02-16,49.72,68.42
2016-02-17,50.48,69.04
2016-02-18,51.6,69.7
2016-02-19,52.19,69.85
2016-02-22,52.99,70.66
2016-02-23,53.41,70.49
2016-02-24,53.85,70.52
2016-02-25,55.08,71.8
2016-02-26,55.39,71.58
2016-02-29,55.67,71.46
2016-03-01,57.57,73.32
2016-03-02,58.41,73.88
2016-03-03,56.71,74.25
2016-03-04,56.75,74.45
2016-03-07,57.23,74.59
2016-03-08,56.45,73.82
2016-03-09,56.78,74.12
2016-03-10,57.28,73.93
2016-03-11,59.78,75.68
2016-03-14,60.53,75.58
2016-03-15,60.74,75.56
2016-03-16,61.08,76.52
2016-03-17,62.01,77.59
2016-03-18,61.85,77.29
2016-03-21,61.45,76.79
2016-03-22,61.55,76.81
2016-03-23,61.19,75.37
2016-03-24,60.96,75.43
2016-03-28,61.83,76.01
2016-03-29,63.22,77.52
2016-03-30,62.96,77.4
2016-03-31,62.96,77.86
2016-04-01,63.23,77.91
2016-04-04,63.58,77.8
2016-04-05,63.54,77.36
2016-04-06,62.08,77.55
2016-04-07,62.38,77.13
2016-04-08,62.44,77.57
2016-04-11,62.87,77.47
2016-04-12,63.26,78.0
2016-04-13,63.43,77.82
2016-04-14,63.21,77.32
2016-04-15,63.16,77.83
2016-04-18,63.73,78.16
2016-04-19,63.93,78.24
2016-04-20,62.37,77.14
2016-04-21,59.69,75.83
2016-04-22,60.49,76.64
2016-04-25,61.37,77.12
2016-04-26,62.19,77.4
2016-04-27,62.51,77.38
2016-04-28,62.26,77.2
2016-04-29,62.12,76.56
2016-05-02,62.62,77.58
2016-05-03,63.44,77.41
2016-05-04,65.45,78.45
2016-05-05,65.86,78.75
2016-05-06,66.1,79.52
2016-05-09,66.66,80.16
2016-05-10,66.9,80.31
2016-05-11,65.61,78.88
2016-05-12,66.72,79.27
2016-05-13,66.76,78.63
2016-05-16,67.23,79.25
2016-05-17,66.37,78.05
2016-05-18,65.38,76.96
2016-05-19,64.91,76.13
2016-05-20,65.29,76.74
2016-05-23,65.5,76.81
2016-05-24,66.01,77.73
2016-05-25,66.01,77.85
2016-05-26,65.99,77.9
2016-05-27,66.31,78.24
2016-05-31,66.33,78.25
2016-06-01,66.58,78.3
2016-06-02,65.99,78.72
2016-06-03,67.28,78.96
2016-06-06,66.77,78.47
2016-06-07,67.63,78.95
2016-06-08,67.82,79.37
2016-06-09,68.42,79.49
2016-06-10,68.58,79.1
2016-06-13,69.34,79.04
2016-06-14,68.61,78.61
2016-06-15,69.31,79.33
2016-06-16,69.88,79.73
2016-06-17,69.81,79.61
2016-06-20,69.12,79.76
2016-06-21,69.88,79.37
2016-06-22,68.97,79.33
2016-06-23,68.9,79.86
2016-06-24,69.77,78.83
2016-06-27,71.01,78.74
2016-06-28,72.08,80.45
2016-06-29,72.05,81.48
2016-06-30,72.82,82.39
2016-07-01,73.2,82.33
2016-07-05,73.81,82.96
2016-07-06,73.14,82.66
2016-07-07,72.15,81.93
2016-07-08,72.63,83.14
2016-07-11,73.2,83.74
2016-07-12,71.86,83.84
2016-07-13,72.17,84.19
2016-07-14,70.92,83.57
2016-07-15,72.0,83.64
2016-07-18,72.59,83.85
2016-07-19,73.05,84.23
2016-07-20,73.08,84.21
2016-07-21,73.31,84.33
2016-07-22,73.88,85.03
2016-07-25,73.98,84.95
2016-07-26,73.71,84.56
2016-07-27,73.54,83.96
2016-07-28,74.52,84.58
2016-07-29,76.16,85.4
2016-08-01,76.56,85.7
2016-08-02,74.45,84.4
2016-08-03,73.71,84.04
2016-08-04,73.78,83.84
2016-08-05,72.73,83.95
2016-08-08,72.64,84.03
2016-08-09,73.73,84.34
2016-08-10,74.49,84.23
2016-08-11,73.95,83.43
2016-08-12,74.43,83.66
2016-08-15,73.97,83.6
2016-08-16,73.0,82.62
2016-08-17,74.13,82.86
2016-08-18,74.18,82.62
2016-08-19,73.42,82.02
2016-08-22,73.43,82.44
2016-08-23,73.98,82.62
2016-08-24,73.18,82.22
2016-08-25,73.53,82.52
2016-08-26,72.14,81.75
2016-08-29,73.58,82.52
2016-08-30,73.26,82.38
2016-08-31,72.67,82.54
2016-09-01,72.33,82.4
2016-09-02,73.41,83.06
2016-09-06,74.08,83.65
2016-09-07,74.18,84.13
2016-09-08,72.98,83.17
2016-09-09,68.86,79.86
2016-09-12,69.84,80.83
2016-09-13,67.33,78.86
2016-09-14,67.62,79.1
2016-09-15,67.96,79.46
2016-09-16,68.04,79.38
2016-09-19,68.63,80.13
2016-09-20,69.24,80.0
2016-09-21,70.07,80.92
2016-09-22,71.44,82.49
2016-09-23,72.22,82.7
2016-09-26,72.86,82.1
2016-09-27,71.96,81.46
2016-09-28,72.93,81.91
2016-09-29,71.91,81.03
2016-09-30,70.63,80.64
2016-10-03,69.19,79.18
2016-10-04,68.14,78.04
2016-10-05,67.43,76.53
2016-10-06,66.99,76.66
2016-10-07,66.95,76.55
2016-10-10,66.76,77.0
2016-10-11,66.31,76.23
2016-10-12,66.5,77.26
2016-10-13,66.72,77.69
2016-10-14,66.71,77.43
2016-10-17,66.88,77.53
2016-10-18,67.66,78.06
2016-10-19,67.95,78.39
2016-10-20,68.69,78.09
2016-10-21,68.36,77.99
2016-10-24,68.86,78.2
2016-10-25,68.8,78.05
2016-10-26,68.02,77.14
2016-10-27,66.4,75.37
2016-10-28,66.8,75.52
2016-10-31,67.75,76.64
2016-11-01,65.14,74.95
2016-11-02,63.24,73.99
2016-11-03,61.84,73.56
2016-11-04,63.42,73.95
2016-11-07,64.33,75.16
2016-11-08,63.09,75.62
2016-11-09,60.52,74.2203
2016-11-10,57.86,72.87
2016-11-11,58.75,73.26
2016-11-14,61.03,74.5
2016-11-15,60.79,74.23
2016-11-16,60.58,74.07
2016-11-17,59.57,73.46
2016-11-18,59.9,73.68
2016-11-21,59.34,73.69
2016-11-22,60.56,74.95
2016-11-23,59.95,74.54
2016-11-25,60.24,74.92
2016-11-28,60.4,75.18
2016-11-29,61.07,75.8
2016-11-30,60.42,74.85
2016-12-01,58.38,73.67
2016-12-02,59.36,74.45
2016-12-05,59.71,75.04
2016-12-06,60.01,75.52
2016-12-07,62.2,76.99
2016-12-08,62.61,77.38
2016-12-09,62.46,77.32
2016-12-12,63.08,77.8
2016-12-13,63.22,77.8
2016-12-14,61.19,76.36
2016-12-15,60.21,75.79
2016-12-16,61.13,76.8
2016-12-19,61.79,77.65
2016-12-20,61.93,77.79
2016-12-21,61.15,75.77
2016-12-22,61.17,75.63
2016-12-23,60.86,75.83
2016-12-27,61.53,75.92
2016-12-28,61.16,75.47
2016-12-29,61.73,76.22
2016-12-30,62.52,76.94
2017-01-03,62.13,77.25
2017-01-04,62.61,78.31
2017-01-05,63.17,78.58
2017-01-06,63.05,78.41
2017-01-09,63.45,77.89
2017-01-10,61.16,77.16
2017-01-11,61.42,76.83
2017-01-12,61.48,77.18
2017-01-13,61.6,77.1
2017-01-17,62.03,77.62
2017-01-18,62.22,77.75
2017-01-19,61.3,76.94
2017-01-20,61.9,77.43
2017-01-23,61.93,78.02
2017-01-24,61.99,78.2
2017-01-25,61.27,77.78
2017-01-26,60.97,77.7
2017-01-27,61.08,76.97
2017-01-30,61.43,76.44
2017-01-31,61.67,77.04
2017-02-01,60.64,76.13
2017-02-02,61.72,76.98
2017-02-03,61.65,77.5
2017-02-06,61.99,77.24
2017-02-07,61.81,77.13
2017-02-08,62.25,77.69
2017-02-09,61.8,77.93
2017-02-10,61.77,78.53
2017-02-13,62.8,78.79
2017-02-14,61.64,78.35
2017-02-15,61.68,78.28
2017-02-16,62.57,78.65
2017-02-17,62.16,78.78
2017-02-21,62.8,79.77
2017-02-22,62.72,79.57
2017-02-23,63.5,79.91
2017-02-24,64.98,80.31
2017-02-27,65.41,80.73
2017-02-28,65.05,80.41
2017-03-01,64.21,80.16
2017-03-02,64.9,79.83
2017-03-03,63.66,79.64
2017-03-06,62.71,79.27
2017-03-07,62.67,78.93
2017-03-08,61.11,77.72
2017-03-09,60.07,76.73
2017-03-10,60.5,76.54
2017-03-13,59.73,76.66
2017-03-14,59.36,76.59
2017-03-15,60.2,78.0
2017-03-16,60.46,77.87
2017-03-17,60.51,78.2
2017-03-20,60.53,78.17
2017-03-21,60.77,77.92
2017-03-22,62.45,77.96
2017-03-23,63.21,78.54
2017-03-24,63.83,77.74
2017-03-27,64.08,77.21
2017-03-28,64.69,77.55
2017-03-29,64.66,77.89
2017-03-30,64.5,78.12
2017-03-31,65.04,78.49
2017-04-03,65.1,78.56
2017-04-04,64.19,78.49
2017-04-05,64.58,78.51
2017-04-06,64.71,79.05
2017-04-07,64.87,79.14
2017-04-10,65.16,79.69
2017-04-11,65.47,80.13
2017-04-12,65.64,79.95
2017-04-13,65.06,79.79
2017-04-17,65.84,80.79
2017-04-18,66.79,80.98
2017-04-19,66.41,80.85
2017-04-20,65.95,80.9
2017-04-21,65.78,80.58
2017-04-24,64.63,79.88
2017-04-25,64.68,80.11
2017-04-26,64.01,79.58
2017-04-27,64.12,79.67
2017-04-28,64.01,78.93
2017-05-01,63.97,79.41
2017-05-02,63.67,79.21
2017-05-03,62.79,78.26
2017-05-04,62.65,77.92
2017-05-05,63.75,78.67
2017-05-08,63.53,78.22
2017-05-09,62.63,77.8
2017-05-10,64.02,78.22
2017-05-11,64.97,77.8
2017-05-12,65.67,77.59
2017-05-15,65.23,77.87
2017-05-16,65.02,77.43
2017-05-17,66.32,77.84
2017-05-18,67.43,78.05
2017-05-19,67.14,78.51
2017-05-22,67.25,78.74
2017-05-23,67.5,78.92
2017-05-24,67.78,79.45
2017-05-25,67.24,79.62
2017-05-26,66.58,79.13
2017-05-30,66.54,78.82
2017-05-31,66.49,78.84
2017-06-01,66.87,79.16
2017-06-02,67.1,79.94
2017-06-05,66.95,79.69
2017-06-06,66.57,79.29
2017-06-07,66.74,79.62
2017-06-08,66.58,79.49
2017-06-09,66.87,80.0
2017-06-12,68.17,80.53
2017-06-13,68.26,80.7
2017-06-14,68.7,80.96
2017-06-15,69.04,81.24
2017-06-16,69.52,81.19
2017-06-19,69.75,81.33
2017-06-20,70.34,81.06
2017-06-21,70.74,80.74
2017-06-22,71.18,80.9
2017-06-23,71.72,81.22
2017-06-26,71.93,81.74
2017-06-27,71.17,80.54
2017-06-28,71.1,80.65
2017-06-29,69.21,79.77
2017-06-30,69.48,79.77
2017-07-03,69.98,80.62
2017-07-05,69.18,79.71
2017-07-06,67.61,78.32
2017-07-07,67.47,78.7
2017-07-10,66.94,78.12
2017-07-11,66.92,78.03
2017-07-12,67.8,79.01
2017-07-13,67.52,79.04
2017-07-14,68.05,79.84
2017-07-17,68.8,80.16
2017-07-18,68.66,79.96
2017-07-19,68.53,80.6
2017-07-20,68.4,80.28
2017-07-21,68.65,80.45
2017-07-24,68.05,80.24
2017-07-25,67.9,80.34
2017-07-26,68.08,80.77
2017-07-27,67.41,80.84
2017-07-28,67.12,80.67
2017-07-31,67.35,80.66
2017-08-01,66.0,81.02
2017-08-02,66.02,80.51
2017-08-03,66.45,80.23
2017-08-04,65.81,80.5
2017-08-07,65.65,80.56
2017-08-08,65.46,80.12
2017-08-09,65.62,79.98
2017-08-10,64.8,79.37
2017-08-11,64.95,78.99
2017-08-14,66.13,80.2
2017-08-15,66.18,79.97
2017-08-16,66.59,80.32
2017-08-17,66.53,79.77
2017-08-18,66.12,79.18
2017-08-21,67.45,79.89
2017-08-22,66.91,79.82
2017-08-23,67.54,80.48
2017-08-24,67.77,80.4
2017-08-25,67.89,80.78
2017-08-28,67.51,80.37
2017-08-29,67.79,80.25
2017-08-30,68.13,80.68
2017-08-31,68.44,81.2
2017-09-01,68.78,81.21
2017-09-05,68.93,81.04
2017-09-06,68.35,81.2
2017-09-07,69.03,81.73
2017-09-08,69.47,81.68
2017-09-11,69.38,82.37
2017-09-12,68.53,81.54
2017-09-13,68.39,81.24
2017-09-14,68.94,81.74
2017-09-15,69.36,82.08
2017-09-18,68.88,81.64
2017-09-19,68.2,81.01
2017-09-20,68.07,80.81
2017-09-21,67.52,80.55
2017-09-22,66.04,80.07
2017-09-25,66.62,80.5
2017-09-26,66.16,79.84
2017-09-27,65.11,79.2
2017-09-28,65.41,79.79
2017-09-29,65.13,79.88
2017-10-02,63.89,79.72
2017-10-03,63.68,79.78
2017-10-04,63.65,80.29
2017-10-05,63.31,80.54
2017-10-06,63.34,80.25
2017-10-09,63.31,80.41
2017-10-10,63.26,80.52
2017-10-11,63.05,80.86
2017-10-12,63.08,81.39
2017-10-13,63.36,81.57
2017-10-16,63.14,81.16
2017-10-17,63.2,81.23
2017-10-18,63.31,81.14
2017-10-19,63.02,81.08
2017-10-20,63.0,80.82
2017-10-23,62.5,80.44
2017-10-24,61.82,80.04
2017-10-25,61.5,79.73
2017-10-26,61.1,79.24
2017-10-27,62.5,79.6
2017-10-30,63.25,79.77
2017-10-31,62.75,79.92
2017-11-01,63.07,79.98
2017-11-02,63.84,80.48
2017-11-03,64.1,80.43
2017-11-06,64.09,81.36
2017-11-07,64.33,81.94
2017-11-08,64.65,82.49
2017-11-09,64.81,82.46
2017-11-10,64.91,82.51
2017-11-13,65.39,82.81
2017-11-14,65.04,82.68
2017-11-15,64.38,81.97
2017-11-16,64.51,82.52
2017-11-17,64.4,82.14
2017-11-20,64.25,81.97
2017-11-21,64.32,82.56
2017-11-22,64.24,82.33
2017-11-24,64.68,82.5
2017-11-27,63.86,82.16
2017-11-28,63.61,81.98
2017-11-29,64.07,81.88
2017-11-30,64.01,81.97
2017-12-01,64.81,82.12
2017-12-04,62.82,81.49
2017-12-05,62.73,81.01
2017-12-06,62.99,80.98
2017-12-07,63.53,81.31
2017-12-08,63.31,81.58
2017-12-11,63.32,81.67
2017-12-12,63.82,82.0
2017-12-13,63.87,82.17
2017-12-14,63.46,82.12
2017-12-15,64.25,82.46
2017-12-18,64.39,82.92
2017-12-19,61.83,80.47
2017-12-20,60.69,79.63
2017-12-21,59.84,79.34
2017-12-22,60.14,79.84
2017-12-26,60.18,80.23
2017-12-27,60.14,80.52
2017-12-28,60.43,80.99
2017-12-29,60.01,81.01
2018-01-02,59.76,80.6
2018-01-03,60.12,80.47
2018-01-04,58.65,79.21
2018-01-05,58.35,79.29
2018-01-08,58.45,79.74
2018-01-09,57.69,78.82
2018-01-10,56.84,77.86
2018-01-11,56.23,77.59
2018-01-12,54.83,76.96
2018-01-16,54.52,77.17
2018-01-17,54.98,77.72
2018-01-18,54.38,76.96
2018-01-19,54.47,77.46
2018-01-22,54.49,78.09
2018-01-23,55.95,79.17
2018-01-24,55.89,78.89
2018-01-25,56.41,78.74
2018-01-26,55.89,78.77
2018-01-29,55.53,77.76
2018-01-30,54.65,77.34
2018-01-31,55.97,78.56
2018-02-01,54.4,77.25
2018-02-02,54.33,76.46
2018-02-05,52.88,74.0
2018-02-06,53.19,74.26
2018-02-07,52.97,73.97
2018-02-08,50.92,71.79
2018-02-09,51.59,73.28
2018-02-12,50.46,73.5
2018-02-13,50.72,74.06
2018-02-14,49.62,73.7
2018-02-15,50.64,74.43
2018-02-16,51.39,75.06
2018-02-20,50.27,74.13
2018-02-21,49.34,72.9
2018-02-22,49.67,73.58
2018-02-23,50.51,74.83
2018-02-26,50.73,75.09
2018-02-27,48.91,73.51
2018-02-28,48.32,73.33
2018-03-01,49.58,73.1
2018-03-02,49.86,72.97
2018-03-05,50.77,73.79
2018-03-06,50.45,74.26
2018-03-07,51.22,74.64
2018-03-08,50.52,75.02
2018-03-09,49.69,75.49
2018-03-12,50.38,75.87
2018-03-13,50.35,75.99
2018-03-14,49.68,76.05
2018-03-15,49.46,76.03
2018-03-16,50.15,76.48
2018-03-19,49.53,75.77
2018-03-20,49.0,75.71
2018-03-21,48.46,75.13
2018-03-22,49.32,74.08
2018-03-23,48.11,72.9
2018-03-26,48.21,73.82
2018-03-27,49.01,74.02
2018-03-28,50.46,75.45
2018-03-29,49.53,75.47
2018-04-02,49.39,74.43
2018-04-03,49.56,74.92
2018-04-04,50.32,75.76
2018-04-05,50.04,75.83
2018-04-06,50.42,75.15
2018-04-09,49.81,75.02
2018-04-10,49.27,74.73
2018-04-11,49.0,74.9
2018-04-12,48.35,74.19
2018-04-13,48.54,74.45
2018-04-16,48.68,74.81
2018-04-17,48.84,75.78
2018-04-18,48.61,75.65
2018-04-19,47.8,74.57
2018-04-20,47.01,73.93
2018-04-23,46.96,73.98
2018-04-24,47.37,74.16
2018-04-25,47.36,74.0
2018-04-26,47.47,74.9
2018-04-27,51.59,75.87
2018-04-30,51.42,75.64
2018-05-01,52.41,76.17
2018-05-02,52.37,75.91
2018-05-03,52.53,75.94
2018-05-04,53.15,76.74
2018-05-07,53.35,77.16
2018-05-08,52.84,76.78
2018-05-09,53.15,77.25
2018-05-10,53.74,77.96
2018-05-11,53.51,77.64
2018-05-14,53.16,77.07
2018-05-15,52.26,75.93
2018-05-16,52.04,75.71
2018-05-17,51.46,75.32
2018-05-18,51.46,75.49
2018-05-21,52.18,76.3
2018-05-22,52.68,76.4
2018-05-23,53.56,77.05
2018-05-24,53.09,76.86
2018-05-25,53.62,77.12
2018-05-29,54.1,77.35
2018-05-30,54.81,78.33
2018-05-31,54.66,78.19
2018-06-01,54.84,78.46
2018-06-04,54.99,79.15
2018-06-05,54.5,79.05
2018-06-06,54.34,79.14
2018-06-07,54.56,79.19
2018-06-08,54.84,79.42
2018-06-11,54.91,79.44
2018-06-12,55.18,79.84
2018-06-13,53.44,78.23
2018-06-14,54.41,79.01
2018-06-15,54.23,79.09
2018-06-18,53.66,79.02
2018-06-19,53.71,79.01
2018-06-20,54.75,79.78
2018-06-21,55.05,80.19
2018-06-22,55.69,80.7
2018-06-25,56.09,80.42
2018-06-26,55.77,79.96
2018-06-27,56.08,79.53
2018-06-28,57.44,80.38
2018-06-29,56.95,80.58
2018-07-02,56.87,80.1
2018-07-03,58.02,80.7
2018-07-05,58.8,81.75
2018-07-06,59.12,82.09
2018-07-09,58.38,81.36
2018-07-10,58.67,81.61
2018-07-11,58.39,81.36
2018-07-12,58.4,81.6
2018-07-13,58.21,81.32
2018-07-16,58.29,80.95
2018-07-17,57.92,80.52
2018-07-18,57.33,80.14
2018-07-19,58.06,80.95
2018-07-20,58.25,80.27
2018-07-23,57.98,80.07
2018-07-24,57.7,79.68
2018-07-25,58.18,80.33
2018-07-26,57.32,80.55
2018-07-27,55.1,79.77
2018-07-30,55.42,79.88
2018-07-31,56.38,81.25
2018-08-01,56.81,81.52
2018-08-02,56.49,81.25
2018-08-03,58.0,82.21
2018-08-06,58.01,82.16
2018-08-07,58.4,81.87
2018-08-08,57.9,81.38
2018-08-09,57.8,81.48
2018-08-10,56.96,80.75
2018-08-13,56.98,80.71
2018-08-14,57.47,81.15
2018-08-15,58.74,81.76
2018-08-16,58.9,82.42
2018-08-17,59.67,83.16
2018-08-20,59.41,83.29
2018-08-21,59.16,82.73
2018-08-22,59.2,82.27
2018-08-23,59.21,82.09
2018-08-24,58.72,82.51
2018-08-27,58.68,82.36
2018-08-28,59.69,83.24
2018-08-29,59.82,83.16
2018-08-30,59.59,82.87
2018-08-31,59.87,83.18
2018-09-04,59.25,82.3
2018-09-05,59.94,82.68
2018-09-06,60.12,83.0
2018-09-07,58.85,81.99
2018-09-10,59.28,82.51
2018-09-11,59.1,82.34
2018-09-12,58.91,82.41
2018-09-13,59.01,82.9
2018-09-14,57.86,82.23
2018-09-17,58.38,82.52
2018-09-18,57.59,82.23
2018-09-19,57.06,81.14
2018-09-20,56.97,81.95
2018-09-21,56.19,81.91
2018-09-24,54.63,80.47
2018-09-25,54.32,80.34
2018-09-26,53.66,78.83
2018-09-27,53.96,79.04
2018-09-28,54.38,80.02
2018-10-01,53.98,79.36
2018-10-02,53.64,79.25
2018-10-03,52.86,78.7
2018-10-04,52.89,77.91
2018-10-05,53.0,77.81
2018-10-08,53.9,78.84
2018-10-09,54.36,79.01
2018-10-10,54.9,77.82
2018-10-11,53.36,75.7
2018-10-12,53.31,75.55
2018-10-15,53.88,75.96
2018-10-16,55.16,77.61
2018-10-17,55.34,77.23
2018-10-18,55.34,77.14
2018-10-19,55.94,77.73
2018-10-22,54.48,76.71
2018-10-23,55.44,77.2
2018-10-24,56.78,77.76
2018-10-25,56.9,78.72
2018-10-26,56.79,76.87
2018-10-29,57.26,77.76
2018-10-30,58.97,78.93
2018-10-31,58.04,78.11
2018-11-01,58.11,78.4
2018-11-02,56.59,77.73
2018-11-05,58.44,78.87
2018-11-06,58.94,79.21
2018-11-07,59.59,80.21
2018-11-08,59.51,80.24
2018-11-09,60.07,80.35
2018-11-12,60.24,80.26
2018-11-13,60.65,80.33
2018-11-14,60.55,80.19
2018-11-15,60.43,79.69
2018-11-16,61.39,80.65
2018-11-19,61.86,80.65
2018-11-20,62.35,79.79
2018-11-21,61.36,79.9
2018-11-23,61.43,79.63
2018-11-26,61.45,79.91
2018-11-27,62.0,80.16
2018-11-28,62.06,80.87
2018-11-29,62.45,80.98
2018-11-30,63.49,81.78
2018-12-03,63.59,82.16
2018-12-04,63.16,80.89
2018-12-06,65.42,82.92
2018-12-07,65.47,81.75
2018-12-10,64.79,81.29
2018-12-11,64.85,81.35
2018-12-12,63.13,80.01
2018-12-13,62.4,80.49
2018-12-14,62.56,80.33
2018-12-17,60.87,76.91
2018-12-18,61.64,77.6
2018-12-19,61.41,76.75
2018-12-20,61.04,75.63
2018-12-21,60.27,74.69
2018-12-24,57.51,72.0
2018-12-26,59.54,74.36
2018-12-27,59.19,74.48
2018-12-28,59.36,74.71
2018-12-31,58.59,74.94
2019-01-02,56.92,73.32
2019-01-03,57.88,73.79
2019-01-04,57.6,74.58
2019-01-07,57.92,75.33
2019-01-08,58.5,76.7
2019-01-09,58.22,76.6
2019-01-10,59.29,77.66
2019-01-11,60.12,77.93
2019-01-14,60.08,77.68
2019-01-15,60.6,78.45
2019-01-16,60.66,78.94
2019-01-17,60.53,79.36
2019-01-18,61.04,79.66
2019-01-22,61.72,79.43
2019-01-23,61.92,79.43
2019-01-24,61.95,79.71
2019-01-25,62.43,80.64
2019-01-28,63.2,81.37
2019-01-29,63.54,82.02
2019-01-30,63.88,82.67
2019-01-31,64.49,83.54
2019-02-01,63.41,82.97
2019-02-04,63.54,83.53
2019-02-05,64.31,84.04
2019-02-06,63.87,83.46
2019-02-07,64.45,84.1
2019-02-08,64.27,84.12
2019-02-11,63.75,84.36
2019-02-12,63.44,83.87
2019-02-13,64.22,84.26
2019-02-14,64.74,84.53
2019-02-15,65.21,85.05
2019-02-19,64.73,85.07
2019-02-20,63.33,84.47
2019-02-21,63.98,84.54
2019-02-22,64.25,84.99
2019-02-25,63.47,84.37
2019-02-26,63.12,84.14
2019-02-27,63.13,83.9
2019-02-28,62.75,84.15
2019-03-01,62.29,83.97
2019-03-04,62.65,84.32
2019-03-05,62.46,84.58
2019-03-06,61.89,84.17
2019-03-07,61.84,84.02
2019-03-08,61.99,84.1
2019-03-11,63.18,85.34
2019-03-12,63.45,85.69
2019-03-13,63.53,86.08
2019-03-14,63.59,86.21
2019-03-15,62.59,86.01
2019-03-18,61.51,85.53
2019-03-19,61.08,85.28
2019-03-20,61.68,84.96
2019-03-21,63.71,86.4
2019-03-22,64.23,85.88
2019-03-25,64.7,85.9
2019-03-26,65.21,86.54
2019-03-27,64.28,86.36
2019-03-28,65.25,87.11
2019-03-29,63.81,87.04
2019-04-01,63.26,87.01
2019-04-02,63.61,87.57
2019-04-03,62.81,87.48
2019-04-04,62.4,87.35
2019-04-05,63.18,87.95
2019-04-08,62.21,87.43
2019-04-09,62.11,87.01
2019-04-10,62.6,87.8
2019-04-11,61.89,87.71
2019-04-12,62.03,88.17
2019-04-15,62.1,87.72
2019-04-16,59.75,85.84
2019-04-17,58.29,85.06
2019-04-18,59.03,85.64
2019-04-22,57.77,84.8
2019-04-23,58.39,85.81
2019-04-24,59.52,86.37
2019-04-25,59.48,86.2
2019-04-26,60.56,86.85
2019-04-29,59.9,86.02
2019-04-30,61.11,87.0
2019-05-01,61.12,86.94
2019-05-02,61.53,86.97
2019-05-03,62.48,87.66
2019-05-06,62.04,87.37
2019-05-07,60.97,85.78
2019-05-08,61.07,85.77
2019-05-09,61.69,85.97
2019-05-10,62.55,86.88
2019-05-13,63.42,86.78
2019-05-14,63.49,87.14
2019-05-15,64.19,87.71
2019-05-16,64.67,88.23
2019-05-17,64.97,87.98
2019-05-20,64.11,86.68
2019-05-21,64.51,87.41
2019-05-22,64.93,87.72
2019-05-23,65.59,87.84
2019-05-24,65.94,88.13
2019-05-28,64.7,87.2
2019-05-29,64.24,86.16
2019-05-30,64.16,86.51
2019-05-31,64.3,86.87
2019-06-03,64.15,87.21
2019-06-04,62.2,86.93
2019-06-05,63.78,88.75
2019-06-06,63.76,88.88
2019-06-07,64.62,89.15
2019-06-10,64.25,88.88
2019-06-11,64.49,89.03
2019-06-12,64.86,89.32
2019-06-13,65.43,89.65
2019-06-14,66.76,89.8
2019-06-17,68.6,90.07
2019-06-18,68.6,89.91
2019-06-19,69.65,90.47
2019-06-20,71.76,90.87
2019-06-21,70.32,89.72
2019-06-24,70.24,89.16
2019-06-25,69.45,88.02
2019-06-26,68.43,86.36
2019-06-27,69.42,87.36
2019-06-28,68.35,87.31
2019-07-01,67.91,87.61
2019-07-02,69.06,88.98
2019-07-03,70.51,90.16
2019-07-05,69.79,89.75
2019-07-08,70.1,90.04
2019-07-09,70.38,90.48
2019-07-10,70.86,90.96
2019-07-11,69.44,89.94
2019-07-12,69.12,89.78
2019-07-15,68.6,89.78
2019-07-16,68.17,89.57
2019-07-17,68.6,89.21
2019-07-18,68.9,89.23
2019-07-19,66.92,87.92
2019-07-22,67.29,87.76
2019-07-23,68.06,88.65
2019-07-24,67.88,88.9
2019-07-25,67.49,88.49
2019-07-26,67.03,88.79
2019-07-29,67.55,89.05
2019-07-30,67.7,89.69
2019-07-31,67.29,89.39
2019-08-01,67.67,89.3
2019-08-02,68.83,89.7
2019-08-05,67.87,88.09
2019-08-06,68.76,89.02
2019-08-07,70.87,89.95
2019-08-08,71.88,91.46
2019-08-09,71.58,91.45
2019-08-12,71.63,91.1
2019-08-13,71.29,91.2
2019-08-14,71.44,89.72
2019-08-15,72.88,90.71
2019-08-16,73.2,91.5
2019-08-19,73.32,92.19
2019-08-20,72.52,91.5
2019-08-21,72.67,91.84
2019-08-22,72.66,92.35
2019-08-23,71.99,91.08
2019-08-26,72.93,91.75
2019-08-27,72.8,91.4
2019-08-28,72.82,91.61
2019-08-29,73.62,92.34
2019-08-30,73.39,92.46
2019-09-03,74.61,93.36
2019-09-04,75.02,94.09
2019-09-05,74.62,93.5
2019-09-06,75.23,93.68
2019-09-09,73.93,93.07
2019-09-10,71.96,92.08
2019-09-11,71.46,92.17
2019-09-12,71.17,92.62
2019-09-13,69.98,91.54
2019-09-16,70.86,92.48
2019-09-17,72.98,93.49
2019-09-18,72.51,93.16
2019-09-19,72.27,93.61
2019-09-20,72.21,93.57
2019-09-23,72.63,93.71
2019-09-24,72.46,92.93
2019-09-25,72.84,93.0
2019-09-26,73.73,93.76
2019-09-27,73.65,93.19
2019-09-30,73.03,93.54
2019-10-01,72.56,92.55
2019-10-02,72.91,92.19
2019-10-03,74.05,93.09
2019-10-04,74.56,93.59
2019-10-07,73.68,93.33
2019-10-08,73.15,92.85
2019-10-09,73.7,93.15
2019-10-10,73.13,93.33
2019-10-11,72.13,93.26
2019-10-14,72.65,93.28
2019-10-15,72.24,93.33
2019-10-16,71.8,93.4
2019-10-17,71.94,93.92
2019-10-18,72.86,94.67
2019-10-21,72.69,95.36
2019-10-22,71.99,95.05
2019-10-23,73.18,95.18
2019-10-24,72.47,95.06
2019-10-25,66.0,94.09
2019-10-28,64.64,93.58
2019-10-29,63.92,93.9
2019-10-30,64.9,94.42
2019-10-31,65.1,94.26
2019-11-01,64.03,94.19
2019-11-04,62.43,93.46
2019-11-05,60.46,91.94
2019-11-06,60.31,92.21
2019-11-07,60.0,91.33
2019-11-08,59.54,91.16
2019-11-11,59.1,91.37
2019-11-12,58.6,90.73
2019-11-13,58.77,91.47
2019-11-14,58.56,92.2
2019-11-15,58.3,92.69
2019-11-18,58.35,93.17
2019-11-19,58.65,93.29
2019-11-20,58.46,93.27
2019-11-21,57.49,91.99
2019-11-22,57.41,91.69
2019-11-25,57.64,92.05
2019-11-26,58.88,93.16
2019-11-27,58.71,93.46
2019-11-29,58.31,93.2
2019-12-02,57.88,91.82
2019-12-03,58.1,92.38
2019-12-04,58.03,92.74
2019-12-05,57.74,92.82
2019-12-06,57.47,92.98
2019-12-09,57.5,93.17
2019-12-10,56.67,92.61
2019-12-11,56.35,91.71
2019-12-12,55.15,90.51
2019-12-13,55.5,90.6
2019-12-16,56.27,90.29
2019-12-17,55.83,89.52
2019-12-18,56.03,90.68
2019-12-19,56.62,91.43
2019-12-20,57.45,92.0
2019-12-23,57.48,91.48
2019-12-24,57.37,91.73
2019-12-26,57.61,92.22
2019-12-27,57.83,92.47
2019-12-30,57.98,92.54
2019-12-31,57.74,93.08
2020-01-02,56.39,92.05
2020-01-03,57.07,92.71
2020-01-06,57.66,92.79
2020-01-07,57.18,91.85
2020-01-08,56.9,92.07
2020-01-09,56.57,92.12
2020-01-10,56.97,92.92
2020-01-13,57.39,93.91
2020-01-14,57.0,93.55
2020-01-15,57.7,94.38
2020-01-16,58.64,95.08
2020-01-17,58.81,95.19
2020-01-21,59.47,96.16
2020-01-22,58.28,95.61
2020-01-23,58.48,96.18
2020-01-24,58.83,95.96
2020-01-27,58.5,95.5
2020-01-28,58.45,95.91
2020-01-29,57.63,95.61
2020-01-30,57.94,95.73
2020-01-31,57.86,94.57
2020-02-03,57.92,94.86
2020-02-04,58.28,95.83
2020-02-05,58.53,95.85
2020-02-06,58.86,96.21
2020-02-07,58.94,96.17
2020-02-10,59.02,97.14
2020-02-11,58.36,97.93
2020-02-12,58.68,98.71
2020-02-13,58.55,99.38
2020-02-14,59.75,100.28
2020-02-18,59.79,100.21
2020-02-19,59.15,98.95
2020-02-20,62.4,100.02
2020-02-21,62.99,100.21
2020-02-24,63.05,98.87
2020-02-25,59.81,96.22
2020-02-26,59.49,95.21
2020-02-27,55.01,90.22
2020-02-28,53.77,87.4
2020-03-02,52.36,91.61
2020-03-03,52.15,91.62
2020-03-04,53.75,95.12
2020-03-05,51.79,93.05
2020-03-06,49.62,91.47
2020-03-09,44.92,84.69
2020-03-10,43.94,87.96
2020-03-11,37.96,82.84
2020-03-12,27.37,74.77
2020-03-13,33.33,81.15
2020-03-16,23.8,67.46
2020-03-17,21.02,70.63
2020-03-18,16.97,63.68
2020-03-19,19.98,63.71
2020-03-20,21.62,60.92
2020-03-23,23.0,57.84
2020-03-24,25.7,62.47
2020-03-25,28.4,65.27
2020-03-26,28.73,70.11
2020-03-27,30.39,70.2
2020-03-30,28.79,71.6
2020-03-31,26.8,69.57
2020-04-01,22.95,64.98
2020-04-02,23.01,65.26
2020-04-03,22.52,64.24
2020-04-06,26.14,69.06
2020-04-07,27.08,69.73
2020-04-08,30.15,74.72
2020-04-09,33.8,78.88
2020-04-13,32.56,75.67
2020-04-14,33.18,77.67
2020-04-15,30.52,74.73
2020-04-16,29.7,73.89
2020-04-17,31.29,76.09
2020-04-20,28.65,73.33
2020-04-21,27.93,71.99
2020-04-22,27.81,73.14
2020-04-23,28.12,72.47
2020-04-24,27.71,72.77
2020-04-27,28.48,75.07
2020-04-28,29.16,75.75
2020-04-29,32.66,76.91
2020-04-30,32.35,76.05
2020-05-01,30.33,73.47
2020-05-04,30.11,73.25
2020-05-05,29.89,73.6
2020-05-06,28.43,72.38
2020-05-07,27.08,73.34
2020-05-08,30.1,75.09
2020-05-11,29.04,74.03
2020-05-12,27.76,70.63
2020-05-13,26.79,68.96
2020-05-14,27.83,69.28
2020-05-15,27.97,68.96
2020-05-18,32.26,72.98
2020-05-19,32.43,72.16
2020-05-20,32.84,72.86
2020-05-21,32.93,72.76
2020-05-22,33.71,73.75
2020-05-26,35.54,76.44
2020-05-27,37.37,77.91
2020-05-28,36.76,78.23
2020-05-29,34.95,77.42
2020-06-01,35.5,79.21
2020-06-02,37.53,79.92
2020-06-03,40.58,82.32
2020-06-04,41.18,81.62
2020-06-05,43.27,84.59
2020-06-08,45.69,86.82
2020-06-09,43.53,85.42
2020-06-10,41.1,83.24
2020-06-11,36.86,77.98
2020-06-12,39.41,80.77
2020-06-15,39.91,81.16
2020-06-16,41.02,82.76
2020-06-17,39.67,81.64
2020-06-18,39.35,80.77
2020-06-19,35.8,79.75
2020-06-22,35.88,79.6
2020-06-23,35.46,79.36
2020-06-24,34.39,77.09
2020-06-25,35.58,78.04
2020-06-26,35.72,76.49
2020-06-29,36.7,77.92
2020-06-30,36.62,78.81
2020-07-01,38.32,80.58
2020-07-02,37.29,80.33
2020-07-06,37.26,80.34
2020-07-07,35.43,78.81
2020-07-08,35.39,78.73
2020-07-09,34.33,78.29
2020-07-10,35.86,78.51
2020-07-13,34.89,77.54
2020-07-14,35.17,78.13
2020-07-15,35.97,78.94
2020-07-16,35.24,78.08
2020-07-17,36.15,79.06
2020-07-20,34.27,78.12
2020-07-21,35.02,78.32
2020-07-22,36.33,79.52
2020-07-23,36.04,79.11
2020-07-24,35.77,78.51
2020-07-27,35.61,79.42
2020-07-28,37.37,80.84
2020-07-29,39.07,82.65
2020-07-30,38.53,82.23
2020-07-31,38.36,82.06
2020-08-03,37.71,80.99
2020-08-04,38.17,82.01
2020-08-05,38.36,81.7
2020-08-06,39.51,81.71
2020-08-07,41.52,82.82
2020-08-10,42.59,83.02
2020-08-11,41.52,81.82
2020-08-12,41.1,82.61
2020-08-13,39.89,81.67
2020-08-14,40.6,81.68
2020-08-17,41.08,82.32
2020-08-18,40.74,81.93
2020-08-19,40.37,80.46
2020-08-20,41.13,81.19
2020-08-21,41.64,81.31
2020-08-24,42.29,81.95
2020-08-25,41.47,82.15
2020-08-26,40.52,81.38
2020-08-27,41.7,82.54
2020-08-28,42.72,83.05
2020-08-31,41.21,82.25
2020-09-01,41.87,82.34
2020-09-02,43.94,83.84
2020-09-03,44.25,82.8
2020-09-04,44.56,82.42
2020-09-08,43.83,81.39
2020-09-09,44.24,82.13
2020-09-10,43.62,81.03
2020-09-11,43.81,80.58
2020-09-14,45.48,82.74
2020-09-15,45.33,83.7
2020-09-16,45.33,84.15
2020-09-17,44.1,82.57
2020-09-18,43.11,80.79
2020-09-21,40.84,78.54
2020-09-22,41.69,79.46
2020-09-23,39.58,76.71
2020-09-24,40.66,77.05
2020-09-25,41.67,78.61
2020-09-28,42.88,80.18
2020-09-29,42.58,79.58
2020-09-30,41.96,79.84
2020-10-01,43.49,81.38
2020-10-02,44.61,82.68
2020-10-05,44.11,83.14
2020-10-06,44.33,82.62
2020-10-07,43.98,82.71
2020-10-08,45.05,84.01
2020-10-09,44.67,83.65
2020-10-12,44.23,84.15
2020-10-13,43.76,82.8
2020-10-14,43.96,81.83
2020-10-15,43.56,82.17
2020-10-16,42.7,81.66
2020-10-19,41.27,80.34
2020-10-20,41.67,80.94
2020-10-21,41.15,80.62
2020-10-22,42.86,80.52
2020-10-23,42.24,81.01
2020-10-26,40.96,79.98
2020-10-27,39.95,78.8
2020-10-28,38.84,76.87
2020-10-29,39.9,78.04
2020-10-30,39.47,77.51
2020-11-02,40.97,79.46
2020-11-03,42.98,80.99
2020-11-04,41.67,81.16
2020-11-05,41.12,81.42
2020-11-06,39.64,80.96
2020-11-09,46.85,83.3
2020-11-10,48.39,84.23
2020-11-11,48.43,84.77
2020-11-12,47.75,83.75
2020-11-13,50.1,85.94
2020-11-16,51.0,86.64
2020-11-17,50.49,86.71
2020-11-18,48.21,85.15
2020-11-19,48.62,85.32
2020-11-20,48.72,84.92
2020-11-23,48.79,84.85
2020-11-24,50.34,85.09
2020-11-25,49.23,85.16
2020-11-27,47.9,84.9
2020-11-30,47.91,84.16
2020-12-01,48.02,85.12
2020-12-02,47.68,84.36
2020-12-03,48.82,84.99
2020-12-04,49.46,86.24
2020-12-07,49.09,85.57
2020-12-08,49.11,85.15
2020-12-09,49.53,84.5
2020-12-10,48.83,84.01
2020-12-11,49.05,84.05
2020-12-14,47.84,83.06
2020-12-15,49.95,84.66
2020-12-16,50.74,84.79
2020-12-17,51.49,85.62
2020-12-18,50.83,84.08
2020-12-21,48.83,83.54
2020-12-22,49.24,84.2
2020-12-23,48.99,83.63
2020-12-24,49.19,84.29
2020-12-28,49.36,85.06
2020-12-29,49.03,84.37
2020-12-30,48.86,84.75
2020-12-31,49.04,85.65
2021-01-04,46.88,82.74
2021-01-05,47.44,82.73
2021-01-06,48.37,82.69
2021-01-07,47.44,82.68
2021-01-08,47.14,83.48
2021-01-11,46.2,82.3
2021-01-12,46.7,82.27
2021-01-13,48.1,83.28
2021-01-14,48.47,83.64
2021-01-15,48.98,84.59
2021-01-19,47.77,84.36
2021-01-20,48.73,86.06
2021-01-21,48.58,85.8
2021-01-22,49.13,85.97
2021-01-25,47.91,86.61
2021-01-26,47.23,87.24
2021-01-27,46.1,85.79
2021-01-28,47.19,86.16
2021-01-29,46.07,85.28
2021-02-01,47.56,87.34
2021-02-02,47.28,87.81
2021-02-03,47.67,87.57
2021-02-04,48.43,88.07
2021-02-05,48.47,88.24
2021-02-08,48.15,88.48
2021-02-09,48.24,88.87
2021-02-10,49.64,89.44
2021-02-11,50.75,89.42
2021-02-12,50.72,89.54
2021-02-16,50.33,88.66
2021-02-17,50.64,88.54
2021-02-18,51.6,88.3
2021-02-19,52.39,88.71
2021-02-22,54.18,89.24
2021-02-23,54.62,89.74
2021-02-24,55.92,90.22
2021-02-25,53.99,88.7
2021-02-26,52.9,87.35
2021-03-01,52.75,87.57
2021-03-02,53.01,86.86
2021-03-03,53.19,86.1
2021-03-04,53.42,85.25
2021-03-05,55.14,86.33
2021-03-08,56.83,87.04
2021-03-09,56.49,87.59
2021-03-10,57.17,88.43
2021-03-11,56.23,89.38
2021-03-12,56.55,90.87
2021-03-15,56.74,92.12
2021-03-16,55.89,91.92
2021-03-17,57.14,91.96
2021-03-18,55.04,91.15
2021-03-19,54.48,90.04
2021-03-22,53.81,90.84
2021-03-23,53.76,90.85
2021-03-24,53.62,90.43
2021-03-25,53.58,90.73
2021-03-26,54.87,92.74
2021-03-29,54.15,92.39
2021-03-30,54.72,92.32
2021-03-31,53.34,91.94
2021-04-01,54.4,93.58
2021-04-05,53.69,93.95
2021-04-06,54.56,94.2
2021-04-07,54.5,94.2
2021-04-08,54.91,93.97
2021-04-09,54.74,93.96
2021-04-12,55.09,94.47
2021-04-13,55.2,95.04
2021-04-14,54.54,94.46
2021-04-15,55.64,96.13
2021-04-16,55.41,96.32
2021-04-19,54.8,96.55
2021-04-20,55.48,97.56
2021-04-21,55.71,98.01
2021-04-22,55.29,97.61
2021-04-23,54.77,98.2
2021-04-26,55.61,98.36
2021-04-27,55.65,98.39
2021-04-28,55.26,97.98
2021-04-29,55.8,98.78
2021-04-30,55.46,99.19
2021-05-03,55.94,99.03
2021-05-04,55.36,98.13
2021-05-05,53.31,96.71
2021-05-06,54.01,97.23
2021-05-07,54.77,98.59
2021-05-10,54.93,98.63
2021-05-11,53.61,97.51
2021-05-12,52.18,95.1
2021-05-13,53.63,96.26
2021-05-14,54.64,97.33
2021-05-17,54.27,97.42
2021-05-18,54.02,97.55
2021-05-19,54.13,97.28
2021-05-20,54.37,98.48
2021-05-21,54.15,98.31
2021-05-24,55.17,99.42
2021-05-25,55.4,99.51
2021-05-26,55.63,99.84
2021-05-27,55.15,99.5
2021-05-28,55.45,100.19
2021-06-01,57.1,101.77
2021-06-02,58.3,102.99
2021-06-03,56.89,102.79
2021-06-04,56.76,102.8
2021-06-07,57.14,103.81
2021-06-08,57.36,104.48
2021-06-09,57.7,104.71
2021-06-10,57.69,104.97
2021-06-11,58.09,104.45
2021-06-14,58.96,104.91
2021-06-15,58.44,103.81
2021-06-16,57.77,102.88
2021-06-17,57.81,103.04
2021-06-18,56.57,101.41
2021-06-21,57.62,103.47
2021-06-22,58.54,102.97
2021-06-23,59.24,102.7
2021-06-24,57.96,102.36
2021-06-25,58.31,103.23
2021-06-28,58.01,102.82
2021-06-29,57.87,102.52
2021-06-30,57.1,101.94
2021-07-01,57.21,102.34
2021-07-02,57.27,102.68
2021-07-06,57.74,103.46
2021-07-07,57.55,103.84
2021-07-08,57.57,103.88
2021-07-09,58.64,105.4
2021-07-12,59.45,106.17
2021-07-13,58.95,104.64
2021-07-14,59.67,105.49
2021-07-15,59.31,105.76
2021-07-16,59.62,105.78
2021-07-19,57.55,103.93
2021-07-20,60.08,106.27
2021-07-21,60.4,106.1
2021-07-22,60.13,105.31
2021-07-23,59.85,106.25
2021-07-26,59.75,106.18
2021-07-27,60.04,106.96
2021-07-28,59.54,106.45
2021-07-29,59.64,106.45
2021-07-30,59.78,106.72
2021-08-02,59.28,106.48
2021-08-03,59.48,106.69
2021-08-04,58.72,106.27
2021-08-05,59.98,107.34
2021-08-06,58.3,107.08
2021-08-09,57.42,106.5
2021-08-10,56.83,105.43
2021-08-11,56.91,106.03
2021-08-12,56.56,106.44
2021-08-13,57.09,107.05
2021-08-16,56.56,106.91
2021-08-17,56.22,106.92
2021-08-18,55.32,105.88
2021-08-19,54.57,106.46
2021-08-20,54.59,107.0
2021-08-23,54.23,106.76
2021-08-24,54.53,106.28
2021-08-25,55.13,106.27
2021-08-26,54.54,106.14
2021-08-27,55.29,107.17
2021-08-30,55.43,108.28
2021-08-31,55.94,108.79
2021-09-01,56.54,110.75
2021-09-02,56.68,111.24
2021-09-03,56.31,111.27
2021-09-07,55.81,110.03
2021-09-08,56.31,110.64
2021-09-09,56.2,108.49
2021-09-10,56.19,107.05
2021-09-13,57.65,107.48
2021-09-14,57.39,107.21
2021-09-15,57.12,107.61
2021-09-16,57.68,107.81
2021-09-17,57.1,106.79
2021-09-20,56.5,106.23
2021-09-21,56.36,106.23
2021-09-22,56.21,107.27
2021-09-23,56.48,106.9
2021-09-24,55.38,105.39
2021-09-27,55.62,103.96
2021-09-28,55.36,103.22
2021-09-29,56.41,104.01
2021-09-30,55.21,102.39
2021-10-01,56.08,103.83
2021-10-04,56.29,103.62
2021-10-05,54.2,103.03
2021-10-06,54.46,104.05
2021-10-07,54.71,104.24
2021-10-08,54.58,103.33
2021-10-11,54.63,103.61
2021-10-12,54.9,105.02
2021-10-13,55.1,105.76
2021-10-14,55.93,107.19
2021-10-15,55.97,107.17
2021-10-18,55.73,107.42
2021-10-19,55.9,107.66
2021-10-20,56.9,109.26
2021-10-21,56.18,109.43
2021-10-22,55.05,110.02
2021-10-25,54.52,110.37
2021-10-26,54.43,110.7
2021-10-27,54.92,109.69
2021-10-28,55.52,110.96
2021-10-29,53.37,109.84
2021-11-01,55.04,110.04
2021-11-02,54.54,110.47
2021-11-03,54.85,110.69
2021-11-04,52.79,109.72
2021-11-05,53.98,110.24
2021-11-08,52.5,110.02
2021-11-09,52.82,110.26
2021-11-10,54.75,109.76
2021-11-11,54.87,109.99
2021-11-12,54.56,110.04
2021-11-15,54.37,110.69
2021-11-16,53.98,110.04
2021-11-17,53.98,110.43
2021-11-18,53.29,110.38
2021-11-19,51.35,109.88
2021-11-22,50.31,109.14
2021-11-23,51.04,110.02
2021-11-24,51.33,111.35
2021-11-26,49.5,108.27
2021-11-29,49.12,109.41
2021-11-30,46.92,107.19
2021-12-01,45.69,105.54
2021-12-02,47.0,108.75
2021-12-03,47.16,108.26
2021-12-06,48.63,110.0
2021-12-07,49.42,111.65
2021-12-08,50.5,112.34
2021-12-09,49.75,110.91
2021-12-10,48.37,111.18
2021-12-13,48.35,111.25
2021-12-14,47.72,109.89
2021-12-15,48.88,111.4
2021-12-16,49.14,111.43
2021-12-17,49.5,111.21
2021-12-20,48.11,110.32
2021-12-21,49.22,111.43
2021-12-22,49.08,112.51
2021-12-23,49.2,112.41
2021-12-27,49.87,114.29
2021-12-28,50.12,114.68
2021-12-29,50.67,115.43
2021-12-30,51.36,115.95
2021-12-31,51.12,116.14
2022-01-03,51.93,115.26
2022-01-04,53.28,115.04
2022-01-05,52.84,111.63
2022-01-06,53.28,111.61
2022-01-07,53.62,110.86
2022-01-10,53.12,110.3
2022-01-11,52.14,110.58
2022-01-12,51.83,110.69
2022-01-13,52.91,110.34
2022-01-14,52.93,109.29
2022-01-18,52.31,108.31
2022-01-19,50.77,106.95
2022-01-20,51.34,105.62
2022-01-21,52.48,105.37
2022-01-24,51.72,105.54
2022-01-25,51.94,105.06
2022-01-26,51.3,103.36
2022-01-27,51.04,101.81
2022-01-28,51.48,104.98
2022-01-31,53.02,106.58
2022-02-01,52.41,105.99
2022-02-02,52.24,107.46
2022-02-03,51.23,106.11
2022-02-04,50.03,105.13
2022-02-07,50.6,104.95
2022-02-08,50.41,104.4
2022-02-09,51.93,106.79
2022-02-10,51.3,104.12
2022-02-11,50.74,103.04
2022-02-14,50.06,102.08
2022-02-15,50.91,102.86
2022-02-16,52.42,103.2
2022-02-17,51.93,102.04
2022-02-18,52.94,101.51
2022-02-22,52.9,100.99
2022-02-23,51.31,99.21
2022-02-24,52.0,100.97
2022-02-25,54.2,103.4
2022-02-28,54.0,101.69
2022-03-01,53.44,101.43
2022-03-02,56.12,103.18
2022-03-03,56.45,104.03
2022-03-04,55.96,104.54
2022-03-07,55.92,102.4
2022-03-08,57.86,101.83
2022-03-09,57.81,103.46
2022-03-10,58.86,103.71
2022-03-11,58.5,102.84
2022-03-14,57.81,102.11
2022-03-15,58.22,102.82
2022-03-16,58.54,104.11
2022-03-17,59.25,105.63
2022-03-18,59.46,105.83
2022-03-21,59.42,105.27
2022-03-22,60.23,105.56
2022-03-23,60.14,104.42
2022-03-24,61.35,104.65
2022-03-25,62.8,105.87
2022-03-28,62.47,107.07
2022-03-29,63.64,110.12
2022-03-30,62.83,109.37
2022-03-31,61.76,108.22
2022-04-01,62.84,110.03
2022-04-04,62.86,109.63
2022-04-05,61.6,109.27
2022-04-06,62.1,110.55
2022-04-07,61.35,109.72
2022-04-08,61.04,109.85
2022-04-11,60.82,108.63
2022-04-12,60.99,108.39
2022-04-13,61.21,109.03
2022-04-14,60.67,108.5
2022-04-18,60.35,108.11
2022-04-19,60.56,110.38
2022-04-20,60.75,112.38
2022-04-21,60.02,111.49
2022-04-22,58.49,109.56
2022-04-25,58.22,109.19
2022-04-26,57.9,107.41
2022-04-27,57.25,106.77
2022-04-28,57.65,108.76
2022-04-29,55.55,103.75
2022-05-02,55.68,101.19
2022-05-03,57.87,102.71
2022-05-04,57.75,103.84
2022-05-05,57.0,101.13
2022-05-06,56.97,99.83
2022-05-09,55.63,95.6
2022-05-10,52.6,93.75
2022-05-11,52.96,93.55
2022-05-12,53.59,94.22
2022-05-13,55.01,96.77
2022-05-16,55.57,96.13
2022-05-17,56.67,97.2
2022-05-18,56.31,94.39
2022-05-19,56.09,94.16
2022-05-20,56.52,94.88
2022-05-23,55.95,96.04
2022-05-24,56.21,96.96
2022-05-25,57.48,97.65
2022-05-26,56.38,97.74
2022-05-27,57.4,100.36
2022-05-31,56.74,99.14
2022-06-01,56.53,98.26
2022-06-02,56.57,99.68
2022-06-03,56.17,98.35
2022-06-06,55.47,98.01
2022-06-07,56.71,99.32
2022-06-08,54.71,97.04
2022-06-09,53.32,94.55
2022-06-10,52.63,92.47
2022-06-13,49.15,87.91
2022-06-14,48.43,87.22
2022-06-15,50.24,89.19
2022-06-16,48.87,86.95
2022-06-17,48.98,87.66
2022-06-21,48.55,89.03
2022-06-22,49.75,90.31
2022-06-23,49.94,92.08
2022-06-24,51.23,94.04
2022-06-27,51.57,93.83
2022-06-28,51.11,92.72
2022-06-29,51.56,92.16
2022-06-30,51.43,91.98
2022-07-01,52.74,93.71
2022-07-05,51.79,93.32
2022-07-06,51.05,93.31
2022-07-07,50.76,93.47
2022-07-08,50.77,93.01
2022-07-11,50.8,92.83
2022-07-12,51.36,92.36
2022-07-13,50.25,91.97
2022-07-14,49.89,91.07
2022-07-15,50.74,92.62
2022-07-18,50.35,91.87
2022-07-19,51.49,94.24
2022-07-20,51.51,93.96
2022-07-21,51.29,94.78
2022-07-22,51.78,95.35
2022-07-25,52.43,95.49
2022-07-26,52.65,95.55
2022-07-27,52.33,96.35
2022-07-28,53.32,99.55
2022-07-29,53.78,100.13
2022-08-01,53.29,99.29
2022-08-02,52.16,98.01
2022-08-03,51.56,98.32
2022-08-04,50.87,98.27
2022-08-05,48.95,98.55
2022-08-08,49.67,99.34
2022-08-09,50.56,99.93
2022-08-10,51.5,101.42
2022-08-11,51.55,101.07
2022-08-12,52.46,102.69
2022-08-15,50.9,103.19
2022-08-16,50.61,102.81
2022-08-17,50.51,102.38
2022-08-18,49.02,101.59
2022-08-19,48.91,100.66
2022-08-22,49.18,98.56
2022-08-23,48.16,97.25
2022-08-24,48.24,97.83
2022-08-25,49.03,99.34
2022-08-26,48.3,96.9
2022-08-29,48.4,96.04
2022-08-30,47.55,94.64
2022-08-31,47.86,94.26
2022-09-01,48.2,94.43
2022-09-02,47.35,93.21
2022-09-06,48.06,94.28
2022-09-07,48.96,96.12
2022-09-08,48.51,96.4
2022-09-09,49.6,97.32
2022-09-12,50.49,98.16
2022-09-13,49.02,94.53
2022-09-14,48.42,93.29
2022-09-15,47.34,91.58
2022-09-16,48.0,91.51
2022-09-19,47.49,91.39
2022-09-20,46.41,89.16
2022-09-21,45.52,87.81
2022-09-22,44.55,86.94
2022-09-23,43.43,85.8
2022-09-26,41.51,82.61
2022-09-27,40.41,81.43
2022-09-28,41.25,83.01
2022-09-29,39.65,80.64
2022-09-30,40.17,81.42
2022-10-03,40.61,82.94
2022-10-04,40.85,84.55
2022-10-05,39.86,82.86
2022-10-06,38.33,80.52
2022-10-07,37.72,78.63
2022-10-10,36.62,77.75
2022-10-11,36.99,78.61
2022-10-12,36.54,77.72
2022-10-13,37.3,78.99
2022-10-14,36.04,76.97
2022-10-17,37.52,79.81
2022-10-18,38.11,80.71
2022-10-19,37.12,78.7
2022-10-20,37.44,78.33
2022-10-21,37.13,78.87
2022-10-24,37.14,78.81
2022-10-25,39.12,81.95
2022-10-26,38.69,82.11
2022-10-27,38.71,82.26
2022-10-28,39.69,84.09
2022-10-31,39.13,83.99
2022-11-01,38.41,83.83
2022-11-02,37.37,81.58
2022-11-03,37.0,81.52
2022-11-04,39.49,82.65
2022-11-07,40.61,82.7
2022-11-08,42.22,83.08
2022-11-09,41.75,82.26
2022-11-10,44.86,88.25
2022-11-11,45.31,88.04
2022-11-14,44.77,86.02
2022-11-15,44.93,87.01
2022-11-16,43.74,86.22
2022-11-17,43.35,85.53
2022-11-18,44.07,86.59
2022-11-21,44.08,87.06
2022-11-22,44.68,87.5
2022-11-23,44.92,87.62
2022-11-25,45.49,88.2
2022-11-28,44.18,85.77
2022-11-29,45.4,87.2
2022-11-30,46.53,89.17
2022-12-01,46.37,89.06
2022-12-02,46.24,88.78
2022-12-05,45.46,87.19
2022-12-06,45.03,86.37
2022-12-07,43.82,86.54
2022-12-08,45.14,87.2
2022-12-09,45.43,87.09
2022-12-12,45.87,87.73
2022-12-13,46.29,88.57
2022-12-14,46.47,87.97
2022-12-15,46.28,86.71
2022-12-16,44.65,84.52
2022-12-19,44.55,83.52
2022-12-20,44.66,83.29
2022-12-21,44.84,84.15
2022-12-22,45.26,83.81
2022-12-23,45.49,84.53
2022-12-27,45.82,84.47
2022-12-28,44.81,83.04
2022-12-29,45.56,84.89
2022-12-30,45.05,84.19
2023-01-03,45.37,84.34
2023-01-04,47.03,86.15
2023-01-05,46.76,83.85
2023-01-06,47.82,86.21
2023-01-09,47.81,86.21
2023-01-10,47.79,86.4
2023-01-11,49.08,89.54
2023-01-12,49.76,90.51
2023-01-13,48.99,90.01
2023-01-17,49.09,90.1
2023-01-18,48.81,88.85
2023-01-19,48.36,88.37
2023-01-20,49.28,89.47
2023-01-23,50.69,89.8
2023-01-24,51.0,90.07
2023-01-25,50.81,89.97
2023-01-26,50.75,90.97
2023-01-27,51.62,91.9
2023-01-30,51.28,90.8
2023-01-31,51.81,92.59
2023-02-01,51.66,93.19
2023-02-02,53.0,95.24
2023-02-03,52.6,93.31
2023-02-06,51.87,92.74
2023-02-07,51.5,92.58
2023-02-08,51.88,92.19
2023-02-09,50.55,91.12
2023-02-10,50.99,91.41
2023-02-13,51.21,92.28
2023-02-14,50.84,91.47
2023-02-15,50.53,91.87
2023-02-16,50.9,91.08
2023-02-17,50.46,90.66
2023-02-21,49.98,88.86
2023-02-22,49.54,87.95
2023-02-23,50.5,88.49
2023-02-24,49.69,86.98
2023-02-27,49.33,87.16
2023-02-28,48.65,87.07
2023-03-01,47.54,85.88
2023-03-02,47.88,86.9
2023-03-03,48.51,88.32
2023-03-06,48.88,87.97
2023-03-07,47.5,85.9
2023-03-08,47.99,86.91
2023-03-09,46.6,84.89
2023-03-10,44.66,82.1
2023-03-13,44.92,83.24
2023-03-14,46.14,84.07
2023-03-15,46.15,83.92
2023-03-16,46.03,83.94
2023-03-17,44.24,82.06
2023-03-20,44.21,82.99
2023-03-21,43.9,82.52
2023-03-22,41.85,79.65
2023-03-23,41.69,78.73
2023-03-24,42.37,80.69
2023-03-27,42.91,80.58
2023-03-28,43.06,80.32
2023-03-29,43.98,82.12
2023-03-30,44.46,83.15
2023-03-31,43.35,84.9
2023-04-03,42.66,84.23
2023-04-04,42.26,84.17
2023-04-05,41.97,83.71
2023-04-06,42.63,84.22
2023-04-10,43.88,84.63
2023-04-11,44.34,85.08
2023-04-12,44.29,84.66
2023-04-13,43.74,84.42
2023-04-14,43.49,83.06
2023-04-17,44.41,84.86
2023-04-18,44.31,84.7
2023-04-19,44.73,85.12
2023-04-20,44.58,84.25
2023-04-21,45.18,84.42
2023-04-24,45.58,84.18
2023-04-25,46.36,83.29
2023-04-26,45.82,82.64
2023-04-27,47.14,84.67
2023-04-28,48.05,85.68
2023-05-01,47.67,84.92
2023-05-02,47.18,83.47
2023-05-03,47.59,83.07
2023-05-04,47.77,83.75
2023-05-05,47.85,85.14
2023-05-08,47.44,84.66
2023-05-09,46.86,84.27
2023-05-10,47.04,85.08
2023-05-11,46.7,84.15
2023-05-12,46.49,84.17
2023-05-15,47.18,84.03
2023-05-16,45.63,81.98
2023-05-17,45.84,83.04
2023-05-18,45.05,82.67
2023-05-19,44.77,82.56
2023-05-22,44.41,83.08
2023-05-23,44.5,82.19
2023-05-24,42.86,80.51
2023-05-25,42.81,80.52
2023-05-26,42.88,81.45
2023-05-30,43.15,81.8
2023-05-31,43.14,82.23
2023-06-01,43.53,82.28
2023-06-02,45.29,84.12
2023-06-05,44.66,83.56
2023-06-06,45.33,84.28
2023-06-07,46.39,85.2
2023-06-08,44.74,84.76
2023-06-09,45.72,84.24
2023-06-12,46.07,84.34
2023-06-13,45.91,84.96
2023-06-14,46.32,85.39
2023-06-15,46.13,85.84
2023-06-16,46.08,85.81
2023-06-20,45.42,84.91
2023-06-21,44.96,84.54
2023-06-22,44.49,83.3
2023-06-23,44.47,82.24
2023-06-26,45.87,84.11
2023-06-27,46.96,85.12
2023-06-28,46.58,85.25
2023-06-29,47.62,86.11
2023-06-30,47.27,86.54
2023-07-03,48.26,87.28
2023-07-05,48.78,87.58
2023-07-06,48.18,86.88
2023-07-07,47.9,86.65
2023-07-10,47.97,87.01
2023-07-11,48.79,88.18
2023-07-12,48.31,88.66
2023-07-13,48.52,89.28
2023-07-14,48.07,89.15
2023-07-17,47.91,88.55
2023-07-18,47.6,88.03
2023-07-19,48.21,89.0
2023-07-20,49.69,88.73
2023-07-21,49.53,89.14
2023-07-24,49.68,89.86
2023-07-25,49.29,89.23
2023-07-26,48.87,89.69
2023-07-27,48.0,87.72
2023-07-28,48.13,87.55
2023-07-31,48.52,88.05
2023-08-01,48.57,87.88
2023-08-02,48.48,87.37
2023-08-03,48.22,86.41
2023-08-04,44.93,85.75
2023-08-07,45.59,86.79
2023-08-08,45.49,86.21
2023-08-09,44.51,86.25
2023-08-10,43.56,85.92
2023-08-11,42.81,86.09
2023-08-14,42.8,85.49
2023-08-15,42.08,84.47
2023-08-16,41.6,83.51
2023-08-17,42.0,82.93
2023-08-18,41.96,83.13
2023-08-21,41.64,82.4
2023-08-22,41.94,82.67
2023-08-23,43.28,84.0
2023-08-24,43.3,83.64
2023-08-25,43.06,83.79
2023-08-28,43.38,84.49
2023-08-29,43.55,85.51
2023-08-30,43.92,85.83
2023-08-31,43.68,85.34
2023-09-01,43.08,85.39
2023-09-05,42.25,84.33
2023-09-06,42.64,84.16
2023-09-07,42.59,84.71
2023-09-08,42.38,84.28
2023-09-11,43.02,84.28
2023-09-12,43.29,84.38
2023-09-13,42.83,83.48
2023-09-14,44.37,85.03
2023-09-15,44.62,84.58
2023-09-18,43.69,83.92
2023-09-19,43.45,83.54
2023-09-20,43.98,83.63
2023-09-21,42.92,80.68
2023-09-22,42.56,80.19
2023-09-25,42.45,80.04
2023-09-26,41.7,77.68
2023-09-27,41.41,77.12
2023-09-28,42.2,77.88
2023-09-29,42.13,78.14
2023-10-02,41.34,76.7
2023-10-03,40.11,75.21
2023-10-04,40.61,76.03
2023-10-05,40.76,76.61
2023-10-06,39.65,76.77
2023-10-09,40.71,77.75
2023-10-10,41.94,78.0
2023-10-11,43.11,79.44
2023-10-12,42.77,78.2
2023-10-13,43.43,78.12
2023-10-16,43.58,79.02
2023-10-17,43.63,78.8
2023-10-18,43.17,77.08
2023-10-19,41.83,75.24
2023-10-20,41.83,74.75
2023-10-23,41.44,74.04
2023-10-24,42.38,74.92
2023-10-25,41.32,73.28
2023-10-26,42.09,74.73
2023-10-27,41.65,73.62
2023-10-30,41.55,73.96
2023-10-31,42.46,75.33
2023-11-01,42.78,75.84
2023-11-02,43.97,78.23
2023-11-03,44.08,80.03
2023-11-06,44.28,78.97
2023-11-07,43.78,78.28
2023-11-08,44.02,78.66
2023-11-09,42.08,77.42
2023-11-10,42.56,78.19
2023-11-13,42.74,77.55
2023-11-14,44.51,81.72
2023-11-15,44.46,81.95
2023-11-16,44.65,81.86
2023-11-17,44.54,81.7
2023-11-20,44.96,82.34
2023-11-21,44.52,81.94
2023-11-22,44.7,82.25
2023-11-24,45.11,82.55
2023-11-27,45.29,82.85
2023-11-28,45.55,83.34
2023-11-29,45.41,83.95
2023-11-30,45.84,84.59
2023-12-01,46.76,86.57
2023-12-04,47.18,87.09
2023-12-05,46.94,86.56
2023-12-06,46.06,86.18
2023-12-07,46.22,86.47
2023-12-08,46.72,86.29
2023-12-11,46.92,86.49
2023-12-12,46.73,86.55
2023-12-13,48.4,89.78
2023-12-14,50.53,92.26
2023-12-15,49.35,91.11
2023-12-18,49.21,90.97
2023-12-19,49.77,91.58
2023-12-20,48.41,89.63
2023-12-21,49.4,90.48
2023-12-22,49.9,90.78
2023-12-26,50.48,91.47
2023-12-27,50.75,91.95
2023-12-28,50.95,92.46
2023-12-29,49.84,91.41
