date,VZ,XLK
2010-01-04,33.28,23.27
2010-01-05,33.34,23.24
2010-01-06,31.92,22.98
2010-01-07,31.73,22.89
2010-01-08,31.75,23.04
2010-01-11,31.88,22.95
2010-01-12,31.91,22.7
2010-01-13,31.87,22.92
2010-01-14,31.22,22.98
2010-01-15,30.58,22.66
2010-01-19,31.23,23.05
2010-01-20,30.71,22.68
2010-01-21,30.63,22.44
2010-01-22,30.34,21.66
2010-01-25,30.68,21.84
2010-01-26,30.17,21.78
2010-01-27,29.87,21.96
2010-01-28,29.33,21.33
2010-01-29,29.42,20.959
2010-02-01,29.61,21.2
2010-02-02,29.73,21.41
2010-02-03,29.19,21.46
2010-02-04,28.63,20.86
2010-02-05,28.74,21.07
2010-02-08,28.37,20.98
2010-02-09,28.75,21.16
2010-02-10,28.87,21.1
2010-02-11,29.04,21.32
2010-02-12,28.93,21.36
2010-02-16,29.18,21.68
2010-02-17,29.14,21.74
2010-02-18,29.15,21.88
2010-02-19,29.02,21.82
2010-02-22,29.0,21.78
2010-02-23,28.74,21.51
2010-02-24,28.96,21.72
2010-02-25,28.88,21.66
2010-02-26,28.93,21.69
2010-03-01,28.99,21.97
2010-03-02,29.26,21.94
2010-03-03,29.13,21.95
2010-03-04,29.27,22.04
2010-03-05,29.23,22.31
2010-03-08,29.63,22.43
2010-03-09,29.91,22.53
2010-03-10,29.75,22.68
2010-03-11,29.84,22.77
2010-03-12,29.73,22.75
2010-03-15,29.86,22.73
2010-03-16,29.93,22.9
2010-03-17,30.15,22.97
2010-03-18,30.3,23.0
2010-03-19,30.41,22.79
2010-03-22,30.65,22.96
2010-03-23,30.98,23.18
2010-03-24,30.46,23.07
2010-03-25,30.31,23.11
2010-03-26,30.37,23.0
2010-03-29,30.45,23.07
2010-03-30,31.23,23.17
2010-03-31,31.02,23.1
2010-04-01,31.28,23.06
2010-04-05,31.46,23.33
2010-04-06,31.2,23.35
2010-04-07,30.24,23.26
2010-04-08,30.16,23.3
2010-04-09,30.08,23.48
2010-04-12,29.94,23.53
2010-04-13,30.07,23.6
2010-04-14,29.85,23.94
2010-04-15,29.54,24.05
2010-04-16,29.58,23.73
2010-04-19,29.73,23.78
2010-04-20,29.76,23.91
2010-04-21,29.56,23.96
2010-04-22,29.28,24.02
2010-04-23,29.05,24.08
2010-04-26,28.94,24.05
2010-04-27,28.75,23.58
2010-04-28,29.12,23.65
2010-04-29,29.22,23.89
2010-04-30,28.9,23.389
2010-05-03,29.29,23.71
2010-05-04,28.75,23.03
2010-05-05,28.68,22.93
2010-05-06,28.01,22.24
2010-05-07,28.19,21.75
2010-05-10,28.61,22.75
2010-05-11,28.4,22.6
2010-05-12,28.7,23.19
2010-05-13,28.69,22.85
2010-05-14,28.51,22.41
2010-05-17,28.66,22.52
2010-05-18,28.42,22.18
2010-05-19,28.51,22.01
2010-05-20,27.76,21.31
2010-05-21,27.96,21.47
2010-05-24,27.49,21.37
2010-05-25,27.4,21.31
2010-05-26,26.93,21.1
2010-05-27,27.58,21.82
2010-05-28,27.52,21.64
2010-06-01,27.21,21.43
2010-06-02,27.59,21.91
2010-06-03,27.64,22.13
2010-06-04,27.21,21.42
2010-06-07,27.08,21.11
2010-06-08,27.68,21.15
2010-06-09,27.78,21.04
2010-06-10,28.34,21.55
2010-06-11,28.56,21.74
2010-06-14,28.63,21.7
2010-06-15,29.11,22.27
2010-06-16,29.18,22.33
2010-06-17,29.09,22.41
2010-06-18,29.13,22.33
2010-06-21,29.06,22.17
2010-06-22,29.06,21.98
2010-06-23,29.33,21.94
2010-06-24,28.96,21.5
2010-06-25,28.55,21.475
2010-06-28,28.71,21.52
2010-06-29,28.62,20.72
2010-06-30,28.02,20.4
2010-07-01,28.13,20.32
2010-07-02,26.81,20.29
2010-07-06,26.61,20.49
2010-07-07,26.52,21.15
2010-07-08,26.78,21.28
2010-07-09,26.65,21.39
2010-07-12,26.49,21.49
2010-07-13,26.89,21.8
2010-07-14,26.84,21.93
2010-07-15,26.8,22.0
2010-07-16,26.69,21.3725
2010-07-19,26.72,21.58
2010-07-20,26.67,21.72
2010-07-21,26.52,21.46
2010-07-22,27.0,22.04
2010-07-23,28.02,22.19
2010-07-26,28.28,22.32
2010-07-27,28.59,22.39
2010-07-28,28.91,22.21
2010-07-29,28.88,22.01
2010-07-30,29.06,21.92
2010-08-02,29.56,22.38
2010-08-03,29.54,22.26
2010-08-04,29.4,22.44
2010-08-05,29.55,22.34
2010-08-06,29.55,22.28
2010-08-09,29.86,22.43
2010-08-10,30.02,22.2
2010-08-11,29.56,21.67
2010-08-12,30.32,21.37
2010-08-13,30.03,21.27
2010-08-16,29.96,21.31
2010-08-17,30.17,21.54
2010-08-18,30.15,21.66
2010-08-19,29.62,21.4
2010-08-20,29.37,21.35
2010-08-23,29.41,21.16
2010-08-24,29.47,20.87
2010-08-25,29.66,21.0
2010-08-26,29.5,20.79
2010-08-27,29.84,21.04
2010-08-30,29.44,20.76
2010-08-31,29.53,20.69
2010-09-01,30.26,21.22
2010-09-02,30.11,21.41
2010-09-03,30.2,21.73
2010-09-07,30.22,21.55
2010-09-08,30.46,21.67
2010-09-09,30.84,21.73
2010-09-10,30.82,21.74
2010-09-13,30.9,22.13
2010-09-14,30.91,22.22
2010-09-15,31.19,22.36
2010-09-16,31.42,22.49
2010-09-17,31.68,22.53
2010-09-20,32.09,22.86
2010-09-21,32.32,22.82
2010-09-22,32.39,22.71
2010-09-23,32.17,22.68
2010-09-24,32.64,23.12
2010-09-27,32.86,23.13
2010-09-28,32.72,23.16
2010-09-29,32.66,23.11
2010-09-30,32.59,23.02
2010-10-01,32.89,23.03
2010-10-04,33.03,22.84
2010-10-05,33.57,23.29
2010-10-06,33.36,23.18
2010-10-07,32.93,23.18
2010-10-08,32.83,23.31
2010-10-11,33.03,23.35
2010-10-12,32.54,23.49
2010-10-13,32.21,23.68
2010-10-14,32.44,23.69
2010-10-15,32.43,24.09
2010-10-18,32.59,24.25
2010-10-19,32.16,23.82
2010-10-20,32.64,24.02
2010-10-21,32.52,24.04
2010-10-22,32.09,24.11
2010-10-25,32.35,24.18
2010-10-26,32.5,24.24
2010-10-27,32.51,24.31
2010-10-28,32.41,24.31
2010-10-29,32.48,24.35
2010-11-01,32.4,24.37
2010-11-02,32.8,24.61
2010-11-03,32.99,24.75
2010-11-04,33.52,25.12
2010-11-05,33.43,25.1
2010-11-08,33.17,25.12
2010-11-09,33.01,25.05
2010-11-10,32.85,25.07
2010-11-11,32.63,24.685
2010-11-12,32.56,24.34
2010-11-15,32.77,24.27
2010-11-16,32.19,23.83
2010-11-17,32.34,23.84
2010-11-18,32.65,24.24
2010-11-19,32.59,24.31
2010-11-22,32.5,24.45
2010-11-23,32.39,24.09
2010-11-24,32.35,24.49
2010-11-26,32.27,24.25
2010-11-29,31.9,24.19
2010-11-30,32.01,23.95
2010-12-01,32.35,24.46
2010-12-02,32.74,24.75
2010-12-03,32.9,24.805
2010-12-06,32.89,24.81
2010-12-07,32.95,24.84
2010-12-08,32.98,25.05
2010-12-09,33.56,25.07
2010-12-10,34.04,25.185
2010-12-13,34.11,25.14
2010-12-14,34.67,25.18
2010-12-15,34.63,25.08
2010-12-16,34.76,25.12
2010-12-17,34.64,25.08
2010-12-20,34.74,25.1
2010-12-21,34.94,25.25
2010-12-22,35.18,25.22
2010-12-23,35.44,25.21
2010-12-27,35.5,25.26
2010-12-28,35.62,25.23
2010-12-29,35.58,25.28
2010-12-30,35.56,25.22
2010-12-31,35.78,25.19
2011-01-03,36.43,25.47
2011-01-04,37.16,25.57
2011-01-05,37.67,25.72
2011-01-06,36.23,25.87
2011-01-07,35.93,25.75
2011-01-10,35.92,25.7725
2011-01-11,35.36,25.73
2011-01-12,35.47,25.96
2011-01-13,35.8,25.94
2011-01-14,35.46,26.17
2011-01-18,34.36,26.1975
2011-01-19,34.6,26.01
2011-01-20,34.61,25.87
2011-01-21,34.95,25.72
2011-01-24,35.24,26.08
2011-01-25,35.79,26.2
2011-01-26,36.4,26.35
2011-01-27,36.49,26.44
2011-01-28,35.63,25.83
2011-01-31,35.62,25.99
2011-02-01,36.27,26.43
2011-02-02,36.16,26.4775
2011-02-03,36.38,26.52
2011-02-04,36.31,26.69
2011-02-07,36.02,26.8225
2011-02-08,36.34,26.9325
2011-02-09,36.68,26.88
2011-02-10,36.42,26.76
2011-02-11,36.39,26.9025
2011-02-14,35.9,26.94
2011-02-15,36.46,26.84
2011-02-16,36.17,26.9875
2011-02-17,36.37,27.04
2011-02-18,36.62,27.0
2011-02-22,36.0,26.34
2011-02-23,35.81,26.03
2011-02-24,35.58,26.12
2011-02-25,35.97,26.45
2011-02-28,36.92,26.56
2011-03-01,36.02,26.05
2011-03-02,36.34,26.21
2011-03-03,36.36,26.63
2011-03-04,36.08,26.415
2011-03-07,36.01,26.08
2011-03-08,36.48,26.2975
2011-03-09,36.65,26.19
2011-03-10,36.4,25.7
2011-03-11,35.85,25.8
2011-03-14,35.18,25.68
2011-03-15,34.87,25.3
2011-03-16,34.3,24.6825
2011-03-17,35.33,24.94
2011-03-18,35.84,24.9
2011-03-21,36.46,25.3225
2011-03-22,36.95,25.28
2011-03-23,36.98,25.42
2011-03-24,37.18,25.8175
2011-03-25,37.29,25.88
2011-03-28,37.75,25.82
2011-03-29,38.29,26.0
2011-03-30,38.46,26.11
2011-03-31,38.54,26.0625
2011-04-01,38.47,26.01
2011-04-04,38.61,25.92
2011-04-05,38.38,25.88
2011-04-06,37.85,26.07
2011-04-07,37.76,26.08
2011-04-08,37.72,25.93
2011-04-11,37.85,25.89
2011-04-12,37.64,25.68
2011-04-13,37.69,25.84
2011-04-14,37.71,25.79
2011-04-15,37.85,25.74
2011-04-18,37.31,25.51
2011-04-19,37.24,25.58
2011-04-20,37.79,26.119
2011-04-21,36.91,26.35
2011-04-25,36.99,26.37
2011-04-26,37.63,26.59
2011-04-27,38.25,26.75
2011-04-28,38.27,26.76
2011-04-29,37.78,26.74
2011-05-02,37.56,26.64
2011-05-03,37.8,26.65
2011-05-04,37.67,26.57
2011-05-05,37.12,26.43
2011-05-06,37.28,26.48
2011-05-09,37.24,26.59
2011-05-10,37.57,26.83
2011-05-11,37.26,26.59
2011-05-12,37.43,26.79
2011-05-13,37.26,26.46
2011-05-16,36.97,26.08
2011-05-17,37.11,26.08
2011-05-18,37.09,26.27
2011-05-19,37.32,26.32
2011-05-20,37.15,26.169
2011-05-23,36.85,25.8
2011-05-24,36.9,25.72
2011-05-25,36.4,25.8
2011-05-26,36.61,25.97
2011-05-27,36.67,26.1
2011-05-31,36.93,26.46
2011-06-01,36.27,25.91
2011-06-02,36.17,25.93
2011-06-03,35.63,25.54
2011-06-06,35.21,25.35
2011-06-07,35.38,25.27
2011-06-08,35.9,25.1
2011-06-09,35.67,25.12
2011-06-10,35.19,24.77
2011-06-13,35.63,24.79
2011-06-14,35.58,25.1
2011-06-15,35.12,24.63
2011-06-16,35.24,24.57
2011-06-17,35.51,24.445
2011-06-20,35.65,24.5425
2011-06-21,35.99,24.98
2011-06-22,35.94,24.8
2011-06-23,36.05,24.97
2011-06-24,36.0,24.54
2011-06-27,36.4,24.87
2011-06-28,36.57,25.18
2011-06-29,36.72,25.38
2011-06-30,37.23,25.7
2011-07-01,37.8,26.12
2011-07-05,37.82,26.16
2011-07-06,37.54,26.28
2011-07-07,37.42,26.6
2011-07-08,37.48,26.47
2011-07-11,37.12,26.03
2011-07-12,37.09,25.8
2011-07-13,36.94,25.86
2011-07-14,36.88,25.64
2011-07-15,36.82,25.92
2011-07-18,36.71,25.83
2011-07-19,36.97,26.45
2011-07-20,37.33,26.37
2011-07-21,37.57,26.49
2011-07-22,36.74,26.72
2011-07-25,36.22,26.65
2011-07-26,36.28,26.77
2011-07-27,36.21,26.06
2011-07-28,35.66,26.02
2011-07-29,35.29,25.81
2011-08-01,35.87,25.79
2011-08-02,35.49,25.25
2011-08-03,35.97,25.51
2011-08-04,34.92,24.48
2011-08-05,35.05,24.33
2011-08-08,33.12,22.96
2011-08-09,34.29,24.01
2011-08-10,33.66,23.07
2011-08-11,34.62,23.95
2011-08-12,34.3,24.121
2011-08-15,35.05,24.55
2011-08-16,34.88,24.37
2011-08-17,35.61,24.26
2011-08-18,35.07,23.08
2011-08-19,34.71,22.52
2011-08-22,34.82,22.64
2011-08-23,35.96,23.47
2011-08-24,36.47,23.68
2011-08-25,35.77,23.34
2011-08-26,35.76,23.8
2011-08-29,36.14,24.4
2011-08-30,36.31,24.5
2011-08-31,36.165,24.44
2011-09-01,35.88,24.17
2011-09-02,35.56,23.62
2011-09-06,35.22,23.51
2011-09-07,35.62,24.12
2011-09-08,35.38,24.0
2011-09-09,35.24,23.49
2011-09-12,35.25,23.77
2011-09-13,35.5,24.05
2011-09-14,35.6,24.41
2011-09-15,36.19,24.8
2011-09-16,36.72,24.98
2011-09-19,36.28,24.92
2011-09-20,36.41,24.86
2011-09-21,35.84,24.49
2011-09-22,35.59,23.73
2011-09-23,35.88,24.0
2011-09-26,36.36,24.3
2011-09-27,36.89,24.61
2011-09-28,36.84,24.26
2011-09-29,37.15,24.21
2011-09-30,36.8,23.6
2011-10-03,36.34,23.07
2011-10-04,36.4,23.54
2011-10-05,35.77,24.03
2011-10-06,35.91,24.39
2011-10-07,36.16,24.3
2011-10-10,36.9,25.05
2011-10-11,36.5,25.16
2011-10-12,36.67,25.27
2011-10-13,37.02,25.55
2011-10-14,37.33,26.0
2011-10-17,36.94,25.59
2011-10-18,37.24,25.82
2011-10-19,37.05,25.32
2011-10-20,37.1,25.21
2011-10-21,37.42,25.53
2011-10-24,36.93,25.93
2011-10-25,36.19,25.52
2011-10-26,36.81,25.63
2011-10-27,37.66,26.39
2011-10-28,37.63,26.48
2011-10-31,36.98,26.01
2011-11-01,36.47,25.29
2011-11-02,36.8,25.6
2011-11-03,37.45,26.21
2011-11-04,37.17,26.05
2011-11-07,37.34,26.21
2011-11-08,37.52,26.51
2011-11-09,36.89,25.59
2011-11-10,37.33,25.67
2011-11-11,37.52,26.16
2011-11-14,37.0,25.96
2011-11-15,37.24,26.31
2011-11-16,36.65,25.92
2011-11-17,36.7,25.42
2011-11-18,36.46,25.21
2011-11-21,36.07,24.77
2011-11-22,36.19,24.73
2011-11-23,35.35,24.14
2011-11-25,35.35,24.01
2011-11-28,36.25,24.8
2011-11-29,36.63,24.67
2011-11-30,37.73,25.62
2011-12-01,37.77,25.76
2011-12-02,37.85,25.74
2011-12-05,38.05,26.03
2011-12-06,38.32,26.02
2011-12-07,38.31,26.05
2011-12-08,37.81,25.64
2011-12-09,38.43,26.04
2011-12-12,38.35,25.71
2011-12-13,38.26,25.47
2011-12-14,38.26,25.08
2011-12-15,38.42,25.02
2011-12-16,38.78,24.98
2011-12-19,38.63,24.74
2011-12-20,39.21,25.435
2011-12-21,39.23,25.02
2011-12-22,39.29,25.31
2011-12-23,39.98,25.56
2011-12-27,39.99,25.6
2011-12-28,39.76,25.34
2011-12-29,40.05,25.53
2011-12-30,40.12,25.45
2012-01-03,39.73,25.81
2012-01-04,39.21,25.88
2012-01-05,38.94,25.96
2012-01-06,38.33,25.97
2012-01-09,38.37,25.93
2012-01-10,38.57,26.02
2012-01-11,38.9,26.1
2012-01-12,38.92,26.23
2012-01-13,38.92,26.08
2012-01-17,39.02,26.2
2012-01-18,39.01,26.58
2012-01-19,39.0,26.77
2012-01-20,38.97,26.8
2012-01-23,38.4,26.89
2012-01-24,37.79,26.87
2012-01-25,37.69,27.08
2012-01-26,37.34,26.9
2012-01-27,37.21,26.9
2012-01-30,37.61,26.98
2012-01-31,37.66,27.03
2012-02-01,37.8,27.3
2012-02-02,37.56,27.37
2012-02-03,37.84,27.715
2012-02-06,38.14,27.73
2012-02-07,37.92,27.8
2012-02-08,37.92,27.97
2012-02-09,37.92,28.24
2012-02-10,37.69,28.03
2012-02-13,38.13,28.21
2012-02-14,38.04,28.26
2012-02-15,37.83,28.11
2012-02-16,38.05,28.52
2012-02-17,38.46,28.52
2012-02-21,38.49,28.64
2012-02-22,38.21,28.54
2012-02-23,38.13,28.65
2012-02-24,38.14,28.82
2012-02-27,38.13,28.87
2012-02-28,38.15,29.08
2012-02-29,38.11,28.945
2012-03-01,38.43,29.12
2012-03-02,38.67,29.08
2012-03-05,39.0,28.83
2012-03-06,38.69,28.545
2012-03-07,38.87,28.76
2012-03-08,39.22,29.05
2012-03-09,39.1,29.18
2012-03-12,39.32,29.22
2012-03-13,39.48,29.8
2012-03-14,39.47,29.91
2012-03-15,39.54,29.99
2012-03-16,39.57,29.88
2012-03-19,39.65,30.1
2012-03-20,39.63,30.07
2012-03-21,39.78,30.06
2012-03-22,39.66,29.99
2012-03-23,39.42,29.985
2012-03-26,39.33,30.43
2012-03-27,38.66,30.42
2012-03-28,38.26,30.31
2012-03-29,38.07,30.25
2012-03-30,38.23,30.16
2012-04-02,38.52,30.48
2012-04-03,38.46,30.46
2012-04-04,38.39,30.1
2012-04-05,37.66,30.17
2012-04-09,37.46,29.96
2012-04-10,36.8,29.535
2012-04-11,37.38,29.71
2012-04-12,37.55,30.075
2012-04-13,37.26,29.61
2012-04-16,37.43,29.3
2012-04-17,37.74,29.94
2012-04-18,37.66,29.69
2012-04-19,38.15,29.39
2012-04-20,38.73,29.28
2012-04-23,38.57,29.05
2012-04-24,39.5,28.99
2012-04-25,39.48,29.805
2012-04-26,40.14,30.04
2012-04-27,40.23,30.03
2012-04-30,40.38,29.82
2012-05-01,40.56,29.92
2012-05-02,40.6,29.94
2012-05-03,40.64,29.69
2012-05-04,40.26,29.07
2012-05-07,40.53,28.99
2012-05-08,40.55,28.885
2012-05-09,40.25,28.89
2012-05-10,40.55,28.67
2012-05-11,41.16,28.69
2012-05-14,40.89,28.44
2012-05-15,41.05,28.36
2012-05-16,40.88,28.13
2012-05-17,41.37,27.73
2012-05-18,41.53,27.47
2012-05-21,41.34,28.15
2012-05-22,41.39,28.06
2012-05-23,41.28,28.09
2012-05-24,41.39,27.93
2012-05-25,41.45,27.87
2012-05-29,41.75,28.24
2012-05-30,41.42,28.06
2012-05-31,41.64,27.93
2012-06-01,41.03,27.2
2012-06-04,41.34,27.36
2012-06-05,41.2,27.525
2012-06-06,41.77,28.155
2012-06-07,41.64,28.02
2012-06-08,42.44,28.33
2012-06-11,42.56,27.93
2012-06-12,42.94,28.21
2012-06-13,42.99,28.04
2012-06-14,43.75,28.18
2012-06-15,43.55,28.37
2012-06-18,43.82,28.58
2012-06-19,43.73,28.8
2012-06-20,43.3,28.85
2012-06-21,43.33,28.165
2012-06-22,43.95,28.48
2012-06-25,43.65,27.9
2012-06-26,43.84,28.01
2012-06-27,43.78,28.18
2012-06-28,43.97,27.95
2012-06-29,44.44,28.725
2012-07-02,44.93,28.89
2012-07-03,44.95,29.12
2012-07-05,44.89,29.12
2012-07-06,44.42,28.69
2012-07-09,44.74,28.63
2012-07-10,44.7,28.31
2012-07-11,44.9,28.18
2012-07-12,44.67,27.9
2012-07-13,45.21,28.27
2012-07-16,45.27,28.24
2012-07-17,45.66,28.35
2012-07-18,45.89,28.84
2012-07-19,44.54,29.09
2012-07-20,44.49,28.755
2012-07-23,44.35,28.48
2012-07-24,43.77,28.19
2012-07-25,43.72,28.08
2012-07-26,44.46,28.51
2012-07-27,44.9,29.13
2012-07-30,44.95,29.14
2012-07-31,45.14,29.26
2012-08-01,45.21,29.16
2012-08-02,44.62,28.97
2012-08-03,44.46,29.54
2012-08-06,44.69,29.75
2012-08-07,44.47,29.95
2012-08-08,44.18,29.96
2012-08-09,44.34,30.06
2012-08-10,44.6,30.13
2012-08-13,44.27,30.22
2012-08-14,44.33,30.16
2012-08-15,44.19,30.17
2012-08-16,44.12,30.58
2012-08-17,44.06,30.75
2012-08-20,43.7,30.78
2012-08-21,42.89,30.58
2012-08-22,42.62,30.63
2012-08-23,42.25,30.38
2012-08-24,43.17,30.57
2012-08-27,42.76,30.6
2012-08-28,42.67,30.53
2012-08-29,43.09,30.59
2012-08-30,42.77,30.25
2012-08-31,42.94,30.49
2012-09-04,43.7,30.49
2012-09-05,43.8,30.46
2012-09-06,44.15,31.14
2012-09-07,43.72,31.09
2012-09-10,44.06,30.76
2012-09-11,44.24,30.84
2012-09-12,44.89,31.01
2012-09-13,45.58,31.43
2012-09-14,44.53,31.58
2012-09-17,44.58,31.61
2012-09-18,44.91,31.63
2012-09-19,45.27,31.66
2012-09-20,45.49,31.6
2012-09-21,45.64,31.51
2012-09-24,45.68,31.31
2012-09-25,45.62,30.87
2012-09-26,45.59,30.65
2012-09-27,45.76,31.045
2012-09-28,45.57,30.825
2012-10-01,45.81,30.76
2012-10-02,45.86,30.8
2012-10-03,46.28,30.96
2012-10-04,47.26,31.05
2012-10-05,47.05,30.89
2012-10-08,46.57,30.57
2012-10-09,46.11,30.18
2012-10-10,45.78,30.06
2012-10-11,45.2,29.94
2012-10-12,44.62,29.92
2012-10-15,44.5,30.07
2012-10-16,44.08,30.48
2012-10-17,44.72,30.32
2012-10-18,45.78,29.965
2012-10-19,45.16,29.29
2012-10-22,44.77,29.49
2012-10-23,44.07,29.17
2012-10-24,44.23,29.0
2012-10-25,44.25,28.94
2012-10-26,44.73,28.99
2012-10-31,44.64,28.8705
2012-11-01,45.14,29.34
2012-11-02,44.52,28.96
2012-11-05,44.2,29.12
2012-11-06,44.3,29.25
2012-11-07,43.19,28.52
2012-11-08,42.61,28.11
2012-11-09,42.64,28.24
2012-11-12,42.56,28.195
2012-11-13,42.54,28.06
2012-11-14,42.24,27.775
2012-11-15,41.7,27.62
2012-11-16,41.4,27.66
2012-11-19,42.81,28.415
2012-11-20,42.82,28.3
2012-11-21,43.16,28.39
2012-11-23,43.76,28.85
2012-11-26,43.3,28.975
2012-11-27,42.98,28.8487
2012-11-28,43.56,29.02
2012-11-29,44.01,29.16
2012-11-30,44.12,29.13
2012-12-03,44.1,29.09
2012-12-04,43.67,29.035
2012-12-05,44.1,28.75
2012-12-06,44.45,28.915
2012-12-07,44.41,28.77
2012-12-10,44.03,28.84
2012-12-11,44.44,29.23
2012-12-12,44.79,29.18
2012-12-13,44.52,28.97
2012-12-14,44.21,28.69
2012-12-17,44.12,29.04
2012-12-18,43.87,29.47
2012-12-19,43.38,29.32
2012-12-20,43.81,29.37
2012-12-21,43.57,28.95
2012-12-24,43.54,28.87
2012-12-26,43.45,28.71
2012-12-27,43.48,28.68
2012-12-28,42.9,28.36
2012-12-31,43.27,28.85
2013-01-02,44.27,29.81
2013-01-03,44.06,29.62
2013-01-04,44.3,29.5
2013-01-07,44.69,29.4612
2013-01-08,43.1,29.35
2013-01-09,43.0,29.4
2013-01-10,43.59,29.55
2013-01-11,43.3,29.59
2013-01-14,42.59,29.4
2013-01-15,41.97,29.21
2013-01-16,41.51,29.31
2013-01-17,42.13,29.43
2013-01-18,42.54,29.39
2013-01-22,42.94,29.47
2013-01-23,42.79,29.78
2013-01-24,42.59,29.27
2013-01-25,42.67,29.3
2013-01-28,42.77,29.4
2013-01-29,43.5,29.44
2013-01-30,43.61,29.35
2013-01-31,43.61,29.4
2013-02-01,44.56,29.73
2013-02-04,44.52,29.34
2013-02-05,44.56,29.68
2013-02-06,44.75,29.67
2013-02-07,44.46,29.67
2013-02-08,44.35,29.93
2013-02-11,44.32,29.99
2013-02-12,44.44,29.89
2013-02-13,44.52,29.88
2013-02-14,44.33,29.802
2013-02-15,44.4,29.78
2013-02-19,44.5,29.975
2013-02-20,44.92,29.57
2013-02-21,45.12,29.33
2013-02-22,45.4,29.69
2013-02-25,45.72,29.27
2013-02-26,46.12,29.442
2013-02-27,46.35,29.69
2013-02-28,46.53,29.63
2013-03-01,46.72,29.68
2013-03-04,47.11,29.77
2013-03-05,47.69,30.18
2013-03-06,47.28,30.16
2013-03-07,47.48,30.23
2013-03-08,47.96,30.29
2013-03-11,47.81,30.36
2013-03-12,48.36,30.25
2013-03-13,47.94,30.23
2013-03-14,48.48,30.445
2013-03-15,48.02,30.2
2013-03-18,48.75,30.21
2013-03-19,48.95,30.17
2013-03-20,48.6,30.32
2013-03-21,48.8,29.975
2013-03-22,49.02,30.172
2013-03-25,49.16,30.1
2013-03-26,49.48,30.29
2013-03-27,48.94,30.21
2013-03-28,49.15,30.27
2013-04-01,49.22,30.07
2013-04-02,49.5,30.19
2013-04-03,48.99,29.95
2013-04-04,49.3,29.96
2013-04-05,49.56,29.73
2013-04-08,49.43,29.86
2013-04-09,49.36,30.07
2013-04-10,49.86,30.6
2013-04-11,50.51,30.5
2013-04-12,50.86,30.365
2013-04-15,50.64,29.87
2013-04-16,50.46,30.24
2013-04-17,49.54,29.62
2013-04-18,50.91,29.31
2013-04-19,52.25,29.35
2013-04-22,52.19,29.575
2013-04-23,52.32,29.9
2013-04-24,51.8,29.95
2013-04-25,53.22,30.05
2013-04-26,53.63,30.04
2013-04-29,53.46,30.47
2013-04-30,53.91,30.8
2013-05-01,52.4,30.53
2013-05-02,52.53,30.92
2013-05-03,52.68,31.21
2013-05-06,52.05,31.36
2013-05-07,52.92,31.34
2013-05-08,53.11,31.59
2013-05-09,52.71,31.5
2013-05-10,52.89,31.59
2013-05-13,52.55,31.51
2013-05-14,53.17,31.61
2013-05-15,53.6,31.71
2013-05-16,53.2,31.88
2013-05-17,53.35,32.2
2013-05-20,52.74,32.2
2013-05-21,52.07,32.1
2013-05-22,51.47,31.75
2013-05-23,51.89,31.74
2013-05-24,51.39,31.69
2013-05-28,50.82,31.84
2013-05-29,49.57,31.76
2013-05-30,49.08,31.96
2013-05-31,48.48,31.66
2013-06-03,48.66,31.82
2013-06-04,48.84,31.68
2013-06-05,48.3,31.37
2013-06-06,49.97,31.44
2013-06-07,50.24,31.73
2013-06-10,50.53,31.8
2013-06-11,50.18,31.47
2013-06-12,49.9,31.26
2013-06-13,50.64,31.615
2013-06-14,51.07,31.38
2013-06-17,50.71,31.67
2013-06-18,51.55,31.92
2013-06-19,50.05,31.55
2013-06-20,48.96,30.85
2013-06-21,49.52,30.51
2013-06-24,49.12,30.14
2013-06-25,50.44,30.39
2013-06-26,50.66,30.57
2013-06-27,51.0,30.72
2013-06-28,50.34,30.585
2013-07-01,50.36,30.75
2013-07-02,50.63,30.8
2013-07-03,51.01,30.98
2013-07-05,51.3,31.18
2013-07-08,51.17,31.16
2013-07-09,50.96,31.28
2013-07-10,50.54,31.38
2013-07-11,51.21,31.91
2013-07-12,50.41,31.93
2013-07-15,49.96,32.02
2013-07-16,50.28,32.045
2013-07-17,50.74,32.07
2013-07-18,49.97,31.99
2013-07-19,49.95,31.445
2013-07-22,50.27,31.54
2013-07-23,50.36,31.411
2013-07-24,50.38,31.62
2013-07-25,50.71,31.64
2013-07-26,51.02,31.73
2013-07-29,51.49,31.68
2013-07-30,50.42,31.84
2013-07-31,49.48,31.73
2013-08-01,50.01,32.07
2013-08-02,50.25,32.21
2013-08-05,50.21,32.28
2013-08-06,50.09,32.11
2013-08-07,49.93,32.03
2013-08-08,49.62,32.135
2013-08-09,49.32,31.97
2013-08-12,49.65,32.18
2013-08-13,49.15,32.4
2013-08-14,48.89,32.37
2013-08-15,48.54,31.85
2013-08-16,47.71,31.815
2013-08-19,47.5,31.72
2013-08-20,47.91,31.77
2013-08-21,47.27,31.7
2013-08-22,47.02,31.84
2013-08-23,47.61,32.07
2013-08-26,46.94,31.92
2013-08-27,46.95,31.36
2013-08-28,46.56,31.38
2013-08-29,47.82,31.55
2013-08-30,47.38,31.4
2013-09-03,46.01,31.431
2013-09-04,46.78,31.735
2013-09-05,46.64,31.75
2013-09-06,46.34,31.77
2013-09-09,45.91,32.15
2013-09-10,46.47,32.35
2013-09-11,46.52,32.2
2013-09-12,47.35,32.225
2013-09-13,47.76,32.255
2013-09-16,48.3,32.21
2013-09-17,48.57,32.37
2013-09-18,48.72,32.779
2013-09-19,48.51,32.805
2013-09-20,47.78,32.415
2013-09-23,47.981,32.51
2013-09-24,47.27,32.37
2013-09-25,46.945,32.32
2013-09-26,47.67,32.44
2013-09-27,47.0,32.24
2013-09-30,46.675,32.04
2013-10-01,46.99,32.32
2013-10-02,46.79,32.33
2013-10-03,47.01,32.05
2013-10-04,47.1,32.18
2013-10-07,47.29,32.04
2013-10-08,46.05,31.53
2013-10-09,46.2,31.65
2013-10-10,46.86,32.18
2013-10-11,47.09,32.45
2013-10-14,46.81,32.56
2013-10-15,46.32,32.36
2013-10-16,47.25,32.67
2013-10-17,48.9,32.68
2013-10-18,50.01,33.24
2013-10-21,50.58,33.42
2013-10-22,51.14,33.41
2013-10-23,50.82,33.25
2013-10-24,50.42,33.33
2013-10-25,50.71,33.5
2013-10-28,50.57,33.61
2013-10-29,51.09,33.825
2013-10-30,50.53,33.76
2013-10-31,50.51,33.65
2013-11-01,50.49,33.66
2013-11-04,51.08,33.79
2013-11-05,50.1,33.7
2013-11-06,50.61,34.04
2013-11-07,50.17,33.595
2013-11-08,50.2,33.9
2013-11-11,49.96,33.94
2013-11-12,50.16,34.03
2013-11-13,49.99,34.32
2013-11-14,50.27,34.225
2013-11-15,50.31,34.3
2013-11-18,50.76,34.17
2013-11-19,50.78,34.05
2013-11-20,50.4,33.94
2013-11-21,50.38,34.23
2013-11-22,50.22,34.16
2013-11-25,50.01,34.16
2013-11-26,50.05,34.28
2013-11-27,49.93,34.55
2013-11-29,49.62,34.69
2013-12-02,49.26,34.58
2013-12-03,49.6,34.66
2013-12-04,49.37,34.69
2013-12-05,48.91,34.58
2013-12-06,49.48,34.82
2013-12-09,49.57,34.93
2013-12-10,49.05,34.86
2013-12-11,48.49,34.54
2013-12-12,48.13,34.31
2013-12-13,47.84,34.2
2013-12-16,48.26,34.54
2013-12-17,47.56,34.53
2013-12-18,48.47,34.8
2013-12-19,48.43,34.86
2013-12-20,48.08,34.96
2013-12-23,48.58,35.42
2013-12-24,48.98,35.52
2013-12-26,49.18,35.61
2013-12-27,49.17,35.58
2013-12-30,49.15,35.51
2013-12-31,49.14,35.74
2014-01-02,49.0,35.39
2014-01-03,48.42,35.22
2014-01-06,48.69,35.16
2014-01-07,49.3,35.48
2014-01-08,48.5,35.48
2014-01-09,47.5,35.25
2014-01-10,47.75,35.32
2014-01-13,47.03,34.94
2014-01-14,47.08,35.53
2014-01-15,48.27,35.96
2014-01-16,48.53,35.95
2014-01-17,48.35,35.75
2014-01-21,47.7,35.93
2014-01-22,47.33,35.89
2014-01-23,47.86,35.82
2014-01-24,47.63,35.13
2014-01-27,47.69,34.8
2014-01-28,47.36,34.59
2014-01-29,47.69,34.32
2014-01-30,47.63,34.74
2014-01-31,48.02,34.82
2014-02-03,46.41,34.09
2014-02-04,46.82,34.22
2014-02-05,46.69,34.25
2014-02-06,46.68,34.63
2014-02-07,46.81,35.1
2014-02-10,46.91,35.17
2014-02-11,47.21,35.6
2014-02-12,47.37,35.74
2014-02-13,47.31,36.0
2014-02-14,46.51,36.07
2014-02-18,45.98,36.09
2014-02-19,46.53,35.97
2014-02-20,48.12,36.09
2014-02-21,47.27,35.95
2014-02-24,46.23,36.09
2014-02-25,46.29,35.99
2014-02-26,46.35,36.02
2014-02-27,47.5,36.31
2014-02-28,47.58,36.35
2014-03-03,47.31,35.96
2014-03-04,47.9,36.43
2014-03-05,47.38,36.48
2014-03-06,47.46,36.53
2014-03-07,47.15,36.42
2014-03-10,47.03,36.36
2014-03-11,46.7,36.28
2014-03-12,46.36,36.34
2014-03-13,46.03,35.85
2014-03-14,46.08,35.63
2014-03-17,46.31,36.05
2014-03-18,46.7,36.52
2014-03-19,46.36,36.37
2014-03-20,47.21,36.65
2014-03-21,46.91,36.31
2014-03-24,47.01,36.28
2014-03-25,47.22,36.5
2014-03-26,47.01,36.06
2014-03-27,47.69,35.93
2014-03-28,47.42,36.07
2014-03-31,47.57,36.35
2014-04-01,47.75,36.78
2014-04-02,47.82,36.8
2014-04-03,48.12,36.62
2014-04-04,48.04,35.92
2014-04-07,48.12,35.64
2014-04-08,48.21,35.96
2014-04-09,47.98,36.44
2014-04-10,47.47,35.6
2014-04-11,47.07,35.2
2014-04-14,47.27,35.55
2014-04-15,46.92,35.73
2014-04-16,47.1,36.08
2014-04-17,47.6,36.03
2014-04-21,47.98,36.17
2014-04-22,47.92,36.32
2014-04-23,47.43,35.93
2014-04-24,46.28,36.21
2014-04-25,45.94,35.75
2014-04-28,46.6,36.09
2014-04-29,46.77,36.34
2014-04-30,46.73,36.45
2014-05-01,47.22,36.49
2014-05-02,47.12,36.39
2014-05-05,47.39,36.58
2014-05-06,47.47,36.17
2014-05-07,48.1,36.19
2014-05-08,48.49,36.29
2014-05-09,48.48,36.33
2014-05-12,48.16,36.82
2014-05-13,47.85,36.84
2014-05-14,48.01,36.67
2014-05-15,47.96,36.45
2014-05-16,49.07,36.68
2014-05-19,49.15,36.92
2014-05-20,48.65,36.71
2014-05-21,49.17,36.96
2014-05-22,49.45,37.03
2014-05-23,49.74,37.34
2014-05-27,49.62,37.66
2014-05-28,49.74,37.56
2014-05-29,49.72,37.78
2014-05-30,49.96,37.82
2014-06-02,50.05,37.76
2014-06-03,49.29,37.7
2014-06-04,49.15,37.77
2014-06-05,49.28,38.02
2014-06-06,49.42,38.19
2014-06-09,49.57,38.31
2014-06-10,49.52,38.33
2014-06-11,49.37,38.24
2014-06-12,49.04,37.91
2014-06-13,49.18,38.13
2014-06-16,49.31,38.13
2014-06-17,49.21,38.22
2014-06-18,49.42,38.42
2014-06-19,49.47,38.35
2014-06-20,49.39,38.09
2014-06-23,49.73,38.2
2014-06-24,49.28,38.0
2014-06-25,49.41,38.15
2014-06-26,49.21,38.11
2014-06-27,49.32,38.34
2014-06-30,48.93,38.35
2014-07-01,49.37,38.74
2014-07-02,49.66,38.78
2014-07-03,49.71,38.95
2014-07-07,49.75,38.99
2014-07-08,48.76,38.64
2014-07-09,48.9,38.83
2014-07-10,49.64,38.72
2014-07-11,50.32,38.92
2014-07-14,50.53,39.2
2014-07-15,50.71,39.13
2014-07-16,50.96,39.49
2014-07-17,50.32,38.98
2014-07-18,50.75,39.4499
2014-07-21,50.7,39.4
2014-07-22,50.98,39.73
2014-07-23,50.91,39.8
2014-07-24,51.05,39.77
2014-07-25,51.28,39.72
2014-07-28,51.58,39.79
2014-07-29,51.97,39.71
2014-07-30,51.76,39.75
2014-07-31,50.42,39.0
2014-08-01,49.83,38.789
2014-08-04,50.21,39.065
2014-08-05,49.66,38.7
2014-08-06,49.13,38.58
2014-08-07,48.65,38.42
2014-08-08,48.7,38.67
2014-08-11,48.67,38.86
2014-08-12,48.84,38.84
2014-08-13,48.92,39.22
2014-08-14,49.0,39.29
2014-08-15,48.8,39.29
2014-08-18,48.78,39.66
2014-08-19,48.7,39.91
2014-08-20,48.82,39.91
2014-08-21,48.87,40.1
2014-08-22,48.64,40.11
2014-08-25,49.15,40.15
2014-08-26,49.25,40.17
2014-08-27,49.43,40.16
2014-08-28,49.41,40.1
2014-08-29,49.82,40.28
2014-09-02,49.77,40.29
2014-09-03,49.88,40.07
2014-09-04,49.72,40.05
2014-09-05,49.94,40.29
2014-09-08,49.53,40.35
2014-09-09,48.9,40.06
2014-09-10,48.75,40.3
2014-09-11,49.01,40.39
2014-09-12,48.4,40.22
2014-09-15,48.56,39.98
2014-09-16,48.96,40.28
2014-09-17,49.21,40.36
2014-09-18,49.69,40.6
2014-09-19,50.35,40.34
2014-09-22,50.18,40.07
2014-09-23,49.91,39.98
2014-09-24,50.07,40.24
2014-09-25,49.61,39.36
2014-09-26,49.77,39.79
2014-09-29,49.75,39.78
2014-09-30,49.99,39.9
2014-10-01,49.43,39.28
2014-10-02,49.29,39.26
2014-10-03,49.71,39.58
2014-10-06,50.08,39.59
2014-10-07,49.68,38.97
2014-10-08,49.87,39.71
2014-10-09,48.93,39.05
2014-10-10,48.94,38.05
2014-10-13,48.37,37.63
2014-10-14,48.22,37.69
2014-10-15,47.92,37.43
2014-10-16,47.67,37.21
2014-10-17,48.07,37.65
2014-10-20,48.48,37.92
2014-10-21,48.69,38.66
2014-10-22,48.31,38.48
2014-10-23,48.22,38.91
2014-10-24,48.77,39.25
2014-10-27,49.42,39.29
2014-10-28,49.96,39.83
2014-10-29,49.83,39.79
2014-10-30,49.9,39.92
2014-10-31,50.25,40.54
2014-11-03,50.39,40.71
2014-11-04,50.33,40.7
2014-11-05,50.34,40.81
2014-11-06,50.28,40.79
2014-11-07,50.86,40.84
2014-11-10,50.72,40.95
2014-11-11,50.61,40.97
2014-11-12,50.82,41.1
2014-11-13,51.2,41.32
2014-11-14,51.5,41.61
2014-11-17,51.4,41.53
2014-11-18,51.22,41.67
2014-11-19,50.49,41.4
2014-11-20,50.19,41.61
2014-11-21,50.21,41.67
2014-11-24,49.5,41.89
2014-11-25,49.34,41.91
2014-11-26,50.04,42.29
2014-11-28,50.59,42.49
2014-12-01,50.03,42.005
2014-12-02,49.11,42.02
2014-12-03,48.79,42.17
2014-12-04,48.78,42.17
2014-12-05,48.61,42.12
2014-12-08,48.9,41.69
2014-12-09,46.92,41.68
2014-12-10,46.18,41.05
2014-12-11,46.36,41.23
2014-12-12,45.58,40.615
2014-12-15,45.42,40.37
2014-12-16,45.53,39.83
2014-12-17,46.44,40.58
2014-12-18,47.05,41.74
2014-12-19,47.02,41.57
2014-12-22,47.51,42.07
2014-12-23,47.67,42.18
2014-12-24,47.67,42.14
2014-12-26,47.86,42.32
2014-12-29,47.55,42.11
2014-12-30,47.33,41.81
2014-12-31,46.78,41.35
2015-01-02,46.96,41.27
2015-01-05,46.57,40.64
2015-01-06,47.04,40.15
2015-01-07,46.19,40.49
2015-01-08,47.18,41.38
2015-01-09,46.76,41.25
2015-01-12,47.08,40.77
2015-01-13,47.18,40.74
2015-01-14,46.97,40.51
2015-01-15,47.1,39.99
2015-01-16,47.99,40.38
2015-01-20,48.18,40.72
2015-01-21,48.25,40.79
2015-01-22,47.8,41.46
2015-01-23,47.15,41.45
2015-01-26,46.96,41.28
2015-01-27,46.35,40.09
2015-01-28,46.05,40.02
2015-01-29,46.11,40.4
2015-01-30,45.71,39.9
2015-02-02,46.98,40.31
2015-02-03,47.83,40.77
2015-02-04,47.8,40.85
2015-02-05,47.86,41.23
2015-02-06,49.33,41.1
2015-02-09,49.09,41.04
2015-02-10,49.51,41.65
2015-02-11,49.81,41.81
2015-02-12,49.52,42.38
2015-02-13,49.31,42.65
2015-02-17,49.18,42.67
2015-02-18,48.94,42.71
2015-02-19,48.91,42.86
2015-02-20,48.97,43.08
2015-02-23,48.77,43.11
2015-02-24,49.22,43.24
2015-02-25,49.2,42.97
2015-02-26,49.37,43.24
2015-02-27,49.45,43.09
2015-03-02,49.47,43.43
2015-03-03,49.55,43.14
2015-03-04,49.07,42.97
2015-03-05,48.92,42.92
2015-03-06,48.29,42.39
2015-03-09,48.23,42.59
2015-03-10,47.51,41.72
2015-03-11,47.68,41.45
2015-03-12,48.73,41.72
2015-03-13,48.84,41.49
2015-03-16,49.27,41.98
2015-03-17,48.95,41.99
2015-03-18,49.54,42.56
2015-03-19,49.3,42.44
2015-03-20,49.56,42.54
2015-03-23,49.64,42.54
2015-03-24,49.41,42.4
2015-03-25,48.73,41.31
2015-03-26,48.42,41.34
2015-03-27,48.56,41.37
2015-03-30,49.12,41.87
2015-03-31,48.63,41.44
2015-04-01,48.92,41.38
2015-04-02,49.47,41.37
2015-04-06,49.63,41.77
2015-04-07,49.27,41.68
2015-04-08,49.13,41.81
2015-04-09,49.01,41.92
2015-04-10,49.22,42.08
2015-04-13,49.04,41.96
2015-04-14,49.18,41.83
2015-04-15,49.39,42.2
2015-04-16,49.27,42.05
2015-04-17,48.9,41.47
2015-04-20,49.38,42.18
2015-04-21,49.17,42.16
2015-04-22,49.57,42.59
2015-04-23,50.05,42.76
2015-04-24,50.03,43.13
2015-04-27,50.08,43.25
2015-04-28,50.55,43.39
2015-04-29,50.47,43.18
2015-04-30,50.44,42.58
2015-05-01,50.41,43.1
2015-05-04,50.52,43.14
2015-05-05,50.09,42.47
2015-05-06,49.64,42.11
2015-05-07,49.73,42.42
2015-05-08,50.14,43.03
2015-05-11,49.8,42.81
2015-05-12,49.62,42.58
2015-05-13,49.73,42.76
2015-05-14,49.97,43.45
2015-05-15,49.79,43.31
2015-05-18,49.6,43.52
2015-05-19,49.55,43.41
2015-05-20,49.69,43.44
2015-05-21,49.9,43.63
2015-05-22,49.61,43.6
2015-05-26,49.42,42.97
2015-05-27,49.57,43.78
2015-05-28,49.54,43.69
2015-05-29,49.44,43.37
2015-06-01,49.22,43.49
2015-06-02,49.14,43.4
2015-06-03,49.08,43.49
2015-06-04,48.1,43.09
2015-06-05,47.23,42.95
2015-06-08,47.44,42.47
2015-06-09,47.34,42.37
2015-06-10,47.47,43.03
2015-06-11,47.76,43.05
2015-06-12,47.25,42.67
2015-06-15,47.0,42.41
2015-06-16,47.42,42.69
2015-06-17,47.27,42.71
2015-06-18,47.77,43.09
2015-06-19,47.46,42.54
2015-06-22,47.53,42.89
2015-06-23,47.77,42.92
2015-06-24,47.29,42.72
2015-06-25,47.44,42.62
2015-06-26,47.62,42.26
2015-06-29,46.77,41.36
2015-06-30,46.61,41.4
2015-07-01,47.0,41.68
2015-07-02,47.2,41.74
2015-07-06,47.04,41.57
2015-07-07,47.25,41.63
2015-07-08,46.58,40.95
2015-07-09,46.26,40.79
2015-07-10,47.0,41.44
2015-07-13,47.2,42.07
2015-07-14,47.41,42.23
2015-07-15,47.33,42.24
2015-07-16,47.83,42.78
2015-07-17,47.59,43.44
2015-07-20,48.1,43.67
2015-07-21,46.97,43.38
2015-07-22,46.45,42.68
2015-07-23,46.35,42.59
2015-07-24,46.04,42.36
2015-07-27,45.83,41.98
2015-07-28,45.89,42.36
2015-07-29,46.56,42.64
2015-07-30,46.67,42.72
2015-07-31,46.79,42.58
2015-08-03,46.97,42.35
2015-08-04,46.67,42.1
2015-08-05,46.64,42.51
2015-08-06,46.63,42.09
2015-08-07,46.36,42.12
2015-08-10,47.23,42.78
2015-08-11,47.6,42.14
2015-08-12,47.85,42.33
2015-08-13,47.66,42.21
2015-08-14,47.49,42.42
2015-08-17,47.52,42.66
2015-08-18,47.46,42.44
2015-08-19,47.44,42.16
2015-08-20,46.88,41.13
2015-08-21,46.1,39.56
2015-08-24,44.74,38.14
2015-08-25,43.5,37.7
2015-08-26,45.16,39.6
2015-08-27,46.19,40.52
2015-08-28,46.07,40.6
2015-08-31,46.01,40.23
2015-09-01,44.9,38.94
2015-09-02,45.35,39.88
2015-09-03,45.72,39.91
2015-09-04,44.82,39.3
2015-09-08,45.88,40.4
2015-09-09,45.39,39.87
2015-09-10,45.46,40.27
2015-09-11,45.73,40.46
2015-09-14,45.65,40.36
2015-09-15,46.37,40.88
2015-09-16,46.19,41.05
2015-09-17,45.23,40.77
2015-09-18,44.57,40.06
2015-09-21,44.8,40.46
2015-09-22,44.43,39.78
2015-09-23,43.98,39.88
2015-09-24,44.09,39.88
2015-09-25,44.22,39.81
2015-09-28,43.74,38.9
2015-09-29,43.53,38.73
2015-09-30,43.51,39.5
2015-10-01,42.96,39.52
2015-10-02,42.84,40.08
2015-10-05,44.0,40.87
2015-10-06,44.06,40.92
2015-10-07,43.85,41.11
2015-10-08,44.23,41.3
2015-10-09,44.16,41.48
2015-10-12,44.3,41.53
2015-10-13,44.36,41.44
2015-10-14,43.99,41.36
2015-10-15,44.67,41.89
2015-10-16,44.7,41.97
2015-10-19,44.7,42.13
2015-10-20,45.24,42.02
2015-10-21,44.86,41.7
2015-10-22,45.89,42.64
2015-10-23,46.16,43.83
2015-10-26,46.36,43.66
2015-10-27,46.17,43.41
2015-10-28,46.48,44.06
2015-10-29,46.4,43.94
2015-10-30,46.88,43.65
2015-11-02,46.78,44.04
2015-11-03,46.45,44.27
2015-11-04,46.14,44.32
2015-11-05,46.2,44.19
2015-11-06,45.78,44.34
2015-11-09,45.3,43.91
2015-11-10,45.1,43.62
2015-11-11,45.32,43.6
2015-11-12,44.83,43.22
2015-11-13,44.23,42.37
2015-11-16,45.04,43.02
2015-11-17,45.08,43.03
2015-11-18,45.38,43.68
2015-11-19,45.76,43.88
2015-11-20,45.39,44.2
2015-11-23,44.99,43.94
2015-11-24,45.19,43.95
2015-11-25,44.92,43.81
2015-11-27,45.23,43.91
2015-11-30,45.45,43.96
2015-12-01,45.58,44.35
2015-12-02,44.92,44.07
2015-12-03,44.56,43.5
2015-12-04,45.71,44.57
2015-12-07,46.06,44.35
2015-12-08,45.7,44.24
2015-12-09,45.36,43.59
2015-12-10,45.32,43.71
2015-12-11,44.82,42.8
2015-12-14,45.45,43.13
2015-12-15,45.55,43.32
2015-12-16,46.51,43.91
2015-12-17,46.1,43.22
2015-12-18,45.56,42.17
2015-12-21,45.9,42.6
2015-12-22,46.34,42.91
2015-12-23,46.95,43.27
2015-12-24,46.71,43.25
2015-12-28,46.75,43.22
2015-12-29,47.21,43.81
2015-12-30,46.77,43.44
2015-12-31,46.22,42.83
2016-01-04,45.87,42.27
2016-01-05,46.5,42.16
2016-01-06,45.52,41.64
2016-01-07,45.27,40.41
2016-01-08,44.83,40.09
2016-01-11,45.09,40.35
2016-01-12,44.93,40.83
2016-01-13,44.15,39.73
2016-01-14,44.87,40.48
2016-01-15,44.43,39.34
2016-01-19,44.87,39.38
2016-01-20,44.42,39.07
2016-01-21,45.87,39.29
2016-01-22,47.04,40.38
2016-01-25,47.03,39.91
2016-01-26,48.25,40.3
2016-01-27,49.03,39.47
2016-01-28,49.01,39.98
2016-01-29,49.97,41.24
2016-02-01,50.76,41.39
2016-02-02,49.91,40.65
2016-02-03,50.62,40.6
2016-02-04,50.43,40.64
2016-02-05,50.97,39.5
2016-02-08,50.74,38.93
2016-02-09,50.15,38.75
2016-02-10,49.98,38.83
2016-02-11,49.39,38.73
2016-02-12,50.11,39.27
2016-02-16,50.24,39.97
2016-02-17,50.32,40.79
2016-02-18,50.94,40.63
2016-02-19,50.86,40.66
2016-02-22,51.07,41.2
2016-02-23,50.63,40.55
2016-02-24,50.82,40.86
2016-02-25,51.11,41.37
2016-02-26,51.02,41.26
2016-02-29,50.73,40.97
2016-03-01,51.46,42.19
2016-03-02,52.12,42.31
2016-03-03,51.89,42.31
2016-03-04,51.81,42.42
2016-03-07,52.21,42.16
2016-03-08,52.46,41.9
2016-03-09,52.34,42.26
2016-03-10,52.32,42.22
2016-03-11,52.53,42.87
2016-03-14,52.54,42.92
2016-03-15,52.67,43.08
2016-03-16,53.21,43.58
2016-03-17,53.63,43.74
2016-03-18,53.24,43.59
2016-03-21,53.44,43.74
2016-03-22,53.21,43.75
2016-03-23,52.91,43.5
2016-03-24,53.56,43.62
2016-03-28,53.4,43.51
2016-03-29,54.05,44.19
2016-03-30,54.04,44.45
2016-03-31,54.08,44.36
2016-04-01,54.01,44.7
2016-04-04,54.42,44.53
2016-04-05,54.09,44.1
2016-04-06,53.52,44.53
2016-04-07,52.0,43.89
2016-04-08,52.18,43.89
2016-04-11,51.61,43.77
2016-04-12,51.95,44.07
2016-04-13,51.29,44.52
2016-04-14,51.36,44.51
2016-04-15,51.35,44.34
2016-04-18,51.73,44.53
2016-04-19,52.08,44.28
2016-04-20,51.75,44.37
2016-04-21,50.03,44.21
2016-04-22,50.55,43.44
2016-04-25,50.76,43.45
2016-04-26,50.44,43.24
2016-04-27,51.69,43.04
2016-04-28,51.02,42.5
2016-04-29,50.94,42.13
2016-05-02,51.32,42.44
2016-05-03,50.68,42.05
2016-05-04,50.84,41.92
2016-05-05,50.84,41.94
2016-05-06,51.12,42.25
2016-05-09,51.08,42.25
2016-05-10,51.54,42.8
2016-05-11,51.15,42.49
2016-05-12,51.47,42.37
2016-05-13,50.94,42.21
2016-05-16,51.23,42.8
2016-05-17,50.9,42.37
2016-05-18,50.39,42.45
2016-05-19,49.63,42.22
2016-05-20,49.66,42.73
2016-05-23,49.14,42.65
2016-05-24,49.58,43.45
2016-05-25,49.85,43.75
2016-05-26,50.16,43.89
2016-05-27,50.62,44.1
2016-05-31,50.9,44.19
2016-06-01,50.43,44.08
2016-06-02,50.77,44.04
2016-06-03,50.92,43.94
2016-06-06,50.71,44.02
2016-06-07,51.75,44.2
2016-06-08,51.52,44.29
2016-06-09,51.95,44.3
2016-06-10,52.67,43.96
2016-06-13,52.57,43.47
2016-06-14,52.99,43.57
2016-06-15,52.84,43.46
2016-06-16,53.46,43.55
2016-06-17,53.78,43.05
2016-06-20,53.76,43.23
2016-06-21,54.1,43.53
2016-06-22,54.03,43.38
2016-06-23,54.67,43.97
2016-06-24,54.43,42.28
2016-06-27,54.74,41.43
2016-06-28,54.82,42.25
2016-06-29,55.06,42.9
2016-06-30,55.84,43.37
2016-07-01,56.23,43.47
2016-07-05,56.53,43.15
2016-07-06,56.26,43.45
2016-07-07,55.38,43.45
2016-07-08,55.9,44.13
2016-07-11,55.93,44.39
2016-07-12,55.47,44.75
2016-07-13,56.0,44.76
2016-07-14,55.84,45.05
2016-07-15,55.84,45.01
2016-07-18,55.93,45.31
2016-07-19,55.7,45.21
2016-07-20,55.62,45.8
2016-07-21,55.37,45.56
2016-07-22,56.1,45.83
2016-07-25,55.87,45.77
2016-07-26,54.81,45.87
2016-07-27,55.32,46.25
2016-07-28,54.86,46.28
2016-07-29,55.41,46.45
2016-08-01,54.5,46.54
2016-08-02,54.0,46.19
2016-08-03,53.9,46.35
2016-08-04,53.93,46.6
2016-08-05,53.64,47.05
2016-08-08,53.59,47.04
2016-08-09,53.66,47.14
2016-08-10,53.81,46.99
2016-08-11,53.86,47.16
2016-08-12,53.65,47.11
2016-08-15,53.61,47.34
2016-08-16,52.76,46.99
2016-08-17,53.17,46.97
2016-08-18,52.87,46.99
2016-08-19,52.45,47.02
2016-08-22,52.55,47.02
2016-08-23,52.63,47.19
2016-08-24,52.53,46.93
2016-08-25,52.75,47.03
2016-08-26,52.07,47.05
2016-08-29,52.5,47.23
2016-08-30,52.27,47.07
2016-08-31,52.33,46.99
2016-09-01,52.56,47.14
2016-09-02,52.88,47.35
2016-09-06,53.51,47.59
2016-09-07,53.71,47.71
2016-09-08,53.6,47.32
2016-09-09,51.82,46.16
2016-09-12,52.57,46.93
2016-09-13,51.45,46.59
2016-09-14,51.49,46.81
2016-09-15,51.98,47.58
2016-09-16,51.88,47.21
2016-09-19,51.2,47.12
2016-09-20,51.27,47.09
2016-09-21,51.87,47.62
2016-09-22,52.35,47.91
2016-09-23,52.56,47.49
2016-09-26,52.15,47.21
2016-09-27,52.49,47.73
2016-09-28,52.06,47.82
2016-09-29,52.12,47.53
2016-09-30,51.98,47.78
2016-10-03,51.88,47.64
2016-10-04,51.26,47.47
2016-10-05,50.27,47.64
2016-10-06,50.26,47.75
2016-10-07,49.92,47.62
2016-10-10,50.19,47.95
2016-10-11,49.9,47.41
2016-10-12,50.3,47.49
2016-10-13,50.29,47.19
2016-10-14,50.28,47.37
2016-10-17,50.43,47.27
2016-10-18,50.27,47.53
2016-10-19,50.38,47.62
2016-10-20,49.14,47.4
2016-10-21,48.2,47.53
2016-10-24,48.21,47.99
2016-10-25,47.84,47.82
2016-10-26,47.63,47.55
2016-10-27,48.54,47.49
2016-10-28,48.21,47.44
2016-10-31,48.1,47.42
2016-11-01,47.66,47.01
2016-11-02,46.94,46.71
2016-11-03,46.87,46.26
2016-11-04,47.08,46.18
2016-11-07,47.46,47.18
2016-11-08,47.65,47.41
2016-11-09,47.86,47.35
2016-11-10,46.69,46.59
2016-11-11,46.69,46.73
2016-11-14,46.18,46.02
2016-11-15,47.37,46.67
2016-11-16,47.93,47.1
2016-11-17,47.84,47.4
2016-11-18,48.07,47.36
2016-11-21,48.31,47.84
2016-11-22,49.49,47.99
2016-11-23,50.23,47.8
2016-11-25,50.67,48.0
2016-11-28,51.12,48.04
2016-11-29,50.96,48.07
2016-11-30,49.9,47.5
2016-12-01,49.87,46.52
2016-12-02,49.81,46.69
2016-12-05,49.75,47.14
2016-12-06,50.36,47.28
2016-12-07,51.38,48.18
2016-12-08,51.13,48.3
2016-12-09,51.49,48.65
2016-12-12,51.76,48.5
2016-12-13,52.36,49.11
2016-12-14,51.63,48.94
2016-12-15,51.81,49.16
2016-12-16,52.27,48.59
2016-12-19,52.91,48.94
2016-12-20,53.12,49.12
2016-12-21,52.97,49.02
2016-12-22,53.65,48.92
2016-12-23,53.68,48.97
2016-12-27,53.64,49.17
2016-12-28,53.44,48.73
2016-12-29,53.74,48.74
2016-12-30,53.38,48.36
2017-01-03,54.58,48.79
2017-01-04,54.52,48.96
2017-01-05,54.64,49.04
2017-01-06,53.26,49.4
2017-01-09,52.68,49.39
2017-01-10,52.76,49.4
2017-01-11,52.46,49.63
2017-01-12,52.68,49.51
2017-01-13,52.55,49.66
2017-01-17,52.74,49.47
2017-01-18,52.25,49.6
2017-01-19,52.36,49.53
2017-01-20,52.72,49.8
2017-01-23,52.41,49.89
2017-01-24,50.12,50.2
2017-01-25,49.77,50.68
2017-01-26,49.12,50.54
2017-01-27,49.6,50.74
2017-01-30,49.37,50.33
2017-01-31,49.01,50.08
2017-02-01,48.39,50.46
2017-02-02,48.28,50.36
2017-02-03,48.58,50.69
2017-02-06,48.03,50.72
2017-02-07,48.04,50.92
2017-02-08,48.37,51.01
2017-02-09,48.81,51.17
2017-02-10,48.98,51.32
2017-02-13,48.55,51.55
2017-02-14,48.27,51.72
2017-02-15,48.08,51.89
2017-02-16,48.46,52.01
2017-02-17,49.19,52.19
2017-02-21,49.43,52.46
2017-02-22,49.67,52.52
2017-02-23,50.31,52.51
2017-02-24,50.6,52.63
2017-02-27,49.94,52.6
2017-02-28,49.63,52.35
2017-03-01,49.81,53.09
2017-03-02,49.98,52.74
2017-03-03,50.09,52.86
2017-03-06,50.03,52.78
2017-03-07,49.44,52.78
2017-03-08,49.16,52.84
2017-03-09,49.28,52.83
2017-03-10,49.35,53.11
2017-03-13,49.47,53.16
2017-03-14,49.36,53.04
2017-03-15,50.14,53.4
2017-03-16,50.04,53.43
2017-03-17,50.39,53.34
2017-03-20,50.24,53.3706
2017-03-21,50.16,52.61
2017-03-22,49.71,52.94
2017-03-23,49.64,52.8
2017-03-24,49.68,52.84
2017-03-27,49.14,52.84
2017-03-28,49.3,53.22
2017-03-29,49.13,53.31
2017-03-30,49.06,53.41
2017-03-31,48.75,53.31
2017-04-03,49.18,53.26
2017-04-04,49.31,53.3
2017-04-05,49.02,53.08
2017-04-06,48.43,53.09
2017-04-07,48.66,53.06
2017-04-10,48.54,52.96
2017-04-11,48.7,52.76
2017-04-12,48.92,52.58
2017-04-13,48.62,52.37
2017-04-17,48.81,52.85
2017-04-18,49.22,52.84
2017-04-19,48.94,52.8
2017-04-20,48.41,53.28
2017-04-21,47.25,53.17
2017-04-24,47.05,53.8
2017-04-25,46.7,54.08
2017-04-26,47.36,54.02
2017-04-27,46.67,54.24
2017-04-28,45.91,54.38
2017-05-01,45.88,54.79
2017-05-02,45.91,54.91
2017-05-03,46.15,54.81
2017-05-04,45.88,54.77
2017-05-05,46.69,54.97
2017-05-08,46.63,55.21
2017-05-09,46.42,55.28
2017-05-10,46.38,55.49
2017-05-11,46.02,55.42
2017-05-12,45.84,55.56
2017-05-15,45.38,55.87
2017-05-16,45.31,56.13
2017-05-17,44.48,54.6
2017-05-18,45.04,54.92
2017-05-19,45.42,55.24
2017-05-22,45.48,55.68
2017-05-23,45.48,55.78
2017-05-24,45.04,56.01
2017-05-25,45.31,56.41
2017-05-26,45.32,56.38
2017-05-30,46.2,56.62
2017-05-31,46.64,56.53
2017-06-01,46.51,56.67
2017-06-02,46.44,57.19
2017-06-05,46.37,57.24
2017-06-06,46.44,57.13
2017-06-07,46.5,57.31
2017-06-08,46.19,57.44
2017-06-09,46.72,56.02
2017-06-12,47.19,55.69
2017-06-13,46.46,56.09
2017-06-14,46.69,55.82
2017-06-15,46.64,55.57
2017-06-16,46.63,55.25
2017-06-19,46.57,56.07
2017-06-20,45.94,55.62
2017-06-21,45.41,55.93
2017-06-22,45.42,55.95
2017-06-23,45.39,56.3
2017-06-26,45.75,56.0
2017-06-27,44.84,55.08
2017-06-28,44.84,55.77
2017-06-29,44.41,54.77
2017-06-30,44.66,54.72
2017-07-03,45.0,54.34
2017-07-05,44.65,54.88
2017-07-06,43.52,54.38
2017-07-07,43.48,55.01
2017-07-10,43.2,55.41
2017-07-11,42.89,55.53
2017-07-12,43.22,56.25
2017-07-13,43.49,56.36
2017-07-14,43.56,56.86
2017-07-17,43.66,56.87
2017-07-18,43.36,57.13
2017-07-19,43.45,57.42
2017-07-20,44.22,57.54
2017-07-21,44.23,57.47
2017-07-24,43.71,57.61
2017-07-25,43.98,57.5
2017-07-26,44.4,57.72
2017-07-27,47.81,57.5
2017-07-28,47.94,57.44
2017-07-31,48.4,57.16
2017-08-01,48.89,57.45
2017-08-02,48.21,57.61
2017-08-03,48.61,57.48
2017-08-04,48.91,57.61
2017-08-07,48.86,57.96
2017-08-08,48.6,57.88
2017-08-09,48.22,57.85
2017-08-10,48.02,56.71
2017-08-11,48.06,57.1
2017-08-14,48.78,58.01
2017-08-15,48.48,58.1
2017-08-16,48.41,58.27
2017-08-17,47.89,57.13
2017-08-18,47.69,57.07
2017-08-21,48.14,57.05
2017-08-22,48.35,57.9
2017-08-23,48.28,57.76
2017-08-24,48.31,57.71
2017-08-25,48.68,57.7
2017-08-28,48.61,57.81
2017-08-29,48.51,58.06
2017-08-30,48.12,58.48
2017-08-31,47.97,58.83
2017-09-01,47.92,58.78
2017-09-05,47.36,58.26
2017-09-06,46.91,58.31
2017-09-07,46.2,58.51
2017-09-08,46.11,58.03
2017-09-11,46.3,58.85
2017-09-12,46.79,58.99
2017-09-13,47.25,58.91
2017-09-14,47.18,58.71
2017-09-15,47.86,58.74
2017-09-18,48.09,58.79
2017-09-19,49.34,59.05
2017-09-20,49.48,58.81
2017-09-21,48.94,58.49
2017-09-22,49.9,58.52
2017-09-25,49.9,57.83
2017-09-26,49.51,58.04
2017-09-27,49.51,58.63
2017-09-28,49.41,58.7
2017-09-29,49.49,59.1
2017-10-02,49.36,59.19
2017-10-03,49.85,59.33
2017-10-04,49.9,59.29
2017-10-05,49.77,59.86
2017-10-06,48.81,59.95
2017-10-09,49.05,60.1
2017-10-10,49.14,60.16
2017-10-11,48.86,60.36
2017-10-12,48.35,60.21
2017-10-13,47.86,60.5
2017-10-16,48.09,60.72
2017-10-17,48.4,60.72
2017-10-18,48.65,60.87
2017-10-19,49.21,60.69
2017-10-20,49.53,61.1
2017-10-23,48.99,60.81
2017-10-24,48.94,60.98
2017-10-25,48.64,60.65
2017-10-26,48.89,60.9
2017-10-27,48.87,62.54
2017-10-30,47.83,62.68
2017-10-31,47.87,62.95
2017-11-01,47.83,62.96
2017-11-02,47.46,62.99
2017-11-03,47.42,63.49
2017-11-06,45.53,63.63
2017-11-07,45.57,63.66
2017-11-08,45.46,64.01
2017-11-09,45.07,63.5
2017-11-10,44.88,63.5
2017-11-13,44.75,63.48
2017-11-14,44.22,63.35
2017-11-15,44.11,62.88
2017-11-16,44.77,63.76
2017-11-17,45.42,63.35
2017-11-20,46.2,63.59
2017-11-21,46.18,64.26
2017-11-22,47.1,64.14
2017-11-24,47.01,64.5
2017-11-27,47.66,64.5
2017-11-28,48.82,64.71
2017-11-29,49.9,63.28
2017-11-30,50.89,63.84
2017-12-01,51.25,63.51
2017-12-04,51.72,62.49
2017-12-05,50.92,62.51
2017-12-06,50.68,62.91
2017-12-07,50.42,63.3
2017-12-08,51.09,63.6
2017-12-11,51.84,64.15
2017-12-12,53.19,64.13
2017-12-13,52.89,64.15
2017-12-14,52.34,64.07
2017-12-15,52.67,64.56
2017-12-18,53.25,65.13
2017-12-19,52.83,64.73
2017-12-20,52.77,64.71
2017-12-21,53.01,64.58
2017-12-22,53.19,64.54
2017-12-26,53.22,64.11
2017-12-27,53.28,64.18
2017-12-28,53.43,64.29
2017-12-29,52.93,63.95
2018-01-02,53.53,64.74
2018-01-03,52.43,65.28
2018-01-04,52.6,65.61
2018-01-05,52.48,66.3
2018-01-08,52.39,66.55
2018-01-09,51.61,66.38
2018-01-10,51.69,66.15
2018-01-11,52.11,66.42
2018-01-12,51.86,66.81
2018-01-16,51.66,66.55
2018-01-17,51.72,67.55
2018-01-18,51.55,67.67
2018-01-19,51.91,67.8
2018-01-22,53.46,68.46
2018-01-23,53.23,68.76
2018-01-24,54.22,68.23
2018-01-25,54.29,68.11
2018-01-26,54.72,69.19
2018-01-29,54.13,68.56
2018-01-30,53.9,67.94
2018-01-31,54.07,68.45
2018-02-01,54.3,68.51
2018-02-02,52.98,66.48
2018-02-05,50.5,63.7
2018-02-06,50.83,65.53
2018-02-07,51.01,64.69
2018-02-08,49.04,62.01
2018-02-09,49.88,63.53
2018-02-12,50.11,64.67
2018-02-13,50.08,64.83
2018-02-14,49.51,66.02
2018-02-15,49.74,67.28
2018-02-16,50.15,67.18
2018-02-20,48.92,67.24
2018-02-21,47.96,66.81
2018-02-22,47.87,66.89
2018-02-23,48.29,68.29
2018-02-26,49.09,69.36
2018-02-27,48.04,68.66
2018-02-28,47.74,68.17
2018-03-01,47.96,67.04
2018-03-02,48.26,67.68
2018-03-05,48.71,68.37
2018-03-06,48.89,68.52
2018-03-07,48.84,68.9
2018-03-08,49.01,69.2
2018-03-09,49.01,70.51
2018-03-12,48.8,70.73
2018-03-13,48.65,69.92
2018-03-14,48.45,69.86
2018-03-15,48.29,69.9
2018-03-16,48.56,69.61
2018-03-19,48.31,68.23
2018-03-20,47.69,68.2
2018-03-21,47.28,67.79
2018-03-22,46.88,66.04
2018-03-23,46.29,64.28
2018-03-26,47.07,66.72
2018-03-27,47.31,64.58
2018-03-28,48.0,64.15
2018-03-29,47.82,65.42
2018-04-02,47.16,63.86
2018-04-03,47.5,64.49
2018-04-04,47.93,65.39
2018-04-05,48.24,65.66
2018-04-06,47.48,64.05
2018-04-09,46.92,64.55
2018-04-10,48.27,66.14
2018-04-11,47.58,65.75
2018-04-12,47.74,66.54
2018-04-13,47.66,66.32
2018-04-16,48.39,66.83
2018-04-17,48.85,68.07
2018-04-18,48.62,67.89
2018-04-19,48.43,67.14
2018-04-20,47.9,66.21
2018-04-23,48.66,65.97
2018-04-24,49.67,64.82
2018-04-25,50.1,64.83
2018-04-26,49.76,66.01
2018-04-27,51.57,65.89
2018-04-30,49.35,65.46
2018-05-01,48.82,66.28
2018-05-02,47.75,66.21
2018-05-03,47.84,66.36
2018-05-04,48.19,67.62
2018-05-07,47.73,68.09
2018-05-08,47.02,68.24
2018-05-09,46.38,69.08
2018-05-10,47.2,69.98
2018-05-11,48.62,69.88
2018-05-14,48.49,69.87
2018-05-15,47.79,69.21
2018-05-16,47.86,69.52
2018-05-17,47.85,69.16
2018-05-18,47.74,68.87
2018-05-21,48.43,69.47
2018-05-22,48.81,69.37
2018-05-23,48.59,69.88
2018-05-24,48.64,69.8
2018-05-25,48.52,69.75
2018-05-29,48.2,69.37
2018-05-30,48.6,69.88
2018-05-31,47.67,69.9
2018-06-01,47.81,71.09
2018-06-04,47.82,71.66
2018-06-05,47.97,71.91
2018-06-06,48.41,72.38
2018-06-07,49.01,71.8
2018-06-08,49.18,71.68
2018-06-11,49.3,71.76
2018-06-12,48.81,72.11
2018-06-13,47.4,71.74
2018-06-14,47.82,72.25
2018-06-15,48.06,71.72
2018-06-18,47.46,71.8
2018-06-19,48.5,71.43
2018-06-20,48.09,71.58
2018-06-21,48.63,71.03
2018-06-22,49.76,70.8
2018-06-25,49.6,69.33
2018-06-26,49.3,69.61
2018-06-27,49.31,68.66
2018-06-28,50.86,69.5
2018-06-29,50.31,69.47
2018-07-02,50.42,70.09
2018-07-03,50.7,69.26
2018-07-05,51.28,70.24
2018-07-06,51.48,71.06
2018-07-09,50.74,71.6
2018-07-10,51.34,71.77
2018-07-11,51.34,71.49
2018-07-12,51.24,72.62
2018-07-13,51.41,72.54
2018-07-16,51.59,72.37
2018-07-17,51.43,72.91
2018-07-18,51.14,72.79
2018-07-19,50.75,72.53
2018-07-20,50.62,72.55
2018-07-23,50.75,72.92
2018-07-24,51.51,73.32
2018-07-25,50.91,74.24
2018-07-26,51.18,73.1
2018-07-27,52.01,71.85
2018-07-30,52.49,70.73
2018-07-31,51.64,70.92
2018-08-01,51.73,71.56
2018-08-02,51.98,72.46
2018-08-03,52.27,72.72
2018-08-06,52.48,73.11
2018-08-07,52.46,73.39
2018-08-08,52.7,73.59
2018-08-09,53.01,73.62
2018-08-10,52.47,73.03
2018-08-13,52.22,72.93
2018-08-14,52.87,73.38
2018-08-15,53.24,72.72
2018-08-16,54.27,73.04
2018-08-17,54.79,73.15
2018-08-20,54.65,73.04
2018-08-21,54.91,73.16
2018-08-22,54.14,73.38
2018-08-23,54.28,73.54
2018-08-24,54.78,74.28
2018-08-27,54.85,74.96
2018-08-28,54.65,75.09
2018-08-29,54.57,75.77
2018-08-30,54.75,75.54
2018-08-31,54.37,75.6
2018-09-04,53.19,75.31
2018-09-05,53.82,74.37
2018-09-06,54.29,73.83
2018-09-07,54.0,73.58
2018-09-10,54.12,73.81
2018-09-11,54.72,74.44
2018-09-12,54.97,74.13
2018-09-13,54.94,75.0
2018-09-14,54.55,74.94
2018-09-17,54.7,74.0
2018-09-18,54.39,74.47
2018-09-19,53.5,74.28
2018-09-20,53.95,75.16
2018-09-21,54.42,74.61
2018-09-24,53.54,74.98
2018-09-25,53.05,74.89
2018-09-26,53.14,74.61
2018-09-27,53.59,75.05
2018-09-28,53.39,75.33
2018-10-01,53.84,75.69
2018-10-02,54.42,75.7
2018-10-03,54.29,75.93
2018-10-04,55.02,74.56
2018-10-05,54.94,73.62
2018-10-08,55.02,72.79
2018-10-09,54.99,73.05
2018-10-10,54.33,69.51
2018-10-11,53.33,68.63
2018-10-12,53.73,70.83
2018-10-15,53.6,69.67
2018-10-16,53.7,71.77
2018-10-17,53.96,71.44
2018-10-18,54.65,70.04
2018-10-19,54.9,70.01
2018-10-22,54.98,70.59
2018-10-23,57.21,70.32
2018-10-24,57.42,67.17
2018-10-25,56.43,69.48
2018-10-26,55.51,68.09
2018-10-29,56.48,66.94
2018-10-30,58.18,67.69
2018-10-31,57.09,69.3
2018-11-01,56.05,70.11
2018-11-02,56.63,68.74
2018-11-05,57.21,68.67
2018-11-06,57.21,69.1
2018-11-07,57.65,71.13
2018-11-08,58.27,71.07
2018-11-09,58.46,69.84
2018-11-12,58.72,67.38
2018-11-13,58.66,67.46
2018-11-14,58.94,66.65
2018-11-15,59.08,68.32
2018-11-16,60.21,68.21
2018-11-19,60.62,65.61
2018-11-20,59.46,64.2
2018-11-21,59.16,64.67
2018-11-23,58.64,64.08
2018-11-26,59.17,65.53
2018-11-27,60.65,65.66
2018-11-28,60.06,67.96
2018-11-29,59.45,67.3
2018-11-30,60.3,67.94
2018-12-03,58.16,69.44
2018-12-04,58.09,66.81
2018-12-06,58.08,66.96
2018-12-07,57.68,64.6
2018-12-10,58.27,65.49
2018-12-11,58.85,65.57
2018-12-12,57.25,66.08
2018-12-13,57.09,66.19
2018-12-14,57.08,64.57
2018-12-17,55.95,63.2
2018-12-18,55.65,63.7
2018-12-19,55.86,62.44
2018-12-20,55.07,61.32
2018-12-21,54.92,59.2
2018-12-24,53.05,57.62
2018-12-26,54.44,61.1
2018-12-27,55.15,61.54
2018-12-28,55.27,61.4
2018-12-31,56.22,61.98
2019-01-02,56.02,62.02
2019-01-03,56.22,58.89
2019-01-04,56.36,61.5
2019-01-07,56.72,62.05
2019-01-08,58.38,62.57
2019-01-09,57.05,63.38
2019-01-10,57.6,63.66
2019-01-11,58.02,63.54
2019-01-14,58.03,62.95
2019-01-15,58.1,63.9
2019-01-16,57.08,63.96
2019-01-17,56.83,64.37
2019-01-18,57.09,65.35
2019-01-22,56.99,64.25
2019-01-23,57.76,64.47
2019-01-24,57.07,65.01
2019-01-25,56.4,65.93
2019-01-28,55.07,65.05
2019-01-29,53.28,64.35
2019-01-30,54.0,66.35
2019-01-31,55.06,66.28
2019-02-01,54.55,66.67
2019-02-04,54.04,67.74
2019-02-05,54.14,68.31
2019-02-06,53.79,68.54
2019-02-07,53.57,67.6
2019-02-08,53.95,67.99
2019-02-11,54.05,67.96
2019-02-12,54.42,68.86
2019-02-13,54.48,68.95
2019-02-14,54.03,69.07
2019-02-15,55.16,69.62
2019-02-19,55.44,69.64
2019-02-20,55.76,69.72
2019-02-21,56.15,69.75
2019-02-22,56.92,70.64
2019-02-25,56.78,70.98
2019-02-26,56.64,71.13
2019-02-27,56.72,71.06
2019-02-28,56.92,70.86
2019-03-01,56.96,71.34
2019-03-04,56.24,71.07
2019-03-05,56.08,70.86
2019-03-06,55.68,70.49
2019-03-07,56.3,69.82
2019-03-08,56.53,69.81
2019-03-11,57.58,71.31
2019-03-12,57.43,71.73
2019-03-13,57.66,72.2
2019-03-14,57.95,72.35
2019-03-15,58.39,72.99
2019-03-18,58.07,73.3
2019-03-19,57.5,73.45
2019-03-20,57.67,73.25
2019-03-21,58.29,75.09
2019-03-22,59.76,73.32
2019-03-25,60.08,73.0
2019-03-26,60.63,73.4
2019-03-27,60.88,72.98
2019-03-28,59.08,73.28
2019-03-29,59.13,74.0
2019-04-01,59.09,75.01
2019-04-02,58.53,75.27
2019-04-03,58.87,75.88
2019-04-04,58.99,75.56
2019-04-05,59.09,75.92
2019-04-08,59.13,76.21
2019-04-09,58.4,75.85
2019-04-10,58.61,76.38
2019-04-11,58.56,76.28
2019-04-12,58.74,76.81
2019-04-15,58.71,76.78
2019-04-16,58.79,77.17
2019-04-17,57.78,77.6
2019-04-18,58.04,77.82
2019-04-22,58.37,78.0
2019-04-23,57.15,78.85
2019-04-24,57.08,78.88
2019-04-25,55.85,78.86
2019-04-26,56.58,78.56
2019-04-29,56.84,78.58
2019-04-30,57.19,78.71
2019-05-01,56.52,78.51
2019-05-02,56.99,78.1
2019-05-03,57.24,78.84
2019-05-06,56.91,78.23
2019-05-07,56.63,76.55
2019-05-08,56.38,76.46
2019-05-09,56.48,75.94
2019-05-10,56.91,76.18
2019-05-13,56.75,73.31
2019-05-14,56.55,74.49
2019-05-15,56.81,75.3
2019-05-16,57.38,75.99
2019-05-17,58.09,75.38
2019-05-20,59.01,74.07
2019-05-21,59.5,74.98
2019-05-22,59.25,74.59
2019-05-23,58.87,73.28
2019-05-24,59.32,73.3
2019-05-28,58.73,73.09
2019-05-29,58.18,72.66
2019-05-30,56.83,73.11
2019-05-31,54.35,71.89
2019-06-03,56.38,70.63
2019-06-04,56.22,72.99
2019-06-05,57.03,73.94
2019-06-06,57.54,74.8
2019-06-07,57.24,76.19
2019-06-10,56.15,76.97
2019-06-11,56.83,76.97
2019-06-12,57.36,76.54
2019-06-13,57.62,76.77
2019-06-14,58.28,76.1
2019-06-17,57.63,76.16
2019-06-18,57.33,77.54
2019-06-19,57.63,77.82
2019-06-20,57.34,78.96
2019-06-21,57.77,78.31
2019-06-24,58.27,78.46
2019-06-25,58.0,77.02
2019-06-26,56.99,77.85
2019-06-27,57.25,78.05
2019-06-28,57.13,78.04
2019-07-01,56.66,79.28
2019-07-02,58.13,79.49
2019-07-03,58.13,80.1
2019-07-05,58.31,79.95
2019-07-08,57.89,79.34
2019-07-09,56.41,79.62
2019-07-10,57.0,80.25
2019-07-11,56.92,80.55
2019-07-12,57.19,81.14
2019-07-15,57.58,81.41
2019-07-16,57.41,80.65
2019-07-17,57.22,80.44
2019-07-18,57.21,81.04
2019-07-19,56.59,80.69
2019-07-22,55.5,81.62
2019-07-23,55.48,82.07
2019-07-24,55.97,82.75
2019-07-25,56.36,82.41
2019-07-26,57.08,82.59
2019-07-29,57.37,82.54
2019-07-30,56.63,82.01
2019-07-31,55.27,80.77
2019-08-01,55.26,80.36
2019-08-02,55.59,79.05
2019-08-05,55.22,75.75
2019-08-06,55.05,77.01
2019-08-07,55.09,77.49
2019-08-08,55.82,79.39
2019-08-09,55.78,78.49
2019-08-12,55.69,77.46
2019-08-13,56.37,79.4
2019-08-14,55.72,76.96
2019-08-15,56.3,76.82
2019-08-16,56.65,78.28
2019-08-19,57.0,79.47
2019-08-20,56.27,79.07
2019-08-21,56.59,80.0
2019-08-22,56.78,79.81
2019-08-23,55.92,77.17
2019-08-26,56.71,78.24
2019-08-27,57.18,78.12
2019-08-28,57.95,78.19
2019-08-29,57.94,79.55
2019-08-30,58.16,79.53
2019-09-03,58.04,78.56
2019-09-04,58.18,79.9
2019-09-05,58.59,81.57
2019-09-06,59.06,81.5
2019-09-09,58.66,80.89
2019-09-10,59.71,80.48
2019-09-11,60.13,81.32
2019-09-12,60.43,81.76
2019-09-13,59.96,81.16
2019-09-16,59.5,80.96
2019-09-17,59.87,81.29
2019-09-18,59.93,81.28
2019-09-19,59.98,81.46
2019-09-20,60.29,80.26
2019-09-23,60.21,80.51
2019-09-24,60.51,79.73
2019-09-25,60.27,80.68
2019-09-26,60.44,80.77
2019-09-27,60.3,79.69
2019-09-30,60.36,80.53
2019-10-01,59.85,79.78
2019-10-02,58.91,78.28
2019-10-03,59.01,79.24
2019-10-04,59.9,80.55
2019-10-07,60.25,80.21
2019-10-08,59.72,78.74
2019-10-09,59.22,79.91
2019-10-10,59.83,80.46
2019-10-11,59.93,81.57
2019-10-14,59.6,81.52
2019-10-15,60.55,82.42
2019-10-16,60.29,81.85
2019-10-17,60.41,81.69
2019-10-18,61.05,80.91
2019-10-21,60.75,81.78
2019-10-22,60.77,80.68
2019-10-23,60.88,80.75
2019-10-24,60.58,81.93
2019-10-25,60.37,82.92
2019-10-28,60.18,83.97
2019-10-29,60.19,83.21
2019-10-30,60.82,83.72
2019-10-31,60.47,83.67
2019-11-01,60.37,84.67
2019-11-04,59.87,85.11
2019-11-05,59.5,85.01
2019-11-06,60.13,84.97
2019-11-07,60.53,85.64
2019-11-08,59.35,86.12
2019-11-11,59.61,86.16
2019-11-12,59.32,86.45
2019-11-13,59.41,86.64
2019-11-14,59.34,86.54
2019-11-15,59.51,87.24
2019-11-18,59.44,87.5
2019-11-19,59.5,87.67
2019-11-20,59.48,87.14
2019-11-21,59.61,86.7
2019-11-22,59.75,86.59
2019-11-25,59.38,87.85
2019-11-26,59.89,87.93
2019-11-27,60.1,88.42
2019-11-29,60.24,88.16
2019-12-02,59.96,86.9
2019-12-03,60.14,86.13
2019-12-04,60.53,86.48
2019-12-05,60.82,86.8
2019-12-06,61.19,87.76
2019-12-09,61.01,87.3
2019-12-10,61.23,87.37
2019-12-11,61.08,87.96
2019-12-12,61.17,88.9
2019-12-13,60.81,89.49
2019-12-16,61.23,90.29
2019-12-17,61.49,90.08
2019-12-18,60.86,90.07
2019-12-19,60.8,90.72
2019-12-20,62.07,90.95
2019-12-23,61.4,91.21
2019-12-24,61.28,91.24
2019-12-26,61.29,91.92
2019-12-27,61.53,91.91
2019-12-30,61.21,91.38
2019-12-31,61.4,91.67
2020-01-02,61.05,93.39
2020-01-03,60.4,92.34
2020-01-06,60.27,92.56
2020-01-07,59.6,92.52
2020-01-08,59.71,93.51
2020-01-09,58.85,94.57
2020-01-10,58.99,94.35
2020-01-13,59.15,95.53
2020-01-14,59.04,95.08
2020-01-15,59.1,95.19
2020-01-16,59.67,96.47
2020-01-17,60.13,97.12
2020-01-21,60.32,97.08
2020-01-22,60.48,97.43
2020-01-23,60.51,97.89
2020-01-24,60.28,97.43
2020-01-27,59.91,95.11
2020-01-28,60.7,96.93
2020-01-29,59.53,97.18
2020-01-30,59.36,98.02
2020-01-31,59.44,95.33
2020-02-03,58.05,96.59
2020-02-04,58.29,99.12
2020-02-05,59.13,99.7
2020-02-06,59.44,100.61
2020-02-07,59.94,99.69
2020-02-10,60.24,101.04
2020-02-11,58.69,100.7
2020-02-12,58.23,101.79
2020-02-13,58.65,101.52
2020-02-14,58.51,101.96
2020-02-18,57.91,101.58
2020-02-19,58.22,102.79
2020-02-20,58.09,101.72
2020-02-21,58.2,99.44
2020-02-24,57.99,95.33
2020-02-25,57.12,92.28
2020-02-26,57.14,92.7
2020-02-27,55.06,87.7
2020-02-28,54.16,88.37
2020-03-02,57.32,93.48
2020-03-03,55.7,89.93
2020-03-04,58.12,93.79
2020-03-05,57.16,90.83
2020-03-06,56.87,88.91
2020-03-09,55.83,82.16
2020-03-10,56.52,87.64
2020-03-11,54.83,83.5
2020-03-12,51.2,75.35
2020-03-13,54.17,84.19
2020-03-16,50.99,72.56
2020-03-17,54.31,77.5
2020-03-18,54.32,74.58
2020-03-19,53.62,74.85
2020-03-20,51.8,71.42
2020-03-23,50.31,70.4
2020-03-24,49.99,77.61
2020-03-25,49.94,77.51
2020-03-26,53.54,82.31
2020-03-27,52.77,78.59
2020-03-30,54.77,81.9
2020-03-31,53.73,80.37
2020-04-01,52.92,76.54
2020-04-02,55.25,78.33
2020-04-03,54.7,77.12
2020-04-06,56.7,83.7
2020-04-07,56.98,82.95
2020-04-08,57.8,85.18
2020-04-09,57.44,85.2
2020-04-13,56.67,85.39
2020-04-14,58.14,88.97
2020-04-15,56.93,87.03
2020-04-16,57.66,88.09
2020-04-17,58.46,89.26
2020-04-20,58.13,87.83
2020-04-21,56.82,84.15
2020-04-22,57.99,87.39
2020-04-23,57.59,86.79
2020-04-24,57.93,88.63
2020-04-27,57.81,89.39
2020-04-28,57.83,88.2
2020-04-29,58.12,91.82
2020-04-30,57.45,91.41
2020-05-01,56.83,88.9
2020-05-04,56.24,90.08
2020-05-05,56.51,91.32
2020-05-06,55.64,92.03
2020-05-07,55.58,93.41
2020-05-08,57.0,94.78
2020-05-11,56.4,95.41
2020-05-12,55.46,93.44
2020-05-13,54.85,91.83
2020-05-14,54.91,93.0
2020-05-15,54.71,93.47
2020-05-18,55.72,95.76
2020-05-19,54.38,95.41
2020-05-20,54.26,97.5
2020-05-21,53.97,96.14
2020-05-22,54.1,96.49
2020-05-26,54.3,96.39
2020-05-27,55.14,96.94
2020-05-28,55.72,96.75
2020-05-29,57.38,97.97
2020-06-01,55.78,97.94
2020-06-02,56.4,98.86
2020-06-03,56.83,99.63
2020-06-04,57.22,98.81
2020-06-05,57.74,101.41
2020-06-08,58.09,101.92
2020-06-09,57.86,102.4
2020-06-10,58.05,104.11
2020-06-11,56.45,98.14
2020-06-12,56.53,99.41
2020-06-15,56.15,100.37
2020-06-16,56.92,102.51
2020-06-17,56.65,102.49
2020-06-18,56.89,102.95
2020-06-19,56.16,102.24
2020-06-22,55.66,103.88
2020-06-23,54.94,104.63
2020-06-24,53.93,102.27
2020-06-25,54.28,103.58
2020-06-26,53.16,101.54
2020-06-29,54.69,102.65
2020-06-30,55.13,104.49
2020-07-01,54.67,104.66
2020-07-02,54.79,105.27
2020-07-06,55.24,107.11
2020-07-07,55.04,105.99
2020-07-08,55.38,107.72
2020-07-09,53.94,108.11
2020-07-10,54.49,108.08
2020-07-13,54.45,105.84
2020-07-14,55.44,107.06
2020-07-15,55.06,107.64
2020-07-16,55.78,106.31
2020-07-17,56.3,106.83
2020-07-20,55.87,109.56
2020-07-21,55.84,108.46
2020-07-22,55.75,109.33
2020-07-23,55.85,106.49
2020-07-24,56.85,105.2
2020-07-27,56.87,106.86
2020-07-28,57.48,105.61
2020-07-29,57.45,107.14
2020-07-30,57.3,107.74
2020-07-31,57.48,110.43
2020-08-03,57.24,113.15
2020-08-04,57.91,113.44
2020-08-05,57.54,113.86
2020-08-06,57.83,115.46
2020-08-07,58.53,113.74
2020-08-10,58.99,113.42
2020-08-11,58.51,111.38
2020-08-12,58.6,113.91
2020-08-13,58.52,113.96
2020-08-14,58.79,113.88
2020-08-17,58.78,114.64
2020-08-18,59.18,115.07
2020-08-19,59.05,114.93
2020-08-20,58.96,116.46
2020-08-21,58.99,117.94
2020-08-24,59.57,118.96
2020-08-25,59.42,119.56
2020-08-26,59.46,121.99
2020-08-27,59.43,122.09
2020-08-28,59.26,123.16
2020-08-31,59.27,123.55
2020-09-01,59.16,125.91
2020-09-02,60.53,127.03
2020-09-03,60.61,119.79
2020-09-04,60.48,118.12
2020-09-08,59.96,112.78
2020-09-09,60.04,116.46
2020-09-10,59.53,113.83
2020-09-11,59.79,112.96
2020-09-14,60.32,115.33
2020-09-15,60.6,116.47
2020-09-16,60.37,114.67
2020-09-17,60.59,113.72
2020-09-18,60.35,111.76
2020-09-21,59.61,112.44
2020-09-22,59.82,114.22
2020-09-23,58.91,110.66
2020-09-24,59.19,111.28
2020-09-25,59.39,113.94
2020-09-28,59.36,116.12
2020-09-29,59.24,115.73
2020-09-30,59.49,116.7
2020-10-01,59.45,117.93
2020-10-02,59.24,114.94
2020-10-05,59.66,117.46
2020-10-06,59.46,115.64
2020-10-07,59.61,117.76
2020-10-08,59.19,118.37
2020-10-09,59.33,120.18
2020-10-12,59.55,123.46
2020-10-13,59.36,122.67
2020-10-14,58.43,122.02
2020-10-15,58.16,121.47
2020-10-16,58.05,121.12
2020-10-19,57.3,118.9
2020-10-20,57.25,119.31
2020-10-21,56.75,119.13
2020-10-22,57.33,118.57
2020-10-23,57.96,118.44
2020-10-26,57.81,115.87
2020-10-27,57.38,116.45
2020-10-28,56.31,111.51
2020-10-29,56.76,113.37
2020-10-30,56.99,110.86
2020-11-02,57.7,111.14
2020-11-03,57.75,113.1
2020-11-04,57.22,117.5
2020-11-05,58.15,121.15
2020-11-06,58.53,121.58
2020-11-09,59.84,120.7
2020-11-10,61.1,118.45
2020-11-11,61.0,121.26
2020-11-12,60.79,120.18
2020-11-13,61.06,121.2
2020-11-16,60.89,122.37
2020-11-17,60.75,121.69
2020-11-18,60.32,120.39
2020-11-19,60.21,121.36
2020-11-20,60.04,120.11
2020-11-23,60.23,120.08
2020-11-24,60.64,121.75
2020-11-25,60.41,122.01
2020-11-27,60.58,122.66
2020-11-30,60.41,123.48
2020-12-01,60.58,125.06
2020-12-02,61.36,124.87
2020-12-03,61.74,124.79
2020-12-04,61.55,126.04
2020-12-07,61.35,126.4
2020-12-08,61.45,126.81
2020-12-09,61.46,124.38
2020-12-10,60.51,124.56
2020-12-11,60.35,124.3
2020-12-14,59.98,124.75
2020-12-15,60.55,126.83
2020-12-16,59.91,127.69
2020-12-17,60.01,128.7
2020-12-18,60.46,128.25
2020-12-21,59.49,128.08
2020-12-22,58.99,129.19
2020-12-23,58.96,128.21001
2020-12-24,58.84,129.06
2020-12-28,58.98,130.52
2020-12-29,58.81,129.89999
2020-12-30,58.14,129.83
2020-12-31,58.75,130.02
2021-01-04,58.85,127.9
2021-01-05,58.58,128.73
2021-01-06,59.29,126.51
2021-01-07,58.53,129.92
2021-01-08,57.8,130.75999
2021-01-11,57.46,129.67999
2021-01-12,57.26,129.06
2021-01-13,57.06,129.88
2021-01-14,57.04,128.74001
2021-01-15,57.38,127.42
2021-01-19,57.05,129.08
2021-01-20,57.26,131.64
2021-01-21,57.27,133.34
2021-01-22,57.47,132.83
2021-01-25,58.42,133.94
2021-01-26,56.57,134.03
2021-01-27,55.13,131.5
2021-01-28,55.37,132.03999
2021-01-29,54.75,128.92999
2021-02-01,54.28,132.16
2021-02-02,54.5,133.95
2021-02-03,54.79,133.49001
2021-02-04,55.14,135.62
2021-02-05,55.32,135.32001
2021-02-08,55.05,136.74001
2021-02-09,55.0,136.58
2021-02-10,54.96,136.38
2021-02-11,54.6,137.88
2021-02-12,54.2,138.59
2021-02-16,54.15,138.14
2021-02-17,56.99,136.92
2021-02-18,56.98,136.25
2021-02-19,56.45,136.05
2021-02-22,56.45,133.05
2021-02-23,57.03,132.67999
2021-02-24,57.12,134.71001
2021-02-25,56.5,130.0
2021-02-26,55.3,130.69
2021-03-01,55.36,134.89999
2021-03-02,54.98,132.75999
2021-03-03,55.38,129.42
2021-03-04,54.8,126.56
2021-03-05,56.0,128.95
2021-03-08,56.79,125.83
2021-03-09,56.2,130.11
2021-03-10,57.08,129.59
2021-03-11,55.51,132.36
2021-03-12,55.63,131.41
2021-03-15,55.64,132.81
2021-03-16,55.64,133.81
2021-03-17,55.75,133.7
2021-03-18,56.31,129.99001
2021-03-19,56.24,129.60001
2021-03-22,56.59,131.87
2021-03-23,56.91,131.05
2021-03-24,57.01,129.46001
2021-03-25,57.38,129.38
2021-03-26,58.18,132.67
2021-03-29,58.83,131.98
2021-03-30,58.59,130.73
2021-03-31,58.15,132.81
2021-04-01,58.3,135.48
2021-04-05,58.87,138.28
2021-04-06,59.11,137.69
2021-04-07,59.0,138.42
2021-04-08,57.6,140.42
2021-04-09,57.49,141.77
2021-04-12,57.54,141.09
2021-04-13,57.62,142.42
2021-04-14,57.7,140.91
2021-04-15,57.7,143.33
2021-04-16,58.28,143.3
2021-04-19,58.39,142.11
2021-04-20,58.39,140.85001
2021-04-21,58.14,142.27
2021-04-22,57.28,140.60001
2021-04-23,57.3,142.7
2021-04-26,56.94,143.42999
2021-04-27,56.32,143.08
2021-04-28,56.43,141.75
2021-04-29,57.32,141.63
2021-04-30,57.79,139.7
2021-05-03,57.92,139.31
2021-05-04,58.6,136.81
2021-05-05,58.69,136.48
2021-05-06,59.29,137.85001
2021-05-07,58.72,139.03
2021-05-10,59.52,135.52
2021-05-11,58.54,135.11
2021-05-12,58.41,131.31
2021-05-13,58.81,133.05
2021-05-14,58.69,135.98
2021-05-17,57.94,134.98
2021-05-18,57.18,133.89999
2021-05-19,56.92,134.37
2021-05-20,56.79,136.94
2021-05-21,56.91,136.19
2021-05-24,56.98,138.61
2021-05-25,56.48,138.64999
2021-05-26,56.36,138.64
2021-05-27,56.29,137.91
2021-05-28,56.49,138.39999
2021-06-01,56.38,137.72
2021-06-02,56.65,138.67
2021-06-03,56.98,137.38
2021-06-04,57.3,140.02
2021-06-07,57.2,139.99001
2021-06-08,57.15,140.0
2021-06-09,57.05,140.10001
2021-06-10,57.34,141.13
2021-06-11,57.33,141.97
2021-06-14,57.18,143.41
2021-06-15,57.29,142.53
2021-06-16,56.64,141.75999
2021-06-17,56.53,143.39999
2021-06-18,55.82,142.09
2021-06-21,56.39,143.35001
2021-06-22,56.37,144.64999
2021-06-23,56.07,144.49001
2021-06-24,56.37,145.39999
2021-06-25,56.38,145.23
2021-06-28,56.18,146.75
2021-06-29,55.84,147.82001
2021-06-30,56.03,147.66
2021-07-01,56.29,147.91
2021-07-02,56.44,149.86
2021-07-06,56.41,150.42999
2021-07-07,56.53,151.25
2021-07-08,55.68,149.82001
2021-07-09,56.07,151.2
2021-07-12,56.15,151.32001
2021-07-13,56.09,151.94
2021-07-14,56.32,153.06
2021-07-15,56.55,151.8
2021-07-16,56.46,150.3
2021-07-19,55.84,148.23
2021-07-20,55.58,150.42999
2021-07-21,55.95,151.88
2021-07-22,55.95,153.0
2021-07-23,55.88,154.52
2021-07-26,55.78,154.44
2021-07-27,56.2,152.98
2021-07-28,55.72,152.78999
2021-07-29,55.98,153.5
2021-07-30,55.78,153.39999
2021-08-02,55.76,152.85001
2021-08-03,55.73,153.83
2021-08-04,55.37,154.14
2021-08-05,55.3,154.99001
2021-08-06,55.22,154.86
2021-08-09,55.12,154.36
2021-08-10,55.48,153.25
2021-08-11,55.57,153.27
2021-08-12,55.64,154.14999
2021-08-13,55.87,154.99001
2021-08-16,55.98,155.69
2021-08-17,56.18,154.39999
2021-08-18,55.47,152.27
2021-08-19,55.37,153.75999
2021-08-20,55.52,155.74001
2021-08-23,55.42,157.75
2021-08-24,55.01,157.57001
2021-08-25,54.93,157.48
2021-08-26,54.6,156.49001
2021-08-27,54.77,158.0
2021-08-30,54.77,159.7
2021-08-31,55.0,158.86
2021-09-01,54.94,158.89999
2021-09-02,55.29,158.73
2021-09-03,55.43,159.36
2021-09-07,54.82,159.39999
2021-09-08,54.91,158.78999
2021-09-09,54.44,158.19
2021-09-10,54.23,156.63
2021-09-13,54.62,156.67999
2021-09-14,54.41,156.48
2021-09-15,54.57,157.85001
2021-09-16,54.43,157.94
2021-09-17,54.28,155.48
2021-09-20,54.26,152.38
2021-09-21,54.03,152.44
2021-09-22,54.06,154.53
2021-09-23,54.42,156.60001
2021-09-24,54.37,156.71001
2021-09-27,54.47,155.19
2021-09-28,54.16,150.59
2021-09-29,54.38,150.39999
2021-09-30,54.01,149.32001
2021-10-01,54.3,151.57001
2021-10-04,54.5,148.06
2021-10-05,54.51,150.17
2021-10-06,54.53,151.14999
2021-10-07,53.9,152.53
2021-10-08,53.24,151.96001
2021-10-11,52.18,151.12
2021-10-12,51.33,150.34
2021-10-13,51.35,151.25999
2021-10-14,51.92,154.67
2021-10-15,52.27,155.91
2021-10-18,51.91,157.23
2021-10-19,52.35,158.78999
2021-10-20,53.61,158.35001
2021-10-21,53.39,158.96001
2021-10-22,52.93,158.41
2021-10-25,52.58,158.92999
2021-10-26,53.08,159.38
2021-10-27,52.63,159.24001
2021-10-28,52.8,160.84
2021-10-29,52.99,161.53
2021-11-01,52.95,161.28999
2021-11-02,52.57,162.71001
2021-11-03,52.94,163.66
2021-11-04,51.85,166.22
2021-11-05,52.24,167.08
2021-11-08,52.33,167.98
2021-11-09,52.24,167.28999
2021-11-10,52.6,164.53
2021-11-11,52.45,165.3
2021-11-12,52.34,167.31
2021-11-15,52.4,167.14
2021-11-16,52.06,168.89999
2021-11-17,51.73,168.39
2021-11-18,51.24,170.07001
2021-11-19,50.86,171.31
2021-11-22,51.54,169.39999
2021-11-23,51.75,169.00999
2021-11-24,51.66,170.24001
2021-11-26,51.8,165.99001
2021-11-29,51.66,170.14
2021-11-30,50.27,168.72
2021-12-01,49.77,166.41
2021-12-02,50.73,167.94
2021-12-03,51.42,165.13
2021-12-06,51.07,166.7
2021-12-07,50.79,172.52
2021-12-08,50.49,173.31
2021-12-09,50.16,171.44
2021-12-10,50.19,174.88
2021-12-13,50.28,172.28
2021-12-14,50.65,169.45
2021-12-15,50.55,173.94
2021-12-16,52.75,169.00999
2021-12-17,53.17,167.88
2021-12-20,53.09,165.57001
2021-12-21,52.78,169.75999
2021-12-22,52.77,171.98
2021-12-23,52.68,172.94
2021-12-27,52.68,176.64999
2021-12-28,52.72,175.73
2021-12-29,52.36,175.88
2021-12-30,52.25,174.72
2021-12-31,51.96,173.87
2022-01-03,52.44,175.52
2022-01-04,53.47,173.66
2022-01-05,54.02,168.32001
2022-01-06,53.76,167.47
2022-01-07,54.24,165.92999
2022-01-10,53.87,165.96001
2022-01-11,53.59,167.95
2022-01-12,53.45,168.74001
2022-01-13,53.52,164.37
2022-01-14,53.28,165.75999
2022-01-18,53.43,161.78
2022-01-19,53.5,159.52
2022-01-20,53.4,157.46001
2022-01-21,53.16,154.33
2022-01-24,52.96,155.13
2022-01-25,52.9,151.53999
2022-01-26,51.02,152.42999
2022-01-27,51.19,151.38
2022-01-28,52.9,158.0
2022-01-31,53.23,161.97
2022-02-01,53.2,162.39
2022-02-02,53.8,163.71001
2022-02-03,53.79,158.96001
2022-02-04,53.31,159.60001
2022-02-07,53.0,158.53999
2022-02-08,52.82,160.5
2022-02-09,53.5,164.06
2022-02-10,53.04,159.77
2022-02-11,53.32,154.89
2022-02-14,53.27,154.84
2022-02-15,53.36,158.91
2022-02-16,53.4,158.75
2022-02-17,53.58,154.0
2022-02-18,53.83,152.44
2022-02-22,53.9,151.03
2022-02-23,53.41,147.25
2022-02-24,52.59,152.28
2022-02-25,54.12,154.35001
2022-02-28,53.67,154.07001
2022-03-01,53.61,150.99001
2022-03-02,54.14,154.25999
2022-03-03,54.66,152.42
2022-03-04,55.11,149.75
2022-03-07,54.68,144.27
2022-03-08,53.25,143.57001
2022-03-09,53.08,149.25
2022-03-10,53.23,146.64
2022-03-11,53.04,144.06
2022-03-14,52.5,141.39
2022-03-15,52.76,146.14
2022-03-16,52.49,150.89
2022-03-17,52.36,151.96001
2022-03-18,50.8,155.07001
2022-03-21,51.1,154.49001
2022-03-22,51.0,156.71001
2022-03-23,50.97,154.3
2022-03-24,51.0,158.31
2022-03-25,51.28,158.22
2022-03-28,51.17,160.10001
2022-03-29,51.25,163.5
2022-03-30,51.61,161.32001
2022-03-31,50.94,158.92999
2022-04-01,52.12,158.46001
2022-04-04,52.46,161.47
2022-04-05,52.78,158.07001
2022-04-06,53.2,154.33
2022-04-07,52.67,154.57001
2022-04-08,53.53,152.41
2022-04-11,53.9,148.57001
2022-04-12,53.67,147.91
2022-04-13,54.14,150.28999
2022-04-14,53.83,146.64
2022-04-18,53.39,147.12
2022-04-19,53.75,149.88
2022-04-20,54.41,149.74001
2022-04-21,55.01,147.2
2022-04-22,51.91,143.08
2022-04-25,50.28,145.23
2022-04-26,49.41,139.82001
2022-04-27,48.46,141.89
2022-04-28,48.4,147.57001
2022-04-29,46.3,141.42
2022-05-02,46.23,143.57001
2022-05-03,47.17,143.82001
2022-05-04,48.37,148.87
2022-05-05,47.84,141.71001
2022-05-06,48.27,140.57001
2022-05-09,48.62,135.13
2022-05-10,48.13,137.19
2022-05-11,47.88,132.86
2022-05-12,48.06,131.49001
2022-05-13,48.18,135.86
2022-05-16,49.04,134.66
2022-05-17,48.94,138.56
2022-05-18,48.89,132.22
2022-05-19,49.1,130.77
2022-05-20,49.53,131.06
2022-05-23,49.67,134.07001
2022-05-24,50.68,132.08
2022-05-25,51.24,133.62
2022-05-26,50.99,136.83
2022-05-27,51.4,141.46001
2022-05-31,51.29,140.45
2022-06-01,51.4,140.03
2022-06-02,51.29,143.42
2022-06-03,50.81,139.99001
2022-06-06,51.24,140.0
2022-06-07,51.65,141.67
2022-06-08,51.55,140.07001
2022-06-09,50.94,136.33
2022-06-10,50.82,131.09
2022-06-13,49.59,125.28
2022-06-14,49.16,126.07
2022-06-15,49.15,128.73
2022-06-16,48.84,123.49
2022-06-17,49.03,124.62
2022-06-21,50.65,127.46
2022-06-22,50.79,126.92
2022-06-23,52.09,128.82001
2022-06-24,50.96,133.45
2022-06-27,50.96,132.55
2022-06-28,50.46,128.58
2022-06-29,50.94,128.84
2022-06-30,50.75,127.12
2022-07-01,51.64,127.41
2022-07-05,51.42,129.00999
2022-07-06,51.51,130.12
2022-07-07,50.71,132.81
2022-07-08,50.49,132.87
2022-07-11,50.5,131.03999
2022-07-12,50.78,129.25
2022-07-13,50.51,128.91
2022-07-14,50.49,130.09
2022-07-15,51.02,132.38
2022-07-18,50.28,131.10001
2022-07-19,50.45,135.10001
2022-07-20,49.07,137.21001
2022-07-21,47.66,139.14
2022-07-22,44.45,137.22
2022-07-25,44.76,136.35001
2022-07-26,44.92,134.14
2022-07-27,44.91,139.91
2022-07-28,45.55,142.03999
2022-07-29,46.19,144.22
2022-08-01,46.26,143.91
2022-08-02,45.34,142.89
2022-08-03,45.33,146.69
2022-08-04,44.43,147.36
2022-08-05,44.95,147.02
2022-08-08,44.54,145.77
2022-08-09,44.68,144.31
2022-08-10,44.84,148.25
2022-08-11,44.78,147.67
2022-08-12,45.15,150.61
2022-08-15,45.56,151.56
2022-08-16,45.8,151.14999
2022-08-17,45.34,150.07001
2022-08-18,44.19,150.85001
2022-08-19,44.42,148.11
2022-08-22,44.17,143.98
2022-08-23,43.47,143.60001
2022-08-24,43.55,143.69
2022-08-25,43.74,146.12
2022-08-26,43.25,139.88
2022-08-29,43.33,138.03
2022-08-30,42.53,136.59
2022-08-31,41.81,135.25999
2022-09-01,41.81,134.60001
2022-09-02,41.3,132.85001
2022-09-06,41.1,131.97
2022-09-07,41.08,134.08
2022-09-08,41.32,134.53999
2022-09-09,42.24,137.2
2022-09-12,42.76,139.39999
2022-09-13,41.75,132.0
2022-09-14,41.28,132.48
2022-09-15,41.03,129.42999
2022-09-16,41.25,128.71001
2022-09-19,41.24,129.44
2022-09-20,40.59,128.67999
2022-09-21,39.48,126.67
2022-09-22,39.93,125.38
2022-09-23,39.52,123.74
2022-09-26,38.93,122.88
2022-09-27,38.89,123.04
2022-09-28,39.39,124.34
2022-09-29,38.64,121.1
2022-09-30,37.97,118.78
2022-10-03,39.16,122.46
2022-10-04,39.81,126.57
2022-10-05,39.4,126.99
2022-10-06,37.84,125.95
2022-10-07,36.85,120.77
2022-10-10,36.62,118.74
2022-10-11,35.94,116.92
2022-10-12,35.68,116.56
2022-10-13,36.4,120.18
2022-10-14,36.38,116.8
2022-10-17,37.18,120.36
2022-10-18,37.07,121.38
2022-10-19,36.57,121.03
2022-10-20,37.0,121.1
2022-10-21,35.35,124.34
2022-10-24,35.97,126.06
2022-10-25,36.43,128.47
2022-10-26,36.43,125.61
2022-10-27,36.18,124.18
2022-10-28,37.67,129.58
2022-10-31,37.37,127.87
2022-11-01,37.37,126.8
2022-11-02,37.71,122.42
2022-11-03,37.15,118.82
2022-11-04,37.24,120.99
2022-11-07,37.19,123.01
2022-11-08,37.87,124.19
2022-11-09,37.62,120.96
2022-11-10,38.52,130.89999
2022-11-11,38.3,133.14
2022-11-14,38.31,132.0
2022-11-15,37.7,133.60001
2022-11-16,37.88,131.77
2022-11-17,38.16,131.94
2022-11-18,38.55,132.09
2022-11-21,38.62,130.67
2022-11-22,39.2,133.2
2022-11-23,38.92,134.38
2022-11-25,39.02,133.60001
2022-11-28,38.24,130.74001
2022-11-29,38.34,129.46001
2022-11-30,38.98,135.96001
2022-12-01,38.33,136.14999
2022-12-02,38.18,135.36
2022-12-05,37.07,133.11
2022-12-06,36.89,130.25999
2022-12-07,37.17,129.60001
2022-12-08,37.1,131.72
2022-12-09,37.4,130.91
2022-12-12,37.95,133.77
2022-12-13,37.86,135.35001
2022-12-14,37.45,134.21001
2022-12-15,37.77,129.19
2022-12-16,37.12,127.48
2022-12-19,37.03,125.42
2022-12-20,36.99,125.61
2022-12-21,37.78,127.69
2022-12-22,38.31,124.47
2022-12-23,38.41,124.6
2022-12-27,39.25,123.42
2022-12-28,38.81,121.43
2022-12-29,39.26,124.61
2022-12-30,39.4,124.44
2023-01-03,40.12,123.26
2023-01-04,41.13,123.58
2023-01-05,41.7,121.18
2023-01-06,42.19,124.73
2023-01-09,41.37,126.18
2023-01-10,41.95,126.96
2023-01-11,41.18,129.16
2023-01-12,41.81,130.12
2023-01-13,41.86,130.49001
2023-01-17,40.85,131.08
2023-01-18,39.97,129.39
2023-01-19,40.06,127.88
2023-01-20,40.0,131.34
2023-01-23,39.63,134.33
2023-01-24,40.42,134.27
2023-01-25,40.33,133.99001
2023-01-26,40.27,136.13
2023-01-27,40.64,136.7
2023-01-30,41.05,134.09
2023-01-31,41.57,135.96001
2023-02-01,41.69,139.16
2023-02-02,41.83,142.96001
2023-02-03,41.51,141.77
2023-02-06,41.28,140.03999
2023-02-07,40.55,143.53999
2023-02-08,40.52,141.81
2023-02-09,39.81,141.03
2023-02-10,40.01,140.38
2023-02-13,40.32,142.81
2023-02-14,40.33,143.42
2023-02-15,40.38,144.09
2023-02-16,39.84,141.59
2023-02-17,40.22,139.82001
2023-02-21,39.2,136.5
2023-02-22,39.28,136.3
2023-02-23,38.53,138.56
2023-02-24,38.74,136.09
2023-02-27,38.88,136.82001
2023-02-28,38.81,136.52
2023-03-01,38.3,135.52
2023-03-02,38.41,137.19
2023-03-03,38.26,140.14
2023-03-06,38.15,140.81
2023-03-07,37.91,139.06
2023-03-08,37.53,140.21001
2023-03-09,36.55,138.2
2023-03-10,36.68,135.77
2023-03-13,36.54,136.50999
2023-03-14,36.88,139.66
2023-03-15,37.06,139.74001
2023-03-16,36.58,143.66
2023-03-17,36.79,143.46001
2023-03-20,37.43,143.53
2023-03-21,37.74,144.69
2023-03-22,37.31,143.25
2023-03-23,37.37,145.58
2023-03-24,37.66,145.96001
2023-03-27,38.05,144.83
2023-03-28,38.0,144.14999
2023-03-29,38.48,147.17
2023-03-30,38.66,148.88
2023-03-31,38.89,151.00999
2023-04-03,39.22,150.77
2023-04-04,39.65,149.94
2023-04-05,40.11,148.23
2023-04-06,39.48,149.07001
2023-04-10,39.35,148.99001
2023-04-11,39.45,147.59
2023-04-12,39.2,146.75
2023-04-13,39.32,149.48
2023-04-14,39.22,148.64999
2023-04-17,39.46,149.19
2023-04-18,38.94,149.64999
2023-04-19,38.6,149.22
2023-04-20,37.19,148.24001
2023-04-21,37.32,147.75999
2023-04-24,37.1,147.11
2023-04-25,37.3,143.97
2023-04-26,36.92,146.11
2023-04-27,38.79,149.21001
2023-04-28,38.83,150.83
2023-05-01,38.71,150.92
2023-05-02,37.67,149.50999
2023-05-03,37.98,148.25
2023-05-04,37.35,147.53999
2023-05-05,37.83,151.24001
2023-05-08,37.83,151.16
2023-05-09,37.57,150.0
2023-05-10,37.63,151.83
2023-05-11,37.6,151.14999
2023-05-12,37.59,150.95
2023-05-15,36.77,152.2
2023-05-16,36.05,152.36
2023-05-17,36.18,154.39
2023-05-18,36.13,157.55
2023-05-19,36.05,157.48
2023-05-22,35.96,157.78
2023-05-23,36.24,155.45
2023-05-24,35.87,154.31
2023-05-25,34.82,160.23
2023-05-26,35.0,164.78
2023-05-30,34.9,165.66
2023-05-31,35.63,164.28
2023-06-01,35.72,165.95
2023-06-02,34.58,166.89999
2023-06-05,34.46,165.94
2023-06-06,34.7,165.89999
2023-06-07,35.26,163.42
2023-06-08,35.43,165.19
2023-06-09,35.47,166.00999
2023-06-12,35.61,169.62
2023-06-13,35.48,170.64999
2023-06-14,35.73,172.41
2023-06-15,36.44,174.63
2023-06-16,36.46,173.19
2023-06-20,35.81,171.66
2023-06-21,35.83,169.12
2023-06-22,35.85,170.5
2023-06-23,35.51,168.64999
2023-06-26,36.11,167.44
2023-06-27,36.55,170.74001
2023-06-28,36.82,170.84
2023-06-29,36.99,171.14
2023-06-30,37.19,173.86
2023-07-03,37.28,173.49001
2023-07-05,37.48,172.42
2023-07-06,37.13,171.96001
2023-07-07,35.9,171.21001
2023-07-10,35.14,171.66
2023-07-11,34.99,172.03
2023-07-12,34.86,173.98
2023-07-13,34.64,176.25
2023-07-14,34.01,175.99001
2023-07-17,31.46,178.24001
2023-07-18,32.27,180.25999
2023-07-19,33.97,179.81
2023-07-20,33.64,176.22
2023-07-21,33.88,176.13
2023-07-24,33.98,176.44
2023-07-25,34.24,178.46001
2023-07-26,34.34,176.06
2023-07-27,33.55,175.55
2023-07-28,34.03,177.94
2023-07-31,34.08,178.35001
2023-08-01,33.43,178.64999
2023-08-02,33.32,174.23
2023-08-03,33.06,173.52
2023-08-04,32.62,171.16
2023-08-07,32.53,171.64
2023-08-08,32.57,170.32001
2023-08-09,32.71,168.12
2023-08-10,33.02,168.14
2023-08-11,33.36,166.89999
2023-08-14,33.56,169.56
2023-08-15,33.26,167.89
2023-08-16,33.27,166.28999
2023-08-17,33.06,164.71001
2023-08-18,33.18,164.96001
2023-08-21,33.0,168.11
2023-08-22,33.2,167.92
2023-08-23,33.19,170.95
2023-08-24,33.38,167.00999
2023-08-25,33.35,168.71001
2023-08-28,33.55,170.09
2023-08-29,34.69,173.5
2023-08-30,34.64,174.81
2023-08-31,34.98,175.66
2023-09-01,34.86,176.2
2023-09-05,34.3,176.83
2023-09-06,34.18,174.96001
2023-09-07,33.81,172.42999
2023-09-08,33.45,172.78999
2023-09-11,33.94,173.69
2023-09-12,34.04,170.53999
2023-09-13,33.86,170.97
2023-09-14,34.04,172.21001
2023-09-15,33.79,168.89999
2023-09-18,33.53,169.35001
2023-09-19,33.4,169.25999
2023-09-20,33.6,166.60001
2023-09-21,33.29,164.06
2023-09-22,33.28,164.41
2023-09-25,33.16,164.94
2023-09-26,32.99,161.97
2023-09-27,32.4,162.22
2023-09-28,32.55,163.37
2023-09-29,32.41,163.92999
2023-10-02,31.76,165.69
2023-10-03,31.98,162.88
2023-10-04,31.54,164.91
2023-10-05,31.82,165.13
2023-10-06,30.85,168.22
2023-10-09,31.45,169.09
2023-10-10,31.76,169.35001
2023-10-11,31.46,170.92
2023-10-12,30.91,171.08
2023-10-13,30.67,168.63
2023-10-16,31.25,170.25
2023-10-17,31.51,169.46001
2023-10-18,31.05,167.72
2023-10-19,31.58,166.75999
2023-10-20,31.57,163.94
2023-10-23,31.39,164.13
2023-10-24,34.3,165.25999
2023-10-25,33.69,163.31
2023-10-26,34.47,160.19
2023-10-27,33.44,161.12
2023-10-30,34.62,162.85001
2023-10-31,35.13,164.00999
2023-11-01,35.4,167.17999
2023-11-02,35.9,170.00999
2023-11-03,36.02,171.75999
2023-11-06,35.64,172.89
2023-11-07,35.94,174.78
2023-11-08,35.77,175.77
2023-11-09,35.62,174.95
2023-11-10,35.71,179.52
2023-11-13,35.82,178.47
2023-11-14,35.88,182.03999
2023-11-15,36.0,182.27
2023-11-16,36.18,183.17999
2023-11-17,36.23,182.8
2023-11-20,36.73,185.45
2023-11-21,37.25,183.95
2023-11-22,37.35,184.77
2023-11-24,37.41,184.41
2023-11-27,37.35,184.39999
2023-11-28,37.47,184.75
2023-11-29,37.76,184.89
2023-11-30,38.33,185.16
2023-12-01,38.58,185.58
2023-12-04,38.04,183.32001
2023-12-05,38.42,184.42
2023-12-06,38.5,182.86
2023-12-07,38.65,185.08
2023-12-08,38.25,186.66
2023-12-11,37.67,188.28999
2023-12-12,37.3,189.53999
2023-12-13,36.99,191.21001
2023-12-14,37.87,190.74001
2023-12-15,37.37,191.7
2023-12-18,37.67,191.85001
2023-12-19,37.57,192.58
2023-12-20,37.3,189.67
2023-12-21,37.43,191.8
2023-12-22,37.49,192.05
2023-12-26,37.48,192.85001
2023-12-27,37.31,192.84
2023-12-28,37.49,193.07001
2023-12-29,37.7,192.48
