date,WFC,XLF
2010-01-04,27.32,14.69
2010-01-05,28.07,14.96
2010-01-06,28.11,14.99
2010-01-07,29.13,15.31
2010-01-08,28.86,15.22
2010-01-11,28.8,15.23
2010-01-12,28.08,15.01
2010-01-13,28.58,15.18
2010-01-14,28.99,15.25
2010-01-15,28.08,14.94
2010-01-19,28.28,15.13
2010-01-20,27.82,15.09
2010-01-21,28.0,14.66
2010-01-22,27.26,14.182
2010-01-25,27.66,14.26
2010-01-26,26.99,14.01
2010-01-27,28.2,14.35
2010-01-28,28.45,14.28
2010-01-29,28.43,14.18
2010-02-01,28.93,14.42
2010-02-02,28.79,14.558
2010-02-03,28.14,14.4
2010-02-04,27.06,13.78
2010-02-05,27.42,13.94
2010-02-08,26.43,13.66
2010-02-09,26.71,13.8
2010-02-10,27.18,13.91
2010-02-11,27.08,13.94
2010-02-12,26.88,13.95
2010-02-16,27.39,14.24
2010-02-17,27.33,14.29
2010-02-18,27.34,14.38
2010-02-19,27.37,14.46
2010-02-22,28.01,14.65
2010-02-23,27.29,14.38
2010-02-24,27.66,14.63
2010-02-25,27.44,14.59
2010-02-26,27.34,14.68
2010-03-01,27.35,14.72
2010-03-02,27.87,14.77
2010-03-03,28.2,14.78
2010-03-04,28.43,14.93
2010-03-05,29.15,15.22
2010-03-08,28.89,15.25
2010-03-09,28.98,15.3
2010-03-10,29.57,15.47
2010-03-11,29.76,15.6
2010-03-12,29.63,15.54
2010-03-15,29.89,15.54
2010-03-16,30.28,15.729
2010-03-17,30.55,15.92
2010-03-18,30.29,15.83
2010-03-19,30.38,15.69
2010-03-22,30.41,15.77
2010-03-23,31.08,15.9
2010-03-24,30.86,15.91
2010-03-25,31.06,15.98
2010-03-26,31.22,16.0
2010-03-29,31.1,16.02
2010-03-30,30.84,15.92
2010-03-31,31.12,15.95
2010-04-01,31.37,16.08
2010-04-05,31.51,16.24
2010-04-06,32.28,16.41
2010-04-07,31.99,16.35
2010-04-08,32.23,16.48
2010-04-09,32.3,16.541
2010-04-12,32.42,16.61
2010-04-13,32.15,16.62
2010-04-14,33.28,17.05
2010-04-15,33.51,16.98
2010-04-16,32.56,16.36
2010-04-19,33.02,16.52
2010-04-20,33.69,16.74
2010-04-21,33.01,16.64
2010-04-22,33.58,16.73
2010-04-23,33.48,16.78
2010-04-26,32.72,16.5175
2010-04-27,31.72,15.959
2010-04-28,32.45,16.19
2010-04-29,33.23,16.56
2010-04-30,33.11,16.159
2010-05-03,33.88,16.47
2010-05-04,32.94,16.02
2010-05-05,32.66,15.9325
2010-05-06,31.18,15.26
2010-05-07,30.82,15.09
2010-05-10,32.97,15.931
2010-05-11,32.91,15.87
2010-05-12,33.66,16.05
2010-05-13,33.08,15.76
2010-05-14,32.04,15.35
2010-05-17,31.97,15.36
2010-05-18,30.59,14.92
2010-05-19,30.08,14.94
2010-05-20,28.69,14.245
2010-05-21,30.11,14.75
2010-05-24,28.71,14.33
2010-05-25,28.9,14.46
2010-05-26,28.04,14.36
2010-05-27,29.41,15.01
2010-05-28,28.69,14.68
2010-06-01,28.23,14.37
2010-06-02,29.18,14.82
2010-06-03,28.86,14.739
2010-06-04,27.78,14.15
2010-06-07,27.29,13.87
2010-06-08,27.76,14.16
2010-06-09,27.03,14.01
2010-06-10,28.13,14.47
2010-06-11,27.84,14.51
2010-06-14,27.4,14.45
2010-06-15,27.91,14.7925
2010-06-16,28.12,14.8
2010-06-17,27.93,14.78
2010-06-18,28.07,14.83
2010-06-21,27.94,14.81
2010-06-22,27.46,14.575
2010-06-23,27.32,14.51
2010-06-24,26.86,14.25
2010-06-25,27.05,14.635
2010-06-28,27.03,14.5
2010-06-29,25.93,13.98
2010-06-30,25.6,13.81
2010-07-01,25.18,13.68
2010-07-02,24.88,13.52
2010-07-06,25.15,13.6
2010-07-07,26.66,14.2
2010-07-08,26.64,14.31
2010-07-09,27.0,14.51
2010-07-12,27.06,14.53
2010-07-13,27.94,14.89
2010-07-14,27.66,14.78
2010-07-15,27.81,14.75
2010-07-16,26.24,14.129
2010-07-19,26.02,14.12
2010-07-20,25.91,14.27
2010-07-21,26.06,14.039
2010-07-22,27.39,14.45
2010-07-23,27.42,14.56
2010-07-26,27.91,14.76
2010-07-27,28.39,14.8
2010-07-28,28.07,14.67
2010-07-29,27.69,14.72
2010-07-30,27.73,14.71
2010-08-02,28.57,15.08
2010-08-03,28.12,14.91
2010-08-04,27.93,14.97
2010-08-05,27.88,14.91
2010-08-06,27.75,14.78
2010-08-09,28.23,14.86
2010-08-10,27.77,14.73
2010-08-11,26.3,14.21
2010-08-12,26.0,14.11
2010-08-13,25.84,14.07
2010-08-16,25.68,14.03
2010-08-17,25.34,14.14
2010-08-18,25.38,14.2
2010-08-19,24.43,13.87
2010-08-20,24.6,13.83
2010-08-23,24.23,13.74
2010-08-24,23.64,13.51
2010-08-25,23.6,13.55
2010-08-26,23.49,13.44
2010-08-27,24.0,13.73
2010-08-30,23.25,13.44
2010-08-31,23.55,13.5545
2010-09-01,24.66,14.0815
2010-09-02,25.1,14.22
2010-09-03,25.84,14.519
2010-09-07,24.92,14.185
2010-09-08,25.22,14.33
2010-09-09,25.69,14.51
2010-09-10,25.75,14.53
2010-09-13,26.5,14.84
2010-09-14,26.06,14.71
2010-09-15,26.34,14.76
2010-09-16,26.06,14.715
2010-09-17,26.01,14.6105
2010-09-20,26.56,14.885
2010-09-21,26.38,14.75
2010-09-22,25.81,14.5095
2010-09-23,25.04,14.23
2010-09-24,25.59,14.605
2010-09-27,25.53,14.445
2010-09-28,25.35,14.48
2010-09-29,25.04,14.37
2010-09-30,25.115,14.3445
2010-10-01,25.56,14.5
2010-10-04,25.38,14.4
2010-10-05,26.2525,14.73
2010-10-06,26.3,14.72
2010-10-07,26.0,14.66
2010-10-08,25.95,14.7
2010-10-11,25.65,14.68
2010-10-12,25.98,14.845
2010-10-13,25.81,14.859
2010-10-14,24.72,14.595
2010-10-15,23.58,14.345
2010-10-18,24.87,14.67
2010-10-19,24.55,14.4655
2010-10-20,25.6,14.61
2010-10-21,26.03,14.6055
2010-10-22,26.11,14.6015
2010-10-25,25.72,14.55
2010-10-26,25.91,14.57
2010-10-27,25.75,14.58
2010-10-28,25.94,14.575
2010-10-29,26.06,14.559
2010-11-01,25.93,14.56
2010-11-02,25.97,14.595
2010-11-03,26.46,14.74
2010-11-04,27.46,15.231
2010-11-05,29.22,15.58
2010-11-08,29.04,15.4595
2010-11-09,28.13,15.17
2010-11-10,28.58,15.34
2010-11-11,28.19,15.19
2010-11-12,27.54,14.94
2010-11-15,27.65,15.005
2010-11-16,27.19,14.755
2010-11-17,26.86,14.6555
2010-11-18,27.51,14.86
2010-11-19,27.49,14.8545
2010-11-22,26.95,14.64
2010-11-23,26.8,14.41
2010-11-24,27.1125,14.63
2010-11-26,26.65,14.42
2010-11-29,27.2,14.54
2010-11-30,27.21,14.46
2010-12-01,27.53,14.7525
2010-12-02,28.78,15.13
2010-12-03,29.05,15.1805
2010-12-06,28.7425,15.155
2010-12-07,28.47,15.18
2010-12-08,29.37,15.425
2010-12-09,30.07,15.615
2010-12-10,30.27,15.7545
2010-12-13,30.22,15.7445
2010-12-14,29.8175,15.605
2010-12-15,29.79,15.48
2010-12-16,30.02,15.5
2010-12-17,29.96,15.53
2010-12-20,30.1,15.54
2010-12-21,30.82,15.81
2010-12-22,31.31,15.985
2010-12-23,30.99,15.87
2010-12-27,31.21,16.01
2010-12-28,31.2,16.012
2010-12-29,31.02,15.98
2010-12-30,30.82,15.93
2010-12-31,30.99,15.95
2011-01-03,31.58,16.3
2011-01-04,31.65,16.275
2011-01-05,32.37,16.47
2011-01-06,32.15,16.362
2011-01-07,31.5,16.215
2011-01-10,31.2,16.1745
2011-01-11,31.4,16.24
2011-01-12,32.01,16.513
2011-01-13,31.89,16.4555
2011-01-14,32.75,16.72
2011-01-18,32.49,16.62
2011-01-19,31.81,16.25
2011-01-20,31.89,16.33
2011-01-21,32.51,16.4615
2011-01-24,32.7,16.4435
2011-01-25,32.7,16.41
2011-01-26,32.45,16.395
2011-01-27,32.5,16.5385
2011-01-28,31.84,16.25
2011-01-31,32.42,16.4
2011-02-01,33.44,16.74
2011-02-02,32.72,16.61
2011-02-03,32.75,16.615
2011-02-04,32.755,16.6075
2011-02-07,33.32,16.85
2011-02-08,34.1,16.97
2011-02-09,33.13,16.851
2011-02-10,33.0,16.85
2011-02-11,33.76,17.081
2011-02-14,33.87,17.09
2011-02-15,33.68,17.0675
2011-02-16,33.3,17.16
2011-02-17,32.95,17.14
2011-02-18,32.64,17.1785
2011-02-22,31.38,16.6525
2011-02-23,31.5,16.58
2011-02-24,31.44,16.54
2011-02-25,32.4,16.771
2011-02-28,32.26,16.85
2011-03-01,31.65,16.49
2011-03-02,31.55,16.39
2011-03-03,32.41,16.725
2011-03-04,31.91,16.52
2011-03-07,31.72,16.41
2011-03-08,32.51,16.77
2011-03-09,32.8,16.7665
2011-03-10,32.06,16.43
2011-03-11,32.38,16.54
2011-03-14,32.1,16.39
2011-03-15,32.27,16.2
2011-03-16,31.23,15.8995
2011-03-17,31.36,16.09
2011-03-18,31.83,16.27
2011-03-21,31.88,16.345
2011-03-22,31.51,16.259
2011-03-23,31.45,16.215
2011-03-24,31.54,16.295
2011-03-25,31.94,16.34
2011-03-28,31.61,16.2855
2011-03-29,31.59,16.32
2011-03-30,31.91,16.45
2011-03-31,31.71,16.39
2011-04-01,32.06,16.53
2011-04-04,31.8,16.5065
2011-04-05,31.99,16.5
2011-04-06,32.4,16.69
2011-04-07,32.17,16.61
2011-04-08,31.62,16.46
2011-04-11,31.4,16.46
2011-04-12,31.4,16.4
2011-04-13,30.68,16.2775
2011-04-14,30.15,16.13
2011-04-15,29.89,16.14
2011-04-18,29.52,15.92
2011-04-19,30.07,15.97
2011-04-20,28.83,16.01
2011-04-21,28.54,16.1
2011-04-25,28.56,16.08
2011-04-26,28.87,16.18
2011-04-27,29.27,16.28
2011-04-28,29.27,16.41
2011-04-29,29.11,16.38
2011-05-02,29.13,16.31
2011-05-03,29.51,16.38
2011-05-04,28.78,16.24
2011-05-05,28.13,16.03
2011-05-06,28.25,16.11
2011-05-09,28.21,16.07
2011-05-10,28.53,16.22
2011-05-11,28.16,16.0
2011-05-12,28.23,16.0
2011-05-13,27.93,15.77
2011-05-16,27.86,15.75
2011-05-17,28.75,15.87
2011-05-18,28.92,15.94
2011-05-19,28.61,15.94
2011-05-20,28.0,15.72
2011-05-23,27.53,15.5
2011-05-24,27.63,15.48
2011-05-25,27.56,15.49
2011-05-26,27.7,15.57
2011-05-27,28.14,15.68
2011-05-31,28.37,15.84
2011-06-01,26.94,15.305
2011-06-02,27.16,15.32
2011-06-03,26.86,15.22
2011-06-06,26.26,14.93
2011-06-07,25.77,14.895
2011-06-08,25.36,14.76
2011-06-09,26.22,14.93
2011-06-10,26.275,14.83
2011-06-13,26.9,14.98
2011-06-14,27.02,15.055
2011-06-15,26.55,14.73
2011-06-16,26.8,14.81
2011-06-17,27.33,14.891
2011-06-20,26.95,14.88
2011-06-21,27.46,15.09
2011-06-22,27.37,15.0
2011-06-23,27.04,14.85
2011-06-24,27.26,14.76
2011-06-27,27.45,14.91
2011-06-28,27.49,14.98
2011-06-29,28.07,15.29
2011-06-30,28.06,15.35
2011-07-01,28.67,15.63
2011-07-05,28.42,15.49
2011-07-06,28.12,15.41
2011-07-07,28.66,15.66
2011-07-08,28.3,15.46
2011-07-11,27.59,15.04
2011-07-12,27.39,14.98
2011-07-13,27.53,14.99
2011-07-14,27.28,14.88
2011-07-15,27.18,14.85
2011-07-18,26.88,14.65
2011-07-19,28.41,14.831
2011-07-20,28.7,15.0
2011-07-21,29.38,15.36
2011-07-22,29.14,15.32
2011-07-25,28.95,15.21
2011-07-26,28.97,15.19
2011-07-27,28.58,14.83
2011-07-28,28.3,14.84
2011-07-29,27.94,14.795
2011-08-01,27.93,14.75
2011-08-02,27.18,14.349
2011-08-03,27.3,14.42
2011-08-04,25.74,13.69
2011-08-05,25.21,13.43
2011-08-08,22.93,12.157
2011-08-09,24.78,13.1
2011-08-10,22.88,12.19
2011-08-11,24.29,12.87
2011-08-12,24.13,12.78
2011-08-15,25.02,13.19
2011-08-16,24.55,12.93
2011-08-17,24.88,13.01
2011-08-18,23.72,12.38
2011-08-19,23.36,12.13
2011-08-22,22.89,11.98
2011-08-23,23.94,12.368
2011-08-24,24.43,12.7
2011-08-25,24.76,12.66
2011-08-26,24.59,12.77
2011-08-29,25.42,13.3
2011-08-30,25.4,13.21
2011-08-31,26.1,13.38
2011-09-01,25.23,13.08
2011-09-02,24.2,12.54
2011-09-06,23.92,12.32
2011-09-07,24.96,12.91
2011-09-08,24.4,12.63
2011-09-09,23.52,12.23
2011-09-12,24.1,12.37
2011-09-13,24.36,12.45
2011-09-14,24.69,12.6
2011-09-15,25.19,12.92
2011-09-16,24.95,12.905
2011-09-19,24.33,12.56
2011-09-20,24.67,12.52
2011-09-21,23.71,11.9
2011-09-22,23.17,11.56
2011-09-23,23.69,11.68
2011-09-26,24.79,12.2
2011-09-27,24.96,12.26
2011-09-28,24.45,11.905
2011-09-29,24.99,12.24
2011-09-30,24.12,11.81
2011-10-03,23.18,11.28
2011-10-04,24.21,11.73
2011-10-05,24.5,11.9
2011-10-06,25.37,12.27
2011-10-07,24.54,11.83
2011-10-10,26.13,12.44
2011-10-11,26.05,12.43
2011-10-12,26.95,12.745
2011-10-13,26.12,12.45
2011-10-14,26.67,12.6
2011-10-17,24.42,12.21
2011-10-18,25.86,12.79
2011-10-19,25.18,12.61
2011-10-20,25.76,12.8
2011-10-21,26.31,13.13
2011-10-24,26.52,13.42
2011-10-25,25.55,13.02
2011-10-26,25.76,13.25
2011-10-27,27.07,14.04
2011-10-28,27.08,14.05
2011-10-31,25.91,13.495
2011-11-01,24.77,12.86
2011-11-02,25.33,13.24
2011-11-03,25.81,13.47
2011-11-04,25.4,13.285
2011-11-07,25.42,13.36
2011-11-08,26.53,13.61
2011-11-09,24.99,12.87
2011-11-10,25.08,12.93
2011-11-11,25.65,13.235
2011-11-14,25.1,12.972
2011-11-15,25.29,13.03
2011-11-16,24.94,12.71
2011-11-17,24.67,12.46
2011-11-18,24.69,12.5
2011-11-21,24.18,12.19
2011-11-22,23.93,12.08
2011-11-23,23.21,11.75
2011-11-25,23.51,11.78
2011-11-28,24.15,12.13
2011-11-29,24.08,12.065
2011-11-30,25.86,12.81
2011-12-01,25.64,12.74
2011-12-02,26.07,12.91
2011-12-05,26.74,13.17
2011-12-06,26.65,13.18
2011-12-07,27.05,13.34
2011-12-08,26.19,12.82
2011-12-09,26.91,13.1
2011-12-12,26.29,12.79
2011-12-13,25.79,12.61
2011-12-14,25.86,12.56
2011-12-15,25.61,12.57
2011-12-16,25.98,12.54
2011-12-19,25.31,12.255
2011-12-20,26.5,12.72
2011-12-21,26.89,12.79
2011-12-22,27.25,13.055
2011-12-23,27.785,13.15
2011-12-27,27.61,13.075
2011-12-28,27.11,12.865
2011-12-29,27.76,13.07
2011-12-30,27.56,13.0
2012-01-03,28.43,13.34
2012-01-04,28.56,13.3
2012-01-05,29.02,13.48
2012-01-06,28.94,13.395
2012-01-09,29.3,13.465
2012-01-10,29.41,13.71
2012-01-11,29.62,13.865
2012-01-12,29.61,13.92
2012-01-13,29.61,13.815
2012-01-17,29.825,13.71
2012-01-18,30.24,13.92
2012-01-19,30.15,14.05
2012-01-20,30.54,14.14
2012-01-23,30.92,14.19
2012-01-24,30.54,14.17
2012-01-25,30.2,14.2
2012-01-26,29.05,14.079
2012-01-27,29.6,14.13
2012-01-30,29.25,14.0
2012-01-31,29.21,14.055
2012-02-01,29.89,14.28
2012-02-02,29.9,14.35
2012-02-03,30.63,14.735
2012-02-06,30.2,14.665
2012-02-07,30.26,14.66
2012-02-08,30.63,14.77
2012-02-09,30.58,14.71
2012-02-10,30.26,14.565
2012-02-13,30.62,14.7
2012-02-14,30.42,14.56
2012-02-15,30.17,14.47
2012-02-16,30.37,14.695
2012-02-17,31.09,14.79
2012-02-21,30.96,14.775
2012-02-22,30.59,14.585
2012-02-23,30.65,14.72
2012-02-24,30.18,14.67
2012-02-27,31.03,14.78
2012-02-28,31.37,14.82
2012-02-29,31.29,14.76
2012-03-01,31.54,14.92
2012-03-02,31.28,14.865
2012-03-05,30.97,14.81
2012-03-06,30.105,14.445
2012-03-07,30.41,14.63
2012-03-08,31.4,14.77
2012-03-09,31.66,14.89
2012-03-12,31.51,14.85
2012-03-13,33.33,15.42
2012-03-14,33.37,15.4399
2012-03-15,34.07,15.71
2012-03-16,33.89,15.72
2012-03-19,34.25,15.8001
2012-03-20,34.32,15.875
2012-03-21,34.02,15.805
2012-03-22,33.355,15.595
2012-03-23,33.53,15.73
2012-03-26,34.39,15.9772
2012-03-27,34.0,15.83
2012-03-28,34.47,15.87
2012-03-29,33.94,15.71
2012-03-30,34.14,15.795
2012-04-02,34.51,15.92
2012-04-03,34.48,15.83
2012-04-04,33.88,15.5799
2012-04-05,33.73,15.535
2012-04-09,33.42,15.3
2012-04-10,32.92,14.97
2012-04-11,33.62,15.205
2012-04-12,34.02,15.49
2012-04-13,32.84,15.13
2012-04-16,33.15,15.24
2012-04-17,33.68,15.44
2012-04-18,33.57,15.34
2012-04-19,33.12,15.265
2012-04-20,33.0,15.185
2012-04-23,32.69,15.08
2012-04-24,33.07,15.25
2012-04-25,33.35,15.38
2012-04-26,33.84,15.51
2012-04-27,33.77,15.52
2012-04-30,33.415,15.43
2012-05-01,34.09,15.59
2012-05-02,33.57,15.465
2012-05-03,33.39,15.34
2012-05-04,33.03,15.1
2012-05-07,33.5,15.185
2012-05-08,33.15,15.085
2012-05-09,32.63,14.92
2012-05-10,33.19,14.98
2012-05-11,33.31,14.81
2012-05-14,32.41,14.505
2012-05-15,32.24,14.43
2012-05-16,31.97,14.22
2012-05-17,31.44,13.93
2012-05-18,30.94,13.771
2012-05-21,31.4,13.9
2012-05-22,31.67,14.01
2012-05-23,31.74,14.06
2012-05-24,31.81,14.07
2012-05-25,31.86,14.02
2012-05-29,32.25,14.22
2012-05-30,31.7,13.8885
2012-05-31,32.05,14.01
2012-06-01,30.16,13.49
2012-06-04,30.05,13.36
2012-06-05,30.515,13.58
2012-06-06,30.97,13.975
2012-06-07,31.18,13.97
2012-06-08,31.43,14.137
2012-06-11,30.99,13.88
2012-06-12,31.3,14.085
2012-06-13,31.58,14.04
2012-06-14,32.03,14.205
2012-06-15,32.45,14.34
2012-06-18,32.46,14.26
2012-06-19,32.96,14.5
2012-06-20,32.81,14.53
2012-06-21,32.34,14.205
2012-06-22,32.81,14.335
2012-06-25,32.225,14.04
2012-06-26,32.325,14.11
2012-06-27,32.73,14.28
2012-06-28,32.48,14.27
2012-06-29,33.44,14.635
2012-07-02,33.55,14.725
2012-07-03,33.48,14.81
2012-07-05,33.13,14.59
2012-07-06,33.05,14.47
2012-07-09,33.26,14.45
2012-07-10,32.97,14.34
2012-07-11,33.27,14.46
2012-07-12,32.85,14.31
2012-07-13,33.91,14.705
2012-07-16,34.02,14.68
2012-07-17,34.12,14.76
2012-07-18,33.96,14.69
2012-07-19,34.15,14.595
2012-07-20,33.81,14.375
2012-07-23,33.44,14.26
2012-07-24,33.23,14.215
2012-07-25,33.16,14.27
2012-07-26,33.775,14.485
2012-07-27,34.145,14.76
2012-07-30,33.96,14.73
2012-07-31,33.81,14.66
2012-08-01,33.9,14.59
2012-08-02,33.34,14.48
2012-08-03,34.34,14.82
2012-08-06,34.0,14.88
2012-08-07,33.96,14.94
2012-08-08,33.82,14.94
2012-08-09,33.82,14.93
2012-08-10,33.83,14.94
2012-08-13,33.96,14.95
2012-08-14,33.96,14.93
2012-08-15,33.97,14.98
2012-08-16,34.13,15.08
2012-08-17,34.03,15.13
2012-08-20,34.07,15.17
2012-08-21,34.38,15.22
2012-08-22,34.18,15.2
2012-08-23,33.92,15.05
2012-08-24,34.04,15.13
2012-08-27,34.02,15.12
2012-08-28,34.1,15.1
2012-08-29,34.07,15.13
2012-08-30,33.87,15.05
2012-08-31,34.03,15.16
2012-09-04,33.8,15.16
2012-09-05,33.75,15.16
2012-09-06,34.84,15.52
2012-09-07,35.0,15.68
2012-09-10,34.59,15.55
2012-09-11,34.15,15.68
2012-09-12,34.33,15.74
2012-09-13,35.55,16.15
2012-09-14,36.13,16.28
2012-09-17,35.33,16.13
2012-09-18,35.44,16.05
2012-09-19,35.25,16.04
2012-09-20,35.2,15.95
2012-09-21,34.97,15.83
2012-09-24,35.095,15.835
2012-09-25,34.72,15.595
2012-09-26,34.42,15.495
2012-09-27,34.76,15.64
2012-09-28,34.53,15.59
2012-10-01,34.7,15.66
2012-10-02,34.82,15.69
2012-10-03,35.44,15.83
2012-10-04,35.97,16.065
2012-10-05,35.84,16.06
2012-10-08,35.8,16.05
2012-10-09,35.1,15.95
2012-10-10,35.23,15.94
2012-10-11,35.18,16.03
2012-10-12,34.25,15.81
2012-10-15,33.9,15.99
2012-10-16,33.73,16.09
2012-10-17,34.47,16.295
2012-10-18,34.57,16.33
2012-10-19,34.34,16.11
2012-10-22,34.5,16.11
2012-10-23,33.87,15.84
2012-10-24,33.72,15.84
2012-10-25,34.06,15.88
2012-10-26,33.97,15.8
2012-10-31,33.69,15.8993
2012-11-01,34.06,16.095
2012-11-02,33.74,16.0001
2012-11-05,34.02,15.97
2012-11-06,34.32,16.15
2012-11-07,32.91,15.61
2012-11-08,32.35,15.4782
2012-11-09,32.35,15.5
2012-11-12,32.37,15.525
2012-11-13,32.02,15.42
2012-11-14,31.43,15.145
2012-11-15,31.57,15.18
2012-11-16,31.94,15.28
2012-11-19,32.4,15.5687
2012-11-20,32.92,15.65
2012-11-21,32.59,15.65
2012-11-23,33.2,15.84
2012-11-26,32.9,15.78
2012-11-27,32.63,15.64
2012-11-28,32.81,15.7
2012-11-29,33.16,15.7795
2012-11-30,33.01,15.76
2012-12-03,32.75,15.7
2012-12-04,32.74,15.66
2012-12-05,32.98,15.85
2012-12-06,33.14,15.9
2012-12-07,33.23,16.025
2012-12-10,33.05,15.99
2012-12-11,33.29,16.07
2012-12-12,33.5,16.14
2012-12-13,33.26,16.06
2012-12-14,33.15,16.0
2012-12-17,34.38,16.33
2012-12-18,34.96,16.57
2012-12-19,34.62,16.47
2012-12-20,35.06,16.7
2012-12-21,34.48,16.4
2012-12-24,34.42,16.37
2012-12-26,34.33,16.365
2012-12-27,34.18,16.31
2012-12-28,33.91,16.18
2012-12-31,34.18,16.39
2013-01-02,35.05,16.865
2013-01-03,34.76,16.85
2013-01-04,34.94,17.05
2013-01-07,34.77,17.01
2013-01-08,34.71,16.96
2013-01-09,34.71,16.935
2013-01-10,35.4,17.15
2013-01-11,35.1,17.11
2013-01-14,34.77,17.06
2013-01-15,35.11,17.13
2013-01-16,35.09,17.14
2013-01-17,35.03,17.13
2013-01-18,34.93,17.15
2013-01-22,35.04,17.31
2013-01-23,34.95,17.3
2013-01-24,35.16,17.39
2013-01-25,35.14,17.47
2013-01-28,35.11,17.4
2013-01-29,35.27,17.47
2013-01-30,34.97,17.39
2013-01-31,34.83,17.38
2013-02-01,35.13,17.61
2013-02-04,34.76,17.41
2013-02-05,34.85,17.58
2013-02-06,34.97,17.61
2013-02-07,34.66,17.56
2013-02-08,34.88,17.6
2013-02-11,35.26,17.68
2013-02-12,35.51,17.815
2013-02-13,35.13,17.78
2013-02-14,35.21,17.838
2013-02-15,35.16,17.76
2013-02-19,35.14,17.93
2013-02-20,35.1,17.66
2013-02-21,35.46,17.52
2013-02-22,35.82,17.74
2013-02-25,34.79,17.26
2013-02-26,34.75,17.35
2013-02-27,35.13,17.62
2013-02-28,35.08,17.59
2013-03-01,35.39,17.64
2013-03-04,35.85,17.79
2013-03-05,35.88,17.94
2013-03-06,36.05,18.06
2013-03-07,36.42,18.19
2013-03-08,36.5,18.24
2013-03-11,37.13,18.38
2013-03-12,36.66,18.28
2013-03-13,36.77,18.33
2013-03-14,36.97,18.45
2013-03-15,38.2,18.445
2013-03-18,37.76,18.27
2013-03-19,37.49,18.165
2013-03-20,37.44,18.289
2013-03-21,37.14,18.07
2013-03-22,37.2,18.175
2013-03-25,37.21,18.13
2013-03-26,37.3,18.245
2013-03-27,36.98,18.16
2013-03-28,36.99,18.209
2013-04-01,36.93,18.12
2013-04-02,36.88,18.225
2013-04-03,36.67,17.925
2013-04-04,37.42,18.085
2013-04-05,37.15,18.03
2013-04-08,37.02,18.21
2013-04-09,37.45,18.26
2013-04-10,37.57,18.505
2013-04-11,37.51,18.55
2013-04-12,37.21,18.47
2013-04-15,36.57,18.08
2013-04-16,37.06,18.36
2013-04-17,36.56,18.015
2013-04-18,36.27,17.83
2013-04-19,36.69,18.08
2013-04-22,36.73,18.1
2013-04-23,37.13,18.425
2013-04-24,37.34,18.54
2013-04-25,37.64,18.65
2013-04-26,37.88,18.565
2013-04-29,37.88,18.65
2013-04-30,37.98,18.7
2013-05-01,37.46,18.49
2013-05-02,37.41,18.65
2013-05-03,37.74,18.85
2013-05-06,37.9,19.05
2013-05-07,38.4,19.15
2013-05-08,38.45,19.305
2013-05-09,37.89,19.17
2013-05-10,38.03,19.25
2013-05-13,38.2,19.31
2013-05-14,38.76,19.64
2013-05-15,39.3,19.82
2013-05-16,39.26,19.69
2013-05-17,39.88,19.95
2013-05-20,40.2,19.99
2013-05-21,40.68,20.04
2013-05-22,40.1,19.83
2013-05-23,40.01,19.71
2013-05-24,40.24,19.73
2013-05-28,40.52,19.931
2013-05-29,40.75,19.93
2013-05-30,41.25,20.17
2013-05-31,40.55,19.8401
2013-06-03,40.73,19.86
2013-06-04,40.44,19.68
2013-06-05,39.82,19.36
2013-06-06,40.72,19.63
2013-06-07,41.25,19.97
2013-06-10,41.27,19.98
2013-06-11,40.66,19.65
2013-06-12,40.27,19.44
2013-06-13,40.94,19.805
2013-06-14,40.16,19.55
2013-06-17,40.61,19.74
2013-06-18,40.84,19.865
2013-06-19,40.66,19.6
2013-06-20,40.09,19.175
2013-06-21,40.96,19.115
2013-06-24,39.8,18.775
2013-06-25,40.3,19.125
2013-06-26,41.02,19.32
2013-06-27,41.56,19.57
2013-06-28,41.27,19.445
2013-07-01,41.36,19.51
2013-07-02,41.22,19.53
2013-07-03,41.22,19.47
2013-07-05,42.07,19.82
2013-07-08,42.83,19.965
2013-07-09,42.7,20.135
2013-07-10,42.07,20.02
2013-07-11,41.89,20.21
2013-07-12,42.63,20.35
2013-07-15,43.35,20.44
2013-07-16,43.02,20.36
2013-07-17,43.51,20.445
2013-07-18,44.41,20.72
2013-07-19,44.45,20.73
2013-07-22,44.63,20.87
2013-07-23,44.57,20.79
2013-07-24,44.31,20.64
2013-07-25,43.65,20.66
2013-07-26,43.51,20.64
2013-07-29,43.25,20.49
2013-07-30,43.26,20.48
2013-07-31,43.5,20.49
2013-08-01,44.26,20.815
2013-08-02,44.49,20.81
2013-08-05,44.34,20.765
2013-08-06,44.03,20.58
2013-08-07,43.27,20.44
2013-08-08,43.22,20.49
2013-08-09,43.23,20.42
2013-08-12,43.2,20.34
2013-08-13,43.32,20.44
2013-08-14,43.1,20.36
2013-08-15,42.99,20.06
2013-08-16,42.75,20.025
2013-08-19,42.49,19.76
2013-08-20,42.59,19.95
2013-08-21,42.36,19.81
2013-08-22,42.48,20.04
2013-08-23,42.76,20.06
2013-08-26,42.39,19.935
2013-08-27,41.11,19.45
2013-08-28,41.25,19.485
2013-08-29,41.25,19.53
2013-08-30,41.08,19.44
2013-09-03,41.39,19.601
2013-09-04,41.5,19.755
2013-09-05,41.82,19.8
2013-09-06,41.43,19.8
2013-09-09,41.72,20.03
2013-09-10,42.45,20.265
2013-09-11,42.5,20.29
2013-09-12,42.26,20.145
2013-09-13,42.19,20.195
2013-09-16,42.89,20.42
2013-09-17,42.85,20.52
2013-09-18,43.31,20.7
2013-09-19,42.96,20.62
2013-09-20,42.85,20.425
2013-09-23,42.31,20.135
2013-09-24,41.73,20.01
2013-09-25,41.81,20.12
2013-09-26,41.61,20.12
2013-09-27,41.59,20.045
2013-09-30,41.32,19.905
2013-10-01,41.49,20.045
2013-10-02,41.26,20.04
2013-10-03,41.0,19.889
2013-10-04,41.3,20.05
2013-10-07,40.62,19.82
2013-10-08,40.24,19.57
2013-10-09,40.36,19.635
2013-10-10,41.44,20.195
2013-10-11,41.43,20.311
2013-10-14,41.75,20.41
2013-10-15,41.54,20.26
2013-10-16,42.21,20.685
2013-10-17,42.68,20.871
2013-10-18,42.68,20.911
2013-10-21,42.62,20.87
2013-10-22,42.94,20.91
2013-10-23,42.76,20.74
2013-10-24,42.69,20.77
2013-10-25,42.86,20.86
2013-10-28,42.83,20.81
2013-10-29,42.96,20.87
2013-10-30,43.1,20.785
2013-10-31,42.69,20.565
2013-11-01,42.67,20.619
2013-11-04,42.7,20.629
2013-11-05,42.63,20.52
2013-11-06,42.44,20.615
2013-11-07,41.71,20.385
2013-11-08,42.71,20.86
2013-11-11,42.75,20.865
2013-11-12,42.28,20.67
2013-11-13,42.76,20.845
2013-11-14,43.09,21.03
2013-11-15,43.54,21.13
2013-11-18,43.41,21.12
2013-11-19,43.56,21.15
2013-11-20,43.62,21.085
2013-11-21,44.08,21.389
2013-11-22,44.36,21.49
2013-11-25,44.48,21.52
2013-11-26,44.31,21.5
2013-11-27,44.27,21.56
2013-11-29,44.02,21.48
2013-12-02,44.18,21.47
2013-12-03,43.73,21.25
2013-12-04,43.75,21.3
2013-12-05,43.25,21.1
2013-12-06,44.11,21.39
2013-12-09,44.32,21.48
2013-12-10,44.11,21.4
2013-12-11,43.52,21.11
2013-12-12,43.5,21.11
2013-12-13,43.73,21.13
2013-12-16,43.98,21.26
2013-12-17,43.59,21.12
2013-12-18,44.93,21.61
2013-12-19,45.02,21.58
2013-12-20,44.96,21.605
2013-12-23,45.21,21.71
2013-12-24,45.39,21.75
2013-12-26,45.54,21.8
2013-12-27,45.5,21.79
2013-12-30,45.5,21.75
2013-12-31,45.4,21.86
2014-01-02,45.02,21.74
2014-01-03,45.34,21.89
2014-01-06,45.42,21.91
2014-01-07,45.4,21.915
2014-01-08,45.92,21.99
2014-01-09,46.16,22.07
2014-01-10,45.94,22.03
2014-01-13,45.56,21.7
2014-01-14,45.59,21.88
2014-01-15,46.4,22.14
2014-01-16,46.39,22.0
2014-01-17,46.39,21.93
2014-01-21,46.5,21.95
2014-01-22,46.67,21.96
2014-01-23,46.35,21.6
2014-01-24,45.48,21.11
2014-01-27,45.53,20.98
2014-01-28,45.96,21.26
2014-01-29,45.59,21.01
2014-01-30,46.05,21.31
2014-01-31,45.34,21.06
2014-02-03,44.43,20.53
2014-02-04,44.77,20.73
2014-02-05,44.23,20.71
2014-02-06,44.78,21.03
2014-02-07,45.37,21.29
2014-02-10,45.52,21.31
2014-02-11,45.97,21.53
2014-02-12,45.99,21.53
2014-02-13,45.98,21.61
2014-02-14,46.13,21.64
2014-02-18,46.13,21.68
2014-02-19,45.53,21.38
2014-02-20,45.63,21.44
2014-02-21,45.6,21.48
2014-02-24,46.08,21.64
2014-02-25,46.08,21.51
2014-02-26,46.05,21.48
2014-02-27,46.05,21.59
2014-02-28,46.42,21.7
2014-03-03,46.15,21.53
2014-03-04,46.74,21.97
2014-03-05,47.09,22.2
2014-03-06,47.34,22.27
2014-03-07,47.95,22.37
2014-03-10,48.15,22.38
2014-03-11,47.81,22.23
2014-03-12,48.12,22.19
2014-03-13,47.84,21.94
2014-03-14,47.4,21.8
2014-03-17,48.13,22.03
2014-03-18,48.4,22.14
2014-03-19,47.81,22.13
2014-03-20,49.03,22.48
2014-03-21,49.12,22.4
2014-03-24,48.98,22.39
2014-03-25,48.96,22.37
2014-03-26,48.5,22.14
2014-03-27,49.1,22.02
2014-03-28,49.29,22.11
2014-03-31,49.74,22.34
2014-04-01,49.77,22.38
2014-04-02,49.76,22.43
2014-04-03,49.83,22.39
2014-04-04,49.56,22.17
2014-04-07,48.66,21.83
2014-04-08,48.83,21.86
2014-04-09,49.1,22.05
2014-04-10,47.71,21.54
2014-04-11,48.08,21.28
2014-04-14,48.11,21.45
2014-04-15,48.78,21.65
2014-04-16,49.09,21.82
2014-04-17,48.93,21.86
2014-04-21,49.12,21.84
2014-04-22,49.23,21.9901
2014-04-23,49.59,22.04
2014-04-24,49.32,22.03
2014-04-25,49.05,21.85
2014-04-28,48.94,21.72
2014-04-29,49.47,21.93
2014-04-30,49.64,21.96
2014-05-01,49.64,22.0
2014-05-02,49.58,21.99
2014-05-05,49.56,21.9
2014-05-06,49.09,21.59
2014-05-07,49.39,21.88
2014-05-08,49.33,21.94
2014-05-09,49.08,21.93
2014-05-12,49.76,22.15
2014-05-13,49.81,22.13
2014-05-14,49.29,21.97
2014-05-15,49.03,21.72
2014-05-16,49.08,21.745
2014-05-19,49.49,21.86
2014-05-20,48.96,21.73
2014-05-21,49.67,21.87
2014-05-22,49.99,21.97
2014-05-23,50.16,22.04
2014-05-27,50.55,22.23
2014-05-28,50.44,22.19
2014-05-29,50.27,22.24
2014-05-30,50.78,22.29
2014-06-02,51.09,22.35
2014-06-03,51.09,22.38
2014-06-04,51.04,22.44
2014-06-05,51.63,22.65
2014-06-06,51.98,22.8
2014-06-09,52.51,22.9
2014-06-10,52.59,22.89
2014-06-11,52.24,22.74
2014-06-12,51.71,22.6
2014-06-13,51.9,22.61
2014-06-16,51.09,22.5
2014-06-17,51.66,22.73
2014-06-18,52.04,22.86
2014-06-19,52.02,22.83
2014-06-20,52.89,22.83
2014-06-23,52.98,22.88
2014-06-24,52.49,22.73
2014-06-25,52.6,22.75
2014-06-26,52.37,22.67
2014-06-27,52.9,22.76
2014-06-30,52.56,22.74
2014-07-01,52.72,22.88
2014-07-02,52.66,22.86
2014-07-03,53.0,23.04
2014-07-07,52.5,22.94
2014-07-08,52.25,22.74
2014-07-09,52.19,22.8
2014-07-10,51.81,22.65
2014-07-11,51.49,22.69
2014-07-14,51.31,22.83
2014-07-15,51.35,22.99
2014-07-16,51.17,22.95
2014-07-17,50.68,22.65
2014-07-18,51.28,22.91
2014-07-21,51.05,22.85
2014-07-22,51.35,22.92
2014-07-23,51.33,22.97
2014-07-24,51.59,23.02
2014-07-25,51.6,22.89
2014-07-28,51.6,22.9
2014-07-29,51.54,22.78
2014-07-30,52.1,22.88
2014-07-31,50.9,22.41
2014-08-01,50.35,22.22
2014-08-04,50.99,22.4
2014-08-05,50.4,22.17
2014-08-06,50.06,22.26
2014-08-07,49.7,22.16
2014-08-08,50.0,22.38
2014-08-11,49.89,22.4
2014-08-12,49.78,22.45
2014-08-13,49.99,22.55
2014-08-14,50.38,22.69
2014-08-15,50.21,22.58
2014-08-18,50.69,22.83
2014-08-19,50.86,22.87
2014-08-20,50.85,22.93
2014-08-21,51.29,23.2
2014-08-22,51.18,23.12
2014-08-25,51.45,23.32
2014-08-26,51.56,23.37
2014-08-27,51.34,23.32
2014-08-28,51.15,23.25
2014-08-29,51.44,23.36
2014-09-02,51.57,23.45
2014-09-03,51.55,23.41
2014-09-04,51.57,23.43
2014-09-05,51.65,23.46
2014-09-08,51.47,23.47
2014-09-09,51.07,23.23
2014-09-10,51.52,23.35
2014-09-11,51.59,23.41
2014-09-12,51.7,23.39
2014-09-15,51.94,23.38
2014-09-16,52.31,23.48
2014-09-17,52.51,23.58
2014-09-18,53.24,23.81
2014-09-19,53.36,23.65
2014-09-22,52.9,23.49
2014-09-23,52.1,23.33
2014-09-24,52.13,23.46
2014-09-25,51.41,23.07
2014-09-26,51.87,23.29
2014-09-29,51.69,23.21
2014-09-30,51.87,23.17
2014-10-01,51.26,22.89
2014-10-02,51.4,22.95
2014-10-03,52.1,23.28
2014-10-06,52.03,23.21
2014-10-07,51.08,22.8166
2014-10-08,52.15,23.25
2014-10-09,51.12,22.76
2014-10-10,50.64,22.58
2014-10-13,50.2,22.38
2014-10-14,48.83,22.47
2014-10-15,47.85,22.04
2014-10-16,48.13,22.04
2014-10-17,48.69,22.32
2014-10-20,49.18,22.45
2014-10-21,50.45,22.87
2014-10-22,50.17,22.66
2014-10-23,50.6,22.88
2014-10-24,51.2,23.1
2014-10-27,51.31,23.13
2014-10-28,51.78,23.38
2014-10-29,52.17,23.44
2014-10-30,52.46,23.57
2014-10-31,53.09,23.84
2014-11-03,53.37,23.93
2014-11-04,53.27,23.94
2014-11-05,53.53,24.1
2014-11-06,54.06,24.14
2014-11-07,53.84,24.15
2014-11-10,53.83,24.28
2014-11-11,53.58,24.2
2014-11-12,53.54,24.15
2014-11-13,53.39,24.14
2014-11-14,53.35,24.06
2014-11-17,53.44,24.06
2014-11-18,53.27,24.14
2014-11-19,53.36,24.09
2014-11-20,53.48,24.09
2014-11-21,53.81,24.21
2014-11-24,54.1,24.37
2014-11-25,53.88,24.35
2014-11-26,54.28,24.38
2014-11-28,54.48,24.4
2014-12-01,53.82,24.225
2014-12-02,54.22,24.455
2014-12-03,54.39,24.565
2014-12-04,54.5,24.6
2014-12-05,55.03,24.82
2014-12-08,54.77,24.94
2014-12-09,54.83,24.88
2014-12-10,54.26,24.56
2014-12-11,54.43,24.62
2014-12-12,53.7,24.14
2014-12-15,53.19,23.92
2014-12-16,52.77,23.69
2014-12-17,53.79,24.229
2014-12-18,55.21,24.79
2014-12-19,54.45,24.68
2014-12-22,54.97,24.85
2014-12-23,55.47,24.99
2014-12-24,55.34,24.95
2014-12-26,55.28,24.95
2014-12-29,55.71,25.04
2014-12-30,55.42,25.01
2014-12-31,54.82,24.73
2015-01-02,54.7,24.73
2015-01-05,53.2,24.21
2015-01-06,52.09,23.84
2015-01-07,52.4,24.09
2015-01-08,53.56,24.45
2015-01-09,52.68,24.12
2015-01-12,52.05,23.92
2015-01-13,51.85,23.84
2015-01-14,51.25,23.5
2015-01-15,50.72,23.21
2015-01-16,51.64,23.49
2015-01-20,52.0,23.39
2015-01-21,52.1,23.45
2015-01-22,53.77,24.03
2015-01-23,53.26,23.77
2015-01-26,53.58,23.89
2015-01-27,52.97,23.63
2015-01-28,52.16,23.2
2015-01-29,52.76,23.39
2015-01-30,51.92,23.01
2015-02-02,52.81,23.38
2015-02-03,53.45,23.77
2015-02-04,53.03,23.71
2015-02-05,53.67,23.95
2015-02-06,54.45,24.14
2015-02-09,54.21,24.02
2015-02-10,54.57,24.21
2015-02-11,53.9,24.21
2015-02-12,54.86,24.45
2015-02-13,55.33,24.43
2015-02-17,55.37,24.51
2015-02-18,54.52,24.36
2015-02-19,54.56,24.26
2015-02-20,54.83,24.44
2015-02-23,55.1,24.38
2015-02-24,55.37,24.5
2015-02-25,55.33,24.5
2015-02-26,55.15,24.44
2015-02-27,54.79,24.35
2015-03-02,55.55,24.53
2015-03-03,55.45,24.46
2015-03-04,54.82,24.31
2015-03-05,54.84,24.41
2015-03-06,54.59,24.23
2015-03-09,54.67,24.34
2015-03-10,53.29,23.82
2015-03-11,53.7,23.97
2015-03-12,55.59,24.49
2015-03-13,55.34,24.32
2015-03-16,55.73,24.62
2015-03-17,55.91,24.56
2015-03-18,56.17,24.7
2015-03-19,55.51,24.47
2015-03-20,56.01,24.71
2015-03-23,55.78,24.57
2015-03-24,55.35,24.37
2015-03-25,54.54,23.98
2015-03-26,54.5,23.96
2015-03-27,54.12,23.93
2015-03-30,54.77,24.28
2015-03-31,54.4,24.11
2015-04-01,53.94,24.09
2015-04-02,54.37,24.21
2015-04-06,54.08,24.25
2015-04-07,54.02,24.12
2015-04-08,54.0,24.21
2015-04-09,54.19,24.245
2015-04-10,54.32,24.24
2015-04-13,54.59,24.33
2015-04-14,54.19,24.33
2015-04-15,54.81,24.42
2015-04-16,54.81,24.455
2015-04-17,54.05,24.13
2015-04-20,54.36,24.23
2015-04-21,54.28,24.11
2015-04-22,54.67,24.28
2015-04-23,54.86,24.32
2015-04-24,54.7,24.28
2015-04-27,54.97,24.19
2015-04-28,55.41,24.33
2015-04-29,55.46,24.32
2015-04-30,55.1,24.13
2015-05-01,55.19,24.34
2015-05-04,55.73,24.58
2015-05-05,55.72,24.36
2015-05-06,54.92,24.24
2015-05-07,54.81,24.41
2015-05-08,56.05,24.76
2015-05-11,55.51,24.67
2015-05-12,55.47,24.58
2015-05-13,55.6,24.59
2015-05-14,56.04,24.81
2015-05-15,55.52,24.7
2015-05-18,55.75,24.84
2015-05-19,56.4,24.98
2015-05-20,56.08,24.91
2015-05-21,56.01,24.85
2015-05-22,56.0,24.86
2015-05-26,55.66,24.58
2015-05-27,56.07,24.85
2015-05-28,56.21,24.82
2015-05-29,55.96,24.6
2015-06-01,56.04,24.62
2015-06-02,56.18,24.66
2015-06-03,56.91,24.87
2015-06-04,56.14,24.65
2015-06-05,56.61,24.79
2015-06-08,56.12,24.64
2015-06-09,56.7,24.7
2015-06-10,57.21,25.05
2015-06-11,57.26,25.15
2015-06-12,57.09,25.04
2015-06-15,56.98,24.93
2015-06-16,57.22,25.07
2015-06-17,57.17,25.04
2015-06-18,57.7,25.27
2015-06-19,57.05,24.74
2015-06-22,57.91,25.12
2015-06-23,57.89,25.17
2015-06-24,57.54,24.96
2015-06-25,57.17,24.81
2015-06-26,57.44,24.89
2015-06-29,56.06,24.29
2015-06-30,56.24,24.38
2015-07-01,56.91,24.75
2015-07-02,56.74,24.64
2015-07-06,56.44,24.54
2015-07-07,56.25,24.59
2015-07-08,55.25,24.16
2015-07-09,55.5,24.35
2015-07-10,56.08,24.64
2015-07-13,56.74,24.94
2015-07-14,57.25,25.0
2015-07-15,57.78,25.21
2015-07-16,58.17,25.46
2015-07-17,57.94,25.39
2015-07-20,58.05,25.42
2015-07-21,57.95,25.39
2015-07-22,58.52,25.58
2015-07-23,58.21,25.36
2015-07-24,57.78,25.12
2015-07-27,57.59,24.94
2015-07-28,57.4,25.04
2015-07-29,57.96,25.29
2015-07-30,58.15,25.29
2015-07-31,57.87,25.21
2015-08-03,57.91,25.18
2015-08-04,57.82,25.14
2015-08-05,57.65,25.24
2015-08-06,57.53,25.15
2015-08-07,57.47,25.2
2015-08-10,57.94,25.44
2015-08-11,57.21,25.21
2015-08-12,56.72,24.98
2015-08-13,56.89,25.07
2015-08-14,57.33,25.25
2015-08-17,57.35,25.3
2015-08-18,57.54,25.28
2015-08-19,57.06,25.05
2015-08-20,56.12,24.52
2015-08-21,53.97,23.64
2015-08-24,51.25,22.65
2015-08-25,50.02,22.33
2015-08-26,52.3,23.17
2015-08-27,54.03,23.74
2015-08-28,53.54,23.63
2015-08-31,53.33,23.43
2015-09-01,50.99,22.67
2015-09-02,51.99,22.98
2015-09-03,52.43,23.11
2015-09-04,51.29,22.65
2015-09-08,52.93,23.23
2015-09-09,52.19,22.91
2015-09-10,52.56,23.02
2015-09-11,52.62,23.12
2015-09-14,52.77,23.07
2015-09-15,53.47,23.4
2015-09-16,53.72,23.55
2015-09-17,52.21,23.22
2015-09-18,51.04,22.66
2015-09-21,51.55,22.92
2015-09-22,50.69,22.63
2015-09-23,50.78,22.64
2015-09-24,50.55,22.48
2015-09-25,51.48,22.81
2015-09-28,50.37,22.28
2015-09-29,50.89,22.32
2015-09-30,51.35,22.66
2015-10-01,51.44,22.67
2015-10-02,51.26,22.7
2015-10-05,52.41,23.18
2015-10-06,52.03,23.07
2015-10-07,52.19,23.25
2015-10-08,52.54,23.39
2015-10-09,52.14,23.24
2015-10-12,52.18,23.26
2015-10-13,51.86,23.08
2015-10-14,51.5,22.89
2015-10-15,52.69,23.41
2015-10-16,52.88,23.55
2015-10-19,52.56,23.53
2015-10-20,53.08,23.67
2015-10-21,53.12,23.5
2015-10-22,54.06,23.88
2015-10-23,54.75,24.14
2015-10-26,54.29,24.04
2015-10-27,54.12,23.9
2015-10-28,55.45,24.46
2015-10-29,55.09,24.43
2015-10-30,54.14,24.08
2015-11-02,54.85,24.41
2015-11-03,54.93,24.45
2015-11-04,54.58,24.38
2015-11-05,54.86,24.48
2015-11-06,55.85,24.73
2015-11-09,55.47,24.46
2015-11-10,55.91,24.57
2015-11-11,55.8,24.49
2015-11-12,55.17,24.12
2015-11-13,54.57,23.92
2015-11-16,55.27,24.21
2015-11-17,54.96,24.16
2015-11-18,55.67,24.59
2015-11-19,55.97,24.63
2015-11-20,55.82,24.67
2015-11-23,55.6,24.57
2015-11-24,55.28,24.5
2015-11-25,55.22,24.52
2015-11-27,55.39,24.58
2015-11-30,55.1,24.56
2015-12-01,55.71,24.83
2015-12-02,55.08,24.54
2015-12-03,54.2,24.14
2015-12-04,55.67,24.78
2015-12-07,55.42,24.55
2015-12-08,54.4,24.24
2015-12-09,54.12,23.96
2015-12-10,54.34,23.98
2015-12-11,53.31,23.45
2015-12-14,53.2,23.5
2015-12-15,54.91,24.05
2015-12-16,55.85,24.44
2015-12-17,55.47,24.09
2015-12-18,53.79,23.3
2015-12-21,54.02,23.53
2015-12-22,54.34,23.75
2015-12-23,55.04,24.03
2015-12-24,54.82,24.01
2015-12-28,54.68,23.99
2015-12-29,55.29,24.24
2015-12-30,54.89,24.07
2015-12-31,54.36,23.83
2016-01-04,52.91,23.37
2016-01-05,52.89,23.46
2016-01-06,51.88,23.1
2016-01-07,50.4,22.45
2016-01-08,49.56,22.1
2016-01-11,50.09,22.13
2016-01-12,51.36,22.3
2016-01-13,49.73,21.72
2016-01-14,50.64,21.91
2016-01-15,48.82,21.42
2016-01-19,48.21,21.41
2016-01-20,47.87,20.99
2016-01-21,48.01,20.9
2016-01-22,49.02,21.28
2016-01-25,47.66,20.85
2016-01-26,48.26,21.2
2016-01-27,48.57,21.12
2016-01-28,48.92,21.13
2016-01-29,50.23,21.72
2016-02-01,49.94,21.63
2016-02-02,48.83,21.03
2016-02-03,47.6,21.05
2016-02-04,48.25,21.23
2016-02-05,47.86,20.95
2016-02-08,46.5,20.42
2016-02-09,46.45,20.39
2016-02-10,46.17,20.28
2016-02-11,45.16,19.66
2016-02-12,47.31,20.49
2016-02-16,48.24,20.82
2016-02-17,48.13,21.1
2016-02-18,47.73,20.98
2016-02-19,48.09,20.98
2016-02-22,49.19,21.31
2016-02-23,48.1,20.93
2016-02-24,47.61,20.88
2016-02-25,47.75,21.17
2016-02-26,48.07,21.32
2016-02-29,46.92,21.09
2016-03-01,48.72,21.8
2016-03-02,49.57,22.04
2016-03-03,49.77,22.19
2016-03-04,50.11,22.28
2016-03-07,50.07,22.27
2016-03-08,49.05,21.91
2016-03-09,48.79,21.94
2016-03-10,48.51,21.92
2016-03-11,50.07,22.49
2016-03-14,49.88,22.42
2016-03-15,49.98,22.41
2016-03-16,49.54,22.36
2016-03-17,49.73,22.63
2016-03-18,50.54,22.73
2016-03-21,50.67,22.69
2016-03-22,50.37,22.62
2016-03-23,49.76,22.45
2016-03-24,48.9,22.31
2016-03-28,48.7,22.38
2016-03-29,48.05,22.42
2016-03-30,48.65,22.55
2016-03-31,48.36,22.5
2016-04-01,48.45,22.7
2016-04-04,48.5,22.59
2016-04-05,47.51,22.27
2016-04-06,48.08,22.39
2016-04-07,46.93,21.97
2016-04-08,47.07,22.05
2016-04-11,47.03,22.14
2016-04-12,47.77,22.42
2016-04-13,49.03,22.93
2016-04-14,48.79,22.98
2016-04-15,48.25,22.9
2016-04-18,48.84,23.07
2016-04-19,49.88,23.36
2016-04-20,50.45,23.54
2016-04-21,50.05,23.33
2016-04-22,50.62,23.55
2016-04-25,50.51,23.5
2016-04-26,50.92,23.65
2016-04-27,50.93,23.69
2016-04-28,50.41,23.44
2016-04-29,49.98,23.31
2016-05-02,50.59,23.52
2016-05-03,50.0,23.22
2016-05-04,48.94,23.04
2016-05-05,48.96,23.03
2016-05-06,49.02,23.13
2016-05-09,48.88,23.07
2016-05-10,49.4,23.4
2016-05-11,49.08,23.15
2016-05-12,49.2,23.16
2016-05-13,48.24,22.88
2016-05-16,48.27,23.0
2016-05-17,47.62,22.87
2016-05-18,48.65,23.27
2016-05-19,48.38,23.05
2016-05-20,48.75,23.21
2016-05-23,48.7,23.19
2016-05-24,49.2,23.54
2016-05-25,50.5,23.79
2016-05-26,50.55,23.65
2016-05-27,50.85,23.81
2016-05-31,50.72,23.75
2016-06-01,51.0,23.8
2016-06-02,51.11,23.85
2016-06-03,50.19,23.51
2016-06-06,50.49,23.65
2016-06-07,50.27,23.6
2016-06-08,50.0,23.62
2016-06-09,49.14,23.45
2016-06-10,48.34,23.16
2016-06-13,47.97,23.0
2016-06-14,46.88,22.66
2016-06-15,46.78,22.69
2016-06-16,46.85,22.75
2016-06-17,46.6,22.61
2016-06-20,46.93,22.74
2016-06-21,47.23,22.87
2016-06-22,46.97,22.85
2016-06-23,47.91,23.33
2016-06-24,45.71,22.08
2016-06-27,45.01,21.45
2016-06-28,46.1,22.0
2016-06-29,46.97,22.5
2016-06-30,47.33,22.855
2016-07-01,47.03,22.74
2016-07-05,46.21,22.4
2016-07-06,46.65,22.46
2016-07-07,46.8,22.49
2016-07-08,47.79,22.92
2016-07-11,48.08,23.05
2016-07-12,48.35,23.34
2016-07-13,48.27,23.34
2016-07-14,48.94,23.56
2016-07-15,47.71,23.52
2016-07-18,48.28,23.6
2016-07-19,48.37,23.61
2016-07-20,48.61,23.65
2016-07-21,48.3,23.53
2016-07-22,48.32,23.68
2016-07-25,48.12,23.63
2016-07-26,47.97,23.65
2016-07-27,48.0,23.64
2016-07-28,48.13,23.69
2016-07-29,47.97,23.65
2016-08-01,47.81,23.59
2016-08-02,47.7,23.39
2016-08-03,47.57,23.63
2016-08-04,47.84,23.57
2016-08-05,48.68,24.02
2016-08-08,48.91,24.05
2016-08-09,48.93,24.07
2016-08-10,48.18,23.88
2016-08-11,48.24,23.93
2016-08-12,47.9,23.86
2016-08-15,48.27,24.02
2016-08-16,48.44,23.96
2016-08-17,48.61,24.04
2016-08-18,48.53,24.02
2016-08-19,48.65,24.01
2016-08-22,48.63,24.01
2016-08-23,48.41,24.04
2016-08-24,48.63,24.03
2016-08-25,48.38,24.08
2016-08-26,48.51,24.11
2016-08-29,49.56,24.32
2016-08-30,50.62,24.54
2016-08-31,50.8,24.56
2016-09-01,50.43,24.46
2016-09-02,50.55,24.57
2016-09-06,49.99,24.53
2016-09-07,49.77,24.52
2016-09-08,49.9,24.5
2016-09-09,48.72,24.04
2016-09-12,48.54,24.31
2016-09-13,46.96,23.88
2016-09-14,46.52,23.82
2016-09-15,46.15,23.96
2016-09-16,45.43,23.62
2016-09-19,46.01,19.31
2016-09-20,46.56,19.32
2016-09-21,45.83,19.44
2016-09-22,45.72,19.48
2016-09-23,45.74,19.38
2016-09-26,44.88,19.07
2016-09-27,45.09,19.22
2016-09-28,45.31,19.31
2016-09-29,44.37,19.04
2016-09-30,44.28,19.3
2016-10-03,43.83,19.21
2016-10-04,43.75,19.29
2016-10-05,44.99,19.6
2016-10-06,45.18,19.63
2016-10-07,45.33,19.62
2016-10-10,45.65,19.72
2016-10-11,45.45,19.54
2016-10-12,45.32,19.52
2016-10-13,44.75,19.33
2016-10-14,44.71,19.42
2016-10-17,44.5,19.33
2016-10-18,44.95,19.49
2016-10-19,45.26,19.66
2016-10-20,44.93,19.66
2016-10-21,45.09,19.65
2016-10-24,45.52,19.71
2016-10-25,45.72,19.69
2016-10-26,46.15,19.81
2016-10-27,46.41,19.86
2016-10-28,46.23,19.77
2016-10-31,46.01,19.74
2016-11-01,45.99,19.66
2016-11-02,45.24,19.53
2016-11-03,45.34,19.55
2016-11-04,44.6,19.49
2016-11-07,45.4,19.98
2016-11-08,45.54,19.99
2016-11-09,47.99,20.84
2016-11-10,51.63,21.61
2016-11-11,51.73,21.67
2016-11-14,53.22,22.2
2016-11-15,52.59,22.18
2016-11-16,51.68,21.86
2016-11-17,52.49,22.16
2016-11-18,52.82,22.16
2016-11-21,52.12,22.24
2016-11-22,52.22,22.25
2016-11-23,52.16,22.38
2016-11-25,52.62,22.41
2016-11-28,51.58,22.15
2016-11-29,51.86,22.21
2016-11-30,52.92,22.51
2016-12-01,54.34,22.9
2016-12-02,53.58,22.65
2016-12-05,54.35,22.92
2016-12-06,55.55,23.12
2016-12-07,57.28,23.48
2016-12-08,57.29,23.7
2016-12-09,57.14,23.75
2016-12-12,55.78,23.52
2016-12-13,55.84,23.58
2016-12-14,54.7,23.47
2016-12-15,55.19,23.67
2016-12-16,55.34,23.36
2016-12-19,55.22,23.37
2016-12-20,56.1,23.66
2016-12-21,55.71,23.6
2016-12-22,55.75,23.54
2016-12-23,55.96,23.58
2016-12-27,55.95,23.61
2016-12-28,55.32,23.37
2016-12-29,54.84,23.2
2016-12-30,55.11,23.25
2017-01-03,56.0,23.51
2017-01-04,56.05,23.7
2017-01-05,55.18,23.46
2017-01-06,55.04,23.54
2017-01-09,54.24,23.38
2017-01-10,54.62,23.43
2017-01-11,54.8,23.58
2017-01-12,54.5,23.38
2017-01-13,55.31,23.51
2017-01-17,53.78,22.95
2017-01-18,54.27,23.14
2017-01-19,54.58,23.04
2017-01-20,55.07,23.15
2017-01-23,54.25,23.0
2017-01-24,54.7,23.29
2017-01-25,56.62,23.68
2017-01-26,57.18,23.74
2017-01-27,56.59,23.65
2017-01-30,56.08,23.46
2017-01-31,56.33,23.31
2017-02-01,55.91,23.34
2017-02-02,55.75,23.25
2017-02-03,57.27,23.72
2017-02-06,56.55,23.61
2017-02-07,56.34,23.55
2017-02-08,55.63,23.39
2017-02-09,56.73,23.71
2017-02-10,56.86,23.78
2017-02-13,57.08,24.05
2017-02-14,57.98,24.33
2017-02-15,58.55,24.52
2017-02-16,58.12,24.46
2017-02-17,58.09,24.47
2017-02-21,58.25,24.59
2017-02-22,58.36,24.61
2017-02-23,58.49,24.61
2017-02-24,57.81,24.42
2017-02-27,58.06,24.55
2017-02-28,57.88,24.54
2017-03-01,59.73,25.24
2017-03-02,58.71,24.85
2017-03-03,58.89,24.97
2017-03-06,58.61,24.78
2017-03-07,58.3,24.71
2017-03-08,58.21,24.72
2017-03-09,58.7,24.81
2017-03-10,58.85,24.79
2017-03-13,58.7,24.85
2017-03-14,58.76,24.78
2017-03-15,58.71,24.74
2017-03-16,59.32,24.78
2017-03-17,58.67,24.45
2017-03-20,57.63,24.271
2017-03-21,55.85,23.57
2017-03-22,55.33,23.52
2017-03-23,55.25,23.57
2017-03-24,55.83,23.54
2017-03-27,55.39,23.45
2017-03-28,55.96,23.77
2017-03-29,55.67,23.62
2017-03-30,56.24,23.93
2017-03-31,55.66,23.73
2017-04-03,55.49,23.68
2017-04-04,55.2,23.65
2017-04-05,54.98,23.47
2017-04-06,55.37,23.62
2017-04-07,54.84,23.52
2017-04-10,54.54,23.46
2017-04-11,54.16,23.39
2017-04-12,53.12,23.2
2017-04-13,51.35,22.9
2017-04-17,52.72,23.3
2017-04-18,52.45,23.08
2017-04-19,52.15,23.01
2017-04-20,53.5,23.4
2017-04-21,53.0,23.16
2017-04-24,53.65,23.68
2017-04-25,54.56,23.89
2017-04-26,54.54,23.87
2017-04-27,54.44,23.76
2017-04-28,53.84,23.53
2017-05-01,54.46,23.68
2017-05-02,54.54,23.65
2017-05-03,54.85,23.84
2017-05-04,55.18,23.88
2017-05-05,55.11,23.84
2017-05-08,55.04,23.82
2017-05-09,54.68,23.73
2017-05-10,54.72,23.81
2017-05-11,53.74,23.66
2017-05-12,53.02,23.56
2017-05-15,53.32,23.74
2017-05-16,53.26,23.81
2017-05-17,52.24,23.06
2017-05-18,52.38,23.15
2017-05-19,53.06,23.35
2017-05-22,53.01,23.41
2017-05-23,53.39,23.59
2017-05-24,53.09,23.58
2017-05-25,52.78,23.62
2017-05-26,52.41,23.61
2017-05-30,52.16,23.45
2017-05-31,51.14,23.25
2017-06-01,52.08,23.54
2017-06-02,51.81,23.45
2017-06-05,51.72,23.49
2017-06-06,51.81,23.39
2017-06-07,52.09,23.57
2017-06-08,52.56,23.84
2017-06-09,53.8,24.29
2017-06-12,54.09,24.34
2017-06-13,54.45,24.47
2017-06-14,54.53,24.51
2017-06-15,53.9,24.41
2017-06-16,53.89,24.29
2017-06-19,54.24,24.54
2017-06-20,53.46,24.33
2017-06-21,52.98,24.13
2017-06-22,52.49,23.98
2017-06-23,52.45,23.89
2017-06-26,52.9,24.02
2017-06-27,53.16,24.14
2017-06-28,54.33,24.52
2017-06-29,55.78,24.69
2017-06-30,55.41,24.67
2017-07-03,55.78,25.03
2017-07-05,55.78,25.07
2017-07-06,55.56,24.88
2017-07-07,55.74,25.05
2017-07-10,55.59,25.02
2017-07-11,55.04,24.8
2017-07-12,55.17,24.88
2017-07-13,55.6,25.03
2017-07-14,54.99,24.92
2017-07-17,54.71,24.84
2017-07-18,54.8,24.8
2017-07-19,54.94,24.81
2017-07-20,54.88,24.8
2017-07-21,54.17,24.8
2017-07-24,54.27,24.91
2017-07-25,55.06,25.22
2017-07-26,54.91,25.05
2017-07-27,54.71,24.91
2017-07-28,53.3,24.91
2017-07-31,53.94,25.09
2017-08-01,54.08,25.27
2017-08-02,53.62,25.31
2017-08-03,53.4,25.22
2017-08-04,52.84,25.39
2017-08-07,52.54,25.35
2017-08-08,52.71,25.28
2017-08-09,52.79,25.28
2017-08-10,51.95,24.83
2017-08-11,51.94,24.73
2017-08-14,52.84,25.07
2017-08-15,52.85,25.09
2017-08-16,52.69,25.04
2017-08-17,51.8,24.61
2017-08-18,51.68,24.62
2017-08-21,51.82,24.55
2017-08-22,52.22,24.82
2017-08-23,52.03,24.74
2017-08-24,52.16,24.74
2017-08-25,51.77,24.81
2017-08-28,51.63,24.65
2017-08-29,51.42,24.57
2017-08-30,51.36,24.67
2017-08-31,51.07,24.7
2017-09-01,50.97,24.77
2017-09-05,50.1,24.24
2017-09-06,49.88,24.3
2017-09-07,49.68,23.88
2017-09-08,49.58,24.1
2017-09-11,50.66,24.52
2017-09-12,51.57,24.81
2017-09-13,51.46,24.85
2017-09-14,51.29,24.8
2017-09-15,51.66,24.77
2017-09-18,52.71,25.06
2017-09-19,53.36,25.25
2017-09-20,53.75,25.4
2017-09-21,54.06,25.46
2017-09-22,54.25,25.43
2017-09-25,54.03,25.4
2017-09-26,53.8,25.39
2017-09-27,54.21,25.7
2017-09-28,54.25,25.74
2017-09-29,55.15,25.86
2017-10-02,55.47,26.08
2017-10-03,55.58,26.17
2017-10-04,54.96,26.05
2017-10-05,55.39,26.32
2017-10-06,55.58,26.35
2017-10-09,55.14,26.25
2017-10-10,55.61,26.37
2017-10-11,55.66,26.32
2017-10-12,55.21,26.12
2017-10-13,53.69,26.13
2017-10-16,53.8,26.3
2017-10-17,53.19,26.17
2017-10-18,53.41,26.31
2017-10-19,53.75,26.33
2017-10-20,54.92,26.64
2017-10-23,54.91,26.62
2017-10-24,55.42,26.81
2017-10-25,55.25,26.65
2017-10-26,55.62,26.8
2017-10-27,55.87,26.78
2017-10-30,55.85,26.67
2017-10-31,56.14,26.6
2017-11-01,56.21,26.64
2017-11-02,56.48,26.89
2017-11-03,56.35,26.78
2017-11-06,56.18,26.75
2017-11-07,55.05,26.38
2017-11-08,54.26,26.25
2017-11-09,54.0,26.16
2017-11-10,53.81,26.08
2017-11-13,53.72,26.12
2017-11-14,54.04,26.11
2017-11-15,53.75,26.18
2017-11-16,54.6,26.19
2017-11-17,54.15,26.16
2017-11-20,54.05,26.28
2017-11-21,54.52,26.36
2017-11-22,54.06,26.23
2017-11-24,54.09,26.22
2017-11-27,53.95,26.2
2017-11-28,55.57,26.88
2017-11-29,56.68,27.34
2017-11-30,56.47,27.52
2017-12-01,56.2,27.58
2017-12-04,57.39,28.0
2017-12-05,58.55,27.85
2017-12-06,58.57,27.75
2017-12-07,59.36,27.84
2017-12-08,59.31,28.01
2017-12-11,58.87,27.94
2017-12-12,60.33,28.22
2017-12-13,59.4,27.87
2017-12-14,59.22,27.69
2017-12-15,59.87,27.81
2017-12-18,60.92,28.06
2017-12-19,60.36,27.94
2017-12-20,60.14,27.89
2017-12-21,61.61,28.13
2017-12-22,61.55,28.05
2017-12-26,61.13,27.97
2017-12-27,60.95,28.0
2017-12-28,61.3,28.11
2017-12-29,60.67,27.91
2018-01-02,61.09,27.92
2018-01-03,61.56,28.07
2018-01-04,62.33,28.33
2018-01-05,62.75,28.41
2018-01-08,62.04,28.37
2018-01-09,62.26,28.59
2018-01-10,63.12,28.83
2018-01-11,63.01,28.97
2018-01-12,62.55,29.23
2018-01-16,62.5,29.15
2018-01-17,63.88,29.37
2018-01-18,63.95,29.33
2018-01-19,64.22,29.54
2018-01-22,64.73,29.78
2018-01-23,64.49,29.81
2018-01-24,65.48,30.01
2018-01-25,65.65,29.95
2018-01-26,65.93,30.17
2018-01-29,65.82,30.05
2018-01-30,65.28,29.66
2018-01-31,65.78,29.74
2018-02-01,65.51,30.02
2018-02-02,64.07,29.36
2018-02-05,58.16,27.88
2018-02-06,57.28,28.39
2018-02-07,57.54,28.41
2018-02-08,55.4,27.16
2018-02-09,56.13,27.68
2018-02-12,56.5,28.07
2018-02-13,58.0,28.19
2018-02-14,59.55,28.86
2018-02-15,60.02,29.02
2018-02-16,59.95,28.98
2018-02-20,59.95,28.89
2018-02-21,59.73,28.93
2018-02-22,58.81,28.69
2018-02-23,59.17,29.12
2018-02-26,59.97,29.56
2018-02-27,59.21,29.28
2018-02-28,58.41,28.87
2018-03-01,57.31,28.37
2018-03-02,57.41,28.44
2018-03-05,57.59,28.84
2018-03-06,57.07,28.96
2018-03-07,56.6,28.91
2018-03-08,56.72,29.0
2018-03-09,58.23,29.7
2018-03-12,58.02,29.6
2018-03-13,57.56,29.27
2018-03-14,56.63,28.94
2018-03-15,56.83,28.95
2018-03-16,55.9,28.87
2018-03-19,55.48,28.66
2018-03-20,54.9,28.73
2018-03-21,54.79,28.72
2018-03-22,52.53,27.66
2018-03-23,50.98,26.82
2018-03-26,52.29,27.69
2018-03-27,51.1,27.15
2018-03-28,51.48,27.2
2018-03-29,52.41,27.57
2018-04-02,51.35,26.96
2018-04-03,52.08,27.33
2018-04-04,52.91,27.62
2018-04-05,53.26,27.84
2018-04-06,52.23,27.17
2018-04-09,52.25,27.32
2018-04-10,52.62,27.73
2018-04-11,51.93,27.4
2018-04-12,52.7,27.88
2018-04-13,50.89,27.46
2018-04-16,50.8,27.58
2018-04-17,50.57,27.58
2018-04-18,50.39,27.45
2018-04-19,51.54,27.87
2018-04-20,52.56,27.88
2018-04-23,52.61,27.85
2018-04-24,52.51,27.67
2018-04-25,53.11,27.65
2018-04-26,52.44,27.66
2018-04-27,52.36,27.7
2018-04-30,51.96,27.45
2018-05-01,52.56,27.46
2018-05-02,52.19,27.15
2018-05-03,51.54,26.92
2018-05-04,52.41,27.27
2018-05-07,52.66,27.45
2018-05-08,53.19,27.64
2018-05-09,53.76,28.05
2018-05-10,54.65,28.28
2018-05-11,54.45,28.26
2018-05-14,54.48,28.24
2018-05-15,54.75,28.19
2018-05-16,55.04,28.24
2018-05-17,54.22,28.18
2018-05-18,53.7,27.95
2018-05-21,54.54,28.15
2018-05-22,55.26,28.34
2018-05-23,56.18,28.16
2018-05-24,54.67,27.94
2018-05-25,54.9,27.85
2018-05-29,52.95,26.92
2018-05-30,54.23,27.41
2018-05-31,53.99,27.18
2018-06-01,54.69,27.48
2018-06-04,54.83,27.57
2018-06-05,54.5,27.45
2018-06-06,55.58,27.95
2018-06-07,55.63,28.04
2018-06-08,55.68,28.08
2018-06-11,55.51,28.02
2018-06-12,55.38,27.95
2018-06-13,55.16,27.85
2018-06-14,54.74,27.59
2018-06-15,54.98,27.47
2018-06-18,55.08,27.42
2018-06-19,55.08,27.35
2018-06-20,54.48,27.28
2018-06-21,54.37,27.2
2018-06-22,53.94,27.07
2018-06-25,53.96,26.78
2018-06-26,53.43,26.69
2018-06-27,53.28,26.36
2018-06-28,53.63,26.59
2018-06-29,55.44,26.59
2018-07-02,56.32,26.72
2018-07-03,55.56,26.48
2018-07-05,55.24,26.54
2018-07-06,55.89,26.67
2018-07-09,56.77,27.28
2018-07-10,56.62,27.18
2018-07-11,56.07,27.05
2018-07-12,56.03,27.1
2018-07-13,55.36,26.98
2018-07-16,56.99,27.46
2018-07-17,56.56,27.49
2018-07-18,56.57,27.93
2018-07-19,56.33,27.51
2018-07-20,56.41,27.56
2018-07-23,58.0,27.94
2018-07-24,58.35,28.02
2018-07-25,58.23,28.08
2018-07-26,58.31,28.07
2018-07-27,58.63,28.13
2018-07-30,58.49,28.15
2018-07-31,57.29,27.95
2018-08-01,57.65,27.95
2018-08-02,58.29,27.96
2018-08-03,58.83,28.12
2018-08-06,58.89,28.27
2018-08-07,58.82,28.4
2018-08-08,59.19,28.47
2018-08-09,58.44,28.3
2018-08-10,58.05,27.97
2018-08-13,57.61,27.7
2018-08-14,58.07,27.96
2018-08-15,57.99,27.74
2018-08-16,58.66,28.11
2018-08-17,58.86,28.17
2018-08-20,59.03,28.26
2018-08-21,58.96,28.37
2018-08-22,59.17,28.27
2018-08-23,58.62,28.14
2018-08-24,58.69,28.24
2018-08-27,59.1,28.62
2018-08-28,59.07,28.59
2018-08-29,58.96,28.58
2018-08-30,58.46,28.36
2018-08-31,58.48,28.33
2018-09-04,58.8,28.47
2018-09-05,58.95,28.49
2018-09-06,57.93,28.36
2018-09-07,57.4,28.33
2018-09-10,57.46,28.3
2018-09-11,57.38,28.33
2018-09-12,55.94,28.07
2018-09-13,55.0,28.03
2018-09-14,54.73,28.23
2018-09-17,54.31,28.11
2018-09-18,54.5,28.25
2018-09-19,55.22,28.73
2018-09-20,55.55,28.98
2018-09-21,54.99,28.74
2018-09-24,54.26,28.42
2018-09-25,54.23,28.31
2018-09-26,53.16,27.97
2018-09-27,52.82,27.87
2018-09-28,52.56,27.58
2018-10-01,52.25,27.69
2018-10-02,52.13,27.69
2018-10-03,52.65,27.95
2018-10-04,53.51,28.14
2018-10-05,53.19,28.0
2018-10-08,53.67,28.19
2018-10-09,53.53,28.08
2018-10-10,52.43,27.21
2018-10-11,51.44,26.4
2018-10-12,52.11,26.43
2018-10-15,53.24,26.31
2018-10-16,53.73,26.75
2018-10-17,54.46,27.02
2018-10-18,53.1,26.57
2018-10-19,52.89,26.67
2018-10-22,51.65,26.1
2018-10-23,51.56,25.89
2018-10-24,50.19,25.24
2018-10-25,51.86,25.63
2018-10-26,51.25,25.26
2018-10-29,52.23,25.48
2018-10-30,52.69,25.92
2018-10-31,53.23,26.28
2018-11-01,53.56,26.4
2018-11-02,53.61,26.38
2018-11-05,53.66,26.8
2018-11-06,53.55,26.94
2018-11-07,53.58,27.29
2018-11-08,53.16,27.37
2018-11-09,53.04,27.12
2018-11-12,52.35,26.58
2018-11-13,52.74,26.73
2018-11-14,52.15,26.37
2018-11-15,52.82,26.76
2018-11-16,52.94,26.79
2018-11-19,53.32,26.78
2018-11-20,52.54,26.19
2018-11-21,52.43,26.21
2018-11-23,51.83,26.0
2018-11-26,52.88,26.53
2018-11-27,53.19,26.55
2018-11-28,54.35,27.06
2018-11-29,54.04,26.83
2018-11-30,54.28,26.97
2018-12-03,54.24,27.14
2018-12-04,51.78,25.96
2018-12-06,51.09,25.6
2018-12-07,50.26,25.11
2018-12-10,48.8,24.76
2018-12-11,47.76,24.52
2018-12-12,47.74,24.66
2018-12-13,47.03,24.48
2018-12-14,46.54,24.24
2018-12-17,46.61,24.0
2018-12-18,46.52,23.91
2018-12-19,45.67,23.61
2018-12-20,46.04,23.4
2018-12-21,45.12,22.79
2018-12-24,43.6,22.31
2018-12-26,45.59,23.32
2018-12-27,45.53,23.6
2018-12-28,45.78,23.59
2018-12-31,46.08,23.82
2019-01-02,46.94,24.02
2019-01-03,46.57,23.48
2019-01-04,47.95,24.26
2019-01-07,47.64,24.29
2019-01-08,47.54,24.31
2019-01-09,47.8,24.43
2019-01-10,47.75,24.44
2019-01-11,47.87,24.5
2019-01-14,48.42,24.67
2019-01-15,47.67,24.89
2019-01-16,48.94,25.42
2019-01-17,49.23,25.56
2019-01-18,50.01,26.0
2019-01-22,49.86,25.7
2019-01-23,50.12,25.73
2019-01-24,49.98,25.79
2019-01-25,50.13,26.0
2019-01-28,49.82,25.92
2019-01-29,49.85,25.83
2019-01-30,50.09,25.98
2019-01-31,48.91,25.94
2019-02-01,48.91,26.05
2019-02-04,49.06,26.16
2019-02-05,49.27,26.09
2019-02-06,49.22,26.06
2019-02-07,48.08,25.8
2019-02-08,47.65,25.67
2019-02-11,47.65,25.75
2019-02-12,49.05,26.13
2019-02-13,49.02,26.2
2019-02-14,48.52,25.88
2019-02-15,49.22,26.43
2019-02-19,49.38,26.47
2019-02-20,49.81,26.64
2019-02-21,49.56,26.5
2019-02-22,49.02,26.46
2019-02-25,49.66,26.57
2019-02-26,49.59,26.49
2019-02-27,49.9,26.59
2019-02-28,49.89,26.52
2019-03-01,50.03,26.69
2019-03-04,50.11,26.52
2019-03-05,49.89,26.42
2019-03-06,49.82,26.25
2019-03-07,49.68,25.98
2019-03-08,49.8,25.97
2019-03-11,49.76,26.24
2019-03-12,49.65,26.3
2019-03-13,49.92,26.48
2019-03-14,50.35,26.58
2019-03-15,50.66,26.63
2019-03-18,51.73,26.9
2019-03-19,51.41,26.69
2019-03-20,50.4,26.14
2019-03-21,49.86,26.06
2019-03-22,48.31,25.34
2019-03-25,48.08,25.23
2019-03-26,49.01,25.53
2019-03-27,48.77,25.42
2019-03-28,49.09,25.64
2019-03-29,48.32,25.71
2019-04-01,48.81,26.34
2019-04-02,48.21,26.32
2019-04-03,48.86,26.4
2019-04-04,49.17,26.56
2019-04-05,48.78,26.6
2019-04-08,48.88,26.63
2019-04-09,48.14,26.41
2019-04-10,47.79,26.49
2019-04-11,47.74,26.65
2019-04-12,46.49,27.14
2019-04-15,46.77,26.97
2019-04-16,47.65,27.35
2019-04-17,47.55,27.42
2019-04-18,47.58,27.34
2019-04-22,47.26,27.26
2019-04-23,47.35,27.43
2019-04-24,47.48,27.4
2019-04-25,47.51,27.45
2019-04-26,47.96,27.7
2019-04-29,48.27,27.98
2019-04-30,48.41,28.02
2019-05-01,48.23,27.79
2019-05-02,48.3,27.82
2019-05-03,48.65,28.07
2019-05-06,48.43,27.88
2019-05-07,47.17,27.42
2019-05-08,47.0,27.36
2019-05-09,46.74,27.3
2019-05-10,47.15,27.48
2019-05-13,46.33,26.68
2019-05-14,46.49,26.89
2019-05-15,45.84,26.79
2019-05-16,45.9,27.06
2019-05-17,45.7,26.88
2019-05-20,45.45,26.91
2019-05-21,46.33,27.19
2019-05-22,46.1,27.03
2019-05-23,45.56,26.65
2019-05-24,46.17,26.86
2019-05-28,45.59,26.55
2019-05-29,45.48,26.5
2019-05-30,45.05,26.41
2019-05-31,44.37,26.01
2019-06-03,44.52,26.18
2019-06-04,45.68,26.89
2019-06-05,45.86,27.06
2019-06-06,45.92,27.16
2019-06-07,45.63,27.12
2019-06-10,46.27,27.35
2019-06-11,46.26,27.36
2019-06-12,44.91,27.09
2019-06-13,45.29,27.18
2019-06-14,45.59,27.24
2019-06-17,45.27,26.99
2019-06-18,46.1,27.35
2019-06-19,45.65,27.3
2019-06-20,45.86,27.42
2019-06-21,46.89,27.22
2019-06-24,46.27,27.11
2019-06-25,46.14,27.02
2019-06-26,45.8,26.97
2019-06-27,46.29,27.21
2019-06-28,47.32,27.6
2019-07-01,47.69,27.93
2019-07-02,47.23,27.86
2019-07-03,47.66,28.08
2019-07-05,47.77,28.16
2019-07-08,47.53,28.02
2019-07-09,47.83,28.07
2019-07-10,47.15,27.97
2019-07-11,47.14,28.13
2019-07-12,47.36,28.32
2019-07-15,46.71,28.16
2019-07-16,45.3,28.09
2019-07-17,45.21,27.85
2019-07-18,45.82,28.06
2019-07-19,46.03,27.94
2019-07-22,46.48,28.0
2019-07-23,47.2,28.29
2019-07-24,48.45,28.58
2019-07-25,48.09,28.38
2019-07-26,49.3,28.69
2019-07-29,48.28,28.47
2019-07-30,48.55,28.39
2019-07-31,48.41,28.25
2019-08-01,47.06,27.61
2019-08-02,47.44,27.6
2019-08-05,46.14,26.68
2019-08-06,46.93,27.11
2019-08-07,45.81,26.75
2019-08-08,46.4,27.26
2019-08-09,46.3,27.17
2019-08-12,45.53,26.65
2019-08-13,45.96,26.98
2019-08-14,43.97,25.98
2019-08-15,43.38,26.11
2019-08-16,44.39,26.57
2019-08-19,45.25,26.84
2019-08-20,44.68,26.48
2019-08-21,45.0,26.6
2019-08-22,45.62,26.78
2019-08-23,44.42,26.1
2019-08-26,44.98,26.35
2019-08-27,44.75,26.19
2019-08-28,45.47,26.43
2019-08-29,46.19,26.83
2019-08-30,46.57,26.92
2019-09-03,46.09,26.64
2019-09-04,46.5,26.9
2019-09-05,47.62,27.45
2019-09-06,47.15,27.44
2019-09-09,48.41,27.86
2019-09-10,48.31,27.96
2019-09-11,48.85,28.12
2019-09-12,48.65,28.27
2019-09-13,48.92,28.49
2019-09-16,48.98,28.39
2019-09-17,48.76,28.42
2019-09-18,48.93,28.52
2019-09-19,48.91,28.39
2019-09-20,48.63,28.08
2019-09-23,48.96,28.13
2019-09-24,48.65,27.86
2019-09-25,49.26,28.09
2019-09-26,48.87,27.96
2019-09-27,50.71,28.07
2019-09-30,50.44,28.0
2019-10-01,49.06,27.41
2019-10-02,48.47,26.85
2019-10-03,48.48,26.96
2019-10-04,49.21,27.46
2019-10-07,48.81,27.32
2019-10-08,47.82,26.78
2019-10-09,48.15,27.03
2019-10-10,48.65,27.31
2019-10-11,49.21,27.65
2019-10-14,49.27,27.69
2019-10-15,50.11,28.09
2019-10-16,49.59,28.02
2019-10-17,49.61,28.04
2019-10-18,49.97,28.11
2019-10-21,50.46,28.5
2019-10-22,50.62,28.42
2019-10-23,50.93,28.54
2019-10-24,51.1,28.5
2019-10-25,51.57,28.64
2019-10-28,51.65,28.79
2019-10-29,52.17,28.86
2019-10-30,52.03,28.84
2019-10-31,51.63,28.7
2019-11-01,52.18,29.12
2019-11-04,52.72,29.37
2019-11-05,53.3,29.48
2019-11-06,53.8,29.63
2019-11-07,54.0,29.85
2019-11-08,54.1,29.84
2019-11-11,54.05,29.76
2019-11-12,54.22,29.8
2019-11-13,53.29,29.61
2019-11-14,53.49,29.67
2019-11-15,53.8,29.75
2019-11-18,54.0,29.81
2019-11-19,54.03,29.87
2019-11-20,53.54,29.73
2019-11-21,53.56,29.7
2019-11-22,54.28,29.92
2019-11-25,54.21,30.11
2019-11-26,53.81,30.08
2019-11-27,54.34,30.2
2019-11-29,54.46,30.15
2019-12-02,53.62,29.96
2019-12-03,52.58,29.54
2019-12-04,53.24,29.82
2019-12-05,53.23,29.96
2019-12-06,54.37,30.36
2019-12-09,53.92,30.29
2019-12-10,53.69,30.3
2019-12-11,53.17,30.23
2019-12-12,54.36,30.82
2019-12-13,53.79,30.71
2019-12-16,54.22,30.82
2019-12-17,54.34,30.94
2019-12-18,53.67,30.81
2019-12-19,53.63,30.8
2019-12-20,53.33,30.68
2019-12-23,53.81,30.61
2019-12-24,53.82,30.68
2019-12-26,54.15,30.85
2019-12-27,53.92,30.77
2019-12-30,53.6,30.68
2019-12-31,53.8,30.78
2020-01-02,53.75,31.08
2020-01-03,53.42,30.75
2020-01-06,53.1,30.73
2020-01-07,52.66,30.53
2020-01-08,52.82,30.73
2020-01-09,52.73,30.92
2020-01-10,52.5,30.69
2020-01-13,52.11,30.9
2020-01-14,49.3,30.84
2020-01-15,48.32,30.67
2020-01-16,49.25,30.94
2020-01-17,49.18,31.03
2020-01-21,48.94,30.77
2020-01-22,48.56,30.86
2020-01-23,48.22,30.78
2020-01-24,47.57,30.39
2020-01-27,47.1,29.92
2020-01-28,47.37,30.27
2020-01-29,47.27,30.22
2020-01-30,47.91,30.6
2020-01-31,46.94,29.96
2020-02-03,47.12,30.17
2020-02-04,47.26,30.46
2020-02-05,48.31,31.07
2020-02-06,47.98,31.03
2020-02-07,47.84,30.92
2020-02-10,47.77,31.01
2020-02-11,47.99,31.12
2020-02-12,47.79,31.14
2020-02-13,48.12,31.13
2020-02-14,48.22,31.17
2020-02-18,46.99,30.9
2020-02-19,47.09,31.13
2020-02-20,47.34,31.07
2020-02-21,47.7,30.77
2020-02-24,46.39,29.77
2020-02-25,45.12,28.76
2020-02-26,44.14,28.55
2020-02-27,42.47,27.33
2020-02-28,40.85,26.59
2020-03-02,42.26,27.95
2020-03-03,40.53,26.9
2020-03-04,41.4,27.79
2020-03-05,38.9,26.45
2020-03-06,37.09,25.55
2020-03-09,32.48,22.81
2020-03-10,35.08,24.15
2020-03-11,32.33,22.84
2020-03-12,27.2,20.37
2020-03-13,30.89,23.05
2020-03-16,26.5,19.89
2020-03-17,29.63,20.97
2020-03-18,28.12,19.19
2020-03-19,28.29,19.61
2020-03-20,26.5,18.91
2020-03-23,25.25,17.66
2020-03-24,28.92,19.85
2020-03-25,28.97,20.39
2020-03-26,30.9,21.67
2020-03-27,30.28,21.01
2020-03-30,29.92,21.41
2020-03-31,28.7,20.82
2020-04-01,26.57,19.55
2020-04-02,27.22,20.04
2020-04-03,26.23,19.64
2020-04-06,28.63,21.05
2020-04-07,28.77,21.26
2020-04-08,30.28,22.19
2020-04-09,33.2,23.38
2020-04-13,31.43,22.53
2020-04-14,30.18,22.63
2020-04-15,28.44,21.65
2020-04-16,26.89,21.27
2020-04-17,28.38,22.39
2020-04-20,27.68,22.0
2020-04-21,26.84,21.29
2020-04-22,26.8,21.52
2020-04-23,26.53,21.43
2020-04-24,26.92,21.74
2020-04-27,28.41,22.48
2020-04-28,28.87,22.72
2020-04-29,30.0,23.38
2020-04-30,29.05,22.79
2020-05-01,27.59,22.06
2020-05-04,27.35,21.86
2020-05-05,26.32,21.79
2020-05-06,25.61,21.32
2020-05-07,25.23,21.82
2020-05-08,25.43,22.29
2020-05-11,24.78,21.86
2020-05-12,24.04,21.29
2020-05-13,22.53,20.66
2020-05-14,24.06,21.19
2020-05-15,23.36,21.05
2020-05-18,25.41,22.13
2020-05-19,23.95,21.59
2020-05-20,24.52,22.07
2020-05-21,24.46,22.0
2020-05-22,24.17,21.92
2020-05-26,26.26,23.06
2020-05-27,27.95,24.06
2020-05-28,27.22,23.68
2020-05-29,26.47,23.41
2020-06-01,27.09,23.68
2020-06-02,27.4,23.87
2020-06-03,28.83,24.76
2020-06-04,30.22,25.3
2020-06-05,31.67,26.24
2020-06-08,33.32,26.74
2020-06-09,32.63,26.17
2020-06-10,29.71,25.19
2020-06-11,26.79,23.13
2020-06-12,27.97,23.83
2020-06-15,28.21,24.16
2020-06-16,28.52,24.54
2020-06-17,27.45,24.17
2020-06-18,27.55,24.14
2020-06-19,27.6,23.98
2020-06-22,27.35,23.71
2020-06-23,27.23,23.82
2020-06-24,26.12,22.98
2020-06-25,27.37,23.59
2020-06-26,25.34,22.58
2020-06-29,25.7,22.83
2020-06-30,25.6,23.14
2020-07-01,25.09,22.94
2020-07-02,25.34,22.97
2020-07-06,25.49,23.41
2020-07-07,24.46,22.93
2020-07-08,24.55,23.17
2020-07-09,24.04,22.68
2020-07-10,25.47,23.46
2020-07-13,25.41,23.56
2020-07-14,24.25,23.68
2020-07-15,25.35,24.15
2020-07-16,25.46,24.15
2020-07-17,24.95,23.95
2020-07-20,24.57,23.84
2020-07-21,26.2,24.31
2020-07-22,26.26,24.31
2020-07-23,26.35,24.33
2020-07-24,26.26,24.27
2020-07-27,25.49,24.07
2020-07-28,25.53,24.01
2020-07-29,25.78,24.46
2020-07-30,24.65,24.02
2020-07-31,24.26,24.03
2020-08-03,24.29,24.1
2020-08-04,24.22,24.0
2020-08-05,24.4,24.33
2020-08-06,24.24,24.32
2020-08-07,25.07,24.84
2020-08-10,24.7,25.02
2020-08-11,25.32,25.31
2020-08-12,25.19,25.24
2020-08-13,25.02,25.08
2020-08-14,25.3,25.18
2020-08-17,24.47,24.76
2020-08-18,24.04,24.6
2020-08-19,24.07,24.59
2020-08-20,23.75,24.36
2020-08-21,23.64,24.31
2020-08-24,24.49,24.89
2020-08-25,24.61,24.96
2020-08-26,24.04,24.84
2020-08-27,24.59,25.26
2020-08-28,24.69,25.36
2020-08-31,24.15,25.06
2020-09-01,24.05,25.13
2020-09-02,24.57,25.49
2020-09-03,24.52,25.1
2020-09-04,24.79,25.29
2020-09-08,23.97,24.64
2020-09-09,23.84,24.89
2020-09-10,23.95,24.54
2020-09-11,24.27,24.71
2020-09-14,24.81,25.05
2020-09-15,24.88,24.71
2020-09-16,25.71,24.99
2020-09-17,25.11,24.73
2020-09-18,25.13,24.68
2020-09-21,24.04,23.93
2020-09-22,23.65,23.73
2020-09-23,22.83,23.2
2020-09-24,23.32,23.25
2020-09-25,23.64,23.49
2020-09-28,23.82,24.05
2020-09-29,23.26,23.75
2020-09-30,23.51,24.07
2020-10-01,23.56,24.11
2020-10-02,23.99,24.3
2020-10-05,24.45,24.7
2020-10-06,24.18,24.45
2020-10-07,24.81,24.86
2020-10-08,25.3,25.2
2020-10-09,25.3,25.23
2020-10-12,25.68,25.51
2020-10-13,24.74,25.02
2020-10-14,23.25,24.78
2020-10-15,22.95,24.97
2020-10-16,22.86,24.99
2020-10-19,22.54,24.61
2020-10-20,22.81,24.81
2020-10-21,22.7,24.68
2020-10-22,23.25,25.17
2020-10-23,23.28,25.25
2020-10-26,22.7,24.68
2020-10-27,21.82,24.23
2020-10-28,21.18,23.61
2020-10-29,21.14,23.79
2020-10-30,21.45,23.86
2020-11-02,21.9,24.31
2020-11-03,22.09,24.85
2020-11-04,21.88,24.56
2020-11-05,22.33,25.16
2020-11-06,21.91,24.96
2020-11-09,24.22,27.01
2020-11-10,24.19,27.15
2020-11-11,24.19,27.04
2020-11-12,23.81,26.59
2020-11-13,24.07,27.03
2020-11-16,24.9,27.63
2020-11-17,25.04,27.59
2020-11-18,25.06,27.33
2020-11-19,26.16,27.42
2020-11-20,25.48,27.18
2020-11-23,26.3,27.69
2020-11-24,28.61,28.66
2020-11-25,28.59,28.56
2020-11-27,28.46,28.47
2020-11-30,27.35,27.88
2020-12-01,28.06,28.31
2020-12-02,28.87,28.62
2020-12-03,29.16,28.63
2020-12-04,29.55,28.98
2020-12-07,29.34,28.78
2020-12-08,28.94,28.77
2020-12-09,29.05,28.7
2020-12-10,29.49,28.75
2020-12-11,29.08,28.46
2020-12-14,28.64,28.13
2020-12-15,29.73,28.61
2020-12-16,29.65,28.66
2020-12-17,29.47,28.74
2020-12-18,29.01,28.49
2020-12-21,29.55,28.72
2020-12-22,28.96,28.44
2020-12-23,30.35,28.91
2020-12-24,29.84,28.95
2020-12-28,29.93,29.09
2020-12-29,29.78,28.99
2020-12-30,29.75,29.12
2020-12-31,30.18,29.48
2021-01-04,29.7,29.08
2021-01-05,30.53,29.21
2021-01-06,32.69,30.5
2021-01-07,33.43,30.94
2021-01-08,33.19,30.92
2021-01-11,33.24,31.02
2021-01-12,33.94,31.34
2021-01-13,33.8,31.32
2021-01-14,34.75,31.46
2021-01-15,32.04,30.94
2021-01-19,32.63,31.02
2021-01-20,32.46,30.89
2021-01-21,32.0,30.56
2021-01-22,31.9,30.34
2021-01-25,32.24,30.12
2021-01-26,31.38,29.88
2021-01-27,30.17,29.0
2021-01-28,30.81,29.54
2021-01-29,29.88,28.95
2021-02-01,29.99,29.33
2021-02-02,30.75,30.04
2021-02-03,31.7,30.21
2021-02-04,32.66,30.88
2021-02-05,32.56,30.89
2021-02-08,33.4,31.29
2021-02-09,33.26,31.3
2021-02-10,33.2,31.3
2021-02-11,32.72,31.2
2021-02-12,33.53,31.52
2021-02-16,34.79,32.06
2021-02-17,36.59,32.22
2021-02-18,36.96,32.03
2021-02-19,37.83,32.41
2021-02-22,37.26,32.71
2021-02-23,37.14,32.91
2021-02-24,38.29,33.55
2021-02-25,37.56,32.94
2021-02-26,36.17,32.31
2021-03-01,37.09,33.32
2021-03-02,37.14,33.2
2021-03-03,37.69,33.46
2021-03-04,37.16,33.08
2021-03-05,37.43,33.71
2021-03-08,38.67,34.14
2021-03-09,38.13,33.83
2021-03-10,39.58,34.52
2021-03-11,38.88,34.42
2021-03-12,39.97,34.77
2021-03-15,39.7,34.57
2021-03-16,39.35,34.21
2021-03-17,39.84,34.44
2021-03-18,40.81,34.62
2021-03-19,39.63,34.22
2021-03-22,38.97,33.63
2021-03-23,38.24,33.16
2021-03-24,38.12,33.28
2021-03-25,39.3,33.84
2021-03-26,39.76,34.37
2021-03-29,38.44,34.07
2021-03-30,39.39,34.31
2021-03-31,39.07,34.05
2021-04-01,39.63,34.47
2021-04-05,39.48,34.74
2021-04-06,39.85,34.67
2021-04-07,39.99,34.84
2021-04-08,40.03,34.85
2021-04-09,40.5,35.15
2021-04-12,40.77,35.3
2021-04-13,39.79,34.97
2021-04-14,41.99,35.18
2021-04-15,42.24,35.15
2021-04-16,43.84,35.4
2021-04-19,43.88,35.3
2021-04-20,42.54,34.64
2021-04-21,43.24,35.12
2021-04-22,42.7,34.73
2021-04-23,43.86,35.38
2021-04-26,44.14,35.52
2021-04-27,45.09,35.8
2021-04-28,45.08,35.94
2021-04-29,46.24,36.58
2021-04-30,45.05,36.26
2021-05-03,45.48,36.44
2021-05-04,45.74,36.73
2021-05-05,45.94,37.03
2021-05-06,46.63,37.58
2021-05-07,46.54,37.78
2021-05-10,46.6,37.75
2021-05-11,45.72,37.08
2021-05-12,45.64,36.7
2021-05-13,46.4,37.29
2021-05-14,46.96,37.88
2021-05-17,47.9,37.95
2021-05-18,46.86,37.42
2021-05-19,46.17,37.19
2021-05-20,45.73,37.21
2021-05-21,45.88,37.58
2021-05-24,46.24,37.76
2021-05-25,46.09,37.38
2021-05-26,46.4,37.49
2021-05-27,46.76,37.92
2021-05-28,46.72,37.99
2021-06-01,47.26,38.22
2021-06-02,46.81,38.28
2021-06-03,46.46,38.37
2021-06-04,46.96,38.47
2021-06-07,47.11,38.22
2021-06-08,46.61,38.12
2021-06-09,45.92,37.76
2021-06-10,45.09,37.32
2021-06-11,45.68,37.56
2021-06-14,45.15,37.17
2021-06-15,45.46,37.24
2021-06-16,45.57,37.2
2021-06-17,42.79,36.1
2021-06-18,41.75,35.23
2021-06-21,43.28,35.91
2021-06-22,43.54,35.97
2021-06-23,43.96,36.04
2021-06-24,45.18,36.49
2021-06-25,46.38,36.93
2021-06-28,45.79,36.66
2021-06-29,44.79,36.53
2021-06-30,45.29,36.69
2021-07-01,45.41,36.98
2021-07-02,45.07,36.94
2021-07-06,43.49,36.36
2021-07-07,43.4,36.41
2021-07-08,42.32,35.68
2021-07-09,43.91,36.71
2021-07-12,44.16,37.07
2021-07-13,43.23,36.67
2021-07-14,44.95,36.5
2021-07-15,45.0,36.62
2021-07-16,44.28,36.12
2021-07-19,43.05,35.11
2021-07-20,44.84,35.98
2021-07-21,45.8,36.6
2021-07-22,45.03,36.2
2021-07-23,44.59,36.26
2021-07-26,45.01,36.47
2021-07-27,45.14,36.46
2021-07-28,45.51,36.41
2021-07-29,46.5,36.81
2021-07-30,45.94,36.52
2021-08-02,45.79,36.53
2021-08-03,46.83,36.94
2021-08-04,46.15,36.63
2021-08-05,46.99,37.11
2021-08-06,48.77,37.86
2021-08-09,48.65,37.96
2021-08-10,49.63,38.36
2021-08-11,50.66,38.8
2021-08-12,51.15,38.87
2021-08-13,50.37,38.58
2021-08-16,49.41,38.48
2021-08-17,48.71,38.21
2021-08-18,47.97,37.74
2021-08-19,47.25,37.46
2021-08-20,47.42,37.69
2021-08-23,47.61,38.0
2021-08-24,48.36,38.23
2021-08-25,49.29,38.68
2021-08-26,49.05,38.49
2021-08-27,49.81,39.0
2021-08-30,48.41,38.45
2021-08-31,45.7,38.4
2021-09-01,43.45,38.18
2021-09-02,44.57,38.31
2021-09-03,44.17,38.07
2021-09-07,44.31,37.84
2021-09-08,43.82,37.75
2021-09-09,44.36,37.86
2021-09-10,44.33,37.58
2021-09-13,45.76,38.01
2021-09-14,46.05,37.5
2021-09-15,46.64,37.86
2021-09-16,46.28,37.75
2021-09-17,46.47,37.58
2021-09-20,45.81,36.55
2021-09-21,45.85,36.5
2021-09-22,47.08,37.11
2021-09-23,47.8,38.02
2021-09-24,47.92,38.22
2021-09-27,47.56,38.74
2021-09-28,45.92,38.1
2021-09-29,47.03,38.13
2021-09-30,46.41,37.53
2021-10-01,47.02,38.15
2021-10-04,47.02,37.82
2021-10-05,47.96,38.56
2021-10-06,47.87,38.6
2021-10-07,47.76,38.83
2021-10-08,48.0,39.02
2021-10-11,47.28,38.63
2021-10-12,46.65,38.51
2021-10-13,46.05,38.29
2021-10-14,45.31,38.93
2021-10-15,48.38,39.51
2021-10-18,49.43,39.52
2021-10-19,50.34,39.91
2021-10-20,50.16,40.23
2021-10-21,50.33,40.06
2021-10-22,50.66,40.62
2021-10-25,50.62,40.57
2021-10-26,50.63,40.6
2021-10-27,50.05,39.93
2021-10-28,51.36,40.42
2021-10-29,51.16,40.26
2021-11-01,51.71,40.28
2021-11-02,51.3,40.38
2021-11-03,52.0,40.53
2021-11-04,50.62,40.0
2021-11-05,50.44,40.02
2021-11-08,50.87,40.24
2021-11-09,49.89,40.02
2021-11-10,50.36,39.95
2021-11-11,50.59,40.06
2021-11-12,50.96,40.15
2021-11-15,51.08,40.15
2021-11-16,50.37,40.11
2021-11-17,49.84,39.65
2021-11-18,49.9,39.45
2021-11-19,48.82,39.02
2021-11-22,50.34,39.57
2021-11-23,51.4,40.19
2021-11-24,51.31,40.1
2021-11-26,48.43,38.77
2021-11-29,49.16,38.89
2021-11-30,47.78,37.96
2021-12-01,47.21,37.54
2021-12-02,48.91,38.66
2021-12-03,47.75,38.03
2021-12-06,48.81,38.61
2021-12-07,50.25,39.3
2021-12-08,49.41,39.09
2021-12-09,49.69,39.01
2021-12-10,50.2,39.05
2021-12-13,48.56,38.63
2021-12-14,48.89,38.86
2021-12-15,48.94,38.97
2021-12-16,50.3,39.46
2021-12-17,47.95,38.59
2021-12-20,46.85,37.66
2021-12-21,47.81,38.44
2021-12-22,48.03,38.62
2021-12-23,48.36,38.82
2021-12-27,48.77,39.22
2021-12-28,48.42,39.24
2021-12-29,48.45,39.19
2021-12-30,48.1,39.12
2021-12-31,47.98,39.05
2022-01-03,50.73,39.53
2022-01-04,52.75,40.57
2022-01-05,52.29,40.1
2022-01-06,53.63,40.69
2022-01-07,54.77,41.17
2022-01-10,55.35,41.03
2022-01-11,56.06,41.39
2022-01-12,56.4,41.42
2022-01-13,56.0,41.26
2022-01-14,58.06,40.83
2022-01-18,56.69,39.92
2022-01-19,55.57,39.25
2022-01-20,55.0,39.0
2022-01-21,53.67,38.2
2022-01-24,53.32,38.31
2022-01-25,53.59,38.47
2022-01-26,54.14,38.57
2022-01-27,53.76,38.22
2022-01-28,54.19,38.72
2022-01-31,53.8,39.06
2022-02-01,55.6,39.6
2022-02-02,55.93,39.87
2022-02-03,55.17,39.43
2022-02-04,56.33,40.1
2022-02-07,57.33,40.22
2022-02-08,58.75,40.78
2022-02-09,59.06,41.04
2022-02-10,59.05,40.68
2022-02-11,58.31,40.11
2022-02-14,57.85,39.66
2022-02-15,58.38,40.2
2022-02-16,58.14,40.23
2022-02-17,56.15,39.23
2022-02-18,55.63,39.22
2022-02-22,55.28,39.02
2022-02-23,53.95,38.34
2022-02-24,52.71,37.88
2022-02-25,54.11,39.1
2022-02-28,53.37,38.52
2022-03-01,50.29,37.1
2022-03-02,52.22,38.06
2022-03-03,51.24,37.94
2022-03-04,48.79,37.23
2022-03-07,45.81,35.87
2022-03-08,46.46,35.66
2022-03-09,49.16,36.97
2022-03-10,49.01,36.66
2022-03-11,48.47,36.4
2022-03-14,49.86,36.86
2022-03-15,50.11,37.38
2022-03-16,51.6,38.43
2022-03-17,51.48,38.91
2022-03-18,51.42,39.0
2022-03-21,51.14,38.81
2022-03-22,53.39,39.44
2022-03-23,51.12,38.71
2022-03-24,51.33,39.02
2022-03-25,52.56,39.52
2022-03-28,51.81,39.41
2022-03-29,51.6,39.5
2022-03-30,50.11,39.22
2022-03-31,48.46,38.32
2022-04-01,48.71,38.22
2022-04-04,48.46,38.05
2022-04-05,48.12,37.81
2022-04-06,47.89,37.55
2022-04-07,47.74,37.51
2022-04-08,48.73,37.89
2022-04-11,49.33,37.72
2022-04-12,48.42,37.31
2022-04-13,48.54,37.31
2022-04-14,46.35,36.89
2022-04-18,47.17,37.11
2022-04-19,47.83,37.62
2022-04-20,48.65,37.88
2022-04-21,47.78,37.28
2022-04-22,46.34,36.17
2022-04-25,45.83,36.23
2022-04-26,44.58,35.32
2022-04-27,44.58,35.29
2022-04-28,45.17,35.74
2022-04-29,43.63,34.51
2022-05-02,43.67,34.52
2022-05-03,44.16,34.97
2022-05-04,45.98,36.04
2022-05-05,44.76,34.99
2022-05-06,44.55,34.74
2022-05-09,43.96,33.91
2022-05-10,43.08,33.61
2022-05-11,42.57,33.3
2022-05-12,41.81,33.05
2022-05-13,42.64,33.53
2022-05-16,42.21,33.25
2022-05-17,43.71,34.14
2022-05-18,42.11,33.2
2022-05-19,42.0,32.98
2022-05-20,41.67,32.92
2022-05-23,43.82,33.99
2022-05-24,43.29,33.92
2022-05-25,44.12,34.19
2022-05-26,45.6,34.98
2022-05-27,45.89,35.57
2022-05-31,45.77,35.47
2022-06-01,45.16,34.9
2022-06-02,45.33,35.38
2022-06-03,44.82,34.87
2022-06-06,45.12,34.97
2022-06-07,45.47,35.24
2022-06-08,44.63,34.62
2022-06-09,42.67,33.75
2022-06-10,40.08,32.53
2022-06-13,38.99,31.56
2022-06-14,37.43,31.29
2022-06-15,38.17,31.64
2022-06-16,37.65,30.84
2022-06-17,38.48,30.93
2022-06-21,38.99,31.38
2022-06-22,38.6,31.31
2022-06-23,37.9,31.19
2022-06-24,40.76,32.34
2022-06-27,40.24,32.23
2022-06-28,40.18,31.91
2022-06-29,39.71,31.73
2022-06-30,39.17,31.45
2022-07-01,39.92,31.88
2022-07-05,40.1,31.77
2022-07-06,39.5,31.69
2022-07-07,40.12,32.15
2022-07-08,40.18,32.08
2022-07-11,39.79,31.82
2022-07-12,39.6,31.62
2022-07-13,39.07,31.34
2022-07-14,38.74,30.74
2022-07-15,41.13,31.78
2022-07-18,41.19,31.66
2022-07-19,42.9,32.61
2022-07-20,42.72,32.73
2022-07-21,43.28,32.94
2022-07-22,43.17,32.75
2022-07-25,43.5,32.96
2022-07-26,42.9,32.5
2022-07-27,43.71,33.0
2022-07-28,43.32,33.24
2022-07-29,43.87,33.71
2022-08-01,43.54,33.43
2022-08-02,42.88,33.06
2022-08-03,43.89,33.56
2022-08-04,42.77,33.45
2022-08-05,43.76,33.69
2022-08-08,43.19,33.67
2022-08-09,43.4,33.84
2022-08-10,44.33,34.6
2022-08-11,45.25,35.01
2022-08-12,45.94,35.56
2022-08-15,45.75,35.55
2022-08-16,46.06,35.81
2022-08-17,46.14,35.63
2022-08-18,46.14,35.67
2022-08-19,45.35,34.96
2022-08-22,44.41,34.19
2022-08-23,44.37,34.05
2022-08-24,44.64,34.23
2022-08-25,45.39,34.76
2022-08-26,43.97,33.72
2022-08-29,43.92,33.48
2022-08-30,44.14,33.3
2022-08-31,43.71,33.05
2022-09-01,43.7,33.15
2022-09-02,43.38,32.89
2022-09-06,42.88,32.81
2022-09-07,43.84,33.46
2022-09-08,45.23,34.05
2022-09-09,45.33,34.36
2022-09-12,45.53,34.64
2022-09-13,43.22,33.35
2022-09-14,43.28,33.25
2022-09-15,44.14,33.36
2022-09-16,43.94,33.06
2022-09-19,44.32,33.26
2022-09-20,43.41,32.77
2022-09-21,42.27,32.09
2022-09-22,41.52,31.55
2022-09-23,40.41,31.05
2022-09-26,40.01,30.56
2022-09-27,40.03,30.43
2022-09-28,40.81,31.03
2022-09-29,40.5,30.64
2022-09-30,40.22,30.36
2022-10-03,41.58,31.18
2022-10-04,43.54,32.34
2022-10-05,43.31,32.09
2022-10-06,42.24,31.64
2022-10-07,41.79,30.89
2022-10-10,41.45,30.75
2022-10-11,40.23,30.36
2022-10-12,40.51,30.29
2022-10-13,42.38,31.54
2022-10-14,43.17,31.01
2022-10-17,43.96,31.79
2022-10-18,44.67,32.3
2022-10-19,43.62,31.77
2022-10-20,43.65,31.26
2022-10-21,44.83,32.19
2022-10-24,45.2,32.62
2022-10-25,45.37,33.01
2022-10-26,45.7,33.09
2022-10-27,45.65,33.36
2022-10-28,46.35,34.19
2022-10-31,45.99,33.98
2022-11-01,46.95,34.07
2022-11-02,46.88,33.64
2022-11-03,45.54,33.3
2022-11-04,46.74,33.91
2022-11-07,47.07,34.25
2022-11-08,47.18,34.45
2022-11-09,45.97,33.87
2022-11-10,47.95,35.58
2022-11-11,47.55,35.87
2022-11-14,46.87,35.36
2022-11-15,46.71,35.44
2022-11-16,46.21,35.27
2022-11-17,45.99,35.08
2022-11-18,46.5,35.37
2022-11-21,46.84,35.48
2022-11-22,47.11,35.84
2022-11-23,47.33,35.99
2022-11-25,47.44,36.11
2022-11-28,46.98,35.49
2022-11-29,47.57,35.7
2022-11-30,47.95,36.31
2022-12-01,46.87,36.1
2022-12-02,45.94,35.93
2022-12-05,43.66,35.04
2022-12-06,43.4,34.73
2022-12-07,42.45,34.59
2022-12-08,42.58,34.62
2022-12-09,42.5,34.53
2022-12-12,42.86,34.99
2022-12-13,42.62,35.08
2022-12-14,42.18,34.64
2022-12-15,41.37,33.96
2022-12-16,41.19,33.7
2022-12-19,41.82,33.4
2022-12-20,40.98,33.54
2022-12-21,41.12,34.06
2022-12-22,40.68,33.76
2022-12-23,40.98,33.95
2022-12-27,41.04,33.94
2022-12-28,41.12,33.82
2022-12-29,41.33,34.29
2022-12-30,41.29,34.2
2023-01-03,41.79,34.32
2023-01-04,42.65,34.87
2023-01-05,42.42,34.61
2023-01-06,42.8,35.38
2023-01-09,42.39,35.25
2023-01-10,42.36,35.45
2023-01-11,42.74,35.78
2023-01-12,42.83,35.85
2023-01-13,44.22,36.12
2023-01-17,44.12,35.88
2023-01-18,43.38,35.21
2023-01-19,42.95,34.8
2023-01-20,43.92,35.35
2023-01-23,45.03,35.76
2023-01-24,44.45,35.78
2023-01-25,45.34,36.06
2023-01-26,45.81,36.25
2023-01-27,46.12,36.25
2023-01-30,46.29,36.07
2023-01-31,46.87,36.56
2023-02-01,47.33,36.56
2023-02-02,47.23,36.66
2023-02-03,47.58,36.59
2023-02-06,47.68,36.58
2023-02-07,48.13,37.0
2023-02-08,48.25,36.78
2023-02-09,47.57,36.37
2023-02-10,47.51,36.49
2023-02-13,48.13,36.91
2023-02-14,48.5,36.71
2023-02-15,47.97,36.75
2023-02-16,47.22,36.38
2023-02-17,47.49,36.39
2023-02-21,46.24,35.64
2023-02-22,46.01,35.6
2023-02-23,46.25,35.63
2023-02-24,46.62,35.66
2023-02-27,46.78,35.65
2023-02-28,46.77,35.72
2023-03-01,46.68,35.6
2023-03-02,45.8,35.43
2023-03-03,46.85,35.99
2023-03-06,46.63,36.02
2023-03-07,44.45,35.09
2023-03-08,43.84,34.96
2023-03-09,41.13,33.54
2023-03-10,41.36,32.93
2023-03-13,38.41,31.63
2023-03-14,40.17,32.27
2023-03-15,38.85,31.41
2023-03-16,39.3,32.01
2023-03-17,37.76,30.98
2023-03-20,37.48,31.17
2023-03-21,38.48,31.96
2023-03-22,37.2,31.22
2023-03-23,36.61,31.01
2023-03-24,36.23,30.99
2023-03-27,37.47,31.42
2023-03-28,37.18,31.41
2023-03-29,37.97,31.87
2023-03-30,37.38,31.8
2023-03-31,37.38,32.15
2023-04-03,37.72,32.21
2023-04-04,36.81,31.91
2023-04-05,36.89,31.87
2023-04-06,37.9,31.99
2023-04-10,38.63,32.06
2023-04-11,39.37,32.34
2023-04-12,39.19,32.27
2023-04-13,39.66,32.56
2023-04-14,39.64,32.88
2023-04-17,41.3,33.26
2023-04-18,41.87,33.36
2023-04-19,42.24,33.44
2023-04-20,41.67,33.34
2023-04-21,41.24,33.22
2023-04-24,41.45,33.14
2023-04-25,40.55,32.57
2023-04-26,39.46,32.26
2023-04-27,39.66,32.78
2023-04-28,39.75,33.17
2023-05-01,40.39,33.08
2023-05-02,38.84,32.33
2023-05-03,38.65,31.96
2023-05-04,36.72,31.55
2023-05-05,37.94,32.33
2023-05-08,38.38,32.38
2023-05-09,38.54,32.26
2023-05-10,38.28,32.08
2023-05-11,38.33,32.03
2023-05-12,37.49,31.9
2023-05-15,38.77,32.16
2023-05-16,38.39,31.86
2023-05-17,40.46,32.5
2023-05-18,40.21,32.74
2023-05-19,40.03,32.6
2023-05-22,40.98,32.66
2023-05-23,41.21,32.28
2023-05-24,40.87,31.86
2023-05-25,40.9,31.85
2023-05-26,41.23,32.11
2023-05-30,40.98,32.1
2023-05-31,39.81,31.76
2023-06-01,40.06,32.1
2023-06-02,41.24,32.8
2023-06-05,40.45,32.63
2023-06-06,41.26,33.04
2023-06-07,42.07,33.17
2023-06-08,42.37,33.14
2023-06-09,42.13,33.15
2023-06-12,41.83,33.14
2023-06-13,42.65,33.34
2023-06-14,42.08,33.21
2023-06-15,42.36,33.65
2023-06-16,42.18,33.58
2023-06-20,41.89,33.18
2023-06-21,41.65,33.14
2023-06-22,41.06,32.88
2023-06-23,40.61,32.74
2023-06-26,40.59,32.67
2023-06-27,40.91,32.93
2023-06-28,40.62,32.85
2023-06-29,42.45,33.42
2023-06-30,42.68,33.71
2023-07-03,43.4,33.9
2023-07-05,43.48,33.83
2023-07-06,42.89,33.54
2023-07-07,42.77,33.59
2023-07-10,42.32,33.74
2023-07-11,42.74,34.14
2023-07-12,43.26,34.36
2023-07-13,43.71,34.48
2023-07-14,43.56,34.25
2023-07-17,44.74,34.58
2023-07-18,45.6,34.97
2023-07-19,46.26,35.12
2023-07-20,47.13,35.38
2023-07-21,45.96,35.26
2023-07-24,46.42,35.6
2023-07-25,45.48,35.37
2023-07-26,46.44,35.58
2023-07-27,45.77,35.13
2023-07-28,46.14,35.2
2023-07-31,46.16,35.33
2023-08-01,45.71,35.33
2023-08-02,45.1,35.03
2023-08-03,45.15,35.05
2023-08-04,44.85,34.91
2023-08-07,45.06,35.4
2023-08-08,44.48,35.08
2023-08-09,43.72,34.82
2023-08-10,43.67,34.85
2023-08-11,43.73,34.92
2023-08-14,43.74,34.85
2023-08-15,42.73,34.21
2023-08-16,42.22,34.16
2023-08-17,42.47,33.99
2023-08-18,42.5,33.98
2023-08-21,42.49,33.94
2023-08-22,41.5,33.62
2023-08-23,41.61,33.95
2023-08-24,41.43,33.83
2023-08-25,41.23,33.99
2023-08-28,41.88,34.18
2023-08-29,42.0,34.49
2023-08-30,41.54,34.51
2023-08-31,41.29,34.38
2023-09-01,41.65,34.69
2023-09-05,41.54,34.34
2023-09-06,41.02,34.32
2023-09-07,40.43,34.23
2023-09-08,41.0,34.3
2023-09-11,41.33,34.46
2023-09-12,42.54,34.69
2023-09-13,42.25,34.69
2023-09-14,43.05,35.01
2023-09-15,42.95,34.83
2023-09-18,43.43,34.77
2023-09-19,43.22,34.73
2023-09-20,42.87,34.49
2023-09-21,42.32,33.92
2023-09-22,41.23,33.66
2023-09-25,41.56,33.74
2023-09-26,40.65,33.29
2023-09-27,40.86,33.24
2023-09-28,40.91,33.48
2023-09-29,40.86,33.17
2023-10-02,39.61,32.89
2023-10-03,38.67,32.37
2023-10-04,38.97,32.61
2023-10-05,39.3,32.76
2023-10-06,39.69,33.04
2023-10-09,39.7,33.06
2023-10-10,39.82,33.3
2023-10-11,39.69,33.35
2023-10-12,39.74,33.14
2023-10-13,40.96,33.21
2023-10-16,41.65,33.56
2023-10-17,41.98,33.72
2023-10-18,41.53,33.14
2023-10-19,41.18,32.7
2023-10-20,40.27,32.2
2023-10-23,39.48,32.0
2023-10-24,39.28,32.22
2023-10-25,39.03,32.1
2023-10-26,39.65,32.03
2023-10-27,38.76,31.45
2023-10-30,39.43,32.01
2023-10-31,39.77,32.36
2023-11-01,39.61,32.57
2023-11-02,40.51,33.34
2023-11-03,41.62,33.78
2023-11-06,41.34,33.68
2023-11-07,41.04,33.63
2023-11-08,40.98,33.67
2023-11-09,40.4,33.53
2023-11-10,40.89,33.91
2023-11-13,40.77,33.86
2023-11-14,42.08,34.5
2023-11-15,42.84,34.69
2023-11-16,42.53,34.83
2023-11-17,42.96,35.01
2023-11-20,42.79,35.15
2023-11-21,42.6,35.13
2023-11-22,42.78,35.27
2023-11-24,42.92,35.38
2023-11-27,43.02,35.26
2023-11-28,43.37,35.25
2023-11-29,43.78,35.5
2023-11-30,44.59,35.9
2023-12-01,45.02,36.17
2023-12-04,45.12,36.13
2023-12-05,44.49,35.95
2023-12-06,44.5,35.77
2023-12-07,45.4,35.94
2023-12-08,46.1,36.13
2023-12-11,46.0,36.35
2023-12-12,46.47,36.61
2023-12-13,47.76,37.2
2023-12-14,50.51,37.57
2023-12-15,50.31,37.35
2023-12-18,49.66,37.29
2023-12-19,50.09,37.57
2023-12-20,49.34,36.9
2023-12-21,49.45,37.26
2023-12-22,49.18,37.34
2023-12-26,49.64,37.49
2023-12-27,49.33,37.61
2023-12-28,49.48,37.72
2023-12-29,49.22,37.6
