date,WY,IYR
1/4/2010,18.12221082,45.81
1/5/2010,18.50691369,45.92
1/6/2010,18.30228168,45.9
1/7/2010,18.22043051,46.31
1/8/2010,18.05263062,46
1/11/2010,18.17132046,46.22
1/12/2010,17.95850153,45.44
1/13/2010,18.12221082,46.29
1/14/2010,17.95031461,46.13
1/15/2010,17.83981782,45.71
1/19/2010,18.30228168,46.62
1/20/2010,17.99943039,46.14
1/21/2010,17.17680559,44.83
1/22/2010,16.88623182,43.8
1/25/2010,16.9639928,44.12
1/26/2010,17.00901225,43.74
1/27/2010,16.88214122,44.14
1/28/2010,16.56700628,43.72
1/29/2010,16.32963233,43.43
2/1/2010,16.77982522,44.22
2/2/2010,17.37734742,44.95
2/3/2010,17.09086383,44.43
2/4/2010,16.53017416,42.77
2/5/2010,16.14546474,43.57
2/8/2010,16.06361316,42.58
2/9/2010,16.28461328,42.45
2/10/2010,16.06361316,42.48
2/11/2010,16.21503922,42.85
2/12/2010,16.18229728,43.24
2/16/2010,16.56700628,44.4
2/17/2010,16.50152281,44.82
2/18/2010,16.61611592,45.42
2/19/2010,16.89850933,45.41
2/22/2010,16.90259951,45.6
2/23/2010,16.7880064,45.24
2/24/2010,17.20545735,45.68
2/25/2010,16.87395431,45.91
2/26/2010,16.53426434,45.8
3/1/2010,17.07448959,46.27
3/2/2010,17.36097973,46.29
3/3/2010,17.50421846,46.19
3/4/2010,17.40599877,46.38
3/5/2010,17.75386951,47.44
3/8/2010,17.83981782,48.03
3/9/2010,17.82344358,48.19
3/10/2010,17.59835327,48.45
3/11/2010,17.9216694,48.69
3/12/2010,17.87664995,49.05
3/15/2010,17.74977933,48.91
3/16/2010,18.26954628,50.18
3/17/2010,18.54784296,50.79
3/18/2010,18.34321094,50.59
3/19/2010,18.15904336,50.16
3/22/2010,18.4005075,50.68
3/23/2010,18.54784296,50.54
3/24/2010,18.41688133,50.7
3/25/2010,18.07309505,50.29
3/26/2010,18.1303916,50.11
3/29/2010,18.36776556,50.33
3/30/2010,18.51919734,50.23
3/31/2010,18.52737853,49.78
4/1/2010,18.66243607,50.01
4/5/2010,18.87525541,51.05
4/6/2010,18.95710699,52.08
4/7/2010,18.81386171,50.96
4/8/2010,18.75656516,50.98
4/9/2010,19.31316465,51.7875
4/12/2010,18.88344233,51.45
4/13/2010,18.74428765,52.62
4/14/2010,19.2681452,52.67
4/15/2010,19.19039035,51.36
4/16/2010,19.58737073,50.29
4/19/2010,19.76744772,50.48
4/20/2010,20.38134377,51.27
4/21/2010,20.87246551,52.23
4/22/2010,21.21214934,52.99
4/23/2010,21.81376787,53.68
4/26/2010,21.3553942,54.02
4/27/2010,20.51231153,52.31
4/28/2010,20.17671175,52.49
4/29/2010,20.75786585,54.66
4/30/2010,20.26675066,52.96
5/3/2010,20.7742401,54.6
5/4/2010,19.9229701,53.32
5/5/2010,19.57918995,52.57
5/6/2010,18.58467508,50.455
5/7/2010,18.2818238,49.61
5/10/2010,19.41139006,52.88
5/11/2010,19.29679654,52.94
5/12/2010,19.79609948,53.8
5/13/2010,19.25996442,53.09
5/14/2010,18.8629779,51.45
5/17/2010,18.71564244,51.37
5/18/2010,18.19178489,50.06
5/19/2010,17.96668845,49.64
5/20/2010,17.16452849,47.24
5/21/2010,17.59016636,48.77
5/24/2010,17.05403171,47.79
5/25/2010,16.99673474,48.29
5/26/2010,17.01310285,48.1
5/27/2010,17.65565024,50.71
5/28/2010,17.42645706,49.95
6/1/2010,16.92715454,48.98
6/2/2010,17.37325683,50.06
6/3/2010,17.17680559,49.93
6/4/2010,16.41967123,47.22
6/7/2010,15.95311024,46.98
6/8/2010,16.17411036,47.8
6/9/2010,15.94083273,48.04
6/10/2010,16.45241276,50.05
6/11/2010,16.78391581,50.57
6/14/2010,16.55063245,51.17
6/15/2010,16.67750921,52.28
6/16/2010,16.35009676,51.9
6/17/2010,16.13727782,51.98
6/18/2010,16.06361316,51.83
6/21/2010,16.14546474,51.46
6/22/2010,15.57658815,50.01
6/23/2010,15.88353617,50.04
6/24/2010,15.26554339,48.59
6/25/2010,15.26554339,49.83
6/28/2010,15.06909871,49.26
6/29/2010,14.48794419,47.68
6/30/2010,14.40609262,47.21
7/1/2010,14.381538,47.12
7/2/2010,14.1155127,46.22
7/6/2010,14.04184804,45.32
7/7/2010,14.49203479,47.48
7/8/2010,14.58617002,47.99
7/9/2010,14.66802159,48.62
7/12/2010,15.90399446,48.8
7/13/2010,16.46059354,49.87
7/14/2010,16.31735523,49.58
7/15/2010,16.63249016,49.47
7/16/2010,16.5751932,47.95
7/19/2010,17.11950904,48.5
7/20/2010,15.94,49.33
7/21/2010,15.5,48.38
7/22/2010,16.109986,50.12
7/23/2010,16.62999,50.71
7/26/2010,17.049988,52.02
7/27/2010,16.959992,52.01
7/28/2010,16.589997,51.93
7/29/2010,16.489991,51.47
7/30/2010,16.219986,51.65
8/2/2010,16.909989,53.22
8/3/2010,16.979996,52.94
8/4/2010,17.5,53.11
8/5/2010,17.239991,52.45
8/6/2010,17.169999,52.28
8/9/2010,17.409989,52.8
8/10/2010,17.239991,52.39
8/11/2010,16.359986,51.13
8/12/2010,16.459992,50.54
8/13/2010,16.359986,50.43
8/16/2010,16.25,50.48
8/17/2010,16.919999,51.58
8/18/2010,16.75,51.59
8/19/2010,16.169999,50.42
8/20/2010,16.149994,50.27
8/23/2010,15.8,50.03
8/24/2010,15.48,49.81
8/25/2010,15.66,50.46
8/26/2010,15.48,50.18
8/27/2010,15.78,50.98
8/30/2010,15.55,50.51
8/31/2010,15.7,50.98
9/1/2010,16.359986,52.59
9/2/2010,16.39,53.25
9/3/2010,16.39,53.9475
9/7/2010,15.87,53.2
9/8/2010,15.99,53.23
9/9/2010,16.179993,52.83
9/10/2010,16.279999,53.04
9/13/2010,16.349991,53.865
9/14/2010,16.089997,53.71
9/15/2010,15.93,54.13
9/16/2010,15.84,53.84
9/17/2010,15.97,54
9/20/2010,15.6,55.21
9/21/2010,15.4,54.34
9/22/2010,15.79,53.78
9/23/2010,15.8,52.12
9/24/2010,16.329987,53.54
9/27/2010,16.37999,53.01
9/28/2010,16.37999,53.15
9/29/2010,16.12999,52.76
9/30/2010,15.76,52.88
10/1/2010,16.089997,53.14
10/4/2010,15.78,53.59
10/5/2010,16.12999,54.29
10/6/2010,16.059998,54.13
10/7/2010,15.94,54.25
10/8/2010,15.82,54.32
10/11/2010,15.75,54.24
10/12/2010,15.84,54.71
10/13/2010,16.009995,55.25
10/14/2010,15.76,55.08
10/15/2010,15.52,55.05
10/18/2010,15.32,54.77
10/19/2010,15.23,55.04
10/20/2010,15.3,56.14
10/21/2010,15.52,56.03
10/22/2010,15.72,56.04
10/25/2010,15.99,56.15
10/26/2010,15.79,55.82
10/27/2010,15.81,55.26
10/28/2010,15.69,54.92
10/29/2010,16.219986,54.96
11/1/2010,16.349991,55.36
11/2/2010,16.409989,55.67
11/3/2010,16.419999,55.61
11/4/2010,17,57.05
11/5/2010,17.5,57.62
11/8/2010,17.799988,57.34
11/9/2010,17.329987,55.27
11/10/2010,17.62999,55.93
11/11/2010,17.75,55.48
11/12/2010,17.449997,54.96
11/15/2010,17.579987,54.36
11/16/2010,16.909989,52.65
11/17/2010,17.099991,53.11
11/18/2010,17.26999,53.48
11/19/2010,17.179993,53.73
11/22/2010,17.159989,53.84
11/23/2010,16.959992,53.46
11/24/2010,17.289994,54.49
11/26/2010,17.009995,54.26
11/29/2010,16.829987,54.3
11/30/2010,16.689988,54.0875
12/1/2010,17.049988,54.5
12/2/2010,17.539994,55.24
12/3/2010,17.699997,55.32
12/6/2010,17.699997,55.35
12/7/2010,17.839997,55.53
12/8/2010,17.279999,54.7
12/9/2010,17.679993,54.11
12/10/2010,17.759995,54.67
12/13/2010,17.899994,54.81
12/14/2010,17.919999,54.25
12/15/2010,17.779999,53.65
12/16/2010,17.989991,53.79
12/17/2010,18.159989,54.21
12/20/2010,18.479996,54.83
12/21/2010,18.409989,55.43
12/22/2010,18.439988,55.22
12/23/2010,18.559998,55.05
12/27/2010,18.709992,55.49
12/28/2010,18.839997,55.71
12/29/2010,19,55.96
12/30/2010,18.949997,56.03
12/31/2010,18.929993,55.96
1/3/2011,19.759995,56.83
1/4/2011,19.549988,55.82
1/5/2011,20.159989,56.05
1/6/2011,20.01999,55.75
1/7/2011,20.569993,55.73
1/10/2011,20.799988,55.71
1/11/2011,21.12999,55.61
1/12/2011,21.549988,55.86
1/13/2011,21.339997,56.02
1/14/2011,21.62999,56.4
1/18/2011,21.719986,56.93
1/19/2011,21.309998,56.25
1/20/2011,21.599991,56.13
1/21/2011,22.489991,56.35
1/24/2011,22.779999,56.63
1/25/2011,23,57.23
1/26/2011,22.829987,57.39
1/27/2011,23.009995,58.19
1/28/2011,22.669999,57.28
1/31/2011,23.179993,57.96
2/1/2011,23.89,58.23
2/2/2011,23.569993,58.24
2/3/2011,23.579987,58.39
2/4/2011,24.299988,57.86
2/7/2011,23.609986,58.51
2/8/2011,24.309998,58.66
2/9/2011,24.319993,58.8
2/10/2011,24.729996,58.99
2/11/2011,25.199997,59.36
2/14/2011,24.829987,59.35
2/15/2011,25.009995,59.15
2/16/2011,25.089997,59.32
2/17/2011,25.159989,59.4
2/18/2011,25.159989,59.63
2/22/2011,24.039994,59.09
2/23/2011,23.569993,58.62
2/24/2011,23.949997,58.3
2/25/2011,24.199997,59.34
2/28/2011,24.409989,60.58
3/1/2011,23.359986,58.95
3/2/2011,23.539994,58.48
3/3/2011,24.109986,59.32
3/4/2011,23.569993,58.81
3/7/2011,23.339997,58.43
3/8/2011,23.37999,59.16
3/9/2011,23.599991,59.19
3/10/2011,22.949997,58.2725
3/11/2011,24.37999,58.93
3/14/2011,24.789994,58.53
3/15/2011,24.699997,58.06
3/16/2011,23.979996,57.3
3/17/2011,24.319993,57.78
3/18/2011,24.39,58.29
3/21/2011,25.059998,58.93
3/22/2011,24.489991,58.4
3/23/2011,24.5,57.96
3/24/2011,24.329987,58.23
3/25/2011,24.219986,58.02
3/28/2011,24.419999,58.02
3/29/2011,24.62999,58.28
3/30/2011,24.619996,58.96
3/31/2011,24.599991,59.4
4/1/2011,25.14,59.54
4/4/2011,24.959992,59.49
4/5/2011,24.64,59.59
4/6/2011,24.119996,59.51
4/7/2011,24.099991,58.89
4/8/2011,23.609986,58.45
4/11/2011,23.099991,58.39
4/12/2011,22.559998,58.27
4/13/2011,22.429993,58.2
4/14/2011,22.489991,58.99
4/15/2011,22.689988,59.64
4/18/2011,21.979996,59.05
4/19/2011,22.239991,59.51
4/20/2011,22.619996,60.2
4/21/2011,22.62999,60.63
4/25/2011,22.589997,60.93
4/26/2011,23.179993,61.5
4/27/2011,23.689988,61.78
4/28/2011,23.989991,62.47
4/29/2011,23.009995,62.17
5/2/2011,22.599991,62.16
5/3/2011,22.5,61.74
5/4/2011,22.119996,61.4
5/5/2011,22.099991,61.31
5/6/2011,22.089997,60.98
5/9/2011,22.329987,61.22
5/10/2011,22.579987,62.07
5/11/2011,22.029999,61.38
5/12/2011,22.01999,61.37
5/13/2011,21.909989,60.81
5/16/2011,22.12999,60.95
5/17/2011,21.5,60.86
5/18/2011,22.209992,61.54
5/19/2011,21.829987,61.66
5/20/2011,21.759995,61.03
5/23/2011,21.349991,60.39
5/24/2011,21.529999,60.57
5/25/2011,21.799988,60.82
5/26/2011,22.069993,61.61
5/27/2011,20.869996,61.72
5/31/2011,21.539994,62.8
6/1/2011,20.719986,61.03
6/2/2011,20.819993,60.68
6/3/2011,20.76999,60.9
6/6/2011,20.5,60.03
6/7/2011,21.529999,60.75
6/8/2011,21.119996,60.46
6/9/2011,21.039994,59.9
6/10/2011,20.399994,58.48
6/13/2011,20.089997,58.59
6/14/2011,20.599991,59.51
6/15/2011,20.009995,58.53
6/16/2011,20.239991,58.94
6/17/2011,20.329987,59.44
6/20/2011,20.339997,60.07
6/21/2011,21.14,60.6
6/22/2011,21.01999,60.47
6/23/2011,20.829987,59.36
6/24/2011,20.329987,58.76
6/27/2011,20.62999,59.07
6/28/2011,20.899994,59.56
6/29/2011,21.219986,60.22
6/30/2011,21.859986,60.3
7/1/2011,22.289994,61.38
7/5/2011,22.149994,61.76
7/6/2011,22.189988,62.14
7/7/2011,22.569993,62.92
7/8/2011,22.099991,62.7
7/11/2011,21.719986,61.52
7/12/2011,21.89,61.73
7/13/2011,22,61.21
7/14/2011,21.559998,60.53
7/15/2011,21.649994,61.19
7/18/2011,21.37999,60.64
7/19/2011,22.25,61.69
7/20/2011,21.789994,62.15
7/21/2011,22.039994,62.55
7/22/2011,22.179993,62.87
7/25/2011,21.279999,62.16
7/26/2011,20.64,62.16
7/27/2011,20.099991,60.49
7/28/2011,20.049988,60.4
7/29/2011,19.989991,60.43
8/1/2011,19.509995,59.63
8/2/2011,18.849991,57.88
8/3/2011,18.959992,57.52
8/4/2011,18.089997,54.74
8/5/2011,17.869996,53.61
8/8/2011,16.569993,49.05
8/9/2011,17.109986,53.59
8/10/2011,16.199997,52.33
8/11/2011,16.779999,54.77
8/12/2011,16.829987,54.69
8/15/2011,17.219986,56.641
8/16/2011,17.069993,56.43
8/17/2011,17.099991,56.5
8/18/2011,16.149994,54.07
8/19/2011,15.7,52.99
8/22/2011,15.68,53.09
8/23/2011,16.169999,54.4
8/24/2011,16.549988,55.01
8/25/2011,16.239991,53.85
8/26/2011,17,54.65
8/29/2011,17.489991,56.39
8/30/2011,17.649994,56.61
8/31/2011,18.029999,57.22
9/1/2011,17.699997,56.26
9/2/2011,17.109986,54.9
9/6/2011,16.929993,54.78
9/7/2011,17.599991,56.62
9/8/2011,17.299988,56.21
9/9/2011,16.859986,54.63
9/12/2011,16.729996,54.8
9/13/2011,16.859986,54.85
9/14/2011,17.319993,55.16
9/15/2011,17.51999,56.23
9/16/2011,17.799988,56.69
9/19/2011,17.509995,55.57
9/20/2011,17.509995,55.41
9/21/2011,16.899994,52.76
9/22/2011,15.94,51.43
9/23/2011,15.95,51.29
9/26/2011,16.12999,51.94
9/27/2011,16.51999,52.49
9/28/2011,15.95,51.18
9/29/2011,16.089997,51.94
9/30/2011,15.55,50.57
10/3/2011,15.25,48.19
10/4/2011,15.98,50.01
10/5/2011,15.8,49.63
10/6/2011,16.469986,51
10/7/2011,16.029999,49.56
10/10/2011,16.959992,51.95
10/11/2011,16.789994,50.99
10/12/2011,16.949997,51.82
10/13/2011,16.699997,51.46
10/14/2011,17.189988,52.65
10/17/2011,16.439988,51.44
10/18/2011,16.849991,53.14
10/19/2011,16.569993,52.48
10/20/2011,16.419999,52.8
10/21/2011,17.089997,54.36
10/24/2011,17.539994,55.8
10/25/2011,16.919999,54.94
10/26/2011,17.089997,55.45
10/27/2011,17.939988,57.82
10/28/2011,18.299988,58
10/31/2011,17.979996,57.24
11/1/2011,17.12999,55.31
11/2/2011,17.25,56.43
11/3/2011,17.539994,57.07
11/4/2011,17.309998,56.64
11/7/2011,17.229996,56.78
11/8/2011,17.5,57.46
11/9/2011,16.459992,54.88
11/10/2011,16.459992,54.93
11/11/2011,16.89,56.35
11/14/2011,16.459992,55.22
11/15/2011,16.609986,55.7
11/16/2011,16.449997,55.17
11/17/2011,16.199997,54.18
11/18/2011,16.409989,54.57
11/21/2011,15.9,53.13
11/22/2011,15.75,52.98
11/23/2011,15.49,51.42
11/25/2011,15.48,51.6
11/28/2011,15.78,52.86
11/29/2011,15.92,52.71
11/30/2011,16.789994,55.14
12/1/2011,16.75,54.58
12/2/2011,16.76999,54.67
12/5/2011,17.059998,55.18
12/6/2011,17.079987,55.14
12/7/2011,17.259995,55.66
12/8/2011,16.809998,54.33
12/9/2011,17.229996,55.41
12/12/2011,16.719986,54.42
12/13/2011,16.459992,53.94
12/14/2011,16.419999,54.25
12/15/2011,16.619996,54.99
12/16/2011,16.699997,55.45
12/19/2011,16.289994,54.91
12/20/2011,17.319993,56.57
12/21/2011,17.919999,56.65
12/22/2011,18.299988,56.83
12/23/2011,18.169999,57.11
12/27/2011,18.359986,57.24
12/28/2011,18.479996,56.62
12/29/2011,18.87999,57.09
12/30/2011,18.669999,56.81
1/3/2012,19.099991,57.16
1/4/2012,18.89,56.52
1/5/2012,18.779999,56.93
1/6/2012,19.01999,56.83
1/9/2012,18.789994,56.67
1/10/2012,19.209992,57.3
1/11/2012,19.719986,57.81
1/12/2012,19.859986,57.43
1/13/2012,20.219986,57.69
1/17/2012,20.26999,57.985
1/18/2012,20.559998,58.36
1/19/2012,21.009995,58.73
1/20/2012,20.649994,59.01
1/23/2012,20.229996,59.19
1/24/2012,19.939988,59.52
1/25/2012,20.279999,60.28
1/26/2012,20.619996,60.63
1/27/2012,20.469986,60.78
1/30/2012,20.299988,60.25
1/31/2012,20.01999,60.56
2/1/2012,20.079987,61.01
2/2/2012,20.14,61.14
2/3/2012,21.299988,62.02
2/6/2012,20.699997,61.72
2/7/2012,20.37999,61.67
2/8/2012,20.559998,61.71
2/9/2012,20.359986,61.26
2/10/2012,20.01999,60.75
2/13/2012,20.549988,61.44
2/14/2012,19.979996,60.83
2/15/2012,19.859986,60.53
2/16/2012,20.569993,61.03
2/17/2012,20.649994,61.13
2/21/2012,20.739991,60.37
2/22/2012,20.709992,59.88
2/23/2012,20.89,60.58
2/24/2012,21.059998,60.75
2/27/2012,21.329987,60.68
2/28/2012,21,60.22
2/29/2012,20.89,60.14
3/1/2012,21.289994,60.46
3/2/2012,21.159989,60.44
3/5/2012,21.219986,60.93
3/6/2012,20.569993,60.11
3/7/2012,20.739991,60.37
3/8/2012,21.009995,60.23
3/9/2012,21.479996,60.51
3/12/2012,21.399994,60.93
3/13/2012,22.069993,62.02
3/14/2012,21.859986,61.87
3/15/2012,22.169999,61.83
3/16/2012,22.009995,62.2
3/19/2012,22.279999,62.57
3/20/2012,22.279999,62.42
3/21/2012,22.159989,62.28
3/22/2012,21.809998,61.54
3/23/2012,21.869996,61.79
3/26/2012,21.909989,61.89
3/27/2012,22.049988,61.86
3/28/2012,22.01999,61.72
3/29/2012,21.89,61.78
3/30/2012,21.919999,62.3
4/2/2012,22.159989,62.7
4/3/2012,21.849991,62.41
4/4/2012,21.599991,61.78
4/5/2012,21.509995,61.51
4/9/2012,21.039994,60.92
4/10/2012,20.369996,59.74
4/11/2012,20.51999,60.45
4/12/2012,21.069993,61.31
4/13/2012,20.739991,60.99
4/16/2012,20.699997,61.7
4/17/2012,21.119996,62.23
4/18/2012,20.76999,61.9
4/19/2012,20.75,61.87
4/20/2012,20.979996,62.52
4/23/2012,20.01999,61.94
4/24/2012,20.51999,62.73
4/25/2012,20.739991,63.42
4/26/2012,20.87999,63.69
4/27/2012,20.849991,64
4/30/2012,20.359986,63.91
5/1/2012,20.399994,64.47
5/2/2012,20.62999,64.37
5/3/2012,20.37999,64.15
5/4/2012,19.979996,63.66
5/7/2012,20.219986,64.02
5/8/2012,19.869996,63.96
5/9/2012,20.069993,63.81
5/10/2012,20.009995,63.75
5/11/2012,20.069993,64.02
5/14/2012,19.429993,63.24
5/15/2012,19.359986,62.93
5/16/2012,19.14,62.16
5/17/2012,18.689988,60.44
5/18/2012,18.759995,59.82
5/21/2012,19.259995,61.05
5/22/2012,19.469986,61.18
5/23/2012,19.729996,61.44
5/24/2012,19.909989,61.63
5/25/2012,19.76999,61.45
5/29/2012,20.309998,62.29
5/30/2012,19.759995,60.84
5/31/2012,19.909989,61.22
6/1/2012,19.109986,59.67
6/4/2012,19.12999,59.25
6/5/2012,19.369996,60.415
6/6/2012,20.109986,61.71
6/7/2012,20.199997,61.41
6/8/2012,20.449997,62.18
6/11/2012,20.179993,60.96
6/12/2012,20.719986,61.531
6/13/2012,20.359986,61.24
6/14/2012,20.579987,62.07
6/15/2012,20.789994,62.46
6/18/2012,20.949997,62.95
6/19/2012,21.309998,62.69
6/20/2012,21.239991,62.61
6/21/2012,20.75,61.625
6/22/2012,20.689988,61.68
6/25/2012,20.219986,61.34
6/26/2012,20.429993,61.61
6/27/2012,21.209992,62
6/28/2012,21.659989,62.52
6/29/2012,22.359986,63.935
7/2/2012,22.339997,64.62
7/3/2012,22.669999,64.98
7/5/2012,22.329987,64.68
7/6/2012,22.289994,64.77
7/9/2012,22.459992,64.9
7/10/2012,22.159989,64.13
7/11/2012,22.709992,64.23
7/12/2012,22.779999,64.51
7/13/2012,23.369996,65.21
7/16/2012,23.649994,65.46
7/17/2012,23.479996,66.01
7/18/2012,23.319993,65.5
7/19/2012,23.069993,64.95
7/20/2012,23.059998,64.73
7/23/2012,23.049988,64.34
7/24/2012,22.809998,64.08
7/25/2012,22.779999,64.07
7/26/2012,22.909989,64.59
7/27/2012,23.589997,65.32
7/30/2012,23.5,65.5
7/31/2012,23.349991,65.43
8/1/2012,23.159989,65.24
8/2/2012,23.12999,65.31
8/3/2012,23.649994,65.79
8/6/2012,23.469986,65.6
8/7/2012,23.789994,64.92
8/8/2012,23.51999,64.53
8/9/2012,23.449997,64.34
8/10/2012,23.539994,64.48
8/13/2012,23.729996,64.46
8/14/2012,23.699997,64.43
8/15/2012,23.859986,64.61
8/16/2012,24.449997,65.08
8/17/2012,24.239991,65.05
8/20/2012,24.029999,65
8/21/2012,24.239991,65
8/22/2012,24.51999,64.94
8/23/2012,24.619996,64.77
8/24/2012,24.369996,65.02
8/27/2012,24.599991,65.16
8/28/2012,24.619996,65.42
8/29/2012,24.87999,65.44
8/30/2012,24.869996,65.37
8/31/2012,24.909989,65.63
9/4/2012,25.049988,65.96
9/5/2012,25.059998,65.92
9/6/2012,25.5,66.44
9/7/2012,25.449997,66.56
9/10/2012,25.469986,66.13
9/11/2012,25.839997,66.39
9/12/2012,26.309998,66.64
9/13/2012,26.919999,67.45
9/14/2012,27.149994,67.8
9/17/2012,26.839997,67.48
9/18/2012,26.39,66.9
9/19/2012,26.25,66.59
9/20/2012,26.259995,65.81
9/21/2012,26.529999,65.795
9/24/2012,26.75,65.72
9/25/2012,26.479996,64.24
9/26/2012,26.12999,64.175
9/27/2012,26.689988,64.53
9/28/2012,26.14,64.38
10/1/2012,26.099991,63.92
10/2/2012,26.199997,64.46
10/3/2012,26.609986,64.65
10/4/2012,26.459992,64.41
10/5/2012,26.64,64.69
10/8/2012,26.479996,64.42
10/9/2012,26.309998,64.14
10/10/2012,26.209992,64.22
10/11/2012,26.279999,64.23
10/12/2012,26.259995,63.95
10/15/2012,27.299988,64.38
10/16/2012,27.239991,64.68
10/17/2012,28,64.78
10/18/2012,28.459992,65.39
10/19/2012,28.009995,64.78
10/22/2012,28.229996,64.55
10/23/2012,27.869996,63.9006
10/24/2012,27.559998,63.94
10/25/2012,27.299988,63.66
10/26/2012,27.369996,63.29
10/31/2012,27.689988,64
11/1/2012,27.849991,64.07
11/2/2012,27.729996,64.4997
11/5/2012,27.64,64.02
11/6/2012,27.399994,64.16
11/7/2012,27.289994,63.84
11/8/2012,26.469986,63.19
11/9/2012,26.309998,62.98
11/12/2012,26.429993,62.88
11/13/2012,26.299988,62.68
11/14/2012,25.329987,61.46
11/15/2012,24.989991,61.19
11/16/2012,25.37999,61.89
11/19/2012,25.979996,62.47
11/20/2012,26.259995,62.86
11/21/2012,26.289994,62.82
11/23/2012,26.719986,63.33
11/26/2012,26.559998,63.42
11/27/2012,26.559998,63.08
11/28/2012,26.729996,62.97
11/29/2012,26.779999,63.3788
11/30/2012,27.559998,63.63
12/3/2012,27.5,63.81
12/4/2012,27.159989,63.73
12/5/2012,26.579987,63.56
12/6/2012,27.029999,64.12
12/7/2012,27.209992,64.38
12/10/2012,27.449997,64.38
12/11/2012,27.589997,64.46
12/12/2012,27.729996,64.42
12/13/2012,27.25,63.99
12/14/2012,27.329987,63.91
12/17/2012,27.809998,64.31
12/18/2012,28.289994,64.9698
12/19/2012,27.849991,64.09
12/20/2012,28.51999,64.82
12/21/2012,28.14,64.62
12/24/2012,28.39,64.71
12/26/2012,28.039994,64.39
12/27/2012,28,64.47
12/28/2012,27.579987,64.08
12/31/2012,27.819993,64.67
1/2/2013,29.149994,65.72
1/3/2013,29.149994,65.72
1/4/2013,29.39,66.12
1/7/2013,29.479996,66.22
1/8/2013,29.679993,66.09
1/9/2013,30.359986,66.34
1/10/2013,30.539994,66.5
1/11/2013,30.799988,66.49
1/14/2013,30.799988,66.59
1/15/2013,30.579987,66.9
1/16/2013,30.429993,66.83
1/17/2013,30.789994,66.98
1/18/2013,30.62999,67.38
1/22/2013,31.119996,67.72
1/23/2013,31.319993,67.73
1/24/2013,31.5,67.81
1/25/2013,30.949997,68.09
1/28/2013,30.059998,68.16
1/29/2013,30.579987,68.29
1/30/2013,29.89,67.66
1/31/2013,30.119996,67.27
2/1/2013,30.39,67.72
2/4/2013,30.469986,67.58
2/5/2013,30.969986,67.49
2/6/2013,30.969986,67.61
2/7/2013,30.079987,67.29
2/8/2013,30.209992,67.96
2/11/2013,30.14,68.03
2/12/2013,30.309998,68.43
2/13/2013,30.479996,68.4
2/14/2013,30.439988,68.13
2/15/2013,30.649994,68.21
2/19/2013,30.829987,68.68
2/20/2013,29.779999,68.1
2/21/2013,29.109986,67.57
2/22/2013,29.719986,68.15
2/25/2013,28.779999,67
2/26/2013,29.349991,67.59
2/27/2013,29.609986,68.11
2/28/2013,29.409989,68.12
3/1/2013,29.569993,68.25
3/4/2013,29.949997,68.76
3/5/2013,30.37999,69.29
3/6/2013,30.259995,69.03
3/7/2013,30.179993,68.78
3/8/2013,30.239991,68.82
3/11/2013,30.509995,69.09
3/12/2013,30.199997,68.84
3/13/2013,30.339997,68.86
3/14/2013,30.819993,69.23
3/15/2013,30.549988,69.26
3/18/2013,30.199997,69.07
3/19/2013,30.719986,68.58
3/20/2013,31.399994,68.98
3/21/2013,30.75,68.75
3/22/2013,31.009995,69.17
3/25/2013,30.849991,68.54
3/26/2013,30.989991,69.05
3/27/2013,31.009995,69.16
3/28/2013,31.37999,69.48
4/1/2013,31.329987,69.7
4/2/2013,31.599991,69.88
4/3/2013,30.319993,69.51
4/4/2013,31.219986,70.53
4/5/2013,31.159989,70.72
4/8/2013,31.479996,71.38
4/9/2013,31.26999,71.41
4/10/2013,31.62999,71.83
4/11/2013,31.709992,72.18
4/12/2013,31.779999,72.6
4/15/2013,30.419999,70.79
4/16/2013,30.599991,71.91
4/17/2013,29.739991,71.04
4/18/2013,29.289994,71.04
4/19/2013,29.839997,71.86
4/22/2013,30.049988,71.96
4/23/2013,30.75,72.38
4/24/2013,31.409989,72.61
4/25/2013,31.37999,72.52
4/26/2013,30.529999,72.19
4/29/2013,30.429993,72.75
4/30/2013,30.509995,73.46
5/1/2013,30.14,72.96
5/2/2013,30.25,73.24
5/3/2013,30.649994,73.3
5/6/2013,31.039994,73.59
5/7/2013,31.37999,74.02
5/8/2013,31.329987,74.2
5/9/2013,31.809998,73.82
5/10/2013,31.39,73.84
5/13/2013,30.899994,73.95
5/14/2013,32.259995,74.34
5/15/2013,32.349991,75
5/16/2013,31.969986,74.76
5/17/2013,32.479996,75.23
5/20/2013,32.369996,75.19
5/21/2013,32.599991,75.54
5/22/2013,32.329987,73.67
5/23/2013,32.049988,72.64
5/24/2013,31.739991,72.36
5/28/2013,31.799988,71.64
5/29/2013,30.529999,70.21
5/30/2013,29.659989,69.54
5/31/2013,29.819993,68.69
6/3/2013,30.059998,68.86
6/4/2013,29.229996,68.06
6/5/2013,28.319993,67.33
6/6/2013,29.01999,68.59
6/7/2013,29.029999,68.55
6/10/2013,29.099991,67.95
6/11/2013,28.689988,66.91
6/12/2013,27.789994,65.93
6/13/2013,28.609986,67.94
6/14/2013,28.289994,68.11
6/17/2013,28.659989,68.2
6/18/2013,28.239991,68.31
6/19/2013,27.309998,66.26
6/20/2013,27.029999,63.67
6/21/2013,27.419999,64.42
6/24/2013,27.009995,64.01
6/25/2013,27.51999,65.19
6/26/2013,27.729996,65.55
6/27/2013,28.199997,66.72
6/28/2013,28.489991,66.43
7/1/2013,28.099991,66.08
7/2/2013,28.539994,66.85
7/3/2013,28.459992,66.56
7/5/2013,28.309998,65.86
7/8/2013,28.37999,66.12
7/9/2013,28.729996,66.96
7/10/2013,28.739991,66.96
7/11/2013,29.349991,68.81
7/12/2013,29.549988,68.36
7/15/2013,29.359986,68.61
7/16/2013,29.359986,68.5
7/17/2013,29.26999,68.86
7/18/2013,29.599991,69.29
7/19/2013,29.859986,69.22
7/22/2013,29.5,69.42
7/23/2013,29.329987,69.39
7/24/2013,28.859986,68.04
7/25/2013,29.14,67.96
7/26/2013,28.799988,68.14
7/29/2013,27.989991,67.6
7/30/2013,28.219986,67.52
7/31/2013,28.399994,66.59
8/1/2013,28.309998,66.22
8/2/2013,27.979996,65.93
8/5/2013,28.159989,65.89
8/6/2013,28.179993,65.66
8/7/2013,27.599991,65.39
8/8/2013,27.319993,65.45
8/9/2013,27.809998,66.07
8/12/2013,27.319993,65.53
8/13/2013,26.989991,64.63
8/14/2013,27.789994,64.49
8/15/2013,27.169999,63.27
8/16/2013,27.059998,61.81
8/19/2013,26.649994,60.97
8/20/2013,27.349991,62.4
8/21/2013,27.319993,62.27
8/22/2013,27.479996,62.62
8/23/2013,27.809998,63.35
8/26/2013,27.959992,63.11
8/27/2013,27.329987,62.92
8/28/2013,27.659989,62.62
8/29/2013,27.719986,62.72
8/30/2013,27.37999,62.24
9/3/2013,27.099991,61.72
9/4/2013,27.099991,62.16
9/5/2013,27.759995,61.63
9/6/2013,28.509995,62.76
9/9/2013,28.949997,64
9/10/2013,28.779999,63.92
9/11/2013,28.429993,64.355
9/12/2013,28.319993,63.945
9/13/2013,28.39,64.09
9/16/2013,28.76999,64.72
9/17/2013,28.579987,64.67
9/18/2013,29.289994,66.93
9/19/2013,29.26999,66.67
9/20/2013,28.809998,65.515
9/23/2013,28.259995,65.1
9/24/2013,28.349991,64.07
9/25/2013,28.529999,64.29
9/26/2013,28.819993,64.68
9/27/2013,28.929993,64.44
9/30/2013,28.62999,63.79
10/1/2013,29.12999,64.76
10/2/2013,29.069993,64.8
10/3/2013,28.76999,63.8
10/4/2013,28.589997,63.57
10/7/2013,28.599991,63.85
10/8/2013,28.119996,63.12
10/9/2013,28.25,63.1
10/10/2013,28.939988,64.61
10/11/2013,29.339997,65.23
10/14/2013,29.299988,65.21
10/15/2013,28.779999,65
10/16/2013,29.399994,66.181
10/17/2013,30.009995,67.2
10/18/2013,30.109986,67.071
10/21/2013,30.089997,66.72
10/22/2013,30.329987,67.43
10/23/2013,30.459992,67.57
10/24/2013,30.299988,67.515
10/25/2013,31.39,68.18
10/28/2013,31.339997,67.71
10/29/2013,30.949997,67.14
10/30/2013,30.469986,66.65
10/31/2013,30.414994,66.17
11/1/2013,30.339997,66.589
11/4/2013,30.369996,66.68
11/5/2013,29.5,65.67
11/6/2013,29.369996,65.66
11/7/2013,29.12999,64.86
11/8/2013,29.299988,63.99
11/11/2013,29.109986,63.94
11/12/2013,29.149994,63.72
11/13/2013,29.729996,64.17
11/14/2013,29.859986,64.68
11/15/2013,29.739991,64.84
11/18/2013,29.659989,64.39
11/19/2013,29.609986,63.9
11/20/2013,29.169999,63.34
11/21/2013,29.439988,63.68
11/22/2013,29.559998,63.49
11/25/2013,29.549988,63.22
11/26/2013,29.589997,63.04
11/27/2013,30.589997,63.69
11/29/2013,30.12999,63.1
12/2/2013,29.599991,62.77
12/3/2013,29.489991,62.7
12/4/2013,29.409989,62.84
12/5/2013,29.419999,62.91
12/6/2013,29.819993,63.4
12/9/2013,30.079987,63.81
12/10/2013,29.989991,63.81
12/11/2013,29.299988,62.43
12/12/2013,29.62999,62.01
12/13/2013,30.009995,62.26
12/16/2013,30.609986,62.33
12/17/2013,30.099991,62.66
12/18/2013,31.39,63.76
12/19/2013,31.26999,62.98
12/20/2013,31.399994,63.47
12/23/2013,31.329987,62.97
12/24/2013,31.279999,63.08
12/26/2013,31.329987,63.15
12/27/2013,31.299988,63.23
12/30/2013,31.429993,63.28
12/31/2013,31.569993,63.08
1/2/2014,31.26999,62.98
1/3/2014,31.339997,63.35
1/6/2014,31.01999,63.61
1/7/2014,31.109986,63.83
1/8/2014,30.819993,63.73
1/9/2014,31,63.7
1/10/2014,31.059998,64.46
1/13/2014,30.579987,64.04
1/14/2014,30.939988,64.44
1/15/2014,31.049988,64.74
1/16/2014,31.169999,64.89
1/17/2014,30.969986,64.68
1/21/2014,31.149994,65.13
1/22/2014,31.109986,65.3
1/23/2014,30.559998,65.27
1/24/2014,30.189988,64.31
1/27/2014,30.329987,63.92
1/28/2014,30.729996,64.57
1/29/2014,30.539994,64.27
1/30/2014,30.76999,65.05
1/31/2014,29.87999,65.25
2/3/2014,29.39,64.3
2/4/2014,29.409989,64.97
2/5/2014,29.069993,64.95
2/6/2014,29.509995,65.43
2/7/2014,29.87999,65.87
2/10/2014,30.009995,66.47
2/11/2014,30.189988,66.7
2/12/2014,30.279999,66.74
2/13/2014,30.39,67
2/14/2014,30.449997,67.27
2/18/2014,30.509995,67.67
2/19/2014,30.349991,67.65
2/20/2014,30.449997,67.53
2/21/2014,30.179993,67.64
2/24/2014,30.209992,67.75
2/25/2014,29.919999,67.78
2/26/2014,29.849991,67.97
2/27/2014,29.509995,67.9
2/28/2014,29.509995,68.35
3/3/2014,29.279999,68.4
3/4/2014,29.619996,69.24
3/5/2014,29.819993,69.15
3/6/2014,30.159989,68.82
3/7/2014,29.789994,68.04
3/10/2014,29.669999,67.79
3/11/2014,29.599991,68.16
3/12/2014,29.599991,68.31
3/13/2014,29.779999,68.09
3/14/2014,29.859986,68.11
3/17/2014,29.329987,68.22
3/18/2014,29.609986,68.52
3/19/2014,29.169999,67.31
3/20/2014,29.279999,67.4
3/21/2014,29.289994,67.95
3/24/2014,29.229996,67.55
3/25/2014,29.25,67.27
3/26/2014,28.89,66.52
3/27/2014,28.839997,66.84
3/28/2014,29.179993,67.28
3/31/2014,29.349991,67.67
4/1/2014,29.789994,68.1
4/2/2014,29.469986,68.11
4/3/2014,29.75,67.87
4/4/2014,29.599991,68.14
4/7/2014,29.009995,68.21
4/8/2014,28.549988,68.59
4/9/2014,28.669999,68.54
4/10/2014,28.189988,67.93
4/11/2014,27.719986,67.52
4/14/2014,27.89,67.77
4/15/2014,27.759995,68.49
4/16/2014,27.899994,68.9
4/17/2014,27.869996,68.71
4/21/2014,28.199997,69
4/22/2014,28.449997,69.23
4/23/2014,28.599991,69.02
4/24/2014,28.739991,69.25
4/25/2014,29.51999,69.01
4/28/2014,29.809998,69.37
4/29/2014,29.919999,69.41
4/30/2014,29.849991,69.72
5/1/2014,29.929993,70.26
5/2/2014,29.939988,70.23
5/5/2014,30.259995,70.48
5/6/2014,30.259995,70.22
5/7/2014,30.419999,71.04
5/8/2014,30.169999,71.08
5/9/2014,30.299988,71.07
5/12/2014,30.329987,71.22
5/13/2014,30.279999,70.8
5/14/2014,30.479996,70.98
5/15/2014,30.069993,70.86
5/16/2014,30.309998,71.38
5/19/2014,30.209992,71.12
5/20/2014,29.89,70.9
5/21/2014,30.25,70.62
5/22/2014,30.349991,70.56
5/23/2014,30.869996,71.09
5/27/2014,30.899994,71.52
5/28/2014,31.109986,71.23
5/29/2014,31.26999,71.32
5/30/2014,31.419999,71.67
6/2/2014,31.449997,71.8
6/3/2014,31.079987,71.71
6/4/2014,30.979996,71.78
6/5/2014,31.289994,72.9
6/6/2014,31.339997,72.75
6/9/2014,31.319993,71.97
6/10/2014,31.239991,71.6
6/11/2014,31.14,71.31
6/12/2014,30.89,71.1
6/13/2014,30.839997,71.28
6/16/2014,30.859986,70.92
6/17/2014,30.929993,71
6/18/2014,30.859986,71.44
6/19/2014,30.869996,71.99
6/20/2014,31.079987,72.24
6/23/2014,31.229996,72.07
6/24/2014,32.169999,71.5
6/25/2014,32.319993,71.5
6/26/2014,32.699997,71.42
6/27/2014,32.579987,71.85
6/30/2014,33.089997,71.79
7/1/2014,32.449997,71.97
7/2/2014,32.899994,71.89
7/3/2014,33.219986,71.55
7/7/2014,33.179993,71.62
7/8/2014,33.349991,71.84
7/9/2014,33.099991,72
7/10/2014,32.569993,72.23
7/11/2014,32.37999,72.28
7/14/2014,32.239991,72.61
7/15/2014,32.289994,72.59
7/16/2014,32.419999,72.86
7/17/2014,32.25,72.43
7/18/2014,32.579987,73.07
7/21/2014,32.259995,72.86
7/22/2014,32.26999,73.17
7/23/2014,32.119996,73.33
7/24/2014,32.049988,73.14
7/25/2014,31.919999,72.73
7/28/2014,32.26999,73.17
7/29/2014,31.959992,72.83
7/30/2014,31.819993,72.76
7/31/2014,31.319993,71.71
8/1/2014,31.229996,71.57
8/4/2014,31.609986,72
8/5/2014,31.419999,71.36
8/6/2014,31.609986,71.49
8/7/2014,31.549988,71.6
8/8/2014,32,72.14
8/11/2014,32.099991,72.54
8/12/2014,32.329987,72.33
8/13/2014,32.339997,73.23
8/14/2014,33.059998,73.21
8/15/2014,32.959992,73.28
8/18/2014,33.419999,73.96
8/19/2014,33.969986,74.02
8/20/2014,34.099991,74.38
8/21/2014,34.37999,74.31
8/22/2014,34.279999,73.81
8/25/2014,34.459992,73.78
8/26/2014,34.279999,73.78
8/27/2014,34.14,73.9
8/28/2014,33.949997,73.83
8/29/2014,33.949997,74.2
9/2/2014,33.989991,74.24
9/3/2014,33.89,74.26
9/4/2014,33.899994,74.12
9/5/2014,33.949997,74.82
9/8/2014,34,74.69
9/9/2014,33.839997,74.29
9/10/2014,33.729996,73.26
9/11/2014,33.689988,73.35
9/12/2014,33.089997,71.24
9/15/2014,32.929993,70.95
9/16/2014,33.099991,71.48
9/17/2014,32.89,71.43
9/18/2014,32.62999,70.91
9/19/2014,32.39,70.95
9/22/2014,31.869996,70.32
9/23/2014,31.649994,69.92
9/24/2014,32.169999,69.22
9/25/2014,31.959992,68.88
9/26/2014,32.319993,69.64
9/29/2014,32.25,69.62
9/30/2014,31.859986,69.2
10/1/2014,31.779999,69.24
10/2/2014,32.059998,69.13
10/3/2014,32.419999,69.6
10/6/2014,32.219986,69.69
10/7/2014,31.829987,69.28
10/8/2014,32.119996,70.6
10/9/2014,31.76999,70.51
10/10/2014,32,70.41
10/13/2014,32.119996,70.29
10/14/2014,32.5,71.35
10/15/2014,32.089997,70.85
10/16/2014,32.39,71.04
10/17/2014,32.989991,71.4
10/20/2014,33.25,72.42
10/21/2014,33.679993,73.11
10/22/2014,33.26999,73.08
10/23/2014,33.739991,73.63
10/24/2014,33.89,73.66
10/27/2014,34.029999,74.1
10/28/2014,34.12999,74.34
10/29/2014,33.079987,73.79
10/30/2014,33.539994,74.42
10/31/2014,33.859986,74.98
11/3/2014,34.279999,75.56
11/4/2014,34.459992,75.65
11/5/2014,34.37999,75.65
11/6/2014,34.240006,75.33
11/7/2014,34.300004,75.27
11/10/2014,34.410004,75.61
11/11/2014,34.25,75.42
11/12/2014,34.029999,75.03
11/13/2014,33.949997,75.33
11/14/2014,33.899994,74.87
11/17/2014,34.029999,75.15
11/18/2014,34.39,75.51
11/19/2014,34.199997,75.04
11/20/2014,34.179993,75.25
11/21/2014,34.350007,75.8
11/24/2014,34.830002,76.02
11/25/2014,35.229996,76.23
11/26/2014,34.919999,76.8
11/28/2014,35.309998,77.02
12/1/2014,35.160004,76.74
12/2/2014,35.360001,77.01
12/3/2014,35.429993,76.94
12/4/2014,35.300004,77.06
12/5/2014,35.529999,76.66
12/8/2014,36.110001,77
12/9/2014,36.149994,77.26
12/10/2014,36.050004,77.08
12/11/2014,36.089997,77.15
12/12/2014,35.830002,76.45
12/15/2014,35.589997,75.55
12/16/2014,34.740006,75.2
12/17/2014,35.009995,76.88
12/18/2014,35.300004,77.57
12/19/2014,36.190003,77.73
12/22/2014,36.490006,79.01
12/23/2014,36.580002,78.61
12/24/2014,36.619996,77.48
12/26/2014,36.630005,77.78
12/29/2014,36.64,78.12
12/30/2014,36.440003,78.04
12/31/2014,35.89,76.84
1/2/2015,36.110001,77.79
1/5/2015,36.110001,78.05
1/6/2015,36.070008,78.62
1/7/2015,36.179993,79.64
1/8/2015,36.570008,80.09
1/9/2015,36.520005,80.12
1/12/2015,36.570008,80.56
1/13/2015,36.690003,80.35
1/14/2015,36.440003,80.88
1/15/2015,36.369996,80.99
1/16/2015,36.630005,81.68
1/20/2015,35.910004,81.04
1/21/2015,35.669999,80.92
1/22/2015,36.479996,82.5
1/23/2015,36.039994,82.33
1/26/2015,36.119996,83.14
1/27/2015,35.910004,83.03
1/28/2015,35.570008,82.44
1/29/2015,35.410004,82.58
1/30/2015,35.850007,81.23
2/2/2015,35.240006,80.97
2/3/2015,35.570008,81.72
2/4/2015,35.289994,81.48
2/5/2015,35.509995,82.33
2/6/2015,34.869996,80.16
2/9/2015,34.850007,79.781
2/10/2015,35.220002,80.06
2/11/2015,35.100007,79.89
2/12/2015,35.559998,80.75
2/13/2015,35.520005,80.31
2/17/2015,35.009995,80.08
2/18/2015,35.460007,80.76
2/19/2015,35.160004,79.22
2/20/2015,35.490006,79.95
2/23/2015,35.729996,80.58
2/24/2015,35.14,79.06
2/25/2015,34.940003,79.23
2/26/2015,35.089997,78.56
2/27/2015,35.110001,79.12
3/2/2015,35.199997,79.43
3/3/2015,34.809998,79.22
3/4/2015,34.270005,78.56
3/5/2015,34.130005,78.82
3/6/2015,33.029999,76.42
3/9/2015,33.539994,77.1
3/10/2015,33.240006,76.72
3/11/2015,33.39,76.83
3/12/2015,33.740006,78.1
3/13/2015,33.059998,77.81
3/16/2015,33.679993,78.66
3/17/2015,33.460007,78.59
3/18/2015,34.119996,80.14
3/19/2015,33.89,80.02
3/20/2015,34.460007,81.96
3/23/2015,34.380005,81.84
3/24/2015,34.300004,81.18
3/25/2015,33.279999,79.19
3/26/2015,33.059998,78.74
3/27/2015,33.050004,79.01
3/30/2015,33.169999,79.9
3/31/2015,33.149994,79.32
4/1/2015,32.860001,79.31
4/2/2015,32.64,79.84
4/6/2015,32.509995,80.64
4/7/2015,32.149994,79.33
4/8/2015,32.360001,79.55
4/9/2015,32.160004,78.15
4/10/2015,32.25,78.1
4/13/2015,32.199997,77.88
4/14/2015,31.990006,78.04
4/15/2015,32.020005,77.58
4/16/2015,32.149994,77.9
4/17/2015,31.550004,77.49
4/20/2015,31.729996,77.59
4/21/2015,31.610001,77.65
4/22/2015,31.75,77.88
4/23/2015,31.860001,78.02
4/24/2015,32.330002,78.15
4/27/2015,32.160004,77.94
4/28/2015,32.179993,77.92
4/29/2015,31.729996,76.39
4/30/2015,31.509995,75.5
5/1/2015,32.009995,75.9
5/4/2015,31.589997,76.1
5/5/2015,31.119996,74.43
5/6/2015,31.169999,74.23
5/7/2015,32.039994,75.21
5/8/2015,32.529999,76.36
5/11/2015,32.380005,75.25
5/12/2015,31.949997,75.47
5/13/2015,32.029999,74.84
5/14/2015,32.529999,76.2
5/15/2015,32.339997,76.83
5/18/2015,32.070008,76.6
5/19/2015,32.660004,76.5
5/20/2015,32.669999,76.34
5/21/2015,32.580002,75.99
5/22/2015,32.729996,76.01
5/26/2015,32.960007,75.55
5/27/2015,33,76.12
5/28/2015,32.960007,76.07
5/29/2015,32.559998,75.25
6/1/2015,32.5,75.98
6/2/2015,32.419999,75.36
6/3/2015,31.850007,74.45
6/4/2015,31.690003,74.38
6/5/2015,31.460007,73.48
6/8/2015,31.509995,73.335
6/9/2015,31.240006,72.8
6/10/2015,31.800004,73.32
6/11/2015,32.169999,73.9
6/12/2015,32.059998,73.76
6/15/2015,32.039994,73.38
6/16/2015,32.960007,74
6/17/2015,32.669999,74.46
6/18/2015,32.710007,75.49
6/19/2015,32.570008,75
6/22/2015,32.570008,74.26
6/23/2015,32.309998,73.9
6/24/2015,32.25,72.83
6/25/2015,31.860001,72.14
6/26/2015,32.070008,72.49
6/29/2015,31.529999,71.33
6/30/2015,31.5,71.3
7/1/2015,32,72.39
7/2/2015,31.839997,72.55
7/6/2015,31.729996,72.88
7/7/2015,32.059998,74
7/8/2015,31.559998,73.61
7/9/2015,31.259995,73.26
7/10/2015,31.289994,73.77
7/13/2015,31.649994,73.88
7/14/2015,31.259995,74.08
7/15/2015,31.210007,74.15
7/16/2015,30.960007,74.68
7/17/2015,30.479996,74.39
7/20/2015,30.539994,74.52
7/21/2015,30.259995,74.25
7/22/2015,30.179993,74.46
7/23/2015,30.029999,73.93
7/24/2015,29.770005,73.95
7/27/2015,29.990006,74.11
7/28/2015,30.050004,74.25
7/29/2015,30.300004,74.63
7/30/2015,30.460007,74.35
7/31/2015,30.690003,74.83
8/3/2015,30.820008,75.2
8/4/2015,31.070008,74.81
8/5/2015,30.789994,74.49
8/6/2015,30.660004,74.49
8/7/2015,31.059998,74.75
8/10/2015,31.059998,74.76
8/11/2015,30.809998,75.26
8/12/2015,30.949997,75.37
8/13/2015,30.990006,75.52
8/14/2015,31.190003,75.95
8/17/2015,31.080002,76.52
8/18/2015,31.149994,76.58
8/19/2015,30.910004,76.16
8/20/2015,30.580002,75.57
8/21/2015,29.970002,74.09
8/24/2015,28.169999,70.63
8/25/2015,26.899994,68.85
8/26/2015,27.479996,70.57
8/27/2015,28,71.99
8/28/2015,28.240006,71.91
8/31/2015,27.940003,70.48
9/1/2015,27.589997,69.14
9/2/2015,27.820008,69.88
9/3/2015,27.899994,70.02
9/4/2015,27.369996,68.69
9/8/2015,27.649994,69.73
9/9/2015,26.910004,68.88
9/10/2015,27.289994,68.96
9/11/2015,27.320008,70.09
9/14/2015,27.179993,70.05
9/15/2015,27.369996,70.64
9/16/2015,28.449997,71.55
9/17/2015,28.619996,72.25
9/18/2015,28.259995,72.01
9/21/2015,28.25,72.64
9/22/2015,27.699997,71.68
9/23/2015,27.589997,72.01
9/24/2015,27.25,71.35
9/25/2015,27.199997,71.04
9/28/2015,26.869996,69.76
9/29/2015,27.059998,70.25
9/30/2015,27.339997,70.95
10/1/2015,27,71.28
10/2/2015,27.449997,71.9
10/5/2015,27.970002,73.19
10/6/2015,27.830002,73.01
10/7/2015,28.149994,73.72
10/8/2015,28.550004,74.33
10/9/2015,28.850007,74.25
10/12/2015,28.75,74.65
10/13/2015,28.880005,74.1
10/14/2015,28.770005,73.62
10/15/2015,28.940003,74.46
10/16/2015,29.419999,75.06
10/19/2015,29.25,75.95
10/20/2015,29.14,76.04
10/21/2015,29.220002,75.77
10/22/2015,30.009995,76.6
10/23/2015,30.029999,75.9
10/26/2015,29.279999,75.89
10/27/2015,29.029999,75.7
10/28/2015,29.279999,75.99
10/29/2015,29.169999,75.91
10/30/2015,29.330002,75.36
11/2/2015,30.75,77.03
11/3/2015,31.059998,76.31
11/4/2015,30.919999,75.94
11/5/2015,31.080002,76.16
11/6/2015,30.399994,73.98
11/9/2015,29.5,72.98
11/10/2015,29.240006,73.65
11/11/2015,29.809998,73.74
11/12/2015,29.39,73.21
11/13/2015,29.25,72.44
11/16/2015,30.14,73.29
11/17/2015,30.75,73.33
11/18/2015,31.929993,74.11
11/19/2015,31.929993,74.32
11/20/2015,32.190003,75.08
11/23/2015,31.960007,75.21
11/24/2015,32.169999,74.84
11/25/2015,32.279999,75.09
11/27/2015,32.369996,75.69
11/30/2015,32.169999,75.21
12/1/2015,32.14,76.14
12/2/2015,31.759995,74.7
12/3/2015,31.460007,73.6
12/4/2015,32.050004,74.83
12/7/2015,31.770005,74.63
12/8/2015,31.550004,74.45
12/9/2015,31.190003,73.99
12/10/2015,30.929993,73.57
12/11/2015,30.479996,73.23
12/14/2015,30.009995,73.46
12/15/2015,30.100007,74.27
12/16/2015,30.869996,75.73
12/17/2015,30.64,75.36
12/18/2015,29.509995,74.4
12/21/2015,29.690003,74.78
12/22/2015,30.149994,75.09
12/23/2015,30.619996,75.94
12/24/2015,30.720002,75
12/28/2015,30.570008,75.22
12/29/2015,30.610001,75.99
12/30/2015,30.339997,75.65
12/31/2015,29.979996,75.08
1/4/2016,29.830002,74.35
1/5/2016,29.899994,75.57
1/6/2016,29.240006,75.32
1/7/2016,28.160004,73.64
1/8/2016,27.899994,72.77
1/11/2016,27.610001,73.06
1/12/2016,27.020005,72.55
1/13/2016,26.75,71.45
1/14/2016,26.410004,71.35
1/15/2016,25.820008,70.535
1/19/2016,25.470002,70.75
1/20/2016,24.600007,68.87
1/21/2016,25,69.33
1/22/2016,25.419999,71.25
1/25/2016,24.509995,70.55
1/26/2016,24.75,72.06
1/27/2016,24.520005,70.94
1/28/2016,24.419999,70.47
1/29/2016,25.610001,72
2/1/2016,26.089997,72.01
2/2/2016,25.330002,71.25
2/3/2016,25.460007,71.6
2/4/2016,25.740006,71.68
2/5/2016,23.990006,70.07
2/8/2016,23.399994,68.01
2/9/2016,23.080002,66.91
2/10/2016,22.679993,67.26
2/11/2016,22.220002,66.27
2/12/2016,22.600007,67.13
2/16/2016,23.770005,68.42
2/17/2016,24.179993,69.04
2/18/2016,23.839997,69.7
2/19/2016,22.869996,69.85
2/22/2016,23.580002,70.66
2/23/2016,24.25,70.49
2/24/2016,25,70.52
2/25/2016,25.360001,71.8
2/26/2016,25.589997,71.58
2/29/2016,25.979996,71.46
3/1/2016,26.649994,73.32
3/2/2016,27.070008,73.88
3/3/2016,27.259995,74.25
3/4/2016,27.440003,74.45
3/7/2016,27.630005,74.59
3/8/2016,27.490006,73.82
3/9/2016,27.570008,74.12
3/10/2016,28.059998,73.93
3/11/2016,28.720002,75.68
3/14/2016,29.080002,75.58
3/15/2016,29.330002,75.56
3/16/2016,29.449997,76.52
3/17/2016,30.080002,77.59
3/18/2016,30.089997,77.29
3/21/2016,30.270005,76.79
3/22/2016,30.589997,76.81
3/23/2016,30.240006,75.37
3/24/2016,30.339997,75.43
3/28/2016,30.619996,76.01
3/29/2016,31.029999,77.52
3/30/2016,31.050004,77.4
3/31/2016,30.979996,77.86
4/1/2016,31.149994,77.91
4/4/2016,31.190003,77.8
4/5/2016,30.779999,77.36
4/6/2016,30.789994,77.55
4/7/2016,30.789994,77.13
4/8/2016,31.240006,77.57
4/11/2016,31.309998,77.47
4/12/2016,31.449997,78
4/13/2016,31.770005,77.82
4/14/2016,31.710007,77.32
4/15/2016,31.729996,77.83
4/18/2016,31.990006,78.16
4/19/2016,31.979996,78.24
4/20/2016,31.919999,77.14
4/21/2016,31.830002,75.83
4/22/2016,32.259995,76.64
4/25/2016,31.89,77.12
4/26/2016,32.240006,77.4
4/27/2016,32.320008,77.38
4/28/2016,32.020005,77.2
4/29/2016,32.119996,76.56
5/2/2016,32.279999,77.58
5/3/2016,31.570008,77.41
5/4/2016,31.440003,78.45
5/5/2016,31.539994,78.75
5/6/2016,31.610001,79.52
5/9/2016,30.949997,80.16
5/10/2016,31.089997,80.31
5/11/2016,30.990006,78.88
5/12/2016,31.229996,79.27
5/13/2016,30.860001,78.63
5/16/2016,30.970002,79.25
5/17/2016,30.690003,78.05
5/18/2016,30.460007,76.96
5/19/2016,30.309998,76.13
5/20/2016,30.419999,76.74
5/23/2016,30.869996,76.81
5/24/2016,31.130005,77.73
5/25/2016,31.449997,77.85
5/26/2016,31.25,77.9
5/27/2016,31.479996,78.24
5/31/2016,31.5,78.25
6/1/2016,31.320008,78.3
6/2/2016,31.330002,78.72
6/3/2016,31.119996,78.96
6/6/2016,31.14,78.47
6/7/2016,31.190003,78.95
6/8/2016,30.869996,79.37
6/9/2016,30.369996,79.49
6/10/2016,30.589997,79.1
6/13/2016,29.710007,79.04
6/14/2016,28.75,78.61
6/15/2016,28.699997,79.33
6/16/2016,28.720002,79.73
6/17/2016,28.690003,79.61
6/20/2016,29.020005,79.76
6/21/2016,28.580002,79.37
6/22/2016,28.619996,79.33
6/23/2016,29.520005,79.86
6/24/2016,27.729996,78.83
6/27/2016,26.770005,78.74
6/28/2016,27.880005,80.45
6/29/2016,29.229996,81.48
6/30/2016,29.770005,82.39
7/1/2016,30.119996,82.33
7/5/2016,29.699997,82.96
7/6/2016,30.119996,82.66
7/7/2016,30.14,81.93
7/8/2016,30.669999,83.14
7/11/2016,31.240006,83.74
7/12/2016,31.850007,83.84
7/13/2016,31.970002,84.19
7/14/2016,32.039994,83.57
7/15/2016,32.029999,83.64
7/18/2016,32.240006,83.85
7/19/2016,31.979996,84.23
7/20/2016,32.300004,84.21
7/21/2016,32.289994,84.33
7/22/2016,32.429993,85.03
7/25/2016,32.490006,84.95
7/26/2016,32.910004,84.56
7/27/2016,32.580002,83.96
7/28/2016,32.369996,84.58
7/29/2016,32.720002,85.4
8/1/2016,32.75,85.7
8/2/2016,32.440003,84.4
8/3/2016,32.369996,84.04
8/4/2016,32.649994,83.84
8/5/2016,32.880005,83.95
8/8/2016,32.369996,84.03
8/9/2016,32.330002,84.34
8/10/2016,32.720002,84.23
8/11/2016,32.470002,83.43
8/12/2016,31.860001,83.66
8/15/2016,31.899994,83.6
8/16/2016,31.5,82.62
8/17/2016,31.679993,82.86
8/18/2016,31.410004,82.62
8/19/2016,31.179993,82.02
8/22/2016,31.220002,82.44
8/23/2016,31.539994,82.62
8/24/2016,31.14,82.22
8/25/2016,31.539994,82.52
8/26/2016,31.100007,81.75
8/29/2016,31.64,82.52
8/30/2016,31.839997,82.38
8/31/2016,31.850007,82.54
9/1/2016,31.869996,82.4
9/2/2016,31.850007,83.06
9/6/2016,32.169999,83.65
9/7/2016,31.789994,84.13
9/8/2016,31.789994,83.17
9/9/2016,30.309998,79.86
9/12/2016,30.970002,80.83
9/13/2016,30,78.86
9/14/2016,29.830002,79.1
9/15/2016,30.14,79.46
9/16/2016,29.910004,79.38
9/19/2016,30.130005,80.13
9/20/2016,29.960007,80
9/21/2016,30.339997,80.92
9/22/2016,32.080002,82.49
9/23/2016,32.179993,82.7
9/26/2016,31.64,82.1
9/27/2016,31.729996,81.46
9/28/2016,32.39,81.91
9/29/2016,31.860001,81.03
9/30/2016,31.940003,80.64
10/3/2016,31.800004,79.18
10/4/2016,31.029999,78.04
10/5/2016,30.64,76.53
10/6/2016,31.100007,76.66
10/7/2016,31,76.55
10/10/2016,31.059998,77
10/11/2016,30.759995,76.23
10/12/2016,31.339997,77.26
10/13/2016,31.199997,77.69
10/14/2016,31.380005,77.43
10/17/2016,31.610001,77.53
10/18/2016,31.699997,78.06
10/19/2016,31.910004,78.39
10/20/2016,31.5,78.09
10/21/2016,31.289994,77.99
10/24/2016,31.119996,78.2
10/25/2016,31.149994,78.05
10/26/2016,30.259995,77.14
10/27/2016,30.460007,75.37
10/28/2016,29.990006,75.52
10/31/2016,29.929993,76.64
11/1/2016,29.360001,74.95
11/2/2016,28.800004,73.99
11/3/2016,28.64,73.56
11/4/2016,28.649994,73.95
11/7/2016,29.289994,75.16
11/8/2016,29.380005,75.62
11/9/2016,29.690003,74.2203
11/10/2016,29.169999,72.87
11/11/2016,28.699997,73.26
11/14/2016,29.710007,74.5
11/15/2016,30.300004,74.23
11/16/2016,30.14,74.07
11/17/2016,30.050004,73.46
11/18/2016,31.130005,73.68
11/21/2016,31.64,73.69
11/22/2016,32.130005,74.95
11/23/2016,31.809998,74.54
11/25/2016,32,74.92
11/28/2016,31.220002,75.18
11/29/2016,31.160004,75.8
11/30/2016,30.830002,74.85
12/1/2016,30.610001,73.67
12/2/2016,31.050004,74.45
12/5/2016,31.720002,75.04
12/6/2016,31.850007,75.52
12/7/2016,32.929993,76.99
12/8/2016,32.779999,77.38
12/9/2016,32.720002,77.32
12/12/2016,33.119996,77.8
12/13/2016,32.070008,77.8
12/14/2016,31.330002,76.36
12/15/2016,30.610001,75.79
12/16/2016,30.720002,76.8
12/19/2016,30.470002,77.65
12/20/2016,30.690003,77.79
12/21/2016,30.820008,75.77
12/22/2016,30.619996,75.63
12/23/2016,30.570008,75.83
12/27/2016,30.429993,75.92
12/28/2016,29.89,75.47
12/29/2016,30.350007,76.22
12/30/2016,30.089997,76.94
1/3/2017,30.360001,77.25
1/4/2017,30.630005,78.31
1/5/2017,30.949997,78.58
1/6/2017,30.850007,78.41
1/9/2017,30.970002,77.89
1/10/2017,30.729996,77.16
1/11/2017,30.960007,76.83
1/12/2017,30.570008,77.18
1/13/2017,30.64,77.1
1/17/2017,30.600007,77.62
1/18/2017,30.5,77.75
1/19/2017,30.210007,76.94
1/20/2017,30.229996,77.43
1/23/2017,30.429993,78.02
1/24/2017,31.130005,78.2
1/25/2017,32.190003,77.78
1/26/2017,31.800004,77.7
1/27/2017,31.240006,76.97
1/30/2017,31.160004,76.44
1/31/2017,31.330002,77.04
2/1/2017,31.110001,76.13
2/2/2017,31.440003,76.98
2/3/2017,32.110001,77.5
2/6/2017,31.419999,77.24
2/7/2017,32.050004,77.13
2/8/2017,32.410004,77.69
2/9/2017,33.169999,77.93
2/10/2017,33.160004,78.53
2/13/2017,33.789994,78.79
2/14/2017,33.289994,78.35
2/15/2017,33.660004,78.28
2/16/2017,33.520005,78.65
2/17/2017,33.520005,78.78
2/21/2017,33.979996,79.77
2/22/2017,33.759995,79.57
2/23/2017,33.660004,79.91
2/24/2017,33.470002,80.31
2/27/2017,33.940003,80.73
2/28/2017,33.720002,80.41
3/1/2017,34.070008,80.16
3/2/2017,34.190003,79.83
3/3/2017,34.14,79.64
3/6/2017,33.720002,79.27
3/7/2017,33.470002,78.93
3/8/2017,33.600007,77.72
3/9/2017,33.220002,76.73
3/10/2017,33.279999,76.54
3/13/2017,33.339997,76.66
3/14/2017,33.309998,76.59
3/15/2017,33.880005,78
3/16/2017,33.740006,77.87
3/17/2017,33.199997,78.2
3/20/2017,33.380005,78.17
3/21/2017,33.080002,77.92
3/22/2017,33.160004,77.96
3/23/2017,33.470002,78.54
3/24/2017,33.130005,77.74
3/27/2017,33.509995,77.21
3/28/2017,33.630005,77.55
3/29/2017,33.529999,77.89
3/30/2017,33.89,78.12
3/31/2017,33.979996,78.49
4/3/2017,33.710007,78.56
4/4/2017,33.960007,78.49
4/5/2017,33.970002,78.51
4/6/2017,34.410004,79.05
4/7/2017,34.860001,79.14
4/10/2017,34.729996,79.69
4/11/2017,34.64,80.13
4/12/2017,34.580002,79.95
4/13/2017,34.429993,79.79
4/17/2017,34.960007,80.79
4/18/2017,34.759995,80.98
4/19/2017,34.490006,80.85
4/20/2017,34.779999,80.9
4/21/2017,34.559998,80.58
4/24/2017,34.89,79.88
4/25/2017,34,80.11
4/26/2017,34.259995,79.58
4/27/2017,34.669999,79.67
4/28/2017,33.869996,78.93
5/1/2017,33.580002,79.41
5/2/2017,33.699997,79.21
5/3/2017,33.259995,78.26
5/4/2017,33.100007,77.92
5/5/2017,33.550004,78.67
5/8/2017,33.339997,78.22
5/9/2017,33.210007,77.8
5/10/2017,33.210007,78.22
5/11/2017,32.970002,77.8
5/12/2017,32.869996,77.59
5/15/2017,33.100007,77.87
5/16/2017,33.119996,77.43
5/17/2017,32.759995,77.84
5/18/2017,32.699997,78.05
5/19/2017,33.020005,78.51
5/22/2017,33.130005,78.74
5/23/2017,33.070008,78.92
5/24/2017,33.179993,79.45
5/25/2017,33.169999,79.62
5/26/2017,33.009995,79.13
5/30/2017,33.14,78.82
5/31/2017,32.960007,78.84
6/1/2017,33.509995,79.16
6/2/2017,33.509995,79.94
6/5/2017,33.380005,79.69
6/6/2017,33.410004,79.29
6/7/2017,33.020005,79.62
6/8/2017,32.589997,79.49
6/9/2017,33.229996,80
6/12/2017,33.600007,80.53
6/13/2017,33.809998,80.7
6/14/2017,33.770005,80.96
6/15/2017,33.600007,81.24
6/16/2017,33.660004,81.19
6/19/2017,34.039994,81.33
6/20/2017,33.960007,81.06
6/21/2017,33.759995,80.74
6/22/2017,33.940003,80.9
6/23/2017,34.14,81.22
6/26/2017,33.630005,81.74
6/27/2017,32.850007,80.54
6/28/2017,33.199997,80.65
6/29/2017,33.070008,79.77
6/30/2017,33.5,79.77
7/3/2017,33.690003,80.62
7/5/2017,33.210007,79.71
7/6/2017,32.059998,78.32
7/7/2017,32.009995,78.7
7/10/2017,32.220002,78.12
7/11/2017,32.509995,78.03
7/12/2017,32.929993,79.01
7/13/2017,32.720002,79.04
7/14/2017,33.149994,79.84
7/17/2017,33.399994,80.16
7/18/2017,33.080002,79.96
7/19/2017,33.820008,80.6
7/20/2017,34,80.28
7/21/2017,34.429993,80.45
7/24/2017,34.130005,80.24
7/25/2017,34.119996,80.34
7/26/2017,33.919999,80.77
7/27/2017,34.229996,80.84
7/28/2017,32.940003,80.67
7/31/2017,33.020005,80.66
8/1/2017,33.220002,81.02
8/2/2017,32.369996,80.51
8/3/2017,32.860001,80.23
8/4/2017,32.779999,80.5
8/7/2017,32.720002,80.56
8/8/2017,32.460007,80.12
8/9/2017,32.429993,79.98
8/10/2017,32.119996,79.37
8/11/2017,32.220002,78.99
8/14/2017,32.240006,80.2
8/15/2017,31.940003,79.97
8/16/2017,31.910004,80.32
8/17/2017,31.279999,79.77
8/18/2017,31.169999,79.18
8/21/2017,31.479996,79.89
8/22/2017,31.380005,79.82
8/23/2017,31.360001,80.48
8/24/2017,31.380005,80.4
8/25/2017,31.699997,80.78
8/28/2017,31.770005,80.37
8/29/2017,31.520005,80.25
8/30/2017,31.75,80.68
8/31/2017,32.610001,81.2
9/1/2017,32.070008,81.21
9/5/2017,32.300004,81.04
9/6/2017,33.229996,81.2
9/7/2017,33.149994,81.73
9/8/2017,33.580002,81.68
9/11/2017,33.330002,82.37
9/12/2017,33.240006,81.54
9/13/2017,33.100007,81.24
9/14/2017,33.059998,81.74
9/15/2017,32.990006,82.08
9/18/2017,33.369996,81.64
9/19/2017,33.279999,81.01
9/20/2017,33.399994,80.81
9/21/2017,33.419999,80.55
9/22/2017,33.580002,80.07
9/25/2017,33.809998,80.5
9/26/2017,33.720002,79.84
9/27/2017,33.800004,79.2
9/28/2017,34.009995,79.79
9/29/2017,34.029999,79.88
10/2/2017,34.119996,79.72
10/3/2017,34.119996,79.78
10/4/2017,34.320008,80.29
10/5/2017,34.220002,80.54
10/6/2017,34.199997,80.25
10/9/2017,34.119996,80.41
10/10/2017,34.320008,80.52
10/11/2017,34.39,80.86
10/12/2017,34.589997,81.39
10/13/2017,34.899994,81.57
10/16/2017,35.020005,81.16
10/17/2017,35.029999,81.23
10/18/2017,35.229996,81.14
10/19/2017,35.179993,81.08
10/20/2017,35.279999,80.82
10/23/2017,34.820008,80.44
10/24/2017,34.869996,80.04
10/25/2017,34.679993,79.73
10/26/2017,34.880005,79.24
10/27/2017,35.509995,79.6
10/30/2017,35.610001,79.77
10/31/2017,35.910004,79.92
11/1/2017,35.809998,79.98
11/2/2017,35.610001,80.48
11/3/2017,35.710007,80.43
11/6/2017,35.660004,81.36
11/7/2017,35.990006,81.94
11/8/2017,36.410004,82.49
11/9/2017,36.270005,82.46
11/10/2017,36.14,82.51
11/13/2017,35.960007,82.81
11/14/2017,36.199997,82.68
11/15/2017,36.550004,81.97
11/16/2017,36.550004,82.52
11/17/2017,36.279999,82.14
11/20/2017,36.110001,81.97
11/21/2017,36.110001,82.56
11/22/2017,36.190003,82.33
11/24/2017,36.169999,82.5
11/27/2017,35.529999,82.16
11/28/2017,35.679993,81.98
11/29/2017,35.369996,81.88
11/30/2017,35.380005,81.97
12/1/2017,35.399994,82.12
12/4/2017,35.130005,81.49
12/5/2017,35.190003,81.01
12/6/2017,35.240006,80.98
12/7/2017,35.619996,81.31
12/8/2017,35.429993,81.58
12/11/2017,35.440003,81.67
12/12/2017,35.630005,82
12/13/2017,35.759995,82.17
12/14/2017,35.649994,82.12
12/15/2017,35.839997,82.46
12/18/2017,36.009995,82.92
12/19/2017,35.479996,80.47
12/20/2017,35.419999,79.63
12/21/2017,35.210007,79.34
12/22/2017,34.940003,79.84
12/26/2017,35.059998,80.23
12/27/2017,35.100007,80.52
12/28/2017,35.259995,80.99
12/29/2017,35.259995,81.01
1/2/2018,35.300004,80.6
1/3/2018,35.610001,80.47
1/4/2018,35.320008,79.21
1/5/2018,35.270005,79.29
1/8/2018,35.5,79.74
1/9/2018,35.259995,78.82
1/10/2018,34.830002,77.86
1/11/2018,34.990006,77.59
1/12/2018,35.259995,76.96
1/16/2018,34.759995,77.17
1/17/2018,35.210007,77.72
1/18/2018,35.300004,76.96
1/19/2018,35.800004,77.46
1/22/2018,35.979996,78.09
1/23/2018,36.610001,79.17
1/24/2018,37.589997,78.89
1/25/2018,37.729996,78.74
1/26/2018,37.850007,78.77
1/29/2018,37.070008,77.76
1/30/2018,36.789994,77.34
1/31/2018,37.539994,78.56
2/1/2018,37.160004,77.25
2/2/2018,35.679993,76.46
2/5/2018,34.789994,74
2/6/2018,34.679993,74.26
2/7/2018,34.520005,73.97
2/8/2018,33.600007,71.79
2/9/2018,33.789994,73.28
2/12/2018,34.360001,73.5
2/13/2018,34.210007,74.06
2/14/2018,34.960007,73.7
2/15/2018,34.949997,74.43
2/16/2018,35.179993,75.06
2/20/2018,34.940003,74.13
2/21/2018,34.759995,72.9
2/22/2018,34.860001,73.58
2/23/2018,35.399994,74.83
2/26/2018,35.660004,75.09
2/27/2018,35.259995,73.51
2/28/2018,35.029999,73.33
3/1/2018,34.360001,73.1
3/2/2018,34.649994,72.97
3/5/2018,34.009995,73.79
3/6/2018,34.229996,74.26
3/7/2018,34.279999,74.64
3/8/2018,34.470002,75.02
3/9/2018,34.860001,75.49
3/12/2018,35.119996,75.87
3/13/2018,35.550004,75.99
3/14/2018,35.240006,76.05
3/15/2018,35.619996,76.03
3/16/2018,35.820008,76.48
3/19/2018,35.529999,75.77
3/20/2018,35.39,75.71
3/21/2018,35.380005,75.13
3/22/2018,35.199997,74.08
3/23/2018,34.050004,72.9
3/26/2018,34.529999,73.82
3/27/2018,34.899994,74.02
3/28/2018,35.020005,75.45
3/29/2018,35,75.47
4/2/2018,34.610001,74.43
4/3/2018,34.679993,74.92
4/4/2018,35.240006,75.76
4/5/2018,35.740006,75.83
4/6/2018,35.479996,75.15
4/9/2018,35.279999,75.02
4/10/2018,35.419999,74.73
4/11/2018,35.759995,74.9
4/12/2018,35.919999,74.19
4/13/2018,36.190003,74.45
4/16/2018,36.479996,74.81
4/17/2018,36.940003,75.78
4/18/2018,36.850007,75.65
4/19/2018,36.630005,74.57
4/20/2018,36.259995,73.93
4/23/2018,36.210007,73.98
4/24/2018,36.179993,74.16
4/25/2018,36.179993,74
4/26/2018,36.649994,74.9
4/27/2018,37,75.87
4/30/2018,36.779999,75.64
5/1/2018,36.39,76.17
5/2/2018,36.539994,75.91
5/3/2018,36.330002,75.94
5/4/2018,36.509995,76.74
5/7/2018,36.720002,77.16
5/8/2018,36.39,76.78
5/9/2018,36.449997,77.25
5/10/2018,36.779999,77.96
5/11/2018,36.619996,77.64
5/14/2018,36.39,77.07
5/15/2018,35.960007,75.93
5/16/2018,36.130005,75.71
5/17/2018,36.289994,75.32
5/18/2018,36.449997,75.49
5/21/2018,36.820008,76.3
5/22/2018,37.110001,76.4
5/23/2018,36.820008,77.05
5/24/2018,36.660004,76.86
5/25/2018,36.949997,77.12
5/29/2018,36.830002,77.35
5/30/2018,37.229996,78.33
5/31/2018,37.330002,78.19
6/1/2018,37.690003,78.46
6/4/2018,37.940003,79.15
6/5/2018,38.220002,79.05
6/6/2018,38.350007,79.14
6/7/2018,38.119996,79.19
6/8/2018,38.110001,79.42
6/11/2018,37.919999,79.44
6/12/2018,38.360001,79.84
6/13/2018,37.190003,78.23
6/14/2018,37.259995,79.01
6/15/2018,36.949997,79.09
6/18/2018,37.119996,79.02
6/19/2018,36.990006,79.01
6/20/2018,36.39,79.78
6/21/2018,35.75,80.19
6/22/2018,35.600007,80.7
6/25/2018,35.360001,80.42
6/26/2018,36.149994,79.96
6/27/2018,35.630005,79.53
6/28/2018,36.110001,80.38
6/29/2018,36.460007,80.58
7/2/2018,36.300004,80.1
7/3/2018,36.570008,80.7
7/5/2018,37.039994,81.75
7/6/2018,37.270005,82.09
7/9/2018,36.830002,81.36
7/10/2018,37,81.61
7/11/2018,36.550004,81.36
7/12/2018,36.460007,81.6
7/13/2018,36.440003,81.32
7/16/2018,36.25,80.95
7/17/2018,36.220002,80.52
7/18/2018,35.220002,80.14
7/19/2018,35.649994,80.95
7/20/2018,34.880005,80.27
7/23/2018,34.580002,80.07
7/24/2018,34.550004,79.68
7/25/2018,34.729996,80.33
7/26/2018,34.910004,80.55
7/27/2018,33.830002,79.77
7/30/2018,34.119996,79.88
7/31/2018,34.179993,81.25
8/1/2018,34.070008,81.52
8/2/2018,34.080002,81.25
8/3/2018,33.970002,82.21
8/6/2018,34.110001,82.16
8/7/2018,34.259995,81.87
8/8/2018,34.330002,81.38
8/9/2018,34.440003,81.48
8/10/2018,34.050004,80.75
8/13/2018,33.919999,80.71
8/14/2018,34.300004,81.15
8/15/2018,34.5,81.76
8/16/2018,35.380005,82.42
8/17/2018,35.649994,83.16
8/20/2018,35.490006,83.29
8/21/2018,35.25,82.73
8/22/2018,35.300004,82.27
8/23/2018,34.580002,82.09
8/24/2018,34.880005,82.51
8/27/2018,35.289994,82.36
8/28/2018,35.309998,83.24
8/29/2018,35.169999,83.16
8/30/2018,34.580002,82.87
8/31/2018,34.710007,83.18
9/4/2018,34.160004,82.3
9/5/2018,34.380005,82.68
9/6/2018,34.539994,83
9/7/2018,34.059998,81.99
9/10/2018,34.110001,82.51
9/11/2018,34.100007,82.34
9/12/2018,34.490006,82.41
9/13/2018,34.380005,82.9
9/14/2018,34.059998,82.23
9/17/2018,33.970002,82.52
9/18/2018,33.960007,82.23
9/19/2018,33.64,81.14
9/20/2018,33.690003,81.95
9/21/2018,33.009995,81.91
9/24/2018,32.899994,80.47
9/25/2018,32.699997,80.34
9/26/2018,32.720002,78.83
9/27/2018,32.820008,79.04
9/28/2018,32.270005,80.02
10/1/2018,31.869996,79.36
10/2/2018,31.979996,79.25
10/3/2018,30.899994,78.7
10/4/2018,30.729996,77.91
10/5/2018,30.270005,77.81
10/8/2018,30.850007,78.84
10/9/2018,30.529999,79.01
10/10/2018,29.100007,77.82
10/11/2018,28.5,75.7
10/12/2018,28.080002,75.55
10/15/2018,28.020005,75.96
10/16/2018,28.720002,77.61
10/17/2018,28.309998,77.23
10/18/2018,27.860001,77.14
10/19/2018,28.539994,77.73
10/22/2018,27.610001,76.71
10/23/2018,28.350007,77.2
10/24/2018,28.479996,77.76
10/25/2018,28.949997,78.72
10/26/2018,26.490006,76.87
10/29/2018,26.429993,77.76
10/30/2018,26.229996,78.93
10/31/2018,26.630005,78.11
11/1/2018,27.220002,78.4
11/2/2018,27.529999,77.73
11/5/2018,27.619996,78.87
11/6/2018,27.190003,79.21
11/7/2018,27.509995,80.21
11/8/2018,27.25,80.24
11/9/2018,26.830002,80.35
11/12/2018,27,80.26
11/13/2018,26.649994,80.33
11/14/2018,26.720002,80.19
11/15/2018,26.610001,79.69
11/16/2018,27.059998,80.65
11/19/2018,27.089997,80.65
11/20/2018,26.550004,79.79
11/21/2018,26.669999,79.9
11/23/2018,26.330002,79.63
11/26/2018,26.64,79.91
11/27/2018,26.690003,80.16
11/28/2018,26.949997,80.87
11/29/2018,26.740006,80.98
11/30/2018,26.410004,81.78
12/3/2018,26.5,82.16
12/4/2018,25.119996,80.89
12/6/2018,26.740006,82.92
12/7/2018,25.270005,81.75
12/10/2018,25.690003,81.29
12/11/2018,25.089997,81.35
12/12/2018,24.720002,80.01
12/13/2018,24.5,80.49
12/14/2018,24.029999,80.33
12/17/2018,23.600007,76.91
12/18/2018,23.64,77.6
12/19/2018,23.199997,76.75
12/20/2018,22.220002,75.63
12/21/2018,21.279999,74.69
12/24/2018,21.100007,72
12/26/2018,21.350007,74.36
12/27/2018,21.529999,74.48
12/28/2018,21.830002,74.71
12/31/2018,21.860001,74.94
1/2/2019,21.529999,73.32
1/3/2019,22.259995,73.79
1/4/2019,23.020005,74.58
1/7/2019,23.479996,75.33
1/8/2019,23.619996,76.7
1/9/2019,23.699997,76.6
1/10/2019,24.300004,77.66
1/11/2019,24.210007,77.93
1/14/2019,24.080002,77.68
1/15/2019,24.110001,78.45
1/16/2019,24.380005,78.94
1/17/2019,24.64,79.36
1/18/2019,25.080002,79.66
1/22/2019,24.550004,79.43
1/23/2019,24.289994,79.43
1/24/2019,25.169999,79.71
1/25/2019,25.699997,80.64
1/28/2019,25.800004,81.37
1/29/2019,25.850007,82.02
1/30/2019,26.210007,82.67
1/31/2019,26.240006,83.54
2/1/2019,26.75,82.97
2/4/2019,26.149994,83.53
2/5/2019,26.479996,84.04
2/6/2019,26.270005,83.46
2/7/2019,25.910004,84.1
2/8/2019,25.649994,84.12
2/11/2019,25.399994,84.36
2/12/2019,25.330002,83.87
2/13/2019,25.39,84.26
2/14/2019,25.419999,84.53
2/15/2019,25.539994,85.05
2/19/2019,25.589997,85.07
2/20/2019,25.869996,84.47
2/21/2019,25.740006,84.54
2/22/2019,26.089997,84.99
2/25/2019,25.860001,84.37
2/26/2019,25.559998,84.14
2/27/2019,25.850007,83.9
2/28/2019,24.89,84.15
3/1/2019,25.009995,83.97
3/4/2019,24.949997,84.32
3/5/2019,24.589997,84.58
3/6/2019,24.619996,84.17
3/7/2019,24.350007,84.02
3/8/2019,24.660004,84.1
3/11/2019,25.839997,85.34
3/12/2019,25.770005,85.69
3/13/2019,26.080002,86.08
3/14/2019,25.550004,86.21
3/15/2019,25.529999,86.01
3/18/2019,25.600007,85.53
3/19/2019,25.559998,85.28
3/20/2019,25.369996,84.96
3/21/2019,26.190003,86.4
3/22/2019,25.759995,85.88
3/25/2019,25.490006,85.9
3/26/2019,25.470002,86.54
3/27/2019,25.589997,86.36
3/28/2019,26.610001,87.11
3/29/2019,26.339997,87.04
4/1/2019,26.520005,87.01
4/2/2019,26.580002,87.57
4/3/2019,26.679993,87.48
4/4/2019,26.839997,87.35
4/5/2019,27.39,87.95
4/8/2019,27.089997,87.43
4/9/2019,26.600007,87.01
4/10/2019,26.710007,87.8
4/11/2019,27.080002,87.71
4/12/2019,27.169999,88.17
4/15/2019,27.080002,87.72
4/16/2019,26.820008,85.84
4/17/2019,26.380005,85.06
4/18/2019,26.360001,85.64
4/22/2019,25.759995,84.8
4/23/2019,25.940003,85.81
4/24/2019,26.330002,86.37
4/25/2019,26.259995,86.2
4/26/2019,27.369996,86.85
4/29/2019,26.460007,86.02
4/30/2019,26.800004,87
5/1/2019,26.64,86.94
5/2/2019,26.460007,86.97
5/3/2019,26.779999,87.66
5/6/2019,26.600007,87.37
5/7/2019,26.029999,85.78
5/8/2019,25.630005,85.77
5/9/2019,25.660004,85.97
5/10/2019,25.550004,86.88
5/13/2019,25.14,86.78
5/14/2019,24.979996,87.14
5/15/2019,24.949997,87.71
5/16/2019,25.059998,88.23
5/17/2019,24.350007,87.98
5/20/2019,23.460007,86.68
5/21/2019,23.509995,87.41
5/22/2019,23.130005,87.72
5/23/2019,22.910004,87.84
5/24/2019,23.009995,88.13
5/28/2019,22.580002,87.2
5/29/2019,22.570008,86.16
5/30/2019,22.520005,86.51
5/31/2019,22.800004,86.87
6/3/2019,22.899994,87.21
6/4/2019,23.419999,86.93
6/5/2019,23.339997,88.75
6/6/2019,23.100007,88.88
6/7/2019,23.789994,89.15
6/10/2019,24.110001,88.88
6/11/2019,24.470002,89.03
6/12/2019,25.059998,89.32
6/13/2019,25.279999,89.65
6/14/2019,25.710007,89.8
6/17/2019,25.669999,90.07
6/18/2019,25.979996,89.91
6/19/2019,26.059998,90.47
6/20/2019,26.559998,90.87
6/21/2019,26.149994,89.72
6/24/2019,25.830002,89.16
6/25/2019,25.559998,88.02
6/26/2019,25.449997,86.36
6/27/2019,25.970002,87.36
6/28/2019,26.339997,87.31
7/1/2019,26.399994,87.61
7/2/2019,26.520005,88.98
7/3/2019,26.850007,90.16
7/5/2019,26.610001,89.75
7/8/2019,26.429993,90.04
7/9/2019,26.289994,90.48
7/10/2019,26.309998,90.96
7/11/2019,25.809998,89.94
7/12/2019,25.539994,89.78
7/15/2019,25.539994,89.78
7/16/2019,25.740006,89.57
7/17/2019,25.300004,89.21
7/18/2019,25.100007,89.23
7/19/2019,25.089997,87.92
7/22/2019,25.14,87.76
7/23/2019,25.369996,88.65
7/24/2019,25.539994,88.9
7/25/2019,25.070008,88.49
7/26/2019,26.210007,88.79
7/29/2019,25.839997,89.05
7/30/2019,26.089997,89.69
7/31/2019,25.410004,89.39
8/1/2019,25.029999,89.3
8/2/2019,25.100007,89.7
8/5/2019,24.470002,88.09
8/6/2019,24.360001,89.02
8/7/2019,24.679993,89.95
8/8/2019,25.14,91.46
8/9/2019,24.740006,91.45
8/12/2019,24.710007,91.1
8/13/2019,25.089997,91.2
8/14/2019,24.5,89.72
8/15/2019,24.779999,90.71
8/16/2019,25.160004,91.5
8/19/2019,25.179993,92.19
8/20/2019,25.029999,91.5
8/21/2019,25.5,91.84
8/22/2019,25.64,92.35
8/23/2019,25.119996,91.08
8/26/2019,25.449997,91.75
8/27/2019,25.050004,91.4
8/28/2019,25.649994,91.61
8/29/2019,26.110001,92.34
8/30/2019,26.309998,92.46
9/3/2019,26.399994,93.36
9/4/2019,26.619996,94.09
9/5/2019,26.589997,93.5
9/6/2019,26.710007,93.68
9/9/2019,26.880005,93.07
9/10/2019,27.339997,92.08
9/11/2019,27.990006,92.17
9/12/2019,27.869996,92.62
9/13/2019,27.410004,91.54
9/16/2019,27.589997,92.48
9/17/2019,27.830002,93.49
9/18/2019,27.820008,93.16
9/19/2019,27.789994,93.61
9/20/2019,27.64,93.57
9/23/2019,27.619996,93.71
9/24/2019,27.550004,92.93
9/25/2019,27.839997,93
9/26/2019,27.899994,93.76
9/27/2019,27.789994,93.19
9/30/2019,27.699997,93.54
10/1/2019,27.25,92.55
10/2/2019,26.729996,92.19
10/3/2019,26.940003,93.09
10/4/2019,27.020005,93.59
10/7/2019,27.009995,93.33
10/8/2019,26.360001,92.85
10/9/2019,26.619996,93.15
10/10/2019,26.660004,93.33
10/11/2019,27.130005,93.26
10/14/2019,27.169999,93.28
10/15/2019,27.229996,93.33
10/16/2019,27.699997,93.4
10/17/2019,28.020005,93.92
10/18/2019,28.279999,94.67
10/21/2019,28.729996,95.36
10/22/2019,29.130005,95.05
10/23/2019,29.509995,95.18
10/24/2019,29.14,95.06
10/25/2019,29.059998,94.09
10/28/2019,29.369996,93.58
10/29/2019,29.660004,93.9
10/30/2019,30.029999,94.42
10/31/2019,29.210007,94.26
11/1/2019,29.990006,94.19
11/4/2019,30.199997,93.46
11/5/2019,29.669999,91.94
11/6/2019,29.539994,92.21
11/7/2019,29.350007,91.33
11/8/2019,29.630005,91.16
11/11/2019,29.539994,91.37
11/12/2019,29.14,90.73
11/13/2019,28.979996,91.47
11/14/2019,29.330002,92.2
11/15/2019,29.350007,92.69
11/18/2019,29.619996,93.17
11/19/2019,29.720002,93.29
11/20/2019,29.509995,93.27
11/21/2019,29.029999,91.99
11/22/2019,28.990006,91.69
11/25/2019,29.410004,92.05
11/26/2019,29.619996,93.16
11/27/2019,29.75,93.46
11/29/2019,29.509995,93.2
12/2/2019,29.210007,91.82
12/3/2019,29.330002,92.38
12/4/2019,29.600007,92.74
12/5/2019,29.25,92.82
12/6/2019,29.509995,92.98
12/9/2019,29.380005,93.17
12/10/2019,29,92.61
12/11/2019,29.330002,91.71
12/12/2019,29.550004,90.51
12/13/2019,29.64,90.6
12/16/2019,29.649994,90.29
12/17/2019,29.660004,89.52
12/18/2019,29.839997,90.68
12/19/2019,30.009995,91.43
12/20/2019,30.149994,92
12/23/2019,30.14,91.48
12/24/2019,29.850007,91.73
12/26/2019,29.990006,92.22
12/27/2019,29.979996,92.47
12/30/2019,29.929993,92.54
12/31/2019,30.199997,93.08
1/2/2020,29.39,92.05
1/3/2020,29.440003,92.71
1/6/2020,29.380005,92.79
1/7/2020,29.190003,91.85
1/8/2020,29.300004,92.07
1/9/2020,29.539994,92.12
1/10/2020,29.570008,92.92
1/13/2020,30.25,93.91
1/14/2020,30.64,93.55
1/15/2020,30.929993,94.38
1/16/2020,31.300004,95.08
1/17/2020,30.979996,95.19
1/21/2020,30.800004,96.16
1/22/2020,30.490006,95.61
1/23/2020,30.820008,96.18
1/24/2020,30.529999,95.96
1/27/2020,30.169999,95.5
1/28/2020,30.39,95.91
1/29/2020,30.100007,95.61
1/30/2020,30.070008,95.73
1/31/2020,28.949997,94.57
2/3/2020,28.220002,94.86
2/4/2020,28.179993,95.83
2/5/2020,28.919999,95.85
2/6/2020,28.649994,96.21
2/7/2020,28.580002,96.17
2/10/2020,28.649994,97.14
2/11/2020,28.899994,97.93
2/12/2020,29.75,98.71
2/13/2020,30.25,99.38
2/14/2020,30.660004,100.28
2/18/2020,30.119996,100.21
2/19/2020,30.369996,98.95
2/20/2020,30.869996,100.02
2/21/2020,30.729996,100.21
2/24/2020,29.759995,98.87
2/25/2020,28.070008,96.22
2/26/2020,27.399994,95.21
2/27/2020,26.369996,90.22
2/28/2020,25.979996,87.4
3/2/2020,27.440003,91.61
3/3/2020,26.729996,91.62
3/4/2020,28.350007,95.12
3/5/2020,26.960007,93.05
3/6/2020,26.600007,91.47
3/9/2020,23.949997,84.69
3/10/2020,24.429993,87.96
3/11/2020,22.460007,82.84
3/12/2020,18.660004,74.77
3/13/2020,21.919999,81.15
3/16/2020,16.949997,67.46
3/17/2020,18.949997,70.63
3/18/2020,16.25,63.68
3/19/2020,16.14,63.71
3/20/2020,14.760001,60.92
3/23/2020,13.470001,57.84
3/24/2020,16.880005,62.47
3/25/2020,17.720002,65.27
3/26/2020,18.279999,70.11
3/27/2020,17.199997,70.2
3/30/2020,16.949997,71.6
3/31/2020,16.949997,69.57
4/1/2020,16.119996,64.98
4/2/2020,15.840001,65.26
4/3/2020,15.340001,64.24
4/6/2020,17.100007,69.06
4/7/2020,17.289994,69.73
4/8/2020,19.460007,74.72
4/9/2020,21.009995,78.88
4/13/2020,20.100007,75.67
4/14/2020,20.330002,77.67
4/15/2020,19.119996,74.73
4/16/2020,18.970002,73.89
4/17/2020,20.100007,76.09
4/20/2020,19.179993,73.33
4/21/2020,18.759995,71.99
4/22/2020,19.020005,73.14
4/23/2020,18.979996,72.47
4/24/2020,19.610001,72.77
4/27/2020,20.660004,75.07
4/28/2020,21.369996,75.75
4/29/2020,22.360001,76.91
4/30/2020,21.869996,76.05
5/1/2020,17.970002,73.47
5/4/2020,17.779999,73.25
5/5/2020,17.520005,73.6
5/6/2020,18.229996,72.38
5/7/2020,18.630005,73.34
5/8/2020,19.850007,75.09
5/11/2020,19.350007,74.03
5/12/2020,18.199997,70.63
5/13/2020,17.050004,68.96
5/14/2020,17.380005,69.28
5/15/2020,17.330002,68.96
5/18/2020,19.169999,72.98
5/19/2020,18.520005,72.16
5/20/2020,19.479996,72.86
5/21/2020,19.449997,72.76
5/22/2020,19.779999,73.75
5/26/2020,21.100007,76.44
5/27/2020,21.850007,77.91
5/28/2020,21.440003,78.23
5/29/2020,20.190003,77.42
6/1/2020,21.050004,79.21
6/2/2020,21.699997,79.92
6/3/2020,22.119996,82.32
6/4/2020,22.289994,81.62
6/5/2020,23.419999,84.59
6/8/2020,24.64,86.82
6/9/2020,23.75,85.42
6/10/2020,22.809998,83.24
6/11/2020,20.669999,77.98
6/12/2020,21.759995,80.77
6/15/2020,22.100007,81.16
6/16/2020,23.029999,82.76
6/17/2020,22.380005,81.64
6/18/2020,22.410004,80.77
6/19/2020,22.699997,79.75
6/22/2020,22.520005,79.6
6/23/2020,22.770005,79.36
6/24/2020,21.75,77.09
6/25/2020,21.990006,78.04
6/26/2020,21.490006,76.49
6/29/2020,22.179993,77.92
6/30/2020,22.460007,78.81
7/1/2020,22.199997,80.58
7/2/2020,22.240006,80.33
7/6/2020,22.570008,80.34
7/7/2020,22.199997,78.81
7/8/2020,22.669999,78.73
7/9/2020,22.610001,78.29
7/10/2020,23.690003,78.51
7/13/2020,23.75,77.54
7/14/2020,24.460007,78.13
7/15/2020,25.059998,78.94
7/16/2020,25.14,78.08
7/17/2020,25.949997,79.06
7/20/2020,25.630005,78.12
7/21/2020,25.679993,78.32
7/22/2020,26.110001,79.52
7/23/2020,26.410004,79.11
7/24/2020,26.110001,78.51
7/27/2020,27.479996,79.42
7/28/2020,27.25,80.84
7/29/2020,28.350007,82.65
7/30/2020,28.399994,82.23
7/31/2020,27.809998,82.06
8/3/2020,28,80.99
8/4/2020,27.830002,82.01
8/5/2020,28.350007,81.7
8/6/2020,28.009995,81.71
8/7/2020,28.350007,82.82
8/10/2020,28.809998,83.02
8/11/2020,28.89,81.82
8/12/2020,29.199997,82.61
8/13/2020,28.5,81.67
8/14/2020,28.360001,81.68
8/17/2020,28.960007,82.32
8/18/2020,28.880005,81.93
8/19/2020,28.970002,80.46
8/20/2020,29,81.19
8/21/2020,28.820008,81.31
8/24/2020,29.210007,81.95
8/25/2020,29.149994,82.15
8/26/2020,29.360001,81.38
8/27/2020,30.160004,82.54
8/28/2020,30.89,83.05
8/31/2020,30.309998,82.25
9/1/2020,30.779999,82.34
9/2/2020,30.779999,83.84
9/3/2020,29.779999,82.8
9/4/2020,29.039994,82.42
9/8/2020,28.089997,81.39
9/9/2020,28.690003,82.13
9/10/2020,28.550004,81.03
9/11/2020,28.429993,80.58
9/14/2020,28.929993,82.74
9/15/2020,28.759995,83.7
9/16/2020,28.929993,84.15
9/17/2020,28.679993,82.57
9/18/2020,27.729996,80.79
9/21/2020,26.850007,78.54
9/22/2020,27.720002,79.46
9/23/2020,26.850007,76.71
9/24/2020,26.979996,77.05
9/25/2020,27.279999,78.61
9/28/2020,28.309998,80.18
9/29/2020,28.050004,79.58
9/30/2020,28.520005,79.84
10/1/2020,28.789994,81.38
10/2/2020,29.110001,82.68
10/5/2020,29.729996,83.14
10/6/2020,28.990006,82.62
10/7/2020,29.520005,82.71
10/8/2020,30.259995,84.01
10/9/2020,29.320008,83.65
10/12/2020,29.699997,84.15
10/13/2020,29.309998,82.8
10/14/2020,29.259995,81.83
10/15/2020,29.789994,82.17
10/16/2020,29.529999,81.66
10/19/2020,29.300004,80.34
10/20/2020,30.110001,80.94
10/21/2020,29.860001,80.62
10/22/2020,29.110001,80.52
10/23/2020,29.429993,81.01
10/26/2020,28.449997,79.98
10/27/2020,27.559998,78.8
10/28/2020,27.429993,76.87
10/29/2020,28.410004,78.04
10/30/2020,27.289994,77.51
11/2/2020,28.119996,79.46
11/3/2020,28.39,80.99
11/4/2020,28.479996,81.16
11/5/2020,28.800004,81.42
11/6/2020,28.279999,80.96
11/9/2020,28.14,83.3
11/10/2020,27.779999,84.23
11/11/2020,28.39,84.77
11/12/2020,27.75,83.75
11/13/2020,29.14,85.94
11/16/2020,29.360001,86.64
11/17/2020,29.179993,86.71
11/18/2020,28.779999,85.15
11/19/2020,29.020005,85.32
11/20/2020,28.75,84.92
11/23/2020,29.110001,84.85
11/24/2020,29.240006,85.09
11/25/2020,29.130005,85.16
11/27/2020,28.710007,84.9
11/30/2020,29.039994,84.16
12/1/2020,29.270005,85.12
12/2/2020,28.89,84.36
12/3/2020,29.490006,84.99
12/4/2020,30.720002,86.24
12/7/2020,30.229996,85.57
12/8/2020,30.800004,85.15
12/9/2020,31.710007,84.5
12/10/2020,31.75,84.01
12/11/2020,32,84.05
12/14/2020,32.360001,83.06
12/15/2020,33.559998,84.66
12/16/2020,33.899994,84.79
12/17/2020,34.460007,85.62
12/18/2020,33.740006,84.08
12/21/2020,33.330002,83.54
12/22/2020,33.350007,84.2
12/23/2020,33.610001,83.63
12/24/2020,33.850007,84.29
12/28/2020,33.710007,85.06
12/29/2020,33.330002,84.37
12/30/2020,33.649994,84.75
12/31/2020,33.529999,85.65
1/4/2021,32.809998,82.74
1/5/2021,33.119996,82.73
1/6/2021,33.289994,82.69
1/7/2021,33.610001,82.68
1/8/2021,33.380005,83.48
1/11/2021,33.100007,82.3
1/12/2021,32.710007,82.27
1/13/2021,32.160004,83.28
1/14/2021,32.669999,83.64
1/15/2021,32.520005,84.59
1/19/2021,32.699997,84.36
1/20/2021,33.539994,86.06
1/21/2021,33.339997,85.8
1/22/2021,33.210007,85.97
1/25/2021,33.5,86.61
1/26/2021,33.14,87.24
1/27/2021,32.199997,85.79
1/28/2021,33.020005,86.16
1/29/2021,31.190003,85.28
2/1/2021,32.039994,87.34
2/2/2021,32.449997,87.81
2/3/2021,33.990006,87.57
2/4/2021,33.960007,88.07
2/5/2021,34.399994,88.24
2/8/2021,35.160004,88.48
2/9/2021,34.570008,88.87
2/10/2021,34.399994,89.44
2/11/2021,34.25,89.42
2/12/2021,35.039994,89.54
2/16/2021,34.89,88.66
2/17/2021,34.160004,88.54
2/18/2021,33.809998,88.3
2/19/2021,34.990006,88.71
2/22/2021,35.479996,89.24
2/23/2021,35.029999,89.74
2/24/2021,35.899994,90.22
2/25/2021,34.419999,88.7
2/26/2021,33.869996,87.35
3/1/2021,35.059998,87.57
3/2/2021,33.789994,86.86
3/3/2021,33.529999,86.1
3/4/2021,32.809998,85.25
3/5/2021,33.759995,86.33
3/8/2021,34.039994,87.04
3/9/2021,34.39,87.59
3/10/2021,35.539994,88.43
3/11/2021,35.669999,89.38
3/12/2021,35.910004,90.87
3/15/2021,36.089997,92.12
3/16/2021,35.630005,91.92
3/17/2021,36.149994,91.96
3/18/2021,34.470002,91.15
3/19/2021,33.880005,90.04
3/22/2021,34.289994,90.84
3/23/2021,33.559998,90.85
3/24/2021,33.809998,90.43
3/25/2021,34.789994,90.73
3/26/2021,35.440003,92.74
3/29/2021,35.210007,92.39
3/30/2021,35.449997,92.32
3/31/2021,35.600007,91.94
4/1/2021,36.839997,93.58
4/5/2021,36.740006,93.95
4/6/2021,37.14,94.2
4/7/2021,36.830002,94.2
4/8/2021,37.029999,93.97
4/9/2021,37.539994,93.96
4/12/2021,37.309998,94.47
4/13/2021,37.419999,95.04
4/14/2021,38.020005,94.46
4/15/2021,38.509995,96.13
4/16/2021,39.320008,96.32
4/19/2021,38.880005,96.55
4/20/2021,38.380005,97.56
4/21/2021,38.199997,98.01
4/22/2021,37.830002,97.61
4/23/2021,38.199997,98.2
4/26/2021,38.839997,98.36
4/27/2021,39.380005,98.39
4/28/2021,39.770005,97.98
4/29/2021,39.64,98.78
4/30/2021,38.770005,99.19
5/3/2021,39.369996,99.03
5/4/2021,39.190003,98.13
5/5/2021,38.559998,96.71
5/6/2021,39.220002,97.23
5/7/2021,40,98.59
5/10/2021,40.789994,98.63
5/11/2021,39.64,97.51
5/12/2021,37.619996,95.1
5/13/2021,38.119996,96.26
5/14/2021,38.309998,97.33
5/17/2021,38.070008,97.42
5/18/2021,37.320008,97.55
5/19/2021,37.279999,97.28
5/20/2021,37.119996,98.48
5/21/2021,37.039994,98.31
5/24/2021,37.149994,99.42
5/25/2021,37.259995,99.51
5/26/2021,37.929993,99.84
5/27/2021,38.320008,99.5
5/28/2021,37.960007,100.19
6/1/2021,38.64,101.77
6/2/2021,37.759995,102.99
6/3/2021,36.289994,102.79
6/4/2021,36.009995,102.8
6/7/2021,35.699997,103.81
6/8/2021,35.570008,104.48
6/9/2021,36.029999,104.71
6/10/2021,35,104.97
6/11/2021,35.320008,104.45
6/14/2021,34.529999,104.91
6/15/2021,34.669999,103.81
6/16/2021,34.380005,102.88
6/17/2021,34.039994,103.04
6/18/2021,33.410004,101.41
6/21/2021,34.259995,103.47
6/22/2021,34.130005,102.97
6/23/2021,33.919999,102.7
6/24/2021,34.229996,102.36
6/25/2021,34.289994,103.23
6/28/2021,34,102.82
6/29/2021,34.14,102.52
6/30/2021,34.419999,101.94
7/1/2021,34.330002,102.34
7/2/2021,34.309998,102.68
7/6/2021,33.970002,103.46
7/7/2021,34.839997,103.84
7/8/2021,35.039994,103.88
7/9/2021,35.820008,105.4
7/12/2021,35.649994,106.17
7/13/2021,34.610001,104.64
7/14/2021,34.699997,105.49
7/15/2021,34.630005,105.76
7/16/2021,34.020005,105.78
7/19/2021,32.949997,103.93
7/20/2021,33.649994,106.27
7/21/2021,34.080002,106.1
7/22/2021,34.169999,105.31
7/23/2021,34.580002,106.25
7/26/2021,34.660004,106.18
7/27/2021,34.850007,106.96
7/28/2021,34.369996,106.45
7/29/2021,34.830002,106.45
7/30/2021,33.729996,106.72
8/2/2021,34.220002,106.48
8/3/2021,34.539994,106.69
8/4/2021,34.039994,106.27
8/5/2021,34.479996,107.34
8/6/2021,34.550004,107.08
8/9/2021,34.130005,106.5
8/10/2021,34.610001,105.43
8/11/2021,35.330002,106.03
8/12/2021,35.020005,106.44
8/13/2021,34.820008,107.05
8/16/2021,34.679993,106.91
8/17/2021,33.880005,106.92
8/18/2021,33.800004,105.88
8/19/2021,33.910004,106.46
8/20/2021,34.160004,107
8/23/2021,34.529999,106.76
8/24/2021,34.860001,106.28
8/25/2021,35.259995,106.27
8/26/2021,35.199997,106.14
8/27/2021,35.949997,107.17
8/30/2021,36.270005,108.28
8/31/2021,36,108.79
9/1/2021,36.320008,110.75
9/2/2021,36.580002,111.24
9/3/2021,36.64,111.27
9/7/2021,36.130005,110.03
9/8/2021,35.350007,110.64
9/9/2021,34.869996,108.49
9/10/2021,34.710007,107.05
9/13/2021,34.550004,107.48
9/14/2021,34.089997,107.21
9/15/2021,35.039994,107.61
9/16/2021,35.690003,107.81
9/17/2021,36.169999,106.79
9/20/2021,35.740006,106.23
9/21/2021,35.259995,106.23
9/22/2021,36.410004,107.27
9/23/2021,37.259995,106.9
9/24/2021,37.190003,105.39
9/27/2021,37.100007,103.96
9/28/2021,36.550004,103.22
9/29/2021,36.580002,104.01
9/30/2021,35.570008,102.39
10/1/2021,35.770005,103.83
10/4/2021,35.720002,103.62
10/5/2021,35.729996,103.03
10/6/2021,35.820008,104.05
10/7/2021,35.979996,104.24
10/8/2021,36.259995,103.33
10/11/2021,37.259995,103.61
10/12/2021,37.429993,105.02
10/13/2021,37.399994,105.76
10/14/2021,37.550004,107.19
10/15/2021,37.240006,107.17
10/18/2021,36.970002,107.42
10/19/2021,36.770005,107.66
10/20/2021,37.309998,109.26
10/21/2021,36.789994,109.43
10/22/2021,37.14,110.02
10/25/2021,37.729996,110.37
10/26/2021,36.759995,110.7
10/27/2021,35.710007,109.69
10/28/2021,36.399994,110.96
10/29/2021,35.720002,109.84
11/1/2021,36.979996,110.04
11/2/2021,36.149994,110.47
11/3/2021,38.270005,110.69
11/4/2021,38.14,109.72
11/5/2021,38.330002,110.24
11/8/2021,37.729996,110.02
11/9/2021,37.550004,110.26
11/10/2021,36.89,109.76
11/11/2021,36.809998,109.99
11/12/2021,36.929993,110.04
11/15/2021,37.410004,110.69
11/16/2021,38.360001,110.04
11/17/2021,38.520005,110.43
11/18/2021,37.940003,110.38
11/19/2021,38.039994,109.88
11/22/2021,38.850007,109.14
11/23/2021,38.539994,110.02
11/24/2021,38.979996,111.35
11/26/2021,38.419999,108.27
11/29/2021,38.75,109.41
11/30/2021,37.610001,107.19
12/1/2021,37.64,105.54
12/2/2021,38.509995,108.75
12/3/2021,38.330002,108.26
12/6/2021,38.460007,110
12/7/2021,39.350007,111.65
12/8/2021,39.479996,112.34
12/9/2021,39.75,110.91
12/10/2021,40.020005,111.18
12/13/2021,40.050004,111.25
12/14/2021,38.89,109.89
12/15/2021,39.470002,111.4
12/16/2021,39.630005,111.43
12/17/2021,39.64,111.21
12/20/2021,38.130005,110.32
12/21/2021,38.460007,111.43
12/22/2021,38.830002,112.51
12/23/2021,38.64,112.41
12/27/2021,39.660004,114.29
12/28/2021,39.860001,114.68
12/29/2021,40.679993,115.43
12/30/2021,40.970002,115.95
12/31/2021,41.179993,116.14
1/3/2022,40.570008,115.26
1/4/2022,41.089997,115.04
1/5/2022,40.070008,111.63
1/6/2022,40.39,111.61
1/7/2022,40.339997,110.86
1/10/2022,40.149994,110.3
1/11/2022,40.729996,110.58
1/12/2022,41.050004,110.69
1/13/2022,41.660004,110.34
1/14/2022,40.979996,109.29
1/18/2022,39.279999,108.31
1/19/2022,39.179993,106.95
1/20/2022,38.289994,105.62
1/21/2022,38.009995,105.37
1/24/2022,38.850007,105.54
1/25/2022,38.470002,105.06
1/26/2022,38.080002,103.36
1/27/2022,37.89,101.81
1/28/2022,39.649994,104.98
1/31/2022,40.429993,106.58
2/1/2022,40.630005,105.99
2/2/2022,41.470002,107.46
2/3/2022,41.320008,106.11
2/4/2022,40.490006,105.13
2/7/2022,40.979996,104.95
2/8/2022,41.789994,104.4
2/9/2022,42.570008,106.79
2/10/2022,41.820008,104.12
2/11/2022,41.559998,103.04
2/14/2022,40.910004,102.08
2/15/2022,41.830002,102.86
2/16/2022,41.860001,103.2
2/17/2022,39.169999,102.04
2/18/2022,39.179993,101.51
2/22/2022,38.479996,100.99
2/23/2022,37.279999,99.21
2/24/2022,38.229996,100.97
2/25/2022,39.199997,103.4
2/28/2022,38.880005,101.69
3/1/2022,38.619996,101.43
3/2/2022,39.490006,103.18
3/3/2022,39.169999,104.03
3/4/2022,39.300004,104.54
3/7/2022,38.470002,102.4
3/8/2022,38.520005,101.83
3/9/2022,38.990006,103.46
3/10/2022,40.100007,103.71
3/11/2022,39.619996,102.84
3/14/2022,38.770005,102.11
3/15/2022,39.470002,102.82
3/16/2022,39.270005,104.11
3/17/2022,39.509995,105.63
3/18/2022,39.990006,105.83
3/21/2022,39.190003,105.27
3/22/2022,38.199997,105.56
3/23/2022,38.149994,104.42
3/24/2022,38.070008,104.65
3/25/2022,38.600007,105.87
3/28/2022,38.539994,107.07
3/29/2022,39.020005,110.12
3/30/2022,38.539994,109.37
3/31/2022,37.899994,108.22
4/1/2022,38.020005,110.03
4/4/2022,38.779999,109.63
4/5/2022,37.850007,109.27
4/6/2022,37.490006,110.55
4/7/2022,37.899994,109.72
4/8/2022,38.679993,109.85
4/11/2022,39.020005,108.63
4/12/2022,39.580002,108.39
4/13/2022,40.059998,109.03
4/14/2022,39.899994,108.5
4/18/2022,39.820008,108.11
4/19/2022,41.429993,110.38
4/20/2022,42.130005,112.38
4/21/2022,41.729996,111.49
4/22/2022,41.520005,109.56
4/25/2022,41.619996,109.19
4/26/2022,40.869996,107.41
4/27/2022,40.860001,106.77
4/28/2022,41.899994,108.76
4/29/2022,41.220002,103.75
5/2/2022,40.050004,101.19
5/3/2022,41.169999,102.71
5/4/2022,42.220002,103.84
5/5/2022,40.649994,101.13
5/6/2022,40.14,99.83
5/9/2022,39.220002,95.6
5/10/2022,38.720002,93.75
5/11/2022,37.789994,93.55
5/12/2022,38.220002,94.22
5/13/2022,38.710007,96.77
5/16/2022,38.179993,96.13
5/17/2022,39.380005,97.2
5/18/2022,37.919999,94.39
5/19/2022,37.860001,94.16
5/20/2022,37.630005,94.88
5/23/2022,38.229996,96.04
5/24/2022,37.550004,96.96
5/25/2022,38.490006,97.65
5/26/2022,38.940003,97.74
5/27/2022,40.339997,100.36
5/31/2022,39.520005,99.14
6/1/2022,38.710007,98.26
6/2/2022,38.720002,99.68
6/3/2022,38.339997,98.35
6/6/2022,38.940003,98.01
6/7/2022,39.080002,99.32
6/8/2022,38.369996,97.04
6/9/2022,37.839997,94.55
6/10/2022,35.830002,92.47
6/13/2022,34.270005,87.91
6/14/2022,34.419999,87.22
6/15/2022,34.509995,89.19
6/16/2022,32.770005,86.95
6/17/2022,32.990006,87.66
6/21/2022,33.440003,89.03
6/22/2022,33.259995,90.31
6/23/2022,33.289994,92.08
6/24/2022,34.330002,94.04
6/27/2022,33.89,93.83
6/28/2022,33.39,92.72
6/29/2022,33.039994,92.16
6/30/2022,33.119996,91.98
7/1/2022,33.979996,93.71
7/5/2022,34.199997,93.32
7/6/2022,33.929993,93.31
7/7/2022,34.479996,93.47
7/8/2022,35.009995,93.01
7/11/2022,34.679993,92.83
7/12/2022,34.610001,92.36
7/13/2022,34.820008,91.97
7/14/2022,34.360001,91.07
7/15/2022,34.779999,92.62
7/18/2022,34.320008,91.87
7/19/2022,35.160004,94.24
7/20/2022,35.190003,93.96
7/21/2022,35.5,94.78
7/22/2022,35.509995,95.35
7/25/2022,35.460007,95.49
7/26/2022,35.089997,95.55
7/27/2022,35.759995,96.35
7/28/2022,36.369996,99.55
7/29/2022,36.320008,100.13
8/1/2022,36.899994,99.29
8/2/2022,35.869996,98.01
8/3/2022,35.529999,98.32
8/4/2022,35.190003,98.27
8/5/2022,35.119996,98.55
8/8/2022,35.600007,99.34
8/9/2022,35.229996,99.93
8/10/2022,36.080002,101.42
8/11/2022,36.429993,101.07
8/12/2022,36.89,102.69
8/15/2022,36.949997,103.19
8/16/2022,37.089997,102.81
8/17/2022,36.580002,102.38
8/18/2022,36.699997,101.59
8/19/2022,36.199997,100.66
8/22/2022,35.339997,98.56
8/23/2022,35.509995,97.25
8/24/2022,36.009995,97.83
8/25/2022,36.619996,99.34
8/26/2022,35.380005,96.9
8/29/2022,34.830002,96.04
8/30/2022,33.990006,94.64
8/31/2022,34.160004,94.26
9/1/2022,34.039994,94.43
9/2/2022,33.869996,93.21
9/6/2022,33.559998,94.28
9/7/2022,33.89,96.12
9/8/2022,33.929993,96.4
9/9/2022,34.619996,97.32
9/12/2022,34.559998,98.16
9/13/2022,32.360001,94.53
9/14/2022,31.679993,93.29
9/15/2022,31.330002,91.58
9/16/2022,30.729996,91.51
9/19/2022,31.710007,91.39
9/20/2022,29.820008,89.16
9/21/2022,29.960007,87.81
9/22/2022,29.410004,86.94
9/23/2022,28.990006,85.8
9/26/2022,28.199997,82.61
9/27/2022,27.809998,81.43
9/28/2022,28.190003,83.01
9/29/2022,27.75,80.64
9/30/2022,28.559998,81.42
10/3/2022,29.369996,82.94
10/4/2022,29.89,84.55
10/5/2022,29.809998,82.86
10/6/2022,29.169999,80.52
10/7/2022,28.660004,78.63
10/10/2022,28.869996,77.75
10/11/2022,29.460007,78.61
10/12/2022,29.39,77.72
10/13/2022,29.800004,78.99
10/14/2022,29,76.97
10/17/2022,29.759995,79.81
10/18/2022,29.850007,80.71
10/19/2022,29.050004,78.7
10/20/2022,28.940003,78.33
10/21/2022,29.960007,78.87
10/24/2022,30.059998,78.81
10/25/2022,30.910004,81.95
10/26/2022,30.960007,82.11
10/27/2022,31.009995,82.26
10/28/2022,31.100007,84.09
10/31/2022,30.929993,83.99
11/1/2022,30.39,83.83
11/2/2022,29.660004,81.58
11/3/2022,29.39,81.52
11/4/2022,30.279999,82.65
11/7/2022,30.960007,82.7
11/8/2022,31.020005,83.08
11/9/2022,30.059998,82.26
11/10/2022,32.860001,88.25
11/11/2022,33.089997,88.04
11/14/2022,32.339997,86.02
11/15/2022,32.740006,87.01
11/16/2022,32.070008,86.22
11/17/2022,32.020005,85.53
11/18/2022,32.270005,86.59
11/21/2022,32.020005,87.06
11/22/2022,32.309998,87.5
11/23/2022,32.149994,87.62
11/25/2022,32.309998,88.2
11/28/2022,31.210007,85.77
11/29/2022,31.759995,87.2
11/30/2022,32.710007,89.17
12/1/2022,32.279999,89.06
12/2/2022,32.419999,88.78
12/5/2022,31.520005,87.19
12/6/2022,31.020005,86.37
12/7/2022,31.690003,86.54
12/8/2022,31.669999,87.2
12/9/2022,31.479996,87.09
12/12/2022,32.320008,87.73
12/13/2022,32.89,88.57
12/14/2022,32.669999,87.97
12/15/2022,31.759995,86.71
12/16/2022,31.300004,84.52
12/19/2022,30.830002,83.52
12/20/2022,30.910004,83.29
12/21/2022,31.110001,84.15
12/22/2022,31.050004,83.81
12/23/2022,31.490006,84.53
12/27/2022,31.470002,84.47
12/28/2022,30.630005,83.04
12/29/2022,31.320008,84.89
12/30/2022,31,84.19
1/3/2023,30.860001,84.34
1/4/2023,31.229996,86.15
1/5/2023,30.300004,83.85
1/6/2023,31.610001,86.21
1/9/2023,31.419999,86.21
1/10/2023,30.860001,86.4
1/11/2023,31.940003,89.54
1/12/2023,32.130005,90.51
1/13/2023,31.820008,90.01
1/17/2023,31.710007,90.1
1/18/2023,31.330002,88.85
1/19/2023,31.100007,88.37
1/20/2023,32.029999,89.47
1/23/2023,32.360001,89.8
1/24/2023,32.199997,90.07
1/25/2023,32.75,89.97
1/26/2023,33.649994,90.97
1/27/2023,34.320008,91.9
1/30/2023,33.800004,90.8
1/31/2023,34.429993,92.59
2/1/2023,35.009995,93.19
2/2/2023,35.710007,95.24
2/3/2023,35.270005,93.31
2/6/2023,34.25,92.74
2/7/2023,34.309998,92.58
2/8/2023,34.039994,92.19
2/9/2023,33.809998,91.12
2/10/2023,33.64,91.41
2/13/2023,34.199997,92.28
2/14/2023,32.770005,91.47
2/15/2023,32.850007,91.87
2/16/2023,32.440003,91.08
2/17/2023,32.199997,90.66
2/21/2023,30.770005,88.86
2/22/2023,30.839997,87.95
2/23/2023,31.059998,88.49
2/24/2023,30.869996,86.98
2/27/2023,30.899994,87.16
2/28/2023,31.25,87.07
3/1/2023,31.679993,85.88
3/2/2023,31.350007,86.9
3/3/2023,31.660004,88.32
3/6/2023,31.029999,87.97
3/7/2023,29.990006,85.9
3/8/2023,30.770005,86.91
3/9/2023,30.429993,84.89
3/10/2023,29.860001,82.1
3/13/2023,30.160004,83.24
3/14/2023,29.990006,84.07
3/15/2023,29.589997,83.92
3/16/2023,29.759995,83.94
3/17/2023,29.210007,82.06
3/20/2023,29.839997,82.99
3/21/2023,29.839997,82.52
3/22/2023,28.809998,79.65
3/23/2023,28.300004,78.73
3/24/2023,28.539994,80.69
3/27/2023,28.699997,80.58
3/28/2023,28.419999,80.32
3/29/2023,29.070008,82.12
3/30/2023,29.25,83.15
3/31/2023,30.130005,84.9
4/3/2023,30,84.23
4/4/2023,29.949997,84.17
4/5/2023,29.580002,83.71
4/6/2023,29.850007,84.22
4/10/2023,30.429993,84.63
4/11/2023,30.869996,85.08
4/12/2023,30.580002,84.66
4/13/2023,31.179993,84.42
4/14/2023,31.080002,83.06
4/17/2023,31.520005,84.86
4/18/2023,31.419999,84.7
4/19/2023,31.470002,85.12
4/20/2023,31.149994,84.25
4/21/2023,31.029999,84.42
4/24/2023,30.600007,84.18
4/25/2023,29.89,83.29
4/26/2023,29.190003,82.64
4/27/2023,29.39,84.67
4/28/2023,29.910004,85.68
5/1/2023,29.75,84.92
5/2/2023,29.059998,83.47
5/3/2023,29.279999,83.07
5/4/2023,29.009995,83.75
5/5/2023,29.669999,85.14
5/8/2023,29.75,84.66
5/9/2023,29.960007,84.27
5/10/2023,30.100007,85.08
5/11/2023,29.75,84.15
5/12/2023,29.830002,84.17
5/15/2023,30.080002,84.03
5/16/2023,29.309998,81.98
5/17/2023,29.479996,83.04
5/18/2023,29.520005,82.67
5/19/2023,29.589997,82.56
5/22/2023,29.309998,83.08
5/23/2023,29.190003,82.19
5/24/2023,28.589997,80.51
5/25/2023,28.440003,80.52
5/26/2023,28.25,81.45
5/30/2023,28.580002,81.8
5/31/2023,28.660004,82.23
6/1/2023,28.539994,82.28
6/2/2023,28.830002,84.12
6/5/2023,28.360001,83.56
6/6/2023,28.940003,84.28
6/7/2023,29.479996,85.2
6/8/2023,29.460007,84.76
6/9/2023,29.660004,84.24
6/12/2023,29.820008,84.34
6/13/2023,30.520005,84.96
6/14/2023,30.520005,85.39
6/15/2023,30.759995,85.84
6/16/2023,31,85.81
6/20/2023,31.259995,84.91
6/21/2023,30.899994,84.54
6/22/2023,30.850007,83.3
6/23/2023,30.410004,82.24
6/26/2023,30.919999,84.11
6/27/2023,31.839997,85.12
6/28/2023,33.199997,85.25
6/29/2023,33.330002,86.11
6/30/2023,33.509995,86.54
7/3/2023,33.539994,87.28
7/5/2023,33.240006,87.58
7/6/2023,32.660004,86.88
7/7/2023,33.449997,86.65
7/10/2023,33.899994,87.01
7/11/2023,34.039994,88.18
7/12/2023,34.080002,88.66
7/13/2023,34.149994,89.28
7/14/2023,34.080002,89.15
7/17/2023,34.330002,88.55
7/18/2023,34.520005,88.03
7/19/2023,34.270005,89
7/20/2023,34.330002,88.73
7/21/2023,34.380005,89.14
7/24/2023,34.289994,89.86
7/25/2023,34.380005,89.23
7/26/2023,34.380005,89.69
7/27/2023,34.110001,87.72
7/28/2023,33.669999,87.55
7/31/2023,34.059998,88.05
8/1/2023,33.970002,87.88
8/2/2023,33.199997,87.37
8/3/2023,33.110001,86.41
8/4/2023,32.880005,85.75
8/7/2023,33.14,86.79
8/8/2023,33.369996,86.21
8/9/2023,33.399994,86.25
8/10/2023,33.14,85.92
8/11/2023,33.020005,86.09
8/14/2023,33.130005,85.49
8/15/2023,32.729996,84.47
8/16/2023,32.399994,83.51
8/17/2023,32.160004,82.93
8/18/2023,32.300004,83.13
8/21/2023,32.410004,82.4
8/22/2023,32.690003,82.67
8/23/2023,33.320008,84
8/24/2023,32.770005,83.64
8/25/2023,32.630005,83.79
8/28/2023,32.869996,84.49
8/29/2023,33.009995,85.51
8/30/2023,33.100007,85.83
8/31/2023,32.75,85.34
9/1/2023,32.75,85.39
9/5/2023,31.919999,84.33
9/6/2023,32.39,84.16
9/7/2023,32.449997,84.71
9/8/2023,32.100007,84.28
9/11/2023,32.039994,84.28
9/12/2023,32.289994,84.38
9/13/2023,32.149994,83.48
9/14/2023,32.699997,85.03
9/15/2023,32.550004,84.58
9/18/2023,32.240006,83.92
9/19/2023,31.960007,83.54
9/20/2023,31.75,83.63
9/21/2023,31.179993,80.68
9/22/2023,31.279999,80.19
9/25/2023,31.350007,80.04
9/26/2023,31.020005,77.68
9/27/2023,31.029999,77.12
9/28/2023,30.509995,77.88
9/29/2023,30.660004,78.14
10/2/2023,29.979996,76.7
10/3/2023,29.5,75.21
10/4/2023,29.910004,76.03
10/5/2023,30.020005,76.61
10/6/2023,29.820008,76.77
10/9/2023,29.929993,77.75
10/10/2023,30.110001,78
10/11/2023,30.649994,79.44
10/12/2023,30.050004,78.2
10/13/2023,29.940003,78.12
10/16/2023,30.080002,79.02
10/17/2023,30.039994,78.8
10/18/2023,29.699997,77.08
10/19/2023,29.330002,75.24
10/20/2023,29.25,74.75
10/23/2023,28.839997,74.04
10/24/2023,28.940003,74.92
10/25/2023,28.610001,73.28
10/26/2023,29.009995,74.73
10/27/2023,28.619996,73.62
10/30/2023,28.550004,73.96
10/31/2023,28.690003,75.33
11/1/2023,28.75,75.84
11/2/2023,30.160004,78.23
11/3/2023,31.089997,80.03
11/6/2023,30.860001,78.97
11/7/2023,30.440003,78.28
11/8/2023,30.240006,78.66
11/9/2023,29.75,77.42
11/10/2023,30.149994,78.19
11/13/2023,29.830002,77.55
11/14/2023,31.630005,81.72
11/15/2023,31.720002,81.95
11/16/2023,31.740006,81.86
11/17/2023,31.919999,81.7
11/20/2023,32.229996,82.34
11/21/2023,31.779999,81.94
11/22/2023,31.990006,82.25
11/24/2023,31.940003,82.55
11/27/2023,31.619996,82.85
11/28/2023,31.539994,83.34
11/29/2023,31.699997,83.95
11/30/2023,31.350007,84.59
12/1/2023,31.740006,86.57
12/4/2023,31.580002,87.09
12/5/2023,31.289994,86.56
12/6/2023,31.240006,86.18
12/7/2023,30.89,86.47
12/8/2023,30.869996,86.29
12/11/2023,31.080002,86.49
12/12/2023,30.660004,86.55
12/13/2023,32,89.78
12/14/2023,33.940003,92.26
12/15/2023,33.339997,91.11
12/18/2023,33.550004,90.97
12/19/2023,34.449997,91.58
12/20/2023,34.100007,89.63
12/21/2023,34.110001,90.48
12/22/2023,34.360001,90.78
12/26/2023,34.630005,91.47
12/27/2023,34.759995,91.95
12/28/2023,35.100007,92.46
12/29/2023,34.770005,91.41
